NOMBRE REGIÓN  RESIDENCIA HABITUAL ACTUAL,NOMBRE COMUNA RESIDENCIA HABITUAL ACTUAL,GRUPO DE EDAD,TOTAL POBLACIÓN NACIDA FUERA DEL PAÍS
Total General,Total General,Total Gral,784685
Total General,Total General,0 a 4,19373
Total General,Total General,5 a 9,30628
Total General,Total General,10 a 14,31309
Total General,Total General,15 a 19,38998
Total General,Total General,20 a 24,89163
Total General,Total General,25 a 29,129441
Total General,Total General,30 a 34,119610
Total General,Total General,35 a 39,97905
Total General,Total General,40 a 44,71527
Total General,Total General,45 a 49,49746
Total General,Total General,50 a 54,35948
Total General,Total General,55 a 59,24312
Total General,Total General,60 a 64,16201
Total General,Total General,65 a 69,10719
Total General,Total General,70 a 74,7271
Total General,Total General,75 a 79,4734
Total General,Total General,80 a 84,3392
Total General,Total General,85 a 89,2433
Total General,Total General,90 a 94,1333
Total General,Total General,95 a 99,431
Total General,Total General,100 o más,211
ARICA Y PARINACOTA,ARICA,Total Comuna,17561
ARICA Y PARINACOTA,ARICA,0 a 4,398
ARICA Y PARINACOTA,ARICA,5 a 9,705
ARICA Y PARINACOTA,ARICA,10 a 14,799
ARICA Y PARINACOTA,ARICA,15 a 19,958
ARICA Y PARINACOTA,ARICA,20 a 24,1691
ARICA Y PARINACOTA,ARICA,25 a 29,2213
ARICA Y PARINACOTA,ARICA,30 a 34,2326
ARICA Y PARINACOTA,ARICA,35 a 39,2067
ARICA Y PARINACOTA,ARICA,40 a 44,1612
ARICA Y PARINACOTA,ARICA,45 a 49,1208
ARICA Y PARINACOTA,ARICA,50 a 54,914
ARICA Y PARINACOTA,ARICA,55 a 59,674
ARICA Y PARINACOTA,ARICA,60 a 64,516
ARICA Y PARINACOTA,ARICA,65 a 69,484
ARICA Y PARINACOTA,ARICA,70 a 74,436
ARICA Y PARINACOTA,ARICA,75 a 79,283
ARICA Y PARINACOTA,ARICA,80 a 84,146
ARICA Y PARINACOTA,ARICA,85 a 89,86
ARICA Y PARINACOTA,ARICA,90 a 94,28
ARICA Y PARINACOTA,ARICA,95 a 99,10
ARICA Y PARINACOTA,ARICA,100 o más,7
ARICA Y PARINACOTA,CAMARONES,Total Comuna,105
ARICA Y PARINACOTA,CAMARONES,0 a 4,1
ARICA Y PARINACOTA,CAMARONES,5 a 9,3
ARICA Y PARINACOTA,CAMARONES,10 a 14,2
ARICA Y PARINACOTA,CAMARONES,15 a 19,4
ARICA Y PARINACOTA,CAMARONES,20 a 24,14
ARICA Y PARINACOTA,CAMARONES,25 a 29,10
ARICA Y PARINACOTA,CAMARONES,30 a 34,12
ARICA Y PARINACOTA,CAMARONES,35 a 39,9
ARICA Y PARINACOTA,CAMARONES,40 a 44,11
ARICA Y PARINACOTA,CAMARONES,45 a 49,10
ARICA Y PARINACOTA,CAMARONES,50 a 54,9
ARICA Y PARINACOTA,CAMARONES,55 a 59,5
ARICA Y PARINACOTA,CAMARONES,60 a 64,4
ARICA Y PARINACOTA,CAMARONES,65 a 69,5
ARICA Y PARINACOTA,CAMARONES,70 a 74,1
ARICA Y PARINACOTA,CAMARONES,75 a 79,2
ARICA Y PARINACOTA,CAMARONES,80 a 84,1
ARICA Y PARINACOTA,CAMARONES,85 a 89,2
ARICA Y PARINACOTA,CAMARONES,90 a 94,0
ARICA Y PARINACOTA,CAMARONES,95 a 99,0
ARICA Y PARINACOTA,CAMARONES,100 o más,0
ARICA Y PARINACOTA,PUTRE,Total Comuna,259
ARICA Y PARINACOTA,PUTRE,0 a 4,7
ARICA Y PARINACOTA,PUTRE,5 a 9,14
ARICA Y PARINACOTA,PUTRE,10 a 14,16
ARICA Y PARINACOTA,PUTRE,15 a 19,18
ARICA Y PARINACOTA,PUTRE,20 a 24,36
ARICA Y PARINACOTA,PUTRE,25 a 29,25
ARICA Y PARINACOTA,PUTRE,30 a 34,35
ARICA Y PARINACOTA,PUTRE,35 a 39,24
ARICA Y PARINACOTA,PUTRE,40 a 44,32
ARICA Y PARINACOTA,PUTRE,45 a 49,10
ARICA Y PARINACOTA,PUTRE,50 a 54,8
ARICA Y PARINACOTA,PUTRE,55 a 59,10
ARICA Y PARINACOTA,PUTRE,60 a 64,6
ARICA Y PARINACOTA,PUTRE,65 a 69,4
ARICA Y PARINACOTA,PUTRE,70 a 74,4
ARICA Y PARINACOTA,PUTRE,75 a 79,4
ARICA Y PARINACOTA,PUTRE,80 a 84,3
ARICA Y PARINACOTA,PUTRE,85 a 89,2
ARICA Y PARINACOTA,PUTRE,90 a 94,0
ARICA Y PARINACOTA,PUTRE,95 a 99,1
ARICA Y PARINACOTA,PUTRE,100 o más,0
ARICA Y PARINACOTA,GENERAL LAGOS,Total Comuna,85
ARICA Y PARINACOTA,GENERAL LAGOS,0 a 4,7
ARICA Y PARINACOTA,GENERAL LAGOS,5 a 9,4
ARICA Y PARINACOTA,GENERAL LAGOS,10 a 14,7
ARICA Y PARINACOTA,GENERAL LAGOS,15 a 19,4
ARICA Y PARINACOTA,GENERAL LAGOS,20 a 24,5
ARICA Y PARINACOTA,GENERAL LAGOS,25 a 29,5
ARICA Y PARINACOTA,GENERAL LAGOS,30 a 34,8
ARICA Y PARINACOTA,GENERAL LAGOS,35 a 39,13
ARICA Y PARINACOTA,GENERAL LAGOS,40 a 44,10
ARICA Y PARINACOTA,GENERAL LAGOS,45 a 49,3
ARICA Y PARINACOTA,GENERAL LAGOS,50 a 54,4
ARICA Y PARINACOTA,GENERAL LAGOS,55 a 59,4
ARICA Y PARINACOTA,GENERAL LAGOS,60 a 64,6
ARICA Y PARINACOTA,GENERAL LAGOS,65 a 69,4
ARICA Y PARINACOTA,GENERAL LAGOS,70 a 74,1
ARICA Y PARINACOTA,GENERAL LAGOS,75 a 79,0
ARICA Y PARINACOTA,GENERAL LAGOS,80 a 84,0
ARICA Y PARINACOTA,GENERAL LAGOS,85 a 89,0
ARICA Y PARINACOTA,GENERAL LAGOS,90 a 94,0
ARICA Y PARINACOTA,GENERAL LAGOS,95 a 99,0
ARICA Y PARINACOTA,GENERAL LAGOS,100 o más,0
TARAPACÁ,IQUIQUE,Total Comuna,27898
TARAPACÁ,IQUIQUE,0 a 4,699
TARAPACÁ,IQUIQUE,5 a 9,1251
TARAPACÁ,IQUIQUE,10 a 14,1349
TARAPACÁ,IQUIQUE,15 a 19,1512
TARAPACÁ,IQUIQUE,20 a 24,3391
TARAPACÁ,IQUIQUE,25 a 29,4634
TARAPACÁ,IQUIQUE,30 a 34,4118
TARAPACÁ,IQUIQUE,35 a 39,3359
TARAPACÁ,IQUIQUE,40 a 44,2580
TARAPACÁ,IQUIQUE,45 a 49,1894
TARAPACÁ,IQUIQUE,50 a 54,1347
TARAPACÁ,IQUIQUE,55 a 59,780
TARAPACÁ,IQUIQUE,60 a 64,449
TARAPACÁ,IQUIQUE,65 a 69,237
TARAPACÁ,IQUIQUE,70 a 74,132
TARAPACÁ,IQUIQUE,75 a 79,68
TARAPACÁ,IQUIQUE,80 a 84,47
TARAPACÁ,IQUIQUE,85 a 89,23
TARAPACÁ,IQUIQUE,90 a 94,15
TARAPACÁ,IQUIQUE,95 a 99,9
TARAPACÁ,IQUIQUE,100 o más,4
TARAPACÁ,ALTO HOSPICIO,Total Comuna,12461
TARAPACÁ,ALTO HOSPICIO,0 a 4,361
TARAPACÁ,ALTO HOSPICIO,5 a 9,607
TARAPACÁ,ALTO HOSPICIO,10 a 14,738
TARAPACÁ,ALTO HOSPICIO,15 a 19,867
TARAPACÁ,ALTO HOSPICIO,20 a 24,1513
TARAPACÁ,ALTO HOSPICIO,25 a 29,1830
TARAPACÁ,ALTO HOSPICIO,30 a 34,1621
TARAPACÁ,ALTO HOSPICIO,35 a 39,1516
TARAPACÁ,ALTO HOSPICIO,40 a 44,1187
TARAPACÁ,ALTO HOSPICIO,45 a 49,892
TARAPACÁ,ALTO HOSPICIO,50 a 54,561
TARAPACÁ,ALTO HOSPICIO,55 a 59,325
TARAPACÁ,ALTO HOSPICIO,60 a 64,193
TARAPACÁ,ALTO HOSPICIO,65 a 69,118
TARAPACÁ,ALTO HOSPICIO,70 a 74,62
TARAPACÁ,ALTO HOSPICIO,75 a 79,33
TARAPACÁ,ALTO HOSPICIO,80 a 84,21
TARAPACÁ,ALTO HOSPICIO,85 a 89,4
TARAPACÁ,ALTO HOSPICIO,90 a 94,6
TARAPACÁ,ALTO HOSPICIO,95 a 99,2
TARAPACÁ,ALTO HOSPICIO,100 o más,4
TARAPACÁ,POZO ALMONTE,Total Comuna,1721
TARAPACÁ,POZO ALMONTE,0 a 4,56
TARAPACÁ,POZO ALMONTE,5 a 9,105
TARAPACÁ,POZO ALMONTE,10 a 14,107
TARAPACÁ,POZO ALMONTE,15 a 19,112
TARAPACÁ,POZO ALMONTE,20 a 24,199
TARAPACÁ,POZO ALMONTE,25 a 29,244
TARAPACÁ,POZO ALMONTE,30 a 34,260
TARAPACÁ,POZO ALMONTE,35 a 39,179
TARAPACÁ,POZO ALMONTE,40 a 44,175
TARAPACÁ,POZO ALMONTE,45 a 49,97
TARAPACÁ,POZO ALMONTE,50 a 54,72
TARAPACÁ,POZO ALMONTE,55 a 59,32
TARAPACÁ,POZO ALMONTE,60 a 64,35
TARAPACÁ,POZO ALMONTE,65 a 69,19
TARAPACÁ,POZO ALMONTE,70 a 74,13
TARAPACÁ,POZO ALMONTE,75 a 79,11
TARAPACÁ,POZO ALMONTE,80 a 84,1
TARAPACÁ,POZO ALMONTE,85 a 89,3
TARAPACÁ,POZO ALMONTE,90 a 94,1
TARAPACÁ,POZO ALMONTE,95 a 99,0
TARAPACÁ,POZO ALMONTE,100 o más,0
TARAPACÁ,CAMIÑA,Total Comuna,176
TARAPACÁ,CAMIÑA,0 a 4,7
TARAPACÁ,CAMIÑA,5 a 9,4
TARAPACÁ,CAMIÑA,10 a 14,4
TARAPACÁ,CAMIÑA,15 a 19,12
TARAPACÁ,CAMIÑA,20 a 24,26
TARAPACÁ,CAMIÑA,25 a 29,31
TARAPACÁ,CAMIÑA,30 a 34,27
TARAPACÁ,CAMIÑA,35 a 39,13
TARAPACÁ,CAMIÑA,40 a 44,12
TARAPACÁ,CAMIÑA,45 a 49,11
TARAPACÁ,CAMIÑA,50 a 54,12
TARAPACÁ,CAMIÑA,55 a 59,4
TARAPACÁ,CAMIÑA,60 a 64,3
TARAPACÁ,CAMIÑA,65 a 69,5
TARAPACÁ,CAMIÑA,70 a 74,1
TARAPACÁ,CAMIÑA,75 a 79,0
TARAPACÁ,CAMIÑA,80 a 84,1
TARAPACÁ,CAMIÑA,85 a 89,2
TARAPACÁ,CAMIÑA,90 a 94,1
TARAPACÁ,CAMIÑA,95 a 99,0
TARAPACÁ,CAMIÑA,100 o más,0
TARAPACÁ,COLCHANE,Total Comuna,152
TARAPACÁ,COLCHANE,0 a 4,8
TARAPACÁ,COLCHANE,5 a 9,5
TARAPACÁ,COLCHANE,10 a 14,3
TARAPACÁ,COLCHANE,15 a 19,17
TARAPACÁ,COLCHANE,20 a 24,17
TARAPACÁ,COLCHANE,25 a 29,19
TARAPACÁ,COLCHANE,30 a 34,17
TARAPACÁ,COLCHANE,35 a 39,23
TARAPACÁ,COLCHANE,40 a 44,11
TARAPACÁ,COLCHANE,45 a 49,9
TARAPACÁ,COLCHANE,50 a 54,11
TARAPACÁ,COLCHANE,55 a 59,2
TARAPACÁ,COLCHANE,60 a 64,6
TARAPACÁ,COLCHANE,65 a 69,2
TARAPACÁ,COLCHANE,70 a 74,1
TARAPACÁ,COLCHANE,75 a 79,1
TARAPACÁ,COLCHANE,80 a 84,0
TARAPACÁ,COLCHANE,85 a 89,0
TARAPACÁ,COLCHANE,90 a 94,0
TARAPACÁ,COLCHANE,95 a 99,0
TARAPACÁ,COLCHANE,100 o más,0
TARAPACÁ,HUARA,Total Comuna,392
TARAPACÁ,HUARA,0 a 4,10
TARAPACÁ,HUARA,5 a 9,8
TARAPACÁ,HUARA,10 a 14,12
TARAPACÁ,HUARA,15 a 19,35
TARAPACÁ,HUARA,20 a 24,55
TARAPACÁ,HUARA,25 a 29,67
TARAPACÁ,HUARA,30 a 34,58
TARAPACÁ,HUARA,35 a 39,60
TARAPACÁ,HUARA,40 a 44,27
TARAPACÁ,HUARA,45 a 49,18
TARAPACÁ,HUARA,50 a 54,14
TARAPACÁ,HUARA,55 a 59,6
TARAPACÁ,HUARA,60 a 64,7
TARAPACÁ,HUARA,65 a 69,2
TARAPACÁ,HUARA,70 a 74,6
TARAPACÁ,HUARA,75 a 79,4
TARAPACÁ,HUARA,80 a 84,0
TARAPACÁ,HUARA,85 a 89,3
TARAPACÁ,HUARA,90 a 94,0
TARAPACÁ,HUARA,95 a 99,0
TARAPACÁ,HUARA,100 o más,0
TARAPACÁ,PICA,Total Comuna,839
TARAPACÁ,PICA,0 a 4,35
TARAPACÁ,PICA,5 a 9,59
TARAPACÁ,PICA,10 a 14,36
TARAPACÁ,PICA,15 a 19,40
TARAPACÁ,PICA,20 a 24,96
TARAPACÁ,PICA,25 a 29,128
TARAPACÁ,PICA,30 a 34,101
TARAPACÁ,PICA,35 a 39,79
TARAPACÁ,PICA,40 a 44,66
TARAPACÁ,PICA,45 a 49,51
TARAPACÁ,PICA,50 a 54,31
TARAPACÁ,PICA,55 a 59,26
TARAPACÁ,PICA,60 a 64,20
TARAPACÁ,PICA,65 a 69,20
TARAPACÁ,PICA,70 a 74,20
TARAPACÁ,PICA,75 a 79,8
TARAPACÁ,PICA,80 a 84,11
TARAPACÁ,PICA,85 a 89,8
TARAPACÁ,PICA,90 a 94,3
TARAPACÁ,PICA,95 a 99,0
TARAPACÁ,PICA,100 o más,1
ANTOFAGASTA,ANTOFAGASTA,Total Comuna,37757
ANTOFAGASTA,ANTOFAGASTA,0 a 4,969
ANTOFAGASTA,ANTOFAGASTA,5 a 9,1760
ANTOFAGASTA,ANTOFAGASTA,10 a 14,2045
ANTOFAGASTA,ANTOFAGASTA,15 a 19,2353
ANTOFAGASTA,ANTOFAGASTA,20 a 24,4895
ANTOFAGASTA,ANTOFAGASTA,25 a 29,5870
ANTOFAGASTA,ANTOFAGASTA,30 a 34,5413
ANTOFAGASTA,ANTOFAGASTA,35 a 39,4691
ANTOFAGASTA,ANTOFAGASTA,40 a 44,3468
ANTOFAGASTA,ANTOFAGASTA,45 a 49,2550
ANTOFAGASTA,ANTOFAGASTA,50 a 54,1678
ANTOFAGASTA,ANTOFAGASTA,55 a 59,998
ANTOFAGASTA,ANTOFAGASTA,60 a 64,496
ANTOFAGASTA,ANTOFAGASTA,65 a 69,251
ANTOFAGASTA,ANTOFAGASTA,70 a 74,108
ANTOFAGASTA,ANTOFAGASTA,75 a 79,73
ANTOFAGASTA,ANTOFAGASTA,80 a 84,63
ANTOFAGASTA,ANTOFAGASTA,85 a 89,41
ANTOFAGASTA,ANTOFAGASTA,90 a 94,20
ANTOFAGASTA,ANTOFAGASTA,95 a 99,9
ANTOFAGASTA,ANTOFAGASTA,100 o más,6
ANTOFAGASTA,MEJILLONES,Total Comuna,1855
ANTOFAGASTA,MEJILLONES,0 a 4,65
ANTOFAGASTA,MEJILLONES,5 a 9,135
ANTOFAGASTA,MEJILLONES,10 a 14,138
ANTOFAGASTA,MEJILLONES,15 a 19,131
ANTOFAGASTA,MEJILLONES,20 a 24,281
ANTOFAGASTA,MEJILLONES,25 a 29,303
ANTOFAGASTA,MEJILLONES,30 a 34,237
ANTOFAGASTA,MEJILLONES,35 a 39,202
ANTOFAGASTA,MEJILLONES,40 a 44,139
ANTOFAGASTA,MEJILLONES,45 a 49,101
ANTOFAGASTA,MEJILLONES,50 a 54,50
ANTOFAGASTA,MEJILLONES,55 a 59,30
ANTOFAGASTA,MEJILLONES,60 a 64,22
ANTOFAGASTA,MEJILLONES,65 a 69,11
ANTOFAGASTA,MEJILLONES,70 a 74,5
ANTOFAGASTA,MEJILLONES,75 a 79,2
ANTOFAGASTA,MEJILLONES,80 a 84,2
ANTOFAGASTA,MEJILLONES,85 a 89,1
ANTOFAGASTA,MEJILLONES,90 a 94,0
ANTOFAGASTA,MEJILLONES,95 a 99,0
ANTOFAGASTA,MEJILLONES,100 o más,0
ANTOFAGASTA,SIERRA GORDA,Total Comuna,242
ANTOFAGASTA,SIERRA GORDA,0 a 4,17
ANTOFAGASTA,SIERRA GORDA,5 a 9,22
ANTOFAGASTA,SIERRA GORDA,10 a 14,14
ANTOFAGASTA,SIERRA GORDA,15 a 19,15
ANTOFAGASTA,SIERRA GORDA,20 a 24,30
ANTOFAGASTA,SIERRA GORDA,25 a 29,34
ANTOFAGASTA,SIERRA GORDA,30 a 34,30
ANTOFAGASTA,SIERRA GORDA,35 a 39,28
ANTOFAGASTA,SIERRA GORDA,40 a 44,21
ANTOFAGASTA,SIERRA GORDA,45 a 49,16
ANTOFAGASTA,SIERRA GORDA,50 a 54,5
ANTOFAGASTA,SIERRA GORDA,55 a 59,8
ANTOFAGASTA,SIERRA GORDA,60 a 64,1
ANTOFAGASTA,SIERRA GORDA,65 a 69,0
ANTOFAGASTA,SIERRA GORDA,70 a 74,0
ANTOFAGASTA,SIERRA GORDA,75 a 79,1
ANTOFAGASTA,SIERRA GORDA,80 a 84,0
ANTOFAGASTA,SIERRA GORDA,85 a 89,0
ANTOFAGASTA,SIERRA GORDA,90 a 94,0
ANTOFAGASTA,SIERRA GORDA,95 a 99,0
ANTOFAGASTA,SIERRA GORDA,100 o más,0
ANTOFAGASTA,TALTAL,Total Comuna,397
ANTOFAGASTA,TALTAL,0 a 4,11
ANTOFAGASTA,TALTAL,5 a 9,22
ANTOFAGASTA,TALTAL,10 a 14,21
ANTOFAGASTA,TALTAL,15 a 19,19
ANTOFAGASTA,TALTAL,20 a 24,49
ANTOFAGASTA,TALTAL,25 a 29,57
ANTOFAGASTA,TALTAL,30 a 34,46
ANTOFAGASTA,TALTAL,35 a 39,60
ANTOFAGASTA,TALTAL,40 a 44,33
ANTOFAGASTA,TALTAL,45 a 49,33
ANTOFAGASTA,TALTAL,50 a 54,17
ANTOFAGASTA,TALTAL,55 a 59,15
ANTOFAGASTA,TALTAL,60 a 64,7
ANTOFAGASTA,TALTAL,65 a 69,2
ANTOFAGASTA,TALTAL,70 a 74,1
ANTOFAGASTA,TALTAL,75 a 79,1
ANTOFAGASTA,TALTAL,80 a 84,1
ANTOFAGASTA,TALTAL,85 a 89,1
ANTOFAGASTA,TALTAL,90 a 94,1
ANTOFAGASTA,TALTAL,95 a 99,0
ANTOFAGASTA,TALTAL,100 o más,0
ANTOFAGASTA,CALAMA,Total Comuna,19113
ANTOFAGASTA,CALAMA,0 a 4,505
ANTOFAGASTA,CALAMA,5 a 9,1057
ANTOFAGASTA,CALAMA,10 a 14,1074
ANTOFAGASTA,CALAMA,15 a 19,1162
ANTOFAGASTA,CALAMA,20 a 24,2378
ANTOFAGASTA,CALAMA,25 a 29,3114
ANTOFAGASTA,CALAMA,30 a 34,2747
ANTOFAGASTA,CALAMA,35 a 39,2262
ANTOFAGASTA,CALAMA,40 a 44,1675
ANTOFAGASTA,CALAMA,45 a 49,1224
ANTOFAGASTA,CALAMA,50 a 54,780
ANTOFAGASTA,CALAMA,55 a 59,456
ANTOFAGASTA,CALAMA,60 a 64,267
ANTOFAGASTA,CALAMA,65 a 69,156
ANTOFAGASTA,CALAMA,70 a 74,119
ANTOFAGASTA,CALAMA,75 a 79,42
ANTOFAGASTA,CALAMA,80 a 84,43
ANTOFAGASTA,CALAMA,85 a 89,30
ANTOFAGASTA,CALAMA,90 a 94,18
ANTOFAGASTA,CALAMA,95 a 99,3
ANTOFAGASTA,CALAMA,100 o más,1
ANTOFAGASTA,OLLAGÜE,Total Comuna,74
ANTOFAGASTA,OLLAGÜE,0 a 4,0
ANTOFAGASTA,OLLAGÜE,5 a 9,1
ANTOFAGASTA,OLLAGÜE,10 a 14,3
ANTOFAGASTA,OLLAGÜE,15 a 19,2
ANTOFAGASTA,OLLAGÜE,20 a 24,6
ANTOFAGASTA,OLLAGÜE,25 a 29,14
ANTOFAGASTA,OLLAGÜE,30 a 34,8
ANTOFAGASTA,OLLAGÜE,35 a 39,7
ANTOFAGASTA,OLLAGÜE,40 a 44,9
ANTOFAGASTA,OLLAGÜE,45 a 49,5
ANTOFAGASTA,OLLAGÜE,50 a 54,1
ANTOFAGASTA,OLLAGÜE,55 a 59,4
ANTOFAGASTA,OLLAGÜE,60 a 64,2
ANTOFAGASTA,OLLAGÜE,65 a 69,5
ANTOFAGASTA,OLLAGÜE,70 a 74,5
ANTOFAGASTA,OLLAGÜE,75 a 79,1
ANTOFAGASTA,OLLAGÜE,80 a 84,1
ANTOFAGASTA,OLLAGÜE,85 a 89,0
ANTOFAGASTA,OLLAGÜE,90 a 94,0
ANTOFAGASTA,OLLAGÜE,95 a 99,0
ANTOFAGASTA,OLLAGÜE,100 o más,0
ANTOFAGASTA,SAN PEDRO DE ATACAMA,Total Comuna,1534
ANTOFAGASTA,SAN PEDRO DE ATACAMA,0 a 4,37
ANTOFAGASTA,SAN PEDRO DE ATACAMA,5 a 9,60
ANTOFAGASTA,SAN PEDRO DE ATACAMA,10 a 14,58
ANTOFAGASTA,SAN PEDRO DE ATACAMA,15 a 19,76
ANTOFAGASTA,SAN PEDRO DE ATACAMA,20 a 24,205
ANTOFAGASTA,SAN PEDRO DE ATACAMA,25 a 29,304
ANTOFAGASTA,SAN PEDRO DE ATACAMA,30 a 34,215
ANTOFAGASTA,SAN PEDRO DE ATACAMA,35 a 39,200
ANTOFAGASTA,SAN PEDRO DE ATACAMA,40 a 44,113
ANTOFAGASTA,SAN PEDRO DE ATACAMA,45 a 49,101
ANTOFAGASTA,SAN PEDRO DE ATACAMA,50 a 54,70
ANTOFAGASTA,SAN PEDRO DE ATACAMA,55 a 59,43
ANTOFAGASTA,SAN PEDRO DE ATACAMA,60 a 64,26
ANTOFAGASTA,SAN PEDRO DE ATACAMA,65 a 69,13
ANTOFAGASTA,SAN PEDRO DE ATACAMA,70 a 74,6
ANTOFAGASTA,SAN PEDRO DE ATACAMA,75 a 79,1
ANTOFAGASTA,SAN PEDRO DE ATACAMA,80 a 84,4
ANTOFAGASTA,SAN PEDRO DE ATACAMA,85 a 89,1
ANTOFAGASTA,SAN PEDRO DE ATACAMA,90 a 94,1
ANTOFAGASTA,SAN PEDRO DE ATACAMA,95 a 99,0
ANTOFAGASTA,SAN PEDRO DE ATACAMA,100 o más,0
ANTOFAGASTA,TOCOPILLA,Total Comuna,1333
ANTOFAGASTA,TOCOPILLA,0 a 4,32
ANTOFAGASTA,TOCOPILLA,5 a 9,85
ANTOFAGASTA,TOCOPILLA,10 a 14,110
ANTOFAGASTA,TOCOPILLA,15 a 19,100
ANTOFAGASTA,TOCOPILLA,20 a 24,162
ANTOFAGASTA,TOCOPILLA,25 a 29,229
ANTOFAGASTA,TOCOPILLA,30 a 34,204
ANTOFAGASTA,TOCOPILLA,35 a 39,141
ANTOFAGASTA,TOCOPILLA,40 a 44,99
ANTOFAGASTA,TOCOPILLA,45 a 49,65
ANTOFAGASTA,TOCOPILLA,50 a 54,48
ANTOFAGASTA,TOCOPILLA,55 a 59,25
ANTOFAGASTA,TOCOPILLA,60 a 64,15
ANTOFAGASTA,TOCOPILLA,65 a 69,8
ANTOFAGASTA,TOCOPILLA,70 a 74,2
ANTOFAGASTA,TOCOPILLA,75 a 79,2
ANTOFAGASTA,TOCOPILLA,80 a 84,3
ANTOFAGASTA,TOCOPILLA,85 a 89,1
ANTOFAGASTA,TOCOPILLA,90 a 94,1
ANTOFAGASTA,TOCOPILLA,95 a 99,1
ANTOFAGASTA,TOCOPILLA,100 o más,0
ANTOFAGASTA,MARÍA ELENA,Total Comuna,353
ANTOFAGASTA,MARÍA ELENA,0 a 4,11
ANTOFAGASTA,MARÍA ELENA,5 a 9,24
ANTOFAGASTA,MARÍA ELENA,10 a 14,19
ANTOFAGASTA,MARÍA ELENA,15 a 19,23
ANTOFAGASTA,MARÍA ELENA,20 a 24,60
ANTOFAGASTA,MARÍA ELENA,25 a 29,67
ANTOFAGASTA,MARÍA ELENA,30 a 34,51
ANTOFAGASTA,MARÍA ELENA,35 a 39,34
ANTOFAGASTA,MARÍA ELENA,40 a 44,23
ANTOFAGASTA,MARÍA ELENA,45 a 49,15
ANTOFAGASTA,MARÍA ELENA,50 a 54,15
ANTOFAGASTA,MARÍA ELENA,55 a 59,6
ANTOFAGASTA,MARÍA ELENA,60 a 64,2
ANTOFAGASTA,MARÍA ELENA,65 a 69,1
ANTOFAGASTA,MARÍA ELENA,70 a 74,0
ANTOFAGASTA,MARÍA ELENA,75 a 79,1
ANTOFAGASTA,MARÍA ELENA,80 a 84,1
ANTOFAGASTA,MARÍA ELENA,85 a 89,0
ANTOFAGASTA,MARÍA ELENA,90 a 94,0
ANTOFAGASTA,MARÍA ELENA,95 a 99,0
ANTOFAGASTA,MARÍA ELENA,100 o más,0
ATACAMA,COPIAPÓ,Total Comuna,6032
ATACAMA,COPIAPÓ,0 a 4,181
ATACAMA,COPIAPÓ,5 a 9,373
ATACAMA,COPIAPÓ,10 a 14,383
ATACAMA,COPIAPÓ,15 a 19,419
ATACAMA,COPIAPÓ,20 a 24,755
ATACAMA,COPIAPÓ,25 a 29,888
ATACAMA,COPIAPÓ,30 a 34,860
ATACAMA,COPIAPÓ,35 a 39,694
ATACAMA,COPIAPÓ,40 a 44,477
ATACAMA,COPIAPÓ,45 a 49,355
ATACAMA,COPIAPÓ,50 a 54,260
ATACAMA,COPIAPÓ,55 a 59,174
ATACAMA,COPIAPÓ,60 a 64,94
ATACAMA,COPIAPÓ,65 a 69,47
ATACAMA,COPIAPÓ,70 a 74,21
ATACAMA,COPIAPÓ,75 a 79,20
ATACAMA,COPIAPÓ,80 a 84,16
ATACAMA,COPIAPÓ,85 a 89,6
ATACAMA,COPIAPÓ,90 a 94,9
ATACAMA,COPIAPÓ,95 a 99,0
ATACAMA,COPIAPÓ,100 o más,0
ATACAMA,CALDERA,Total Comuna,463
ATACAMA,CALDERA,0 a 4,5
ATACAMA,CALDERA,5 a 9,23
ATACAMA,CALDERA,10 a 14,26
ATACAMA,CALDERA,15 a 19,42
ATACAMA,CALDERA,20 a 24,40
ATACAMA,CALDERA,25 a 29,63
ATACAMA,CALDERA,30 a 34,67
ATACAMA,CALDERA,35 a 39,71
ATACAMA,CALDERA,40 a 44,45
ATACAMA,CALDERA,45 a 49,28
ATACAMA,CALDERA,50 a 54,18
ATACAMA,CALDERA,55 a 59,15
ATACAMA,CALDERA,60 a 64,7
ATACAMA,CALDERA,65 a 69,7
ATACAMA,CALDERA,70 a 74,2
ATACAMA,CALDERA,75 a 79,2
ATACAMA,CALDERA,80 a 84,2
ATACAMA,CALDERA,85 a 89,0
ATACAMA,CALDERA,90 a 94,0
ATACAMA,CALDERA,95 a 99,0
ATACAMA,CALDERA,100 o más,0
ATACAMA,TIERRA AMARILLA,Total Comuna,544
ATACAMA,TIERRA AMARILLA,0 a 4,10
ATACAMA,TIERRA AMARILLA,5 a 9,21
ATACAMA,TIERRA AMARILLA,10 a 14,19
ATACAMA,TIERRA AMARILLA,15 a 19,30
ATACAMA,TIERRA AMARILLA,20 a 24,103
ATACAMA,TIERRA AMARILLA,25 a 29,90
ATACAMA,TIERRA AMARILLA,30 a 34,81
ATACAMA,TIERRA AMARILLA,35 a 39,76
ATACAMA,TIERRA AMARILLA,40 a 44,34
ATACAMA,TIERRA AMARILLA,45 a 49,30
ATACAMA,TIERRA AMARILLA,50 a 54,19
ATACAMA,TIERRA AMARILLA,55 a 59,17
ATACAMA,TIERRA AMARILLA,60 a 64,7
ATACAMA,TIERRA AMARILLA,65 a 69,1
ATACAMA,TIERRA AMARILLA,70 a 74,2
ATACAMA,TIERRA AMARILLA,75 a 79,0
ATACAMA,TIERRA AMARILLA,80 a 84,1
ATACAMA,TIERRA AMARILLA,85 a 89,3
ATACAMA,TIERRA AMARILLA,90 a 94,0
ATACAMA,TIERRA AMARILLA,95 a 99,0
ATACAMA,TIERRA AMARILLA,100 o más,0
ATACAMA,CHAÑARAL,Total Comuna,156
ATACAMA,CHAÑARAL,0 a 4,5
ATACAMA,CHAÑARAL,5 a 9,7
ATACAMA,CHAÑARAL,10 a 14,9
ATACAMA,CHAÑARAL,15 a 19,6
ATACAMA,CHAÑARAL,20 a 24,23
ATACAMA,CHAÑARAL,25 a 29,33
ATACAMA,CHAÑARAL,30 a 34,21
ATACAMA,CHAÑARAL,35 a 39,18
ATACAMA,CHAÑARAL,40 a 44,6
ATACAMA,CHAÑARAL,45 a 49,11
ATACAMA,CHAÑARAL,50 a 54,7
ATACAMA,CHAÑARAL,55 a 59,3
ATACAMA,CHAÑARAL,60 a 64,2
ATACAMA,CHAÑARAL,65 a 69,1
ATACAMA,CHAÑARAL,70 a 74,1
ATACAMA,CHAÑARAL,75 a 79,2
ATACAMA,CHAÑARAL,80 a 84,0
ATACAMA,CHAÑARAL,85 a 89,0
ATACAMA,CHAÑARAL,90 a 94,0
ATACAMA,CHAÑARAL,95 a 99,0
ATACAMA,CHAÑARAL,100 o más,1
ATACAMA,DIEGO DE ALMAGRO,Total Comuna,376
ATACAMA,DIEGO DE ALMAGRO,0 a 4,10
ATACAMA,DIEGO DE ALMAGRO,5 a 9,18
ATACAMA,DIEGO DE ALMAGRO,10 a 14,24
ATACAMA,DIEGO DE ALMAGRO,15 a 19,17
ATACAMA,DIEGO DE ALMAGRO,20 a 24,49
ATACAMA,DIEGO DE ALMAGRO,25 a 29,46
ATACAMA,DIEGO DE ALMAGRO,30 a 34,68
ATACAMA,DIEGO DE ALMAGRO,35 a 39,54
ATACAMA,DIEGO DE ALMAGRO,40 a 44,40
ATACAMA,DIEGO DE ALMAGRO,45 a 49,18
ATACAMA,DIEGO DE ALMAGRO,50 a 54,15
ATACAMA,DIEGO DE ALMAGRO,55 a 59,3
ATACAMA,DIEGO DE ALMAGRO,60 a 64,6
ATACAMA,DIEGO DE ALMAGRO,65 a 69,3
ATACAMA,DIEGO DE ALMAGRO,70 a 74,3
ATACAMA,DIEGO DE ALMAGRO,75 a 79,1
ATACAMA,DIEGO DE ALMAGRO,80 a 84,0
ATACAMA,DIEGO DE ALMAGRO,85 a 89,1
ATACAMA,DIEGO DE ALMAGRO,90 a 94,0
ATACAMA,DIEGO DE ALMAGRO,95 a 99,0
ATACAMA,DIEGO DE ALMAGRO,100 o más,0
ATACAMA,VALLENAR,Total Comuna,925
ATACAMA,VALLENAR,0 a 4,34
ATACAMA,VALLENAR,5 a 9,46
ATACAMA,VALLENAR,10 a 14,25
ATACAMA,VALLENAR,15 a 19,48
ATACAMA,VALLENAR,20 a 24,106
ATACAMA,VALLENAR,25 a 29,189
ATACAMA,VALLENAR,30 a 34,137
ATACAMA,VALLENAR,35 a 39,114
ATACAMA,VALLENAR,40 a 44,65
ATACAMA,VALLENAR,45 a 49,57
ATACAMA,VALLENAR,50 a 54,31
ATACAMA,VALLENAR,55 a 59,27
ATACAMA,VALLENAR,60 a 64,15
ATACAMA,VALLENAR,65 a 69,12
ATACAMA,VALLENAR,70 a 74,5
ATACAMA,VALLENAR,75 a 79,4
ATACAMA,VALLENAR,80 a 84,3
ATACAMA,VALLENAR,85 a 89,3
ATACAMA,VALLENAR,90 a 94,0
ATACAMA,VALLENAR,95 a 99,2
ATACAMA,VALLENAR,100 o más,2
ATACAMA,ALTO DEL CARMEN,Total Comuna,77
ATACAMA,ALTO DEL CARMEN,0 a 4,0
ATACAMA,ALTO DEL CARMEN,5 a 9,2
ATACAMA,ALTO DEL CARMEN,10 a 14,0
ATACAMA,ALTO DEL CARMEN,15 a 19,0
ATACAMA,ALTO DEL CARMEN,20 a 24,11
ATACAMA,ALTO DEL CARMEN,25 a 29,12
ATACAMA,ALTO DEL CARMEN,30 a 34,21
ATACAMA,ALTO DEL CARMEN,35 a 39,14
ATACAMA,ALTO DEL CARMEN,40 a 44,6
ATACAMA,ALTO DEL CARMEN,45 a 49,5
ATACAMA,ALTO DEL CARMEN,50 a 54,1
ATACAMA,ALTO DEL CARMEN,55 a 59,1
ATACAMA,ALTO DEL CARMEN,60 a 64,1
ATACAMA,ALTO DEL CARMEN,65 a 69,1
ATACAMA,ALTO DEL CARMEN,70 a 74,1
ATACAMA,ALTO DEL CARMEN,75 a 79,1
ATACAMA,ALTO DEL CARMEN,80 a 84,0
ATACAMA,ALTO DEL CARMEN,85 a 89,0
ATACAMA,ALTO DEL CARMEN,90 a 94,0
ATACAMA,ALTO DEL CARMEN,95 a 99,0
ATACAMA,ALTO DEL CARMEN,100 o más,0
ATACAMA,FREIRINA,Total Comuna,41
ATACAMA,FREIRINA,0 a 4,3
ATACAMA,FREIRINA,5 a 9,2
ATACAMA,FREIRINA,10 a 14,0
ATACAMA,FREIRINA,15 a 19,4
ATACAMA,FREIRINA,20 a 24,1
ATACAMA,FREIRINA,25 a 29,5
ATACAMA,FREIRINA,30 a 34,5
ATACAMA,FREIRINA,35 a 39,7
ATACAMA,FREIRINA,40 a 44,4
ATACAMA,FREIRINA,45 a 49,4
ATACAMA,FREIRINA,50 a 54,1
ATACAMA,FREIRINA,55 a 59,2
ATACAMA,FREIRINA,60 a 64,1
ATACAMA,FREIRINA,65 a 69,1
ATACAMA,FREIRINA,70 a 74,0
ATACAMA,FREIRINA,75 a 79,1
ATACAMA,FREIRINA,80 a 84,0
ATACAMA,FREIRINA,85 a 89,0
ATACAMA,FREIRINA,90 a 94,0
ATACAMA,FREIRINA,95 a 99,0
ATACAMA,FREIRINA,100 o más,0
ATACAMA,HUASCO,Total Comuna,181
ATACAMA,HUASCO,0 a 4,7
ATACAMA,HUASCO,5 a 9,13
ATACAMA,HUASCO,10 a 14,10
ATACAMA,HUASCO,15 a 19,20
ATACAMA,HUASCO,20 a 24,23
ATACAMA,HUASCO,25 a 29,28
ATACAMA,HUASCO,30 a 34,18
ATACAMA,HUASCO,35 a 39,24
ATACAMA,HUASCO,40 a 44,8
ATACAMA,HUASCO,45 a 49,12
ATACAMA,HUASCO,50 a 54,10
ATACAMA,HUASCO,55 a 59,6
ATACAMA,HUASCO,60 a 64,1
ATACAMA,HUASCO,65 a 69,0
ATACAMA,HUASCO,70 a 74,0
ATACAMA,HUASCO,75 a 79,1
ATACAMA,HUASCO,80 a 84,0
ATACAMA,HUASCO,85 a 89,0
ATACAMA,HUASCO,90 a 94,0
ATACAMA,HUASCO,95 a 99,0
ATACAMA,HUASCO,100 o más,0
COQUIMBO,LA SERENA,Total Comuna,5489
COQUIMBO,LA SERENA,0 a 4,114
COQUIMBO,LA SERENA,5 a 9,273
COQUIMBO,LA SERENA,10 a 14,289
COQUIMBO,LA SERENA,15 a 19,306
COQUIMBO,LA SERENA,20 a 24,498
COQUIMBO,LA SERENA,25 a 29,797
COQUIMBO,LA SERENA,30 a 34,765
COQUIMBO,LA SERENA,35 a 39,695
COQUIMBO,LA SERENA,40 a 44,516
COQUIMBO,LA SERENA,45 a 49,357
COQUIMBO,LA SERENA,50 a 54,286
COQUIMBO,LA SERENA,55 a 59,173
COQUIMBO,LA SERENA,60 a 64,124
COQUIMBO,LA SERENA,65 a 69,104
COQUIMBO,LA SERENA,70 a 74,66
COQUIMBO,LA SERENA,75 a 79,52
COQUIMBO,LA SERENA,80 a 84,38
COQUIMBO,LA SERENA,85 a 89,25
COQUIMBO,LA SERENA,90 a 94,9
COQUIMBO,LA SERENA,95 a 99,2
COQUIMBO,LA SERENA,100 o más,0
COQUIMBO,COQUIMBO,Total Comuna,5445
COQUIMBO,COQUIMBO,0 a 4,112
COQUIMBO,COQUIMBO,5 a 9,263
COQUIMBO,COQUIMBO,10 a 14,304
COQUIMBO,COQUIMBO,15 a 19,309
COQUIMBO,COQUIMBO,20 a 24,660
COQUIMBO,COQUIMBO,25 a 29,839
COQUIMBO,COQUIMBO,30 a 34,825
COQUIMBO,COQUIMBO,35 a 39,700
COQUIMBO,COQUIMBO,40 a 44,471
COQUIMBO,COQUIMBO,45 a 49,307
COQUIMBO,COQUIMBO,50 a 54,219
COQUIMBO,COQUIMBO,55 a 59,149
COQUIMBO,COQUIMBO,60 a 64,80
COQUIMBO,COQUIMBO,65 a 69,71
COQUIMBO,COQUIMBO,70 a 74,55
COQUIMBO,COQUIMBO,75 a 79,28
COQUIMBO,COQUIMBO,80 a 84,30
COQUIMBO,COQUIMBO,85 a 89,13
COQUIMBO,COQUIMBO,90 a 94,7
COQUIMBO,COQUIMBO,95 a 99,2
COQUIMBO,COQUIMBO,100 o más,1
COQUIMBO,ANDACOLLO,Total Comuna,52
COQUIMBO,ANDACOLLO,0 a 4,0
COQUIMBO,ANDACOLLO,5 a 9,0
COQUIMBO,ANDACOLLO,10 a 14,2
COQUIMBO,ANDACOLLO,15 a 19,5
COQUIMBO,ANDACOLLO,20 a 24,4
COQUIMBO,ANDACOLLO,25 a 29,3
COQUIMBO,ANDACOLLO,30 a 34,7
COQUIMBO,ANDACOLLO,35 a 39,11
COQUIMBO,ANDACOLLO,40 a 44,5
COQUIMBO,ANDACOLLO,45 a 49,3
COQUIMBO,ANDACOLLO,50 a 54,2
COQUIMBO,ANDACOLLO,55 a 59,4
COQUIMBO,ANDACOLLO,60 a 64,0
COQUIMBO,ANDACOLLO,65 a 69,2
COQUIMBO,ANDACOLLO,70 a 74,2
COQUIMBO,ANDACOLLO,75 a 79,0
COQUIMBO,ANDACOLLO,80 a 84,2
COQUIMBO,ANDACOLLO,85 a 89,0
COQUIMBO,ANDACOLLO,90 a 94,0
COQUIMBO,ANDACOLLO,95 a 99,0
COQUIMBO,ANDACOLLO,100 o más,0
COQUIMBO,LA HIGUERA,Total Comuna,43
COQUIMBO,LA HIGUERA,0 a 4,1
COQUIMBO,LA HIGUERA,5 a 9,0
COQUIMBO,LA HIGUERA,10 a 14,2
COQUIMBO,LA HIGUERA,15 a 19,3
COQUIMBO,LA HIGUERA,20 a 24,4
COQUIMBO,LA HIGUERA,25 a 29,3
COQUIMBO,LA HIGUERA,30 a 34,3
COQUIMBO,LA HIGUERA,35 a 39,6
COQUIMBO,LA HIGUERA,40 a 44,4
COQUIMBO,LA HIGUERA,45 a 49,4
COQUIMBO,LA HIGUERA,50 a 54,5
COQUIMBO,LA HIGUERA,55 a 59,3
COQUIMBO,LA HIGUERA,60 a 64,4
COQUIMBO,LA HIGUERA,65 a 69,0
COQUIMBO,LA HIGUERA,70 a 74,1
COQUIMBO,LA HIGUERA,75 a 79,0
COQUIMBO,LA HIGUERA,80 a 84,0
COQUIMBO,LA HIGUERA,85 a 89,0
COQUIMBO,LA HIGUERA,90 a 94,0
COQUIMBO,LA HIGUERA,95 a 99,0
COQUIMBO,LA HIGUERA,100 o más,0
COQUIMBO,PAIGUANO,Total Comuna,72
COQUIMBO,PAIGUANO,0 a 4,2
COQUIMBO,PAIGUANO,5 a 9,3
COQUIMBO,PAIGUANO,10 a 14,5
COQUIMBO,PAIGUANO,15 a 19,4
COQUIMBO,PAIGUANO,20 a 24,5
COQUIMBO,PAIGUANO,25 a 29,5
COQUIMBO,PAIGUANO,30 a 34,7
COQUIMBO,PAIGUANO,35 a 39,7
COQUIMBO,PAIGUANO,40 a 44,8
COQUIMBO,PAIGUANO,45 a 49,4
COQUIMBO,PAIGUANO,50 a 54,4
COQUIMBO,PAIGUANO,55 a 59,4
COQUIMBO,PAIGUANO,60 a 64,7
COQUIMBO,PAIGUANO,65 a 69,2
COQUIMBO,PAIGUANO,70 a 74,1
COQUIMBO,PAIGUANO,75 a 79,1
COQUIMBO,PAIGUANO,80 a 84,1
COQUIMBO,PAIGUANO,85 a 89,2
COQUIMBO,PAIGUANO,90 a 94,0
COQUIMBO,PAIGUANO,95 a 99,0
COQUIMBO,PAIGUANO,100 o más,0
COQUIMBO,VICUÑA,Total Comuna,466
COQUIMBO,VICUÑA,0 a 4,18
COQUIMBO,VICUÑA,5 a 9,19
COQUIMBO,VICUÑA,10 a 14,15
COQUIMBO,VICUÑA,15 a 19,25
COQUIMBO,VICUÑA,20 a 24,73
COQUIMBO,VICUÑA,25 a 29,62
COQUIMBO,VICUÑA,30 a 34,61
COQUIMBO,VICUÑA,35 a 39,63
COQUIMBO,VICUÑA,40 a 44,34
COQUIMBO,VICUÑA,45 a 49,22
COQUIMBO,VICUÑA,50 a 54,20
COQUIMBO,VICUÑA,55 a 59,17
COQUIMBO,VICUÑA,60 a 64,12
COQUIMBO,VICUÑA,65 a 69,11
COQUIMBO,VICUÑA,70 a 74,5
COQUIMBO,VICUÑA,75 a 79,4
COQUIMBO,VICUÑA,80 a 84,3
COQUIMBO,VICUÑA,85 a 89,2
COQUIMBO,VICUÑA,90 a 94,0
COQUIMBO,VICUÑA,95 a 99,0
COQUIMBO,VICUÑA,100 o más,0
COQUIMBO,ILLAPEL,Total Comuna,332
COQUIMBO,ILLAPEL,0 a 4,9
COQUIMBO,ILLAPEL,5 a 9,17
COQUIMBO,ILLAPEL,10 a 14,17
COQUIMBO,ILLAPEL,15 a 19,16
COQUIMBO,ILLAPEL,20 a 24,38
COQUIMBO,ILLAPEL,25 a 29,37
COQUIMBO,ILLAPEL,30 a 34,50
COQUIMBO,ILLAPEL,35 a 39,55
COQUIMBO,ILLAPEL,40 a 44,27
COQUIMBO,ILLAPEL,45 a 49,23
COQUIMBO,ILLAPEL,50 a 54,10
COQUIMBO,ILLAPEL,55 a 59,6
COQUIMBO,ILLAPEL,60 a 64,8
COQUIMBO,ILLAPEL,65 a 69,5
COQUIMBO,ILLAPEL,70 a 74,6
COQUIMBO,ILLAPEL,75 a 79,3
COQUIMBO,ILLAPEL,80 a 84,2
COQUIMBO,ILLAPEL,85 a 89,2
COQUIMBO,ILLAPEL,90 a 94,1
COQUIMBO,ILLAPEL,95 a 99,0
COQUIMBO,ILLAPEL,100 o más,0
COQUIMBO,CANELA,Total Comuna,33
COQUIMBO,CANELA,0 a 4,0
COQUIMBO,CANELA,5 a 9,1
COQUIMBO,CANELA,10 a 14,0
COQUIMBO,CANELA,15 a 19,0
COQUIMBO,CANELA,20 a 24,2
COQUIMBO,CANELA,25 a 29,5
COQUIMBO,CANELA,30 a 34,6
COQUIMBO,CANELA,35 a 39,5
COQUIMBO,CANELA,40 a 44,4
COQUIMBO,CANELA,45 a 49,3
COQUIMBO,CANELA,50 a 54,2
COQUIMBO,CANELA,55 a 59,2
COQUIMBO,CANELA,60 a 64,0
COQUIMBO,CANELA,65 a 69,1
COQUIMBO,CANELA,70 a 74,1
COQUIMBO,CANELA,75 a 79,0
COQUIMBO,CANELA,80 a 84,0
COQUIMBO,CANELA,85 a 89,1
COQUIMBO,CANELA,90 a 94,0
COQUIMBO,CANELA,95 a 99,0
COQUIMBO,CANELA,100 o más,0
COQUIMBO,LOS VILOS,Total Comuna,606
COQUIMBO,LOS VILOS,0 a 4,9
COQUIMBO,LOS VILOS,5 a 9,10
COQUIMBO,LOS VILOS,10 a 14,13
COQUIMBO,LOS VILOS,15 a 19,26
COQUIMBO,LOS VILOS,20 a 24,132
COQUIMBO,LOS VILOS,25 a 29,130
COQUIMBO,LOS VILOS,30 a 34,92
COQUIMBO,LOS VILOS,35 a 39,69
COQUIMBO,LOS VILOS,40 a 44,45
COQUIMBO,LOS VILOS,45 a 49,24
COQUIMBO,LOS VILOS,50 a 54,14
COQUIMBO,LOS VILOS,55 a 59,11
COQUIMBO,LOS VILOS,60 a 64,14
COQUIMBO,LOS VILOS,65 a 69,4
COQUIMBO,LOS VILOS,70 a 74,6
COQUIMBO,LOS VILOS,75 a 79,3
COQUIMBO,LOS VILOS,80 a 84,1
COQUIMBO,LOS VILOS,85 a 89,1
COQUIMBO,LOS VILOS,90 a 94,2
COQUIMBO,LOS VILOS,95 a 99,0
COQUIMBO,LOS VILOS,100 o más,0
COQUIMBO,SALAMANCA,Total Comuna,459
COQUIMBO,SALAMANCA,0 a 4,8
COQUIMBO,SALAMANCA,5 a 9,30
COQUIMBO,SALAMANCA,10 a 14,24
COQUIMBO,SALAMANCA,15 a 19,35
COQUIMBO,SALAMANCA,20 a 24,56
COQUIMBO,SALAMANCA,25 a 29,67
COQUIMBO,SALAMANCA,30 a 34,63
COQUIMBO,SALAMANCA,35 a 39,57
COQUIMBO,SALAMANCA,40 a 44,42
COQUIMBO,SALAMANCA,45 a 49,27
COQUIMBO,SALAMANCA,50 a 54,16
COQUIMBO,SALAMANCA,55 a 59,15
COQUIMBO,SALAMANCA,60 a 64,8
COQUIMBO,SALAMANCA,65 a 69,0
COQUIMBO,SALAMANCA,70 a 74,6
COQUIMBO,SALAMANCA,75 a 79,1
COQUIMBO,SALAMANCA,80 a 84,2
COQUIMBO,SALAMANCA,85 a 89,1
COQUIMBO,SALAMANCA,90 a 94,0
COQUIMBO,SALAMANCA,95 a 99,0
COQUIMBO,SALAMANCA,100 o más,1
COQUIMBO,OVALLE,Total Comuna,1419
COQUIMBO,OVALLE,0 a 4,39
COQUIMBO,OVALLE,5 a 9,49
COQUIMBO,OVALLE,10 a 14,51
COQUIMBO,OVALLE,15 a 19,69
COQUIMBO,OVALLE,20 a 24,157
COQUIMBO,OVALLE,25 a 29,218
COQUIMBO,OVALLE,30 a 34,213
COQUIMBO,OVALLE,35 a 39,179
COQUIMBO,OVALLE,40 a 44,140
COQUIMBO,OVALLE,45 a 49,84
COQUIMBO,OVALLE,50 a 54,69
COQUIMBO,OVALLE,55 a 59,59
COQUIMBO,OVALLE,60 a 64,34
COQUIMBO,OVALLE,65 a 69,23
COQUIMBO,OVALLE,70 a 74,11
COQUIMBO,OVALLE,75 a 79,12
COQUIMBO,OVALLE,80 a 84,6
COQUIMBO,OVALLE,85 a 89,5
COQUIMBO,OVALLE,90 a 94,0
COQUIMBO,OVALLE,95 a 99,0
COQUIMBO,OVALLE,100 o más,1
COQUIMBO,COMBARBALÁ,Total Comuna,67
COQUIMBO,COMBARBALÁ,0 a 4,1
COQUIMBO,COMBARBALÁ,5 a 9,3
COQUIMBO,COMBARBALÁ,10 a 14,4
COQUIMBO,COMBARBALÁ,15 a 19,2
COQUIMBO,COMBARBALÁ,20 a 24,10
COQUIMBO,COMBARBALÁ,25 a 29,14
COQUIMBO,COMBARBALÁ,30 a 34,7
COQUIMBO,COMBARBALÁ,35 a 39,8
COQUIMBO,COMBARBALÁ,40 a 44,5
COQUIMBO,COMBARBALÁ,45 a 49,3
COQUIMBO,COMBARBALÁ,50 a 54,2
COQUIMBO,COMBARBALÁ,55 a 59,3
COQUIMBO,COMBARBALÁ,60 a 64,2
COQUIMBO,COMBARBALÁ,65 a 69,0
COQUIMBO,COMBARBALÁ,70 a 74,1
COQUIMBO,COMBARBALÁ,75 a 79,0
COQUIMBO,COMBARBALÁ,80 a 84,1
COQUIMBO,COMBARBALÁ,85 a 89,0
COQUIMBO,COMBARBALÁ,90 a 94,1
COQUIMBO,COMBARBALÁ,95 a 99,0
COQUIMBO,COMBARBALÁ,100 o más,0
COQUIMBO,MONTE PATRIA,Total Comuna,168
COQUIMBO,MONTE PATRIA,0 a 4,4
COQUIMBO,MONTE PATRIA,5 a 9,6
COQUIMBO,MONTE PATRIA,10 a 14,5
COQUIMBO,MONTE PATRIA,15 a 19,10
COQUIMBO,MONTE PATRIA,20 a 24,24
COQUIMBO,MONTE PATRIA,25 a 29,26
COQUIMBO,MONTE PATRIA,30 a 34,27
COQUIMBO,MONTE PATRIA,35 a 39,11
COQUIMBO,MONTE PATRIA,40 a 44,17
COQUIMBO,MONTE PATRIA,45 a 49,11
COQUIMBO,MONTE PATRIA,50 a 54,7
COQUIMBO,MONTE PATRIA,55 a 59,7
COQUIMBO,MONTE PATRIA,60 a 64,3
COQUIMBO,MONTE PATRIA,65 a 69,4
COQUIMBO,MONTE PATRIA,70 a 74,2
COQUIMBO,MONTE PATRIA,75 a 79,2
COQUIMBO,MONTE PATRIA,80 a 84,1
COQUIMBO,MONTE PATRIA,85 a 89,1
COQUIMBO,MONTE PATRIA,90 a 94,0
COQUIMBO,MONTE PATRIA,95 a 99,0
COQUIMBO,MONTE PATRIA,100 o más,0
COQUIMBO,PUNITAQUI,Total Comuna,62
COQUIMBO,PUNITAQUI,0 a 4,2
COQUIMBO,PUNITAQUI,5 a 9,3
COQUIMBO,PUNITAQUI,10 a 14,2
COQUIMBO,PUNITAQUI,15 a 19,5
COQUIMBO,PUNITAQUI,20 a 24,5
COQUIMBO,PUNITAQUI,25 a 29,13
COQUIMBO,PUNITAQUI,30 a 34,6
COQUIMBO,PUNITAQUI,35 a 39,7
COQUIMBO,PUNITAQUI,40 a 44,3
COQUIMBO,PUNITAQUI,45 a 49,2
COQUIMBO,PUNITAQUI,50 a 54,5
COQUIMBO,PUNITAQUI,55 a 59,4
COQUIMBO,PUNITAQUI,60 a 64,0
COQUIMBO,PUNITAQUI,65 a 69,2
COQUIMBO,PUNITAQUI,70 a 74,1
COQUIMBO,PUNITAQUI,75 a 79,0
COQUIMBO,PUNITAQUI,80 a 84,2
COQUIMBO,PUNITAQUI,85 a 89,0
COQUIMBO,PUNITAQUI,90 a 94,0
COQUIMBO,PUNITAQUI,95 a 99,0
COQUIMBO,PUNITAQUI,100 o más,0
COQUIMBO,RÍO HURTADO,Total Comuna,25
COQUIMBO,RÍO HURTADO,0 a 4,0
COQUIMBO,RÍO HURTADO,5 a 9,0
COQUIMBO,RÍO HURTADO,10 a 14,0
COQUIMBO,RÍO HURTADO,15 a 19,3
COQUIMBO,RÍO HURTADO,20 a 24,1
COQUIMBO,RÍO HURTADO,25 a 29,3
COQUIMBO,RÍO HURTADO,30 a 34,4
COQUIMBO,RÍO HURTADO,35 a 39,1
COQUIMBO,RÍO HURTADO,40 a 44,0
COQUIMBO,RÍO HURTADO,45 a 49,1
COQUIMBO,RÍO HURTADO,50 a 54,4
COQUIMBO,RÍO HURTADO,55 a 59,3
COQUIMBO,RÍO HURTADO,60 a 64,3
COQUIMBO,RÍO HURTADO,65 a 69,0
COQUIMBO,RÍO HURTADO,70 a 74,2
COQUIMBO,RÍO HURTADO,75 a 79,0
COQUIMBO,RÍO HURTADO,80 a 84,0
COQUIMBO,RÍO HURTADO,85 a 89,0
COQUIMBO,RÍO HURTADO,90 a 94,0
COQUIMBO,RÍO HURTADO,95 a 99,0
COQUIMBO,RÍO HURTADO,100 o más,0
VALPARAÍSO,VALPARAÍSO,Total Comuna,6087
VALPARAÍSO,VALPARAÍSO,0 a 4,128
VALPARAÍSO,VALPARAÍSO,5 a 9,284
VALPARAÍSO,VALPARAÍSO,10 a 14,301
VALPARAÍSO,VALPARAÍSO,15 a 19,327
VALPARAÍSO,VALPARAÍSO,20 a 24,859
VALPARAÍSO,VALPARAÍSO,25 a 29,1111
VALPARAÍSO,VALPARAÍSO,30 a 34,923
VALPARAÍSO,VALPARAÍSO,35 a 39,676
VALPARAÍSO,VALPARAÍSO,40 a 44,479
VALPARAÍSO,VALPARAÍSO,45 a 49,272
VALPARAÍSO,VALPARAÍSO,50 a 54,196
VALPARAÍSO,VALPARAÍSO,55 a 59,155
VALPARAÍSO,VALPARAÍSO,60 a 64,124
VALPARAÍSO,VALPARAÍSO,65 a 69,70
VALPARAÍSO,VALPARAÍSO,70 a 74,53
VALPARAÍSO,VALPARAÍSO,75 a 79,44
VALPARAÍSO,VALPARAÍSO,80 a 84,35
VALPARAÍSO,VALPARAÍSO,85 a 89,31
VALPARAÍSO,VALPARAÍSO,90 a 94,11
VALPARAÍSO,VALPARAÍSO,95 a 99,5
VALPARAÍSO,VALPARAÍSO,100 o más,3
VALPARAÍSO,CASABLANCA,Total Comuna,487
VALPARAÍSO,CASABLANCA,0 a 4,15
VALPARAÍSO,CASABLANCA,5 a 9,30
VALPARAÍSO,CASABLANCA,10 a 14,27
VALPARAÍSO,CASABLANCA,15 a 19,19
VALPARAÍSO,CASABLANCA,20 a 24,48
VALPARAÍSO,CASABLANCA,25 a 29,74
VALPARAÍSO,CASABLANCA,30 a 34,71
VALPARAÍSO,CASABLANCA,35 a 39,59
VALPARAÍSO,CASABLANCA,40 a 44,38
VALPARAÍSO,CASABLANCA,45 a 49,21
VALPARAÍSO,CASABLANCA,50 a 54,21
VALPARAÍSO,CASABLANCA,55 a 59,21
VALPARAÍSO,CASABLANCA,60 a 64,11
VALPARAÍSO,CASABLANCA,65 a 69,13
VALPARAÍSO,CASABLANCA,70 a 74,14
VALPARAÍSO,CASABLANCA,75 a 79,2
VALPARAÍSO,CASABLANCA,80 a 84,0
VALPARAÍSO,CASABLANCA,85 a 89,2
VALPARAÍSO,CASABLANCA,90 a 94,1
VALPARAÍSO,CASABLANCA,95 a 99,0
VALPARAÍSO,CASABLANCA,100 o más,0
VALPARAÍSO,CONCÓN,Total Comuna,1786
VALPARAÍSO,CONCÓN,0 a 4,40
VALPARAÍSO,CONCÓN,5 a 9,75
VALPARAÍSO,CONCÓN,10 a 14,94
VALPARAÍSO,CONCÓN,15 a 19,119
VALPARAÍSO,CONCÓN,20 a 24,161
VALPARAÍSO,CONCÓN,25 a 29,215
VALPARAÍSO,CONCÓN,30 a 34,182
VALPARAÍSO,CONCÓN,35 a 39,199
VALPARAÍSO,CONCÓN,40 a 44,202
VALPARAÍSO,CONCÓN,45 a 49,151
VALPARAÍSO,CONCÓN,50 a 54,117
VALPARAÍSO,CONCÓN,55 a 59,73
VALPARAÍSO,CONCÓN,60 a 64,45
VALPARAÍSO,CONCÓN,65 a 69,39
VALPARAÍSO,CONCÓN,70 a 74,31
VALPARAÍSO,CONCÓN,75 a 79,16
VALPARAÍSO,CONCÓN,80 a 84,18
VALPARAÍSO,CONCÓN,85 a 89,4
VALPARAÍSO,CONCÓN,90 a 94,4
VALPARAÍSO,CONCÓN,95 a 99,1
VALPARAÍSO,CONCÓN,100 o más,0
VALPARAÍSO,JUAN FERNÁNDEZ,Total Comuna,28
VALPARAÍSO,JUAN FERNÁNDEZ,0 a 4,0
VALPARAÍSO,JUAN FERNÁNDEZ,5 a 9,1
VALPARAÍSO,JUAN FERNÁNDEZ,10 a 14,2
VALPARAÍSO,JUAN FERNÁNDEZ,15 a 19,3
VALPARAÍSO,JUAN FERNÁNDEZ,20 a 24,1
VALPARAÍSO,JUAN FERNÁNDEZ,25 a 29,2
VALPARAÍSO,JUAN FERNÁNDEZ,30 a 34,6
VALPARAÍSO,JUAN FERNÁNDEZ,35 a 39,4
VALPARAÍSO,JUAN FERNÁNDEZ,40 a 44,5
VALPARAÍSO,JUAN FERNÁNDEZ,45 a 49,1
VALPARAÍSO,JUAN FERNÁNDEZ,50 a 54,1
VALPARAÍSO,JUAN FERNÁNDEZ,55 a 59,0
VALPARAÍSO,JUAN FERNÁNDEZ,60 a 64,0
VALPARAÍSO,JUAN FERNÁNDEZ,65 a 69,2
VALPARAÍSO,JUAN FERNÁNDEZ,70 a 74,0
VALPARAÍSO,JUAN FERNÁNDEZ,75 a 79,0
VALPARAÍSO,JUAN FERNÁNDEZ,80 a 84,0
VALPARAÍSO,JUAN FERNÁNDEZ,85 a 89,0
VALPARAÍSO,JUAN FERNÁNDEZ,90 a 94,0
VALPARAÍSO,JUAN FERNÁNDEZ,95 a 99,0
VALPARAÍSO,JUAN FERNÁNDEZ,100 o más,0
VALPARAÍSO,PUCHUNCAVÍ,Total Comuna,401
VALPARAÍSO,PUCHUNCAVÍ,0 a 4,7
VALPARAÍSO,PUCHUNCAVÍ,5 a 9,18
VALPARAÍSO,PUCHUNCAVÍ,10 a 14,17
VALPARAÍSO,PUCHUNCAVÍ,15 a 19,16
VALPARAÍSO,PUCHUNCAVÍ,20 a 24,39
VALPARAÍSO,PUCHUNCAVÍ,25 a 29,65
VALPARAÍSO,PUCHUNCAVÍ,30 a 34,49
VALPARAÍSO,PUCHUNCAVÍ,35 a 39,48
VALPARAÍSO,PUCHUNCAVÍ,40 a 44,38
VALPARAÍSO,PUCHUNCAVÍ,45 a 49,19
VALPARAÍSO,PUCHUNCAVÍ,50 a 54,20
VALPARAÍSO,PUCHUNCAVÍ,55 a 59,19
VALPARAÍSO,PUCHUNCAVÍ,60 a 64,14
VALPARAÍSO,PUCHUNCAVÍ,65 a 69,11
VALPARAÍSO,PUCHUNCAVÍ,70 a 74,13
VALPARAÍSO,PUCHUNCAVÍ,75 a 79,5
VALPARAÍSO,PUCHUNCAVÍ,80 a 84,3
VALPARAÍSO,PUCHUNCAVÍ,85 a 89,0
VALPARAÍSO,PUCHUNCAVÍ,90 a 94,0
VALPARAÍSO,PUCHUNCAVÍ,95 a 99,0
VALPARAÍSO,PUCHUNCAVÍ,100 o más,0
VALPARAÍSO,QUINTERO,Total Comuna,745
VALPARAÍSO,QUINTERO,0 a 4,8
VALPARAÍSO,QUINTERO,5 a 9,45
VALPARAÍSO,QUINTERO,10 a 14,32
VALPARAÍSO,QUINTERO,15 a 19,29
VALPARAÍSO,QUINTERO,20 a 24,73
VALPARAÍSO,QUINTERO,25 a 29,117
VALPARAÍSO,QUINTERO,30 a 34,118
VALPARAÍSO,QUINTERO,35 a 39,104
VALPARAÍSO,QUINTERO,40 a 44,62
VALPARAÍSO,QUINTERO,45 a 49,46
VALPARAÍSO,QUINTERO,50 a 54,26
VALPARAÍSO,QUINTERO,55 a 59,26
VALPARAÍSO,QUINTERO,60 a 64,15
VALPARAÍSO,QUINTERO,65 a 69,14
VALPARAÍSO,QUINTERO,70 a 74,14
VALPARAÍSO,QUINTERO,75 a 79,8
VALPARAÍSO,QUINTERO,80 a 84,4
VALPARAÍSO,QUINTERO,85 a 89,4
VALPARAÍSO,QUINTERO,90 a 94,0
VALPARAÍSO,QUINTERO,95 a 99,0
VALPARAÍSO,QUINTERO,100 o más,0
VALPARAÍSO,VIÑA DEL MAR,Total Comuna,9897
VALPARAÍSO,VIÑA DEL MAR,0 a 4,254
VALPARAÍSO,VIÑA DEL MAR,5 a 9,456
VALPARAÍSO,VIÑA DEL MAR,10 a 14,439
VALPARAÍSO,VIÑA DEL MAR,15 a 19,537
VALPARAÍSO,VIÑA DEL MAR,20 a 24,1138
VALPARAÍSO,VIÑA DEL MAR,25 a 29,1506
VALPARAÍSO,VIÑA DEL MAR,30 a 34,1297
VALPARAÍSO,VIÑA DEL MAR,35 a 39,1083
VALPARAÍSO,VIÑA DEL MAR,40 a 44,799
VALPARAÍSO,VIÑA DEL MAR,45 a 49,502
VALPARAÍSO,VIÑA DEL MAR,50 a 54,401
VALPARAÍSO,VIÑA DEL MAR,55 a 59,354
VALPARAÍSO,VIÑA DEL MAR,60 a 64,285
VALPARAÍSO,VIÑA DEL MAR,65 a 69,226
VALPARAÍSO,VIÑA DEL MAR,70 a 74,195
VALPARAÍSO,VIÑA DEL MAR,75 a 79,128
VALPARAÍSO,VIÑA DEL MAR,80 a 84,107
VALPARAÍSO,VIÑA DEL MAR,85 a 89,114
VALPARAÍSO,VIÑA DEL MAR,90 a 94,62
VALPARAÍSO,VIÑA DEL MAR,95 a 99,10
VALPARAÍSO,VIÑA DEL MAR,100 o más,4
VALPARAÍSO,ISLA DE PASCUA,Total Comuna,357
VALPARAÍSO,ISLA DE PASCUA,0 a 4,8
VALPARAÍSO,ISLA DE PASCUA,5 a 9,14
VALPARAÍSO,ISLA DE PASCUA,10 a 14,13
VALPARAÍSO,ISLA DE PASCUA,15 a 19,23
VALPARAÍSO,ISLA DE PASCUA,20 a 24,30
VALPARAÍSO,ISLA DE PASCUA,25 a 29,51
VALPARAÍSO,ISLA DE PASCUA,30 a 34,49
VALPARAÍSO,ISLA DE PASCUA,35 a 39,42
VALPARAÍSO,ISLA DE PASCUA,40 a 44,28
VALPARAÍSO,ISLA DE PASCUA,45 a 49,31
VALPARAÍSO,ISLA DE PASCUA,50 a 54,27
VALPARAÍSO,ISLA DE PASCUA,55 a 59,13
VALPARAÍSO,ISLA DE PASCUA,60 a 64,17
VALPARAÍSO,ISLA DE PASCUA,65 a 69,7
VALPARAÍSO,ISLA DE PASCUA,70 a 74,2
VALPARAÍSO,ISLA DE PASCUA,75 a 79,2
VALPARAÍSO,ISLA DE PASCUA,80 a 84,0
VALPARAÍSO,ISLA DE PASCUA,85 a 89,0
VALPARAÍSO,ISLA DE PASCUA,90 a 94,0
VALPARAÍSO,ISLA DE PASCUA,95 a 99,0
VALPARAÍSO,ISLA DE PASCUA,100 o más,0
VALPARAÍSO,LOS ANDES,Total Comuna,1642
VALPARAÍSO,LOS ANDES,0 a 4,37
VALPARAÍSO,LOS ANDES,5 a 9,63
VALPARAÍSO,LOS ANDES,10 a 14,80
VALPARAÍSO,LOS ANDES,15 a 19,88
VALPARAÍSO,LOS ANDES,20 a 24,180
VALPARAÍSO,LOS ANDES,25 a 29,236
VALPARAÍSO,LOS ANDES,30 a 34,231
VALPARAÍSO,LOS ANDES,35 a 39,192
VALPARAÍSO,LOS ANDES,40 a 44,194
VALPARAÍSO,LOS ANDES,45 a 49,113
VALPARAÍSO,LOS ANDES,50 a 54,66
VALPARAÍSO,LOS ANDES,55 a 59,54
VALPARAÍSO,LOS ANDES,60 a 64,45
VALPARAÍSO,LOS ANDES,65 a 69,16
VALPARAÍSO,LOS ANDES,70 a 74,18
VALPARAÍSO,LOS ANDES,75 a 79,12
VALPARAÍSO,LOS ANDES,80 a 84,10
VALPARAÍSO,LOS ANDES,85 a 89,2
VALPARAÍSO,LOS ANDES,90 a 94,2
VALPARAÍSO,LOS ANDES,95 a 99,3
VALPARAÍSO,LOS ANDES,100 o más,0
VALPARAÍSO,CALLE LARGA,Total Comuna,200
VALPARAÍSO,CALLE LARGA,0 a 4,4
VALPARAÍSO,CALLE LARGA,5 a 9,8
VALPARAÍSO,CALLE LARGA,10 a 14,11
VALPARAÍSO,CALLE LARGA,15 a 19,7
VALPARAÍSO,CALLE LARGA,20 a 24,21
VALPARAÍSO,CALLE LARGA,25 a 29,28
VALPARAÍSO,CALLE LARGA,30 a 34,20
VALPARAÍSO,CALLE LARGA,35 a 39,29
VALPARAÍSO,CALLE LARGA,40 a 44,19
VALPARAÍSO,CALLE LARGA,45 a 49,13
VALPARAÍSO,CALLE LARGA,50 a 54,9
VALPARAÍSO,CALLE LARGA,55 a 59,8
VALPARAÍSO,CALLE LARGA,60 a 64,12
VALPARAÍSO,CALLE LARGA,65 a 69,2
VALPARAÍSO,CALLE LARGA,70 a 74,2
VALPARAÍSO,CALLE LARGA,75 a 79,3
VALPARAÍSO,CALLE LARGA,80 a 84,4
VALPARAÍSO,CALLE LARGA,85 a 89,0
VALPARAÍSO,CALLE LARGA,90 a 94,0
VALPARAÍSO,CALLE LARGA,95 a 99,0
VALPARAÍSO,CALLE LARGA,100 o más,0
VALPARAÍSO,RINCONADA,Total Comuna,147
VALPARAÍSO,RINCONADA,0 a 4,1
VALPARAÍSO,RINCONADA,5 a 9,8
VALPARAÍSO,RINCONADA,10 a 14,7
VALPARAÍSO,RINCONADA,15 a 19,6
VALPARAÍSO,RINCONADA,20 a 24,10
VALPARAÍSO,RINCONADA,25 a 29,22
VALPARAÍSO,RINCONADA,30 a 34,13
VALPARAÍSO,RINCONADA,35 a 39,14
VALPARAÍSO,RINCONADA,40 a 44,18
VALPARAÍSO,RINCONADA,45 a 49,19
VALPARAÍSO,RINCONADA,50 a 54,8
VALPARAÍSO,RINCONADA,55 a 59,4
VALPARAÍSO,RINCONADA,60 a 64,9
VALPARAÍSO,RINCONADA,65 a 69,4
VALPARAÍSO,RINCONADA,70 a 74,2
VALPARAÍSO,RINCONADA,75 a 79,1
VALPARAÍSO,RINCONADA,80 a 84,0
VALPARAÍSO,RINCONADA,85 a 89,0
VALPARAÍSO,RINCONADA,90 a 94,0
VALPARAÍSO,RINCONADA,95 a 99,1
VALPARAÍSO,RINCONADA,100 o más,0
VALPARAÍSO,SAN ESTEBAN,Total Comuna,235
VALPARAÍSO,SAN ESTEBAN,0 a 4,4
VALPARAÍSO,SAN ESTEBAN,5 a 9,11
VALPARAÍSO,SAN ESTEBAN,10 a 14,11
VALPARAÍSO,SAN ESTEBAN,15 a 19,11
VALPARAÍSO,SAN ESTEBAN,20 a 24,14
VALPARAÍSO,SAN ESTEBAN,25 a 29,17
VALPARAÍSO,SAN ESTEBAN,30 a 34,46
VALPARAÍSO,SAN ESTEBAN,35 a 39,40
VALPARAÍSO,SAN ESTEBAN,40 a 44,29
VALPARAÍSO,SAN ESTEBAN,45 a 49,8
VALPARAÍSO,SAN ESTEBAN,50 a 54,13
VALPARAÍSO,SAN ESTEBAN,55 a 59,10
VALPARAÍSO,SAN ESTEBAN,60 a 64,5
VALPARAÍSO,SAN ESTEBAN,65 a 69,5
VALPARAÍSO,SAN ESTEBAN,70 a 74,5
VALPARAÍSO,SAN ESTEBAN,75 a 79,2
VALPARAÍSO,SAN ESTEBAN,80 a 84,3
VALPARAÍSO,SAN ESTEBAN,85 a 89,1
VALPARAÍSO,SAN ESTEBAN,90 a 94,0
VALPARAÍSO,SAN ESTEBAN,95 a 99,0
VALPARAÍSO,SAN ESTEBAN,100 o más,0
VALPARAÍSO,LA LIGUA,Total Comuna,425
VALPARAÍSO,LA LIGUA,0 a 4,4
VALPARAÍSO,LA LIGUA,5 a 9,18
VALPARAÍSO,LA LIGUA,10 a 14,20
VALPARAÍSO,LA LIGUA,15 a 19,18
VALPARAÍSO,LA LIGUA,20 a 24,26
VALPARAÍSO,LA LIGUA,25 a 29,79
VALPARAÍSO,LA LIGUA,30 a 34,58
VALPARAÍSO,LA LIGUA,35 a 39,54
VALPARAÍSO,LA LIGUA,40 a 44,46
VALPARAÍSO,LA LIGUA,45 a 49,30
VALPARAÍSO,LA LIGUA,50 a 54,19
VALPARAÍSO,LA LIGUA,55 a 59,24
VALPARAÍSO,LA LIGUA,60 a 64,7
VALPARAÍSO,LA LIGUA,65 a 69,6
VALPARAÍSO,LA LIGUA,70 a 74,7
VALPARAÍSO,LA LIGUA,75 a 79,3
VALPARAÍSO,LA LIGUA,80 a 84,6
VALPARAÍSO,LA LIGUA,85 a 89,0
VALPARAÍSO,LA LIGUA,90 a 94,0
VALPARAÍSO,LA LIGUA,95 a 99,0
VALPARAÍSO,LA LIGUA,100 o más,0
VALPARAÍSO,CABILDO,Total Comuna,158
VALPARAÍSO,CABILDO,0 a 4,8
VALPARAÍSO,CABILDO,5 a 9,13
VALPARAÍSO,CABILDO,10 a 14,8
VALPARAÍSO,CABILDO,15 a 19,6
VALPARAÍSO,CABILDO,20 a 24,17
VALPARAÍSO,CABILDO,25 a 29,16
VALPARAÍSO,CABILDO,30 a 34,23
VALPARAÍSO,CABILDO,35 a 39,23
VALPARAÍSO,CABILDO,40 a 44,13
VALPARAÍSO,CABILDO,45 a 49,8
VALPARAÍSO,CABILDO,50 a 54,6
VALPARAÍSO,CABILDO,55 a 59,9
VALPARAÍSO,CABILDO,60 a 64,6
VALPARAÍSO,CABILDO,65 a 69,0
VALPARAÍSO,CABILDO,70 a 74,0
VALPARAÍSO,CABILDO,75 a 79,1
VALPARAÍSO,CABILDO,80 a 84,0
VALPARAÍSO,CABILDO,85 a 89,1
VALPARAÍSO,CABILDO,90 a 94,0
VALPARAÍSO,CABILDO,95 a 99,0
VALPARAÍSO,CABILDO,100 o más,0
VALPARAÍSO,PAPUDO,Total Comuna,84
VALPARAÍSO,PAPUDO,0 a 4,2
VALPARAÍSO,PAPUDO,5 a 9,5
VALPARAÍSO,PAPUDO,10 a 14,6
VALPARAÍSO,PAPUDO,15 a 19,5
VALPARAÍSO,PAPUDO,20 a 24,7
VALPARAÍSO,PAPUDO,25 a 29,7
VALPARAÍSO,PAPUDO,30 a 34,4
VALPARAÍSO,PAPUDO,35 a 39,15
VALPARAÍSO,PAPUDO,40 a 44,13
VALPARAÍSO,PAPUDO,45 a 49,6
VALPARAÍSO,PAPUDO,50 a 54,5
VALPARAÍSO,PAPUDO,55 a 59,1
VALPARAÍSO,PAPUDO,60 a 64,2
VALPARAÍSO,PAPUDO,65 a 69,2
VALPARAÍSO,PAPUDO,70 a 74,1
VALPARAÍSO,PAPUDO,75 a 79,0
VALPARAÍSO,PAPUDO,80 a 84,1
VALPARAÍSO,PAPUDO,85 a 89,1
VALPARAÍSO,PAPUDO,90 a 94,1
VALPARAÍSO,PAPUDO,95 a 99,0
VALPARAÍSO,PAPUDO,100 o más,0
VALPARAÍSO,PETORCA,Total Comuna,178
VALPARAÍSO,PETORCA,0 a 4,0
VALPARAÍSO,PETORCA,5 a 9,6
VALPARAÍSO,PETORCA,10 a 14,6
VALPARAÍSO,PETORCA,15 a 19,8
VALPARAÍSO,PETORCA,20 a 24,22
VALPARAÍSO,PETORCA,25 a 29,41
VALPARAÍSO,PETORCA,30 a 34,31
VALPARAÍSO,PETORCA,35 a 39,32
VALPARAÍSO,PETORCA,40 a 44,11
VALPARAÍSO,PETORCA,45 a 49,8
VALPARAÍSO,PETORCA,50 a 54,3
VALPARAÍSO,PETORCA,55 a 59,2
VALPARAÍSO,PETORCA,60 a 64,2
VALPARAÍSO,PETORCA,65 a 69,2
VALPARAÍSO,PETORCA,70 a 74,1
VALPARAÍSO,PETORCA,75 a 79,0
VALPARAÍSO,PETORCA,80 a 84,1
VALPARAÍSO,PETORCA,85 a 89,1
VALPARAÍSO,PETORCA,90 a 94,0
VALPARAÍSO,PETORCA,95 a 99,1
VALPARAÍSO,PETORCA,100 o más,0
VALPARAÍSO,ZAPALLAR,Total Comuna,166
VALPARAÍSO,ZAPALLAR,0 a 4,6
VALPARAÍSO,ZAPALLAR,5 a 9,7
VALPARAÍSO,ZAPALLAR,10 a 14,6
VALPARAÍSO,ZAPALLAR,15 a 19,8
VALPARAÍSO,ZAPALLAR,20 a 24,11
VALPARAÍSO,ZAPALLAR,25 a 29,21
VALPARAÍSO,ZAPALLAR,30 a 34,25
VALPARAÍSO,ZAPALLAR,35 a 39,29
VALPARAÍSO,ZAPALLAR,40 a 44,11
VALPARAÍSO,ZAPALLAR,45 a 49,11
VALPARAÍSO,ZAPALLAR,50 a 54,9
VALPARAÍSO,ZAPALLAR,55 a 59,5
VALPARAÍSO,ZAPALLAR,60 a 64,6
VALPARAÍSO,ZAPALLAR,65 a 69,4
VALPARAÍSO,ZAPALLAR,70 a 74,4
VALPARAÍSO,ZAPALLAR,75 a 79,2
VALPARAÍSO,ZAPALLAR,80 a 84,1
VALPARAÍSO,ZAPALLAR,85 a 89,0
VALPARAÍSO,ZAPALLAR,90 a 94,0
VALPARAÍSO,ZAPALLAR,95 a 99,0
VALPARAÍSO,ZAPALLAR,100 o más,0
VALPARAÍSO,QUILLOTA,Total Comuna,1850
VALPARAÍSO,QUILLOTA,0 a 4,44
VALPARAÍSO,QUILLOTA,5 a 9,88
VALPARAÍSO,QUILLOTA,10 a 14,86
VALPARAÍSO,QUILLOTA,15 a 19,113
VALPARAÍSO,QUILLOTA,20 a 24,236
VALPARAÍSO,QUILLOTA,25 a 29,293
VALPARAÍSO,QUILLOTA,30 a 34,254
VALPARAÍSO,QUILLOTA,35 a 39,221
VALPARAÍSO,QUILLOTA,40 a 44,148
VALPARAÍSO,QUILLOTA,45 a 49,108
VALPARAÍSO,QUILLOTA,50 a 54,86
VALPARAÍSO,QUILLOTA,55 a 59,58
VALPARAÍSO,QUILLOTA,60 a 64,29
VALPARAÍSO,QUILLOTA,65 a 69,24
VALPARAÍSO,QUILLOTA,70 a 74,20
VALPARAÍSO,QUILLOTA,75 a 79,15
VALPARAÍSO,QUILLOTA,80 a 84,7
VALPARAÍSO,QUILLOTA,85 a 89,12
VALPARAÍSO,QUILLOTA,90 a 94,7
VALPARAÍSO,QUILLOTA,95 a 99,0
VALPARAÍSO,QUILLOTA,100 o más,1
VALPARAÍSO,CALERA,Total Comuna,983
VALPARAÍSO,CALERA,0 a 4,18
VALPARAÍSO,CALERA,5 a 9,44
VALPARAÍSO,CALERA,10 a 14,48
VALPARAÍSO,CALERA,15 a 19,48
VALPARAÍSO,CALERA,20 a 24,128
VALPARAÍSO,CALERA,25 a 29,168
VALPARAÍSO,CALERA,30 a 34,153
VALPARAÍSO,CALERA,35 a 39,124
VALPARAÍSO,CALERA,40 a 44,81
VALPARAÍSO,CALERA,45 a 49,53
VALPARAÍSO,CALERA,50 a 54,29
VALPARAÍSO,CALERA,55 a 59,29
VALPARAÍSO,CALERA,60 a 64,24
VALPARAÍSO,CALERA,65 a 69,11
VALPARAÍSO,CALERA,70 a 74,12
VALPARAÍSO,CALERA,75 a 79,7
VALPARAÍSO,CALERA,80 a 84,2
VALPARAÍSO,CALERA,85 a 89,1
VALPARAÍSO,CALERA,90 a 94,2
VALPARAÍSO,CALERA,95 a 99,1
VALPARAÍSO,CALERA,100 o más,0
VALPARAÍSO,HIJUELAS,Total Comuna,279
VALPARAÍSO,HIJUELAS,0 a 4,7
VALPARAÍSO,HIJUELAS,5 a 9,12
VALPARAÍSO,HIJUELAS,10 a 14,14
VALPARAÍSO,HIJUELAS,15 a 19,17
VALPARAÍSO,HIJUELAS,20 a 24,36
VALPARAÍSO,HIJUELAS,25 a 29,52
VALPARAÍSO,HIJUELAS,30 a 34,42
VALPARAÍSO,HIJUELAS,35 a 39,34
VALPARAÍSO,HIJUELAS,40 a 44,17
VALPARAÍSO,HIJUELAS,45 a 49,15
VALPARAÍSO,HIJUELAS,50 a 54,10
VALPARAÍSO,HIJUELAS,55 a 59,10
VALPARAÍSO,HIJUELAS,60 a 64,2
VALPARAÍSO,HIJUELAS,65 a 69,4
VALPARAÍSO,HIJUELAS,70 a 74,2
VALPARAÍSO,HIJUELAS,75 a 79,1
VALPARAÍSO,HIJUELAS,80 a 84,2
VALPARAÍSO,HIJUELAS,85 a 89,1
VALPARAÍSO,HIJUELAS,90 a 94,1
VALPARAÍSO,HIJUELAS,95 a 99,0
VALPARAÍSO,HIJUELAS,100 o más,0
VALPARAÍSO,LA CRUZ,Total Comuna,462
VALPARAÍSO,LA CRUZ,0 a 4,16
VALPARAÍSO,LA CRUZ,5 a 9,14
VALPARAÍSO,LA CRUZ,10 a 14,17
VALPARAÍSO,LA CRUZ,15 a 19,33
VALPARAÍSO,LA CRUZ,20 a 24,66
VALPARAÍSO,LA CRUZ,25 a 29,94
VALPARAÍSO,LA CRUZ,30 a 34,68
VALPARAÍSO,LA CRUZ,35 a 39,53
VALPARAÍSO,LA CRUZ,40 a 44,27
VALPARAÍSO,LA CRUZ,45 a 49,23
VALPARAÍSO,LA CRUZ,50 a 54,15
VALPARAÍSO,LA CRUZ,55 a 59,9
VALPARAÍSO,LA CRUZ,60 a 64,5
VALPARAÍSO,LA CRUZ,65 a 69,7
VALPARAÍSO,LA CRUZ,70 a 74,2
VALPARAÍSO,LA CRUZ,75 a 79,5
VALPARAÍSO,LA CRUZ,80 a 84,3
VALPARAÍSO,LA CRUZ,85 a 89,4
VALPARAÍSO,LA CRUZ,90 a 94,1
VALPARAÍSO,LA CRUZ,95 a 99,0
VALPARAÍSO,LA CRUZ,100 o más,0
VALPARAÍSO,NOGALES,Total Comuna,227
VALPARAÍSO,NOGALES,0 a 4,5
VALPARAÍSO,NOGALES,5 a 9,10
VALPARAÍSO,NOGALES,10 a 14,13
VALPARAÍSO,NOGALES,15 a 19,12
VALPARAÍSO,NOGALES,20 a 24,21
VALPARAÍSO,NOGALES,25 a 29,37
VALPARAÍSO,NOGALES,30 a 34,28
VALPARAÍSO,NOGALES,35 a 39,28
VALPARAÍSO,NOGALES,40 a 44,22
VALPARAÍSO,NOGALES,45 a 49,11
VALPARAÍSO,NOGALES,50 a 54,8
VALPARAÍSO,NOGALES,55 a 59,13
VALPARAÍSO,NOGALES,60 a 64,5
VALPARAÍSO,NOGALES,65 a 69,7
VALPARAÍSO,NOGALES,70 a 74,1
VALPARAÍSO,NOGALES,75 a 79,2
VALPARAÍSO,NOGALES,80 a 84,3
VALPARAÍSO,NOGALES,85 a 89,1
VALPARAÍSO,NOGALES,90 a 94,0
VALPARAÍSO,NOGALES,95 a 99,0
VALPARAÍSO,NOGALES,100 o más,0
VALPARAÍSO,SAN ANTONIO,Total Comuna,1606
VALPARAÍSO,SAN ANTONIO,0 a 4,35
VALPARAÍSO,SAN ANTONIO,5 a 9,66
VALPARAÍSO,SAN ANTONIO,10 a 14,64
VALPARAÍSO,SAN ANTONIO,15 a 19,81
VALPARAÍSO,SAN ANTONIO,20 a 24,218
VALPARAÍSO,SAN ANTONIO,25 a 29,277
VALPARAÍSO,SAN ANTONIO,30 a 34,238
VALPARAÍSO,SAN ANTONIO,35 a 39,202
VALPARAÍSO,SAN ANTONIO,40 a 44,125
VALPARAÍSO,SAN ANTONIO,45 a 49,94
VALPARAÍSO,SAN ANTONIO,50 a 54,65
VALPARAÍSO,SAN ANTONIO,55 a 59,43
VALPARAÍSO,SAN ANTONIO,60 a 64,36
VALPARAÍSO,SAN ANTONIO,65 a 69,21
VALPARAÍSO,SAN ANTONIO,70 a 74,15
VALPARAÍSO,SAN ANTONIO,75 a 79,9
VALPARAÍSO,SAN ANTONIO,80 a 84,6
VALPARAÍSO,SAN ANTONIO,85 a 89,8
VALPARAÍSO,SAN ANTONIO,90 a 94,2
VALPARAÍSO,SAN ANTONIO,95 a 99,0
VALPARAÍSO,SAN ANTONIO,100 o más,1
VALPARAÍSO,ALGARROBO,Total Comuna,411
VALPARAÍSO,ALGARROBO,0 a 4,9
VALPARAÍSO,ALGARROBO,5 a 9,15
VALPARAÍSO,ALGARROBO,10 a 14,15
VALPARAÍSO,ALGARROBO,15 a 19,10
VALPARAÍSO,ALGARROBO,20 a 24,44
VALPARAÍSO,ALGARROBO,25 a 29,39
VALPARAÍSO,ALGARROBO,30 a 34,41
VALPARAÍSO,ALGARROBO,35 a 39,51
VALPARAÍSO,ALGARROBO,40 a 44,37
VALPARAÍSO,ALGARROBO,45 a 49,31
VALPARAÍSO,ALGARROBO,50 a 54,10
VALPARAÍSO,ALGARROBO,55 a 59,25
VALPARAÍSO,ALGARROBO,60 a 64,19
VALPARAÍSO,ALGARROBO,65 a 69,23
VALPARAÍSO,ALGARROBO,70 a 74,17
VALPARAÍSO,ALGARROBO,75 a 79,14
VALPARAÍSO,ALGARROBO,80 a 84,3
VALPARAÍSO,ALGARROBO,85 a 89,5
VALPARAÍSO,ALGARROBO,90 a 94,1
VALPARAÍSO,ALGARROBO,95 a 99,1
VALPARAÍSO,ALGARROBO,100 o más,1
VALPARAÍSO,CARTAGENA,Total Comuna,376
VALPARAÍSO,CARTAGENA,0 a 4,13
VALPARAÍSO,CARTAGENA,5 a 9,22
VALPARAÍSO,CARTAGENA,10 a 14,16
VALPARAÍSO,CARTAGENA,15 a 19,26
VALPARAÍSO,CARTAGENA,20 a 24,45
VALPARAÍSO,CARTAGENA,25 a 29,62
VALPARAÍSO,CARTAGENA,30 a 34,62
VALPARAÍSO,CARTAGENA,35 a 39,37
VALPARAÍSO,CARTAGENA,40 a 44,29
VALPARAÍSO,CARTAGENA,45 a 49,10
VALPARAÍSO,CARTAGENA,50 a 54,15
VALPARAÍSO,CARTAGENA,55 a 59,9
VALPARAÍSO,CARTAGENA,60 a 64,13
VALPARAÍSO,CARTAGENA,65 a 69,5
VALPARAÍSO,CARTAGENA,70 a 74,5
VALPARAÍSO,CARTAGENA,75 a 79,1
VALPARAÍSO,CARTAGENA,80 a 84,2
VALPARAÍSO,CARTAGENA,85 a 89,3
VALPARAÍSO,CARTAGENA,90 a 94,0
VALPARAÍSO,CARTAGENA,95 a 99,1
VALPARAÍSO,CARTAGENA,100 o más,0
VALPARAÍSO,EL QUISCO,Total Comuna,520
VALPARAÍSO,EL QUISCO,0 a 4,12
VALPARAÍSO,EL QUISCO,5 a 9,27
VALPARAÍSO,EL QUISCO,10 a 14,19
VALPARAÍSO,EL QUISCO,15 a 19,24
VALPARAÍSO,EL QUISCO,20 a 24,44
VALPARAÍSO,EL QUISCO,25 a 29,79
VALPARAÍSO,EL QUISCO,30 a 34,77
VALPARAÍSO,EL QUISCO,35 a 39,49
VALPARAÍSO,EL QUISCO,40 a 44,39
VALPARAÍSO,EL QUISCO,45 a 49,22
VALPARAÍSO,EL QUISCO,50 a 54,34
VALPARAÍSO,EL QUISCO,55 a 59,17
VALPARAÍSO,EL QUISCO,60 a 64,16
VALPARAÍSO,EL QUISCO,65 a 69,21
VALPARAÍSO,EL QUISCO,70 a 74,16
VALPARAÍSO,EL QUISCO,75 a 79,8
VALPARAÍSO,EL QUISCO,80 a 84,11
VALPARAÍSO,EL QUISCO,85 a 89,2
VALPARAÍSO,EL QUISCO,90 a 94,2
VALPARAÍSO,EL QUISCO,95 a 99,1
VALPARAÍSO,EL QUISCO,100 o más,0
VALPARAÍSO,EL TABO,Total Comuna,285
VALPARAÍSO,EL TABO,0 a 4,7
VALPARAÍSO,EL TABO,5 a 9,14
VALPARAÍSO,EL TABO,10 a 14,8
VALPARAÍSO,EL TABO,15 a 19,14
VALPARAÍSO,EL TABO,20 a 24,33
VALPARAÍSO,EL TABO,25 a 29,28
VALPARAÍSO,EL TABO,30 a 34,43
VALPARAÍSO,EL TABO,35 a 39,40
VALPARAÍSO,EL TABO,40 a 44,22
VALPARAÍSO,EL TABO,45 a 49,21
VALPARAÍSO,EL TABO,50 a 54,12
VALPARAÍSO,EL TABO,55 a 59,14
VALPARAÍSO,EL TABO,60 a 64,11
VALPARAÍSO,EL TABO,65 a 69,5
VALPARAÍSO,EL TABO,70 a 74,6
VALPARAÍSO,EL TABO,75 a 79,3
VALPARAÍSO,EL TABO,80 a 84,2
VALPARAÍSO,EL TABO,85 a 89,1
VALPARAÍSO,EL TABO,90 a 94,0
VALPARAÍSO,EL TABO,95 a 99,1
VALPARAÍSO,EL TABO,100 o más,0
VALPARAÍSO,SANTO DOMINGO,Total Comuna,288
VALPARAÍSO,SANTO DOMINGO,0 a 4,7
VALPARAÍSO,SANTO DOMINGO,5 a 9,14
VALPARAÍSO,SANTO DOMINGO,10 a 14,8
VALPARAÍSO,SANTO DOMINGO,15 a 19,14
VALPARAÍSO,SANTO DOMINGO,20 a 24,31
VALPARAÍSO,SANTO DOMINGO,25 a 29,37
VALPARAÍSO,SANTO DOMINGO,30 a 34,35
VALPARAÍSO,SANTO DOMINGO,35 a 39,26
VALPARAÍSO,SANTO DOMINGO,40 a 44,31
VALPARAÍSO,SANTO DOMINGO,45 a 49,27
VALPARAÍSO,SANTO DOMINGO,50 a 54,19
VALPARAÍSO,SANTO DOMINGO,55 a 59,12
VALPARAÍSO,SANTO DOMINGO,60 a 64,7
VALPARAÍSO,SANTO DOMINGO,65 a 69,4
VALPARAÍSO,SANTO DOMINGO,70 a 74,3
VALPARAÍSO,SANTO DOMINGO,75 a 79,1
VALPARAÍSO,SANTO DOMINGO,80 a 84,9
VALPARAÍSO,SANTO DOMINGO,85 a 89,2
VALPARAÍSO,SANTO DOMINGO,90 a 94,1
VALPARAÍSO,SANTO DOMINGO,95 a 99,0
VALPARAÍSO,SANTO DOMINGO,100 o más,0
VALPARAÍSO,SAN FELIPE,Total Comuna,2858
VALPARAÍSO,SAN FELIPE,0 a 4,64
VALPARAÍSO,SAN FELIPE,5 a 9,61
VALPARAÍSO,SAN FELIPE,10 a 14,66
VALPARAÍSO,SAN FELIPE,15 a 19,118
VALPARAÍSO,SAN FELIPE,20 a 24,462
VALPARAÍSO,SAN FELIPE,25 a 29,587
VALPARAÍSO,SAN FELIPE,30 a 34,478
VALPARAÍSO,SAN FELIPE,35 a 39,342
VALPARAÍSO,SAN FELIPE,40 a 44,245
VALPARAÍSO,SAN FELIPE,45 a 49,141
VALPARAÍSO,SAN FELIPE,50 a 54,104
VALPARAÍSO,SAN FELIPE,55 a 59,61
VALPARAÍSO,SAN FELIPE,60 a 64,38
VALPARAÍSO,SAN FELIPE,65 a 69,29
VALPARAÍSO,SAN FELIPE,70 a 74,16
VALPARAÍSO,SAN FELIPE,75 a 79,16
VALPARAÍSO,SAN FELIPE,80 a 84,10
VALPARAÍSO,SAN FELIPE,85 a 89,10
VALPARAÍSO,SAN FELIPE,90 a 94,5
VALPARAÍSO,SAN FELIPE,95 a 99,4
VALPARAÍSO,SAN FELIPE,100 o más,1
VALPARAÍSO,CATEMU,Total Comuna,220
VALPARAÍSO,CATEMU,0 a 4,4
VALPARAÍSO,CATEMU,5 a 9,3
VALPARAÍSO,CATEMU,10 a 14,8
VALPARAÍSO,CATEMU,15 a 19,8
VALPARAÍSO,CATEMU,20 a 24,42
VALPARAÍSO,CATEMU,25 a 29,53
VALPARAÍSO,CATEMU,30 a 34,34
VALPARAÍSO,CATEMU,35 a 39,30
VALPARAÍSO,CATEMU,40 a 44,17
VALPARAÍSO,CATEMU,45 a 49,4
VALPARAÍSO,CATEMU,50 a 54,6
VALPARAÍSO,CATEMU,55 a 59,5
VALPARAÍSO,CATEMU,60 a 64,1
VALPARAÍSO,CATEMU,65 a 69,3
VALPARAÍSO,CATEMU,70 a 74,0
VALPARAÍSO,CATEMU,75 a 79,0
VALPARAÍSO,CATEMU,80 a 84,1
VALPARAÍSO,CATEMU,85 a 89,1
VALPARAÍSO,CATEMU,90 a 94,0
VALPARAÍSO,CATEMU,95 a 99,0
VALPARAÍSO,CATEMU,100 o más,0
VALPARAÍSO,LLAILLAY,Total Comuna,480
VALPARAÍSO,LLAILLAY,0 a 4,12
VALPARAÍSO,LLAILLAY,5 a 9,14
VALPARAÍSO,LLAILLAY,10 a 14,14
VALPARAÍSO,LLAILLAY,15 a 19,40
VALPARAÍSO,LLAILLAY,20 a 24,93
VALPARAÍSO,LLAILLAY,25 a 29,98
VALPARAÍSO,LLAILLAY,30 a 34,72
VALPARAÍSO,LLAILLAY,35 a 39,45
VALPARAÍSO,LLAILLAY,40 a 44,40
VALPARAÍSO,LLAILLAY,45 a 49,17
VALPARAÍSO,LLAILLAY,50 a 54,9
VALPARAÍSO,LLAILLAY,55 a 59,11
VALPARAÍSO,LLAILLAY,60 a 64,7
VALPARAÍSO,LLAILLAY,65 a 69,3
VALPARAÍSO,LLAILLAY,70 a 74,1
VALPARAÍSO,LLAILLAY,75 a 79,0
VALPARAÍSO,LLAILLAY,80 a 84,1
VALPARAÍSO,LLAILLAY,85 a 89,2
VALPARAÍSO,LLAILLAY,90 a 94,1
VALPARAÍSO,LLAILLAY,95 a 99,0
VALPARAÍSO,LLAILLAY,100 o más,0
VALPARAÍSO,PANQUEHUE,Total Comuna,62
VALPARAÍSO,PANQUEHUE,0 a 4,2
VALPARAÍSO,PANQUEHUE,5 a 9,1
VALPARAÍSO,PANQUEHUE,10 a 14,1
VALPARAÍSO,PANQUEHUE,15 a 19,2
VALPARAÍSO,PANQUEHUE,20 a 24,5
VALPARAÍSO,PANQUEHUE,25 a 29,6
VALPARAÍSO,PANQUEHUE,30 a 34,7
VALPARAÍSO,PANQUEHUE,35 a 39,6
VALPARAÍSO,PANQUEHUE,40 a 44,6
VALPARAÍSO,PANQUEHUE,45 a 49,4
VALPARAÍSO,PANQUEHUE,50 a 54,2
VALPARAÍSO,PANQUEHUE,55 a 59,5
VALPARAÍSO,PANQUEHUE,60 a 64,4
VALPARAÍSO,PANQUEHUE,65 a 69,5
VALPARAÍSO,PANQUEHUE,70 a 74,2
VALPARAÍSO,PANQUEHUE,75 a 79,0
VALPARAÍSO,PANQUEHUE,80 a 84,2
VALPARAÍSO,PANQUEHUE,85 a 89,1
VALPARAÍSO,PANQUEHUE,90 a 94,1
VALPARAÍSO,PANQUEHUE,95 a 99,0
VALPARAÍSO,PANQUEHUE,100 o más,0
VALPARAÍSO,PUTAENDO,Total Comuna,259
VALPARAÍSO,PUTAENDO,0 a 4,2
VALPARAÍSO,PUTAENDO,5 a 9,9
VALPARAÍSO,PUTAENDO,10 a 14,5
VALPARAÍSO,PUTAENDO,15 a 19,10
VALPARAÍSO,PUTAENDO,20 a 24,38
VALPARAÍSO,PUTAENDO,25 a 29,44
VALPARAÍSO,PUTAENDO,30 a 34,38
VALPARAÍSO,PUTAENDO,35 a 39,35
VALPARAÍSO,PUTAENDO,40 a 44,22
VALPARAÍSO,PUTAENDO,45 a 49,10
VALPARAÍSO,PUTAENDO,50 a 54,17
VALPARAÍSO,PUTAENDO,55 a 59,10
VALPARAÍSO,PUTAENDO,60 a 64,5
VALPARAÍSO,PUTAENDO,65 a 69,4
VALPARAÍSO,PUTAENDO,70 a 74,2
VALPARAÍSO,PUTAENDO,75 a 79,4
VALPARAÍSO,PUTAENDO,80 a 84,1
VALPARAÍSO,PUTAENDO,85 a 89,2
VALPARAÍSO,PUTAENDO,90 a 94,1
VALPARAÍSO,PUTAENDO,95 a 99,0
VALPARAÍSO,PUTAENDO,100 o más,0
VALPARAÍSO,SANTA MARÍA,Total Comuna,137
VALPARAÍSO,SANTA MARÍA,0 a 4,4
VALPARAÍSO,SANTA MARÍA,5 a 9,8
VALPARAÍSO,SANTA MARÍA,10 a 14,5
VALPARAÍSO,SANTA MARÍA,15 a 19,6
VALPARAÍSO,SANTA MARÍA,20 a 24,26
VALPARAÍSO,SANTA MARÍA,25 a 29,28
VALPARAÍSO,SANTA MARÍA,30 a 34,20
VALPARAÍSO,SANTA MARÍA,35 a 39,10
VALPARAÍSO,SANTA MARÍA,40 a 44,9
VALPARAÍSO,SANTA MARÍA,45 a 49,5
VALPARAÍSO,SANTA MARÍA,50 a 54,3
VALPARAÍSO,SANTA MARÍA,55 a 59,7
VALPARAÍSO,SANTA MARÍA,60 a 64,1
VALPARAÍSO,SANTA MARÍA,65 a 69,1
VALPARAÍSO,SANTA MARÍA,70 a 74,1
VALPARAÍSO,SANTA MARÍA,75 a 79,2
VALPARAÍSO,SANTA MARÍA,80 a 84,0
VALPARAÍSO,SANTA MARÍA,85 a 89,0
VALPARAÍSO,SANTA MARÍA,90 a 94,0
VALPARAÍSO,SANTA MARÍA,95 a 99,0
VALPARAÍSO,SANTA MARÍA,100 o más,1
VALPARAÍSO,QUILPUÉ,Total Comuna,2852
VALPARAÍSO,QUILPUÉ,0 a 4,67
VALPARAÍSO,QUILPUÉ,5 a 9,159
VALPARAÍSO,QUILPUÉ,10 a 14,179
VALPARAÍSO,QUILPUÉ,15 a 19,206
VALPARAÍSO,QUILPUÉ,20 a 24,291
VALPARAÍSO,QUILPUÉ,25 a 29,459
VALPARAÍSO,QUILPUÉ,30 a 34,352
VALPARAÍSO,QUILPUÉ,35 a 39,316
VALPARAÍSO,QUILPUÉ,40 a 44,223
VALPARAÍSO,QUILPUÉ,45 a 49,147
VALPARAÍSO,QUILPUÉ,50 a 54,109
VALPARAÍSO,QUILPUÉ,55 a 59,92
VALPARAÍSO,QUILPUÉ,60 a 64,73
VALPARAÍSO,QUILPUÉ,65 a 69,51
VALPARAÍSO,QUILPUÉ,70 a 74,57
VALPARAÍSO,QUILPUÉ,75 a 79,37
VALPARAÍSO,QUILPUÉ,80 a 84,15
VALPARAÍSO,QUILPUÉ,85 a 89,12
VALPARAÍSO,QUILPUÉ,90 a 94,7
VALPARAÍSO,QUILPUÉ,95 a 99,0
VALPARAÍSO,QUILPUÉ,100 o más,0
VALPARAÍSO,LIMACHE,Total Comuna,687
VALPARAÍSO,LIMACHE,0 a 4,11
VALPARAÍSO,LIMACHE,5 a 9,33
VALPARAÍSO,LIMACHE,10 a 14,45
VALPARAÍSO,LIMACHE,15 a 19,43
VALPARAÍSO,LIMACHE,20 a 24,58
VALPARAÍSO,LIMACHE,25 a 29,81
VALPARAÍSO,LIMACHE,30 a 34,79
VALPARAÍSO,LIMACHE,35 a 39,67
VALPARAÍSO,LIMACHE,40 a 44,58
VALPARAÍSO,LIMACHE,45 a 49,41
VALPARAÍSO,LIMACHE,50 a 54,34
VALPARAÍSO,LIMACHE,55 a 59,25
VALPARAÍSO,LIMACHE,60 a 64,16
VALPARAÍSO,LIMACHE,65 a 69,20
VALPARAÍSO,LIMACHE,70 a 74,21
VALPARAÍSO,LIMACHE,75 a 79,19
VALPARAÍSO,LIMACHE,80 a 84,15
VALPARAÍSO,LIMACHE,85 a 89,13
VALPARAÍSO,LIMACHE,90 a 94,6
VALPARAÍSO,LIMACHE,95 a 99,2
VALPARAÍSO,LIMACHE,100 o más,0
VALPARAÍSO,OLMUÉ,Total Comuna,303
VALPARAÍSO,OLMUÉ,0 a 4,7
VALPARAÍSO,OLMUÉ,5 a 9,23
VALPARAÍSO,OLMUÉ,10 a 14,27
VALPARAÍSO,OLMUÉ,15 a 19,12
VALPARAÍSO,OLMUÉ,20 a 24,15
VALPARAÍSO,OLMUÉ,25 a 29,30
VALPARAÍSO,OLMUÉ,30 a 34,31
VALPARAÍSO,OLMUÉ,35 a 39,20
VALPARAÍSO,OLMUÉ,40 a 44,32
VALPARAÍSO,OLMUÉ,45 a 49,19
VALPARAÍSO,OLMUÉ,50 a 54,11
VALPARAÍSO,OLMUÉ,55 a 59,14
VALPARAÍSO,OLMUÉ,60 a 64,10
VALPARAÍSO,OLMUÉ,65 a 69,16
VALPARAÍSO,OLMUÉ,70 a 74,11
VALPARAÍSO,OLMUÉ,75 a 79,7
VALPARAÍSO,OLMUÉ,80 a 84,5
VALPARAÍSO,OLMUÉ,85 a 89,6
VALPARAÍSO,OLMUÉ,90 a 94,4
VALPARAÍSO,OLMUÉ,95 a 99,3
VALPARAÍSO,OLMUÉ,100 o más,0
VALPARAÍSO,VILLA ALEMANA,Total Comuna,1997
VALPARAÍSO,VILLA ALEMANA,0 a 4,52
VALPARAÍSO,VILLA ALEMANA,5 a 9,110
VALPARAÍSO,VILLA ALEMANA,10 a 14,117
VALPARAÍSO,VILLA ALEMANA,15 a 19,136
VALPARAÍSO,VILLA ALEMANA,20 a 24,201
VALPARAÍSO,VILLA ALEMANA,25 a 29,301
VALPARAÍSO,VILLA ALEMANA,30 a 34,251
VALPARAÍSO,VILLA ALEMANA,35 a 39,238
VALPARAÍSO,VILLA ALEMANA,40 a 44,158
VALPARAÍSO,VILLA ALEMANA,45 a 49,101
VALPARAÍSO,VILLA ALEMANA,50 a 54,76
VALPARAÍSO,VILLA ALEMANA,55 a 59,74
VALPARAÍSO,VILLA ALEMANA,60 a 64,43
VALPARAÍSO,VILLA ALEMANA,65 a 69,35
VALPARAÍSO,VILLA ALEMANA,70 a 74,41
VALPARAÍSO,VILLA ALEMANA,75 a 79,30
VALPARAÍSO,VILLA ALEMANA,80 a 84,8
VALPARAÍSO,VILLA ALEMANA,85 a 89,15
VALPARAÍSO,VILLA ALEMANA,90 a 94,7
VALPARAÍSO,VILLA ALEMANA,95 a 99,2
VALPARAÍSO,VILLA ALEMANA,100 o más,1
METROPOLITANA DE SANTIAGO,SANTIAGO,Total Comuna,112439
METROPOLITANA DE SANTIAGO,SANTIAGO,0 a 4,2842
METROPOLITANA DE SANTIAGO,SANTIAGO,5 a 9,3403
METROPOLITANA DE SANTIAGO,SANTIAGO,10 a 14,3244
METROPOLITANA DE SANTIAGO,SANTIAGO,15 a 19,4310
METROPOLITANA DE SANTIAGO,SANTIAGO,20 a 24,13625
METROPOLITANA DE SANTIAGO,SANTIAGO,25 a 29,25119
METROPOLITANA DE SANTIAGO,SANTIAGO,30 a 34,21179
METROPOLITANA DE SANTIAGO,SANTIAGO,35 a 39,13913
METROPOLITANA DE SANTIAGO,SANTIAGO,40 a 44,8813
METROPOLITANA DE SANTIAGO,SANTIAGO,45 a 49,5846
METROPOLITANA DE SANTIAGO,SANTIAGO,50 a 54,4280
METROPOLITANA DE SANTIAGO,SANTIAGO,55 a 59,2553
METROPOLITANA DE SANTIAGO,SANTIAGO,60 a 64,1612
METROPOLITANA DE SANTIAGO,SANTIAGO,65 a 69,805
METROPOLITANA DE SANTIAGO,SANTIAGO,70 a 74,365
METROPOLITANA DE SANTIAGO,SANTIAGO,75 a 79,207
METROPOLITANA DE SANTIAGO,SANTIAGO,80 a 84,149
METROPOLITANA DE SANTIAGO,SANTIAGO,85 a 89,92
METROPOLITANA DE SANTIAGO,SANTIAGO,90 a 94,47
METROPOLITANA DE SANTIAGO,SANTIAGO,95 a 99,16
METROPOLITANA DE SANTIAGO,SANTIAGO,100 o más,19
METROPOLITANA DE SANTIAGO,CERRILLOS,Total Comuna,3947
METROPOLITANA DE SANTIAGO,CERRILLOS,0 a 4,65
METROPOLITANA DE SANTIAGO,CERRILLOS,5 a 9,147
METROPOLITANA DE SANTIAGO,CERRILLOS,10 a 14,164
METROPOLITANA DE SANTIAGO,CERRILLOS,15 a 19,220
METROPOLITANA DE SANTIAGO,CERRILLOS,20 a 24,481
METROPOLITANA DE SANTIAGO,CERRILLOS,25 a 29,617
METROPOLITANA DE SANTIAGO,CERRILLOS,30 a 34,638
METROPOLITANA DE SANTIAGO,CERRILLOS,35 a 39,499
METROPOLITANA DE SANTIAGO,CERRILLOS,40 a 44,367
METROPOLITANA DE SANTIAGO,CERRILLOS,45 a 49,262
METROPOLITANA DE SANTIAGO,CERRILLOS,50 a 54,207
METROPOLITANA DE SANTIAGO,CERRILLOS,55 a 59,118
METROPOLITANA DE SANTIAGO,CERRILLOS,60 a 64,63
METROPOLITANA DE SANTIAGO,CERRILLOS,65 a 69,34
METROPOLITANA DE SANTIAGO,CERRILLOS,70 a 74,30
METROPOLITANA DE SANTIAGO,CERRILLOS,75 a 79,18
METROPOLITANA DE SANTIAGO,CERRILLOS,80 a 84,6
METROPOLITANA DE SANTIAGO,CERRILLOS,85 a 89,3
METROPOLITANA DE SANTIAGO,CERRILLOS,90 a 94,4
METROPOLITANA DE SANTIAGO,CERRILLOS,95 a 99,3
METROPOLITANA DE SANTIAGO,CERRILLOS,100 o más,1
METROPOLITANA DE SANTIAGO,CERRO NAVIA,Total Comuna,6670
METROPOLITANA DE SANTIAGO,CERRO NAVIA,0 a 4,173
METROPOLITANA DE SANTIAGO,CERRO NAVIA,5 a 9,266
METROPOLITANA DE SANTIAGO,CERRO NAVIA,10 a 14,279
METROPOLITANA DE SANTIAGO,CERRO NAVIA,15 a 19,361
METROPOLITANA DE SANTIAGO,CERRO NAVIA,20 a 24,937
METROPOLITANA DE SANTIAGO,CERRO NAVIA,25 a 29,1140
METROPOLITANA DE SANTIAGO,CERRO NAVIA,30 a 34,1078
METROPOLITANA DE SANTIAGO,CERRO NAVIA,35 a 39,831
METROPOLITANA DE SANTIAGO,CERRO NAVIA,40 a 44,587
METROPOLITANA DE SANTIAGO,CERRO NAVIA,45 a 49,405
METROPOLITANA DE SANTIAGO,CERRO NAVIA,50 a 54,262
METROPOLITANA DE SANTIAGO,CERRO NAVIA,55 a 59,160
METROPOLITANA DE SANTIAGO,CERRO NAVIA,60 a 64,92
METROPOLITANA DE SANTIAGO,CERRO NAVIA,65 a 69,32
METROPOLITANA DE SANTIAGO,CERRO NAVIA,70 a 74,31
METROPOLITANA DE SANTIAGO,CERRO NAVIA,75 a 79,11
METROPOLITANA DE SANTIAGO,CERRO NAVIA,80 a 84,10
METROPOLITANA DE SANTIAGO,CERRO NAVIA,85 a 89,10
METROPOLITANA DE SANTIAGO,CERRO NAVIA,90 a 94,2
METROPOLITANA DE SANTIAGO,CERRO NAVIA,95 a 99,1
METROPOLITANA DE SANTIAGO,CERRO NAVIA,100 o más,2
METROPOLITANA DE SANTIAGO,CONCHALÍ,Total Comuna,9767
METROPOLITANA DE SANTIAGO,CONCHALÍ,0 a 4,221
METROPOLITANA DE SANTIAGO,CONCHALÍ,5 a 9,335
METROPOLITANA DE SANTIAGO,CONCHALÍ,10 a 14,443
METROPOLITANA DE SANTIAGO,CONCHALÍ,15 a 19,532
METROPOLITANA DE SANTIAGO,CONCHALÍ,20 a 24,1244
METROPOLITANA DE SANTIAGO,CONCHALÍ,25 a 29,1672
METROPOLITANA DE SANTIAGO,CONCHALÍ,30 a 34,1537
METROPOLITANA DE SANTIAGO,CONCHALÍ,35 a 39,1177
METROPOLITANA DE SANTIAGO,CONCHALÍ,40 a 44,913
METROPOLITANA DE SANTIAGO,CONCHALÍ,45 a 49,687
METROPOLITANA DE SANTIAGO,CONCHALÍ,50 a 54,423
METROPOLITANA DE SANTIAGO,CONCHALÍ,55 a 59,263
METROPOLITANA DE SANTIAGO,CONCHALÍ,60 a 64,152
METROPOLITANA DE SANTIAGO,CONCHALÍ,65 a 69,64
METROPOLITANA DE SANTIAGO,CONCHALÍ,70 a 74,39
METROPOLITANA DE SANTIAGO,CONCHALÍ,75 a 79,23
METROPOLITANA DE SANTIAGO,CONCHALÍ,80 a 84,16
METROPOLITANA DE SANTIAGO,CONCHALÍ,85 a 89,16
METROPOLITANA DE SANTIAGO,CONCHALÍ,90 a 94,6
METROPOLITANA DE SANTIAGO,CONCHALÍ,95 a 99,3
METROPOLITANA DE SANTIAGO,CONCHALÍ,100 o más,1
METROPOLITANA DE SANTIAGO,EL BOSQUE,Total Comuna,4130
METROPOLITANA DE SANTIAGO,EL BOSQUE,0 a 4,82
METROPOLITANA DE SANTIAGO,EL BOSQUE,5 a 9,122
METROPOLITANA DE SANTIAGO,EL BOSQUE,10 a 14,120
METROPOLITANA DE SANTIAGO,EL BOSQUE,15 a 19,223
METROPOLITANA DE SANTIAGO,EL BOSQUE,20 a 24,567
METROPOLITANA DE SANTIAGO,EL BOSQUE,25 a 29,807
METROPOLITANA DE SANTIAGO,EL BOSQUE,30 a 34,714
METROPOLITANA DE SANTIAGO,EL BOSQUE,35 a 39,534
METROPOLITANA DE SANTIAGO,EL BOSQUE,40 a 44,314
METROPOLITANA DE SANTIAGO,EL BOSQUE,45 a 49,207
METROPOLITANA DE SANTIAGO,EL BOSQUE,50 a 54,150
METROPOLITANA DE SANTIAGO,EL BOSQUE,55 a 59,98
METROPOLITANA DE SANTIAGO,EL BOSQUE,60 a 64,63
METROPOLITANA DE SANTIAGO,EL BOSQUE,65 a 69,38
METROPOLITANA DE SANTIAGO,EL BOSQUE,70 a 74,25
METROPOLITANA DE SANTIAGO,EL BOSQUE,75 a 79,24
METROPOLITANA DE SANTIAGO,EL BOSQUE,80 a 84,17
METROPOLITANA DE SANTIAGO,EL BOSQUE,85 a 89,13
METROPOLITANA DE SANTIAGO,EL BOSQUE,90 a 94,10
METROPOLITANA DE SANTIAGO,EL BOSQUE,95 a 99,2
METROPOLITANA DE SANTIAGO,EL BOSQUE,100 o más,0
METROPOLITANA DE SANTIAGO,ESTACIÓN CENTRAL,Total Comuna,22935
METROPOLITANA DE SANTIAGO,ESTACIÓN CENTRAL,0 a 4,582
METROPOLITANA DE SANTIAGO,ESTACIÓN CENTRAL,5 a 9,845
METROPOLITANA DE SANTIAGO,ESTACIÓN CENTRAL,10 a 14,783
METROPOLITANA DE SANTIAGO,ESTACIÓN CENTRAL,15 a 19,1008
METROPOLITANA DE SANTIAGO,ESTACIÓN CENTRAL,20 a 24,3010
METROPOLITANA DE SANTIAGO,ESTACIÓN CENTRAL,25 a 29,4539
METROPOLITANA DE SANTIAGO,ESTACIÓN CENTRAL,30 a 34,4072
METROPOLITANA DE SANTIAGO,ESTACIÓN CENTRAL,35 a 39,2954
METROPOLITANA DE SANTIAGO,ESTACIÓN CENTRAL,40 a 44,1962
METROPOLITANA DE SANTIAGO,ESTACIÓN CENTRAL,45 a 49,1254
METROPOLITANA DE SANTIAGO,ESTACIÓN CENTRAL,50 a 54,821
METROPOLITANA DE SANTIAGO,ESTACIÓN CENTRAL,55 a 59,509
METROPOLITANA DE SANTIAGO,ESTACIÓN CENTRAL,60 a 64,286
METROPOLITANA DE SANTIAGO,ESTACIÓN CENTRAL,65 a 69,151
METROPOLITANA DE SANTIAGO,ESTACIÓN CENTRAL,70 a 74,65
METROPOLITANA DE SANTIAGO,ESTACIÓN CENTRAL,75 a 79,32
METROPOLITANA DE SANTIAGO,ESTACIÓN CENTRAL,80 a 84,28
METROPOLITANA DE SANTIAGO,ESTACIÓN CENTRAL,85 a 89,24
METROPOLITANA DE SANTIAGO,ESTACIÓN CENTRAL,90 a 94,4
METROPOLITANA DE SANTIAGO,ESTACIÓN CENTRAL,95 a 99,3
METROPOLITANA DE SANTIAGO,ESTACIÓN CENTRAL,100 o más,3
METROPOLITANA DE SANTIAGO,HUECHURABA,Total Comuna,5063
METROPOLITANA DE SANTIAGO,HUECHURABA,0 a 4,121
METROPOLITANA DE SANTIAGO,HUECHURABA,5 a 9,245
METROPOLITANA DE SANTIAGO,HUECHURABA,10 a 14,264
METROPOLITANA DE SANTIAGO,HUECHURABA,15 a 19,276
METROPOLITANA DE SANTIAGO,HUECHURABA,20 a 24,426
METROPOLITANA DE SANTIAGO,HUECHURABA,25 a 29,526
METROPOLITANA DE SANTIAGO,HUECHURABA,30 a 34,728
METROPOLITANA DE SANTIAGO,HUECHURABA,35 a 39,751
METROPOLITANA DE SANTIAGO,HUECHURABA,40 a 44,627
METROPOLITANA DE SANTIAGO,HUECHURABA,45 a 49,402
METROPOLITANA DE SANTIAGO,HUECHURABA,50 a 54,282
METROPOLITANA DE SANTIAGO,HUECHURABA,55 a 59,167
METROPOLITANA DE SANTIAGO,HUECHURABA,60 a 64,93
METROPOLITANA DE SANTIAGO,HUECHURABA,65 a 69,62
METROPOLITANA DE SANTIAGO,HUECHURABA,70 a 74,48
METROPOLITANA DE SANTIAGO,HUECHURABA,75 a 79,16
METROPOLITANA DE SANTIAGO,HUECHURABA,80 a 84,14
METROPOLITANA DE SANTIAGO,HUECHURABA,85 a 89,6
METROPOLITANA DE SANTIAGO,HUECHURABA,90 a 94,6
METROPOLITANA DE SANTIAGO,HUECHURABA,95 a 99,1
METROPOLITANA DE SANTIAGO,HUECHURABA,100 o más,2
METROPOLITANA DE SANTIAGO,INDEPENDENCIA,Total Comuna,30324
METROPOLITANA DE SANTIAGO,INDEPENDENCIA,0 a 4,793
METROPOLITANA DE SANTIAGO,INDEPENDENCIA,5 a 9,1080
METROPOLITANA DE SANTIAGO,INDEPENDENCIA,10 a 14,1079
METROPOLITANA DE SANTIAGO,INDEPENDENCIA,15 a 19,1412
METROPOLITANA DE SANTIAGO,INDEPENDENCIA,20 a 24,4255
METROPOLITANA DE SANTIAGO,INDEPENDENCIA,25 a 29,5748
METROPOLITANA DE SANTIAGO,INDEPENDENCIA,30 a 34,5035
METROPOLITANA DE SANTIAGO,INDEPENDENCIA,35 a 39,3656
METROPOLITANA DE SANTIAGO,INDEPENDENCIA,40 a 44,2640
METROPOLITANA DE SANTIAGO,INDEPENDENCIA,45 a 49,1901
METROPOLITANA DE SANTIAGO,INDEPENDENCIA,50 a 54,1233
METROPOLITANA DE SANTIAGO,INDEPENDENCIA,55 a 59,702
METROPOLITANA DE SANTIAGO,INDEPENDENCIA,60 a 64,391
METROPOLITANA DE SANTIAGO,INDEPENDENCIA,65 a 69,184
METROPOLITANA DE SANTIAGO,INDEPENDENCIA,70 a 74,89
METROPOLITANA DE SANTIAGO,INDEPENDENCIA,75 a 79,48
METROPOLITANA DE SANTIAGO,INDEPENDENCIA,80 a 84,33
METROPOLITANA DE SANTIAGO,INDEPENDENCIA,85 a 89,21
METROPOLITANA DE SANTIAGO,INDEPENDENCIA,90 a 94,13
METROPOLITANA DE SANTIAGO,INDEPENDENCIA,95 a 99,6
METROPOLITANA DE SANTIAGO,INDEPENDENCIA,100 o más,5
METROPOLITANA DE SANTIAGO,LA CISTERNA,Total Comuna,5034
METROPOLITANA DE SANTIAGO,LA CISTERNA,0 a 4,137
METROPOLITANA DE SANTIAGO,LA CISTERNA,5 a 9,199
METROPOLITANA DE SANTIAGO,LA CISTERNA,10 a 14,183
METROPOLITANA DE SANTIAGO,LA CISTERNA,15 a 19,271
METROPOLITANA DE SANTIAGO,LA CISTERNA,20 a 24,609
METROPOLITANA DE SANTIAGO,LA CISTERNA,25 a 29,970
METROPOLITANA DE SANTIAGO,LA CISTERNA,30 a 34,814
METROPOLITANA DE SANTIAGO,LA CISTERNA,35 a 39,598
METROPOLITANA DE SANTIAGO,LA CISTERNA,40 a 44,433
METROPOLITANA DE SANTIAGO,LA CISTERNA,45 a 49,260
METROPOLITANA DE SANTIAGO,LA CISTERNA,50 a 54,186
METROPOLITANA DE SANTIAGO,LA CISTERNA,55 a 59,129
METROPOLITANA DE SANTIAGO,LA CISTERNA,60 a 64,91
METROPOLITANA DE SANTIAGO,LA CISTERNA,65 a 69,50
METROPOLITANA DE SANTIAGO,LA CISTERNA,70 a 74,28
METROPOLITANA DE SANTIAGO,LA CISTERNA,75 a 79,18
METROPOLITANA DE SANTIAGO,LA CISTERNA,80 a 84,24
METROPOLITANA DE SANTIAGO,LA CISTERNA,85 a 89,19
METROPOLITANA DE SANTIAGO,LA CISTERNA,90 a 94,10
METROPOLITANA DE SANTIAGO,LA CISTERNA,95 a 99,3
METROPOLITANA DE SANTIAGO,LA CISTERNA,100 o más,2
METROPOLITANA DE SANTIAGO,LA FLORIDA,Total Comuna,13775
METROPOLITANA DE SANTIAGO,LA FLORIDA,0 a 4,324
METROPOLITANA DE SANTIAGO,LA FLORIDA,5 a 9,539
METROPOLITANA DE SANTIAGO,LA FLORIDA,10 a 14,528
METROPOLITANA DE SANTIAGO,LA FLORIDA,15 a 19,695
METROPOLITANA DE SANTIAGO,LA FLORIDA,20 a 24,1507
METROPOLITANA DE SANTIAGO,LA FLORIDA,25 a 29,2241
METROPOLITANA DE SANTIAGO,LA FLORIDA,30 a 34,1946
METROPOLITANA DE SANTIAGO,LA FLORIDA,35 a 39,1718
METROPOLITANA DE SANTIAGO,LA FLORIDA,40 a 44,1277
METROPOLITANA DE SANTIAGO,LA FLORIDA,45 a 49,905
METROPOLITANA DE SANTIAGO,LA FLORIDA,50 a 54,728
METROPOLITANA DE SANTIAGO,LA FLORIDA,55 a 59,486
METROPOLITANA DE SANTIAGO,LA FLORIDA,60 a 64,318
METROPOLITANA DE SANTIAGO,LA FLORIDA,65 a 69,196
METROPOLITANA DE SANTIAGO,LA FLORIDA,70 a 74,124
METROPOLITANA DE SANTIAGO,LA FLORIDA,75 a 79,82
METROPOLITANA DE SANTIAGO,LA FLORIDA,80 a 84,71
METROPOLITANA DE SANTIAGO,LA FLORIDA,85 a 89,41
METROPOLITANA DE SANTIAGO,LA FLORIDA,90 a 94,36
METROPOLITANA DE SANTIAGO,LA FLORIDA,95 a 99,12
METROPOLITANA DE SANTIAGO,LA FLORIDA,100 o más,1
METROPOLITANA DE SANTIAGO,LA GRANJA,Total Comuna,3585
METROPOLITANA DE SANTIAGO,LA GRANJA,0 a 4,92
METROPOLITANA DE SANTIAGO,LA GRANJA,5 a 9,141
METROPOLITANA DE SANTIAGO,LA GRANJA,10 a 14,147
METROPOLITANA DE SANTIAGO,LA GRANJA,15 a 19,189
METROPOLITANA DE SANTIAGO,LA GRANJA,20 a 24,478
METROPOLITANA DE SANTIAGO,LA GRANJA,25 a 29,613
METROPOLITANA DE SANTIAGO,LA GRANJA,30 a 34,573
METROPOLITANA DE SANTIAGO,LA GRANJA,35 a 39,441
METROPOLITANA DE SANTIAGO,LA GRANJA,40 a 44,304
METROPOLITANA DE SANTIAGO,LA GRANJA,45 a 49,217
METROPOLITANA DE SANTIAGO,LA GRANJA,50 a 54,146
METROPOLITANA DE SANTIAGO,LA GRANJA,55 a 59,101
METROPOLITANA DE SANTIAGO,LA GRANJA,60 a 64,62
METROPOLITANA DE SANTIAGO,LA GRANJA,65 a 69,36
METROPOLITANA DE SANTIAGO,LA GRANJA,70 a 74,17
METROPOLITANA DE SANTIAGO,LA GRANJA,75 a 79,9
METROPOLITANA DE SANTIAGO,LA GRANJA,80 a 84,9
METROPOLITANA DE SANTIAGO,LA GRANJA,85 a 89,4
METROPOLITANA DE SANTIAGO,LA GRANJA,90 a 94,3
METROPOLITANA DE SANTIAGO,LA GRANJA,95 a 99,1
METROPOLITANA DE SANTIAGO,LA GRANJA,100 o más,2
METROPOLITANA DE SANTIAGO,LA PINTANA,Total Comuna,2930
METROPOLITANA DE SANTIAGO,LA PINTANA,0 a 4,64
METROPOLITANA DE SANTIAGO,LA PINTANA,5 a 9,99
METROPOLITANA DE SANTIAGO,LA PINTANA,10 a 14,112
METROPOLITANA DE SANTIAGO,LA PINTANA,15 a 19,174
METROPOLITANA DE SANTIAGO,LA PINTANA,20 a 24,427
METROPOLITANA DE SANTIAGO,LA PINTANA,25 a 29,515
METROPOLITANA DE SANTIAGO,LA PINTANA,30 a 34,484
METROPOLITANA DE SANTIAGO,LA PINTANA,35 a 39,375
METROPOLITANA DE SANTIAGO,LA PINTANA,40 a 44,242
METROPOLITANA DE SANTIAGO,LA PINTANA,45 a 49,165
METROPOLITANA DE SANTIAGO,LA PINTANA,50 a 54,101
METROPOLITANA DE SANTIAGO,LA PINTANA,55 a 59,76
METROPOLITANA DE SANTIAGO,LA PINTANA,60 a 64,30
METROPOLITANA DE SANTIAGO,LA PINTANA,65 a 69,25
METROPOLITANA DE SANTIAGO,LA PINTANA,70 a 74,20
METROPOLITANA DE SANTIAGO,LA PINTANA,75 a 79,10
METROPOLITANA DE SANTIAGO,LA PINTANA,80 a 84,7
METROPOLITANA DE SANTIAGO,LA PINTANA,85 a 89,2
METROPOLITANA DE SANTIAGO,LA PINTANA,90 a 94,1
METROPOLITANA DE SANTIAGO,LA PINTANA,95 a 99,0
METROPOLITANA DE SANTIAGO,LA PINTANA,100 o más,1
METROPOLITANA DE SANTIAGO,LA REINA,Total Comuna,5414
METROPOLITANA DE SANTIAGO,LA REINA,0 a 4,97
METROPOLITANA DE SANTIAGO,LA REINA,5 a 9,209
METROPOLITANA DE SANTIAGO,LA REINA,10 a 14,263
METROPOLITANA DE SANTIAGO,LA REINA,15 a 19,266
METROPOLITANA DE SANTIAGO,LA REINA,20 a 24,390
METROPOLITANA DE SANTIAGO,LA REINA,25 a 29,553
METROPOLITANA DE SANTIAGO,LA REINA,30 a 34,563
METROPOLITANA DE SANTIAGO,LA REINA,35 a 39,655
METROPOLITANA DE SANTIAGO,LA REINA,40 a 44,611
METROPOLITANA DE SANTIAGO,LA REINA,45 a 49,474
METROPOLITANA DE SANTIAGO,LA REINA,50 a 54,364
METROPOLITANA DE SANTIAGO,LA REINA,55 a 59,261
METROPOLITANA DE SANTIAGO,LA REINA,60 a 64,184
METROPOLITANA DE SANTIAGO,LA REINA,65 a 69,167
METROPOLITANA DE SANTIAGO,LA REINA,70 a 74,109
METROPOLITANA DE SANTIAGO,LA REINA,75 a 79,71
METROPOLITANA DE SANTIAGO,LA REINA,80 a 84,69
METROPOLITANA DE SANTIAGO,LA REINA,85 a 89,60
METROPOLITANA DE SANTIAGO,LA REINA,90 a 94,33
METROPOLITANA DE SANTIAGO,LA REINA,95 a 99,13
METROPOLITANA DE SANTIAGO,LA REINA,100 o más,2
METROPOLITANA DE SANTIAGO,LAS CONDES,Total Comuna,31012
METROPOLITANA DE SANTIAGO,LAS CONDES,0 a 4,871
METROPOLITANA DE SANTIAGO,LAS CONDES,5 a 9,1302
METROPOLITANA DE SANTIAGO,LAS CONDES,10 a 14,1222
METROPOLITANA DE SANTIAGO,LAS CONDES,15 a 19,1193
METROPOLITANA DE SANTIAGO,LAS CONDES,20 a 24,1627
METROPOLITANA DE SANTIAGO,LAS CONDES,25 a 29,3201
METROPOLITANA DE SANTIAGO,LAS CONDES,30 a 34,4227
METROPOLITANA DE SANTIAGO,LAS CONDES,35 a 39,4132
METROPOLITANA DE SANTIAGO,LAS CONDES,40 a 44,3438
METROPOLITANA DE SANTIAGO,LAS CONDES,45 a 49,2599
METROPOLITANA DE SANTIAGO,LAS CONDES,50 a 54,1891
METROPOLITANA DE SANTIAGO,LAS CONDES,55 a 59,1370
METROPOLITANA DE SANTIAGO,LAS CONDES,60 a 64,988
METROPOLITANA DE SANTIAGO,LAS CONDES,65 a 69,757
METROPOLITANA DE SANTIAGO,LAS CONDES,70 a 74,608
METROPOLITANA DE SANTIAGO,LAS CONDES,75 a 79,487
METROPOLITANA DE SANTIAGO,LAS CONDES,80 a 84,463
METROPOLITANA DE SANTIAGO,LAS CONDES,85 a 89,347
METROPOLITANA DE SANTIAGO,LAS CONDES,90 a 94,203
METROPOLITANA DE SANTIAGO,LAS CONDES,95 a 99,63
METROPOLITANA DE SANTIAGO,LAS CONDES,100 o más,23
METROPOLITANA DE SANTIAGO,LO BARNECHEA,Total Comuna,10846
METROPOLITANA DE SANTIAGO,LO BARNECHEA,0 a 4,321
METROPOLITANA DE SANTIAGO,LO BARNECHEA,5 a 9,816
METROPOLITANA DE SANTIAGO,LO BARNECHEA,10 a 14,915
METROPOLITANA DE SANTIAGO,LO BARNECHEA,15 a 19,770
METROPOLITANA DE SANTIAGO,LO BARNECHEA,20 a 24,592
METROPOLITANA DE SANTIAGO,LO BARNECHEA,25 a 29,554
METROPOLITANA DE SANTIAGO,LO BARNECHEA,30 a 34,610
METROPOLITANA DE SANTIAGO,LO BARNECHEA,35 a 39,1123
METROPOLITANA DE SANTIAGO,LO BARNECHEA,40 a 44,1557
METROPOLITANA DE SANTIAGO,LO BARNECHEA,45 a 49,1344
METROPOLITANA DE SANTIAGO,LO BARNECHEA,50 a 54,922
METROPOLITANA DE SANTIAGO,LO BARNECHEA,55 a 59,504
METROPOLITANA DE SANTIAGO,LO BARNECHEA,60 a 64,284
METROPOLITANA DE SANTIAGO,LO BARNECHEA,65 a 69,170
METROPOLITANA DE SANTIAGO,LO BARNECHEA,70 a 74,111
METROPOLITANA DE SANTIAGO,LO BARNECHEA,75 a 79,80
METROPOLITANA DE SANTIAGO,LO BARNECHEA,80 a 84,65
METROPOLITANA DE SANTIAGO,LO BARNECHEA,85 a 89,50
METROPOLITANA DE SANTIAGO,LO BARNECHEA,90 a 94,37
METROPOLITANA DE SANTIAGO,LO BARNECHEA,95 a 99,13
METROPOLITANA DE SANTIAGO,LO BARNECHEA,100 o más,8
METROPOLITANA DE SANTIAGO,LO ESPEJO,Total Comuna,3933
METROPOLITANA DE SANTIAGO,LO ESPEJO,0 a 4,97
METROPOLITANA DE SANTIAGO,LO ESPEJO,5 a 9,128
METROPOLITANA DE SANTIAGO,LO ESPEJO,10 a 14,125
METROPOLITANA DE SANTIAGO,LO ESPEJO,15 a 19,154
METROPOLITANA DE SANTIAGO,LO ESPEJO,20 a 24,562
METROPOLITANA DE SANTIAGO,LO ESPEJO,25 a 29,841
METROPOLITANA DE SANTIAGO,LO ESPEJO,30 a 34,742
METROPOLITANA DE SANTIAGO,LO ESPEJO,35 a 39,529
METROPOLITANA DE SANTIAGO,LO ESPEJO,40 a 44,323
METROPOLITANA DE SANTIAGO,LO ESPEJO,45 a 49,174
METROPOLITANA DE SANTIAGO,LO ESPEJO,50 a 54,115
METROPOLITANA DE SANTIAGO,LO ESPEJO,55 a 59,60
METROPOLITANA DE SANTIAGO,LO ESPEJO,60 a 64,43
METROPOLITANA DE SANTIAGO,LO ESPEJO,65 a 69,7
METROPOLITANA DE SANTIAGO,LO ESPEJO,70 a 74,12
METROPOLITANA DE SANTIAGO,LO ESPEJO,75 a 79,8
METROPOLITANA DE SANTIAGO,LO ESPEJO,80 a 84,4
METROPOLITANA DE SANTIAGO,LO ESPEJO,85 a 89,5
METROPOLITANA DE SANTIAGO,LO ESPEJO,90 a 94,4
METROPOLITANA DE SANTIAGO,LO ESPEJO,95 a 99,0
METROPOLITANA DE SANTIAGO,LO ESPEJO,100 o más,0
METROPOLITANA DE SANTIAGO,LO PRADO,Total Comuna,6877
METROPOLITANA DE SANTIAGO,LO PRADO,0 a 4,125
METROPOLITANA DE SANTIAGO,LO PRADO,5 a 9,232
METROPOLITANA DE SANTIAGO,LO PRADO,10 a 14,282
METROPOLITANA DE SANTIAGO,LO PRADO,15 a 19,392
METROPOLITANA DE SANTIAGO,LO PRADO,20 a 24,815
METROPOLITANA DE SANTIAGO,LO PRADO,25 a 29,1143
METROPOLITANA DE SANTIAGO,LO PRADO,30 a 34,1061
METROPOLITANA DE SANTIAGO,LO PRADO,35 a 39,922
METROPOLITANA DE SANTIAGO,LO PRADO,40 a 44,642
METROPOLITANA DE SANTIAGO,LO PRADO,45 a 49,463
METROPOLITANA DE SANTIAGO,LO PRADO,50 a 54,309
METROPOLITANA DE SANTIAGO,LO PRADO,55 a 59,212
METROPOLITANA DE SANTIAGO,LO PRADO,60 a 64,141
METROPOLITANA DE SANTIAGO,LO PRADO,65 a 69,64
METROPOLITANA DE SANTIAGO,LO PRADO,70 a 74,32
METROPOLITANA DE SANTIAGO,LO PRADO,75 a 79,17
METROPOLITANA DE SANTIAGO,LO PRADO,80 a 84,13
METROPOLITANA DE SANTIAGO,LO PRADO,85 a 89,7
METROPOLITANA DE SANTIAGO,LO PRADO,90 a 94,2
METROPOLITANA DE SANTIAGO,LO PRADO,95 a 99,2
METROPOLITANA DE SANTIAGO,LO PRADO,100 o más,1
METROPOLITANA DE SANTIAGO,MACUL,Total Comuna,6562
METROPOLITANA DE SANTIAGO,MACUL,0 a 4,139
METROPOLITANA DE SANTIAGO,MACUL,5 a 9,277
METROPOLITANA DE SANTIAGO,MACUL,10 a 14,254
METROPOLITANA DE SANTIAGO,MACUL,15 a 19,298
METROPOLITANA DE SANTIAGO,MACUL,20 a 24,704
METROPOLITANA DE SANTIAGO,MACUL,25 a 29,1067
METROPOLITANA DE SANTIAGO,MACUL,30 a 34,987
METROPOLITANA DE SANTIAGO,MACUL,35 a 39,888
METROPOLITANA DE SANTIAGO,MACUL,40 a 44,625
METROPOLITANA DE SANTIAGO,MACUL,45 a 49,422
METROPOLITANA DE SANTIAGO,MACUL,50 a 54,307
METROPOLITANA DE SANTIAGO,MACUL,55 a 59,194
METROPOLITANA DE SANTIAGO,MACUL,60 a 64,137
METROPOLITANA DE SANTIAGO,MACUL,65 a 69,84
METROPOLITANA DE SANTIAGO,MACUL,70 a 74,54
METROPOLITANA DE SANTIAGO,MACUL,75 a 79,55
METROPOLITANA DE SANTIAGO,MACUL,80 a 84,33
METROPOLITANA DE SANTIAGO,MACUL,85 a 89,23
METROPOLITANA DE SANTIAGO,MACUL,90 a 94,8
METROPOLITANA DE SANTIAGO,MACUL,95 a 99,5
METROPOLITANA DE SANTIAGO,MACUL,100 o más,1
METROPOLITANA DE SANTIAGO,MAIPÚ,Total Comuna,13033
METROPOLITANA DE SANTIAGO,MAIPÚ,0 a 4,292
METROPOLITANA DE SANTIAGO,MAIPÚ,5 a 9,485
METROPOLITANA DE SANTIAGO,MAIPÚ,10 a 14,583
METROPOLITANA DE SANTIAGO,MAIPÚ,15 a 19,751
METROPOLITANA DE SANTIAGO,MAIPÚ,20 a 24,1379
METROPOLITANA DE SANTIAGO,MAIPÚ,25 a 29,1932
METROPOLITANA DE SANTIAGO,MAIPÚ,30 a 34,1842
METROPOLITANA DE SANTIAGO,MAIPÚ,35 a 39,1722
METROPOLITANA DE SANTIAGO,MAIPÚ,40 a 44,1284
METROPOLITANA DE SANTIAGO,MAIPÚ,45 a 49,864
METROPOLITANA DE SANTIAGO,MAIPÚ,50 a 54,704
METROPOLITANA DE SANTIAGO,MAIPÚ,55 a 59,440
METROPOLITANA DE SANTIAGO,MAIPÚ,60 a 64,308
METROPOLITANA DE SANTIAGO,MAIPÚ,65 a 69,171
METROPOLITANA DE SANTIAGO,MAIPÚ,70 a 74,114
METROPOLITANA DE SANTIAGO,MAIPÚ,75 a 79,52
METROPOLITANA DE SANTIAGO,MAIPÚ,80 a 84,52
METROPOLITANA DE SANTIAGO,MAIPÚ,85 a 89,35
METROPOLITANA DE SANTIAGO,MAIPÚ,90 a 94,17
METROPOLITANA DE SANTIAGO,MAIPÚ,95 a 99,5
METROPOLITANA DE SANTIAGO,MAIPÚ,100 o más,1
METROPOLITANA DE SANTIAGO,ÑUÑOA,Total Comuna,16289
METROPOLITANA DE SANTIAGO,ÑUÑOA,0 a 4,421
METROPOLITANA DE SANTIAGO,ÑUÑOA,5 a 9,644
METROPOLITANA DE SANTIAGO,ÑUÑOA,10 a 14,533
METROPOLITANA DE SANTIAGO,ÑUÑOA,15 a 19,545
METROPOLITANA DE SANTIAGO,ÑUÑOA,20 a 24,1056
METROPOLITANA DE SANTIAGO,ÑUÑOA,25 a 29,2526
METROPOLITANA DE SANTIAGO,ÑUÑOA,30 a 34,3028
METROPOLITANA DE SANTIAGO,ÑUÑOA,35 a 39,2504
METROPOLITANA DE SANTIAGO,ÑUÑOA,40 a 44,1563
METROPOLITANA DE SANTIAGO,ÑUÑOA,45 a 49,989
METROPOLITANA DE SANTIAGO,ÑUÑOA,50 a 54,695
METROPOLITANA DE SANTIAGO,ÑUÑOA,55 a 59,509
METROPOLITANA DE SANTIAGO,ÑUÑOA,60 a 64,365
METROPOLITANA DE SANTIAGO,ÑUÑOA,65 a 69,272
METROPOLITANA DE SANTIAGO,ÑUÑOA,70 a 74,189
METROPOLITANA DE SANTIAGO,ÑUÑOA,75 a 79,146
METROPOLITANA DE SANTIAGO,ÑUÑOA,80 a 84,121
METROPOLITANA DE SANTIAGO,ÑUÑOA,85 a 89,97
METROPOLITANA DE SANTIAGO,ÑUÑOA,90 a 94,57
METROPOLITANA DE SANTIAGO,ÑUÑOA,95 a 99,22
METROPOLITANA DE SANTIAGO,ÑUÑOA,100 o más,7
METROPOLITANA DE SANTIAGO,PEDRO AGUIRRE CERDA,Total Comuna,5464
METROPOLITANA DE SANTIAGO,PEDRO AGUIRRE CERDA,0 a 4,158
METROPOLITANA DE SANTIAGO,PEDRO AGUIRRE CERDA,5 a 9,227
METROPOLITANA DE SANTIAGO,PEDRO AGUIRRE CERDA,10 a 14,221
METROPOLITANA DE SANTIAGO,PEDRO AGUIRRE CERDA,15 a 19,274
METROPOLITANA DE SANTIAGO,PEDRO AGUIRRE CERDA,20 a 24,698
METROPOLITANA DE SANTIAGO,PEDRO AGUIRRE CERDA,25 a 29,1030
METROPOLITANA DE SANTIAGO,PEDRO AGUIRRE CERDA,30 a 34,940
METROPOLITANA DE SANTIAGO,PEDRO AGUIRRE CERDA,35 a 39,712
METROPOLITANA DE SANTIAGO,PEDRO AGUIRRE CERDA,40 a 44,476
METROPOLITANA DE SANTIAGO,PEDRO AGUIRRE CERDA,45 a 49,275
METROPOLITANA DE SANTIAGO,PEDRO AGUIRRE CERDA,50 a 54,162
METROPOLITANA DE SANTIAGO,PEDRO AGUIRRE CERDA,55 a 59,125
METROPOLITANA DE SANTIAGO,PEDRO AGUIRRE CERDA,60 a 64,66
METROPOLITANA DE SANTIAGO,PEDRO AGUIRRE CERDA,65 a 69,37
METROPOLITANA DE SANTIAGO,PEDRO AGUIRRE CERDA,70 a 74,27
METROPOLITANA DE SANTIAGO,PEDRO AGUIRRE CERDA,75 a 79,10
METROPOLITANA DE SANTIAGO,PEDRO AGUIRRE CERDA,80 a 84,11
METROPOLITANA DE SANTIAGO,PEDRO AGUIRRE CERDA,85 a 89,9
METROPOLITANA DE SANTIAGO,PEDRO AGUIRRE CERDA,90 a 94,3
METROPOLITANA DE SANTIAGO,PEDRO AGUIRRE CERDA,95 a 99,1
METROPOLITANA DE SANTIAGO,PEDRO AGUIRRE CERDA,100 o más,2
METROPOLITANA DE SANTIAGO,PEÑALOLÉN,Total Comuna,10877
METROPOLITANA DE SANTIAGO,PEÑALOLÉN,0 a 4,218
METROPOLITANA DE SANTIAGO,PEÑALOLÉN,5 a 9,415
METROPOLITANA DE SANTIAGO,PEÑALOLÉN,10 a 14,495
METROPOLITANA DE SANTIAGO,PEÑALOLÉN,15 a 19,643
METROPOLITANA DE SANTIAGO,PEÑALOLÉN,20 a 24,1109
METROPOLITANA DE SANTIAGO,PEÑALOLÉN,25 a 29,1314
METROPOLITANA DE SANTIAGO,PEÑALOLÉN,30 a 34,1337
METROPOLITANA DE SANTIAGO,PEÑALOLÉN,35 a 39,1366
METROPOLITANA DE SANTIAGO,PEÑALOLÉN,40 a 44,1261
METROPOLITANA DE SANTIAGO,PEÑALOLÉN,45 a 49,968
METROPOLITANA DE SANTIAGO,PEÑALOLÉN,50 a 54,665
METROPOLITANA DE SANTIAGO,PEÑALOLÉN,55 a 59,429
METROPOLITANA DE SANTIAGO,PEÑALOLÉN,60 a 64,251
METROPOLITANA DE SANTIAGO,PEÑALOLÉN,65 a 69,173
METROPOLITANA DE SANTIAGO,PEÑALOLÉN,70 a 74,95
METROPOLITANA DE SANTIAGO,PEÑALOLÉN,75 a 79,62
METROPOLITANA DE SANTIAGO,PEÑALOLÉN,80 a 84,35
METROPOLITANA DE SANTIAGO,PEÑALOLÉN,85 a 89,24
METROPOLITANA DE SANTIAGO,PEÑALOLÉN,90 a 94,13
METROPOLITANA DE SANTIAGO,PEÑALOLÉN,95 a 99,3
METROPOLITANA DE SANTIAGO,PEÑALOLÉN,100 o más,1
METROPOLITANA DE SANTIAGO,PROVIDENCIA,Total Comuna,15755
METROPOLITANA DE SANTIAGO,PROVIDENCIA,0 a 4,279
METROPOLITANA DE SANTIAGO,PROVIDENCIA,5 a 9,390
METROPOLITANA DE SANTIAGO,PROVIDENCIA,10 a 14,319
METROPOLITANA DE SANTIAGO,PROVIDENCIA,15 a 19,415
METROPOLITANA DE SANTIAGO,PROVIDENCIA,20 a 24,1381
METROPOLITANA DE SANTIAGO,PROVIDENCIA,25 a 29,2393
METROPOLITANA DE SANTIAGO,PROVIDENCIA,30 a 34,2769
METROPOLITANA DE SANTIAGO,PROVIDENCIA,35 a 39,2415
METROPOLITANA DE SANTIAGO,PROVIDENCIA,40 a 44,1502
METROPOLITANA DE SANTIAGO,PROVIDENCIA,45 a 49,1020
METROPOLITANA DE SANTIAGO,PROVIDENCIA,50 a 54,712
METROPOLITANA DE SANTIAGO,PROVIDENCIA,55 a 59,525
METROPOLITANA DE SANTIAGO,PROVIDENCIA,60 a 64,382
METROPOLITANA DE SANTIAGO,PROVIDENCIA,65 a 69,289
METROPOLITANA DE SANTIAGO,PROVIDENCIA,70 a 74,271
METROPOLITANA DE SANTIAGO,PROVIDENCIA,75 a 79,194
METROPOLITANA DE SANTIAGO,PROVIDENCIA,80 a 84,190
METROPOLITANA DE SANTIAGO,PROVIDENCIA,85 a 89,166
METROPOLITANA DE SANTIAGO,PROVIDENCIA,90 a 94,107
METROPOLITANA DE SANTIAGO,PROVIDENCIA,95 a 99,31
METROPOLITANA DE SANTIAGO,PROVIDENCIA,100 o más,5
METROPOLITANA DE SANTIAGO,PUDAHUEL,Total Comuna,6822
METROPOLITANA DE SANTIAGO,PUDAHUEL,0 a 4,150
METROPOLITANA DE SANTIAGO,PUDAHUEL,5 a 9,249
METROPOLITANA DE SANTIAGO,PUDAHUEL,10 a 14,297
METROPOLITANA DE SANTIAGO,PUDAHUEL,15 a 19,357
METROPOLITANA DE SANTIAGO,PUDAHUEL,20 a 24,799
METROPOLITANA DE SANTIAGO,PUDAHUEL,25 a 29,1080
METROPOLITANA DE SANTIAGO,PUDAHUEL,30 a 34,1022
METROPOLITANA DE SANTIAGO,PUDAHUEL,35 a 39,850
METROPOLITANA DE SANTIAGO,PUDAHUEL,40 a 44,673
METROPOLITANA DE SANTIAGO,PUDAHUEL,45 a 49,451
METROPOLITANA DE SANTIAGO,PUDAHUEL,50 a 54,362
METROPOLITANA DE SANTIAGO,PUDAHUEL,55 a 59,208
METROPOLITANA DE SANTIAGO,PUDAHUEL,60 a 64,153
METROPOLITANA DE SANTIAGO,PUDAHUEL,65 a 69,80
METROPOLITANA DE SANTIAGO,PUDAHUEL,70 a 74,42
METROPOLITANA DE SANTIAGO,PUDAHUEL,75 a 79,21
METROPOLITANA DE SANTIAGO,PUDAHUEL,80 a 84,9
METROPOLITANA DE SANTIAGO,PUDAHUEL,85 a 89,11
METROPOLITANA DE SANTIAGO,PUDAHUEL,90 a 94,6
METROPOLITANA DE SANTIAGO,PUDAHUEL,95 a 99,1
METROPOLITANA DE SANTIAGO,PUDAHUEL,100 o más,1
METROPOLITANA DE SANTIAGO,QUILICURA,Total Comuna,15752
METROPOLITANA DE SANTIAGO,QUILICURA,0 a 4,336
METROPOLITANA DE SANTIAGO,QUILICURA,5 a 9,650
METROPOLITANA DE SANTIAGO,QUILICURA,10 a 14,557
METROPOLITANA DE SANTIAGO,QUILICURA,15 a 19,695
METROPOLITANA DE SANTIAGO,QUILICURA,20 a 24,1941
METROPOLITANA DE SANTIAGO,QUILICURA,25 a 29,3019
METROPOLITANA DE SANTIAGO,QUILICURA,30 a 34,2835
METROPOLITANA DE SANTIAGO,QUILICURA,35 a 39,2167
METROPOLITANA DE SANTIAGO,QUILICURA,40 a 44,1368
METROPOLITANA DE SANTIAGO,QUILICURA,45 a 49,874
METROPOLITANA DE SANTIAGO,QUILICURA,50 a 54,564
METROPOLITANA DE SANTIAGO,QUILICURA,55 a 59,337
METROPOLITANA DE SANTIAGO,QUILICURA,60 a 64,201
METROPOLITANA DE SANTIAGO,QUILICURA,65 a 69,100
METROPOLITANA DE SANTIAGO,QUILICURA,70 a 74,44
METROPOLITANA DE SANTIAGO,QUILICURA,75 a 79,31
METROPOLITANA DE SANTIAGO,QUILICURA,80 a 84,21
METROPOLITANA DE SANTIAGO,QUILICURA,85 a 89,4
METROPOLITANA DE SANTIAGO,QUILICURA,90 a 94,0
METROPOLITANA DE SANTIAGO,QUILICURA,95 a 99,3
METROPOLITANA DE SANTIAGO,QUILICURA,100 o más,5
METROPOLITANA DE SANTIAGO,QUINTA NORMAL,Total Comuna,12058
METROPOLITANA DE SANTIAGO,QUINTA NORMAL,0 a 4,255
METROPOLITANA DE SANTIAGO,QUINTA NORMAL,5 a 9,436
METROPOLITANA DE SANTIAGO,QUINTA NORMAL,10 a 14,476
METROPOLITANA DE SANTIAGO,QUINTA NORMAL,15 a 19,704
METROPOLITANA DE SANTIAGO,QUINTA NORMAL,20 a 24,1608
METROPOLITANA DE SANTIAGO,QUINTA NORMAL,25 a 29,2038
METROPOLITANA DE SANTIAGO,QUINTA NORMAL,30 a 34,1886
METROPOLITANA DE SANTIAGO,QUINTA NORMAL,35 a 39,1445
METROPOLITANA DE SANTIAGO,QUINTA NORMAL,40 a 44,1106
METROPOLITANA DE SANTIAGO,QUINTA NORMAL,45 a 49,829
METROPOLITANA DE SANTIAGO,QUINTA NORMAL,50 a 54,538
METROPOLITANA DE SANTIAGO,QUINTA NORMAL,55 a 59,343
METROPOLITANA DE SANTIAGO,QUINTA NORMAL,60 a 64,185
METROPOLITANA DE SANTIAGO,QUINTA NORMAL,65 a 69,92
METROPOLITANA DE SANTIAGO,QUINTA NORMAL,70 a 74,46
METROPOLITANA DE SANTIAGO,QUINTA NORMAL,75 a 79,25
METROPOLITANA DE SANTIAGO,QUINTA NORMAL,80 a 84,17
METROPOLITANA DE SANTIAGO,QUINTA NORMAL,85 a 89,11
METROPOLITANA DE SANTIAGO,QUINTA NORMAL,90 a 94,8
METROPOLITANA DE SANTIAGO,QUINTA NORMAL,95 a 99,3
METROPOLITANA DE SANTIAGO,QUINTA NORMAL,100 o más,7
METROPOLITANA DE SANTIAGO,RECOLETA,Total Comuna,24065
METROPOLITANA DE SANTIAGO,RECOLETA,0 a 4,501
METROPOLITANA DE SANTIAGO,RECOLETA,5 a 9,843
METROPOLITANA DE SANTIAGO,RECOLETA,10 a 14,929
METROPOLITANA DE SANTIAGO,RECOLETA,15 a 19,1284
METROPOLITANA DE SANTIAGO,RECOLETA,20 a 24,3155
METROPOLITANA DE SANTIAGO,RECOLETA,25 a 29,3923
METROPOLITANA DE SANTIAGO,RECOLETA,30 a 34,3649
METROPOLITANA DE SANTIAGO,RECOLETA,35 a 39,3124
METROPOLITANA DE SANTIAGO,RECOLETA,40 a 44,2368
METROPOLITANA DE SANTIAGO,RECOLETA,45 a 49,1621
METROPOLITANA DE SANTIAGO,RECOLETA,50 a 54,1063
METROPOLITANA DE SANTIAGO,RECOLETA,55 a 59,736
METROPOLITANA DE SANTIAGO,RECOLETA,60 a 64,429
METROPOLITANA DE SANTIAGO,RECOLETA,65 a 69,196
METROPOLITANA DE SANTIAGO,RECOLETA,70 a 74,108
METROPOLITANA DE SANTIAGO,RECOLETA,75 a 79,61
METROPOLITANA DE SANTIAGO,RECOLETA,80 a 84,33
METROPOLITANA DE SANTIAGO,RECOLETA,85 a 89,24
METROPOLITANA DE SANTIAGO,RECOLETA,90 a 94,9
METROPOLITANA DE SANTIAGO,RECOLETA,95 a 99,5
METROPOLITANA DE SANTIAGO,RECOLETA,100 o más,4
METROPOLITANA DE SANTIAGO,RENCA,Total Comuna,5420
METROPOLITANA DE SANTIAGO,RENCA,0 a 4,100
METROPOLITANA DE SANTIAGO,RENCA,5 a 9,191
METROPOLITANA DE SANTIAGO,RENCA,10 a 14,211
METROPOLITANA DE SANTIAGO,RENCA,15 a 19,328
METROPOLITANA DE SANTIAGO,RENCA,20 a 24,612
METROPOLITANA DE SANTIAGO,RENCA,25 a 29,961
METROPOLITANA DE SANTIAGO,RENCA,30 a 34,857
METROPOLITANA DE SANTIAGO,RENCA,35 a 39,708
METROPOLITANA DE SANTIAGO,RENCA,40 a 44,545
METROPOLITANA DE SANTIAGO,RENCA,45 a 49,311
METROPOLITANA DE SANTIAGO,RENCA,50 a 54,235
METROPOLITANA DE SANTIAGO,RENCA,55 a 59,155
METROPOLITANA DE SANTIAGO,RENCA,60 a 64,89
METROPOLITANA DE SANTIAGO,RENCA,65 a 69,44
METROPOLITANA DE SANTIAGO,RENCA,70 a 74,27
METROPOLITANA DE SANTIAGO,RENCA,75 a 79,15
METROPOLITANA DE SANTIAGO,RENCA,80 a 84,11
METROPOLITANA DE SANTIAGO,RENCA,85 a 89,7
METROPOLITANA DE SANTIAGO,RENCA,90 a 94,9
METROPOLITANA DE SANTIAGO,RENCA,95 a 99,1
METROPOLITANA DE SANTIAGO,RENCA,100 o más,3
METROPOLITANA DE SANTIAGO,SAN JOAQUÍN,Total Comuna,5817
METROPOLITANA DE SANTIAGO,SAN JOAQUÍN,0 a 4,133
METROPOLITANA DE SANTIAGO,SAN JOAQUÍN,5 a 9,237
METROPOLITANA DE SANTIAGO,SAN JOAQUÍN,10 a 14,219
METROPOLITANA DE SANTIAGO,SAN JOAQUÍN,15 a 19,272
METROPOLITANA DE SANTIAGO,SAN JOAQUÍN,20 a 24,776
METROPOLITANA DE SANTIAGO,SAN JOAQUÍN,25 a 29,1030
METROPOLITANA DE SANTIAGO,SAN JOAQUÍN,30 a 34,903
METROPOLITANA DE SANTIAGO,SAN JOAQUÍN,35 a 39,716
METROPOLITANA DE SANTIAGO,SAN JOAQUÍN,40 a 44,495
METROPOLITANA DE SANTIAGO,SAN JOAQUÍN,45 a 49,348
METROPOLITANA DE SANTIAGO,SAN JOAQUÍN,50 a 54,262
METROPOLITANA DE SANTIAGO,SAN JOAQUÍN,55 a 59,175
METROPOLITANA DE SANTIAGO,SAN JOAQUÍN,60 a 64,113
METROPOLITANA DE SANTIAGO,SAN JOAQUÍN,65 a 69,44
METROPOLITANA DE SANTIAGO,SAN JOAQUÍN,70 a 74,32
METROPOLITANA DE SANTIAGO,SAN JOAQUÍN,75 a 79,26
METROPOLITANA DE SANTIAGO,SAN JOAQUÍN,80 a 84,16
METROPOLITANA DE SANTIAGO,SAN JOAQUÍN,85 a 89,10
METROPOLITANA DE SANTIAGO,SAN JOAQUÍN,90 a 94,8
METROPOLITANA DE SANTIAGO,SAN JOAQUÍN,95 a 99,2
METROPOLITANA DE SANTIAGO,SAN JOAQUÍN,100 o más,0
METROPOLITANA DE SANTIAGO,SAN MIGUEL,Total Comuna,7840
METROPOLITANA DE SANTIAGO,SAN MIGUEL,0 a 4,225
METROPOLITANA DE SANTIAGO,SAN MIGUEL,5 a 9,323
METROPOLITANA DE SANTIAGO,SAN MIGUEL,10 a 14,297
METROPOLITANA DE SANTIAGO,SAN MIGUEL,15 a 19,321
METROPOLITANA DE SANTIAGO,SAN MIGUEL,20 a 24,843
METROPOLITANA DE SANTIAGO,SAN MIGUEL,25 a 29,1401
METROPOLITANA DE SANTIAGO,SAN MIGUEL,30 a 34,1320
METROPOLITANA DE SANTIAGO,SAN MIGUEL,35 a 39,1045
METROPOLITANA DE SANTIAGO,SAN MIGUEL,40 a 44,622
METROPOLITANA DE SANTIAGO,SAN MIGUEL,45 a 49,435
METROPOLITANA DE SANTIAGO,SAN MIGUEL,50 a 54,355
METROPOLITANA DE SANTIAGO,SAN MIGUEL,55 a 59,247
METROPOLITANA DE SANTIAGO,SAN MIGUEL,60 a 64,133
METROPOLITANA DE SANTIAGO,SAN MIGUEL,65 a 69,80
METROPOLITANA DE SANTIAGO,SAN MIGUEL,70 a 74,65
METROPOLITANA DE SANTIAGO,SAN MIGUEL,75 a 79,43
METROPOLITANA DE SANTIAGO,SAN MIGUEL,80 a 84,33
METROPOLITANA DE SANTIAGO,SAN MIGUEL,85 a 89,22
METROPOLITANA DE SANTIAGO,SAN MIGUEL,90 a 94,19
METROPOLITANA DE SANTIAGO,SAN MIGUEL,95 a 99,7
METROPOLITANA DE SANTIAGO,SAN MIGUEL,100 o más,4
METROPOLITANA DE SANTIAGO,SAN RAMÓN,Total Comuna,2741
METROPOLITANA DE SANTIAGO,SAN RAMÓN,0 a 4,63
METROPOLITANA DE SANTIAGO,SAN RAMÓN,5 a 9,87
METROPOLITANA DE SANTIAGO,SAN RAMÓN,10 a 14,93
METROPOLITANA DE SANTIAGO,SAN RAMÓN,15 a 19,139
METROPOLITANA DE SANTIAGO,SAN RAMÓN,20 a 24,353
METROPOLITANA DE SANTIAGO,SAN RAMÓN,25 a 29,519
METROPOLITANA DE SANTIAGO,SAN RAMÓN,30 a 34,439
METROPOLITANA DE SANTIAGO,SAN RAMÓN,35 a 39,347
METROPOLITANA DE SANTIAGO,SAN RAMÓN,40 a 44,273
METROPOLITANA DE SANTIAGO,SAN RAMÓN,45 a 49,172
METROPOLITANA DE SANTIAGO,SAN RAMÓN,50 a 54,97
METROPOLITANA DE SANTIAGO,SAN RAMÓN,55 a 59,67
METROPOLITANA DE SANTIAGO,SAN RAMÓN,60 a 64,41
METROPOLITANA DE SANTIAGO,SAN RAMÓN,65 a 69,24
METROPOLITANA DE SANTIAGO,SAN RAMÓN,70 a 74,11
METROPOLITANA DE SANTIAGO,SAN RAMÓN,75 a 79,5
METROPOLITANA DE SANTIAGO,SAN RAMÓN,80 a 84,7
METROPOLITANA DE SANTIAGO,SAN RAMÓN,85 a 89,2
METROPOLITANA DE SANTIAGO,SAN RAMÓN,90 a 94,2
METROPOLITANA DE SANTIAGO,SAN RAMÓN,95 a 99,0
METROPOLITANA DE SANTIAGO,SAN RAMÓN,100 o más,0
METROPOLITANA DE SANTIAGO,VITACURA,Total Comuna,9517
METROPOLITANA DE SANTIAGO,VITACURA,0 a 4,376
METROPOLITANA DE SANTIAGO,VITACURA,5 a 9,539
METROPOLITANA DE SANTIAGO,VITACURA,10 a 14,481
METROPOLITANA DE SANTIAGO,VITACURA,15 a 19,402
METROPOLITANA DE SANTIAGO,VITACURA,20 a 24,400
METROPOLITANA DE SANTIAGO,VITACURA,25 a 29,565
METROPOLITANA DE SANTIAGO,VITACURA,30 a 34,824
METROPOLITANA DE SANTIAGO,VITACURA,35 a 39,1205
METROPOLITANA DE SANTIAGO,VITACURA,40 a 44,1200
METROPOLITANA DE SANTIAGO,VITACURA,45 a 49,952
METROPOLITANA DE SANTIAGO,VITACURA,50 a 54,733
METROPOLITANA DE SANTIAGO,VITACURA,55 a 59,492
METROPOLITANA DE SANTIAGO,VITACURA,60 a 64,317
METROPOLITANA DE SANTIAGO,VITACURA,65 a 69,250
METROPOLITANA DE SANTIAGO,VITACURA,70 a 74,213
METROPOLITANA DE SANTIAGO,VITACURA,75 a 79,196
METROPOLITANA DE SANTIAGO,VITACURA,80 a 84,141
METROPOLITANA DE SANTIAGO,VITACURA,85 a 89,125
METROPOLITANA DE SANTIAGO,VITACURA,90 a 94,67
METROPOLITANA DE SANTIAGO,VITACURA,95 a 99,32
METROPOLITANA DE SANTIAGO,VITACURA,100 o más,7
METROPOLITANA DE SANTIAGO,PUENTE ALTO,Total Comuna,10390
METROPOLITANA DE SANTIAGO,PUENTE ALTO,0 a 4,188
METROPOLITANA DE SANTIAGO,PUENTE ALTO,5 a 9,366
METROPOLITANA DE SANTIAGO,PUENTE ALTO,10 a 14,422
METROPOLITANA DE SANTIAGO,PUENTE ALTO,15 a 19,573
METROPOLITANA DE SANTIAGO,PUENTE ALTO,20 a 24,1103
METROPOLITANA DE SANTIAGO,PUENTE ALTO,25 a 29,1525
METROPOLITANA DE SANTIAGO,PUENTE ALTO,30 a 34,1471
METROPOLITANA DE SANTIAGO,PUENTE ALTO,35 a 39,1430
METROPOLITANA DE SANTIAGO,PUENTE ALTO,40 a 44,1028
METROPOLITANA DE SANTIAGO,PUENTE ALTO,45 a 49,708
METROPOLITANA DE SANTIAGO,PUENTE ALTO,50 a 54,581
METROPOLITANA DE SANTIAGO,PUENTE ALTO,55 a 59,378
METROPOLITANA DE SANTIAGO,PUENTE ALTO,60 a 64,237
METROPOLITANA DE SANTIAGO,PUENTE ALTO,65 a 69,150
METROPOLITANA DE SANTIAGO,PUENTE ALTO,70 a 74,97
METROPOLITANA DE SANTIAGO,PUENTE ALTO,75 a 79,47
METROPOLITANA DE SANTIAGO,PUENTE ALTO,80 a 84,33
METROPOLITANA DE SANTIAGO,PUENTE ALTO,85 a 89,35
METROPOLITANA DE SANTIAGO,PUENTE ALTO,90 a 94,14
METROPOLITANA DE SANTIAGO,PUENTE ALTO,95 a 99,2
METROPOLITANA DE SANTIAGO,PUENTE ALTO,100 o más,2
METROPOLITANA DE SANTIAGO,PIRQUE,Total Comuna,550
METROPOLITANA DE SANTIAGO,PIRQUE,0 a 4,8
METROPOLITANA DE SANTIAGO,PIRQUE,5 a 9,23
METROPOLITANA DE SANTIAGO,PIRQUE,10 a 14,21
METROPOLITANA DE SANTIAGO,PIRQUE,15 a 19,20
METROPOLITANA DE SANTIAGO,PIRQUE,20 a 24,32
METROPOLITANA DE SANTIAGO,PIRQUE,25 a 29,61
METROPOLITANA DE SANTIAGO,PIRQUE,30 a 34,70
METROPOLITANA DE SANTIAGO,PIRQUE,35 a 39,76
METROPOLITANA DE SANTIAGO,PIRQUE,40 a 44,52
METROPOLITANA DE SANTIAGO,PIRQUE,45 a 49,47
METROPOLITANA DE SANTIAGO,PIRQUE,50 a 54,37
METROPOLITANA DE SANTIAGO,PIRQUE,55 a 59,24
METROPOLITANA DE SANTIAGO,PIRQUE,60 a 64,29
METROPOLITANA DE SANTIAGO,PIRQUE,65 a 69,18
METROPOLITANA DE SANTIAGO,PIRQUE,70 a 74,8
METROPOLITANA DE SANTIAGO,PIRQUE,75 a 79,6
METROPOLITANA DE SANTIAGO,PIRQUE,80 a 84,8
METROPOLITANA DE SANTIAGO,PIRQUE,85 a 89,5
METROPOLITANA DE SANTIAGO,PIRQUE,90 a 94,3
METROPOLITANA DE SANTIAGO,PIRQUE,95 a 99,2
METROPOLITANA DE SANTIAGO,PIRQUE,100 o más,0
METROPOLITANA DE SANTIAGO,SAN JOSÉ DE MAIPO,Total Comuna,547
METROPOLITANA DE SANTIAGO,SAN JOSÉ DE MAIPO,0 a 4,10
METROPOLITANA DE SANTIAGO,SAN JOSÉ DE MAIPO,5 a 9,17
METROPOLITANA DE SANTIAGO,SAN JOSÉ DE MAIPO,10 a 14,20
METROPOLITANA DE SANTIAGO,SAN JOSÉ DE MAIPO,15 a 19,15
METROPOLITANA DE SANTIAGO,SAN JOSÉ DE MAIPO,20 a 24,52
METROPOLITANA DE SANTIAGO,SAN JOSÉ DE MAIPO,25 a 29,80
METROPOLITANA DE SANTIAGO,SAN JOSÉ DE MAIPO,30 a 34,81
METROPOLITANA DE SANTIAGO,SAN JOSÉ DE MAIPO,35 a 39,62
METROPOLITANA DE SANTIAGO,SAN JOSÉ DE MAIPO,40 a 44,57
METROPOLITANA DE SANTIAGO,SAN JOSÉ DE MAIPO,45 a 49,47
METROPOLITANA DE SANTIAGO,SAN JOSÉ DE MAIPO,50 a 54,41
METROPOLITANA DE SANTIAGO,SAN JOSÉ DE MAIPO,55 a 59,15
METROPOLITANA DE SANTIAGO,SAN JOSÉ DE MAIPO,60 a 64,16
METROPOLITANA DE SANTIAGO,SAN JOSÉ DE MAIPO,65 a 69,8
METROPOLITANA DE SANTIAGO,SAN JOSÉ DE MAIPO,70 a 74,9
METROPOLITANA DE SANTIAGO,SAN JOSÉ DE MAIPO,75 a 79,10
METROPOLITANA DE SANTIAGO,SAN JOSÉ DE MAIPO,80 a 84,4
METROPOLITANA DE SANTIAGO,SAN JOSÉ DE MAIPO,85 a 89,2
METROPOLITANA DE SANTIAGO,SAN JOSÉ DE MAIPO,90 a 94,0
METROPOLITANA DE SANTIAGO,SAN JOSÉ DE MAIPO,95 a 99,1
METROPOLITANA DE SANTIAGO,SAN JOSÉ DE MAIPO,100 o más,0
METROPOLITANA DE SANTIAGO,COLINA,Total Comuna,10047
METROPOLITANA DE SANTIAGO,COLINA,0 a 4,280
METROPOLITANA DE SANTIAGO,COLINA,5 a 9,612
METROPOLITANA DE SANTIAGO,COLINA,10 a 14,561
METROPOLITANA DE SANTIAGO,COLINA,15 a 19,538
METROPOLITANA DE SANTIAGO,COLINA,20 a 24,823
METROPOLITANA DE SANTIAGO,COLINA,25 a 29,962
METROPOLITANA DE SANTIAGO,COLINA,30 a 34,1151
METROPOLITANA DE SANTIAGO,COLINA,35 a 39,1506
METROPOLITANA DE SANTIAGO,COLINA,40 a 44,1413
METROPOLITANA DE SANTIAGO,COLINA,45 a 49,916
METROPOLITANA DE SANTIAGO,COLINA,50 a 54,551
METROPOLITANA DE SANTIAGO,COLINA,55 a 59,287
METROPOLITANA DE SANTIAGO,COLINA,60 a 64,188
METROPOLITANA DE SANTIAGO,COLINA,65 a 69,112
METROPOLITANA DE SANTIAGO,COLINA,70 a 74,64
METROPOLITANA DE SANTIAGO,COLINA,75 a 79,44
METROPOLITANA DE SANTIAGO,COLINA,80 a 84,27
METROPOLITANA DE SANTIAGO,COLINA,85 a 89,5
METROPOLITANA DE SANTIAGO,COLINA,90 a 94,5
METROPOLITANA DE SANTIAGO,COLINA,95 a 99,1
METROPOLITANA DE SANTIAGO,COLINA,100 o más,1
METROPOLITANA DE SANTIAGO,LAMPA,Total Comuna,4056
METROPOLITANA DE SANTIAGO,LAMPA,0 a 4,85
METROPOLITANA DE SANTIAGO,LAMPA,5 a 9,154
METROPOLITANA DE SANTIAGO,LAMPA,10 a 14,164
METROPOLITANA DE SANTIAGO,LAMPA,15 a 19,187
METROPOLITANA DE SANTIAGO,LAMPA,20 a 24,471
METROPOLITANA DE SANTIAGO,LAMPA,25 a 29,690
METROPOLITANA DE SANTIAGO,LAMPA,30 a 34,665
METROPOLITANA DE SANTIAGO,LAMPA,35 a 39,583
METROPOLITANA DE SANTIAGO,LAMPA,40 a 44,406
METROPOLITANA DE SANTIAGO,LAMPA,45 a 49,248
METROPOLITANA DE SANTIAGO,LAMPA,50 a 54,160
METROPOLITANA DE SANTIAGO,LAMPA,55 a 59,97
METROPOLITANA DE SANTIAGO,LAMPA,60 a 64,56
METROPOLITANA DE SANTIAGO,LAMPA,65 a 69,37
METROPOLITANA DE SANTIAGO,LAMPA,70 a 74,19
METROPOLITANA DE SANTIAGO,LAMPA,75 a 79,14
METROPOLITANA DE SANTIAGO,LAMPA,80 a 84,11
METROPOLITANA DE SANTIAGO,LAMPA,85 a 89,7
METROPOLITANA DE SANTIAGO,LAMPA,90 a 94,2
METROPOLITANA DE SANTIAGO,LAMPA,95 a 99,0
METROPOLITANA DE SANTIAGO,LAMPA,100 o más,0
METROPOLITANA DE SANTIAGO,TILTIL,Total Comuna,538
METROPOLITANA DE SANTIAGO,TILTIL,0 a 4,9
METROPOLITANA DE SANTIAGO,TILTIL,5 a 9,8
METROPOLITANA DE SANTIAGO,TILTIL,10 a 14,15
METROPOLITANA DE SANTIAGO,TILTIL,15 a 19,11
METROPOLITANA DE SANTIAGO,TILTIL,20 a 24,67
METROPOLITANA DE SANTIAGO,TILTIL,25 a 29,89
METROPOLITANA DE SANTIAGO,TILTIL,30 a 34,92
METROPOLITANA DE SANTIAGO,TILTIL,35 a 39,82
METROPOLITANA DE SANTIAGO,TILTIL,40 a 44,52
METROPOLITANA DE SANTIAGO,TILTIL,45 a 49,42
METROPOLITANA DE SANTIAGO,TILTIL,50 a 54,26
METROPOLITANA DE SANTIAGO,TILTIL,55 a 59,15
METROPOLITANA DE SANTIAGO,TILTIL,60 a 64,11
METROPOLITANA DE SANTIAGO,TILTIL,65 a 69,5
METROPOLITANA DE SANTIAGO,TILTIL,70 a 74,5
METROPOLITANA DE SANTIAGO,TILTIL,75 a 79,3
METROPOLITANA DE SANTIAGO,TILTIL,80 a 84,4
METROPOLITANA DE SANTIAGO,TILTIL,85 a 89,2
METROPOLITANA DE SANTIAGO,TILTIL,90 a 94,0
METROPOLITANA DE SANTIAGO,TILTIL,95 a 99,0
METROPOLITANA DE SANTIAGO,TILTIL,100 o más,0
METROPOLITANA DE SANTIAGO,SAN BERNARDO,Total Comuna,8231
METROPOLITANA DE SANTIAGO,SAN BERNARDO,0 a 4,171
METROPOLITANA DE SANTIAGO,SAN BERNARDO,5 a 9,280
METROPOLITANA DE SANTIAGO,SAN BERNARDO,10 a 14,282
METROPOLITANA DE SANTIAGO,SAN BERNARDO,15 a 19,370
METROPOLITANA DE SANTIAGO,SAN BERNARDO,20 a 24,1136
METROPOLITANA DE SANTIAGO,SAN BERNARDO,25 a 29,1526
METROPOLITANA DE SANTIAGO,SAN BERNARDO,30 a 34,1404
METROPOLITANA DE SANTIAGO,SAN BERNARDO,35 a 39,1102
METROPOLITANA DE SANTIAGO,SAN BERNARDO,40 a 44,688
METROPOLITANA DE SANTIAGO,SAN BERNARDO,45 a 49,452
METROPOLITANA DE SANTIAGO,SAN BERNARDO,50 a 54,305
METROPOLITANA DE SANTIAGO,SAN BERNARDO,55 a 59,207
METROPOLITANA DE SANTIAGO,SAN BERNARDO,60 a 64,133
METROPOLITANA DE SANTIAGO,SAN BERNARDO,65 a 69,59
METROPOLITANA DE SANTIAGO,SAN BERNARDO,70 a 74,38
METROPOLITANA DE SANTIAGO,SAN BERNARDO,75 a 79,23
METROPOLITANA DE SANTIAGO,SAN BERNARDO,80 a 84,27
METROPOLITANA DE SANTIAGO,SAN BERNARDO,85 a 89,18
METROPOLITANA DE SANTIAGO,SAN BERNARDO,90 a 94,6
METROPOLITANA DE SANTIAGO,SAN BERNARDO,95 a 99,3
METROPOLITANA DE SANTIAGO,SAN BERNARDO,100 o más,1
METROPOLITANA DE SANTIAGO,BUIN,Total Comuna,1892
METROPOLITANA DE SANTIAGO,BUIN,0 a 4,42
METROPOLITANA DE SANTIAGO,BUIN,5 a 9,70
METROPOLITANA DE SANTIAGO,BUIN,10 a 14,60
METROPOLITANA DE SANTIAGO,BUIN,15 a 19,89
METROPOLITANA DE SANTIAGO,BUIN,20 a 24,227
METROPOLITANA DE SANTIAGO,BUIN,25 a 29,282
METROPOLITANA DE SANTIAGO,BUIN,30 a 34,324
METROPOLITANA DE SANTIAGO,BUIN,35 a 39,259
METROPOLITANA DE SANTIAGO,BUIN,40 a 44,186
METROPOLITANA DE SANTIAGO,BUIN,45 a 49,122
METROPOLITANA DE SANTIAGO,BUIN,50 a 54,69
METROPOLITANA DE SANTIAGO,BUIN,55 a 59,49
METROPOLITANA DE SANTIAGO,BUIN,60 a 64,38
METROPOLITANA DE SANTIAGO,BUIN,65 a 69,17
METROPOLITANA DE SANTIAGO,BUIN,70 a 74,20
METROPOLITANA DE SANTIAGO,BUIN,75 a 79,14
METROPOLITANA DE SANTIAGO,BUIN,80 a 84,9
METROPOLITANA DE SANTIAGO,BUIN,85 a 89,8
METROPOLITANA DE SANTIAGO,BUIN,90 a 94,4
METROPOLITANA DE SANTIAGO,BUIN,95 a 99,1
METROPOLITANA DE SANTIAGO,BUIN,100 o más,2
METROPOLITANA DE SANTIAGO,CALERA DE TANGO,Total Comuna,600
METROPOLITANA DE SANTIAGO,CALERA DE TANGO,0 a 4,8
METROPOLITANA DE SANTIAGO,CALERA DE TANGO,5 a 9,17
METROPOLITANA DE SANTIAGO,CALERA DE TANGO,10 a 14,11
METROPOLITANA DE SANTIAGO,CALERA DE TANGO,15 a 19,25
METROPOLITANA DE SANTIAGO,CALERA DE TANGO,20 a 24,52
METROPOLITANA DE SANTIAGO,CALERA DE TANGO,25 a 29,90
METROPOLITANA DE SANTIAGO,CALERA DE TANGO,30 a 34,87
METROPOLITANA DE SANTIAGO,CALERA DE TANGO,35 a 39,70
METROPOLITANA DE SANTIAGO,CALERA DE TANGO,40 a 44,66
METROPOLITANA DE SANTIAGO,CALERA DE TANGO,45 a 49,39
METROPOLITANA DE SANTIAGO,CALERA DE TANGO,50 a 54,40
METROPOLITANA DE SANTIAGO,CALERA DE TANGO,55 a 59,25
METROPOLITANA DE SANTIAGO,CALERA DE TANGO,60 a 64,24
METROPOLITANA DE SANTIAGO,CALERA DE TANGO,65 a 69,13
METROPOLITANA DE SANTIAGO,CALERA DE TANGO,70 a 74,9
METROPOLITANA DE SANTIAGO,CALERA DE TANGO,75 a 79,10
METROPOLITANA DE SANTIAGO,CALERA DE TANGO,80 a 84,5
METROPOLITANA DE SANTIAGO,CALERA DE TANGO,85 a 89,6
METROPOLITANA DE SANTIAGO,CALERA DE TANGO,90 a 94,2
METROPOLITANA DE SANTIAGO,CALERA DE TANGO,95 a 99,0
METROPOLITANA DE SANTIAGO,CALERA DE TANGO,100 o más,1
METROPOLITANA DE SANTIAGO,PAINE,Total Comuna,2228
METROPOLITANA DE SANTIAGO,PAINE,0 a 4,64
METROPOLITANA DE SANTIAGO,PAINE,5 a 9,79
METROPOLITANA DE SANTIAGO,PAINE,10 a 14,83
METROPOLITANA DE SANTIAGO,PAINE,15 a 19,126
METROPOLITANA DE SANTIAGO,PAINE,20 a 24,321
METROPOLITANA DE SANTIAGO,PAINE,25 a 29,398
METROPOLITANA DE SANTIAGO,PAINE,30 a 34,338
METROPOLITANA DE SANTIAGO,PAINE,35 a 39,240
METROPOLITANA DE SANTIAGO,PAINE,40 a 44,204
METROPOLITANA DE SANTIAGO,PAINE,45 a 49,127
METROPOLITANA DE SANTIAGO,PAINE,50 a 54,78
METROPOLITANA DE SANTIAGO,PAINE,55 a 59,60
METROPOLITANA DE SANTIAGO,PAINE,60 a 64,38
METROPOLITANA DE SANTIAGO,PAINE,65 a 69,22
METROPOLITANA DE SANTIAGO,PAINE,70 a 74,17
METROPOLITANA DE SANTIAGO,PAINE,75 a 79,9
METROPOLITANA DE SANTIAGO,PAINE,80 a 84,13
METROPOLITANA DE SANTIAGO,PAINE,85 a 89,8
METROPOLITANA DE SANTIAGO,PAINE,90 a 94,2
METROPOLITANA DE SANTIAGO,PAINE,95 a 99,1
METROPOLITANA DE SANTIAGO,PAINE,100 o más,0
METROPOLITANA DE SANTIAGO,MELIPILLA,Total Comuna,3402
METROPOLITANA DE SANTIAGO,MELIPILLA,0 a 4,81
METROPOLITANA DE SANTIAGO,MELIPILLA,5 a 9,106
METROPOLITANA DE SANTIAGO,MELIPILLA,10 a 14,93
METROPOLITANA DE SANTIAGO,MELIPILLA,15 a 19,189
METROPOLITANA DE SANTIAGO,MELIPILLA,20 a 24,555
METROPOLITANA DE SANTIAGO,MELIPILLA,25 a 29,673
METROPOLITANA DE SANTIAGO,MELIPILLA,30 a 34,520
METROPOLITANA DE SANTIAGO,MELIPILLA,35 a 39,369
METROPOLITANA DE SANTIAGO,MELIPILLA,40 a 44,270
METROPOLITANA DE SANTIAGO,MELIPILLA,45 a 49,171
METROPOLITANA DE SANTIAGO,MELIPILLA,50 a 54,128
METROPOLITANA DE SANTIAGO,MELIPILLA,55 a 59,88
METROPOLITANA DE SANTIAGO,MELIPILLA,60 a 64,48
METROPOLITANA DE SANTIAGO,MELIPILLA,65 a 69,37
METROPOLITANA DE SANTIAGO,MELIPILLA,70 a 74,27
METROPOLITANA DE SANTIAGO,MELIPILLA,75 a 79,23
METROPOLITANA DE SANTIAGO,MELIPILLA,80 a 84,6
METROPOLITANA DE SANTIAGO,MELIPILLA,85 a 89,12
METROPOLITANA DE SANTIAGO,MELIPILLA,90 a 94,6
METROPOLITANA DE SANTIAGO,MELIPILLA,95 a 99,0
METROPOLITANA DE SANTIAGO,MELIPILLA,100 o más,0
METROPOLITANA DE SANTIAGO,ALHUÉ,Total Comuna,244
METROPOLITANA DE SANTIAGO,ALHUÉ,0 a 4,6
METROPOLITANA DE SANTIAGO,ALHUÉ,5 a 9,2
METROPOLITANA DE SANTIAGO,ALHUÉ,10 a 14,6
METROPOLITANA DE SANTIAGO,ALHUÉ,15 a 19,11
METROPOLITANA DE SANTIAGO,ALHUÉ,20 a 24,56
METROPOLITANA DE SANTIAGO,ALHUÉ,25 a 29,59
METROPOLITANA DE SANTIAGO,ALHUÉ,30 a 34,43
METROPOLITANA DE SANTIAGO,ALHUÉ,35 a 39,24
METROPOLITANA DE SANTIAGO,ALHUÉ,40 a 44,15
METROPOLITANA DE SANTIAGO,ALHUÉ,45 a 49,8
METROPOLITANA DE SANTIAGO,ALHUÉ,50 a 54,7
METROPOLITANA DE SANTIAGO,ALHUÉ,55 a 59,2
METROPOLITANA DE SANTIAGO,ALHUÉ,60 a 64,1
METROPOLITANA DE SANTIAGO,ALHUÉ,65 a 69,2
METROPOLITANA DE SANTIAGO,ALHUÉ,70 a 74,0
METROPOLITANA DE SANTIAGO,ALHUÉ,75 a 79,0
METROPOLITANA DE SANTIAGO,ALHUÉ,80 a 84,1
METROPOLITANA DE SANTIAGO,ALHUÉ,85 a 89,1
METROPOLITANA DE SANTIAGO,ALHUÉ,90 a 94,0
METROPOLITANA DE SANTIAGO,ALHUÉ,95 a 99,0
METROPOLITANA DE SANTIAGO,ALHUÉ,100 o más,0
METROPOLITANA DE SANTIAGO,CURACAVÍ,Total Comuna,738
METROPOLITANA DE SANTIAGO,CURACAVÍ,0 a 4,17
METROPOLITANA DE SANTIAGO,CURACAVÍ,5 a 9,30
METROPOLITANA DE SANTIAGO,CURACAVÍ,10 a 14,37
METROPOLITANA DE SANTIAGO,CURACAVÍ,15 a 19,30
METROPOLITANA DE SANTIAGO,CURACAVÍ,20 a 24,63
METROPOLITANA DE SANTIAGO,CURACAVÍ,25 a 29,85
METROPOLITANA DE SANTIAGO,CURACAVÍ,30 a 34,92
METROPOLITANA DE SANTIAGO,CURACAVÍ,35 a 39,92
METROPOLITANA DE SANTIAGO,CURACAVÍ,40 a 44,79
METROPOLITANA DE SANTIAGO,CURACAVÍ,45 a 49,44
METROPOLITANA DE SANTIAGO,CURACAVÍ,50 a 54,50
METROPOLITANA DE SANTIAGO,CURACAVÍ,55 a 59,41
METROPOLITANA DE SANTIAGO,CURACAVÍ,60 a 64,16
METROPOLITANA DE SANTIAGO,CURACAVÍ,65 a 69,25
METROPOLITANA DE SANTIAGO,CURACAVÍ,70 a 74,15
METROPOLITANA DE SANTIAGO,CURACAVÍ,75 a 79,11
METROPOLITANA DE SANTIAGO,CURACAVÍ,80 a 84,6
METROPOLITANA DE SANTIAGO,CURACAVÍ,85 a 89,3
METROPOLITANA DE SANTIAGO,CURACAVÍ,90 a 94,1
METROPOLITANA DE SANTIAGO,CURACAVÍ,95 a 99,1
METROPOLITANA DE SANTIAGO,CURACAVÍ,100 o más,0
METROPOLITANA DE SANTIAGO,MARÍA PINTO,Total Comuna,139
METROPOLITANA DE SANTIAGO,MARÍA PINTO,0 a 4,2
METROPOLITANA DE SANTIAGO,MARÍA PINTO,5 a 9,1
METROPOLITANA DE SANTIAGO,MARÍA PINTO,10 a 14,4
METROPOLITANA DE SANTIAGO,MARÍA PINTO,15 a 19,4
METROPOLITANA DE SANTIAGO,MARÍA PINTO,20 a 24,21
METROPOLITANA DE SANTIAGO,MARÍA PINTO,25 a 29,22
METROPOLITANA DE SANTIAGO,MARÍA PINTO,30 a 34,20
METROPOLITANA DE SANTIAGO,MARÍA PINTO,35 a 39,20
METROPOLITANA DE SANTIAGO,MARÍA PINTO,40 a 44,10
METROPOLITANA DE SANTIAGO,MARÍA PINTO,45 a 49,13
METROPOLITANA DE SANTIAGO,MARÍA PINTO,50 a 54,7
METROPOLITANA DE SANTIAGO,MARÍA PINTO,55 a 59,8
METROPOLITANA DE SANTIAGO,MARÍA PINTO,60 a 64,3
METROPOLITANA DE SANTIAGO,MARÍA PINTO,65 a 69,1
METROPOLITANA DE SANTIAGO,MARÍA PINTO,70 a 74,1
METROPOLITANA DE SANTIAGO,MARÍA PINTO,75 a 79,1
METROPOLITANA DE SANTIAGO,MARÍA PINTO,80 a 84,1
METROPOLITANA DE SANTIAGO,MARÍA PINTO,85 a 89,0
METROPOLITANA DE SANTIAGO,MARÍA PINTO,90 a 94,0
METROPOLITANA DE SANTIAGO,MARÍA PINTO,95 a 99,0
METROPOLITANA DE SANTIAGO,MARÍA PINTO,100 o más,0
METROPOLITANA DE SANTIAGO,SAN PEDRO,Total Comuna,327
METROPOLITANA DE SANTIAGO,SAN PEDRO,0 a 4,14
METROPOLITANA DE SANTIAGO,SAN PEDRO,5 a 9,17
METROPOLITANA DE SANTIAGO,SAN PEDRO,10 a 14,15
METROPOLITANA DE SANTIAGO,SAN PEDRO,15 a 19,13
METROPOLITANA DE SANTIAGO,SAN PEDRO,20 a 24,45
METROPOLITANA DE SANTIAGO,SAN PEDRO,25 a 29,69
METROPOLITANA DE SANTIAGO,SAN PEDRO,30 a 34,58
METROPOLITANA DE SANTIAGO,SAN PEDRO,35 a 39,33
METROPOLITANA DE SANTIAGO,SAN PEDRO,40 a 44,21
METROPOLITANA DE SANTIAGO,SAN PEDRO,45 a 49,16
METROPOLITANA DE SANTIAGO,SAN PEDRO,50 a 54,10
METROPOLITANA DE SANTIAGO,SAN PEDRO,55 a 59,1
METROPOLITANA DE SANTIAGO,SAN PEDRO,60 a 64,5
METROPOLITANA DE SANTIAGO,SAN PEDRO,65 a 69,2
METROPOLITANA DE SANTIAGO,SAN PEDRO,70 a 74,5
METROPOLITANA DE SANTIAGO,SAN PEDRO,75 a 79,2
METROPOLITANA DE SANTIAGO,SAN PEDRO,80 a 84,0
METROPOLITANA DE SANTIAGO,SAN PEDRO,85 a 89,0
METROPOLITANA DE SANTIAGO,SAN PEDRO,90 a 94,1
METROPOLITANA DE SANTIAGO,SAN PEDRO,95 a 99,0
METROPOLITANA DE SANTIAGO,SAN PEDRO,100 o más,0
METROPOLITANA DE SANTIAGO,TALAGANTE,Total Comuna,1564
METROPOLITANA DE SANTIAGO,TALAGANTE,0 a 4,34
METROPOLITANA DE SANTIAGO,TALAGANTE,5 a 9,76
METROPOLITANA DE SANTIAGO,TALAGANTE,10 a 14,58
METROPOLITANA DE SANTIAGO,TALAGANTE,15 a 19,86
METROPOLITANA DE SANTIAGO,TALAGANTE,20 a 24,162
METROPOLITANA DE SANTIAGO,TALAGANTE,25 a 29,226
METROPOLITANA DE SANTIAGO,TALAGANTE,30 a 34,228
METROPOLITANA DE SANTIAGO,TALAGANTE,35 a 39,201
METROPOLITANA DE SANTIAGO,TALAGANTE,40 a 44,125
METROPOLITANA DE SANTIAGO,TALAGANTE,45 a 49,109
METROPOLITANA DE SANTIAGO,TALAGANTE,50 a 54,92
METROPOLITANA DE SANTIAGO,TALAGANTE,55 a 59,49
METROPOLITANA DE SANTIAGO,TALAGANTE,60 a 64,35
METROPOLITANA DE SANTIAGO,TALAGANTE,65 a 69,19
METROPOLITANA DE SANTIAGO,TALAGANTE,70 a 74,21
METROPOLITANA DE SANTIAGO,TALAGANTE,75 a 79,19
METROPOLITANA DE SANTIAGO,TALAGANTE,80 a 84,9
METROPOLITANA DE SANTIAGO,TALAGANTE,85 a 89,5
METROPOLITANA DE SANTIAGO,TALAGANTE,90 a 94,7
METROPOLITANA DE SANTIAGO,TALAGANTE,95 a 99,2
METROPOLITANA DE SANTIAGO,TALAGANTE,100 o más,1
METROPOLITANA DE SANTIAGO,EL MONTE,Total Comuna,537
METROPOLITANA DE SANTIAGO,EL MONTE,0 a 4,16
METROPOLITANA DE SANTIAGO,EL MONTE,5 a 9,23
METROPOLITANA DE SANTIAGO,EL MONTE,10 a 14,20
METROPOLITANA DE SANTIAGO,EL MONTE,15 a 19,32
METROPOLITANA DE SANTIAGO,EL MONTE,20 a 24,48
METROPOLITANA DE SANTIAGO,EL MONTE,25 a 29,77
METROPOLITANA DE SANTIAGO,EL MONTE,30 a 34,80
METROPOLITANA DE SANTIAGO,EL MONTE,35 a 39,53
METROPOLITANA DE SANTIAGO,EL MONTE,40 a 44,54
METROPOLITANA DE SANTIAGO,EL MONTE,45 a 49,41
METROPOLITANA DE SANTIAGO,EL MONTE,50 a 54,22
METROPOLITANA DE SANTIAGO,EL MONTE,55 a 59,26
METROPOLITANA DE SANTIAGO,EL MONTE,60 a 64,10
METROPOLITANA DE SANTIAGO,EL MONTE,65 a 69,9
METROPOLITANA DE SANTIAGO,EL MONTE,70 a 74,11
METROPOLITANA DE SANTIAGO,EL MONTE,75 a 79,5
METROPOLITANA DE SANTIAGO,EL MONTE,80 a 84,6
METROPOLITANA DE SANTIAGO,EL MONTE,85 a 89,2
METROPOLITANA DE SANTIAGO,EL MONTE,90 a 94,2
METROPOLITANA DE SANTIAGO,EL MONTE,95 a 99,0
METROPOLITANA DE SANTIAGO,EL MONTE,100 o más,0
METROPOLITANA DE SANTIAGO,ISLA DE MAIPO,Total Comuna,593
METROPOLITANA DE SANTIAGO,ISLA DE MAIPO,0 a 4,20
METROPOLITANA DE SANTIAGO,ISLA DE MAIPO,5 a 9,36
METROPOLITANA DE SANTIAGO,ISLA DE MAIPO,10 a 14,33
METROPOLITANA DE SANTIAGO,ISLA DE MAIPO,15 a 19,41
METROPOLITANA DE SANTIAGO,ISLA DE MAIPO,20 a 24,55
METROPOLITANA DE SANTIAGO,ISLA DE MAIPO,25 a 29,60
METROPOLITANA DE SANTIAGO,ISLA DE MAIPO,30 a 34,72
METROPOLITANA DE SANTIAGO,ISLA DE MAIPO,35 a 39,87
METROPOLITANA DE SANTIAGO,ISLA DE MAIPO,40 a 44,53
METROPOLITANA DE SANTIAGO,ISLA DE MAIPO,45 a 49,42
METROPOLITANA DE SANTIAGO,ISLA DE MAIPO,50 a 54,30
METROPOLITANA DE SANTIAGO,ISLA DE MAIPO,55 a 59,17
METROPOLITANA DE SANTIAGO,ISLA DE MAIPO,60 a 64,12
METROPOLITANA DE SANTIAGO,ISLA DE MAIPO,65 a 69,10
METROPOLITANA DE SANTIAGO,ISLA DE MAIPO,70 a 74,12
METROPOLITANA DE SANTIAGO,ISLA DE MAIPO,75 a 79,8
METROPOLITANA DE SANTIAGO,ISLA DE MAIPO,80 a 84,1
METROPOLITANA DE SANTIAGO,ISLA DE MAIPO,85 a 89,1
METROPOLITANA DE SANTIAGO,ISLA DE MAIPO,90 a 94,2
METROPOLITANA DE SANTIAGO,ISLA DE MAIPO,95 a 99,0
METROPOLITANA DE SANTIAGO,ISLA DE MAIPO,100 o más,1
METROPOLITANA DE SANTIAGO,PADRE HURTADO,Total Comuna,1669
METROPOLITANA DE SANTIAGO,PADRE HURTADO,0 a 4,46
METROPOLITANA DE SANTIAGO,PADRE HURTADO,5 a 9,74
METROPOLITANA DE SANTIAGO,PADRE HURTADO,10 a 14,64
METROPOLITANA DE SANTIAGO,PADRE HURTADO,15 a 19,64
METROPOLITANA DE SANTIAGO,PADRE HURTADO,20 a 24,193
METROPOLITANA DE SANTIAGO,PADRE HURTADO,25 a 29,309
METROPOLITANA DE SANTIAGO,PADRE HURTADO,30 a 34,282
METROPOLITANA DE SANTIAGO,PADRE HURTADO,35 a 39,235
METROPOLITANA DE SANTIAGO,PADRE HURTADO,40 a 44,149
METROPOLITANA DE SANTIAGO,PADRE HURTADO,45 a 49,78
METROPOLITANA DE SANTIAGO,PADRE HURTADO,50 a 54,61
METROPOLITANA DE SANTIAGO,PADRE HURTADO,55 a 59,52
METROPOLITANA DE SANTIAGO,PADRE HURTADO,60 a 64,19
METROPOLITANA DE SANTIAGO,PADRE HURTADO,65 a 69,11
METROPOLITANA DE SANTIAGO,PADRE HURTADO,70 a 74,8
METROPOLITANA DE SANTIAGO,PADRE HURTADO,75 a 79,10
METROPOLITANA DE SANTIAGO,PADRE HURTADO,80 a 84,5
METROPOLITANA DE SANTIAGO,PADRE HURTADO,85 a 89,4
METROPOLITANA DE SANTIAGO,PADRE HURTADO,90 a 94,3
METROPOLITANA DE SANTIAGO,PADRE HURTADO,95 a 99,0
METROPOLITANA DE SANTIAGO,PADRE HURTADO,100 o más,2
METROPOLITANA DE SANTIAGO,PEÑAFLOR,Total Comuna,1573
METROPOLITANA DE SANTIAGO,PEÑAFLOR,0 a 4,36
METROPOLITANA DE SANTIAGO,PEÑAFLOR,5 a 9,73
METROPOLITANA DE SANTIAGO,PEÑAFLOR,10 a 14,69
METROPOLITANA DE SANTIAGO,PEÑAFLOR,15 a 19,88
METROPOLITANA DE SANTIAGO,PEÑAFLOR,20 a 24,169
METROPOLITANA DE SANTIAGO,PEÑAFLOR,25 a 29,220
METROPOLITANA DE SANTIAGO,PEÑAFLOR,30 a 34,189
METROPOLITANA DE SANTIAGO,PEÑAFLOR,35 a 39,214
METROPOLITANA DE SANTIAGO,PEÑAFLOR,40 a 44,159
METROPOLITANA DE SANTIAGO,PEÑAFLOR,45 a 49,113
METROPOLITANA DE SANTIAGO,PEÑAFLOR,50 a 54,88
METROPOLITANA DE SANTIAGO,PEÑAFLOR,55 a 59,51
METROPOLITANA DE SANTIAGO,PEÑAFLOR,60 a 64,30
METROPOLITANA DE SANTIAGO,PEÑAFLOR,65 a 69,27
METROPOLITANA DE SANTIAGO,PEÑAFLOR,70 a 74,14
METROPOLITANA DE SANTIAGO,PEÑAFLOR,75 a 79,10
METROPOLITANA DE SANTIAGO,PEÑAFLOR,80 a 84,14
METROPOLITANA DE SANTIAGO,PEÑAFLOR,85 a 89,3
METROPOLITANA DE SANTIAGO,PEÑAFLOR,90 a 94,2
METROPOLITANA DE SANTIAGO,PEÑAFLOR,95 a 99,4
METROPOLITANA DE SANTIAGO,PEÑAFLOR,100 o más,0
LIBERTADOR GENERAL BERNARDO O'HIGGINS,RANCAGUA,Total Comuna,5077
LIBERTADOR GENERAL BERNARDO O'HIGGINS,RANCAGUA,0 a 4,156
LIBERTADOR GENERAL BERNARDO O'HIGGINS,RANCAGUA,5 a 9,217
LIBERTADOR GENERAL BERNARDO O'HIGGINS,RANCAGUA,10 a 14,240
LIBERTADOR GENERAL BERNARDO O'HIGGINS,RANCAGUA,15 a 19,273
LIBERTADOR GENERAL BERNARDO O'HIGGINS,RANCAGUA,20 a 24,587
LIBERTADOR GENERAL BERNARDO O'HIGGINS,RANCAGUA,25 a 29,844
LIBERTADOR GENERAL BERNARDO O'HIGGINS,RANCAGUA,30 a 34,792
LIBERTADOR GENERAL BERNARDO O'HIGGINS,RANCAGUA,35 a 39,630
LIBERTADOR GENERAL BERNARDO O'HIGGINS,RANCAGUA,40 a 44,447
LIBERTADOR GENERAL BERNARDO O'HIGGINS,RANCAGUA,45 a 49,279
LIBERTADOR GENERAL BERNARDO O'HIGGINS,RANCAGUA,50 a 54,199
LIBERTADOR GENERAL BERNARDO O'HIGGINS,RANCAGUA,55 a 59,144
LIBERTADOR GENERAL BERNARDO O'HIGGINS,RANCAGUA,60 a 64,92
LIBERTADOR GENERAL BERNARDO O'HIGGINS,RANCAGUA,65 a 69,51
LIBERTADOR GENERAL BERNARDO O'HIGGINS,RANCAGUA,70 a 74,43
LIBERTADOR GENERAL BERNARDO O'HIGGINS,RANCAGUA,75 a 79,30
LIBERTADOR GENERAL BERNARDO O'HIGGINS,RANCAGUA,80 a 84,20
LIBERTADOR GENERAL BERNARDO O'HIGGINS,RANCAGUA,85 a 89,19
LIBERTADOR GENERAL BERNARDO O'HIGGINS,RANCAGUA,90 a 94,11
LIBERTADOR GENERAL BERNARDO O'HIGGINS,RANCAGUA,95 a 99,1
LIBERTADOR GENERAL BERNARDO O'HIGGINS,RANCAGUA,100 o más,2
LIBERTADOR GENERAL BERNARDO O'HIGGINS,CODEGUA,Total Comuna,152
LIBERTADOR GENERAL BERNARDO O'HIGGINS,CODEGUA,0 a 4,3
LIBERTADOR GENERAL BERNARDO O'HIGGINS,CODEGUA,5 a 9,5
LIBERTADOR GENERAL BERNARDO O'HIGGINS,CODEGUA,10 a 14,6
LIBERTADOR GENERAL BERNARDO O'HIGGINS,CODEGUA,15 a 19,14
LIBERTADOR GENERAL BERNARDO O'HIGGINS,CODEGUA,20 a 24,14
LIBERTADOR GENERAL BERNARDO O'HIGGINS,CODEGUA,25 a 29,24
LIBERTADOR GENERAL BERNARDO O'HIGGINS,CODEGUA,30 a 34,17
LIBERTADOR GENERAL BERNARDO O'HIGGINS,CODEGUA,35 a 39,23
LIBERTADOR GENERAL BERNARDO O'HIGGINS,CODEGUA,40 a 44,18
LIBERTADOR GENERAL BERNARDO O'HIGGINS,CODEGUA,45 a 49,8
LIBERTADOR GENERAL BERNARDO O'HIGGINS,CODEGUA,50 a 54,6
LIBERTADOR GENERAL BERNARDO O'HIGGINS,CODEGUA,55 a 59,4
LIBERTADOR GENERAL BERNARDO O'HIGGINS,CODEGUA,60 a 64,2
LIBERTADOR GENERAL BERNARDO O'HIGGINS,CODEGUA,65 a 69,2
LIBERTADOR GENERAL BERNARDO O'HIGGINS,CODEGUA,70 a 74,0
LIBERTADOR GENERAL BERNARDO O'HIGGINS,CODEGUA,75 a 79,1
LIBERTADOR GENERAL BERNARDO O'HIGGINS,CODEGUA,80 a 84,3
LIBERTADOR GENERAL BERNARDO O'HIGGINS,CODEGUA,85 a 89,2
LIBERTADOR GENERAL BERNARDO O'HIGGINS,CODEGUA,90 a 94,0
LIBERTADOR GENERAL BERNARDO O'HIGGINS,CODEGUA,95 a 99,0
LIBERTADOR GENERAL BERNARDO O'HIGGINS,CODEGUA,100 o más,0
LIBERTADOR GENERAL BERNARDO O'HIGGINS,COINCO,Total Comuna,35
LIBERTADOR GENERAL BERNARDO O'HIGGINS,COINCO,0 a 4,2
LIBERTADOR GENERAL BERNARDO O'HIGGINS,COINCO,5 a 9,0
LIBERTADOR GENERAL BERNARDO O'HIGGINS,COINCO,10 a 14,2
LIBERTADOR GENERAL BERNARDO O'HIGGINS,COINCO,15 a 19,1
LIBERTADOR GENERAL BERNARDO O'HIGGINS,COINCO,20 a 24,6
LIBERTADOR GENERAL BERNARDO O'HIGGINS,COINCO,25 a 29,4
LIBERTADOR GENERAL BERNARDO O'HIGGINS,COINCO,30 a 34,6
LIBERTADOR GENERAL BERNARDO O'HIGGINS,COINCO,35 a 39,3
LIBERTADOR GENERAL BERNARDO O'HIGGINS,COINCO,40 a 44,6
LIBERTADOR GENERAL BERNARDO O'HIGGINS,COINCO,45 a 49,2
LIBERTADOR GENERAL BERNARDO O'HIGGINS,COINCO,50 a 54,0
LIBERTADOR GENERAL BERNARDO O'HIGGINS,COINCO,55 a 59,1
LIBERTADOR GENERAL BERNARDO O'HIGGINS,COINCO,60 a 64,1
LIBERTADOR GENERAL BERNARDO O'HIGGINS,COINCO,65 a 69,0
LIBERTADOR GENERAL BERNARDO O'HIGGINS,COINCO,70 a 74,0
LIBERTADOR GENERAL BERNARDO O'HIGGINS,COINCO,75 a 79,1
LIBERTADOR GENERAL BERNARDO O'HIGGINS,COINCO,80 a 84,0
LIBERTADOR GENERAL BERNARDO O'HIGGINS,COINCO,85 a 89,0
LIBERTADOR GENERAL BERNARDO O'HIGGINS,COINCO,90 a 94,0
LIBERTADOR GENERAL BERNARDO O'HIGGINS,COINCO,95 a 99,0
LIBERTADOR GENERAL BERNARDO O'HIGGINS,COINCO,100 o más,0
LIBERTADOR GENERAL BERNARDO O'HIGGINS,COLTAUCO,Total Comuna,116
LIBERTADOR GENERAL BERNARDO O'HIGGINS,COLTAUCO,0 a 4,1
LIBERTADOR GENERAL BERNARDO O'HIGGINS,COLTAUCO,5 a 9,5
LIBERTADOR GENERAL BERNARDO O'HIGGINS,COLTAUCO,10 a 14,6
LIBERTADOR GENERAL BERNARDO O'HIGGINS,COLTAUCO,15 a 19,5
LIBERTADOR GENERAL BERNARDO O'HIGGINS,COLTAUCO,20 a 24,14
LIBERTADOR GENERAL BERNARDO O'HIGGINS,COLTAUCO,25 a 29,22
LIBERTADOR GENERAL BERNARDO O'HIGGINS,COLTAUCO,30 a 34,19
LIBERTADOR GENERAL BERNARDO O'HIGGINS,COLTAUCO,35 a 39,17
LIBERTADOR GENERAL BERNARDO O'HIGGINS,COLTAUCO,40 a 44,12
LIBERTADOR GENERAL BERNARDO O'HIGGINS,COLTAUCO,45 a 49,7
LIBERTADOR GENERAL BERNARDO O'HIGGINS,COLTAUCO,50 a 54,2
LIBERTADOR GENERAL BERNARDO O'HIGGINS,COLTAUCO,55 a 59,2
LIBERTADOR GENERAL BERNARDO O'HIGGINS,COLTAUCO,60 a 64,1
LIBERTADOR GENERAL BERNARDO O'HIGGINS,COLTAUCO,65 a 69,2
LIBERTADOR GENERAL BERNARDO O'HIGGINS,COLTAUCO,70 a 74,0
LIBERTADOR GENERAL BERNARDO O'HIGGINS,COLTAUCO,75 a 79,0
LIBERTADOR GENERAL BERNARDO O'HIGGINS,COLTAUCO,80 a 84,1
LIBERTADOR GENERAL BERNARDO O'HIGGINS,COLTAUCO,85 a 89,0
LIBERTADOR GENERAL BERNARDO O'HIGGINS,COLTAUCO,90 a 94,0
LIBERTADOR GENERAL BERNARDO O'HIGGINS,COLTAUCO,95 a 99,0
LIBERTADOR GENERAL BERNARDO O'HIGGINS,COLTAUCO,100 o más,0
LIBERTADOR GENERAL BERNARDO O'HIGGINS,DOÑIHUE,Total Comuna,177
LIBERTADOR GENERAL BERNARDO O'HIGGINS,DOÑIHUE,0 a 4,1
LIBERTADOR GENERAL BERNARDO O'HIGGINS,DOÑIHUE,5 a 9,7
LIBERTADOR GENERAL BERNARDO O'HIGGINS,DOÑIHUE,10 a 14,9
LIBERTADOR GENERAL BERNARDO O'HIGGINS,DOÑIHUE,15 a 19,11
LIBERTADOR GENERAL BERNARDO O'HIGGINS,DOÑIHUE,20 a 24,13
LIBERTADOR GENERAL BERNARDO O'HIGGINS,DOÑIHUE,25 a 29,28
LIBERTADOR GENERAL BERNARDO O'HIGGINS,DOÑIHUE,30 a 34,23
LIBERTADOR GENERAL BERNARDO O'HIGGINS,DOÑIHUE,35 a 39,16
LIBERTADOR GENERAL BERNARDO O'HIGGINS,DOÑIHUE,40 a 44,18
LIBERTADOR GENERAL BERNARDO O'HIGGINS,DOÑIHUE,45 a 49,16
LIBERTADOR GENERAL BERNARDO O'HIGGINS,DOÑIHUE,50 a 54,9
LIBERTADOR GENERAL BERNARDO O'HIGGINS,DOÑIHUE,55 a 59,8
LIBERTADOR GENERAL BERNARDO O'HIGGINS,DOÑIHUE,60 a 64,5
LIBERTADOR GENERAL BERNARDO O'HIGGINS,DOÑIHUE,65 a 69,5
LIBERTADOR GENERAL BERNARDO O'HIGGINS,DOÑIHUE,70 a 74,4
LIBERTADOR GENERAL BERNARDO O'HIGGINS,DOÑIHUE,75 a 79,2
LIBERTADOR GENERAL BERNARDO O'HIGGINS,DOÑIHUE,80 a 84,0
LIBERTADOR GENERAL BERNARDO O'HIGGINS,DOÑIHUE,85 a 89,2
LIBERTADOR GENERAL BERNARDO O'HIGGINS,DOÑIHUE,90 a 94,0
LIBERTADOR GENERAL BERNARDO O'HIGGINS,DOÑIHUE,95 a 99,0
LIBERTADOR GENERAL BERNARDO O'HIGGINS,DOÑIHUE,100 o más,0
LIBERTADOR GENERAL BERNARDO O'HIGGINS,GRANEROS,Total Comuna,438
LIBERTADOR GENERAL BERNARDO O'HIGGINS,GRANEROS,0 a 4,4
LIBERTADOR GENERAL BERNARDO O'HIGGINS,GRANEROS,5 a 9,11
LIBERTADOR GENERAL BERNARDO O'HIGGINS,GRANEROS,10 a 14,16
LIBERTADOR GENERAL BERNARDO O'HIGGINS,GRANEROS,15 a 19,30
LIBERTADOR GENERAL BERNARDO O'HIGGINS,GRANEROS,20 a 24,75
LIBERTADOR GENERAL BERNARDO O'HIGGINS,GRANEROS,25 a 29,81
LIBERTADOR GENERAL BERNARDO O'HIGGINS,GRANEROS,30 a 34,60
LIBERTADOR GENERAL BERNARDO O'HIGGINS,GRANEROS,35 a 39,60
LIBERTADOR GENERAL BERNARDO O'HIGGINS,GRANEROS,40 a 44,34
LIBERTADOR GENERAL BERNARDO O'HIGGINS,GRANEROS,45 a 49,23
LIBERTADOR GENERAL BERNARDO O'HIGGINS,GRANEROS,50 a 54,14
LIBERTADOR GENERAL BERNARDO O'HIGGINS,GRANEROS,55 a 59,7
LIBERTADOR GENERAL BERNARDO O'HIGGINS,GRANEROS,60 a 64,7
LIBERTADOR GENERAL BERNARDO O'HIGGINS,GRANEROS,65 a 69,3
LIBERTADOR GENERAL BERNARDO O'HIGGINS,GRANEROS,70 a 74,3
LIBERTADOR GENERAL BERNARDO O'HIGGINS,GRANEROS,75 a 79,6
LIBERTADOR GENERAL BERNARDO O'HIGGINS,GRANEROS,80 a 84,2
LIBERTADOR GENERAL BERNARDO O'HIGGINS,GRANEROS,85 a 89,1
LIBERTADOR GENERAL BERNARDO O'HIGGINS,GRANEROS,90 a 94,1
LIBERTADOR GENERAL BERNARDO O'HIGGINS,GRANEROS,95 a 99,0
LIBERTADOR GENERAL BERNARDO O'HIGGINS,GRANEROS,100 o más,0
LIBERTADOR GENERAL BERNARDO O'HIGGINS,LAS CABRAS,Total Comuna,476
LIBERTADOR GENERAL BERNARDO O'HIGGINS,LAS CABRAS,0 a 4,9
LIBERTADOR GENERAL BERNARDO O'HIGGINS,LAS CABRAS,5 a 9,14
LIBERTADOR GENERAL BERNARDO O'HIGGINS,LAS CABRAS,10 a 14,16
LIBERTADOR GENERAL BERNARDO O'HIGGINS,LAS CABRAS,15 a 19,28
LIBERTADOR GENERAL BERNARDO O'HIGGINS,LAS CABRAS,20 a 24,103
LIBERTADOR GENERAL BERNARDO O'HIGGINS,LAS CABRAS,25 a 29,81
LIBERTADOR GENERAL BERNARDO O'HIGGINS,LAS CABRAS,30 a 34,71
LIBERTADOR GENERAL BERNARDO O'HIGGINS,LAS CABRAS,35 a 39,54
LIBERTADOR GENERAL BERNARDO O'HIGGINS,LAS CABRAS,40 a 44,30
LIBERTADOR GENERAL BERNARDO O'HIGGINS,LAS CABRAS,45 a 49,29
LIBERTADOR GENERAL BERNARDO O'HIGGINS,LAS CABRAS,50 a 54,12
LIBERTADOR GENERAL BERNARDO O'HIGGINS,LAS CABRAS,55 a 59,12
LIBERTADOR GENERAL BERNARDO O'HIGGINS,LAS CABRAS,60 a 64,4
LIBERTADOR GENERAL BERNARDO O'HIGGINS,LAS CABRAS,65 a 69,4
LIBERTADOR GENERAL BERNARDO O'HIGGINS,LAS CABRAS,70 a 74,2
LIBERTADOR GENERAL BERNARDO O'HIGGINS,LAS CABRAS,75 a 79,3
LIBERTADOR GENERAL BERNARDO O'HIGGINS,LAS CABRAS,80 a 84,4
LIBERTADOR GENERAL BERNARDO O'HIGGINS,LAS CABRAS,85 a 89,0
LIBERTADOR GENERAL BERNARDO O'HIGGINS,LAS CABRAS,90 a 94,0
LIBERTADOR GENERAL BERNARDO O'HIGGINS,LAS CABRAS,95 a 99,0
LIBERTADOR GENERAL BERNARDO O'HIGGINS,LAS CABRAS,100 o más,0
LIBERTADOR GENERAL BERNARDO O'HIGGINS,MACHALÍ,Total Comuna,1212
LIBERTADOR GENERAL BERNARDO O'HIGGINS,MACHALÍ,0 a 4,51
LIBERTADOR GENERAL BERNARDO O'HIGGINS,MACHALÍ,5 a 9,68
LIBERTADOR GENERAL BERNARDO O'HIGGINS,MACHALÍ,10 a 14,74
LIBERTADOR GENERAL BERNARDO O'HIGGINS,MACHALÍ,15 a 19,66
LIBERTADOR GENERAL BERNARDO O'HIGGINS,MACHALÍ,20 a 24,79
LIBERTADOR GENERAL BERNARDO O'HIGGINS,MACHALÍ,25 a 29,126
LIBERTADOR GENERAL BERNARDO O'HIGGINS,MACHALÍ,30 a 34,178
LIBERTADOR GENERAL BERNARDO O'HIGGINS,MACHALÍ,35 a 39,205
LIBERTADOR GENERAL BERNARDO O'HIGGINS,MACHALÍ,40 a 44,117
LIBERTADOR GENERAL BERNARDO O'HIGGINS,MACHALÍ,45 a 49,84
LIBERTADOR GENERAL BERNARDO O'HIGGINS,MACHALÍ,50 a 54,55
LIBERTADOR GENERAL BERNARDO O'HIGGINS,MACHALÍ,55 a 59,31
LIBERTADOR GENERAL BERNARDO O'HIGGINS,MACHALÍ,60 a 64,29
LIBERTADOR GENERAL BERNARDO O'HIGGINS,MACHALÍ,65 a 69,22
LIBERTADOR GENERAL BERNARDO O'HIGGINS,MACHALÍ,70 a 74,15
LIBERTADOR GENERAL BERNARDO O'HIGGINS,MACHALÍ,75 a 79,10
LIBERTADOR GENERAL BERNARDO O'HIGGINS,MACHALÍ,80 a 84,0
LIBERTADOR GENERAL BERNARDO O'HIGGINS,MACHALÍ,85 a 89,1
LIBERTADOR GENERAL BERNARDO O'HIGGINS,MACHALÍ,90 a 94,1
LIBERTADOR GENERAL BERNARDO O'HIGGINS,MACHALÍ,95 a 99,0
LIBERTADOR GENERAL BERNARDO O'HIGGINS,MACHALÍ,100 o más,0
LIBERTADOR GENERAL BERNARDO O'HIGGINS,MALLOA,Total Comuna,95
LIBERTADOR GENERAL BERNARDO O'HIGGINS,MALLOA,0 a 4,1
LIBERTADOR GENERAL BERNARDO O'HIGGINS,MALLOA,5 a 9,12
LIBERTADOR GENERAL BERNARDO O'HIGGINS,MALLOA,10 a 14,6
LIBERTADOR GENERAL BERNARDO O'HIGGINS,MALLOA,15 a 19,5
LIBERTADOR GENERAL BERNARDO O'HIGGINS,MALLOA,20 a 24,19
LIBERTADOR GENERAL BERNARDO O'HIGGINS,MALLOA,25 a 29,10
LIBERTADOR GENERAL BERNARDO O'HIGGINS,MALLOA,30 a 34,14
LIBERTADOR GENERAL BERNARDO O'HIGGINS,MALLOA,35 a 39,5
LIBERTADOR GENERAL BERNARDO O'HIGGINS,MALLOA,40 a 44,6
LIBERTADOR GENERAL BERNARDO O'HIGGINS,MALLOA,45 a 49,4
LIBERTADOR GENERAL BERNARDO O'HIGGINS,MALLOA,50 a 54,4
LIBERTADOR GENERAL BERNARDO O'HIGGINS,MALLOA,55 a 59,1
LIBERTADOR GENERAL BERNARDO O'HIGGINS,MALLOA,60 a 64,3
LIBERTADOR GENERAL BERNARDO O'HIGGINS,MALLOA,65 a 69,2
LIBERTADOR GENERAL BERNARDO O'HIGGINS,MALLOA,70 a 74,2
LIBERTADOR GENERAL BERNARDO O'HIGGINS,MALLOA,75 a 79,0
LIBERTADOR GENERAL BERNARDO O'HIGGINS,MALLOA,80 a 84,1
LIBERTADOR GENERAL BERNARDO O'HIGGINS,MALLOA,85 a 89,0
LIBERTADOR GENERAL BERNARDO O'HIGGINS,MALLOA,90 a 94,0
LIBERTADOR GENERAL BERNARDO O'HIGGINS,MALLOA,95 a 99,0
LIBERTADOR GENERAL BERNARDO O'HIGGINS,MALLOA,100 o más,0
LIBERTADOR GENERAL BERNARDO O'HIGGINS,MOSTAZAL,Total Comuna,180
LIBERTADOR GENERAL BERNARDO O'HIGGINS,MOSTAZAL,0 a 4,2
LIBERTADOR GENERAL BERNARDO O'HIGGINS,MOSTAZAL,5 a 9,9
LIBERTADOR GENERAL BERNARDO O'HIGGINS,MOSTAZAL,10 a 14,8
LIBERTADOR GENERAL BERNARDO O'HIGGINS,MOSTAZAL,15 a 19,11
LIBERTADOR GENERAL BERNARDO O'HIGGINS,MOSTAZAL,20 a 24,11
LIBERTADOR GENERAL BERNARDO O'HIGGINS,MOSTAZAL,25 a 29,30
LIBERTADOR GENERAL BERNARDO O'HIGGINS,MOSTAZAL,30 a 34,23
LIBERTADOR GENERAL BERNARDO O'HIGGINS,MOSTAZAL,35 a 39,27
LIBERTADOR GENERAL BERNARDO O'HIGGINS,MOSTAZAL,40 a 44,16
LIBERTADOR GENERAL BERNARDO O'HIGGINS,MOSTAZAL,45 a 49,9
LIBERTADOR GENERAL BERNARDO O'HIGGINS,MOSTAZAL,50 a 54,15
LIBERTADOR GENERAL BERNARDO O'HIGGINS,MOSTAZAL,55 a 59,6
LIBERTADOR GENERAL BERNARDO O'HIGGINS,MOSTAZAL,60 a 64,7
LIBERTADOR GENERAL BERNARDO O'HIGGINS,MOSTAZAL,65 a 69,4
LIBERTADOR GENERAL BERNARDO O'HIGGINS,MOSTAZAL,70 a 74,1
LIBERTADOR GENERAL BERNARDO O'HIGGINS,MOSTAZAL,75 a 79,0
LIBERTADOR GENERAL BERNARDO O'HIGGINS,MOSTAZAL,80 a 84,0
LIBERTADOR GENERAL BERNARDO O'HIGGINS,MOSTAZAL,85 a 89,1
LIBERTADOR GENERAL BERNARDO O'HIGGINS,MOSTAZAL,90 a 94,0
LIBERTADOR GENERAL BERNARDO O'HIGGINS,MOSTAZAL,95 a 99,0
LIBERTADOR GENERAL BERNARDO O'HIGGINS,MOSTAZAL,100 o más,0
LIBERTADOR GENERAL BERNARDO O'HIGGINS,OLIVAR,Total Comuna,97
LIBERTADOR GENERAL BERNARDO O'HIGGINS,OLIVAR,0 a 4,2
LIBERTADOR GENERAL BERNARDO O'HIGGINS,OLIVAR,5 a 9,5
LIBERTADOR GENERAL BERNARDO O'HIGGINS,OLIVAR,10 a 14,4
LIBERTADOR GENERAL BERNARDO O'HIGGINS,OLIVAR,15 a 19,5
LIBERTADOR GENERAL BERNARDO O'HIGGINS,OLIVAR,20 a 24,11
LIBERTADOR GENERAL BERNARDO O'HIGGINS,OLIVAR,25 a 29,11
LIBERTADOR GENERAL BERNARDO O'HIGGINS,OLIVAR,30 a 34,15
LIBERTADOR GENERAL BERNARDO O'HIGGINS,OLIVAR,35 a 39,10
LIBERTADOR GENERAL BERNARDO O'HIGGINS,OLIVAR,40 a 44,14
LIBERTADOR GENERAL BERNARDO O'HIGGINS,OLIVAR,45 a 49,9
LIBERTADOR GENERAL BERNARDO O'HIGGINS,OLIVAR,50 a 54,5
LIBERTADOR GENERAL BERNARDO O'HIGGINS,OLIVAR,55 a 59,2
LIBERTADOR GENERAL BERNARDO O'HIGGINS,OLIVAR,60 a 64,1
LIBERTADOR GENERAL BERNARDO O'HIGGINS,OLIVAR,65 a 69,0
LIBERTADOR GENERAL BERNARDO O'HIGGINS,OLIVAR,70 a 74,1
LIBERTADOR GENERAL BERNARDO O'HIGGINS,OLIVAR,75 a 79,1
LIBERTADOR GENERAL BERNARDO O'HIGGINS,OLIVAR,80 a 84,0
LIBERTADOR GENERAL BERNARDO O'HIGGINS,OLIVAR,85 a 89,0
LIBERTADOR GENERAL BERNARDO O'HIGGINS,OLIVAR,90 a 94,1
LIBERTADOR GENERAL BERNARDO O'HIGGINS,OLIVAR,95 a 99,0
LIBERTADOR GENERAL BERNARDO O'HIGGINS,OLIVAR,100 o más,0
LIBERTADOR GENERAL BERNARDO O'HIGGINS,PEUMO,Total Comuna,62
LIBERTADOR GENERAL BERNARDO O'HIGGINS,PEUMO,0 a 4,0
LIBERTADOR GENERAL BERNARDO O'HIGGINS,PEUMO,5 a 9,0
LIBERTADOR GENERAL BERNARDO O'HIGGINS,PEUMO,10 a 14,3
LIBERTADOR GENERAL BERNARDO O'HIGGINS,PEUMO,15 a 19,3
LIBERTADOR GENERAL BERNARDO O'HIGGINS,PEUMO,20 a 24,4
LIBERTADOR GENERAL BERNARDO O'HIGGINS,PEUMO,25 a 29,17
LIBERTADOR GENERAL BERNARDO O'HIGGINS,PEUMO,30 a 34,10
LIBERTADOR GENERAL BERNARDO O'HIGGINS,PEUMO,35 a 39,11
LIBERTADOR GENERAL BERNARDO O'HIGGINS,PEUMO,40 a 44,4
LIBERTADOR GENERAL BERNARDO O'HIGGINS,PEUMO,45 a 49,2
LIBERTADOR GENERAL BERNARDO O'HIGGINS,PEUMO,50 a 54,1
LIBERTADOR GENERAL BERNARDO O'HIGGINS,PEUMO,55 a 59,2
LIBERTADOR GENERAL BERNARDO O'HIGGINS,PEUMO,60 a 64,1
LIBERTADOR GENERAL BERNARDO O'HIGGINS,PEUMO,65 a 69,1
LIBERTADOR GENERAL BERNARDO O'HIGGINS,PEUMO,70 a 74,1
LIBERTADOR GENERAL BERNARDO O'HIGGINS,PEUMO,75 a 79,0
LIBERTADOR GENERAL BERNARDO O'HIGGINS,PEUMO,80 a 84,1
LIBERTADOR GENERAL BERNARDO O'HIGGINS,PEUMO,85 a 89,0
LIBERTADOR GENERAL BERNARDO O'HIGGINS,PEUMO,90 a 94,1
LIBERTADOR GENERAL BERNARDO O'HIGGINS,PEUMO,95 a 99,0
LIBERTADOR GENERAL BERNARDO O'HIGGINS,PEUMO,100 o más,0
LIBERTADOR GENERAL BERNARDO O'HIGGINS,PICHIDEGUA,Total Comuna,160
LIBERTADOR GENERAL BERNARDO O'HIGGINS,PICHIDEGUA,0 a 4,3
LIBERTADOR GENERAL BERNARDO O'HIGGINS,PICHIDEGUA,5 a 9,6
LIBERTADOR GENERAL BERNARDO O'HIGGINS,PICHIDEGUA,10 a 14,8
LIBERTADOR GENERAL BERNARDO O'HIGGINS,PICHIDEGUA,15 a 19,10
LIBERTADOR GENERAL BERNARDO O'HIGGINS,PICHIDEGUA,20 a 24,20
LIBERTADOR GENERAL BERNARDO O'HIGGINS,PICHIDEGUA,25 a 29,33
LIBERTADOR GENERAL BERNARDO O'HIGGINS,PICHIDEGUA,30 a 34,21
LIBERTADOR GENERAL BERNARDO O'HIGGINS,PICHIDEGUA,35 a 39,16
LIBERTADOR GENERAL BERNARDO O'HIGGINS,PICHIDEGUA,40 a 44,21
LIBERTADOR GENERAL BERNARDO O'HIGGINS,PICHIDEGUA,45 a 49,6
LIBERTADOR GENERAL BERNARDO O'HIGGINS,PICHIDEGUA,50 a 54,5
LIBERTADOR GENERAL BERNARDO O'HIGGINS,PICHIDEGUA,55 a 59,3
LIBERTADOR GENERAL BERNARDO O'HIGGINS,PICHIDEGUA,60 a 64,2
LIBERTADOR GENERAL BERNARDO O'HIGGINS,PICHIDEGUA,65 a 69,5
LIBERTADOR GENERAL BERNARDO O'HIGGINS,PICHIDEGUA,70 a 74,0
LIBERTADOR GENERAL BERNARDO O'HIGGINS,PICHIDEGUA,75 a 79,0
LIBERTADOR GENERAL BERNARDO O'HIGGINS,PICHIDEGUA,80 a 84,0
LIBERTADOR GENERAL BERNARDO O'HIGGINS,PICHIDEGUA,85 a 89,0
LIBERTADOR GENERAL BERNARDO O'HIGGINS,PICHIDEGUA,90 a 94,1
LIBERTADOR GENERAL BERNARDO O'HIGGINS,PICHIDEGUA,95 a 99,0
LIBERTADOR GENERAL BERNARDO O'HIGGINS,PICHIDEGUA,100 o más,0
LIBERTADOR GENERAL BERNARDO O'HIGGINS,QUINTA DE TILCOCO,Total Comuna,86
LIBERTADOR GENERAL BERNARDO O'HIGGINS,QUINTA DE TILCOCO,0 a 4,1
LIBERTADOR GENERAL BERNARDO O'HIGGINS,QUINTA DE TILCOCO,5 a 9,0
LIBERTADOR GENERAL BERNARDO O'HIGGINS,QUINTA DE TILCOCO,10 a 14,1
LIBERTADOR GENERAL BERNARDO O'HIGGINS,QUINTA DE TILCOCO,15 a 19,4
LIBERTADOR GENERAL BERNARDO O'HIGGINS,QUINTA DE TILCOCO,20 a 24,8
LIBERTADOR GENERAL BERNARDO O'HIGGINS,QUINTA DE TILCOCO,25 a 29,14
LIBERTADOR GENERAL BERNARDO O'HIGGINS,QUINTA DE TILCOCO,30 a 34,13
LIBERTADOR GENERAL BERNARDO O'HIGGINS,QUINTA DE TILCOCO,35 a 39,18
LIBERTADOR GENERAL BERNARDO O'HIGGINS,QUINTA DE TILCOCO,40 a 44,10
LIBERTADOR GENERAL BERNARDO O'HIGGINS,QUINTA DE TILCOCO,45 a 49,9
LIBERTADOR GENERAL BERNARDO O'HIGGINS,QUINTA DE TILCOCO,50 a 54,1
LIBERTADOR GENERAL BERNARDO O'HIGGINS,QUINTA DE TILCOCO,55 a 59,3
LIBERTADOR GENERAL BERNARDO O'HIGGINS,QUINTA DE TILCOCO,60 a 64,0
LIBERTADOR GENERAL BERNARDO O'HIGGINS,QUINTA DE TILCOCO,65 a 69,0
LIBERTADOR GENERAL BERNARDO O'HIGGINS,QUINTA DE TILCOCO,70 a 74,2
LIBERTADOR GENERAL BERNARDO O'HIGGINS,QUINTA DE TILCOCO,75 a 79,0
LIBERTADOR GENERAL BERNARDO O'HIGGINS,QUINTA DE TILCOCO,80 a 84,0
LIBERTADOR GENERAL BERNARDO O'HIGGINS,QUINTA DE TILCOCO,85 a 89,2
LIBERTADOR GENERAL BERNARDO O'HIGGINS,QUINTA DE TILCOCO,90 a 94,0
LIBERTADOR GENERAL BERNARDO O'HIGGINS,QUINTA DE TILCOCO,95 a 99,0
LIBERTADOR GENERAL BERNARDO O'HIGGINS,QUINTA DE TILCOCO,100 o más,0
LIBERTADOR GENERAL BERNARDO O'HIGGINS,RENGO,Total Comuna,675
LIBERTADOR GENERAL BERNARDO O'HIGGINS,RENGO,0 a 4,17
LIBERTADOR GENERAL BERNARDO O'HIGGINS,RENGO,5 a 9,33
LIBERTADOR GENERAL BERNARDO O'HIGGINS,RENGO,10 a 14,21
LIBERTADOR GENERAL BERNARDO O'HIGGINS,RENGO,15 a 19,39
LIBERTADOR GENERAL BERNARDO O'HIGGINS,RENGO,20 a 24,82
LIBERTADOR GENERAL BERNARDO O'HIGGINS,RENGO,25 a 29,104
LIBERTADOR GENERAL BERNARDO O'HIGGINS,RENGO,30 a 34,122
LIBERTADOR GENERAL BERNARDO O'HIGGINS,RENGO,35 a 39,95
LIBERTADOR GENERAL BERNARDO O'HIGGINS,RENGO,40 a 44,52
LIBERTADOR GENERAL BERNARDO O'HIGGINS,RENGO,45 a 49,36
LIBERTADOR GENERAL BERNARDO O'HIGGINS,RENGO,50 a 54,23
LIBERTADOR GENERAL BERNARDO O'HIGGINS,RENGO,55 a 59,19
LIBERTADOR GENERAL BERNARDO O'HIGGINS,RENGO,60 a 64,10
LIBERTADOR GENERAL BERNARDO O'HIGGINS,RENGO,65 a 69,7
LIBERTADOR GENERAL BERNARDO O'HIGGINS,RENGO,70 a 74,5
LIBERTADOR GENERAL BERNARDO O'HIGGINS,RENGO,75 a 79,6
LIBERTADOR GENERAL BERNARDO O'HIGGINS,RENGO,80 a 84,1
LIBERTADOR GENERAL BERNARDO O'HIGGINS,RENGO,85 a 89,2
LIBERTADOR GENERAL BERNARDO O'HIGGINS,RENGO,90 a 94,1
LIBERTADOR GENERAL BERNARDO O'HIGGINS,RENGO,95 a 99,0
LIBERTADOR GENERAL BERNARDO O'HIGGINS,RENGO,100 o más,0
LIBERTADOR GENERAL BERNARDO O'HIGGINS,REQUÍNOA,Total Comuna,301
LIBERTADOR GENERAL BERNARDO O'HIGGINS,REQUÍNOA,0 a 4,8
LIBERTADOR GENERAL BERNARDO O'HIGGINS,REQUÍNOA,5 a 9,14
LIBERTADOR GENERAL BERNARDO O'HIGGINS,REQUÍNOA,10 a 14,20
LIBERTADOR GENERAL BERNARDO O'HIGGINS,REQUÍNOA,15 a 19,21
LIBERTADOR GENERAL BERNARDO O'HIGGINS,REQUÍNOA,20 a 24,27
LIBERTADOR GENERAL BERNARDO O'HIGGINS,REQUÍNOA,25 a 29,31
LIBERTADOR GENERAL BERNARDO O'HIGGINS,REQUÍNOA,30 a 34,39
LIBERTADOR GENERAL BERNARDO O'HIGGINS,REQUÍNOA,35 a 39,38
LIBERTADOR GENERAL BERNARDO O'HIGGINS,REQUÍNOA,40 a 44,40
LIBERTADOR GENERAL BERNARDO O'HIGGINS,REQUÍNOA,45 a 49,20
LIBERTADOR GENERAL BERNARDO O'HIGGINS,REQUÍNOA,50 a 54,16
LIBERTADOR GENERAL BERNARDO O'HIGGINS,REQUÍNOA,55 a 59,10
LIBERTADOR GENERAL BERNARDO O'HIGGINS,REQUÍNOA,60 a 64,5
LIBERTADOR GENERAL BERNARDO O'HIGGINS,REQUÍNOA,65 a 69,2
LIBERTADOR GENERAL BERNARDO O'HIGGINS,REQUÍNOA,70 a 74,3
LIBERTADOR GENERAL BERNARDO O'HIGGINS,REQUÍNOA,75 a 79,4
LIBERTADOR GENERAL BERNARDO O'HIGGINS,REQUÍNOA,80 a 84,1
LIBERTADOR GENERAL BERNARDO O'HIGGINS,REQUÍNOA,85 a 89,1
LIBERTADOR GENERAL BERNARDO O'HIGGINS,REQUÍNOA,90 a 94,1
LIBERTADOR GENERAL BERNARDO O'HIGGINS,REQUÍNOA,95 a 99,0
LIBERTADOR GENERAL BERNARDO O'HIGGINS,REQUÍNOA,100 o más,0
LIBERTADOR GENERAL BERNARDO O'HIGGINS,SAN VICENTE,Total Comuna,663
LIBERTADOR GENERAL BERNARDO O'HIGGINS,SAN VICENTE,0 a 4,6
LIBERTADOR GENERAL BERNARDO O'HIGGINS,SAN VICENTE,5 a 9,12
LIBERTADOR GENERAL BERNARDO O'HIGGINS,SAN VICENTE,10 a 14,29
LIBERTADOR GENERAL BERNARDO O'HIGGINS,SAN VICENTE,15 a 19,29
LIBERTADOR GENERAL BERNARDO O'HIGGINS,SAN VICENTE,20 a 24,83
LIBERTADOR GENERAL BERNARDO O'HIGGINS,SAN VICENTE,25 a 29,121
LIBERTADOR GENERAL BERNARDO O'HIGGINS,SAN VICENTE,30 a 34,116
LIBERTADOR GENERAL BERNARDO O'HIGGINS,SAN VICENTE,35 a 39,92
LIBERTADOR GENERAL BERNARDO O'HIGGINS,SAN VICENTE,40 a 44,48
LIBERTADOR GENERAL BERNARDO O'HIGGINS,SAN VICENTE,45 a 49,25
LIBERTADOR GENERAL BERNARDO O'HIGGINS,SAN VICENTE,50 a 54,23
LIBERTADOR GENERAL BERNARDO O'HIGGINS,SAN VICENTE,55 a 59,19
LIBERTADOR GENERAL BERNARDO O'HIGGINS,SAN VICENTE,60 a 64,13
LIBERTADOR GENERAL BERNARDO O'HIGGINS,SAN VICENTE,65 a 69,14
LIBERTADOR GENERAL BERNARDO O'HIGGINS,SAN VICENTE,70 a 74,6
LIBERTADOR GENERAL BERNARDO O'HIGGINS,SAN VICENTE,75 a 79,11
LIBERTADOR GENERAL BERNARDO O'HIGGINS,SAN VICENTE,80 a 84,8
LIBERTADOR GENERAL BERNARDO O'HIGGINS,SAN VICENTE,85 a 89,5
LIBERTADOR GENERAL BERNARDO O'HIGGINS,SAN VICENTE,90 a 94,3
LIBERTADOR GENERAL BERNARDO O'HIGGINS,SAN VICENTE,95 a 99,0
LIBERTADOR GENERAL BERNARDO O'HIGGINS,SAN VICENTE,100 o más,0
LIBERTADOR GENERAL BERNARDO O'HIGGINS,PICHILEMU,Total Comuna,390
LIBERTADOR GENERAL BERNARDO O'HIGGINS,PICHILEMU,0 a 4,15
LIBERTADOR GENERAL BERNARDO O'HIGGINS,PICHILEMU,5 a 9,16
LIBERTADOR GENERAL BERNARDO O'HIGGINS,PICHILEMU,10 a 14,16
LIBERTADOR GENERAL BERNARDO O'HIGGINS,PICHILEMU,15 a 19,23
LIBERTADOR GENERAL BERNARDO O'HIGGINS,PICHILEMU,20 a 24,54
LIBERTADOR GENERAL BERNARDO O'HIGGINS,PICHILEMU,25 a 29,53
LIBERTADOR GENERAL BERNARDO O'HIGGINS,PICHILEMU,30 a 34,57
LIBERTADOR GENERAL BERNARDO O'HIGGINS,PICHILEMU,35 a 39,55
LIBERTADOR GENERAL BERNARDO O'HIGGINS,PICHILEMU,40 a 44,35
LIBERTADOR GENERAL BERNARDO O'HIGGINS,PICHILEMU,45 a 49,24
LIBERTADOR GENERAL BERNARDO O'HIGGINS,PICHILEMU,50 a 54,9
LIBERTADOR GENERAL BERNARDO O'HIGGINS,PICHILEMU,55 a 59,8
LIBERTADOR GENERAL BERNARDO O'HIGGINS,PICHILEMU,60 a 64,10
LIBERTADOR GENERAL BERNARDO O'HIGGINS,PICHILEMU,65 a 69,3
LIBERTADOR GENERAL BERNARDO O'HIGGINS,PICHILEMU,70 a 74,8
LIBERTADOR GENERAL BERNARDO O'HIGGINS,PICHILEMU,75 a 79,1
LIBERTADOR GENERAL BERNARDO O'HIGGINS,PICHILEMU,80 a 84,2
LIBERTADOR GENERAL BERNARDO O'HIGGINS,PICHILEMU,85 a 89,0
LIBERTADOR GENERAL BERNARDO O'HIGGINS,PICHILEMU,90 a 94,0
LIBERTADOR GENERAL BERNARDO O'HIGGINS,PICHILEMU,95 a 99,1
LIBERTADOR GENERAL BERNARDO O'HIGGINS,PICHILEMU,100 o más,0
LIBERTADOR GENERAL BERNARDO O'HIGGINS,LA ESTRELLA,Total Comuna,33
LIBERTADOR GENERAL BERNARDO O'HIGGINS,LA ESTRELLA,0 a 4,0
LIBERTADOR GENERAL BERNARDO O'HIGGINS,LA ESTRELLA,5 a 9,1
LIBERTADOR GENERAL BERNARDO O'HIGGINS,LA ESTRELLA,10 a 14,0
LIBERTADOR GENERAL BERNARDO O'HIGGINS,LA ESTRELLA,15 a 19,3
LIBERTADOR GENERAL BERNARDO O'HIGGINS,LA ESTRELLA,20 a 24,3
LIBERTADOR GENERAL BERNARDO O'HIGGINS,LA ESTRELLA,25 a 29,8
LIBERTADOR GENERAL BERNARDO O'HIGGINS,LA ESTRELLA,30 a 34,7
LIBERTADOR GENERAL BERNARDO O'HIGGINS,LA ESTRELLA,35 a 39,6
LIBERTADOR GENERAL BERNARDO O'HIGGINS,LA ESTRELLA,40 a 44,2
LIBERTADOR GENERAL BERNARDO O'HIGGINS,LA ESTRELLA,45 a 49,1
LIBERTADOR GENERAL BERNARDO O'HIGGINS,LA ESTRELLA,50 a 54,1
LIBERTADOR GENERAL BERNARDO O'HIGGINS,LA ESTRELLA,55 a 59,1
LIBERTADOR GENERAL BERNARDO O'HIGGINS,LA ESTRELLA,60 a 64,0
LIBERTADOR GENERAL BERNARDO O'HIGGINS,LA ESTRELLA,65 a 69,0
LIBERTADOR GENERAL BERNARDO O'HIGGINS,LA ESTRELLA,70 a 74,0
LIBERTADOR GENERAL BERNARDO O'HIGGINS,LA ESTRELLA,75 a 79,0
LIBERTADOR GENERAL BERNARDO O'HIGGINS,LA ESTRELLA,80 a 84,0
LIBERTADOR GENERAL BERNARDO O'HIGGINS,LA ESTRELLA,85 a 89,0
LIBERTADOR GENERAL BERNARDO O'HIGGINS,LA ESTRELLA,90 a 94,0
LIBERTADOR GENERAL BERNARDO O'HIGGINS,LA ESTRELLA,95 a 99,0
LIBERTADOR GENERAL BERNARDO O'HIGGINS,LA ESTRELLA,100 o más,0
LIBERTADOR GENERAL BERNARDO O'HIGGINS,LITUECHE,Total Comuna,75
LIBERTADOR GENERAL BERNARDO O'HIGGINS,LITUECHE,0 a 4,1
LIBERTADOR GENERAL BERNARDO O'HIGGINS,LITUECHE,5 a 9,1
LIBERTADOR GENERAL BERNARDO O'HIGGINS,LITUECHE,10 a 14,3
LIBERTADOR GENERAL BERNARDO O'HIGGINS,LITUECHE,15 a 19,0
LIBERTADOR GENERAL BERNARDO O'HIGGINS,LITUECHE,20 a 24,10
LIBERTADOR GENERAL BERNARDO O'HIGGINS,LITUECHE,25 a 29,13
LIBERTADOR GENERAL BERNARDO O'HIGGINS,LITUECHE,30 a 34,19
LIBERTADOR GENERAL BERNARDO O'HIGGINS,LITUECHE,35 a 39,11
LIBERTADOR GENERAL BERNARDO O'HIGGINS,LITUECHE,40 a 44,4
LIBERTADOR GENERAL BERNARDO O'HIGGINS,LITUECHE,45 a 49,6
LIBERTADOR GENERAL BERNARDO O'HIGGINS,LITUECHE,50 a 54,3
LIBERTADOR GENERAL BERNARDO O'HIGGINS,LITUECHE,55 a 59,3
LIBERTADOR GENERAL BERNARDO O'HIGGINS,LITUECHE,60 a 64,0
LIBERTADOR GENERAL BERNARDO O'HIGGINS,LITUECHE,65 a 69,0
LIBERTADOR GENERAL BERNARDO O'HIGGINS,LITUECHE,70 a 74,0
LIBERTADOR GENERAL BERNARDO O'HIGGINS,LITUECHE,75 a 79,0
LIBERTADOR GENERAL BERNARDO O'HIGGINS,LITUECHE,80 a 84,1
LIBERTADOR GENERAL BERNARDO O'HIGGINS,LITUECHE,85 a 89,0
LIBERTADOR GENERAL BERNARDO O'HIGGINS,LITUECHE,90 a 94,0
LIBERTADOR GENERAL BERNARDO O'HIGGINS,LITUECHE,95 a 99,0
LIBERTADOR GENERAL BERNARDO O'HIGGINS,LITUECHE,100 o más,0
LIBERTADOR GENERAL BERNARDO O'HIGGINS,MARCHIHUE,Total Comuna,96
LIBERTADOR GENERAL BERNARDO O'HIGGINS,MARCHIHUE,0 a 4,2
LIBERTADOR GENERAL BERNARDO O'HIGGINS,MARCHIHUE,5 a 9,5
LIBERTADOR GENERAL BERNARDO O'HIGGINS,MARCHIHUE,10 a 14,3
LIBERTADOR GENERAL BERNARDO O'HIGGINS,MARCHIHUE,15 a 19,4
LIBERTADOR GENERAL BERNARDO O'HIGGINS,MARCHIHUE,20 a 24,8
LIBERTADOR GENERAL BERNARDO O'HIGGINS,MARCHIHUE,25 a 29,19
LIBERTADOR GENERAL BERNARDO O'HIGGINS,MARCHIHUE,30 a 34,23
LIBERTADOR GENERAL BERNARDO O'HIGGINS,MARCHIHUE,35 a 39,8
LIBERTADOR GENERAL BERNARDO O'HIGGINS,MARCHIHUE,40 a 44,8
LIBERTADOR GENERAL BERNARDO O'HIGGINS,MARCHIHUE,45 a 49,5
LIBERTADOR GENERAL BERNARDO O'HIGGINS,MARCHIHUE,50 a 54,4
LIBERTADOR GENERAL BERNARDO O'HIGGINS,MARCHIHUE,55 a 59,2
LIBERTADOR GENERAL BERNARDO O'HIGGINS,MARCHIHUE,60 a 64,2
LIBERTADOR GENERAL BERNARDO O'HIGGINS,MARCHIHUE,65 a 69,0
LIBERTADOR GENERAL BERNARDO O'HIGGINS,MARCHIHUE,70 a 74,0
LIBERTADOR GENERAL BERNARDO O'HIGGINS,MARCHIHUE,75 a 79,2
LIBERTADOR GENERAL BERNARDO O'HIGGINS,MARCHIHUE,80 a 84,0
LIBERTADOR GENERAL BERNARDO O'HIGGINS,MARCHIHUE,85 a 89,1
LIBERTADOR GENERAL BERNARDO O'HIGGINS,MARCHIHUE,90 a 94,0
LIBERTADOR GENERAL BERNARDO O'HIGGINS,MARCHIHUE,95 a 99,0
LIBERTADOR GENERAL BERNARDO O'HIGGINS,MARCHIHUE,100 o más,0
LIBERTADOR GENERAL BERNARDO O'HIGGINS,NAVIDAD,Total Comuna,73
LIBERTADOR GENERAL BERNARDO O'HIGGINS,NAVIDAD,0 a 4,3
LIBERTADOR GENERAL BERNARDO O'HIGGINS,NAVIDAD,5 a 9,6
LIBERTADOR GENERAL BERNARDO O'HIGGINS,NAVIDAD,10 a 14,2
LIBERTADOR GENERAL BERNARDO O'HIGGINS,NAVIDAD,15 a 19,2
LIBERTADOR GENERAL BERNARDO O'HIGGINS,NAVIDAD,20 a 24,12
LIBERTADOR GENERAL BERNARDO O'HIGGINS,NAVIDAD,25 a 29,10
LIBERTADOR GENERAL BERNARDO O'HIGGINS,NAVIDAD,30 a 34,8
LIBERTADOR GENERAL BERNARDO O'HIGGINS,NAVIDAD,35 a 39,13
LIBERTADOR GENERAL BERNARDO O'HIGGINS,NAVIDAD,40 a 44,6
LIBERTADOR GENERAL BERNARDO O'HIGGINS,NAVIDAD,45 a 49,2
LIBERTADOR GENERAL BERNARDO O'HIGGINS,NAVIDAD,50 a 54,2
LIBERTADOR GENERAL BERNARDO O'HIGGINS,NAVIDAD,55 a 59,2
LIBERTADOR GENERAL BERNARDO O'HIGGINS,NAVIDAD,60 a 64,1
LIBERTADOR GENERAL BERNARDO O'HIGGINS,NAVIDAD,65 a 69,4
LIBERTADOR GENERAL BERNARDO O'HIGGINS,NAVIDAD,70 a 74,0
LIBERTADOR GENERAL BERNARDO O'HIGGINS,NAVIDAD,75 a 79,0
LIBERTADOR GENERAL BERNARDO O'HIGGINS,NAVIDAD,80 a 84,0
LIBERTADOR GENERAL BERNARDO O'HIGGINS,NAVIDAD,85 a 89,0
LIBERTADOR GENERAL BERNARDO O'HIGGINS,NAVIDAD,90 a 94,0
LIBERTADOR GENERAL BERNARDO O'HIGGINS,NAVIDAD,95 a 99,0
LIBERTADOR GENERAL BERNARDO O'HIGGINS,NAVIDAD,100 o más,0
LIBERTADOR GENERAL BERNARDO O'HIGGINS,PAREDONES,Total Comuna,28
LIBERTADOR GENERAL BERNARDO O'HIGGINS,PAREDONES,0 a 4,1
LIBERTADOR GENERAL BERNARDO O'HIGGINS,PAREDONES,5 a 9,1
LIBERTADOR GENERAL BERNARDO O'HIGGINS,PAREDONES,10 a 14,2
LIBERTADOR GENERAL BERNARDO O'HIGGINS,PAREDONES,15 a 19,1
LIBERTADOR GENERAL BERNARDO O'HIGGINS,PAREDONES,20 a 24,3
LIBERTADOR GENERAL BERNARDO O'HIGGINS,PAREDONES,25 a 29,4
LIBERTADOR GENERAL BERNARDO O'HIGGINS,PAREDONES,30 a 34,4
LIBERTADOR GENERAL BERNARDO O'HIGGINS,PAREDONES,35 a 39,2
LIBERTADOR GENERAL BERNARDO O'HIGGINS,PAREDONES,40 a 44,4
LIBERTADOR GENERAL BERNARDO O'HIGGINS,PAREDONES,45 a 49,3
LIBERTADOR GENERAL BERNARDO O'HIGGINS,PAREDONES,50 a 54,1
LIBERTADOR GENERAL BERNARDO O'HIGGINS,PAREDONES,55 a 59,0
LIBERTADOR GENERAL BERNARDO O'HIGGINS,PAREDONES,60 a 64,1
LIBERTADOR GENERAL BERNARDO O'HIGGINS,PAREDONES,65 a 69,0
LIBERTADOR GENERAL BERNARDO O'HIGGINS,PAREDONES,70 a 74,1
LIBERTADOR GENERAL BERNARDO O'HIGGINS,PAREDONES,75 a 79,0
LIBERTADOR GENERAL BERNARDO O'HIGGINS,PAREDONES,80 a 84,0
LIBERTADOR GENERAL BERNARDO O'HIGGINS,PAREDONES,85 a 89,0
LIBERTADOR GENERAL BERNARDO O'HIGGINS,PAREDONES,90 a 94,0
LIBERTADOR GENERAL BERNARDO O'HIGGINS,PAREDONES,95 a 99,0
LIBERTADOR GENERAL BERNARDO O'HIGGINS,PAREDONES,100 o más,0
LIBERTADOR GENERAL BERNARDO O'HIGGINS,SAN FERNANDO,Total Comuna,983
LIBERTADOR GENERAL BERNARDO O'HIGGINS,SAN FERNANDO,0 a 4,30
LIBERTADOR GENERAL BERNARDO O'HIGGINS,SAN FERNANDO,5 a 9,51
LIBERTADOR GENERAL BERNARDO O'HIGGINS,SAN FERNANDO,10 a 14,40
LIBERTADOR GENERAL BERNARDO O'HIGGINS,SAN FERNANDO,15 a 19,51
LIBERTADOR GENERAL BERNARDO O'HIGGINS,SAN FERNANDO,20 a 24,114
LIBERTADOR GENERAL BERNARDO O'HIGGINS,SAN FERNANDO,25 a 29,151
LIBERTADOR GENERAL BERNARDO O'HIGGINS,SAN FERNANDO,30 a 34,146
LIBERTADOR GENERAL BERNARDO O'HIGGINS,SAN FERNANDO,35 a 39,104
LIBERTADOR GENERAL BERNARDO O'HIGGINS,SAN FERNANDO,40 a 44,102
LIBERTADOR GENERAL BERNARDO O'HIGGINS,SAN FERNANDO,45 a 49,55
LIBERTADOR GENERAL BERNARDO O'HIGGINS,SAN FERNANDO,50 a 54,46
LIBERTADOR GENERAL BERNARDO O'HIGGINS,SAN FERNANDO,55 a 59,29
LIBERTADOR GENERAL BERNARDO O'HIGGINS,SAN FERNANDO,60 a 64,21
LIBERTADOR GENERAL BERNARDO O'HIGGINS,SAN FERNANDO,65 a 69,11
LIBERTADOR GENERAL BERNARDO O'HIGGINS,SAN FERNANDO,70 a 74,11
LIBERTADOR GENERAL BERNARDO O'HIGGINS,SAN FERNANDO,75 a 79,6
LIBERTADOR GENERAL BERNARDO O'HIGGINS,SAN FERNANDO,80 a 84,7
LIBERTADOR GENERAL BERNARDO O'HIGGINS,SAN FERNANDO,85 a 89,2
LIBERTADOR GENERAL BERNARDO O'HIGGINS,SAN FERNANDO,90 a 94,4
LIBERTADOR GENERAL BERNARDO O'HIGGINS,SAN FERNANDO,95 a 99,2
LIBERTADOR GENERAL BERNARDO O'HIGGINS,SAN FERNANDO,100 o más,0
LIBERTADOR GENERAL BERNARDO O'HIGGINS,CHÉPICA,Total Comuna,97
LIBERTADOR GENERAL BERNARDO O'HIGGINS,CHÉPICA,0 a 4,2
LIBERTADOR GENERAL BERNARDO O'HIGGINS,CHÉPICA,5 a 9,3
LIBERTADOR GENERAL BERNARDO O'HIGGINS,CHÉPICA,10 a 14,2
LIBERTADOR GENERAL BERNARDO O'HIGGINS,CHÉPICA,15 a 19,5
LIBERTADOR GENERAL BERNARDO O'HIGGINS,CHÉPICA,20 a 24,15
LIBERTADOR GENERAL BERNARDO O'HIGGINS,CHÉPICA,25 a 29,17
LIBERTADOR GENERAL BERNARDO O'HIGGINS,CHÉPICA,30 a 34,21
LIBERTADOR GENERAL BERNARDO O'HIGGINS,CHÉPICA,35 a 39,8
LIBERTADOR GENERAL BERNARDO O'HIGGINS,CHÉPICA,40 a 44,3
LIBERTADOR GENERAL BERNARDO O'HIGGINS,CHÉPICA,45 a 49,4
LIBERTADOR GENERAL BERNARDO O'HIGGINS,CHÉPICA,50 a 54,3
LIBERTADOR GENERAL BERNARDO O'HIGGINS,CHÉPICA,55 a 59,6
LIBERTADOR GENERAL BERNARDO O'HIGGINS,CHÉPICA,60 a 64,5
LIBERTADOR GENERAL BERNARDO O'HIGGINS,CHÉPICA,65 a 69,1
LIBERTADOR GENERAL BERNARDO O'HIGGINS,CHÉPICA,70 a 74,1
LIBERTADOR GENERAL BERNARDO O'HIGGINS,CHÉPICA,75 a 79,1
LIBERTADOR GENERAL BERNARDO O'HIGGINS,CHÉPICA,80 a 84,0
LIBERTADOR GENERAL BERNARDO O'HIGGINS,CHÉPICA,85 a 89,0
LIBERTADOR GENERAL BERNARDO O'HIGGINS,CHÉPICA,90 a 94,0
LIBERTADOR GENERAL BERNARDO O'HIGGINS,CHÉPICA,95 a 99,0
LIBERTADOR GENERAL BERNARDO O'HIGGINS,CHÉPICA,100 o más,0
LIBERTADOR GENERAL BERNARDO O'HIGGINS,CHIMBARONGO,Total Comuna,176
LIBERTADOR GENERAL BERNARDO O'HIGGINS,CHIMBARONGO,0 a 4,5
LIBERTADOR GENERAL BERNARDO O'HIGGINS,CHIMBARONGO,5 a 9,4
LIBERTADOR GENERAL BERNARDO O'HIGGINS,CHIMBARONGO,10 a 14,4
LIBERTADOR GENERAL BERNARDO O'HIGGINS,CHIMBARONGO,15 a 19,9
LIBERTADOR GENERAL BERNARDO O'HIGGINS,CHIMBARONGO,20 a 24,18
LIBERTADOR GENERAL BERNARDO O'HIGGINS,CHIMBARONGO,25 a 29,28
LIBERTADOR GENERAL BERNARDO O'HIGGINS,CHIMBARONGO,30 a 34,25
LIBERTADOR GENERAL BERNARDO O'HIGGINS,CHIMBARONGO,35 a 39,26
LIBERTADOR GENERAL BERNARDO O'HIGGINS,CHIMBARONGO,40 a 44,19
LIBERTADOR GENERAL BERNARDO O'HIGGINS,CHIMBARONGO,45 a 49,6
LIBERTADOR GENERAL BERNARDO O'HIGGINS,CHIMBARONGO,50 a 54,8
LIBERTADOR GENERAL BERNARDO O'HIGGINS,CHIMBARONGO,55 a 59,6
LIBERTADOR GENERAL BERNARDO O'HIGGINS,CHIMBARONGO,60 a 64,4
LIBERTADOR GENERAL BERNARDO O'HIGGINS,CHIMBARONGO,65 a 69,4
LIBERTADOR GENERAL BERNARDO O'HIGGINS,CHIMBARONGO,70 a 74,3
LIBERTADOR GENERAL BERNARDO O'HIGGINS,CHIMBARONGO,75 a 79,2
LIBERTADOR GENERAL BERNARDO O'HIGGINS,CHIMBARONGO,80 a 84,2
LIBERTADOR GENERAL BERNARDO O'HIGGINS,CHIMBARONGO,85 a 89,2
LIBERTADOR GENERAL BERNARDO O'HIGGINS,CHIMBARONGO,90 a 94,1
LIBERTADOR GENERAL BERNARDO O'HIGGINS,CHIMBARONGO,95 a 99,0
LIBERTADOR GENERAL BERNARDO O'HIGGINS,CHIMBARONGO,100 o más,0
LIBERTADOR GENERAL BERNARDO O'HIGGINS,LOLOL,Total Comuna,28
LIBERTADOR GENERAL BERNARDO O'HIGGINS,LOLOL,0 a 4,0
LIBERTADOR GENERAL BERNARDO O'HIGGINS,LOLOL,5 a 9,0
LIBERTADOR GENERAL BERNARDO O'HIGGINS,LOLOL,10 a 14,1
LIBERTADOR GENERAL BERNARDO O'HIGGINS,LOLOL,15 a 19,5
LIBERTADOR GENERAL BERNARDO O'HIGGINS,LOLOL,20 a 24,1
LIBERTADOR GENERAL BERNARDO O'HIGGINS,LOLOL,25 a 29,4
LIBERTADOR GENERAL BERNARDO O'HIGGINS,LOLOL,30 a 34,1
LIBERTADOR GENERAL BERNARDO O'HIGGINS,LOLOL,35 a 39,1
LIBERTADOR GENERAL BERNARDO O'HIGGINS,LOLOL,40 a 44,2
LIBERTADOR GENERAL BERNARDO O'HIGGINS,LOLOL,45 a 49,3
LIBERTADOR GENERAL BERNARDO O'HIGGINS,LOLOL,50 a 54,3
LIBERTADOR GENERAL BERNARDO O'HIGGINS,LOLOL,55 a 59,2
LIBERTADOR GENERAL BERNARDO O'HIGGINS,LOLOL,60 a 64,1
LIBERTADOR GENERAL BERNARDO O'HIGGINS,LOLOL,65 a 69,3
LIBERTADOR GENERAL BERNARDO O'HIGGINS,LOLOL,70 a 74,1
LIBERTADOR GENERAL BERNARDO O'HIGGINS,LOLOL,75 a 79,0
LIBERTADOR GENERAL BERNARDO O'HIGGINS,LOLOL,80 a 84,0
LIBERTADOR GENERAL BERNARDO O'HIGGINS,LOLOL,85 a 89,0
LIBERTADOR GENERAL BERNARDO O'HIGGINS,LOLOL,90 a 94,0
LIBERTADOR GENERAL BERNARDO O'HIGGINS,LOLOL,95 a 99,0
LIBERTADOR GENERAL BERNARDO O'HIGGINS,LOLOL,100 o más,0
LIBERTADOR GENERAL BERNARDO O'HIGGINS,NANCAGUA,Total Comuna,179
LIBERTADOR GENERAL BERNARDO O'HIGGINS,NANCAGUA,0 a 4,5
LIBERTADOR GENERAL BERNARDO O'HIGGINS,NANCAGUA,5 a 9,3
LIBERTADOR GENERAL BERNARDO O'HIGGINS,NANCAGUA,10 a 14,6
LIBERTADOR GENERAL BERNARDO O'HIGGINS,NANCAGUA,15 a 19,16
LIBERTADOR GENERAL BERNARDO O'HIGGINS,NANCAGUA,20 a 24,29
LIBERTADOR GENERAL BERNARDO O'HIGGINS,NANCAGUA,25 a 29,32
LIBERTADOR GENERAL BERNARDO O'HIGGINS,NANCAGUA,30 a 34,19
LIBERTADOR GENERAL BERNARDO O'HIGGINS,NANCAGUA,35 a 39,25
LIBERTADOR GENERAL BERNARDO O'HIGGINS,NANCAGUA,40 a 44,12
LIBERTADOR GENERAL BERNARDO O'HIGGINS,NANCAGUA,45 a 49,10
LIBERTADOR GENERAL BERNARDO O'HIGGINS,NANCAGUA,50 a 54,10
LIBERTADOR GENERAL BERNARDO O'HIGGINS,NANCAGUA,55 a 59,5
LIBERTADOR GENERAL BERNARDO O'HIGGINS,NANCAGUA,60 a 64,3
LIBERTADOR GENERAL BERNARDO O'HIGGINS,NANCAGUA,65 a 69,1
LIBERTADOR GENERAL BERNARDO O'HIGGINS,NANCAGUA,70 a 74,0
LIBERTADOR GENERAL BERNARDO O'HIGGINS,NANCAGUA,75 a 79,3
LIBERTADOR GENERAL BERNARDO O'HIGGINS,NANCAGUA,80 a 84,0
LIBERTADOR GENERAL BERNARDO O'HIGGINS,NANCAGUA,85 a 89,0
LIBERTADOR GENERAL BERNARDO O'HIGGINS,NANCAGUA,90 a 94,0
LIBERTADOR GENERAL BERNARDO O'HIGGINS,NANCAGUA,95 a 99,0
LIBERTADOR GENERAL BERNARDO O'HIGGINS,NANCAGUA,100 o más,0
LIBERTADOR GENERAL BERNARDO O'HIGGINS,PALMILLA,Total Comuna,69
LIBERTADOR GENERAL BERNARDO O'HIGGINS,PALMILLA,0 a 4,0
LIBERTADOR GENERAL BERNARDO O'HIGGINS,PALMILLA,5 a 9,1
LIBERTADOR GENERAL BERNARDO O'HIGGINS,PALMILLA,10 a 14,4
LIBERTADOR GENERAL BERNARDO O'HIGGINS,PALMILLA,15 a 19,5
LIBERTADOR GENERAL BERNARDO O'HIGGINS,PALMILLA,20 a 24,13
LIBERTADOR GENERAL BERNARDO O'HIGGINS,PALMILLA,25 a 29,10
LIBERTADOR GENERAL BERNARDO O'HIGGINS,PALMILLA,30 a 34,13
LIBERTADOR GENERAL BERNARDO O'HIGGINS,PALMILLA,35 a 39,12
LIBERTADOR GENERAL BERNARDO O'HIGGINS,PALMILLA,40 a 44,3
LIBERTADOR GENERAL BERNARDO O'HIGGINS,PALMILLA,45 a 49,1
LIBERTADOR GENERAL BERNARDO O'HIGGINS,PALMILLA,50 a 54,1
LIBERTADOR GENERAL BERNARDO O'HIGGINS,PALMILLA,55 a 59,3
LIBERTADOR GENERAL BERNARDO O'HIGGINS,PALMILLA,60 a 64,0
LIBERTADOR GENERAL BERNARDO O'HIGGINS,PALMILLA,65 a 69,0
LIBERTADOR GENERAL BERNARDO O'HIGGINS,PALMILLA,70 a 74,1
LIBERTADOR GENERAL BERNARDO O'HIGGINS,PALMILLA,75 a 79,1
LIBERTADOR GENERAL BERNARDO O'HIGGINS,PALMILLA,80 a 84,1
LIBERTADOR GENERAL BERNARDO O'HIGGINS,PALMILLA,85 a 89,0
LIBERTADOR GENERAL BERNARDO O'HIGGINS,PALMILLA,90 a 94,0
LIBERTADOR GENERAL BERNARDO O'HIGGINS,PALMILLA,95 a 99,0
LIBERTADOR GENERAL BERNARDO O'HIGGINS,PALMILLA,100 o más,0
LIBERTADOR GENERAL BERNARDO O'HIGGINS,PERALILLO,Total Comuna,62
LIBERTADOR GENERAL BERNARDO O'HIGGINS,PERALILLO,0 a 4,1
LIBERTADOR GENERAL BERNARDO O'HIGGINS,PERALILLO,5 a 9,5
LIBERTADOR GENERAL BERNARDO O'HIGGINS,PERALILLO,10 a 14,3
LIBERTADOR GENERAL BERNARDO O'HIGGINS,PERALILLO,15 a 19,3
LIBERTADOR GENERAL BERNARDO O'HIGGINS,PERALILLO,20 a 24,4
LIBERTADOR GENERAL BERNARDO O'HIGGINS,PERALILLO,25 a 29,14
LIBERTADOR GENERAL BERNARDO O'HIGGINS,PERALILLO,30 a 34,9
LIBERTADOR GENERAL BERNARDO O'HIGGINS,PERALILLO,35 a 39,7
LIBERTADOR GENERAL BERNARDO O'HIGGINS,PERALILLO,40 a 44,2
LIBERTADOR GENERAL BERNARDO O'HIGGINS,PERALILLO,45 a 49,1
LIBERTADOR GENERAL BERNARDO O'HIGGINS,PERALILLO,50 a 54,4
LIBERTADOR GENERAL BERNARDO O'HIGGINS,PERALILLO,55 a 59,2
LIBERTADOR GENERAL BERNARDO O'HIGGINS,PERALILLO,60 a 64,3
LIBERTADOR GENERAL BERNARDO O'HIGGINS,PERALILLO,65 a 69,1
LIBERTADOR GENERAL BERNARDO O'HIGGINS,PERALILLO,70 a 74,1
LIBERTADOR GENERAL BERNARDO O'HIGGINS,PERALILLO,75 a 79,1
LIBERTADOR GENERAL BERNARDO O'HIGGINS,PERALILLO,80 a 84,1
LIBERTADOR GENERAL BERNARDO O'HIGGINS,PERALILLO,85 a 89,0
LIBERTADOR GENERAL BERNARDO O'HIGGINS,PERALILLO,90 a 94,0
LIBERTADOR GENERAL BERNARDO O'HIGGINS,PERALILLO,95 a 99,0
LIBERTADOR GENERAL BERNARDO O'HIGGINS,PERALILLO,100 o más,0
LIBERTADOR GENERAL BERNARDO O'HIGGINS,PLACILLA,Total Comuna,97
LIBERTADOR GENERAL BERNARDO O'HIGGINS,PLACILLA,0 a 4,5
LIBERTADOR GENERAL BERNARDO O'HIGGINS,PLACILLA,5 a 9,1
LIBERTADOR GENERAL BERNARDO O'HIGGINS,PLACILLA,10 a 14,2
LIBERTADOR GENERAL BERNARDO O'HIGGINS,PLACILLA,15 a 19,9
LIBERTADOR GENERAL BERNARDO O'HIGGINS,PLACILLA,20 a 24,15
LIBERTADOR GENERAL BERNARDO O'HIGGINS,PLACILLA,25 a 29,14
LIBERTADOR GENERAL BERNARDO O'HIGGINS,PLACILLA,30 a 34,8
LIBERTADOR GENERAL BERNARDO O'HIGGINS,PLACILLA,35 a 39,13
LIBERTADOR GENERAL BERNARDO O'HIGGINS,PLACILLA,40 a 44,8
LIBERTADOR GENERAL BERNARDO O'HIGGINS,PLACILLA,45 a 49,9
LIBERTADOR GENERAL BERNARDO O'HIGGINS,PLACILLA,50 a 54,3
LIBERTADOR GENERAL BERNARDO O'HIGGINS,PLACILLA,55 a 59,3
LIBERTADOR GENERAL BERNARDO O'HIGGINS,PLACILLA,60 a 64,4
LIBERTADOR GENERAL BERNARDO O'HIGGINS,PLACILLA,65 a 69,1
LIBERTADOR GENERAL BERNARDO O'HIGGINS,PLACILLA,70 a 74,0
LIBERTADOR GENERAL BERNARDO O'HIGGINS,PLACILLA,75 a 79,0
LIBERTADOR GENERAL BERNARDO O'HIGGINS,PLACILLA,80 a 84,1
LIBERTADOR GENERAL BERNARDO O'HIGGINS,PLACILLA,85 a 89,1
LIBERTADOR GENERAL BERNARDO O'HIGGINS,PLACILLA,90 a 94,0
LIBERTADOR GENERAL BERNARDO O'HIGGINS,PLACILLA,95 a 99,0
LIBERTADOR GENERAL BERNARDO O'HIGGINS,PLACILLA,100 o más,0
LIBERTADOR GENERAL BERNARDO O'HIGGINS,PUMANQUE,Total Comuna,34
LIBERTADOR GENERAL BERNARDO O'HIGGINS,PUMANQUE,0 a 4,1
LIBERTADOR GENERAL BERNARDO O'HIGGINS,PUMANQUE,5 a 9,0
LIBERTADOR GENERAL BERNARDO O'HIGGINS,PUMANQUE,10 a 14,0
LIBERTADOR GENERAL BERNARDO O'HIGGINS,PUMANQUE,15 a 19,0
LIBERTADOR GENERAL BERNARDO O'HIGGINS,PUMANQUE,20 a 24,12
LIBERTADOR GENERAL BERNARDO O'HIGGINS,PUMANQUE,25 a 29,9
LIBERTADOR GENERAL BERNARDO O'HIGGINS,PUMANQUE,30 a 34,5
LIBERTADOR GENERAL BERNARDO O'HIGGINS,PUMANQUE,35 a 39,4
LIBERTADOR GENERAL BERNARDO O'HIGGINS,PUMANQUE,40 a 44,1
LIBERTADOR GENERAL BERNARDO O'HIGGINS,PUMANQUE,45 a 49,1
LIBERTADOR GENERAL BERNARDO O'HIGGINS,PUMANQUE,50 a 54,0
LIBERTADOR GENERAL BERNARDO O'HIGGINS,PUMANQUE,55 a 59,1
LIBERTADOR GENERAL BERNARDO O'HIGGINS,PUMANQUE,60 a 64,0
LIBERTADOR GENERAL BERNARDO O'HIGGINS,PUMANQUE,65 a 69,0
LIBERTADOR GENERAL BERNARDO O'HIGGINS,PUMANQUE,70 a 74,0
LIBERTADOR GENERAL BERNARDO O'HIGGINS,PUMANQUE,75 a 79,0
LIBERTADOR GENERAL BERNARDO O'HIGGINS,PUMANQUE,80 a 84,0
LIBERTADOR GENERAL BERNARDO O'HIGGINS,PUMANQUE,85 a 89,0
LIBERTADOR GENERAL BERNARDO O'HIGGINS,PUMANQUE,90 a 94,0
LIBERTADOR GENERAL BERNARDO O'HIGGINS,PUMANQUE,95 a 99,0
LIBERTADOR GENERAL BERNARDO O'HIGGINS,PUMANQUE,100 o más,0
LIBERTADOR GENERAL BERNARDO O'HIGGINS,SANTA CRUZ,Total Comuna,819
LIBERTADOR GENERAL BERNARDO O'HIGGINS,SANTA CRUZ,0 a 4,17
LIBERTADOR GENERAL BERNARDO O'HIGGINS,SANTA CRUZ,5 a 9,25
LIBERTADOR GENERAL BERNARDO O'HIGGINS,SANTA CRUZ,10 a 14,22
LIBERTADOR GENERAL BERNARDO O'HIGGINS,SANTA CRUZ,15 a 19,25
LIBERTADOR GENERAL BERNARDO O'HIGGINS,SANTA CRUZ,20 a 24,124
LIBERTADOR GENERAL BERNARDO O'HIGGINS,SANTA CRUZ,25 a 29,147
LIBERTADOR GENERAL BERNARDO O'HIGGINS,SANTA CRUZ,30 a 34,149
LIBERTADOR GENERAL BERNARDO O'HIGGINS,SANTA CRUZ,35 a 39,116
LIBERTADOR GENERAL BERNARDO O'HIGGINS,SANTA CRUZ,40 a 44,74
LIBERTADOR GENERAL BERNARDO O'HIGGINS,SANTA CRUZ,45 a 49,41
LIBERTADOR GENERAL BERNARDO O'HIGGINS,SANTA CRUZ,50 a 54,23
LIBERTADOR GENERAL BERNARDO O'HIGGINS,SANTA CRUZ,55 a 59,16
LIBERTADOR GENERAL BERNARDO O'HIGGINS,SANTA CRUZ,60 a 64,8
LIBERTADOR GENERAL BERNARDO O'HIGGINS,SANTA CRUZ,65 a 69,16
LIBERTADOR GENERAL BERNARDO O'HIGGINS,SANTA CRUZ,70 a 74,5
LIBERTADOR GENERAL BERNARDO O'HIGGINS,SANTA CRUZ,75 a 79,3
LIBERTADOR GENERAL BERNARDO O'HIGGINS,SANTA CRUZ,80 a 84,4
LIBERTADOR GENERAL BERNARDO O'HIGGINS,SANTA CRUZ,85 a 89,1
LIBERTADOR GENERAL BERNARDO O'HIGGINS,SANTA CRUZ,90 a 94,1
LIBERTADOR GENERAL BERNARDO O'HIGGINS,SANTA CRUZ,95 a 99,0
LIBERTADOR GENERAL BERNARDO O'HIGGINS,SANTA CRUZ,100 o más,2
MAULE,TALCA,Total Comuna,4062
MAULE,TALCA,0 a 4,130
MAULE,TALCA,5 a 9,191
MAULE,TALCA,10 a 14,137
MAULE,TALCA,15 a 19,176
MAULE,TALCA,20 a 24,436
MAULE,TALCA,25 a 29,677
MAULE,TALCA,30 a 34,664
MAULE,TALCA,35 a 39,549
MAULE,TALCA,40 a 44,357
MAULE,TALCA,45 a 49,238
MAULE,TALCA,50 a 54,134
MAULE,TALCA,55 a 59,111
MAULE,TALCA,60 a 64,83
MAULE,TALCA,65 a 69,70
MAULE,TALCA,70 a 74,41
MAULE,TALCA,75 a 79,27
MAULE,TALCA,80 a 84,17
MAULE,TALCA,85 a 89,13
MAULE,TALCA,90 a 94,6
MAULE,TALCA,95 a 99,3
MAULE,TALCA,100 o más,2
MAULE,CONSTITUCIÓN,Total Comuna,307
MAULE,CONSTITUCIÓN,0 a 4,6
MAULE,CONSTITUCIÓN,5 a 9,12
MAULE,CONSTITUCIÓN,10 a 14,8
MAULE,CONSTITUCIÓN,15 a 19,7
MAULE,CONSTITUCIÓN,20 a 24,34
MAULE,CONSTITUCIÓN,25 a 29,53
MAULE,CONSTITUCIÓN,30 a 34,44
MAULE,CONSTITUCIÓN,35 a 39,37
MAULE,CONSTITUCIÓN,40 a 44,35
MAULE,CONSTITUCIÓN,45 a 49,17
MAULE,CONSTITUCIÓN,50 a 54,21
MAULE,CONSTITUCIÓN,55 a 59,9
MAULE,CONSTITUCIÓN,60 a 64,10
MAULE,CONSTITUCIÓN,65 a 69,7
MAULE,CONSTITUCIÓN,70 a 74,3
MAULE,CONSTITUCIÓN,75 a 79,1
MAULE,CONSTITUCIÓN,80 a 84,2
MAULE,CONSTITUCIÓN,85 a 89,1
MAULE,CONSTITUCIÓN,90 a 94,0
MAULE,CONSTITUCIÓN,95 a 99,0
MAULE,CONSTITUCIÓN,100 o más,0
MAULE,CUREPTO,Total Comuna,12
MAULE,CUREPTO,0 a 4,0
MAULE,CUREPTO,5 a 9,2
MAULE,CUREPTO,10 a 14,0
MAULE,CUREPTO,15 a 19,0
MAULE,CUREPTO,20 a 24,0
MAULE,CUREPTO,25 a 29,1
MAULE,CUREPTO,30 a 34,2
MAULE,CUREPTO,35 a 39,2
MAULE,CUREPTO,40 a 44,1
MAULE,CUREPTO,45 a 49,1
MAULE,CUREPTO,50 a 54,1
MAULE,CUREPTO,55 a 59,1
MAULE,CUREPTO,60 a 64,1
MAULE,CUREPTO,65 a 69,0
MAULE,CUREPTO,70 a 74,0
MAULE,CUREPTO,75 a 79,0
MAULE,CUREPTO,80 a 84,0
MAULE,CUREPTO,85 a 89,0
MAULE,CUREPTO,90 a 94,0
MAULE,CUREPTO,95 a 99,0
MAULE,CUREPTO,100 o más,0
MAULE,EMPEDRADO,Total Comuna,6
MAULE,EMPEDRADO,0 a 4,1
MAULE,EMPEDRADO,5 a 9,0
MAULE,EMPEDRADO,10 a 14,1
MAULE,EMPEDRADO,15 a 19,1
MAULE,EMPEDRADO,20 a 24,0
MAULE,EMPEDRADO,25 a 29,1
MAULE,EMPEDRADO,30 a 34,0
MAULE,EMPEDRADO,35 a 39,1
MAULE,EMPEDRADO,40 a 44,1
MAULE,EMPEDRADO,45 a 49,0
MAULE,EMPEDRADO,50 a 54,0
MAULE,EMPEDRADO,55 a 59,0
MAULE,EMPEDRADO,60 a 64,0
MAULE,EMPEDRADO,65 a 69,0
MAULE,EMPEDRADO,70 a 74,0
MAULE,EMPEDRADO,75 a 79,0
MAULE,EMPEDRADO,80 a 84,0
MAULE,EMPEDRADO,85 a 89,0
MAULE,EMPEDRADO,90 a 94,0
MAULE,EMPEDRADO,95 a 99,0
MAULE,EMPEDRADO,100 o más,0
MAULE,MAULE,Total Comuna,482
MAULE,MAULE,0 a 4,12
MAULE,MAULE,5 a 9,27
MAULE,MAULE,10 a 14,24
MAULE,MAULE,15 a 19,26
MAULE,MAULE,20 a 24,57
MAULE,MAULE,25 a 29,69
MAULE,MAULE,30 a 34,63
MAULE,MAULE,35 a 39,65
MAULE,MAULE,40 a 44,56
MAULE,MAULE,45 a 49,22
MAULE,MAULE,50 a 54,17
MAULE,MAULE,55 a 59,12
MAULE,MAULE,60 a 64,14
MAULE,MAULE,65 a 69,5
MAULE,MAULE,70 a 74,8
MAULE,MAULE,75 a 79,1
MAULE,MAULE,80 a 84,2
MAULE,MAULE,85 a 89,1
MAULE,MAULE,90 a 94,1
MAULE,MAULE,95 a 99,0
MAULE,MAULE,100 o más,0
MAULE,PELARCO,Total Comuna,43
MAULE,PELARCO,0 a 4,1
MAULE,PELARCO,5 a 9,1
MAULE,PELARCO,10 a 14,1
MAULE,PELARCO,15 a 19,1
MAULE,PELARCO,20 a 24,9
MAULE,PELARCO,25 a 29,0
MAULE,PELARCO,30 a 34,3
MAULE,PELARCO,35 a 39,7
MAULE,PELARCO,40 a 44,4
MAULE,PELARCO,45 a 49,3
MAULE,PELARCO,50 a 54,2
MAULE,PELARCO,55 a 59,2
MAULE,PELARCO,60 a 64,4
MAULE,PELARCO,65 a 69,1
MAULE,PELARCO,70 a 74,2
MAULE,PELARCO,75 a 79,1
MAULE,PELARCO,80 a 84,1
MAULE,PELARCO,85 a 89,0
MAULE,PELARCO,90 a 94,0
MAULE,PELARCO,95 a 99,0
MAULE,PELARCO,100 o más,0
MAULE,PENCAHUE,Total Comuna,34
MAULE,PENCAHUE,0 a 4,0
MAULE,PENCAHUE,5 a 9,0
MAULE,PENCAHUE,10 a 14,2
MAULE,PENCAHUE,15 a 19,0
MAULE,PENCAHUE,20 a 24,3
MAULE,PENCAHUE,25 a 29,1
MAULE,PENCAHUE,30 a 34,6
MAULE,PENCAHUE,35 a 39,5
MAULE,PENCAHUE,40 a 44,4
MAULE,PENCAHUE,45 a 49,6
MAULE,PENCAHUE,50 a 54,2
MAULE,PENCAHUE,55 a 59,1
MAULE,PENCAHUE,60 a 64,2
MAULE,PENCAHUE,65 a 69,1
MAULE,PENCAHUE,70 a 74,0
MAULE,PENCAHUE,75 a 79,0
MAULE,PENCAHUE,80 a 84,0
MAULE,PENCAHUE,85 a 89,1
MAULE,PENCAHUE,90 a 94,0
MAULE,PENCAHUE,95 a 99,0
MAULE,PENCAHUE,100 o más,0
MAULE,RÍO CLARO,Total Comuna,46
MAULE,RÍO CLARO,0 a 4,0
MAULE,RÍO CLARO,5 a 9,3
MAULE,RÍO CLARO,10 a 14,3
MAULE,RÍO CLARO,15 a 19,2
MAULE,RÍO CLARO,20 a 24,1
MAULE,RÍO CLARO,25 a 29,5
MAULE,RÍO CLARO,30 a 34,8
MAULE,RÍO CLARO,35 a 39,6
MAULE,RÍO CLARO,40 a 44,7
MAULE,RÍO CLARO,45 a 49,2
MAULE,RÍO CLARO,50 a 54,2
MAULE,RÍO CLARO,55 a 59,2
MAULE,RÍO CLARO,60 a 64,1
MAULE,RÍO CLARO,65 a 69,1
MAULE,RÍO CLARO,70 a 74,1
MAULE,RÍO CLARO,75 a 79,1
MAULE,RÍO CLARO,80 a 84,0
MAULE,RÍO CLARO,85 a 89,0
MAULE,RÍO CLARO,90 a 94,1
MAULE,RÍO CLARO,95 a 99,0
MAULE,RÍO CLARO,100 o más,0
MAULE,SAN CLEMENTE,Total Comuna,244
MAULE,SAN CLEMENTE,0 a 4,2
MAULE,SAN CLEMENTE,5 a 9,18
MAULE,SAN CLEMENTE,10 a 14,11
MAULE,SAN CLEMENTE,15 a 19,18
MAULE,SAN CLEMENTE,20 a 24,16
MAULE,SAN CLEMENTE,25 a 29,23
MAULE,SAN CLEMENTE,30 a 34,22
MAULE,SAN CLEMENTE,35 a 39,33
MAULE,SAN CLEMENTE,40 a 44,30
MAULE,SAN CLEMENTE,45 a 49,14
MAULE,SAN CLEMENTE,50 a 54,15
MAULE,SAN CLEMENTE,55 a 59,10
MAULE,SAN CLEMENTE,60 a 64,13
MAULE,SAN CLEMENTE,65 a 69,6
MAULE,SAN CLEMENTE,70 a 74,4
MAULE,SAN CLEMENTE,75 a 79,1
MAULE,SAN CLEMENTE,80 a 84,4
MAULE,SAN CLEMENTE,85 a 89,1
MAULE,SAN CLEMENTE,90 a 94,3
MAULE,SAN CLEMENTE,95 a 99,0
MAULE,SAN CLEMENTE,100 o más,0
MAULE,SAN RAFAEL,Total Comuna,43
MAULE,SAN RAFAEL,0 a 4,2
MAULE,SAN RAFAEL,5 a 9,4
MAULE,SAN RAFAEL,10 a 14,2
MAULE,SAN RAFAEL,15 a 19,1
MAULE,SAN RAFAEL,20 a 24,5
MAULE,SAN RAFAEL,25 a 29,7
MAULE,SAN RAFAEL,30 a 34,2
MAULE,SAN RAFAEL,35 a 39,5
MAULE,SAN RAFAEL,40 a 44,5
MAULE,SAN RAFAEL,45 a 49,2
MAULE,SAN RAFAEL,50 a 54,2
MAULE,SAN RAFAEL,55 a 59,2
MAULE,SAN RAFAEL,60 a 64,0
MAULE,SAN RAFAEL,65 a 69,1
MAULE,SAN RAFAEL,70 a 74,2
MAULE,SAN RAFAEL,75 a 79,1
MAULE,SAN RAFAEL,80 a 84,0
MAULE,SAN RAFAEL,85 a 89,0
MAULE,SAN RAFAEL,90 a 94,0
MAULE,SAN RAFAEL,95 a 99,0
MAULE,SAN RAFAEL,100 o más,0
MAULE,CAUQUENES,Total Comuna,156
MAULE,CAUQUENES,0 a 4,2
MAULE,CAUQUENES,5 a 9,7
MAULE,CAUQUENES,10 a 14,4
MAULE,CAUQUENES,15 a 19,4
MAULE,CAUQUENES,20 a 24,20
MAULE,CAUQUENES,25 a 29,23
MAULE,CAUQUENES,30 a 34,16
MAULE,CAUQUENES,35 a 39,23
MAULE,CAUQUENES,40 a 44,15
MAULE,CAUQUENES,45 a 49,8
MAULE,CAUQUENES,50 a 54,6
MAULE,CAUQUENES,55 a 59,5
MAULE,CAUQUENES,60 a 64,7
MAULE,CAUQUENES,65 a 69,4
MAULE,CAUQUENES,70 a 74,5
MAULE,CAUQUENES,75 a 79,0
MAULE,CAUQUENES,80 a 84,2
MAULE,CAUQUENES,85 a 89,2
MAULE,CAUQUENES,90 a 94,3
MAULE,CAUQUENES,95 a 99,0
MAULE,CAUQUENES,100 o más,0
MAULE,CHANCO,Total Comuna,17
MAULE,CHANCO,0 a 4,1
MAULE,CHANCO,5 a 9,0
MAULE,CHANCO,10 a 14,0
MAULE,CHANCO,15 a 19,0
MAULE,CHANCO,20 a 24,2
MAULE,CHANCO,25 a 29,3
MAULE,CHANCO,30 a 34,2
MAULE,CHANCO,35 a 39,4
MAULE,CHANCO,40 a 44,1
MAULE,CHANCO,45 a 49,0
MAULE,CHANCO,50 a 54,1
MAULE,CHANCO,55 a 59,0
MAULE,CHANCO,60 a 64,0
MAULE,CHANCO,65 a 69,3
MAULE,CHANCO,70 a 74,0
MAULE,CHANCO,75 a 79,0
MAULE,CHANCO,80 a 84,0
MAULE,CHANCO,85 a 89,0
MAULE,CHANCO,90 a 94,0
MAULE,CHANCO,95 a 99,0
MAULE,CHANCO,100 o más,0
MAULE,PELLUHUE,Total Comuna,58
MAULE,PELLUHUE,0 a 4,3
MAULE,PELLUHUE,5 a 9,2
MAULE,PELLUHUE,10 a 14,2
MAULE,PELLUHUE,15 a 19,0
MAULE,PELLUHUE,20 a 24,4
MAULE,PELLUHUE,25 a 29,5
MAULE,PELLUHUE,30 a 34,11
MAULE,PELLUHUE,35 a 39,8
MAULE,PELLUHUE,40 a 44,4
MAULE,PELLUHUE,45 a 49,4
MAULE,PELLUHUE,50 a 54,5
MAULE,PELLUHUE,55 a 59,3
MAULE,PELLUHUE,60 a 64,4
MAULE,PELLUHUE,65 a 69,2
MAULE,PELLUHUE,70 a 74,0
MAULE,PELLUHUE,75 a 79,0
MAULE,PELLUHUE,80 a 84,1
MAULE,PELLUHUE,85 a 89,0
MAULE,PELLUHUE,90 a 94,0
MAULE,PELLUHUE,95 a 99,0
MAULE,PELLUHUE,100 o más,0
MAULE,CURICÓ,Total Comuna,2582
MAULE,CURICÓ,0 a 4,77
MAULE,CURICÓ,5 a 9,102
MAULE,CURICÓ,10 a 14,108
MAULE,CURICÓ,15 a 19,131
MAULE,CURICÓ,20 a 24,268
MAULE,CURICÓ,25 a 29,390
MAULE,CURICÓ,30 a 34,429
MAULE,CURICÓ,35 a 39,347
MAULE,CURICÓ,40 a 44,239
MAULE,CURICÓ,45 a 49,151
MAULE,CURICÓ,50 a 54,101
MAULE,CURICÓ,55 a 59,47
MAULE,CURICÓ,60 a 64,56
MAULE,CURICÓ,65 a 69,36
MAULE,CURICÓ,70 a 74,30
MAULE,CURICÓ,75 a 79,26
MAULE,CURICÓ,80 a 84,19
MAULE,CURICÓ,85 a 89,12
MAULE,CURICÓ,90 a 94,11
MAULE,CURICÓ,95 a 99,0
MAULE,CURICÓ,100 o más,2
MAULE,HUALAÑÉ,Total Comuna,40
MAULE,HUALAÑÉ,0 a 4,0
MAULE,HUALAÑÉ,5 a 9,0
MAULE,HUALAÑÉ,10 a 14,1
MAULE,HUALAÑÉ,15 a 19,0
MAULE,HUALAÑÉ,20 a 24,6
MAULE,HUALAÑÉ,25 a 29,4
MAULE,HUALAÑÉ,30 a 34,4
MAULE,HUALAÑÉ,35 a 39,8
MAULE,HUALAÑÉ,40 a 44,6
MAULE,HUALAÑÉ,45 a 49,3
MAULE,HUALAÑÉ,50 a 54,1
MAULE,HUALAÑÉ,55 a 59,3
MAULE,HUALAÑÉ,60 a 64,1
MAULE,HUALAÑÉ,65 a 69,2
MAULE,HUALAÑÉ,70 a 74,1
MAULE,HUALAÑÉ,75 a 79,0
MAULE,HUALAÑÉ,80 a 84,0
MAULE,HUALAÑÉ,85 a 89,0
MAULE,HUALAÑÉ,90 a 94,0
MAULE,HUALAÑÉ,95 a 99,0
MAULE,HUALAÑÉ,100 o más,0
MAULE,LICANTÉN,Total Comuna,28
MAULE,LICANTÉN,0 a 4,0
MAULE,LICANTÉN,5 a 9,2
MAULE,LICANTÉN,10 a 14,0
MAULE,LICANTÉN,15 a 19,1
MAULE,LICANTÉN,20 a 24,2
MAULE,LICANTÉN,25 a 29,7
MAULE,LICANTÉN,30 a 34,2
MAULE,LICANTÉN,35 a 39,4
MAULE,LICANTÉN,40 a 44,3
MAULE,LICANTÉN,45 a 49,0
MAULE,LICANTÉN,50 a 54,1
MAULE,LICANTÉN,55 a 59,0
MAULE,LICANTÉN,60 a 64,2
MAULE,LICANTÉN,65 a 69,2
MAULE,LICANTÉN,70 a 74,1
MAULE,LICANTÉN,75 a 79,0
MAULE,LICANTÉN,80 a 84,0
MAULE,LICANTÉN,85 a 89,1
MAULE,LICANTÉN,90 a 94,0
MAULE,LICANTÉN,95 a 99,0
MAULE,LICANTÉN,100 o más,0
MAULE,MOLINA,Total Comuna,273
MAULE,MOLINA,0 a 4,7
MAULE,MOLINA,5 a 9,14
MAULE,MOLINA,10 a 14,17
MAULE,MOLINA,15 a 19,20
MAULE,MOLINA,20 a 24,42
MAULE,MOLINA,25 a 29,34
MAULE,MOLINA,30 a 34,35
MAULE,MOLINA,35 a 39,30
MAULE,MOLINA,40 a 44,18
MAULE,MOLINA,45 a 49,20
MAULE,MOLINA,50 a 54,6
MAULE,MOLINA,55 a 59,4
MAULE,MOLINA,60 a 64,7
MAULE,MOLINA,65 a 69,7
MAULE,MOLINA,70 a 74,6
MAULE,MOLINA,75 a 79,1
MAULE,MOLINA,80 a 84,0
MAULE,MOLINA,85 a 89,2
MAULE,MOLINA,90 a 94,1
MAULE,MOLINA,95 a 99,1
MAULE,MOLINA,100 o más,1
MAULE,RAUCO,Total Comuna,56
MAULE,RAUCO,0 a 4,3
MAULE,RAUCO,5 a 9,3
MAULE,RAUCO,10 a 14,3
MAULE,RAUCO,15 a 19,1
MAULE,RAUCO,20 a 24,3
MAULE,RAUCO,25 a 29,10
MAULE,RAUCO,30 a 34,9
MAULE,RAUCO,35 a 39,4
MAULE,RAUCO,40 a 44,7
MAULE,RAUCO,45 a 49,5
MAULE,RAUCO,50 a 54,0
MAULE,RAUCO,55 a 59,0
MAULE,RAUCO,60 a 64,3
MAULE,RAUCO,65 a 69,2
MAULE,RAUCO,70 a 74,2
MAULE,RAUCO,75 a 79,1
MAULE,RAUCO,80 a 84,0
MAULE,RAUCO,85 a 89,0
MAULE,RAUCO,90 a 94,0
MAULE,RAUCO,95 a 99,0
MAULE,RAUCO,100 o más,0
MAULE,ROMERAL,Total Comuna,109
MAULE,ROMERAL,0 a 4,5
MAULE,ROMERAL,5 a 9,7
MAULE,ROMERAL,10 a 14,7
MAULE,ROMERAL,15 a 19,3
MAULE,ROMERAL,20 a 24,8
MAULE,ROMERAL,25 a 29,12
MAULE,ROMERAL,30 a 34,20
MAULE,ROMERAL,35 a 39,15
MAULE,ROMERAL,40 a 44,6
MAULE,ROMERAL,45 a 49,3
MAULE,ROMERAL,50 a 54,2
MAULE,ROMERAL,55 a 59,3
MAULE,ROMERAL,60 a 64,2
MAULE,ROMERAL,65 a 69,3
MAULE,ROMERAL,70 a 74,3
MAULE,ROMERAL,75 a 79,7
MAULE,ROMERAL,80 a 84,2
MAULE,ROMERAL,85 a 89,1
MAULE,ROMERAL,90 a 94,0
MAULE,ROMERAL,95 a 99,0
MAULE,ROMERAL,100 o más,0
MAULE,SAGRADA FAMILIA,Total Comuna,92
MAULE,SAGRADA FAMILIA,0 a 4,1
MAULE,SAGRADA FAMILIA,5 a 9,1
MAULE,SAGRADA FAMILIA,10 a 14,1
MAULE,SAGRADA FAMILIA,15 a 19,3
MAULE,SAGRADA FAMILIA,20 a 24,7
MAULE,SAGRADA FAMILIA,25 a 29,19
MAULE,SAGRADA FAMILIA,30 a 34,19
MAULE,SAGRADA FAMILIA,35 a 39,13
MAULE,SAGRADA FAMILIA,40 a 44,7
MAULE,SAGRADA FAMILIA,45 a 49,5
MAULE,SAGRADA FAMILIA,50 a 54,3
MAULE,SAGRADA FAMILIA,55 a 59,2
MAULE,SAGRADA FAMILIA,60 a 64,4
MAULE,SAGRADA FAMILIA,65 a 69,2
MAULE,SAGRADA FAMILIA,70 a 74,1
MAULE,SAGRADA FAMILIA,75 a 79,1
MAULE,SAGRADA FAMILIA,80 a 84,2
MAULE,SAGRADA FAMILIA,85 a 89,0
MAULE,SAGRADA FAMILIA,90 a 94,0
MAULE,SAGRADA FAMILIA,95 a 99,1
MAULE,SAGRADA FAMILIA,100 o más,0
MAULE,TENO,Total Comuna,170
MAULE,TENO,0 a 4,4
MAULE,TENO,5 a 9,10
MAULE,TENO,10 a 14,5
MAULE,TENO,15 a 19,11
MAULE,TENO,20 a 24,27
MAULE,TENO,25 a 29,29
MAULE,TENO,30 a 34,27
MAULE,TENO,35 a 39,13
MAULE,TENO,40 a 44,11
MAULE,TENO,45 a 49,11
MAULE,TENO,50 a 54,7
MAULE,TENO,55 a 59,10
MAULE,TENO,60 a 64,0
MAULE,TENO,65 a 69,2
MAULE,TENO,70 a 74,0
MAULE,TENO,75 a 79,1
MAULE,TENO,80 a 84,2
MAULE,TENO,85 a 89,0
MAULE,TENO,90 a 94,0
MAULE,TENO,95 a 99,0
MAULE,TENO,100 o más,0
MAULE,VICHUQUÉN,Total Comuna,25
MAULE,VICHUQUÉN,0 a 4,0
MAULE,VICHUQUÉN,5 a 9,2
MAULE,VICHUQUÉN,10 a 14,1
MAULE,VICHUQUÉN,15 a 19,0
MAULE,VICHUQUÉN,20 a 24,1
MAULE,VICHUQUÉN,25 a 29,2
MAULE,VICHUQUÉN,30 a 34,2
MAULE,VICHUQUÉN,35 a 39,2
MAULE,VICHUQUÉN,40 a 44,4
MAULE,VICHUQUÉN,45 a 49,0
MAULE,VICHUQUÉN,50 a 54,1
MAULE,VICHUQUÉN,55 a 59,1
MAULE,VICHUQUÉN,60 a 64,4
MAULE,VICHUQUÉN,65 a 69,2
MAULE,VICHUQUÉN,70 a 74,1
MAULE,VICHUQUÉN,75 a 79,2
MAULE,VICHUQUÉN,80 a 84,0
MAULE,VICHUQUÉN,85 a 89,0
MAULE,VICHUQUÉN,90 a 94,0
MAULE,VICHUQUÉN,95 a 99,0
MAULE,VICHUQUÉN,100 o más,0
MAULE,LINARES,Total Comuna,857
MAULE,LINARES,0 a 4,25
MAULE,LINARES,5 a 9,41
MAULE,LINARES,10 a 14,38
MAULE,LINARES,15 a 19,50
MAULE,LINARES,20 a 24,70
MAULE,LINARES,25 a 29,129
MAULE,LINARES,30 a 34,127
MAULE,LINARES,35 a 39,106
MAULE,LINARES,40 a 44,70
MAULE,LINARES,45 a 49,46
MAULE,LINARES,50 a 54,39
MAULE,LINARES,55 a 59,29
MAULE,LINARES,60 a 64,21
MAULE,LINARES,65 a 69,20
MAULE,LINARES,70 a 74,15
MAULE,LINARES,75 a 79,11
MAULE,LINARES,80 a 84,8
MAULE,LINARES,85 a 89,8
MAULE,LINARES,90 a 94,3
MAULE,LINARES,95 a 99,1
MAULE,LINARES,100 o más,0
MAULE,COLBÚN,Total Comuna,143
MAULE,COLBÚN,0 a 4,5
MAULE,COLBÚN,5 a 9,3
MAULE,COLBÚN,10 a 14,7
MAULE,COLBÚN,15 a 19,3
MAULE,COLBÚN,20 a 24,21
MAULE,COLBÚN,25 a 29,19
MAULE,COLBÚN,30 a 34,19
MAULE,COLBÚN,35 a 39,15
MAULE,COLBÚN,40 a 44,11
MAULE,COLBÚN,45 a 49,6
MAULE,COLBÚN,50 a 54,10
MAULE,COLBÚN,55 a 59,7
MAULE,COLBÚN,60 a 64,7
MAULE,COLBÚN,65 a 69,1
MAULE,COLBÚN,70 a 74,6
MAULE,COLBÚN,75 a 79,2
MAULE,COLBÚN,80 a 84,0
MAULE,COLBÚN,85 a 89,0
MAULE,COLBÚN,90 a 94,1
MAULE,COLBÚN,95 a 99,0
MAULE,COLBÚN,100 o más,0
MAULE,LONGAVÍ,Total Comuna,149
MAULE,LONGAVÍ,0 a 4,0
MAULE,LONGAVÍ,5 a 9,5
MAULE,LONGAVÍ,10 a 14,2
MAULE,LONGAVÍ,15 a 19,9
MAULE,LONGAVÍ,20 a 24,27
MAULE,LONGAVÍ,25 a 29,25
MAULE,LONGAVÍ,30 a 34,26
MAULE,LONGAVÍ,35 a 39,17
MAULE,LONGAVÍ,40 a 44,11
MAULE,LONGAVÍ,45 a 49,6
MAULE,LONGAVÍ,50 a 54,7
MAULE,LONGAVÍ,55 a 59,5
MAULE,LONGAVÍ,60 a 64,3
MAULE,LONGAVÍ,65 a 69,1
MAULE,LONGAVÍ,70 a 74,1
MAULE,LONGAVÍ,75 a 79,1
MAULE,LONGAVÍ,80 a 84,2
MAULE,LONGAVÍ,85 a 89,1
MAULE,LONGAVÍ,90 a 94,0
MAULE,LONGAVÍ,95 a 99,0
MAULE,LONGAVÍ,100 o más,0
MAULE,PARRAL,Total Comuna,290
MAULE,PARRAL,0 a 4,4
MAULE,PARRAL,5 a 9,12
MAULE,PARRAL,10 a 14,6
MAULE,PARRAL,15 a 19,18
MAULE,PARRAL,20 a 24,24
MAULE,PARRAL,25 a 29,38
MAULE,PARRAL,30 a 34,31
MAULE,PARRAL,35 a 39,27
MAULE,PARRAL,40 a 44,22
MAULE,PARRAL,45 a 49,9
MAULE,PARRAL,50 a 54,11
MAULE,PARRAL,55 a 59,16
MAULE,PARRAL,60 a 64,12
MAULE,PARRAL,65 a 69,9
MAULE,PARRAL,70 a 74,6
MAULE,PARRAL,75 a 79,17
MAULE,PARRAL,80 a 84,13
MAULE,PARRAL,85 a 89,7
MAULE,PARRAL,90 a 94,7
MAULE,PARRAL,95 a 99,1
MAULE,PARRAL,100 o más,0
MAULE,RETIRO,Total Comuna,66
MAULE,RETIRO,0 a 4,4
MAULE,RETIRO,5 a 9,5
MAULE,RETIRO,10 a 14,3
MAULE,RETIRO,15 a 19,2
MAULE,RETIRO,20 a 24,7
MAULE,RETIRO,25 a 29,3
MAULE,RETIRO,30 a 34,10
MAULE,RETIRO,35 a 39,15
MAULE,RETIRO,40 a 44,4
MAULE,RETIRO,45 a 49,1
MAULE,RETIRO,50 a 54,4
MAULE,RETIRO,55 a 59,1
MAULE,RETIRO,60 a 64,1
MAULE,RETIRO,65 a 69,1
MAULE,RETIRO,70 a 74,1
MAULE,RETIRO,75 a 79,2
MAULE,RETIRO,80 a 84,1
MAULE,RETIRO,85 a 89,1
MAULE,RETIRO,90 a 94,0
MAULE,RETIRO,95 a 99,0
MAULE,RETIRO,100 o más,0
MAULE,SAN JAVIER,Total Comuna,283
MAULE,SAN JAVIER,0 a 4,5
MAULE,SAN JAVIER,5 a 9,5
MAULE,SAN JAVIER,10 a 14,17
MAULE,SAN JAVIER,15 a 19,24
MAULE,SAN JAVIER,20 a 24,26
MAULE,SAN JAVIER,25 a 29,40
MAULE,SAN JAVIER,30 a 34,31
MAULE,SAN JAVIER,35 a 39,24
MAULE,SAN JAVIER,40 a 44,24
MAULE,SAN JAVIER,45 a 49,21
MAULE,SAN JAVIER,50 a 54,15
MAULE,SAN JAVIER,55 a 59,16
MAULE,SAN JAVIER,60 a 64,10
MAULE,SAN JAVIER,65 a 69,5
MAULE,SAN JAVIER,70 a 74,6
MAULE,SAN JAVIER,75 a 79,6
MAULE,SAN JAVIER,80 a 84,2
MAULE,SAN JAVIER,85 a 89,4
MAULE,SAN JAVIER,90 a 94,2
MAULE,SAN JAVIER,95 a 99,0
MAULE,SAN JAVIER,100 o más,0
MAULE,VILLA ALEGRE,Total Comuna,54
MAULE,VILLA ALEGRE,0 a 4,2
MAULE,VILLA ALEGRE,5 a 9,4
MAULE,VILLA ALEGRE,10 a 14,5
MAULE,VILLA ALEGRE,15 a 19,2
MAULE,VILLA ALEGRE,20 a 24,5
MAULE,VILLA ALEGRE,25 a 29,5
MAULE,VILLA ALEGRE,30 a 34,7
MAULE,VILLA ALEGRE,35 a 39,7
MAULE,VILLA ALEGRE,40 a 44,3
MAULE,VILLA ALEGRE,45 a 49,4
MAULE,VILLA ALEGRE,50 a 54,4
MAULE,VILLA ALEGRE,55 a 59,1
MAULE,VILLA ALEGRE,60 a 64,2
MAULE,VILLA ALEGRE,65 a 69,0
MAULE,VILLA ALEGRE,70 a 74,0
MAULE,VILLA ALEGRE,75 a 79,2
MAULE,VILLA ALEGRE,80 a 84,0
MAULE,VILLA ALEGRE,85 a 89,0
MAULE,VILLA ALEGRE,90 a 94,1
MAULE,VILLA ALEGRE,95 a 99,0
MAULE,VILLA ALEGRE,100 o más,0
MAULE,YERBAS BUENAS,Total Comuna,53
MAULE,YERBAS BUENAS,0 a 4,2
MAULE,YERBAS BUENAS,5 a 9,1
MAULE,YERBAS BUENAS,10 a 14,4
MAULE,YERBAS BUENAS,15 a 19,3
MAULE,YERBAS BUENAS,20 a 24,6
MAULE,YERBAS BUENAS,25 a 29,8
MAULE,YERBAS BUENAS,30 a 34,6
MAULE,YERBAS BUENAS,35 a 39,6
MAULE,YERBAS BUENAS,40 a 44,2
MAULE,YERBAS BUENAS,45 a 49,3
MAULE,YERBAS BUENAS,50 a 54,1
MAULE,YERBAS BUENAS,55 a 59,4
MAULE,YERBAS BUENAS,60 a 64,1
MAULE,YERBAS BUENAS,65 a 69,0
MAULE,YERBAS BUENAS,70 a 74,1
MAULE,YERBAS BUENAS,75 a 79,0
MAULE,YERBAS BUENAS,80 a 84,2
MAULE,YERBAS BUENAS,85 a 89,1
MAULE,YERBAS BUENAS,90 a 94,2
MAULE,YERBAS BUENAS,95 a 99,0
MAULE,YERBAS BUENAS,100 o más,0
ÑUBLE,CHILLÁN,Total Comuna,2562
ÑUBLE,CHILLÁN,0 a 4,63
ÑUBLE,CHILLÁN,5 a 9,121
ÑUBLE,CHILLÁN,10 a 14,95
ÑUBLE,CHILLÁN,15 a 19,156
ÑUBLE,CHILLÁN,20 a 24,310
ÑUBLE,CHILLÁN,25 a 29,383
ÑUBLE,CHILLÁN,30 a 34,372
ÑUBLE,CHILLÁN,35 a 39,321
ÑUBLE,CHILLÁN,40 a 44,257
ÑUBLE,CHILLÁN,45 a 49,163
ÑUBLE,CHILLÁN,50 a 54,85
ÑUBLE,CHILLÁN,55 a 59,72
ÑUBLE,CHILLÁN,60 a 64,54
ÑUBLE,CHILLÁN,65 a 69,31
ÑUBLE,CHILLÁN,70 a 74,19
ÑUBLE,CHILLÁN,75 a 79,24
ÑUBLE,CHILLÁN,80 a 84,12
ÑUBLE,CHILLÁN,85 a 89,13
ÑUBLE,CHILLÁN,90 a 94,10
ÑUBLE,CHILLÁN,95 a 99,1
ÑUBLE,CHILLÁN,100 o más,0
ÑUBLE,BULNES,Total Comuna,114
ÑUBLE,BULNES,0 a 4,4
ÑUBLE,BULNES,5 a 9,4
ÑUBLE,BULNES,10 a 14,4
ÑUBLE,BULNES,15 a 19,7
ÑUBLE,BULNES,20 a 24,6
ÑUBLE,BULNES,25 a 29,16
ÑUBLE,BULNES,30 a 34,21
ÑUBLE,BULNES,35 a 39,12
ÑUBLE,BULNES,40 a 44,7
ÑUBLE,BULNES,45 a 49,3
ÑUBLE,BULNES,50 a 54,5
ÑUBLE,BULNES,55 a 59,3
ÑUBLE,BULNES,60 a 64,11
ÑUBLE,BULNES,65 a 69,5
ÑUBLE,BULNES,70 a 74,3
ÑUBLE,BULNES,75 a 79,0
ÑUBLE,BULNES,80 a 84,3
ÑUBLE,BULNES,85 a 89,0
ÑUBLE,BULNES,90 a 94,0
ÑUBLE,BULNES,95 a 99,0
ÑUBLE,BULNES,100 o más,0
ÑUBLE,CHILLÁN VIEJO,Total Comuna,210
ÑUBLE,CHILLÁN VIEJO,0 a 4,5
ÑUBLE,CHILLÁN VIEJO,5 a 9,8
ÑUBLE,CHILLÁN VIEJO,10 a 14,12
ÑUBLE,CHILLÁN VIEJO,15 a 19,12
ÑUBLE,CHILLÁN VIEJO,20 a 24,24
ÑUBLE,CHILLÁN VIEJO,25 a 29,33
ÑUBLE,CHILLÁN VIEJO,30 a 34,31
ÑUBLE,CHILLÁN VIEJO,35 a 39,27
ÑUBLE,CHILLÁN VIEJO,40 a 44,20
ÑUBLE,CHILLÁN VIEJO,45 a 49,7
ÑUBLE,CHILLÁN VIEJO,50 a 54,10
ÑUBLE,CHILLÁN VIEJO,55 a 59,5
ÑUBLE,CHILLÁN VIEJO,60 a 64,7
ÑUBLE,CHILLÁN VIEJO,65 a 69,1
ÑUBLE,CHILLÁN VIEJO,70 a 74,0
ÑUBLE,CHILLÁN VIEJO,75 a 79,4
ÑUBLE,CHILLÁN VIEJO,80 a 84,3
ÑUBLE,CHILLÁN VIEJO,85 a 89,0
ÑUBLE,CHILLÁN VIEJO,90 a 94,1
ÑUBLE,CHILLÁN VIEJO,95 a 99,0
ÑUBLE,CHILLÁN VIEJO,100 o más,0
ÑUBLE,EL CARMEN,Total Comuna,21
ÑUBLE,EL CARMEN,0 a 4,0
ÑUBLE,EL CARMEN,5 a 9,0
ÑUBLE,EL CARMEN,10 a 14,1
ÑUBLE,EL CARMEN,15 a 19,2
ÑUBLE,EL CARMEN,20 a 24,2
ÑUBLE,EL CARMEN,25 a 29,2
ÑUBLE,EL CARMEN,30 a 34,2
ÑUBLE,EL CARMEN,35 a 39,3
ÑUBLE,EL CARMEN,40 a 44,0
ÑUBLE,EL CARMEN,45 a 49,3
ÑUBLE,EL CARMEN,50 a 54,2
ÑUBLE,EL CARMEN,55 a 59,0
ÑUBLE,EL CARMEN,60 a 64,2
ÑUBLE,EL CARMEN,65 a 69,0
ÑUBLE,EL CARMEN,70 a 74,0
ÑUBLE,EL CARMEN,75 a 79,1
ÑUBLE,EL CARMEN,80 a 84,0
ÑUBLE,EL CARMEN,85 a 89,1
ÑUBLE,EL CARMEN,90 a 94,0
ÑUBLE,EL CARMEN,95 a 99,0
ÑUBLE,EL CARMEN,100 o más,0
ÑUBLE,PEMUCO,Total Comuna,14
ÑUBLE,PEMUCO,0 a 4,0
ÑUBLE,PEMUCO,5 a 9,0
ÑUBLE,PEMUCO,10 a 14,0
ÑUBLE,PEMUCO,15 a 19,1
ÑUBLE,PEMUCO,20 a 24,0
ÑUBLE,PEMUCO,25 a 29,1
ÑUBLE,PEMUCO,30 a 34,2
ÑUBLE,PEMUCO,35 a 39,0
ÑUBLE,PEMUCO,40 a 44,3
ÑUBLE,PEMUCO,45 a 49,0
ÑUBLE,PEMUCO,50 a 54,2
ÑUBLE,PEMUCO,55 a 59,2
ÑUBLE,PEMUCO,60 a 64,1
ÑUBLE,PEMUCO,65 a 69,0
ÑUBLE,PEMUCO,70 a 74,0
ÑUBLE,PEMUCO,75 a 79,2
ÑUBLE,PEMUCO,80 a 84,0
ÑUBLE,PEMUCO,85 a 89,0
ÑUBLE,PEMUCO,90 a 94,0
ÑUBLE,PEMUCO,95 a 99,0
ÑUBLE,PEMUCO,100 o más,0
ÑUBLE,PINTO,Total Comuna,73
ÑUBLE,PINTO,0 a 4,1
ÑUBLE,PINTO,5 a 9,1
ÑUBLE,PINTO,10 a 14,4
ÑUBLE,PINTO,15 a 19,4
ÑUBLE,PINTO,20 a 24,6
ÑUBLE,PINTO,25 a 29,9
ÑUBLE,PINTO,30 a 34,8
ÑUBLE,PINTO,35 a 39,3
ÑUBLE,PINTO,40 a 44,5
ÑUBLE,PINTO,45 a 49,3
ÑUBLE,PINTO,50 a 54,4
ÑUBLE,PINTO,55 a 59,4
ÑUBLE,PINTO,60 a 64,8
ÑUBLE,PINTO,65 a 69,5
ÑUBLE,PINTO,70 a 74,3
ÑUBLE,PINTO,75 a 79,4
ÑUBLE,PINTO,80 a 84,1
ÑUBLE,PINTO,85 a 89,0
ÑUBLE,PINTO,90 a 94,0
ÑUBLE,PINTO,95 a 99,0
ÑUBLE,PINTO,100 o más,0
ÑUBLE,QUILLÓN,Total Comuna,93
ÑUBLE,QUILLÓN,0 a 4,3
ÑUBLE,QUILLÓN,5 a 9,9
ÑUBLE,QUILLÓN,10 a 14,4
ÑUBLE,QUILLÓN,15 a 19,3
ÑUBLE,QUILLÓN,20 a 24,8
ÑUBLE,QUILLÓN,25 a 29,10
ÑUBLE,QUILLÓN,30 a 34,10
ÑUBLE,QUILLÓN,35 a 39,14
ÑUBLE,QUILLÓN,40 a 44,9
ÑUBLE,QUILLÓN,45 a 49,4
ÑUBLE,QUILLÓN,50 a 54,4
ÑUBLE,QUILLÓN,55 a 59,4
ÑUBLE,QUILLÓN,60 a 64,3
ÑUBLE,QUILLÓN,65 a 69,2
ÑUBLE,QUILLÓN,70 a 74,2
ÑUBLE,QUILLÓN,75 a 79,2
ÑUBLE,QUILLÓN,80 a 84,0
ÑUBLE,QUILLÓN,85 a 89,0
ÑUBLE,QUILLÓN,90 a 94,1
ÑUBLE,QUILLÓN,95 a 99,1
ÑUBLE,QUILLÓN,100 o más,0
ÑUBLE,SAN IGNACIO,Total Comuna,45
ÑUBLE,SAN IGNACIO,0 a 4,2
ÑUBLE,SAN IGNACIO,5 a 9,1
ÑUBLE,SAN IGNACIO,10 a 14,2
ÑUBLE,SAN IGNACIO,15 a 19,0
ÑUBLE,SAN IGNACIO,20 a 24,4
ÑUBLE,SAN IGNACIO,25 a 29,11
ÑUBLE,SAN IGNACIO,30 a 34,6
ÑUBLE,SAN IGNACIO,35 a 39,4
ÑUBLE,SAN IGNACIO,40 a 44,6
ÑUBLE,SAN IGNACIO,45 a 49,1
ÑUBLE,SAN IGNACIO,50 a 54,2
ÑUBLE,SAN IGNACIO,55 a 59,3
ÑUBLE,SAN IGNACIO,60 a 64,0
ÑUBLE,SAN IGNACIO,65 a 69,0
ÑUBLE,SAN IGNACIO,70 a 74,1
ÑUBLE,SAN IGNACIO,75 a 79,1
ÑUBLE,SAN IGNACIO,80 a 84,1
ÑUBLE,SAN IGNACIO,85 a 89,0
ÑUBLE,SAN IGNACIO,90 a 94,0
ÑUBLE,SAN IGNACIO,95 a 99,0
ÑUBLE,SAN IGNACIO,100 o más,0
ÑUBLE,YUNGAY,Total Comuna,63
ÑUBLE,YUNGAY,0 a 4,3
ÑUBLE,YUNGAY,5 a 9,3
ÑUBLE,YUNGAY,10 a 14,2
ÑUBLE,YUNGAY,15 a 19,3
ÑUBLE,YUNGAY,20 a 24,3
ÑUBLE,YUNGAY,25 a 29,11
ÑUBLE,YUNGAY,30 a 34,9
ÑUBLE,YUNGAY,35 a 39,7
ÑUBLE,YUNGAY,40 a 44,9
ÑUBLE,YUNGAY,45 a 49,6
ÑUBLE,YUNGAY,50 a 54,1
ÑUBLE,YUNGAY,55 a 59,2
ÑUBLE,YUNGAY,60 a 64,0
ÑUBLE,YUNGAY,65 a 69,1
ÑUBLE,YUNGAY,70 a 74,1
ÑUBLE,YUNGAY,75 a 79,1
ÑUBLE,YUNGAY,80 a 84,1
ÑUBLE,YUNGAY,85 a 89,0
ÑUBLE,YUNGAY,90 a 94,0
ÑUBLE,YUNGAY,95 a 99,0
ÑUBLE,YUNGAY,100 o más,0
ÑUBLE,QUIRIHUE,Total Comuna,25
ÑUBLE,QUIRIHUE,0 a 4,0
ÑUBLE,QUIRIHUE,5 a 9,2
ÑUBLE,QUIRIHUE,10 a 14,1
ÑUBLE,QUIRIHUE,15 a 19,2
ÑUBLE,QUIRIHUE,20 a 24,3
ÑUBLE,QUIRIHUE,25 a 29,5
ÑUBLE,QUIRIHUE,30 a 34,2
ÑUBLE,QUIRIHUE,35 a 39,3
ÑUBLE,QUIRIHUE,40 a 44,0
ÑUBLE,QUIRIHUE,45 a 49,2
ÑUBLE,QUIRIHUE,50 a 54,0
ÑUBLE,QUIRIHUE,55 a 59,3
ÑUBLE,QUIRIHUE,60 a 64,1
ÑUBLE,QUIRIHUE,65 a 69,1
ÑUBLE,QUIRIHUE,70 a 74,0
ÑUBLE,QUIRIHUE,75 a 79,0
ÑUBLE,QUIRIHUE,80 a 84,0
ÑUBLE,QUIRIHUE,85 a 89,0
ÑUBLE,QUIRIHUE,90 a 94,0
ÑUBLE,QUIRIHUE,95 a 99,0
ÑUBLE,QUIRIHUE,100 o más,0
ÑUBLE,COBQUECURA,Total Comuna,16
ÑUBLE,COBQUECURA,0 a 4,0
ÑUBLE,COBQUECURA,5 a 9,0
ÑUBLE,COBQUECURA,10 a 14,4
ÑUBLE,COBQUECURA,15 a 19,0
ÑUBLE,COBQUECURA,20 a 24,1
ÑUBLE,COBQUECURA,25 a 29,0
ÑUBLE,COBQUECURA,30 a 34,1
ÑUBLE,COBQUECURA,35 a 39,3
ÑUBLE,COBQUECURA,40 a 44,4
ÑUBLE,COBQUECURA,45 a 49,1
ÑUBLE,COBQUECURA,50 a 54,0
ÑUBLE,COBQUECURA,55 a 59,0
ÑUBLE,COBQUECURA,60 a 64,0
ÑUBLE,COBQUECURA,65 a 69,0
ÑUBLE,COBQUECURA,70 a 74,1
ÑUBLE,COBQUECURA,75 a 79,0
ÑUBLE,COBQUECURA,80 a 84,1
ÑUBLE,COBQUECURA,85 a 89,0
ÑUBLE,COBQUECURA,90 a 94,0
ÑUBLE,COBQUECURA,95 a 99,0
ÑUBLE,COBQUECURA,100 o más,0
ÑUBLE,COELEMU,Total Comuna,28
ÑUBLE,COELEMU,0 a 4,0
ÑUBLE,COELEMU,5 a 9,2
ÑUBLE,COELEMU,10 a 14,3
ÑUBLE,COELEMU,15 a 19,1
ÑUBLE,COELEMU,20 a 24,2
ÑUBLE,COELEMU,25 a 29,9
ÑUBLE,COELEMU,30 a 34,4
ÑUBLE,COELEMU,35 a 39,1
ÑUBLE,COELEMU,40 a 44,2
ÑUBLE,COELEMU,45 a 49,2
ÑUBLE,COELEMU,50 a 54,0
ÑUBLE,COELEMU,55 a 59,2
ÑUBLE,COELEMU,60 a 64,0
ÑUBLE,COELEMU,65 a 69,0
ÑUBLE,COELEMU,70 a 74,0
ÑUBLE,COELEMU,75 a 79,0
ÑUBLE,COELEMU,80 a 84,0
ÑUBLE,COELEMU,85 a 89,0
ÑUBLE,COELEMU,90 a 94,0
ÑUBLE,COELEMU,95 a 99,0
ÑUBLE,COELEMU,100 o más,0
ÑUBLE,NINHUE,Total Comuna,13
ÑUBLE,NINHUE,0 a 4,0
ÑUBLE,NINHUE,5 a 9,0
ÑUBLE,NINHUE,10 a 14,2
ÑUBLE,NINHUE,15 a 19,2
ÑUBLE,NINHUE,20 a 24,1
ÑUBLE,NINHUE,25 a 29,1
ÑUBLE,NINHUE,30 a 34,1
ÑUBLE,NINHUE,35 a 39,0
ÑUBLE,NINHUE,40 a 44,2
ÑUBLE,NINHUE,45 a 49,3
ÑUBLE,NINHUE,50 a 54,0
ÑUBLE,NINHUE,55 a 59,0
ÑUBLE,NINHUE,60 a 64,1
ÑUBLE,NINHUE,65 a 69,0
ÑUBLE,NINHUE,70 a 74,0
ÑUBLE,NINHUE,75 a 79,0
ÑUBLE,NINHUE,80 a 84,0
ÑUBLE,NINHUE,85 a 89,0
ÑUBLE,NINHUE,90 a 94,0
ÑUBLE,NINHUE,95 a 99,0
ÑUBLE,NINHUE,100 o más,0
ÑUBLE,PORTEZUELO,Total Comuna,8
ÑUBLE,PORTEZUELO,0 a 4,0
ÑUBLE,PORTEZUELO,5 a 9,0
ÑUBLE,PORTEZUELO,10 a 14,0
ÑUBLE,PORTEZUELO,15 a 19,0
ÑUBLE,PORTEZUELO,20 a 24,0
ÑUBLE,PORTEZUELO,25 a 29,0
ÑUBLE,PORTEZUELO,30 a 34,1
ÑUBLE,PORTEZUELO,35 a 39,1
ÑUBLE,PORTEZUELO,40 a 44,1
ÑUBLE,PORTEZUELO,45 a 49,1
ÑUBLE,PORTEZUELO,50 a 54,1
ÑUBLE,PORTEZUELO,55 a 59,1
ÑUBLE,PORTEZUELO,60 a 64,0
ÑUBLE,PORTEZUELO,65 a 69,0
ÑUBLE,PORTEZUELO,70 a 74,2
ÑUBLE,PORTEZUELO,75 a 79,0
ÑUBLE,PORTEZUELO,80 a 84,0
ÑUBLE,PORTEZUELO,85 a 89,0
ÑUBLE,PORTEZUELO,90 a 94,0
ÑUBLE,PORTEZUELO,95 a 99,0
ÑUBLE,PORTEZUELO,100 o más,0
ÑUBLE,RÁNQUIL,Total Comuna,11
ÑUBLE,RÁNQUIL,0 a 4,0
ÑUBLE,RÁNQUIL,5 a 9,0
ÑUBLE,RÁNQUIL,10 a 14,0
ÑUBLE,RÁNQUIL,15 a 19,1
ÑUBLE,RÁNQUIL,20 a 24,1
ÑUBLE,RÁNQUIL,25 a 29,2
ÑUBLE,RÁNQUIL,30 a 34,2
ÑUBLE,RÁNQUIL,35 a 39,1
ÑUBLE,RÁNQUIL,40 a 44,1
ÑUBLE,RÁNQUIL,45 a 49,0
ÑUBLE,RÁNQUIL,50 a 54,0
ÑUBLE,RÁNQUIL,55 a 59,2
ÑUBLE,RÁNQUIL,60 a 64,0
ÑUBLE,RÁNQUIL,65 a 69,1
ÑUBLE,RÁNQUIL,70 a 74,0
ÑUBLE,RÁNQUIL,75 a 79,0
ÑUBLE,RÁNQUIL,80 a 84,0
ÑUBLE,RÁNQUIL,85 a 89,0
ÑUBLE,RÁNQUIL,90 a 94,0
ÑUBLE,RÁNQUIL,95 a 99,0
ÑUBLE,RÁNQUIL,100 o más,0
ÑUBLE,TREGUACO,Total Comuna,12
ÑUBLE,TREGUACO,0 a 4,0
ÑUBLE,TREGUACO,5 a 9,0
ÑUBLE,TREGUACO,10 a 14,2
ÑUBLE,TREGUACO,15 a 19,1
ÑUBLE,TREGUACO,20 a 24,0
ÑUBLE,TREGUACO,25 a 29,2
ÑUBLE,TREGUACO,30 a 34,0
ÑUBLE,TREGUACO,35 a 39,1
ÑUBLE,TREGUACO,40 a 44,0
ÑUBLE,TREGUACO,45 a 49,2
ÑUBLE,TREGUACO,50 a 54,2
ÑUBLE,TREGUACO,55 a 59,0
ÑUBLE,TREGUACO,60 a 64,0
ÑUBLE,TREGUACO,65 a 69,1
ÑUBLE,TREGUACO,70 a 74,1
ÑUBLE,TREGUACO,75 a 79,0
ÑUBLE,TREGUACO,80 a 84,0
ÑUBLE,TREGUACO,85 a 89,0
ÑUBLE,TREGUACO,90 a 94,0
ÑUBLE,TREGUACO,95 a 99,0
ÑUBLE,TREGUACO,100 o más,0
ÑUBLE,SAN CARLOS,Total Comuna,222
ÑUBLE,SAN CARLOS,0 a 4,5
ÑUBLE,SAN CARLOS,5 a 9,12
ÑUBLE,SAN CARLOS,10 a 14,13
ÑUBLE,SAN CARLOS,15 a 19,8
ÑUBLE,SAN CARLOS,20 a 24,21
ÑUBLE,SAN CARLOS,25 a 29,31
ÑUBLE,SAN CARLOS,30 a 34,33
ÑUBLE,SAN CARLOS,35 a 39,32
ÑUBLE,SAN CARLOS,40 a 44,12
ÑUBLE,SAN CARLOS,45 a 49,6
ÑUBLE,SAN CARLOS,50 a 54,14
ÑUBLE,SAN CARLOS,55 a 59,10
ÑUBLE,SAN CARLOS,60 a 64,3
ÑUBLE,SAN CARLOS,65 a 69,5
ÑUBLE,SAN CARLOS,70 a 74,7
ÑUBLE,SAN CARLOS,75 a 79,5
ÑUBLE,SAN CARLOS,80 a 84,1
ÑUBLE,SAN CARLOS,85 a 89,1
ÑUBLE,SAN CARLOS,90 a 94,1
ÑUBLE,SAN CARLOS,95 a 99,2
ÑUBLE,SAN CARLOS,100 o más,0
ÑUBLE,COIHUECO,Total Comuna,123
ÑUBLE,COIHUECO,0 a 4,3
ÑUBLE,COIHUECO,5 a 9,1
ÑUBLE,COIHUECO,10 a 14,4
ÑUBLE,COIHUECO,15 a 19,10
ÑUBLE,COIHUECO,20 a 24,8
ÑUBLE,COIHUECO,25 a 29,20
ÑUBLE,COIHUECO,30 a 34,13
ÑUBLE,COIHUECO,35 a 39,14
ÑUBLE,COIHUECO,40 a 44,16
ÑUBLE,COIHUECO,45 a 49,6
ÑUBLE,COIHUECO,50 a 54,4
ÑUBLE,COIHUECO,55 a 59,9
ÑUBLE,COIHUECO,60 a 64,1
ÑUBLE,COIHUECO,65 a 69,2
ÑUBLE,COIHUECO,70 a 74,4
ÑUBLE,COIHUECO,75 a 79,2
ÑUBLE,COIHUECO,80 a 84,1
ÑUBLE,COIHUECO,85 a 89,3
ÑUBLE,COIHUECO,90 a 94,2
ÑUBLE,COIHUECO,95 a 99,0
ÑUBLE,COIHUECO,100 o más,0
ÑUBLE,ÑIQUÉN,Total Comuna,28
ÑUBLE,ÑIQUÉN,0 a 4,1
ÑUBLE,ÑIQUÉN,5 a 9,1
ÑUBLE,ÑIQUÉN,10 a 14,1
ÑUBLE,ÑIQUÉN,15 a 19,1
ÑUBLE,ÑIQUÉN,20 a 24,2
ÑUBLE,ÑIQUÉN,25 a 29,5
ÑUBLE,ÑIQUÉN,30 a 34,2
ÑUBLE,ÑIQUÉN,35 a 39,3
ÑUBLE,ÑIQUÉN,40 a 44,6
ÑUBLE,ÑIQUÉN,45 a 49,0
ÑUBLE,ÑIQUÉN,50 a 54,2
ÑUBLE,ÑIQUÉN,55 a 59,2
ÑUBLE,ÑIQUÉN,60 a 64,1
ÑUBLE,ÑIQUÉN,65 a 69,0
ÑUBLE,ÑIQUÉN,70 a 74,0
ÑUBLE,ÑIQUÉN,75 a 79,0
ÑUBLE,ÑIQUÉN,80 a 84,0
ÑUBLE,ÑIQUÉN,85 a 89,1
ÑUBLE,ÑIQUÉN,90 a 94,0
ÑUBLE,ÑIQUÉN,95 a 99,0
ÑUBLE,ÑIQUÉN,100 o más,0
ÑUBLE,SAN FABIÁN,Total Comuna,16
ÑUBLE,SAN FABIÁN,0 a 4,1
ÑUBLE,SAN FABIÁN,5 a 9,1
ÑUBLE,SAN FABIÁN,10 a 14,0
ÑUBLE,SAN FABIÁN,15 a 19,0
ÑUBLE,SAN FABIÁN,20 a 24,1
ÑUBLE,SAN FABIÁN,25 a 29,5
ÑUBLE,SAN FABIÁN,30 a 34,2
ÑUBLE,SAN FABIÁN,35 a 39,4
ÑUBLE,SAN FABIÁN,40 a 44,1
ÑUBLE,SAN FABIÁN,45 a 49,0
ÑUBLE,SAN FABIÁN,50 a 54,0
ÑUBLE,SAN FABIÁN,55 a 59,0
ÑUBLE,SAN FABIÁN,60 a 64,0
ÑUBLE,SAN FABIÁN,65 a 69,0
ÑUBLE,SAN FABIÁN,70 a 74,0
ÑUBLE,SAN FABIÁN,75 a 79,0
ÑUBLE,SAN FABIÁN,80 a 84,1
ÑUBLE,SAN FABIÁN,85 a 89,0
ÑUBLE,SAN FABIÁN,90 a 94,0
ÑUBLE,SAN FABIÁN,95 a 99,0
ÑUBLE,SAN FABIÁN,100 o más,0
ÑUBLE,SAN NICOLÁS,Total Comuna,39
ÑUBLE,SAN NICOLÁS,0 a 4,2
ÑUBLE,SAN NICOLÁS,5 a 9,2
ÑUBLE,SAN NICOLÁS,10 a 14,0
ÑUBLE,SAN NICOLÁS,15 a 19,1
ÑUBLE,SAN NICOLÁS,20 a 24,2
ÑUBLE,SAN NICOLÁS,25 a 29,8
ÑUBLE,SAN NICOLÁS,30 a 34,4
ÑUBLE,SAN NICOLÁS,35 a 39,4
ÑUBLE,SAN NICOLÁS,40 a 44,2
ÑUBLE,SAN NICOLÁS,45 a 49,3
ÑUBLE,SAN NICOLÁS,50 a 54,4
ÑUBLE,SAN NICOLÁS,55 a 59,2
ÑUBLE,SAN NICOLÁS,60 a 64,1
ÑUBLE,SAN NICOLÁS,65 a 69,0
ÑUBLE,SAN NICOLÁS,70 a 74,2
ÑUBLE,SAN NICOLÁS,75 a 79,1
ÑUBLE,SAN NICOLÁS,80 a 84,1
ÑUBLE,SAN NICOLÁS,85 a 89,0
ÑUBLE,SAN NICOLÁS,90 a 94,0
ÑUBLE,SAN NICOLÁS,95 a 99,0
ÑUBLE,SAN NICOLÁS,100 o más,0
BIOBÍO,CONCEPCIÓN,Total Comuna,4129
BIOBÍO,CONCEPCIÓN,0 a 4,104
BIOBÍO,CONCEPCIÓN,5 a 9,146
BIOBÍO,CONCEPCIÓN,10 a 14,129
BIOBÍO,CONCEPCIÓN,15 a 19,203
BIOBÍO,CONCEPCIÓN,20 a 24,546
BIOBÍO,CONCEPCIÓN,25 a 29,796
BIOBÍO,CONCEPCIÓN,30 a 34,658
BIOBÍO,CONCEPCIÓN,35 a 39,498
BIOBÍO,CONCEPCIÓN,40 a 44,315
BIOBÍO,CONCEPCIÓN,45 a 49,159
BIOBÍO,CONCEPCIÓN,50 a 54,147
BIOBÍO,CONCEPCIÓN,55 a 59,110
BIOBÍO,CONCEPCIÓN,60 a 64,78
BIOBÍO,CONCEPCIÓN,65 a 69,54
BIOBÍO,CONCEPCIÓN,70 a 74,49
BIOBÍO,CONCEPCIÓN,75 a 79,44
BIOBÍO,CONCEPCIÓN,80 a 84,32
BIOBÍO,CONCEPCIÓN,85 a 89,32
BIOBÍO,CONCEPCIÓN,90 a 94,24
BIOBÍO,CONCEPCIÓN,95 a 99,5
BIOBÍO,CONCEPCIÓN,100 o más,0
BIOBÍO,CORONEL,Total Comuna,614
BIOBÍO,CORONEL,0 a 4,16
BIOBÍO,CORONEL,5 a 9,24
BIOBÍO,CORONEL,10 a 14,29
BIOBÍO,CORONEL,15 a 19,43
BIOBÍO,CORONEL,20 a 24,44
BIOBÍO,CORONEL,25 a 29,106
BIOBÍO,CORONEL,30 a 34,118
BIOBÍO,CORONEL,35 a 39,89
BIOBÍO,CORONEL,40 a 44,43
BIOBÍO,CORONEL,45 a 49,22
BIOBÍO,CORONEL,50 a 54,30
BIOBÍO,CORONEL,55 a 59,14
BIOBÍO,CORONEL,60 a 64,17
BIOBÍO,CORONEL,65 a 69,6
BIOBÍO,CORONEL,70 a 74,2
BIOBÍO,CORONEL,75 a 79,6
BIOBÍO,CORONEL,80 a 84,0
BIOBÍO,CORONEL,85 a 89,3
BIOBÍO,CORONEL,90 a 94,2
BIOBÍO,CORONEL,95 a 99,0
BIOBÍO,CORONEL,100 o más,0
BIOBÍO,CHIGUAYANTE,Total Comuna,683
BIOBÍO,CHIGUAYANTE,0 a 4,20
BIOBÍO,CHIGUAYANTE,5 a 9,35
BIOBÍO,CHIGUAYANTE,10 a 14,26
BIOBÍO,CHIGUAYANTE,15 a 19,42
BIOBÍO,CHIGUAYANTE,20 a 24,65
BIOBÍO,CHIGUAYANTE,25 a 29,97
BIOBÍO,CHIGUAYANTE,30 a 34,76
BIOBÍO,CHIGUAYANTE,35 a 39,80
BIOBÍO,CHIGUAYANTE,40 a 44,56
BIOBÍO,CHIGUAYANTE,45 a 49,38
BIOBÍO,CHIGUAYANTE,50 a 54,44
BIOBÍO,CHIGUAYANTE,55 a 59,30
BIOBÍO,CHIGUAYANTE,60 a 64,18
BIOBÍO,CHIGUAYANTE,65 a 69,15
BIOBÍO,CHIGUAYANTE,70 a 74,12
BIOBÍO,CHIGUAYANTE,75 a 79,16
BIOBÍO,CHIGUAYANTE,80 a 84,4
BIOBÍO,CHIGUAYANTE,85 a 89,7
BIOBÍO,CHIGUAYANTE,90 a 94,1
BIOBÍO,CHIGUAYANTE,95 a 99,1
BIOBÍO,CHIGUAYANTE,100 o más,0
BIOBÍO,FLORIDA,Total Comuna,44
BIOBÍO,FLORIDA,0 a 4,2
BIOBÍO,FLORIDA,5 a 9,2
BIOBÍO,FLORIDA,10 a 14,1
BIOBÍO,FLORIDA,15 a 19,2
BIOBÍO,FLORIDA,20 a 24,2
BIOBÍO,FLORIDA,25 a 29,7
BIOBÍO,FLORIDA,30 a 34,6
BIOBÍO,FLORIDA,35 a 39,7
BIOBÍO,FLORIDA,40 a 44,2
BIOBÍO,FLORIDA,45 a 49,2
BIOBÍO,FLORIDA,50 a 54,2
BIOBÍO,FLORIDA,55 a 59,3
BIOBÍO,FLORIDA,60 a 64,4
BIOBÍO,FLORIDA,65 a 69,2
BIOBÍO,FLORIDA,70 a 74,0
BIOBÍO,FLORIDA,75 a 79,0
BIOBÍO,FLORIDA,80 a 84,0
BIOBÍO,FLORIDA,85 a 89,0
BIOBÍO,FLORIDA,90 a 94,0
BIOBÍO,FLORIDA,95 a 99,0
BIOBÍO,FLORIDA,100 o más,0
BIOBÍO,HUALQUI,Total Comuna,96
BIOBÍO,HUALQUI,0 a 4,2
BIOBÍO,HUALQUI,5 a 9,3
BIOBÍO,HUALQUI,10 a 14,3
BIOBÍO,HUALQUI,15 a 19,6
BIOBÍO,HUALQUI,20 a 24,12
BIOBÍO,HUALQUI,25 a 29,17
BIOBÍO,HUALQUI,30 a 34,14
BIOBÍO,HUALQUI,35 a 39,10
BIOBÍO,HUALQUI,40 a 44,5
BIOBÍO,HUALQUI,45 a 49,4
BIOBÍO,HUALQUI,50 a 54,8
BIOBÍO,HUALQUI,55 a 59,6
BIOBÍO,HUALQUI,60 a 64,4
BIOBÍO,HUALQUI,65 a 69,0
BIOBÍO,HUALQUI,70 a 74,0
BIOBÍO,HUALQUI,75 a 79,0
BIOBÍO,HUALQUI,80 a 84,0
BIOBÍO,HUALQUI,85 a 89,1
BIOBÍO,HUALQUI,90 a 94,0
BIOBÍO,HUALQUI,95 a 99,1
BIOBÍO,HUALQUI,100 o más,0
BIOBÍO,LOTA,Total Comuna,195
BIOBÍO,LOTA,0 a 4,10
BIOBÍO,LOTA,5 a 9,7
BIOBÍO,LOTA,10 a 14,4
BIOBÍO,LOTA,15 a 19,13
BIOBÍO,LOTA,20 a 24,29
BIOBÍO,LOTA,25 a 29,35
BIOBÍO,LOTA,30 a 34,32
BIOBÍO,LOTA,35 a 39,28
BIOBÍO,LOTA,40 a 44,18
BIOBÍO,LOTA,45 a 49,12
BIOBÍO,LOTA,50 a 54,5
BIOBÍO,LOTA,55 a 59,0
BIOBÍO,LOTA,60 a 64,1
BIOBÍO,LOTA,65 a 69,1
BIOBÍO,LOTA,70 a 74,0
BIOBÍO,LOTA,75 a 79,0
BIOBÍO,LOTA,80 a 84,0
BIOBÍO,LOTA,85 a 89,0
BIOBÍO,LOTA,90 a 94,0
BIOBÍO,LOTA,95 a 99,0
BIOBÍO,LOTA,100 o más,0
BIOBÍO,PENCO,Total Comuna,184
BIOBÍO,PENCO,0 a 4,2
BIOBÍO,PENCO,5 a 9,6
BIOBÍO,PENCO,10 a 14,11
BIOBÍO,PENCO,15 a 19,13
BIOBÍO,PENCO,20 a 24,33
BIOBÍO,PENCO,25 a 29,26
BIOBÍO,PENCO,30 a 34,26
BIOBÍO,PENCO,35 a 39,15
BIOBÍO,PENCO,40 a 44,12
BIOBÍO,PENCO,45 a 49,15
BIOBÍO,PENCO,50 a 54,11
BIOBÍO,PENCO,55 a 59,2
BIOBÍO,PENCO,60 a 64,2
BIOBÍO,PENCO,65 a 69,3
BIOBÍO,PENCO,70 a 74,4
BIOBÍO,PENCO,75 a 79,2
BIOBÍO,PENCO,80 a 84,0
BIOBÍO,PENCO,85 a 89,1
BIOBÍO,PENCO,90 a 94,0
BIOBÍO,PENCO,95 a 99,0
BIOBÍO,PENCO,100 o más,0
BIOBÍO,SAN PEDRO DE LA PAZ,Total Comuna,1599
BIOBÍO,SAN PEDRO DE LA PAZ,0 a 4,54
BIOBÍO,SAN PEDRO DE LA PAZ,5 a 9,88
BIOBÍO,SAN PEDRO DE LA PAZ,10 a 14,85
BIOBÍO,SAN PEDRO DE LA PAZ,15 a 19,91
BIOBÍO,SAN PEDRO DE LA PAZ,20 a 24,130
BIOBÍO,SAN PEDRO DE LA PAZ,25 a 29,196
BIOBÍO,SAN PEDRO DE LA PAZ,30 a 34,191
BIOBÍO,SAN PEDRO DE LA PAZ,35 a 39,227
BIOBÍO,SAN PEDRO DE LA PAZ,40 a 44,174
BIOBÍO,SAN PEDRO DE LA PAZ,45 a 49,112
BIOBÍO,SAN PEDRO DE LA PAZ,50 a 54,80
BIOBÍO,SAN PEDRO DE LA PAZ,55 a 59,52
BIOBÍO,SAN PEDRO DE LA PAZ,60 a 64,40
BIOBÍO,SAN PEDRO DE LA PAZ,65 a 69,30
BIOBÍO,SAN PEDRO DE LA PAZ,70 a 74,27
BIOBÍO,SAN PEDRO DE LA PAZ,75 a 79,12
BIOBÍO,SAN PEDRO DE LA PAZ,80 a 84,5
BIOBÍO,SAN PEDRO DE LA PAZ,85 a 89,1
BIOBÍO,SAN PEDRO DE LA PAZ,90 a 94,2
BIOBÍO,SAN PEDRO DE LA PAZ,95 a 99,2
BIOBÍO,SAN PEDRO DE LA PAZ,100 o más,0
BIOBÍO,SANTA JUANA,Total Comuna,24
BIOBÍO,SANTA JUANA,0 a 4,0
BIOBÍO,SANTA JUANA,5 a 9,2
BIOBÍO,SANTA JUANA,10 a 14,0
BIOBÍO,SANTA JUANA,15 a 19,4
BIOBÍO,SANTA JUANA,20 a 24,2
BIOBÍO,SANTA JUANA,25 a 29,5
BIOBÍO,SANTA JUANA,30 a 34,2
BIOBÍO,SANTA JUANA,35 a 39,2
BIOBÍO,SANTA JUANA,40 a 44,1
BIOBÍO,SANTA JUANA,45 a 49,1
BIOBÍO,SANTA JUANA,50 a 54,0
BIOBÍO,SANTA JUANA,55 a 59,0
BIOBÍO,SANTA JUANA,60 a 64,0
BIOBÍO,SANTA JUANA,65 a 69,1
BIOBÍO,SANTA JUANA,70 a 74,1
BIOBÍO,SANTA JUANA,75 a 79,1
BIOBÍO,SANTA JUANA,80 a 84,1
BIOBÍO,SANTA JUANA,85 a 89,0
BIOBÍO,SANTA JUANA,90 a 94,1
BIOBÍO,SANTA JUANA,95 a 99,0
BIOBÍO,SANTA JUANA,100 o más,0
BIOBÍO,TALCAHUANO,Total Comuna,911
BIOBÍO,TALCAHUANO,0 a 4,30
BIOBÍO,TALCAHUANO,5 a 9,41
BIOBÍO,TALCAHUANO,10 a 14,48
BIOBÍO,TALCAHUANO,15 a 19,50
BIOBÍO,TALCAHUANO,20 a 24,104
BIOBÍO,TALCAHUANO,25 a 29,138
BIOBÍO,TALCAHUANO,30 a 34,156
BIOBÍO,TALCAHUANO,35 a 39,130
BIOBÍO,TALCAHUANO,40 a 44,78
BIOBÍO,TALCAHUANO,45 a 49,40
BIOBÍO,TALCAHUANO,50 a 54,31
BIOBÍO,TALCAHUANO,55 a 59,15
BIOBÍO,TALCAHUANO,60 a 64,18
BIOBÍO,TALCAHUANO,65 a 69,8
BIOBÍO,TALCAHUANO,70 a 74,6
BIOBÍO,TALCAHUANO,75 a 79,6
BIOBÍO,TALCAHUANO,80 a 84,8
BIOBÍO,TALCAHUANO,85 a 89,3
BIOBÍO,TALCAHUANO,90 a 94,1
BIOBÍO,TALCAHUANO,95 a 99,0
BIOBÍO,TALCAHUANO,100 o más,0
BIOBÍO,TOMÉ,Total Comuna,270
BIOBÍO,TOMÉ,0 a 4,5
BIOBÍO,TOMÉ,5 a 9,14
BIOBÍO,TOMÉ,10 a 14,7
BIOBÍO,TOMÉ,15 a 19,11
BIOBÍO,TOMÉ,20 a 24,28
BIOBÍO,TOMÉ,25 a 29,40
BIOBÍO,TOMÉ,30 a 34,39
BIOBÍO,TOMÉ,35 a 39,34
BIOBÍO,TOMÉ,40 a 44,15
BIOBÍO,TOMÉ,45 a 49,15
BIOBÍO,TOMÉ,50 a 54,11
BIOBÍO,TOMÉ,55 a 59,10
BIOBÍO,TOMÉ,60 a 64,8
BIOBÍO,TOMÉ,65 a 69,5
BIOBÍO,TOMÉ,70 a 74,11
BIOBÍO,TOMÉ,75 a 79,4
BIOBÍO,TOMÉ,80 a 84,7
BIOBÍO,TOMÉ,85 a 89,5
BIOBÍO,TOMÉ,90 a 94,1
BIOBÍO,TOMÉ,95 a 99,0
BIOBÍO,TOMÉ,100 o más,0
BIOBÍO,HUALPÉN,Total Comuna,550
BIOBÍO,HUALPÉN,0 a 4,13
BIOBÍO,HUALPÉN,5 a 9,22
BIOBÍO,HUALPÉN,10 a 14,23
BIOBÍO,HUALPÉN,15 a 19,38
BIOBÍO,HUALPÉN,20 a 24,71
BIOBÍO,HUALPÉN,25 a 29,82
BIOBÍO,HUALPÉN,30 a 34,87
BIOBÍO,HUALPÉN,35 a 39,69
BIOBÍO,HUALPÉN,40 a 44,53
BIOBÍO,HUALPÉN,45 a 49,19
BIOBÍO,HUALPÉN,50 a 54,23
BIOBÍO,HUALPÉN,55 a 59,15
BIOBÍO,HUALPÉN,60 a 64,10
BIOBÍO,HUALPÉN,65 a 69,3
BIOBÍO,HUALPÉN,70 a 74,12
BIOBÍO,HUALPÉN,75 a 79,5
BIOBÍO,HUALPÉN,80 a 84,1
BIOBÍO,HUALPÉN,85 a 89,3
BIOBÍO,HUALPÉN,90 a 94,0
BIOBÍO,HUALPÉN,95 a 99,1
BIOBÍO,HUALPÉN,100 o más,0
BIOBÍO,LEBU,Total Comuna,70
BIOBÍO,LEBU,0 a 4,3
BIOBÍO,LEBU,5 a 9,5
BIOBÍO,LEBU,10 a 14,4
BIOBÍO,LEBU,15 a 19,4
BIOBÍO,LEBU,20 a 24,10
BIOBÍO,LEBU,25 a 29,6
BIOBÍO,LEBU,30 a 34,8
BIOBÍO,LEBU,35 a 39,9
BIOBÍO,LEBU,40 a 44,9
BIOBÍO,LEBU,45 a 49,2
BIOBÍO,LEBU,50 a 54,5
BIOBÍO,LEBU,55 a 59,1
BIOBÍO,LEBU,60 a 64,0
BIOBÍO,LEBU,65 a 69,1
BIOBÍO,LEBU,70 a 74,1
BIOBÍO,LEBU,75 a 79,1
BIOBÍO,LEBU,80 a 84,0
BIOBÍO,LEBU,85 a 89,1
BIOBÍO,LEBU,90 a 94,0
BIOBÍO,LEBU,95 a 99,0
BIOBÍO,LEBU,100 o más,0
BIOBÍO,ARAUCO,Total Comuna,102
BIOBÍO,ARAUCO,0 a 4,1
BIOBÍO,ARAUCO,5 a 9,5
BIOBÍO,ARAUCO,10 a 14,3
BIOBÍO,ARAUCO,15 a 19,8
BIOBÍO,ARAUCO,20 a 24,12
BIOBÍO,ARAUCO,25 a 29,14
BIOBÍO,ARAUCO,30 a 34,13
BIOBÍO,ARAUCO,35 a 39,12
BIOBÍO,ARAUCO,40 a 44,11
BIOBÍO,ARAUCO,45 a 49,2
BIOBÍO,ARAUCO,50 a 54,7
BIOBÍO,ARAUCO,55 a 59,1
BIOBÍO,ARAUCO,60 a 64,5
BIOBÍO,ARAUCO,65 a 69,4
BIOBÍO,ARAUCO,70 a 74,1
BIOBÍO,ARAUCO,75 a 79,1
BIOBÍO,ARAUCO,80 a 84,1
BIOBÍO,ARAUCO,85 a 89,1
BIOBÍO,ARAUCO,90 a 94,0
BIOBÍO,ARAUCO,95 a 99,0
BIOBÍO,ARAUCO,100 o más,0
BIOBÍO,CAÑETE,Total Comuna,168
BIOBÍO,CAÑETE,0 a 4,4
BIOBÍO,CAÑETE,5 a 9,6
BIOBÍO,CAÑETE,10 a 14,6
BIOBÍO,CAÑETE,15 a 19,14
BIOBÍO,CAÑETE,20 a 24,22
BIOBÍO,CAÑETE,25 a 29,42
BIOBÍO,CAÑETE,30 a 34,19
BIOBÍO,CAÑETE,35 a 39,10
BIOBÍO,CAÑETE,40 a 44,17
BIOBÍO,CAÑETE,45 a 49,4
BIOBÍO,CAÑETE,50 a 54,9
BIOBÍO,CAÑETE,55 a 59,8
BIOBÍO,CAÑETE,60 a 64,3
BIOBÍO,CAÑETE,65 a 69,2
BIOBÍO,CAÑETE,70 a 74,0
BIOBÍO,CAÑETE,75 a 79,1
BIOBÍO,CAÑETE,80 a 84,0
BIOBÍO,CAÑETE,85 a 89,0
BIOBÍO,CAÑETE,90 a 94,1
BIOBÍO,CAÑETE,95 a 99,0
BIOBÍO,CAÑETE,100 o más,0
BIOBÍO,CONTULMO,Total Comuna,12
BIOBÍO,CONTULMO,0 a 4,0
BIOBÍO,CONTULMO,5 a 9,0
BIOBÍO,CONTULMO,10 a 14,0
BIOBÍO,CONTULMO,15 a 19,0
BIOBÍO,CONTULMO,20 a 24,1
BIOBÍO,CONTULMO,25 a 29,3
BIOBÍO,CONTULMO,30 a 34,0
BIOBÍO,CONTULMO,35 a 39,2
BIOBÍO,CONTULMO,40 a 44,2
BIOBÍO,CONTULMO,45 a 49,2
BIOBÍO,CONTULMO,50 a 54,1
BIOBÍO,CONTULMO,55 a 59,0
BIOBÍO,CONTULMO,60 a 64,0
BIOBÍO,CONTULMO,65 a 69,0
BIOBÍO,CONTULMO,70 a 74,0
BIOBÍO,CONTULMO,75 a 79,1
BIOBÍO,CONTULMO,80 a 84,0
BIOBÍO,CONTULMO,85 a 89,0
BIOBÍO,CONTULMO,90 a 94,0
BIOBÍO,CONTULMO,95 a 99,0
BIOBÍO,CONTULMO,100 o más,0
BIOBÍO,CURANILAHUE,Total Comuna,68
BIOBÍO,CURANILAHUE,0 a 4,0
BIOBÍO,CURANILAHUE,5 a 9,3
BIOBÍO,CURANILAHUE,10 a 14,2
BIOBÍO,CURANILAHUE,15 a 19,1
BIOBÍO,CURANILAHUE,20 a 24,11
BIOBÍO,CURANILAHUE,25 a 29,10
BIOBÍO,CURANILAHUE,30 a 34,7
BIOBÍO,CURANILAHUE,35 a 39,10
BIOBÍO,CURANILAHUE,40 a 44,8
BIOBÍO,CURANILAHUE,45 a 49,3
BIOBÍO,CURANILAHUE,50 a 54,4
BIOBÍO,CURANILAHUE,55 a 59,2
BIOBÍO,CURANILAHUE,60 a 64,3
BIOBÍO,CURANILAHUE,65 a 69,1
BIOBÍO,CURANILAHUE,70 a 74,3
BIOBÍO,CURANILAHUE,75 a 79,0
BIOBÍO,CURANILAHUE,80 a 84,0
BIOBÍO,CURANILAHUE,85 a 89,0
BIOBÍO,CURANILAHUE,90 a 94,0
BIOBÍO,CURANILAHUE,95 a 99,0
BIOBÍO,CURANILAHUE,100 o más,0
BIOBÍO,LOS ÁLAMOS,Total Comuna,52
BIOBÍO,LOS ÁLAMOS,0 a 4,1
BIOBÍO,LOS ÁLAMOS,5 a 9,1
BIOBÍO,LOS ÁLAMOS,10 a 14,1
BIOBÍO,LOS ÁLAMOS,15 a 19,5
BIOBÍO,LOS ÁLAMOS,20 a 24,5
BIOBÍO,LOS ÁLAMOS,25 a 29,5
BIOBÍO,LOS ÁLAMOS,30 a 34,5
BIOBÍO,LOS ÁLAMOS,35 a 39,7
BIOBÍO,LOS ÁLAMOS,40 a 44,9
BIOBÍO,LOS ÁLAMOS,45 a 49,3
BIOBÍO,LOS ÁLAMOS,50 a 54,2
BIOBÍO,LOS ÁLAMOS,55 a 59,4
BIOBÍO,LOS ÁLAMOS,60 a 64,2
BIOBÍO,LOS ÁLAMOS,65 a 69,1
BIOBÍO,LOS ÁLAMOS,70 a 74,0
BIOBÍO,LOS ÁLAMOS,75 a 79,1
BIOBÍO,LOS ÁLAMOS,80 a 84,0
BIOBÍO,LOS ÁLAMOS,85 a 89,0
BIOBÍO,LOS ÁLAMOS,90 a 94,0
BIOBÍO,LOS ÁLAMOS,95 a 99,0
BIOBÍO,LOS ÁLAMOS,100 o más,0
BIOBÍO,TIRÚA,Total Comuna,12
BIOBÍO,TIRÚA,0 a 4,0
BIOBÍO,TIRÚA,5 a 9,0
BIOBÍO,TIRÚA,10 a 14,0
BIOBÍO,TIRÚA,15 a 19,0
BIOBÍO,TIRÚA,20 a 24,1
BIOBÍO,TIRÚA,25 a 29,3
BIOBÍO,TIRÚA,30 a 34,3
BIOBÍO,TIRÚA,35 a 39,0
BIOBÍO,TIRÚA,40 a 44,2
BIOBÍO,TIRÚA,45 a 49,2
BIOBÍO,TIRÚA,50 a 54,0
BIOBÍO,TIRÚA,55 a 59,0
BIOBÍO,TIRÚA,60 a 64,1
BIOBÍO,TIRÚA,65 a 69,0
BIOBÍO,TIRÚA,70 a 74,0
BIOBÍO,TIRÚA,75 a 79,0
BIOBÍO,TIRÚA,80 a 84,0
BIOBÍO,TIRÚA,85 a 89,0
BIOBÍO,TIRÚA,90 a 94,0
BIOBÍO,TIRÚA,95 a 99,0
BIOBÍO,TIRÚA,100 o más,0
BIOBÍO,LOS ÁNGELES,Total Comuna,1658
BIOBÍO,LOS ÁNGELES,0 a 4,56
BIOBÍO,LOS ÁNGELES,5 a 9,62
BIOBÍO,LOS ÁNGELES,10 a 14,72
BIOBÍO,LOS ÁNGELES,15 a 19,106
BIOBÍO,LOS ÁNGELES,20 a 24,147
BIOBÍO,LOS ÁNGELES,25 a 29,245
BIOBÍO,LOS ÁNGELES,30 a 34,232
BIOBÍO,LOS ÁNGELES,35 a 39,207
BIOBÍO,LOS ÁNGELES,40 a 44,166
BIOBÍO,LOS ÁNGELES,45 a 49,103
BIOBÍO,LOS ÁNGELES,50 a 54,76
BIOBÍO,LOS ÁNGELES,55 a 59,59
BIOBÍO,LOS ÁNGELES,60 a 64,36
BIOBÍO,LOS ÁNGELES,65 a 69,27
BIOBÍO,LOS ÁNGELES,70 a 74,23
BIOBÍO,LOS ÁNGELES,75 a 79,15
BIOBÍO,LOS ÁNGELES,80 a 84,13
BIOBÍO,LOS ÁNGELES,85 a 89,9
BIOBÍO,LOS ÁNGELES,90 a 94,3
BIOBÍO,LOS ÁNGELES,95 a 99,1
BIOBÍO,LOS ÁNGELES,100 o más,0
BIOBÍO,ANTUCO,Total Comuna,34
BIOBÍO,ANTUCO,0 a 4,0
BIOBÍO,ANTUCO,5 a 9,1
BIOBÍO,ANTUCO,10 a 14,3
BIOBÍO,ANTUCO,15 a 19,3
BIOBÍO,ANTUCO,20 a 24,3
BIOBÍO,ANTUCO,25 a 29,4
BIOBÍO,ANTUCO,30 a 34,1
BIOBÍO,ANTUCO,35 a 39,4
BIOBÍO,ANTUCO,40 a 44,4
BIOBÍO,ANTUCO,45 a 49,3
BIOBÍO,ANTUCO,50 a 54,3
BIOBÍO,ANTUCO,55 a 59,0
BIOBÍO,ANTUCO,60 a 64,0
BIOBÍO,ANTUCO,65 a 69,1
BIOBÍO,ANTUCO,70 a 74,2
BIOBÍO,ANTUCO,75 a 79,2
BIOBÍO,ANTUCO,80 a 84,0
BIOBÍO,ANTUCO,85 a 89,0
BIOBÍO,ANTUCO,90 a 94,0
BIOBÍO,ANTUCO,95 a 99,0
BIOBÍO,ANTUCO,100 o más,0
BIOBÍO,CABRERO,Total Comuna,159
BIOBÍO,CABRERO,0 a 4,2
BIOBÍO,CABRERO,5 a 9,3
BIOBÍO,CABRERO,10 a 14,6
BIOBÍO,CABRERO,15 a 19,7
BIOBÍO,CABRERO,20 a 24,34
BIOBÍO,CABRERO,25 a 29,28
BIOBÍO,CABRERO,30 a 34,19
BIOBÍO,CABRERO,35 a 39,15
BIOBÍO,CABRERO,40 a 44,20
BIOBÍO,CABRERO,45 a 49,8
BIOBÍO,CABRERO,50 a 54,3
BIOBÍO,CABRERO,55 a 59,5
BIOBÍO,CABRERO,60 a 64,5
BIOBÍO,CABRERO,65 a 69,1
BIOBÍO,CABRERO,70 a 74,1
BIOBÍO,CABRERO,75 a 79,0
BIOBÍO,CABRERO,80 a 84,0
BIOBÍO,CABRERO,85 a 89,1
BIOBÍO,CABRERO,90 a 94,1
BIOBÍO,CABRERO,95 a 99,0
BIOBÍO,CABRERO,100 o más,0
BIOBÍO,LAJA,Total Comuna,97
BIOBÍO,LAJA,0 a 4,5
BIOBÍO,LAJA,5 a 9,5
BIOBÍO,LAJA,10 a 14,6
BIOBÍO,LAJA,15 a 19,5
BIOBÍO,LAJA,20 a 24,8
BIOBÍO,LAJA,25 a 29,13
BIOBÍO,LAJA,30 a 34,12
BIOBÍO,LAJA,35 a 39,10
BIOBÍO,LAJA,40 a 44,8
BIOBÍO,LAJA,45 a 49,8
BIOBÍO,LAJA,50 a 54,7
BIOBÍO,LAJA,55 a 59,0
BIOBÍO,LAJA,60 a 64,5
BIOBÍO,LAJA,65 a 69,0
BIOBÍO,LAJA,70 a 74,2
BIOBÍO,LAJA,75 a 79,2
BIOBÍO,LAJA,80 a 84,1
BIOBÍO,LAJA,85 a 89,0
BIOBÍO,LAJA,90 a 94,0
BIOBÍO,LAJA,95 a 99,0
BIOBÍO,LAJA,100 o más,0
BIOBÍO,MULCHÉN,Total Comuna,94
BIOBÍO,MULCHÉN,0 a 4,2
BIOBÍO,MULCHÉN,5 a 9,5
BIOBÍO,MULCHÉN,10 a 14,6
BIOBÍO,MULCHÉN,15 a 19,7
BIOBÍO,MULCHÉN,20 a 24,4
BIOBÍO,MULCHÉN,25 a 29,20
BIOBÍO,MULCHÉN,30 a 34,11
BIOBÍO,MULCHÉN,35 a 39,7
BIOBÍO,MULCHÉN,40 a 44,7
BIOBÍO,MULCHÉN,45 a 49,4
BIOBÍO,MULCHÉN,50 a 54,5
BIOBÍO,MULCHÉN,55 a 59,5
BIOBÍO,MULCHÉN,60 a 64,0
BIOBÍO,MULCHÉN,65 a 69,4
BIOBÍO,MULCHÉN,70 a 74,3
BIOBÍO,MULCHÉN,75 a 79,1
BIOBÍO,MULCHÉN,80 a 84,0
BIOBÍO,MULCHÉN,85 a 89,0
BIOBÍO,MULCHÉN,90 a 94,1
BIOBÍO,MULCHÉN,95 a 99,1
BIOBÍO,MULCHÉN,100 o más,1
BIOBÍO,NACIMIENTO,Total Comuna,63
BIOBÍO,NACIMIENTO,0 a 4,0
BIOBÍO,NACIMIENTO,5 a 9,3
BIOBÍO,NACIMIENTO,10 a 14,0
BIOBÍO,NACIMIENTO,15 a 19,5
BIOBÍO,NACIMIENTO,20 a 24,5
BIOBÍO,NACIMIENTO,25 a 29,11
BIOBÍO,NACIMIENTO,30 a 34,12
BIOBÍO,NACIMIENTO,35 a 39,2
BIOBÍO,NACIMIENTO,40 a 44,7
BIOBÍO,NACIMIENTO,45 a 49,6
BIOBÍO,NACIMIENTO,50 a 54,1
BIOBÍO,NACIMIENTO,55 a 59,5
BIOBÍO,NACIMIENTO,60 a 64,3
BIOBÍO,NACIMIENTO,65 a 69,0
BIOBÍO,NACIMIENTO,70 a 74,0
BIOBÍO,NACIMIENTO,75 a 79,2
BIOBÍO,NACIMIENTO,80 a 84,0
BIOBÍO,NACIMIENTO,85 a 89,0
BIOBÍO,NACIMIENTO,90 a 94,1
BIOBÍO,NACIMIENTO,95 a 99,0
BIOBÍO,NACIMIENTO,100 o más,0
BIOBÍO,NEGRETE,Total Comuna,24
BIOBÍO,NEGRETE,0 a 4,1
BIOBÍO,NEGRETE,5 a 9,0
BIOBÍO,NEGRETE,10 a 14,1
BIOBÍO,NEGRETE,15 a 19,0
BIOBÍO,NEGRETE,20 a 24,5
BIOBÍO,NEGRETE,25 a 29,2
BIOBÍO,NEGRETE,30 a 34,2
BIOBÍO,NEGRETE,35 a 39,1
BIOBÍO,NEGRETE,40 a 44,4
BIOBÍO,NEGRETE,45 a 49,1
BIOBÍO,NEGRETE,50 a 54,1
BIOBÍO,NEGRETE,55 a 59,0
BIOBÍO,NEGRETE,60 a 64,2
BIOBÍO,NEGRETE,65 a 69,2
BIOBÍO,NEGRETE,70 a 74,1
BIOBÍO,NEGRETE,75 a 79,0
BIOBÍO,NEGRETE,80 a 84,1
BIOBÍO,NEGRETE,85 a 89,0
BIOBÍO,NEGRETE,90 a 94,0
BIOBÍO,NEGRETE,95 a 99,0
BIOBÍO,NEGRETE,100 o más,0
BIOBÍO,QUILACO,Total Comuna,5
BIOBÍO,QUILACO,0 a 4,0
BIOBÍO,QUILACO,5 a 9,0
BIOBÍO,QUILACO,10 a 14,0
BIOBÍO,QUILACO,15 a 19,0
BIOBÍO,QUILACO,20 a 24,2
BIOBÍO,QUILACO,25 a 29,0
BIOBÍO,QUILACO,30 a 34,1
BIOBÍO,QUILACO,35 a 39,0
BIOBÍO,QUILACO,40 a 44,0
BIOBÍO,QUILACO,45 a 49,0
BIOBÍO,QUILACO,50 a 54,0
BIOBÍO,QUILACO,55 a 59,0
BIOBÍO,QUILACO,60 a 64,0
BIOBÍO,QUILACO,65 a 69,1
BIOBÍO,QUILACO,70 a 74,0
BIOBÍO,QUILACO,75 a 79,1
BIOBÍO,QUILACO,80 a 84,0
BIOBÍO,QUILACO,85 a 89,0
BIOBÍO,QUILACO,90 a 94,0
BIOBÍO,QUILACO,95 a 99,0
BIOBÍO,QUILACO,100 o más,0
BIOBÍO,QUILLECO,Total Comuna,26
BIOBÍO,QUILLECO,0 a 4,0
BIOBÍO,QUILLECO,5 a 9,2
BIOBÍO,QUILLECO,10 a 14,3
BIOBÍO,QUILLECO,15 a 19,3
BIOBÍO,QUILLECO,20 a 24,0
BIOBÍO,QUILLECO,25 a 29,2
BIOBÍO,QUILLECO,30 a 34,5
BIOBÍO,QUILLECO,35 a 39,1
BIOBÍO,QUILLECO,40 a 44,1
BIOBÍO,QUILLECO,45 a 49,3
BIOBÍO,QUILLECO,50 a 54,0
BIOBÍO,QUILLECO,55 a 59,1
BIOBÍO,QUILLECO,60 a 64,1
BIOBÍO,QUILLECO,65 a 69,0
BIOBÍO,QUILLECO,70 a 74,2
BIOBÍO,QUILLECO,75 a 79,1
BIOBÍO,QUILLECO,80 a 84,0
BIOBÍO,QUILLECO,85 a 89,0
BIOBÍO,QUILLECO,90 a 94,1
BIOBÍO,QUILLECO,95 a 99,0
BIOBÍO,QUILLECO,100 o más,0
BIOBÍO,SAN ROSENDO,Total Comuna,10
BIOBÍO,SAN ROSENDO,0 a 4,2
BIOBÍO,SAN ROSENDO,5 a 9,1
BIOBÍO,SAN ROSENDO,10 a 14,0
BIOBÍO,SAN ROSENDO,15 a 19,2
BIOBÍO,SAN ROSENDO,20 a 24,0
BIOBÍO,SAN ROSENDO,25 a 29,0
BIOBÍO,SAN ROSENDO,30 a 34,2
BIOBÍO,SAN ROSENDO,35 a 39,1
BIOBÍO,SAN ROSENDO,40 a 44,1
BIOBÍO,SAN ROSENDO,45 a 49,0
BIOBÍO,SAN ROSENDO,50 a 54,0
BIOBÍO,SAN ROSENDO,55 a 59,1
BIOBÍO,SAN ROSENDO,60 a 64,0
BIOBÍO,SAN ROSENDO,65 a 69,0
BIOBÍO,SAN ROSENDO,70 a 74,0
BIOBÍO,SAN ROSENDO,75 a 79,0
BIOBÍO,SAN ROSENDO,80 a 84,0
BIOBÍO,SAN ROSENDO,85 a 89,0
BIOBÍO,SAN ROSENDO,90 a 94,0
BIOBÍO,SAN ROSENDO,95 a 99,0
BIOBÍO,SAN ROSENDO,100 o más,0
BIOBÍO,SANTA BÁRBARA,Total Comuna,42
BIOBÍO,SANTA BÁRBARA,0 a 4,0
BIOBÍO,SANTA BÁRBARA,5 a 9,2
BIOBÍO,SANTA BÁRBARA,10 a 14,4
BIOBÍO,SANTA BÁRBARA,15 a 19,5
BIOBÍO,SANTA BÁRBARA,20 a 24,3
BIOBÍO,SANTA BÁRBARA,25 a 29,4
BIOBÍO,SANTA BÁRBARA,30 a 34,5
BIOBÍO,SANTA BÁRBARA,35 a 39,6
BIOBÍO,SANTA BÁRBARA,40 a 44,3
BIOBÍO,SANTA BÁRBARA,45 a 49,0
BIOBÍO,SANTA BÁRBARA,50 a 54,3
BIOBÍO,SANTA BÁRBARA,55 a 59,2
BIOBÍO,SANTA BÁRBARA,60 a 64,3
BIOBÍO,SANTA BÁRBARA,65 a 69,0
BIOBÍO,SANTA BÁRBARA,70 a 74,0
BIOBÍO,SANTA BÁRBARA,75 a 79,2
BIOBÍO,SANTA BÁRBARA,80 a 84,0
BIOBÍO,SANTA BÁRBARA,85 a 89,0
BIOBÍO,SANTA BÁRBARA,90 a 94,0
BIOBÍO,SANTA BÁRBARA,95 a 99,0
BIOBÍO,SANTA BÁRBARA,100 o más,0
BIOBÍO,TUCAPEL,Total Comuna,37
BIOBÍO,TUCAPEL,0 a 4,3
BIOBÍO,TUCAPEL,5 a 9,0
BIOBÍO,TUCAPEL,10 a 14,2
BIOBÍO,TUCAPEL,15 a 19,0
BIOBÍO,TUCAPEL,20 a 24,4
BIOBÍO,TUCAPEL,25 a 29,9
BIOBÍO,TUCAPEL,30 a 34,4
BIOBÍO,TUCAPEL,35 a 39,2
BIOBÍO,TUCAPEL,40 a 44,0
BIOBÍO,TUCAPEL,45 a 49,1
BIOBÍO,TUCAPEL,50 a 54,4
BIOBÍO,TUCAPEL,55 a 59,1
BIOBÍO,TUCAPEL,60 a 64,2
BIOBÍO,TUCAPEL,65 a 69,2
BIOBÍO,TUCAPEL,70 a 74,2
BIOBÍO,TUCAPEL,75 a 79,0
BIOBÍO,TUCAPEL,80 a 84,0
BIOBÍO,TUCAPEL,85 a 89,0
BIOBÍO,TUCAPEL,90 a 94,1
BIOBÍO,TUCAPEL,95 a 99,0
BIOBÍO,TUCAPEL,100 o más,0
BIOBÍO,YUMBEL,Total Comuna,79
BIOBÍO,YUMBEL,0 a 4,2
BIOBÍO,YUMBEL,5 a 9,7
BIOBÍO,YUMBEL,10 a 14,4
BIOBÍO,YUMBEL,15 a 19,7
BIOBÍO,YUMBEL,20 a 24,2
BIOBÍO,YUMBEL,25 a 29,7
BIOBÍO,YUMBEL,30 a 34,8
BIOBÍO,YUMBEL,35 a 39,8
BIOBÍO,YUMBEL,40 a 44,8
BIOBÍO,YUMBEL,45 a 49,7
BIOBÍO,YUMBEL,50 a 54,5
BIOBÍO,YUMBEL,55 a 59,2
BIOBÍO,YUMBEL,60 a 64,5
BIOBÍO,YUMBEL,65 a 69,1
BIOBÍO,YUMBEL,70 a 74,4
BIOBÍO,YUMBEL,75 a 79,1
BIOBÍO,YUMBEL,80 a 84,1
BIOBÍO,YUMBEL,85 a 89,0
BIOBÍO,YUMBEL,90 a 94,0
BIOBÍO,YUMBEL,95 a 99,0
BIOBÍO,YUMBEL,100 o más,0
BIOBÍO,ALTO BIOBÍO,Total Comuna,33
BIOBÍO,ALTO BIOBÍO,0 a 4,0
BIOBÍO,ALTO BIOBÍO,5 a 9,1
BIOBÍO,ALTO BIOBÍO,10 a 14,1
BIOBÍO,ALTO BIOBÍO,15 a 19,4
BIOBÍO,ALTO BIOBÍO,20 a 24,3
BIOBÍO,ALTO BIOBÍO,25 a 29,7
BIOBÍO,ALTO BIOBÍO,30 a 34,3
BIOBÍO,ALTO BIOBÍO,35 a 39,5
BIOBÍO,ALTO BIOBÍO,40 a 44,1
BIOBÍO,ALTO BIOBÍO,45 a 49,2
BIOBÍO,ALTO BIOBÍO,50 a 54,1
BIOBÍO,ALTO BIOBÍO,55 a 59,1
BIOBÍO,ALTO BIOBÍO,60 a 64,2
BIOBÍO,ALTO BIOBÍO,65 a 69,0
BIOBÍO,ALTO BIOBÍO,70 a 74,1
BIOBÍO,ALTO BIOBÍO,75 a 79,1
BIOBÍO,ALTO BIOBÍO,80 a 84,0
BIOBÍO,ALTO BIOBÍO,85 a 89,0
BIOBÍO,ALTO BIOBÍO,90 a 94,0
BIOBÍO,ALTO BIOBÍO,95 a 99,0
BIOBÍO,ALTO BIOBÍO,100 o más,0
LA ARAUCANÍA,TEMUCO,Total Comuna,4584
LA ARAUCANÍA,TEMUCO,0 a 4,105
LA ARAUCANÍA,TEMUCO,5 a 9,148
LA ARAUCANÍA,TEMUCO,10 a 14,150
LA ARAUCANÍA,TEMUCO,15 a 19,245
LA ARAUCANÍA,TEMUCO,20 a 24,559
LA ARAUCANÍA,TEMUCO,25 a 29,851
LA ARAUCANÍA,TEMUCO,30 a 34,654
LA ARAUCANÍA,TEMUCO,35 a 39,542
LA ARAUCANÍA,TEMUCO,40 a 44,391
LA ARAUCANÍA,TEMUCO,45 a 49,251
LA ARAUCANÍA,TEMUCO,50 a 54,188
LA ARAUCANÍA,TEMUCO,55 a 59,148
LA ARAUCANÍA,TEMUCO,60 a 64,106
LA ARAUCANÍA,TEMUCO,65 a 69,57
LA ARAUCANÍA,TEMUCO,70 a 74,45
LA ARAUCANÍA,TEMUCO,75 a 79,48
LA ARAUCANÍA,TEMUCO,80 a 84,36
LA ARAUCANÍA,TEMUCO,85 a 89,26
LA ARAUCANÍA,TEMUCO,90 a 94,22
LA ARAUCANÍA,TEMUCO,95 a 99,10
LA ARAUCANÍA,TEMUCO,100 o más,2
LA ARAUCANÍA,CARAHUE,Total Comuna,94
LA ARAUCANÍA,CARAHUE,0 a 4,2
LA ARAUCANÍA,CARAHUE,5 a 9,4
LA ARAUCANÍA,CARAHUE,10 a 14,5
LA ARAUCANÍA,CARAHUE,15 a 19,7
LA ARAUCANÍA,CARAHUE,20 a 24,8
LA ARAUCANÍA,CARAHUE,25 a 29,27
LA ARAUCANÍA,CARAHUE,30 a 34,16
LA ARAUCANÍA,CARAHUE,35 a 39,7
LA ARAUCANÍA,CARAHUE,40 a 44,8
LA ARAUCANÍA,CARAHUE,45 a 49,1
LA ARAUCANÍA,CARAHUE,50 a 54,2
LA ARAUCANÍA,CARAHUE,55 a 59,3
LA ARAUCANÍA,CARAHUE,60 a 64,1
LA ARAUCANÍA,CARAHUE,65 a 69,1
LA ARAUCANÍA,CARAHUE,70 a 74,0
LA ARAUCANÍA,CARAHUE,75 a 79,0
LA ARAUCANÍA,CARAHUE,80 a 84,0
LA ARAUCANÍA,CARAHUE,85 a 89,1
LA ARAUCANÍA,CARAHUE,90 a 94,0
LA ARAUCANÍA,CARAHUE,95 a 99,1
LA ARAUCANÍA,CARAHUE,100 o más,0
LA ARAUCANÍA,CUNCO,Total Comuna,185
LA ARAUCANÍA,CUNCO,0 a 4,3
LA ARAUCANÍA,CUNCO,5 a 9,9
LA ARAUCANÍA,CUNCO,10 a 14,10
LA ARAUCANÍA,CUNCO,15 a 19,10
LA ARAUCANÍA,CUNCO,20 a 24,24
LA ARAUCANÍA,CUNCO,25 a 29,45
LA ARAUCANÍA,CUNCO,30 a 34,25
LA ARAUCANÍA,CUNCO,35 a 39,17
LA ARAUCANÍA,CUNCO,40 a 44,13
LA ARAUCANÍA,CUNCO,45 a 49,6
LA ARAUCANÍA,CUNCO,50 a 54,7
LA ARAUCANÍA,CUNCO,55 a 59,8
LA ARAUCANÍA,CUNCO,60 a 64,2
LA ARAUCANÍA,CUNCO,65 a 69,2
LA ARAUCANÍA,CUNCO,70 a 74,2
LA ARAUCANÍA,CUNCO,75 a 79,1
LA ARAUCANÍA,CUNCO,80 a 84,0
LA ARAUCANÍA,CUNCO,85 a 89,1
LA ARAUCANÍA,CUNCO,90 a 94,0
LA ARAUCANÍA,CUNCO,95 a 99,0
LA ARAUCANÍA,CUNCO,100 o más,0
LA ARAUCANÍA,CURARREHUE,Total Comuna,183
LA ARAUCANÍA,CURARREHUE,0 a 4,6
LA ARAUCANÍA,CURARREHUE,5 a 9,10
LA ARAUCANÍA,CURARREHUE,10 a 14,12
LA ARAUCANÍA,CURARREHUE,15 a 19,12
LA ARAUCANÍA,CURARREHUE,20 a 24,24
LA ARAUCANÍA,CURARREHUE,25 a 29,34
LA ARAUCANÍA,CURARREHUE,30 a 34,27
LA ARAUCANÍA,CURARREHUE,35 a 39,13
LA ARAUCANÍA,CURARREHUE,40 a 44,8
LA ARAUCANÍA,CURARREHUE,45 a 49,5
LA ARAUCANÍA,CURARREHUE,50 a 54,9
LA ARAUCANÍA,CURARREHUE,55 a 59,9
LA ARAUCANÍA,CURARREHUE,60 a 64,3
LA ARAUCANÍA,CURARREHUE,65 a 69,3
LA ARAUCANÍA,CURARREHUE,70 a 74,4
LA ARAUCANÍA,CURARREHUE,75 a 79,3
LA ARAUCANÍA,CURARREHUE,80 a 84,1
LA ARAUCANÍA,CURARREHUE,85 a 89,0
LA ARAUCANÍA,CURARREHUE,90 a 94,0
LA ARAUCANÍA,CURARREHUE,95 a 99,0
LA ARAUCANÍA,CURARREHUE,100 o más,0
LA ARAUCANÍA,FREIRE,Total Comuna,137
LA ARAUCANÍA,FREIRE,0 a 4,3
LA ARAUCANÍA,FREIRE,5 a 9,3
LA ARAUCANÍA,FREIRE,10 a 14,7
LA ARAUCANÍA,FREIRE,15 a 19,3
LA ARAUCANÍA,FREIRE,20 a 24,13
LA ARAUCANÍA,FREIRE,25 a 29,34
LA ARAUCANÍA,FREIRE,30 a 34,14
LA ARAUCANÍA,FREIRE,35 a 39,17
LA ARAUCANÍA,FREIRE,40 a 44,10
LA ARAUCANÍA,FREIRE,45 a 49,4
LA ARAUCANÍA,FREIRE,50 a 54,9
LA ARAUCANÍA,FREIRE,55 a 59,5
LA ARAUCANÍA,FREIRE,60 a 64,5
LA ARAUCANÍA,FREIRE,65 a 69,0
LA ARAUCANÍA,FREIRE,70 a 74,4
LA ARAUCANÍA,FREIRE,75 a 79,3
LA ARAUCANÍA,FREIRE,80 a 84,0
LA ARAUCANÍA,FREIRE,85 a 89,1
LA ARAUCANÍA,FREIRE,90 a 94,2
LA ARAUCANÍA,FREIRE,95 a 99,0
LA ARAUCANÍA,FREIRE,100 o más,0
LA ARAUCANÍA,GALVARINO,Total Comuna,26
LA ARAUCANÍA,GALVARINO,0 a 4,1
LA ARAUCANÍA,GALVARINO,5 a 9,2
LA ARAUCANÍA,GALVARINO,10 a 14,2
LA ARAUCANÍA,GALVARINO,15 a 19,0
LA ARAUCANÍA,GALVARINO,20 a 24,1
LA ARAUCANÍA,GALVARINO,25 a 29,2
LA ARAUCANÍA,GALVARINO,30 a 34,6
LA ARAUCANÍA,GALVARINO,35 a 39,0
LA ARAUCANÍA,GALVARINO,40 a 44,1
LA ARAUCANÍA,GALVARINO,45 a 49,3
LA ARAUCANÍA,GALVARINO,50 a 54,1
LA ARAUCANÍA,GALVARINO,55 a 59,2
LA ARAUCANÍA,GALVARINO,60 a 64,3
LA ARAUCANÍA,GALVARINO,65 a 69,1
LA ARAUCANÍA,GALVARINO,70 a 74,1
LA ARAUCANÍA,GALVARINO,75 a 79,0
LA ARAUCANÍA,GALVARINO,80 a 84,0
LA ARAUCANÍA,GALVARINO,85 a 89,0
LA ARAUCANÍA,GALVARINO,90 a 94,0
LA ARAUCANÍA,GALVARINO,95 a 99,0
LA ARAUCANÍA,GALVARINO,100 o más,0
LA ARAUCANÍA,GORBEA,Total Comuna,138
LA ARAUCANÍA,GORBEA,0 a 4,2
LA ARAUCANÍA,GORBEA,5 a 9,3
LA ARAUCANÍA,GORBEA,10 a 14,2
LA ARAUCANÍA,GORBEA,15 a 19,12
LA ARAUCANÍA,GORBEA,20 a 24,7
LA ARAUCANÍA,GORBEA,25 a 29,23
LA ARAUCANÍA,GORBEA,30 a 34,25
LA ARAUCANÍA,GORBEA,35 a 39,18
LA ARAUCANÍA,GORBEA,40 a 44,12
LA ARAUCANÍA,GORBEA,45 a 49,7
LA ARAUCANÍA,GORBEA,50 a 54,9
LA ARAUCANÍA,GORBEA,55 a 59,2
LA ARAUCANÍA,GORBEA,60 a 64,3
LA ARAUCANÍA,GORBEA,65 a 69,3
LA ARAUCANÍA,GORBEA,70 a 74,1
LA ARAUCANÍA,GORBEA,75 a 79,3
LA ARAUCANÍA,GORBEA,80 a 84,2
LA ARAUCANÍA,GORBEA,85 a 89,1
LA ARAUCANÍA,GORBEA,90 a 94,2
LA ARAUCANÍA,GORBEA,95 a 99,0
LA ARAUCANÍA,GORBEA,100 o más,1
LA ARAUCANÍA,LAUTARO,Total Comuna,276
LA ARAUCANÍA,LAUTARO,0 a 4,6
LA ARAUCANÍA,LAUTARO,5 a 9,13
LA ARAUCANÍA,LAUTARO,10 a 14,10
LA ARAUCANÍA,LAUTARO,15 a 19,13
LA ARAUCANÍA,LAUTARO,20 a 24,30
LA ARAUCANÍA,LAUTARO,25 a 29,53
LA ARAUCANÍA,LAUTARO,30 a 34,43
LA ARAUCANÍA,LAUTARO,35 a 39,39
LA ARAUCANÍA,LAUTARO,40 a 44,16
LA ARAUCANÍA,LAUTARO,45 a 49,11
LA ARAUCANÍA,LAUTARO,50 a 54,11
LA ARAUCANÍA,LAUTARO,55 a 59,18
LA ARAUCANÍA,LAUTARO,60 a 64,3
LA ARAUCANÍA,LAUTARO,65 a 69,3
LA ARAUCANÍA,LAUTARO,70 a 74,2
LA ARAUCANÍA,LAUTARO,75 a 79,4
LA ARAUCANÍA,LAUTARO,80 a 84,1
LA ARAUCANÍA,LAUTARO,85 a 89,0
LA ARAUCANÍA,LAUTARO,90 a 94,0
LA ARAUCANÍA,LAUTARO,95 a 99,0
LA ARAUCANÍA,LAUTARO,100 o más,0
LA ARAUCANÍA,LONCOCHE,Total Comuna,162
LA ARAUCANÍA,LONCOCHE,0 a 4,4
LA ARAUCANÍA,LONCOCHE,5 a 9,9
LA ARAUCANÍA,LONCOCHE,10 a 14,5
LA ARAUCANÍA,LONCOCHE,15 a 19,10
LA ARAUCANÍA,LONCOCHE,20 a 24,15
LA ARAUCANÍA,LONCOCHE,25 a 29,36
LA ARAUCANÍA,LONCOCHE,30 a 34,16
LA ARAUCANÍA,LONCOCHE,35 a 39,11
LA ARAUCANÍA,LONCOCHE,40 a 44,19
LA ARAUCANÍA,LONCOCHE,45 a 49,8
LA ARAUCANÍA,LONCOCHE,50 a 54,6
LA ARAUCANÍA,LONCOCHE,55 a 59,6
LA ARAUCANÍA,LONCOCHE,60 a 64,1
LA ARAUCANÍA,LONCOCHE,65 a 69,6
LA ARAUCANÍA,LONCOCHE,70 a 74,2
LA ARAUCANÍA,LONCOCHE,75 a 79,3
LA ARAUCANÍA,LONCOCHE,80 a 84,1
LA ARAUCANÍA,LONCOCHE,85 a 89,1
LA ARAUCANÍA,LONCOCHE,90 a 94,2
LA ARAUCANÍA,LONCOCHE,95 a 99,1
LA ARAUCANÍA,LONCOCHE,100 o más,0
LA ARAUCANÍA,MELIPEUCO,Total Comuna,131
LA ARAUCANÍA,MELIPEUCO,0 a 4,5
LA ARAUCANÍA,MELIPEUCO,5 a 9,5
LA ARAUCANÍA,MELIPEUCO,10 a 14,7
LA ARAUCANÍA,MELIPEUCO,15 a 19,10
LA ARAUCANÍA,MELIPEUCO,20 a 24,26
LA ARAUCANÍA,MELIPEUCO,25 a 29,18
LA ARAUCANÍA,MELIPEUCO,30 a 34,17
LA ARAUCANÍA,MELIPEUCO,35 a 39,11
LA ARAUCANÍA,MELIPEUCO,40 a 44,8
LA ARAUCANÍA,MELIPEUCO,45 a 49,5
LA ARAUCANÍA,MELIPEUCO,50 a 54,8
LA ARAUCANÍA,MELIPEUCO,55 a 59,5
LA ARAUCANÍA,MELIPEUCO,60 a 64,1
LA ARAUCANÍA,MELIPEUCO,65 a 69,2
LA ARAUCANÍA,MELIPEUCO,70 a 74,1
LA ARAUCANÍA,MELIPEUCO,75 a 79,0
LA ARAUCANÍA,MELIPEUCO,80 a 84,1
LA ARAUCANÍA,MELIPEUCO,85 a 89,1
LA ARAUCANÍA,MELIPEUCO,90 a 94,0
LA ARAUCANÍA,MELIPEUCO,95 a 99,0
LA ARAUCANÍA,MELIPEUCO,100 o más,0
LA ARAUCANÍA,NUEVA IMPERIAL,Total Comuna,181
LA ARAUCANÍA,NUEVA IMPERIAL,0 a 4,3
LA ARAUCANÍA,NUEVA IMPERIAL,5 a 9,3
LA ARAUCANÍA,NUEVA IMPERIAL,10 a 14,6
LA ARAUCANÍA,NUEVA IMPERIAL,15 a 19,10
LA ARAUCANÍA,NUEVA IMPERIAL,20 a 24,25
LA ARAUCANÍA,NUEVA IMPERIAL,25 a 29,44
LA ARAUCANÍA,NUEVA IMPERIAL,30 a 34,29
LA ARAUCANÍA,NUEVA IMPERIAL,35 a 39,17
LA ARAUCANÍA,NUEVA IMPERIAL,40 a 44,13
LA ARAUCANÍA,NUEVA IMPERIAL,45 a 49,6
LA ARAUCANÍA,NUEVA IMPERIAL,50 a 54,5
LA ARAUCANÍA,NUEVA IMPERIAL,55 a 59,4
LA ARAUCANÍA,NUEVA IMPERIAL,60 a 64,4
LA ARAUCANÍA,NUEVA IMPERIAL,65 a 69,6
LA ARAUCANÍA,NUEVA IMPERIAL,70 a 74,0
LA ARAUCANÍA,NUEVA IMPERIAL,75 a 79,2
LA ARAUCANÍA,NUEVA IMPERIAL,80 a 84,1
LA ARAUCANÍA,NUEVA IMPERIAL,85 a 89,2
LA ARAUCANÍA,NUEVA IMPERIAL,90 a 94,1
LA ARAUCANÍA,NUEVA IMPERIAL,95 a 99,0
LA ARAUCANÍA,NUEVA IMPERIAL,100 o más,0
LA ARAUCANÍA,PADRE LAS CASAS,Total Comuna,623
LA ARAUCANÍA,PADRE LAS CASAS,0 a 4,8
LA ARAUCANÍA,PADRE LAS CASAS,5 a 9,23
LA ARAUCANÍA,PADRE LAS CASAS,10 a 14,21
LA ARAUCANÍA,PADRE LAS CASAS,15 a 19,28
LA ARAUCANÍA,PADRE LAS CASAS,20 a 24,69
LA ARAUCANÍA,PADRE LAS CASAS,25 a 29,155
LA ARAUCANÍA,PADRE LAS CASAS,30 a 34,82
LA ARAUCANÍA,PADRE LAS CASAS,35 a 39,66
LA ARAUCANÍA,PADRE LAS CASAS,40 a 44,41
LA ARAUCANÍA,PADRE LAS CASAS,45 a 49,36
LA ARAUCANÍA,PADRE LAS CASAS,50 a 54,32
LA ARAUCANÍA,PADRE LAS CASAS,55 a 59,20
LA ARAUCANÍA,PADRE LAS CASAS,60 a 64,17
LA ARAUCANÍA,PADRE LAS CASAS,65 a 69,8
LA ARAUCANÍA,PADRE LAS CASAS,70 a 74,7
LA ARAUCANÍA,PADRE LAS CASAS,75 a 79,5
LA ARAUCANÍA,PADRE LAS CASAS,80 a 84,1
LA ARAUCANÍA,PADRE LAS CASAS,85 a 89,3
LA ARAUCANÍA,PADRE LAS CASAS,90 a 94,1
LA ARAUCANÍA,PADRE LAS CASAS,95 a 99,0
LA ARAUCANÍA,PADRE LAS CASAS,100 o más,0
LA ARAUCANÍA,PERQUENCO,Total Comuna,23
LA ARAUCANÍA,PERQUENCO,0 a 4,2
LA ARAUCANÍA,PERQUENCO,5 a 9,2
LA ARAUCANÍA,PERQUENCO,10 a 14,0
LA ARAUCANÍA,PERQUENCO,15 a 19,2
LA ARAUCANÍA,PERQUENCO,20 a 24,2
LA ARAUCANÍA,PERQUENCO,25 a 29,4
LA ARAUCANÍA,PERQUENCO,30 a 34,2
LA ARAUCANÍA,PERQUENCO,35 a 39,1
LA ARAUCANÍA,PERQUENCO,40 a 44,0
LA ARAUCANÍA,PERQUENCO,45 a 49,1
LA ARAUCANÍA,PERQUENCO,50 a 54,1
LA ARAUCANÍA,PERQUENCO,55 a 59,1
LA ARAUCANÍA,PERQUENCO,60 a 64,0
LA ARAUCANÍA,PERQUENCO,65 a 69,1
LA ARAUCANÍA,PERQUENCO,70 a 74,2
LA ARAUCANÍA,PERQUENCO,75 a 79,2
LA ARAUCANÍA,PERQUENCO,80 a 84,0
LA ARAUCANÍA,PERQUENCO,85 a 89,0
LA ARAUCANÍA,PERQUENCO,90 a 94,0
LA ARAUCANÍA,PERQUENCO,95 a 99,0
LA ARAUCANÍA,PERQUENCO,100 o más,0
LA ARAUCANÍA,PITRUFQUÉN,Total Comuna,196
LA ARAUCANÍA,PITRUFQUÉN,0 a 4,5
LA ARAUCANÍA,PITRUFQUÉN,5 a 9,4
LA ARAUCANÍA,PITRUFQUÉN,10 a 14,5
LA ARAUCANÍA,PITRUFQUÉN,15 a 19,16
LA ARAUCANÍA,PITRUFQUÉN,20 a 24,24
LA ARAUCANÍA,PITRUFQUÉN,25 a 29,42
LA ARAUCANÍA,PITRUFQUÉN,30 a 34,31
LA ARAUCANÍA,PITRUFQUÉN,35 a 39,21
LA ARAUCANÍA,PITRUFQUÉN,40 a 44,13
LA ARAUCANÍA,PITRUFQUÉN,45 a 49,11
LA ARAUCANÍA,PITRUFQUÉN,50 a 54,5
LA ARAUCANÍA,PITRUFQUÉN,55 a 59,3
LA ARAUCANÍA,PITRUFQUÉN,60 a 64,5
LA ARAUCANÍA,PITRUFQUÉN,65 a 69,2
LA ARAUCANÍA,PITRUFQUÉN,70 a 74,3
LA ARAUCANÍA,PITRUFQUÉN,75 a 79,1
LA ARAUCANÍA,PITRUFQUÉN,80 a 84,0
LA ARAUCANÍA,PITRUFQUÉN,85 a 89,3
LA ARAUCANÍA,PITRUFQUÉN,90 a 94,1
LA ARAUCANÍA,PITRUFQUÉN,95 a 99,1
LA ARAUCANÍA,PITRUFQUÉN,100 o más,0
LA ARAUCANÍA,PUCÓN,Total Comuna,1044
LA ARAUCANÍA,PUCÓN,0 a 4,26
LA ARAUCANÍA,PUCÓN,5 a 9,53
LA ARAUCANÍA,PUCÓN,10 a 14,40
LA ARAUCANÍA,PUCÓN,15 a 19,45
LA ARAUCANÍA,PUCÓN,20 a 24,86
LA ARAUCANÍA,PUCÓN,25 a 29,178
LA ARAUCANÍA,PUCÓN,30 a 34,131
LA ARAUCANÍA,PUCÓN,35 a 39,119
LA ARAUCANÍA,PUCÓN,40 a 44,92
LA ARAUCANÍA,PUCÓN,45 a 49,60
LA ARAUCANÍA,PUCÓN,50 a 54,44
LA ARAUCANÍA,PUCÓN,55 a 59,49
LA ARAUCANÍA,PUCÓN,60 a 64,33
LA ARAUCANÍA,PUCÓN,65 a 69,28
LA ARAUCANÍA,PUCÓN,70 a 74,23
LA ARAUCANÍA,PUCÓN,75 a 79,14
LA ARAUCANÍA,PUCÓN,80 a 84,11
LA ARAUCANÍA,PUCÓN,85 a 89,6
LA ARAUCANÍA,PUCÓN,90 a 94,4
LA ARAUCANÍA,PUCÓN,95 a 99,1
LA ARAUCANÍA,PUCÓN,100 o más,1
LA ARAUCANÍA,SAAVEDRA,Total Comuna,39
LA ARAUCANÍA,SAAVEDRA,0 a 4,2
LA ARAUCANÍA,SAAVEDRA,5 a 9,1
LA ARAUCANÍA,SAAVEDRA,10 a 14,3
LA ARAUCANÍA,SAAVEDRA,15 a 19,2
LA ARAUCANÍA,SAAVEDRA,20 a 24,4
LA ARAUCANÍA,SAAVEDRA,25 a 29,5
LA ARAUCANÍA,SAAVEDRA,30 a 34,3
LA ARAUCANÍA,SAAVEDRA,35 a 39,4
LA ARAUCANÍA,SAAVEDRA,40 a 44,5
LA ARAUCANÍA,SAAVEDRA,45 a 49,3
LA ARAUCANÍA,SAAVEDRA,50 a 54,1
LA ARAUCANÍA,SAAVEDRA,55 a 59,1
LA ARAUCANÍA,SAAVEDRA,60 a 64,2
LA ARAUCANÍA,SAAVEDRA,65 a 69,1
LA ARAUCANÍA,SAAVEDRA,70 a 74,1
LA ARAUCANÍA,SAAVEDRA,75 a 79,1
LA ARAUCANÍA,SAAVEDRA,80 a 84,0
LA ARAUCANÍA,SAAVEDRA,85 a 89,0
LA ARAUCANÍA,SAAVEDRA,90 a 94,0
LA ARAUCANÍA,SAAVEDRA,95 a 99,0
LA ARAUCANÍA,SAAVEDRA,100 o más,0
LA ARAUCANÍA,TEODORO SCHMIDT,Total Comuna,69
LA ARAUCANÍA,TEODORO SCHMIDT,0 a 4,0
LA ARAUCANÍA,TEODORO SCHMIDT,5 a 9,1
LA ARAUCANÍA,TEODORO SCHMIDT,10 a 14,4
LA ARAUCANÍA,TEODORO SCHMIDT,15 a 19,5
LA ARAUCANÍA,TEODORO SCHMIDT,20 a 24,7
LA ARAUCANÍA,TEODORO SCHMIDT,25 a 29,13
LA ARAUCANÍA,TEODORO SCHMIDT,30 a 34,2
LA ARAUCANÍA,TEODORO SCHMIDT,35 a 39,3
LA ARAUCANÍA,TEODORO SCHMIDT,40 a 44,9
LA ARAUCANÍA,TEODORO SCHMIDT,45 a 49,11
LA ARAUCANÍA,TEODORO SCHMIDT,50 a 54,1
LA ARAUCANÍA,TEODORO SCHMIDT,55 a 59,7
LA ARAUCANÍA,TEODORO SCHMIDT,60 a 64,2
LA ARAUCANÍA,TEODORO SCHMIDT,65 a 69,1
LA ARAUCANÍA,TEODORO SCHMIDT,70 a 74,1
LA ARAUCANÍA,TEODORO SCHMIDT,75 a 79,0
LA ARAUCANÍA,TEODORO SCHMIDT,80 a 84,1
LA ARAUCANÍA,TEODORO SCHMIDT,85 a 89,1
LA ARAUCANÍA,TEODORO SCHMIDT,90 a 94,0
LA ARAUCANÍA,TEODORO SCHMIDT,95 a 99,0
LA ARAUCANÍA,TEODORO SCHMIDT,100 o más,0
LA ARAUCANÍA,TOLTÉN,Total Comuna,60
LA ARAUCANÍA,TOLTÉN,0 a 4,0
LA ARAUCANÍA,TOLTÉN,5 a 9,0
LA ARAUCANÍA,TOLTÉN,10 a 14,2
LA ARAUCANÍA,TOLTÉN,15 a 19,4
LA ARAUCANÍA,TOLTÉN,20 a 24,7
LA ARAUCANÍA,TOLTÉN,25 a 29,11
LA ARAUCANÍA,TOLTÉN,30 a 34,8
LA ARAUCANÍA,TOLTÉN,35 a 39,7
LA ARAUCANÍA,TOLTÉN,40 a 44,7
LA ARAUCANÍA,TOLTÉN,45 a 49,2
LA ARAUCANÍA,TOLTÉN,50 a 54,4
LA ARAUCANÍA,TOLTÉN,55 a 59,3
LA ARAUCANÍA,TOLTÉN,60 a 64,1
LA ARAUCANÍA,TOLTÉN,65 a 69,2
LA ARAUCANÍA,TOLTÉN,70 a 74,0
LA ARAUCANÍA,TOLTÉN,75 a 79,0
LA ARAUCANÍA,TOLTÉN,80 a 84,0
LA ARAUCANÍA,TOLTÉN,85 a 89,2
LA ARAUCANÍA,TOLTÉN,90 a 94,0
LA ARAUCANÍA,TOLTÉN,95 a 99,0
LA ARAUCANÍA,TOLTÉN,100 o más,0
LA ARAUCANÍA,VILCÚN,Total Comuna,216
LA ARAUCANÍA,VILCÚN,0 a 4,6
LA ARAUCANÍA,VILCÚN,5 a 9,9
LA ARAUCANÍA,VILCÚN,10 a 14,5
LA ARAUCANÍA,VILCÚN,15 a 19,18
LA ARAUCANÍA,VILCÚN,20 a 24,24
LA ARAUCANÍA,VILCÚN,25 a 29,31
LA ARAUCANÍA,VILCÚN,30 a 34,24
LA ARAUCANÍA,VILCÚN,35 a 39,26
LA ARAUCANÍA,VILCÚN,40 a 44,22
LA ARAUCANÍA,VILCÚN,45 a 49,8
LA ARAUCANÍA,VILCÚN,50 a 54,9
LA ARAUCANÍA,VILCÚN,55 a 59,9
LA ARAUCANÍA,VILCÚN,60 a 64,9
LA ARAUCANÍA,VILCÚN,65 a 69,3
LA ARAUCANÍA,VILCÚN,70 a 74,4
LA ARAUCANÍA,VILCÚN,75 a 79,5
LA ARAUCANÍA,VILCÚN,80 a 84,2
LA ARAUCANÍA,VILCÚN,85 a 89,2
LA ARAUCANÍA,VILCÚN,90 a 94,0
LA ARAUCANÍA,VILCÚN,95 a 99,0
LA ARAUCANÍA,VILCÚN,100 o más,0
LA ARAUCANÍA,VILLARRICA,Total Comuna,1101
LA ARAUCANÍA,VILLARRICA,0 a 4,13
LA ARAUCANÍA,VILLARRICA,5 a 9,37
LA ARAUCANÍA,VILLARRICA,10 a 14,47
LA ARAUCANÍA,VILLARRICA,15 a 19,58
LA ARAUCANÍA,VILLARRICA,20 a 24,98
LA ARAUCANÍA,VILLARRICA,25 a 29,182
LA ARAUCANÍA,VILLARRICA,30 a 34,139
LA ARAUCANÍA,VILLARRICA,35 a 39,127
LA ARAUCANÍA,VILLARRICA,40 a 44,115
LA ARAUCANÍA,VILLARRICA,45 a 49,71
LA ARAUCANÍA,VILLARRICA,50 a 54,57
LA ARAUCANÍA,VILLARRICA,55 a 59,43
LA ARAUCANÍA,VILLARRICA,60 a 64,36
LA ARAUCANÍA,VILLARRICA,65 a 69,24
LA ARAUCANÍA,VILLARRICA,70 a 74,19
LA ARAUCANÍA,VILLARRICA,75 a 79,13
LA ARAUCANÍA,VILLARRICA,80 a 84,7
LA ARAUCANÍA,VILLARRICA,85 a 89,8
LA ARAUCANÍA,VILLARRICA,90 a 94,3
LA ARAUCANÍA,VILLARRICA,95 a 99,0
LA ARAUCANÍA,VILLARRICA,100 o más,4
LA ARAUCANÍA,CHOLCHOL,Total Comuna,62
LA ARAUCANÍA,CHOLCHOL,0 a 4,2
LA ARAUCANÍA,CHOLCHOL,5 a 9,2
LA ARAUCANÍA,CHOLCHOL,10 a 14,4
LA ARAUCANÍA,CHOLCHOL,15 a 19,3
LA ARAUCANÍA,CHOLCHOL,20 a 24,5
LA ARAUCANÍA,CHOLCHOL,25 a 29,12
LA ARAUCANÍA,CHOLCHOL,30 a 34,7
LA ARAUCANÍA,CHOLCHOL,35 a 39,8
LA ARAUCANÍA,CHOLCHOL,40 a 44,3
LA ARAUCANÍA,CHOLCHOL,45 a 49,6
LA ARAUCANÍA,CHOLCHOL,50 a 54,1
LA ARAUCANÍA,CHOLCHOL,55 a 59,1
LA ARAUCANÍA,CHOLCHOL,60 a 64,1
LA ARAUCANÍA,CHOLCHOL,65 a 69,0
LA ARAUCANÍA,CHOLCHOL,70 a 74,2
LA ARAUCANÍA,CHOLCHOL,75 a 79,0
LA ARAUCANÍA,CHOLCHOL,80 a 84,3
LA ARAUCANÍA,CHOLCHOL,85 a 89,2
LA ARAUCANÍA,CHOLCHOL,90 a 94,0
LA ARAUCANÍA,CHOLCHOL,95 a 99,0
LA ARAUCANÍA,CHOLCHOL,100 o más,0
LA ARAUCANÍA,ANGOL,Total Comuna,309
LA ARAUCANÍA,ANGOL,0 a 4,12
LA ARAUCANÍA,ANGOL,5 a 9,9
LA ARAUCANÍA,ANGOL,10 a 14,17
LA ARAUCANÍA,ANGOL,15 a 19,22
LA ARAUCANÍA,ANGOL,20 a 24,35
LA ARAUCANÍA,ANGOL,25 a 29,43
LA ARAUCANÍA,ANGOL,30 a 34,43
LA ARAUCANÍA,ANGOL,35 a 39,42
LA ARAUCANÍA,ANGOL,40 a 44,30
LA ARAUCANÍA,ANGOL,45 a 49,23
LA ARAUCANÍA,ANGOL,50 a 54,10
LA ARAUCANÍA,ANGOL,55 a 59,7
LA ARAUCANÍA,ANGOL,60 a 64,5
LA ARAUCANÍA,ANGOL,65 a 69,3
LA ARAUCANÍA,ANGOL,70 a 74,5
LA ARAUCANÍA,ANGOL,75 a 79,1
LA ARAUCANÍA,ANGOL,80 a 84,1
LA ARAUCANÍA,ANGOL,85 a 89,1
LA ARAUCANÍA,ANGOL,90 a 94,0
LA ARAUCANÍA,ANGOL,95 a 99,0
LA ARAUCANÍA,ANGOL,100 o más,0
LA ARAUCANÍA,COLLIPULLI,Total Comuna,90
LA ARAUCANÍA,COLLIPULLI,0 a 4,2
LA ARAUCANÍA,COLLIPULLI,5 a 9,3
LA ARAUCANÍA,COLLIPULLI,10 a 14,2
LA ARAUCANÍA,COLLIPULLI,15 a 19,9
LA ARAUCANÍA,COLLIPULLI,20 a 24,18
LA ARAUCANÍA,COLLIPULLI,25 a 29,16
LA ARAUCANÍA,COLLIPULLI,30 a 34,15
LA ARAUCANÍA,COLLIPULLI,35 a 39,8
LA ARAUCANÍA,COLLIPULLI,40 a 44,5
LA ARAUCANÍA,COLLIPULLI,45 a 49,5
LA ARAUCANÍA,COLLIPULLI,50 a 54,2
LA ARAUCANÍA,COLLIPULLI,55 a 59,1
LA ARAUCANÍA,COLLIPULLI,60 a 64,2
LA ARAUCANÍA,COLLIPULLI,65 a 69,0
LA ARAUCANÍA,COLLIPULLI,70 a 74,1
LA ARAUCANÍA,COLLIPULLI,75 a 79,0
LA ARAUCANÍA,COLLIPULLI,80 a 84,1
LA ARAUCANÍA,COLLIPULLI,85 a 89,0
LA ARAUCANÍA,COLLIPULLI,90 a 94,0
LA ARAUCANÍA,COLLIPULLI,95 a 99,0
LA ARAUCANÍA,COLLIPULLI,100 o más,0
LA ARAUCANÍA,CURACAUTÍN,Total Comuna,255
LA ARAUCANÍA,CURACAUTÍN,0 a 4,3
LA ARAUCANÍA,CURACAUTÍN,5 a 9,13
LA ARAUCANÍA,CURACAUTÍN,10 a 14,5
LA ARAUCANÍA,CURACAUTÍN,15 a 19,12
LA ARAUCANÍA,CURACAUTÍN,20 a 24,27
LA ARAUCANÍA,CURACAUTÍN,25 a 29,45
LA ARAUCANÍA,CURACAUTÍN,30 a 34,33
LA ARAUCANÍA,CURACAUTÍN,35 a 39,28
LA ARAUCANÍA,CURACAUTÍN,40 a 44,16
LA ARAUCANÍA,CURACAUTÍN,45 a 49,15
LA ARAUCANÍA,CURACAUTÍN,50 a 54,15
LA ARAUCANÍA,CURACAUTÍN,55 a 59,15
LA ARAUCANÍA,CURACAUTÍN,60 a 64,7
LA ARAUCANÍA,CURACAUTÍN,65 a 69,4
LA ARAUCANÍA,CURACAUTÍN,70 a 74,6
LA ARAUCANÍA,CURACAUTÍN,75 a 79,1
LA ARAUCANÍA,CURACAUTÍN,80 a 84,4
LA ARAUCANÍA,CURACAUTÍN,85 a 89,1
LA ARAUCANÍA,CURACAUTÍN,90 a 94,4
LA ARAUCANÍA,CURACAUTÍN,95 a 99,1
LA ARAUCANÍA,CURACAUTÍN,100 o más,0
LA ARAUCANÍA,ERCILLA,Total Comuna,19
LA ARAUCANÍA,ERCILLA,0 a 4,0
LA ARAUCANÍA,ERCILLA,5 a 9,0
LA ARAUCANÍA,ERCILLA,10 a 14,1
LA ARAUCANÍA,ERCILLA,15 a 19,3
LA ARAUCANÍA,ERCILLA,20 a 24,0
LA ARAUCANÍA,ERCILLA,25 a 29,2
LA ARAUCANÍA,ERCILLA,30 a 34,3
LA ARAUCANÍA,ERCILLA,35 a 39,1
LA ARAUCANÍA,ERCILLA,40 a 44,1
LA ARAUCANÍA,ERCILLA,45 a 49,2
LA ARAUCANÍA,ERCILLA,50 a 54,2
LA ARAUCANÍA,ERCILLA,55 a 59,1
LA ARAUCANÍA,ERCILLA,60 a 64,0
LA ARAUCANÍA,ERCILLA,65 a 69,2
LA ARAUCANÍA,ERCILLA,70 a 74,0
LA ARAUCANÍA,ERCILLA,75 a 79,0
LA ARAUCANÍA,ERCILLA,80 a 84,0
LA ARAUCANÍA,ERCILLA,85 a 89,1
LA ARAUCANÍA,ERCILLA,90 a 94,0
LA ARAUCANÍA,ERCILLA,95 a 99,0
LA ARAUCANÍA,ERCILLA,100 o más,0
LA ARAUCANÍA,LONQUIMAY,Total Comuna,103
LA ARAUCANÍA,LONQUIMAY,0 a 4,0
LA ARAUCANÍA,LONQUIMAY,5 a 9,3
LA ARAUCANÍA,LONQUIMAY,10 a 14,4
LA ARAUCANÍA,LONQUIMAY,15 a 19,11
LA ARAUCANÍA,LONQUIMAY,20 a 24,7
LA ARAUCANÍA,LONQUIMAY,25 a 29,16
LA ARAUCANÍA,LONQUIMAY,30 a 34,8
LA ARAUCANÍA,LONQUIMAY,35 a 39,14
LA ARAUCANÍA,LONQUIMAY,40 a 44,10
LA ARAUCANÍA,LONQUIMAY,45 a 49,7
LA ARAUCANÍA,LONQUIMAY,50 a 54,8
LA ARAUCANÍA,LONQUIMAY,55 a 59,5
LA ARAUCANÍA,LONQUIMAY,60 a 64,5
LA ARAUCANÍA,LONQUIMAY,65 a 69,3
LA ARAUCANÍA,LONQUIMAY,70 a 74,0
LA ARAUCANÍA,LONQUIMAY,75 a 79,0
LA ARAUCANÍA,LONQUIMAY,80 a 84,0
LA ARAUCANÍA,LONQUIMAY,85 a 89,2
LA ARAUCANÍA,LONQUIMAY,90 a 94,0
LA ARAUCANÍA,LONQUIMAY,95 a 99,0
LA ARAUCANÍA,LONQUIMAY,100 o más,0
LA ARAUCANÍA,LOS SAUCES,Total Comuna,11
LA ARAUCANÍA,LOS SAUCES,0 a 4,0
LA ARAUCANÍA,LOS SAUCES,5 a 9,0
LA ARAUCANÍA,LOS SAUCES,10 a 14,1
LA ARAUCANÍA,LOS SAUCES,15 a 19,0
LA ARAUCANÍA,LOS SAUCES,20 a 24,3
LA ARAUCANÍA,LOS SAUCES,25 a 29,2
LA ARAUCANÍA,LOS SAUCES,30 a 34,0
LA ARAUCANÍA,LOS SAUCES,35 a 39,1
LA ARAUCANÍA,LOS SAUCES,40 a 44,1
LA ARAUCANÍA,LOS SAUCES,45 a 49,0
LA ARAUCANÍA,LOS SAUCES,50 a 54,2
LA ARAUCANÍA,LOS SAUCES,55 a 59,0
LA ARAUCANÍA,LOS SAUCES,60 a 64,0
LA ARAUCANÍA,LOS SAUCES,65 a 69,1
LA ARAUCANÍA,LOS SAUCES,70 a 74,0
LA ARAUCANÍA,LOS SAUCES,75 a 79,0
LA ARAUCANÍA,LOS SAUCES,80 a 84,0
LA ARAUCANÍA,LOS SAUCES,85 a 89,0
LA ARAUCANÍA,LOS SAUCES,90 a 94,0
LA ARAUCANÍA,LOS SAUCES,95 a 99,0
LA ARAUCANÍA,LOS SAUCES,100 o más,0
LA ARAUCANÍA,LUMACO,Total Comuna,14
LA ARAUCANÍA,LUMACO,0 a 4,1
LA ARAUCANÍA,LUMACO,5 a 9,1
LA ARAUCANÍA,LUMACO,10 a 14,0
LA ARAUCANÍA,LUMACO,15 a 19,0
LA ARAUCANÍA,LUMACO,20 a 24,1
LA ARAUCANÍA,LUMACO,25 a 29,2
LA ARAUCANÍA,LUMACO,30 a 34,1
LA ARAUCANÍA,LUMACO,35 a 39,0
LA ARAUCANÍA,LUMACO,40 a 44,2
LA ARAUCANÍA,LUMACO,45 a 49,1
LA ARAUCANÍA,LUMACO,50 a 54,2
LA ARAUCANÍA,LUMACO,55 a 59,1
LA ARAUCANÍA,LUMACO,60 a 64,0
LA ARAUCANÍA,LUMACO,65 a 69,0
LA ARAUCANÍA,LUMACO,70 a 74,0
LA ARAUCANÍA,LUMACO,75 a 79,0
LA ARAUCANÍA,LUMACO,80 a 84,0
LA ARAUCANÍA,LUMACO,85 a 89,0
LA ARAUCANÍA,LUMACO,90 a 94,2
LA ARAUCANÍA,LUMACO,95 a 99,0
LA ARAUCANÍA,LUMACO,100 o más,0
LA ARAUCANÍA,PURÉN,Total Comuna,20
LA ARAUCANÍA,PURÉN,0 a 4,1
LA ARAUCANÍA,PURÉN,5 a 9,0
LA ARAUCANÍA,PURÉN,10 a 14,0
LA ARAUCANÍA,PURÉN,15 a 19,2
LA ARAUCANÍA,PURÉN,20 a 24,6
LA ARAUCANÍA,PURÉN,25 a 29,1
LA ARAUCANÍA,PURÉN,30 a 34,2
LA ARAUCANÍA,PURÉN,35 a 39,0
LA ARAUCANÍA,PURÉN,40 a 44,2
LA ARAUCANÍA,PURÉN,45 a 49,1
LA ARAUCANÍA,PURÉN,50 a 54,0
LA ARAUCANÍA,PURÉN,55 a 59,0
LA ARAUCANÍA,PURÉN,60 a 64,1
LA ARAUCANÍA,PURÉN,65 a 69,1
LA ARAUCANÍA,PURÉN,70 a 74,0
LA ARAUCANÍA,PURÉN,75 a 79,2
LA ARAUCANÍA,PURÉN,80 a 84,0
LA ARAUCANÍA,PURÉN,85 a 89,1
LA ARAUCANÍA,PURÉN,90 a 94,0
LA ARAUCANÍA,PURÉN,95 a 99,0
LA ARAUCANÍA,PURÉN,100 o más,0
LA ARAUCANÍA,RENAICO,Total Comuna,36
LA ARAUCANÍA,RENAICO,0 a 4,1
LA ARAUCANÍA,RENAICO,5 a 9,0
LA ARAUCANÍA,RENAICO,10 a 14,3
LA ARAUCANÍA,RENAICO,15 a 19,2
LA ARAUCANÍA,RENAICO,20 a 24,6
LA ARAUCANÍA,RENAICO,25 a 29,8
LA ARAUCANÍA,RENAICO,30 a 34,3
LA ARAUCANÍA,RENAICO,35 a 39,1
LA ARAUCANÍA,RENAICO,40 a 44,3
LA ARAUCANÍA,RENAICO,45 a 49,2
LA ARAUCANÍA,RENAICO,50 a 54,2
LA ARAUCANÍA,RENAICO,55 a 59,2
LA ARAUCANÍA,RENAICO,60 a 64,0
LA ARAUCANÍA,RENAICO,65 a 69,1
LA ARAUCANÍA,RENAICO,70 a 74,0
LA ARAUCANÍA,RENAICO,75 a 79,0
LA ARAUCANÍA,RENAICO,80 a 84,2
LA ARAUCANÍA,RENAICO,85 a 89,0
LA ARAUCANÍA,RENAICO,90 a 94,0
LA ARAUCANÍA,RENAICO,95 a 99,0
LA ARAUCANÍA,RENAICO,100 o más,0
LA ARAUCANÍA,TRAIGUÉN,Total Comuna,66
LA ARAUCANÍA,TRAIGUÉN,0 a 4,3
LA ARAUCANÍA,TRAIGUÉN,5 a 9,6
LA ARAUCANÍA,TRAIGUÉN,10 a 14,1
LA ARAUCANÍA,TRAIGUÉN,15 a 19,4
LA ARAUCANÍA,TRAIGUÉN,20 a 24,10
LA ARAUCANÍA,TRAIGUÉN,25 a 29,13
LA ARAUCANÍA,TRAIGUÉN,30 a 34,8
LA ARAUCANÍA,TRAIGUÉN,35 a 39,6
LA ARAUCANÍA,TRAIGUÉN,40 a 44,6
LA ARAUCANÍA,TRAIGUÉN,45 a 49,0
LA ARAUCANÍA,TRAIGUÉN,50 a 54,3
LA ARAUCANÍA,TRAIGUÉN,55 a 59,4
LA ARAUCANÍA,TRAIGUÉN,60 a 64,0
LA ARAUCANÍA,TRAIGUÉN,65 a 69,0
LA ARAUCANÍA,TRAIGUÉN,70 a 74,0
LA ARAUCANÍA,TRAIGUÉN,75 a 79,0
LA ARAUCANÍA,TRAIGUÉN,80 a 84,0
LA ARAUCANÍA,TRAIGUÉN,85 a 89,0
LA ARAUCANÍA,TRAIGUÉN,90 a 94,1
LA ARAUCANÍA,TRAIGUÉN,95 a 99,1
LA ARAUCANÍA,TRAIGUÉN,100 o más,0
LA ARAUCANÍA,VICTORIA,Total Comuna,214
LA ARAUCANÍA,VICTORIA,0 a 4,3
LA ARAUCANÍA,VICTORIA,5 a 9,7
LA ARAUCANÍA,VICTORIA,10 a 14,1
LA ARAUCANÍA,VICTORIA,15 a 19,10
LA ARAUCANÍA,VICTORIA,20 a 24,25
LA ARAUCANÍA,VICTORIA,25 a 29,47
LA ARAUCANÍA,VICTORIA,30 a 34,35
LA ARAUCANÍA,VICTORIA,35 a 39,26
LA ARAUCANÍA,VICTORIA,40 a 44,16
LA ARAUCANÍA,VICTORIA,45 a 49,9
LA ARAUCANÍA,VICTORIA,50 a 54,7
LA ARAUCANÍA,VICTORIA,55 a 59,8
LA ARAUCANÍA,VICTORIA,60 a 64,8
LA ARAUCANÍA,VICTORIA,65 a 69,3
LA ARAUCANÍA,VICTORIA,70 a 74,4
LA ARAUCANÍA,VICTORIA,75 a 79,2
LA ARAUCANÍA,VICTORIA,80 a 84,0
LA ARAUCANÍA,VICTORIA,85 a 89,1
LA ARAUCANÍA,VICTORIA,90 a 94,1
LA ARAUCANÍA,VICTORIA,95 a 99,1
LA ARAUCANÍA,VICTORIA,100 o más,0
LOS RÍOS,VALDIVIA,Total Comuna,2370
LOS RÍOS,VALDIVIA,0 a 4,60
LOS RÍOS,VALDIVIA,5 a 9,94
LOS RÍOS,VALDIVIA,10 a 14,81
LOS RÍOS,VALDIVIA,15 a 19,118
LOS RÍOS,VALDIVIA,20 a 24,287
LOS RÍOS,VALDIVIA,25 a 29,388
LOS RÍOS,VALDIVIA,30 a 34,329
LOS RÍOS,VALDIVIA,35 a 39,321
LOS RÍOS,VALDIVIA,40 a 44,200
LOS RÍOS,VALDIVIA,45 a 49,116
LOS RÍOS,VALDIVIA,50 a 54,101
LOS RÍOS,VALDIVIA,55 a 59,92
LOS RÍOS,VALDIVIA,60 a 64,45
LOS RÍOS,VALDIVIA,65 a 69,41
LOS RÍOS,VALDIVIA,70 a 74,36
LOS RÍOS,VALDIVIA,75 a 79,23
LOS RÍOS,VALDIVIA,80 a 84,14
LOS RÍOS,VALDIVIA,85 a 89,14
LOS RÍOS,VALDIVIA,90 a 94,6
LOS RÍOS,VALDIVIA,95 a 99,3
LOS RÍOS,VALDIVIA,100 o más,1
LOS RÍOS,CORRAL,Total Comuna,32
LOS RÍOS,CORRAL,0 a 4,1
LOS RÍOS,CORRAL,5 a 9,0
LOS RÍOS,CORRAL,10 a 14,1
LOS RÍOS,CORRAL,15 a 19,1
LOS RÍOS,CORRAL,20 a 24,3
LOS RÍOS,CORRAL,25 a 29,6
LOS RÍOS,CORRAL,30 a 34,2
LOS RÍOS,CORRAL,35 a 39,4
LOS RÍOS,CORRAL,40 a 44,1
LOS RÍOS,CORRAL,45 a 49,2
LOS RÍOS,CORRAL,50 a 54,2
LOS RÍOS,CORRAL,55 a 59,3
LOS RÍOS,CORRAL,60 a 64,2
LOS RÍOS,CORRAL,65 a 69,0
LOS RÍOS,CORRAL,70 a 74,3
LOS RÍOS,CORRAL,75 a 79,0
LOS RÍOS,CORRAL,80 a 84,1
LOS RÍOS,CORRAL,85 a 89,0
LOS RÍOS,CORRAL,90 a 94,0
LOS RÍOS,CORRAL,95 a 99,0
LOS RÍOS,CORRAL,100 o más,0
LOS RÍOS,LANCO,Total Comuna,113
LOS RÍOS,LANCO,0 a 4,1
LOS RÍOS,LANCO,5 a 9,6
LOS RÍOS,LANCO,10 a 14,8
LOS RÍOS,LANCO,15 a 19,8
LOS RÍOS,LANCO,20 a 24,12
LOS RÍOS,LANCO,25 a 29,25
LOS RÍOS,LANCO,30 a 34,10
LOS RÍOS,LANCO,35 a 39,15
LOS RÍOS,LANCO,40 a 44,10
LOS RÍOS,LANCO,45 a 49,7
LOS RÍOS,LANCO,50 a 54,3
LOS RÍOS,LANCO,55 a 59,3
LOS RÍOS,LANCO,60 a 64,3
LOS RÍOS,LANCO,65 a 69,1
LOS RÍOS,LANCO,70 a 74,0
LOS RÍOS,LANCO,75 a 79,1
LOS RÍOS,LANCO,80 a 84,0
LOS RÍOS,LANCO,85 a 89,0
LOS RÍOS,LANCO,90 a 94,0
LOS RÍOS,LANCO,95 a 99,0
LOS RÍOS,LANCO,100 o más,0
LOS RÍOS,LOS LAGOS,Total Comuna,112
LOS RÍOS,LOS LAGOS,0 a 4,0
LOS RÍOS,LOS LAGOS,5 a 9,6
LOS RÍOS,LOS LAGOS,10 a 14,3
LOS RÍOS,LOS LAGOS,15 a 19,8
LOS RÍOS,LOS LAGOS,20 a 24,9
LOS RÍOS,LOS LAGOS,25 a 29,20
LOS RÍOS,LOS LAGOS,30 a 34,9
LOS RÍOS,LOS LAGOS,35 a 39,9
LOS RÍOS,LOS LAGOS,40 a 44,9
LOS RÍOS,LOS LAGOS,45 a 49,8
LOS RÍOS,LOS LAGOS,50 a 54,12
LOS RÍOS,LOS LAGOS,55 a 59,7
LOS RÍOS,LOS LAGOS,60 a 64,0
LOS RÍOS,LOS LAGOS,65 a 69,3
LOS RÍOS,LOS LAGOS,70 a 74,2
LOS RÍOS,LOS LAGOS,75 a 79,5
LOS RÍOS,LOS LAGOS,80 a 84,1
LOS RÍOS,LOS LAGOS,85 a 89,0
LOS RÍOS,LOS LAGOS,90 a 94,1
LOS RÍOS,LOS LAGOS,95 a 99,0
LOS RÍOS,LOS LAGOS,100 o más,0
LOS RÍOS,MÁFIL,Total Comuna,23
LOS RÍOS,MÁFIL,0 a 4,1
LOS RÍOS,MÁFIL,5 a 9,0
LOS RÍOS,MÁFIL,10 a 14,0
LOS RÍOS,MÁFIL,15 a 19,1
LOS RÍOS,MÁFIL,20 a 24,1
LOS RÍOS,MÁFIL,25 a 29,7
LOS RÍOS,MÁFIL,30 a 34,2
LOS RÍOS,MÁFIL,35 a 39,2
LOS RÍOS,MÁFIL,40 a 44,0
LOS RÍOS,MÁFIL,45 a 49,2
LOS RÍOS,MÁFIL,50 a 54,2
LOS RÍOS,MÁFIL,55 a 59,2
LOS RÍOS,MÁFIL,60 a 64,0
LOS RÍOS,MÁFIL,65 a 69,1
LOS RÍOS,MÁFIL,70 a 74,0
LOS RÍOS,MÁFIL,75 a 79,2
LOS RÍOS,MÁFIL,80 a 84,0
LOS RÍOS,MÁFIL,85 a 89,0
LOS RÍOS,MÁFIL,90 a 94,0
LOS RÍOS,MÁFIL,95 a 99,0
LOS RÍOS,MÁFIL,100 o más,0
LOS RÍOS,MARIQUINA,Total Comuna,141
LOS RÍOS,MARIQUINA,0 a 4,4
LOS RÍOS,MARIQUINA,5 a 9,6
LOS RÍOS,MARIQUINA,10 a 14,3
LOS RÍOS,MARIQUINA,15 a 19,12
LOS RÍOS,MARIQUINA,20 a 24,15
LOS RÍOS,MARIQUINA,25 a 29,25
LOS RÍOS,MARIQUINA,30 a 34,21
LOS RÍOS,MARIQUINA,35 a 39,18
LOS RÍOS,MARIQUINA,40 a 44,10
LOS RÍOS,MARIQUINA,45 a 49,3
LOS RÍOS,MARIQUINA,50 a 54,6
LOS RÍOS,MARIQUINA,55 a 59,2
LOS RÍOS,MARIQUINA,60 a 64,3
LOS RÍOS,MARIQUINA,65 a 69,2
LOS RÍOS,MARIQUINA,70 a 74,3
LOS RÍOS,MARIQUINA,75 a 79,1
LOS RÍOS,MARIQUINA,80 a 84,3
LOS RÍOS,MARIQUINA,85 a 89,3
LOS RÍOS,MARIQUINA,90 a 94,1
LOS RÍOS,MARIQUINA,95 a 99,0
LOS RÍOS,MARIQUINA,100 o más,0
LOS RÍOS,PAILLACO,Total Comuna,156
LOS RÍOS,PAILLACO,0 a 4,0
LOS RÍOS,PAILLACO,5 a 9,2
LOS RÍOS,PAILLACO,10 a 14,2
LOS RÍOS,PAILLACO,15 a 19,11
LOS RÍOS,PAILLACO,20 a 24,25
LOS RÍOS,PAILLACO,25 a 29,30
LOS RÍOS,PAILLACO,30 a 34,17
LOS RÍOS,PAILLACO,35 a 39,19
LOS RÍOS,PAILLACO,40 a 44,16
LOS RÍOS,PAILLACO,45 a 49,9
LOS RÍOS,PAILLACO,50 a 54,7
LOS RÍOS,PAILLACO,55 a 59,5
LOS RÍOS,PAILLACO,60 a 64,6
LOS RÍOS,PAILLACO,65 a 69,3
LOS RÍOS,PAILLACO,70 a 74,0
LOS RÍOS,PAILLACO,75 a 79,2
LOS RÍOS,PAILLACO,80 a 84,1
LOS RÍOS,PAILLACO,85 a 89,1
LOS RÍOS,PAILLACO,90 a 94,0
LOS RÍOS,PAILLACO,95 a 99,0
LOS RÍOS,PAILLACO,100 o más,0
LOS RÍOS,PANGUIPULLI,Total Comuna,347
LOS RÍOS,PANGUIPULLI,0 a 4,5
LOS RÍOS,PANGUIPULLI,5 a 9,12
LOS RÍOS,PANGUIPULLI,10 a 14,14
LOS RÍOS,PANGUIPULLI,15 a 19,13
LOS RÍOS,PANGUIPULLI,20 a 24,40
LOS RÍOS,PANGUIPULLI,25 a 29,71
LOS RÍOS,PANGUIPULLI,30 a 34,47
LOS RÍOS,PANGUIPULLI,35 a 39,33
LOS RÍOS,PANGUIPULLI,40 a 44,32
LOS RÍOS,PANGUIPULLI,45 a 49,16
LOS RÍOS,PANGUIPULLI,50 a 54,19
LOS RÍOS,PANGUIPULLI,55 a 59,11
LOS RÍOS,PANGUIPULLI,60 a 64,6
LOS RÍOS,PANGUIPULLI,65 a 69,9
LOS RÍOS,PANGUIPULLI,70 a 74,5
LOS RÍOS,PANGUIPULLI,75 a 79,8
LOS RÍOS,PANGUIPULLI,80 a 84,2
LOS RÍOS,PANGUIPULLI,85 a 89,4
LOS RÍOS,PANGUIPULLI,90 a 94,0
LOS RÍOS,PANGUIPULLI,95 a 99,0
LOS RÍOS,PANGUIPULLI,100 o más,0
LOS RÍOS,LA UNIÓN,Total Comuna,174
LOS RÍOS,LA UNIÓN,0 a 4,3
LOS RÍOS,LA UNIÓN,5 a 9,8
LOS RÍOS,LA UNIÓN,10 a 14,5
LOS RÍOS,LA UNIÓN,15 a 19,14
LOS RÍOS,LA UNIÓN,20 a 24,15
LOS RÍOS,LA UNIÓN,25 a 29,16
LOS RÍOS,LA UNIÓN,30 a 34,19
LOS RÍOS,LA UNIÓN,35 a 39,19
LOS RÍOS,LA UNIÓN,40 a 44,14
LOS RÍOS,LA UNIÓN,45 a 49,14
LOS RÍOS,LA UNIÓN,50 a 54,3
LOS RÍOS,LA UNIÓN,55 a 59,8
LOS RÍOS,LA UNIÓN,60 a 64,5
LOS RÍOS,LA UNIÓN,65 a 69,7
LOS RÍOS,LA UNIÓN,70 a 74,4
LOS RÍOS,LA UNIÓN,75 a 79,7
LOS RÍOS,LA UNIÓN,80 a 84,8
LOS RÍOS,LA UNIÓN,85 a 89,3
LOS RÍOS,LA UNIÓN,90 a 94,2
LOS RÍOS,LA UNIÓN,95 a 99,0
LOS RÍOS,LA UNIÓN,100 o más,0
LOS RÍOS,FUTRONO,Total Comuna,103
LOS RÍOS,FUTRONO,0 a 4,1
LOS RÍOS,FUTRONO,5 a 9,7
LOS RÍOS,FUTRONO,10 a 14,6
LOS RÍOS,FUTRONO,15 a 19,12
LOS RÍOS,FUTRONO,20 a 24,7
LOS RÍOS,FUTRONO,25 a 29,12
LOS RÍOS,FUTRONO,30 a 34,12
LOS RÍOS,FUTRONO,35 a 39,9
LOS RÍOS,FUTRONO,40 a 44,8
LOS RÍOS,FUTRONO,45 a 49,11
LOS RÍOS,FUTRONO,50 a 54,5
LOS RÍOS,FUTRONO,55 a 59,2
LOS RÍOS,FUTRONO,60 a 64,2
LOS RÍOS,FUTRONO,65 a 69,0
LOS RÍOS,FUTRONO,70 a 74,6
LOS RÍOS,FUTRONO,75 a 79,2
LOS RÍOS,FUTRONO,80 a 84,0
LOS RÍOS,FUTRONO,85 a 89,0
LOS RÍOS,FUTRONO,90 a 94,1
LOS RÍOS,FUTRONO,95 a 99,0
LOS RÍOS,FUTRONO,100 o más,0
LOS RÍOS,LAGO RANCO,Total Comuna,41
LOS RÍOS,LAGO RANCO,0 a 4,1
LOS RÍOS,LAGO RANCO,5 a 9,2
LOS RÍOS,LAGO RANCO,10 a 14,1
LOS RÍOS,LAGO RANCO,15 a 19,4
LOS RÍOS,LAGO RANCO,20 a 24,4
LOS RÍOS,LAGO RANCO,25 a 29,10
LOS RÍOS,LAGO RANCO,30 a 34,2
LOS RÍOS,LAGO RANCO,35 a 39,3
LOS RÍOS,LAGO RANCO,40 a 44,4
LOS RÍOS,LAGO RANCO,45 a 49,1
LOS RÍOS,LAGO RANCO,50 a 54,2
LOS RÍOS,LAGO RANCO,55 a 59,1
LOS RÍOS,LAGO RANCO,60 a 64,0
LOS RÍOS,LAGO RANCO,65 a 69,0
LOS RÍOS,LAGO RANCO,70 a 74,1
LOS RÍOS,LAGO RANCO,75 a 79,3
LOS RÍOS,LAGO RANCO,80 a 84,0
LOS RÍOS,LAGO RANCO,85 a 89,2
LOS RÍOS,LAGO RANCO,90 a 94,0
LOS RÍOS,LAGO RANCO,95 a 99,0
LOS RÍOS,LAGO RANCO,100 o más,0
LOS RÍOS,RÍO BUENO,Total Comuna,155
LOS RÍOS,RÍO BUENO,0 a 4,6
LOS RÍOS,RÍO BUENO,5 a 9,5
LOS RÍOS,RÍO BUENO,10 a 14,5
LOS RÍOS,RÍO BUENO,15 a 19,11
LOS RÍOS,RÍO BUENO,20 a 24,14
LOS RÍOS,RÍO BUENO,25 a 29,18
LOS RÍOS,RÍO BUENO,30 a 34,27
LOS RÍOS,RÍO BUENO,35 a 39,16
LOS RÍOS,RÍO BUENO,40 a 44,15
LOS RÍOS,RÍO BUENO,45 a 49,10
LOS RÍOS,RÍO BUENO,50 a 54,8
LOS RÍOS,RÍO BUENO,55 a 59,6
LOS RÍOS,RÍO BUENO,60 a 64,3
LOS RÍOS,RÍO BUENO,65 a 69,4
LOS RÍOS,RÍO BUENO,70 a 74,2
LOS RÍOS,RÍO BUENO,75 a 79,2
LOS RÍOS,RÍO BUENO,80 a 84,2
LOS RÍOS,RÍO BUENO,85 a 89,1
LOS RÍOS,RÍO BUENO,90 a 94,0
LOS RÍOS,RÍO BUENO,95 a 99,0
LOS RÍOS,RÍO BUENO,100 o más,0
LOS LAGOS,PUERTO MONTT,Total Comuna,3595
LOS LAGOS,PUERTO MONTT,0 a 4,72
LOS LAGOS,PUERTO MONTT,5 a 9,106
LOS LAGOS,PUERTO MONTT,10 a 14,124
LOS LAGOS,PUERTO MONTT,15 a 19,191
LOS LAGOS,PUERTO MONTT,20 a 24,380
LOS LAGOS,PUERTO MONTT,25 a 29,626
LOS LAGOS,PUERTO MONTT,30 a 34,561
LOS LAGOS,PUERTO MONTT,35 a 39,481
LOS LAGOS,PUERTO MONTT,40 a 44,324
LOS LAGOS,PUERTO MONTT,45 a 49,223
LOS LAGOS,PUERTO MONTT,50 a 54,161
LOS LAGOS,PUERTO MONTT,55 a 59,124
LOS LAGOS,PUERTO MONTT,60 a 64,53
LOS LAGOS,PUERTO MONTT,65 a 69,58
LOS LAGOS,PUERTO MONTT,70 a 74,45
LOS LAGOS,PUERTO MONTT,75 a 79,30
LOS LAGOS,PUERTO MONTT,80 a 84,17
LOS LAGOS,PUERTO MONTT,85 a 89,12
LOS LAGOS,PUERTO MONTT,90 a 94,5
LOS LAGOS,PUERTO MONTT,95 a 99,1
LOS LAGOS,PUERTO MONTT,100 o más,1
LOS LAGOS,CALBUCO,Total Comuna,294
LOS LAGOS,CALBUCO,0 a 4,6
LOS LAGOS,CALBUCO,5 a 9,4
LOS LAGOS,CALBUCO,10 a 14,5
LOS LAGOS,CALBUCO,15 a 19,17
LOS LAGOS,CALBUCO,20 a 24,30
LOS LAGOS,CALBUCO,25 a 29,41
LOS LAGOS,CALBUCO,30 a 34,30
LOS LAGOS,CALBUCO,35 a 39,41
LOS LAGOS,CALBUCO,40 a 44,42
LOS LAGOS,CALBUCO,45 a 49,27
LOS LAGOS,CALBUCO,50 a 54,13
LOS LAGOS,CALBUCO,55 a 59,21
LOS LAGOS,CALBUCO,60 a 64,9
LOS LAGOS,CALBUCO,65 a 69,5
LOS LAGOS,CALBUCO,70 a 74,1
LOS LAGOS,CALBUCO,75 a 79,1
LOS LAGOS,CALBUCO,80 a 84,0
LOS LAGOS,CALBUCO,85 a 89,0
LOS LAGOS,CALBUCO,90 a 94,0
LOS LAGOS,CALBUCO,95 a 99,1
LOS LAGOS,CALBUCO,100 o más,0
LOS LAGOS,COCHAMÓ,Total Comuna,81
LOS LAGOS,COCHAMÓ,0 a 4,3
LOS LAGOS,COCHAMÓ,5 a 9,1
LOS LAGOS,COCHAMÓ,10 a 14,3
LOS LAGOS,COCHAMÓ,15 a 19,0
LOS LAGOS,COCHAMÓ,20 a 24,10
LOS LAGOS,COCHAMÓ,25 a 29,3
LOS LAGOS,COCHAMÓ,30 a 34,9
LOS LAGOS,COCHAMÓ,35 a 39,7
LOS LAGOS,COCHAMÓ,40 a 44,10
LOS LAGOS,COCHAMÓ,45 a 49,3
LOS LAGOS,COCHAMÓ,50 a 54,5
LOS LAGOS,COCHAMÓ,55 a 59,4
LOS LAGOS,COCHAMÓ,60 a 64,5
LOS LAGOS,COCHAMÓ,65 a 69,2
LOS LAGOS,COCHAMÓ,70 a 74,4
LOS LAGOS,COCHAMÓ,75 a 79,4
LOS LAGOS,COCHAMÓ,80 a 84,4
LOS LAGOS,COCHAMÓ,85 a 89,1
LOS LAGOS,COCHAMÓ,90 a 94,3
LOS LAGOS,COCHAMÓ,95 a 99,0
LOS LAGOS,COCHAMÓ,100 o más,0
LOS LAGOS,FRESIA,Total Comuna,50
LOS LAGOS,FRESIA,0 a 4,4
LOS LAGOS,FRESIA,5 a 9,1
LOS LAGOS,FRESIA,10 a 14,3
LOS LAGOS,FRESIA,15 a 19,2
LOS LAGOS,FRESIA,20 a 24,5
LOS LAGOS,FRESIA,25 a 29,1
LOS LAGOS,FRESIA,30 a 34,4
LOS LAGOS,FRESIA,35 a 39,6
LOS LAGOS,FRESIA,40 a 44,2
LOS LAGOS,FRESIA,45 a 49,6
LOS LAGOS,FRESIA,50 a 54,5
LOS LAGOS,FRESIA,55 a 59,4
LOS LAGOS,FRESIA,60 a 64,1
LOS LAGOS,FRESIA,65 a 69,2
LOS LAGOS,FRESIA,70 a 74,0
LOS LAGOS,FRESIA,75 a 79,1
LOS LAGOS,FRESIA,80 a 84,3
LOS LAGOS,FRESIA,85 a 89,0
LOS LAGOS,FRESIA,90 a 94,0
LOS LAGOS,FRESIA,95 a 99,0
LOS LAGOS,FRESIA,100 o más,0
LOS LAGOS,FRUTILLAR,Total Comuna,187
LOS LAGOS,FRUTILLAR,0 a 4,1
LOS LAGOS,FRUTILLAR,5 a 9,8
LOS LAGOS,FRUTILLAR,10 a 14,15
LOS LAGOS,FRUTILLAR,15 a 19,5
LOS LAGOS,FRUTILLAR,20 a 24,15
LOS LAGOS,FRUTILLAR,25 a 29,20
LOS LAGOS,FRUTILLAR,30 a 34,26
LOS LAGOS,FRUTILLAR,35 a 39,22
LOS LAGOS,FRUTILLAR,40 a 44,18
LOS LAGOS,FRUTILLAR,45 a 49,12
LOS LAGOS,FRUTILLAR,50 a 54,5
LOS LAGOS,FRUTILLAR,55 a 59,7
LOS LAGOS,FRUTILLAR,60 a 64,10
LOS LAGOS,FRUTILLAR,65 a 69,6
LOS LAGOS,FRUTILLAR,70 a 74,5
LOS LAGOS,FRUTILLAR,75 a 79,5
LOS LAGOS,FRUTILLAR,80 a 84,2
LOS LAGOS,FRUTILLAR,85 a 89,3
LOS LAGOS,FRUTILLAR,90 a 94,2
LOS LAGOS,FRUTILLAR,95 a 99,0
LOS LAGOS,FRUTILLAR,100 o más,0
LOS LAGOS,LOS MUERMOS,Total Comuna,72
LOS LAGOS,LOS MUERMOS,0 a 4,0
LOS LAGOS,LOS MUERMOS,5 a 9,1
LOS LAGOS,LOS MUERMOS,10 a 14,1
LOS LAGOS,LOS MUERMOS,15 a 19,6
LOS LAGOS,LOS MUERMOS,20 a 24,9
LOS LAGOS,LOS MUERMOS,25 a 29,11
LOS LAGOS,LOS MUERMOS,30 a 34,15
LOS LAGOS,LOS MUERMOS,35 a 39,8
LOS LAGOS,LOS MUERMOS,40 a 44,6
LOS LAGOS,LOS MUERMOS,45 a 49,3
LOS LAGOS,LOS MUERMOS,50 a 54,2
LOS LAGOS,LOS MUERMOS,55 a 59,2
LOS LAGOS,LOS MUERMOS,60 a 64,3
LOS LAGOS,LOS MUERMOS,65 a 69,2
LOS LAGOS,LOS MUERMOS,70 a 74,1
LOS LAGOS,LOS MUERMOS,75 a 79,1
LOS LAGOS,LOS MUERMOS,80 a 84,1
LOS LAGOS,LOS MUERMOS,85 a 89,0
LOS LAGOS,LOS MUERMOS,90 a 94,0
LOS LAGOS,LOS MUERMOS,95 a 99,0
LOS LAGOS,LOS MUERMOS,100 o más,0
LOS LAGOS,LLANQUIHUE,Total Comuna,129
LOS LAGOS,LLANQUIHUE,0 a 4,4
LOS LAGOS,LLANQUIHUE,5 a 9,2
LOS LAGOS,LLANQUIHUE,10 a 14,4
LOS LAGOS,LLANQUIHUE,15 a 19,5
LOS LAGOS,LLANQUIHUE,20 a 24,15
LOS LAGOS,LLANQUIHUE,25 a 29,21
LOS LAGOS,LLANQUIHUE,30 a 34,13
LOS LAGOS,LLANQUIHUE,35 a 39,10
LOS LAGOS,LLANQUIHUE,40 a 44,13
LOS LAGOS,LLANQUIHUE,45 a 49,10
LOS LAGOS,LLANQUIHUE,50 a 54,7
LOS LAGOS,LLANQUIHUE,55 a 59,5
LOS LAGOS,LLANQUIHUE,60 a 64,4
LOS LAGOS,LLANQUIHUE,65 a 69,1
LOS LAGOS,LLANQUIHUE,70 a 74,5
LOS LAGOS,LLANQUIHUE,75 a 79,4
LOS LAGOS,LLANQUIHUE,80 a 84,3
LOS LAGOS,LLANQUIHUE,85 a 89,0
LOS LAGOS,LLANQUIHUE,90 a 94,3
LOS LAGOS,LLANQUIHUE,95 a 99,0
LOS LAGOS,LLANQUIHUE,100 o más,0
LOS LAGOS,MAULLÍN,Total Comuna,55
LOS LAGOS,MAULLÍN,0 a 4,0
LOS LAGOS,MAULLÍN,5 a 9,0
LOS LAGOS,MAULLÍN,10 a 14,2
LOS LAGOS,MAULLÍN,15 a 19,0
LOS LAGOS,MAULLÍN,20 a 24,5
LOS LAGOS,MAULLÍN,25 a 29,9
LOS LAGOS,MAULLÍN,30 a 34,1
LOS LAGOS,MAULLÍN,35 a 39,6
LOS LAGOS,MAULLÍN,40 a 44,5
LOS LAGOS,MAULLÍN,45 a 49,5
LOS LAGOS,MAULLÍN,50 a 54,4
LOS LAGOS,MAULLÍN,55 a 59,7
LOS LAGOS,MAULLÍN,60 a 64,3
LOS LAGOS,MAULLÍN,65 a 69,2
LOS LAGOS,MAULLÍN,70 a 74,5
LOS LAGOS,MAULLÍN,75 a 79,0
LOS LAGOS,MAULLÍN,80 a 84,0
LOS LAGOS,MAULLÍN,85 a 89,1
LOS LAGOS,MAULLÍN,90 a 94,0
LOS LAGOS,MAULLÍN,95 a 99,0
LOS LAGOS,MAULLÍN,100 o más,0
LOS LAGOS,PUERTO VARAS,Total Comuna,1017
LOS LAGOS,PUERTO VARAS,0 a 4,25
LOS LAGOS,PUERTO VARAS,5 a 9,41
LOS LAGOS,PUERTO VARAS,10 a 14,52
LOS LAGOS,PUERTO VARAS,15 a 19,28
LOS LAGOS,PUERTO VARAS,20 a 24,56
LOS LAGOS,PUERTO VARAS,25 a 29,145
LOS LAGOS,PUERTO VARAS,30 a 34,129
LOS LAGOS,PUERTO VARAS,35 a 39,154
LOS LAGOS,PUERTO VARAS,40 a 44,103
LOS LAGOS,PUERTO VARAS,45 a 49,63
LOS LAGOS,PUERTO VARAS,50 a 54,67
LOS LAGOS,PUERTO VARAS,55 a 59,40
LOS LAGOS,PUERTO VARAS,60 a 64,29
LOS LAGOS,PUERTO VARAS,65 a 69,26
LOS LAGOS,PUERTO VARAS,70 a 74,27
LOS LAGOS,PUERTO VARAS,75 a 79,8
LOS LAGOS,PUERTO VARAS,80 a 84,16
LOS LAGOS,PUERTO VARAS,85 a 89,5
LOS LAGOS,PUERTO VARAS,90 a 94,1
LOS LAGOS,PUERTO VARAS,95 a 99,2
LOS LAGOS,PUERTO VARAS,100 o más,0
LOS LAGOS,CASTRO,Total Comuna,722
LOS LAGOS,CASTRO,0 a 4,9
LOS LAGOS,CASTRO,5 a 9,15
LOS LAGOS,CASTRO,10 a 14,23
LOS LAGOS,CASTRO,15 a 19,49
LOS LAGOS,CASTRO,20 a 24,68
LOS LAGOS,CASTRO,25 a 29,114
LOS LAGOS,CASTRO,30 a 34,99
LOS LAGOS,CASTRO,35 a 39,86
LOS LAGOS,CASTRO,40 a 44,84
LOS LAGOS,CASTRO,45 a 49,58
LOS LAGOS,CASTRO,50 a 54,44
LOS LAGOS,CASTRO,55 a 59,30
LOS LAGOS,CASTRO,60 a 64,17
LOS LAGOS,CASTRO,65 a 69,8
LOS LAGOS,CASTRO,70 a 74,6
LOS LAGOS,CASTRO,75 a 79,9
LOS LAGOS,CASTRO,80 a 84,2
LOS LAGOS,CASTRO,85 a 89,0
LOS LAGOS,CASTRO,90 a 94,0
LOS LAGOS,CASTRO,95 a 99,1
LOS LAGOS,CASTRO,100 o más,0
LOS LAGOS,ANCUD,Total Comuna,406
LOS LAGOS,ANCUD,0 a 4,8
LOS LAGOS,ANCUD,5 a 9,12
LOS LAGOS,ANCUD,10 a 14,22
LOS LAGOS,ANCUD,15 a 19,26
LOS LAGOS,ANCUD,20 a 24,30
LOS LAGOS,ANCUD,25 a 29,42
LOS LAGOS,ANCUD,30 a 34,61
LOS LAGOS,ANCUD,35 a 39,53
LOS LAGOS,ANCUD,40 a 44,33
LOS LAGOS,ANCUD,45 a 49,33
LOS LAGOS,ANCUD,50 a 54,17
LOS LAGOS,ANCUD,55 a 59,22
LOS LAGOS,ANCUD,60 a 64,14
LOS LAGOS,ANCUD,65 a 69,13
LOS LAGOS,ANCUD,70 a 74,13
LOS LAGOS,ANCUD,75 a 79,2
LOS LAGOS,ANCUD,80 a 84,1
LOS LAGOS,ANCUD,85 a 89,2
LOS LAGOS,ANCUD,90 a 94,1
LOS LAGOS,ANCUD,95 a 99,0
LOS LAGOS,ANCUD,100 o más,1
LOS LAGOS,CHONCHI,Total Comuna,138
LOS LAGOS,CHONCHI,0 a 4,3
LOS LAGOS,CHONCHI,5 a 9,3
LOS LAGOS,CHONCHI,10 a 14,7
LOS LAGOS,CHONCHI,15 a 19,18
LOS LAGOS,CHONCHI,20 a 24,9
LOS LAGOS,CHONCHI,25 a 29,18
LOS LAGOS,CHONCHI,30 a 34,11
LOS LAGOS,CHONCHI,35 a 39,13
LOS LAGOS,CHONCHI,40 a 44,16
LOS LAGOS,CHONCHI,45 a 49,7
LOS LAGOS,CHONCHI,50 a 54,11
LOS LAGOS,CHONCHI,55 a 59,3
LOS LAGOS,CHONCHI,60 a 64,6
LOS LAGOS,CHONCHI,65 a 69,5
LOS LAGOS,CHONCHI,70 a 74,4
LOS LAGOS,CHONCHI,75 a 79,3
LOS LAGOS,CHONCHI,80 a 84,1
LOS LAGOS,CHONCHI,85 a 89,0
LOS LAGOS,CHONCHI,90 a 94,0
LOS LAGOS,CHONCHI,95 a 99,0
LOS LAGOS,CHONCHI,100 o más,0
LOS LAGOS,CURACO DE VÉLEZ,Total Comuna,28
LOS LAGOS,CURACO DE VÉLEZ,0 a 4,0
LOS LAGOS,CURACO DE VÉLEZ,5 a 9,1
LOS LAGOS,CURACO DE VÉLEZ,10 a 14,4
LOS LAGOS,CURACO DE VÉLEZ,15 a 19,2
LOS LAGOS,CURACO DE VÉLEZ,20 a 24,2
LOS LAGOS,CURACO DE VÉLEZ,25 a 29,4
LOS LAGOS,CURACO DE VÉLEZ,30 a 34,3
LOS LAGOS,CURACO DE VÉLEZ,35 a 39,4
LOS LAGOS,CURACO DE VÉLEZ,40 a 44,2
LOS LAGOS,CURACO DE VÉLEZ,45 a 49,3
LOS LAGOS,CURACO DE VÉLEZ,50 a 54,1
LOS LAGOS,CURACO DE VÉLEZ,55 a 59,0
LOS LAGOS,CURACO DE VÉLEZ,60 a 64,0
LOS LAGOS,CURACO DE VÉLEZ,65 a 69,2
LOS LAGOS,CURACO DE VÉLEZ,70 a 74,0
LOS LAGOS,CURACO DE VÉLEZ,75 a 79,0
LOS LAGOS,CURACO DE VÉLEZ,80 a 84,0
LOS LAGOS,CURACO DE VÉLEZ,85 a 89,0
LOS LAGOS,CURACO DE VÉLEZ,90 a 94,0
LOS LAGOS,CURACO DE VÉLEZ,95 a 99,0
LOS LAGOS,CURACO DE VÉLEZ,100 o más,0
LOS LAGOS,DALCAHUE,Total Comuna,127
LOS LAGOS,DALCAHUE,0 a 4,1
LOS LAGOS,DALCAHUE,5 a 9,3
LOS LAGOS,DALCAHUE,10 a 14,4
LOS LAGOS,DALCAHUE,15 a 19,8
LOS LAGOS,DALCAHUE,20 a 24,9
LOS LAGOS,DALCAHUE,25 a 29,19
LOS LAGOS,DALCAHUE,30 a 34,16
LOS LAGOS,DALCAHUE,35 a 39,19
LOS LAGOS,DALCAHUE,40 a 44,16
LOS LAGOS,DALCAHUE,45 a 49,10
LOS LAGOS,DALCAHUE,50 a 54,10
LOS LAGOS,DALCAHUE,55 a 59,7
LOS LAGOS,DALCAHUE,60 a 64,4
LOS LAGOS,DALCAHUE,65 a 69,1
LOS LAGOS,DALCAHUE,70 a 74,0
LOS LAGOS,DALCAHUE,75 a 79,0
LOS LAGOS,DALCAHUE,80 a 84,0
LOS LAGOS,DALCAHUE,85 a 89,0
LOS LAGOS,DALCAHUE,90 a 94,0
LOS LAGOS,DALCAHUE,95 a 99,0
LOS LAGOS,DALCAHUE,100 o más,0
LOS LAGOS,PUQUELDÓN,Total Comuna,25
LOS LAGOS,PUQUELDÓN,0 a 4,1
LOS LAGOS,PUQUELDÓN,5 a 9,1
LOS LAGOS,PUQUELDÓN,10 a 14,0
LOS LAGOS,PUQUELDÓN,15 a 19,2
LOS LAGOS,PUQUELDÓN,20 a 24,2
LOS LAGOS,PUQUELDÓN,25 a 29,2
LOS LAGOS,PUQUELDÓN,30 a 34,3
LOS LAGOS,PUQUELDÓN,35 a 39,1
LOS LAGOS,PUQUELDÓN,40 a 44,5
LOS LAGOS,PUQUELDÓN,45 a 49,1
LOS LAGOS,PUQUELDÓN,50 a 54,1
LOS LAGOS,PUQUELDÓN,55 a 59,2
LOS LAGOS,PUQUELDÓN,60 a 64,3
LOS LAGOS,PUQUELDÓN,65 a 69,0
LOS LAGOS,PUQUELDÓN,70 a 74,0
LOS LAGOS,PUQUELDÓN,75 a 79,0
LOS LAGOS,PUQUELDÓN,80 a 84,0
LOS LAGOS,PUQUELDÓN,85 a 89,1
LOS LAGOS,PUQUELDÓN,90 a 94,0
LOS LAGOS,PUQUELDÓN,95 a 99,0
LOS LAGOS,PUQUELDÓN,100 o más,0
LOS LAGOS,QUEILÉN,Total Comuna,37
LOS LAGOS,QUEILÉN,0 a 4,0
LOS LAGOS,QUEILÉN,5 a 9,0
LOS LAGOS,QUEILÉN,10 a 14,2
LOS LAGOS,QUEILÉN,15 a 19,3
LOS LAGOS,QUEILÉN,20 a 24,2
LOS LAGOS,QUEILÉN,25 a 29,3
LOS LAGOS,QUEILÉN,30 a 34,2
LOS LAGOS,QUEILÉN,35 a 39,7
LOS LAGOS,QUEILÉN,40 a 44,9
LOS LAGOS,QUEILÉN,45 a 49,1
LOS LAGOS,QUEILÉN,50 a 54,2
LOS LAGOS,QUEILÉN,55 a 59,0
LOS LAGOS,QUEILÉN,60 a 64,1
LOS LAGOS,QUEILÉN,65 a 69,0
LOS LAGOS,QUEILÉN,70 a 74,0
LOS LAGOS,QUEILÉN,75 a 79,0
LOS LAGOS,QUEILÉN,80 a 84,2
LOS LAGOS,QUEILÉN,85 a 89,1
LOS LAGOS,QUEILÉN,90 a 94,2
LOS LAGOS,QUEILÉN,95 a 99,0
LOS LAGOS,QUEILÉN,100 o más,0
LOS LAGOS,QUELLÓN,Total Comuna,430
LOS LAGOS,QUELLÓN,0 a 4,8
LOS LAGOS,QUELLÓN,5 a 9,24
LOS LAGOS,QUELLÓN,10 a 14,17
LOS LAGOS,QUELLÓN,15 a 19,22
LOS LAGOS,QUELLÓN,20 a 24,38
LOS LAGOS,QUELLÓN,25 a 29,64
LOS LAGOS,QUELLÓN,30 a 34,70
LOS LAGOS,QUELLÓN,35 a 39,63
LOS LAGOS,QUELLÓN,40 a 44,38
LOS LAGOS,QUELLÓN,45 a 49,28
LOS LAGOS,QUELLÓN,50 a 54,23
LOS LAGOS,QUELLÓN,55 a 59,14
LOS LAGOS,QUELLÓN,60 a 64,9
LOS LAGOS,QUELLÓN,65 a 69,5
LOS LAGOS,QUELLÓN,70 a 74,2
LOS LAGOS,QUELLÓN,75 a 79,1
LOS LAGOS,QUELLÓN,80 a 84,3
LOS LAGOS,QUELLÓN,85 a 89,1
LOS LAGOS,QUELLÓN,90 a 94,0
LOS LAGOS,QUELLÓN,95 a 99,0
LOS LAGOS,QUELLÓN,100 o más,0
LOS LAGOS,QUEMCHI,Total Comuna,72
LOS LAGOS,QUEMCHI,0 a 4,2
LOS LAGOS,QUEMCHI,5 a 9,3
LOS LAGOS,QUEMCHI,10 a 14,1
LOS LAGOS,QUEMCHI,15 a 19,2
LOS LAGOS,QUEMCHI,20 a 24,2
LOS LAGOS,QUEMCHI,25 a 29,7
LOS LAGOS,QUEMCHI,30 a 34,7
LOS LAGOS,QUEMCHI,35 a 39,7
LOS LAGOS,QUEMCHI,40 a 44,13
LOS LAGOS,QUEMCHI,45 a 49,5
LOS LAGOS,QUEMCHI,50 a 54,4
LOS LAGOS,QUEMCHI,55 a 59,8
LOS LAGOS,QUEMCHI,60 a 64,4
LOS LAGOS,QUEMCHI,65 a 69,2
LOS LAGOS,QUEMCHI,70 a 74,3
LOS LAGOS,QUEMCHI,75 a 79,0
LOS LAGOS,QUEMCHI,80 a 84,0
LOS LAGOS,QUEMCHI,85 a 89,2
LOS LAGOS,QUEMCHI,90 a 94,0
LOS LAGOS,QUEMCHI,95 a 99,0
LOS LAGOS,QUEMCHI,100 o más,0
LOS LAGOS,QUINCHAO,Total Comuna,55
LOS LAGOS,QUINCHAO,0 a 4,0
LOS LAGOS,QUINCHAO,5 a 9,1
LOS LAGOS,QUINCHAO,10 a 14,1
LOS LAGOS,QUINCHAO,15 a 19,1
LOS LAGOS,QUINCHAO,20 a 24,7
LOS LAGOS,QUINCHAO,25 a 29,7
LOS LAGOS,QUINCHAO,30 a 34,9
LOS LAGOS,QUINCHAO,35 a 39,11
LOS LAGOS,QUINCHAO,40 a 44,3
LOS LAGOS,QUINCHAO,45 a 49,5
LOS LAGOS,QUINCHAO,50 a 54,3
LOS LAGOS,QUINCHAO,55 a 59,5
LOS LAGOS,QUINCHAO,60 a 64,2
LOS LAGOS,QUINCHAO,65 a 69,0
LOS LAGOS,QUINCHAO,70 a 74,0
LOS LAGOS,QUINCHAO,75 a 79,0
LOS LAGOS,QUINCHAO,80 a 84,0
LOS LAGOS,QUINCHAO,85 a 89,0
LOS LAGOS,QUINCHAO,90 a 94,0
LOS LAGOS,QUINCHAO,95 a 99,0
LOS LAGOS,QUINCHAO,100 o más,0
LOS LAGOS,OSORNO,Total Comuna,1697
LOS LAGOS,OSORNO,0 a 4,36
LOS LAGOS,OSORNO,5 a 9,57
LOS LAGOS,OSORNO,10 a 14,72
LOS LAGOS,OSORNO,15 a 19,94
LOS LAGOS,OSORNO,20 a 24,180
LOS LAGOS,OSORNO,25 a 29,283
LOS LAGOS,OSORNO,30 a 34,262
LOS LAGOS,OSORNO,35 a 39,185
LOS LAGOS,OSORNO,40 a 44,134
LOS LAGOS,OSORNO,45 a 49,87
LOS LAGOS,OSORNO,50 a 54,79
LOS LAGOS,OSORNO,55 a 59,58
LOS LAGOS,OSORNO,60 a 64,34
LOS LAGOS,OSORNO,65 a 69,31
LOS LAGOS,OSORNO,70 a 74,29
LOS LAGOS,OSORNO,75 a 79,31
LOS LAGOS,OSORNO,80 a 84,16
LOS LAGOS,OSORNO,85 a 89,13
LOS LAGOS,OSORNO,90 a 94,14
LOS LAGOS,OSORNO,95 a 99,2
LOS LAGOS,OSORNO,100 o más,0
LOS LAGOS,PUERTO OCTAY,Total Comuna,99
LOS LAGOS,PUERTO OCTAY,0 a 4,6
LOS LAGOS,PUERTO OCTAY,5 a 9,8
LOS LAGOS,PUERTO OCTAY,10 a 14,4
LOS LAGOS,PUERTO OCTAY,15 a 19,12
LOS LAGOS,PUERTO OCTAY,20 a 24,6
LOS LAGOS,PUERTO OCTAY,25 a 29,11
LOS LAGOS,PUERTO OCTAY,30 a 34,11
LOS LAGOS,PUERTO OCTAY,35 a 39,6
LOS LAGOS,PUERTO OCTAY,40 a 44,6
LOS LAGOS,PUERTO OCTAY,45 a 49,8
LOS LAGOS,PUERTO OCTAY,50 a 54,7
LOS LAGOS,PUERTO OCTAY,55 a 59,3
LOS LAGOS,PUERTO OCTAY,60 a 64,1
LOS LAGOS,PUERTO OCTAY,65 a 69,0
LOS LAGOS,PUERTO OCTAY,70 a 74,1
LOS LAGOS,PUERTO OCTAY,75 a 79,5
LOS LAGOS,PUERTO OCTAY,80 a 84,3
LOS LAGOS,PUERTO OCTAY,85 a 89,0
LOS LAGOS,PUERTO OCTAY,90 a 94,1
LOS LAGOS,PUERTO OCTAY,95 a 99,0
LOS LAGOS,PUERTO OCTAY,100 o más,0
LOS LAGOS,PURRANQUE,Total Comuna,145
LOS LAGOS,PURRANQUE,0 a 4,3
LOS LAGOS,PURRANQUE,5 a 9,3
LOS LAGOS,PURRANQUE,10 a 14,6
LOS LAGOS,PURRANQUE,15 a 19,10
LOS LAGOS,PURRANQUE,20 a 24,14
LOS LAGOS,PURRANQUE,25 a 29,26
LOS LAGOS,PURRANQUE,30 a 34,21
LOS LAGOS,PURRANQUE,35 a 39,13
LOS LAGOS,PURRANQUE,40 a 44,8
LOS LAGOS,PURRANQUE,45 a 49,13
LOS LAGOS,PURRANQUE,50 a 54,4
LOS LAGOS,PURRANQUE,55 a 59,4
LOS LAGOS,PURRANQUE,60 a 64,7
LOS LAGOS,PURRANQUE,65 a 69,5
LOS LAGOS,PURRANQUE,70 a 74,2
LOS LAGOS,PURRANQUE,75 a 79,3
LOS LAGOS,PURRANQUE,80 a 84,1
LOS LAGOS,PURRANQUE,85 a 89,1
LOS LAGOS,PURRANQUE,90 a 94,1
LOS LAGOS,PURRANQUE,95 a 99,0
LOS LAGOS,PURRANQUE,100 o más,0
LOS LAGOS,PUYEHUE,Total Comuna,89
LOS LAGOS,PUYEHUE,0 a 4,2
LOS LAGOS,PUYEHUE,5 a 9,2
LOS LAGOS,PUYEHUE,10 a 14,4
LOS LAGOS,PUYEHUE,15 a 19,6
LOS LAGOS,PUYEHUE,20 a 24,16
LOS LAGOS,PUYEHUE,25 a 29,9
LOS LAGOS,PUYEHUE,30 a 34,13
LOS LAGOS,PUYEHUE,35 a 39,4
LOS LAGOS,PUYEHUE,40 a 44,3
LOS LAGOS,PUYEHUE,45 a 49,7
LOS LAGOS,PUYEHUE,50 a 54,3
LOS LAGOS,PUYEHUE,55 a 59,7
LOS LAGOS,PUYEHUE,60 a 64,1
LOS LAGOS,PUYEHUE,65 a 69,6
LOS LAGOS,PUYEHUE,70 a 74,4
LOS LAGOS,PUYEHUE,75 a 79,1
LOS LAGOS,PUYEHUE,80 a 84,0
LOS LAGOS,PUYEHUE,85 a 89,1
LOS LAGOS,PUYEHUE,90 a 94,0
LOS LAGOS,PUYEHUE,95 a 99,0
LOS LAGOS,PUYEHUE,100 o más,0
LOS LAGOS,RÍO NEGRO,Total Comuna,61
LOS LAGOS,RÍO NEGRO,0 a 4,1
LOS LAGOS,RÍO NEGRO,5 a 9,3
LOS LAGOS,RÍO NEGRO,10 a 14,3
LOS LAGOS,RÍO NEGRO,15 a 19,7
LOS LAGOS,RÍO NEGRO,20 a 24,8
LOS LAGOS,RÍO NEGRO,25 a 29,6
LOS LAGOS,RÍO NEGRO,30 a 34,8
LOS LAGOS,RÍO NEGRO,35 a 39,4
LOS LAGOS,RÍO NEGRO,40 a 44,0
LOS LAGOS,RÍO NEGRO,45 a 49,7
LOS LAGOS,RÍO NEGRO,50 a 54,3
LOS LAGOS,RÍO NEGRO,55 a 59,3
LOS LAGOS,RÍO NEGRO,60 a 64,1
LOS LAGOS,RÍO NEGRO,65 a 69,3
LOS LAGOS,RÍO NEGRO,70 a 74,1
LOS LAGOS,RÍO NEGRO,75 a 79,2
LOS LAGOS,RÍO NEGRO,80 a 84,0
LOS LAGOS,RÍO NEGRO,85 a 89,1
LOS LAGOS,RÍO NEGRO,90 a 94,0
LOS LAGOS,RÍO NEGRO,95 a 99,0
LOS LAGOS,RÍO NEGRO,100 o más,0
LOS LAGOS,SAN JUAN DE LA COSTA,Total Comuna,23
LOS LAGOS,SAN JUAN DE LA COSTA,0 a 4,1
LOS LAGOS,SAN JUAN DE LA COSTA,5 a 9,0
LOS LAGOS,SAN JUAN DE LA COSTA,10 a 14,0
LOS LAGOS,SAN JUAN DE LA COSTA,15 a 19,0
LOS LAGOS,SAN JUAN DE LA COSTA,20 a 24,3
LOS LAGOS,SAN JUAN DE LA COSTA,25 a 29,3
LOS LAGOS,SAN JUAN DE LA COSTA,30 a 34,4
LOS LAGOS,SAN JUAN DE LA COSTA,35 a 39,1
LOS LAGOS,SAN JUAN DE LA COSTA,40 a 44,1
LOS LAGOS,SAN JUAN DE LA COSTA,45 a 49,2
LOS LAGOS,SAN JUAN DE LA COSTA,50 a 54,1
LOS LAGOS,SAN JUAN DE LA COSTA,55 a 59,1
LOS LAGOS,SAN JUAN DE LA COSTA,60 a 64,1
LOS LAGOS,SAN JUAN DE LA COSTA,65 a 69,1
LOS LAGOS,SAN JUAN DE LA COSTA,70 a 74,1
LOS LAGOS,SAN JUAN DE LA COSTA,75 a 79,1
LOS LAGOS,SAN JUAN DE LA COSTA,80 a 84,1
LOS LAGOS,SAN JUAN DE LA COSTA,85 a 89,1
LOS LAGOS,SAN JUAN DE LA COSTA,90 a 94,0
LOS LAGOS,SAN JUAN DE LA COSTA,95 a 99,0
LOS LAGOS,SAN JUAN DE LA COSTA,100 o más,0
LOS LAGOS,SAN PABLO,Total Comuna,70
LOS LAGOS,SAN PABLO,0 a 4,3
LOS LAGOS,SAN PABLO,5 a 9,5
LOS LAGOS,SAN PABLO,10 a 14,0
LOS LAGOS,SAN PABLO,15 a 19,5
LOS LAGOS,SAN PABLO,20 a 24,9
LOS LAGOS,SAN PABLO,25 a 29,11
LOS LAGOS,SAN PABLO,30 a 34,7
LOS LAGOS,SAN PABLO,35 a 39,7
LOS LAGOS,SAN PABLO,40 a 44,1
LOS LAGOS,SAN PABLO,45 a 49,2
LOS LAGOS,SAN PABLO,50 a 54,2
LOS LAGOS,SAN PABLO,55 a 59,2
LOS LAGOS,SAN PABLO,60 a 64,10
LOS LAGOS,SAN PABLO,65 a 69,1
LOS LAGOS,SAN PABLO,70 a 74,2
LOS LAGOS,SAN PABLO,75 a 79,1
LOS LAGOS,SAN PABLO,80 a 84,1
LOS LAGOS,SAN PABLO,85 a 89,0
LOS LAGOS,SAN PABLO,90 a 94,1
LOS LAGOS,SAN PABLO,95 a 99,0
LOS LAGOS,SAN PABLO,100 o más,0
LOS LAGOS,CHAITÉN,Total Comuna,54
LOS LAGOS,CHAITÉN,0 a 4,1
LOS LAGOS,CHAITÉN,5 a 9,1
LOS LAGOS,CHAITÉN,10 a 14,1
LOS LAGOS,CHAITÉN,15 a 19,5
LOS LAGOS,CHAITÉN,20 a 24,5
LOS LAGOS,CHAITÉN,25 a 29,4
LOS LAGOS,CHAITÉN,30 a 34,8
LOS LAGOS,CHAITÉN,35 a 39,8
LOS LAGOS,CHAITÉN,40 a 44,5
LOS LAGOS,CHAITÉN,45 a 49,3
LOS LAGOS,CHAITÉN,50 a 54,2
LOS LAGOS,CHAITÉN,55 a 59,4
LOS LAGOS,CHAITÉN,60 a 64,1
LOS LAGOS,CHAITÉN,65 a 69,2
LOS LAGOS,CHAITÉN,70 a 74,1
LOS LAGOS,CHAITÉN,75 a 79,1
LOS LAGOS,CHAITÉN,80 a 84,2
LOS LAGOS,CHAITÉN,85 a 89,0
LOS LAGOS,CHAITÉN,90 a 94,0
LOS LAGOS,CHAITÉN,95 a 99,0
LOS LAGOS,CHAITÉN,100 o más,0
LOS LAGOS,FUTALEUFÚ,Total Comuna,165
LOS LAGOS,FUTALEUFÚ,0 a 4,6
LOS LAGOS,FUTALEUFÚ,5 a 9,8
LOS LAGOS,FUTALEUFÚ,10 a 14,5
LOS LAGOS,FUTALEUFÚ,15 a 19,15
LOS LAGOS,FUTALEUFÚ,20 a 24,18
LOS LAGOS,FUTALEUFÚ,25 a 29,22
LOS LAGOS,FUTALEUFÚ,30 a 34,20
LOS LAGOS,FUTALEUFÚ,35 a 39,15
LOS LAGOS,FUTALEUFÚ,40 a 44,10
LOS LAGOS,FUTALEUFÚ,45 a 49,6
LOS LAGOS,FUTALEUFÚ,50 a 54,10
LOS LAGOS,FUTALEUFÚ,55 a 59,7
LOS LAGOS,FUTALEUFÚ,60 a 64,5
LOS LAGOS,FUTALEUFÚ,65 a 69,2
LOS LAGOS,FUTALEUFÚ,70 a 74,1
LOS LAGOS,FUTALEUFÚ,75 a 79,5
LOS LAGOS,FUTALEUFÚ,80 a 84,3
LOS LAGOS,FUTALEUFÚ,85 a 89,5
LOS LAGOS,FUTALEUFÚ,90 a 94,2
LOS LAGOS,FUTALEUFÚ,95 a 99,0
LOS LAGOS,FUTALEUFÚ,100 o más,0
LOS LAGOS,HUALAIHUÉ,Total Comuna,39
LOS LAGOS,HUALAIHUÉ,0 a 4,2
LOS LAGOS,HUALAIHUÉ,5 a 9,0
LOS LAGOS,HUALAIHUÉ,10 a 14,1
LOS LAGOS,HUALAIHUÉ,15 a 19,3
LOS LAGOS,HUALAIHUÉ,20 a 24,2
LOS LAGOS,HUALAIHUÉ,25 a 29,5
LOS LAGOS,HUALAIHUÉ,30 a 34,8
LOS LAGOS,HUALAIHUÉ,35 a 39,5
LOS LAGOS,HUALAIHUÉ,40 a 44,2
LOS LAGOS,HUALAIHUÉ,45 a 49,2
LOS LAGOS,HUALAIHUÉ,50 a 54,2
LOS LAGOS,HUALAIHUÉ,55 a 59,2
LOS LAGOS,HUALAIHUÉ,60 a 64,2
LOS LAGOS,HUALAIHUÉ,65 a 69,2
LOS LAGOS,HUALAIHUÉ,70 a 74,0
LOS LAGOS,HUALAIHUÉ,75 a 79,0
LOS LAGOS,HUALAIHUÉ,80 a 84,1
LOS LAGOS,HUALAIHUÉ,85 a 89,0
LOS LAGOS,HUALAIHUÉ,90 a 94,0
LOS LAGOS,HUALAIHUÉ,95 a 99,0
LOS LAGOS,HUALAIHUÉ,100 o más,0
LOS LAGOS,PALENA,Total Comuna,61
LOS LAGOS,PALENA,0 a 4,1
LOS LAGOS,PALENA,5 a 9,2
LOS LAGOS,PALENA,10 a 14,2
LOS LAGOS,PALENA,15 a 19,9
LOS LAGOS,PALENA,20 a 24,2
LOS LAGOS,PALENA,25 a 29,4
LOS LAGOS,PALENA,30 a 34,5
LOS LAGOS,PALENA,35 a 39,6
LOS LAGOS,PALENA,40 a 44,8
LOS LAGOS,PALENA,45 a 49,2
LOS LAGOS,PALENA,50 a 54,1
LOS LAGOS,PALENA,55 a 59,3
LOS LAGOS,PALENA,60 a 64,3
LOS LAGOS,PALENA,65 a 69,2
LOS LAGOS,PALENA,70 a 74,1
LOS LAGOS,PALENA,75 a 79,1
LOS LAGOS,PALENA,80 a 84,5
LOS LAGOS,PALENA,85 a 89,1
LOS LAGOS,PALENA,90 a 94,1
LOS LAGOS,PALENA,95 a 99,2
LOS LAGOS,PALENA,100 o más,0
AYSÉN DEL GENERAL CARLOS IBÁÑEZ DEL CAMPO,COYHAIQUE,Total Comuna,1308
AYSÉN DEL GENERAL CARLOS IBÁÑEZ DEL CAMPO,COYHAIQUE,0 a 4,35
AYSÉN DEL GENERAL CARLOS IBÁÑEZ DEL CAMPO,COYHAIQUE,5 a 9,49
AYSÉN DEL GENERAL CARLOS IBÁÑEZ DEL CAMPO,COYHAIQUE,10 a 14,61
AYSÉN DEL GENERAL CARLOS IBÁÑEZ DEL CAMPO,COYHAIQUE,15 a 19,78
AYSÉN DEL GENERAL CARLOS IBÁÑEZ DEL CAMPO,COYHAIQUE,20 a 24,105
AYSÉN DEL GENERAL CARLOS IBÁÑEZ DEL CAMPO,COYHAIQUE,25 a 29,192
AYSÉN DEL GENERAL CARLOS IBÁÑEZ DEL CAMPO,COYHAIQUE,30 a 34,169
AYSÉN DEL GENERAL CARLOS IBÁÑEZ DEL CAMPO,COYHAIQUE,35 a 39,151
AYSÉN DEL GENERAL CARLOS IBÁÑEZ DEL CAMPO,COYHAIQUE,40 a 44,116
AYSÉN DEL GENERAL CARLOS IBÁÑEZ DEL CAMPO,COYHAIQUE,45 a 49,77
AYSÉN DEL GENERAL CARLOS IBÁÑEZ DEL CAMPO,COYHAIQUE,50 a 54,83
AYSÉN DEL GENERAL CARLOS IBÁÑEZ DEL CAMPO,COYHAIQUE,55 a 59,69
AYSÉN DEL GENERAL CARLOS IBÁÑEZ DEL CAMPO,COYHAIQUE,60 a 64,36
AYSÉN DEL GENERAL CARLOS IBÁÑEZ DEL CAMPO,COYHAIQUE,65 a 69,15
AYSÉN DEL GENERAL CARLOS IBÁÑEZ DEL CAMPO,COYHAIQUE,70 a 74,13
AYSÉN DEL GENERAL CARLOS IBÁÑEZ DEL CAMPO,COYHAIQUE,75 a 79,22
AYSÉN DEL GENERAL CARLOS IBÁÑEZ DEL CAMPO,COYHAIQUE,80 a 84,10
AYSÉN DEL GENERAL CARLOS IBÁÑEZ DEL CAMPO,COYHAIQUE,85 a 89,16
AYSÉN DEL GENERAL CARLOS IBÁÑEZ DEL CAMPO,COYHAIQUE,90 a 94,6
AYSÉN DEL GENERAL CARLOS IBÁÑEZ DEL CAMPO,COYHAIQUE,95 a 99,0
AYSÉN DEL GENERAL CARLOS IBÁÑEZ DEL CAMPO,COYHAIQUE,100 o más,5
AYSÉN DEL GENERAL CARLOS IBÁÑEZ DEL CAMPO,LAGO VERDE,Total Comuna,26
AYSÉN DEL GENERAL CARLOS IBÁÑEZ DEL CAMPO,LAGO VERDE,0 a 4,0
AYSÉN DEL GENERAL CARLOS IBÁÑEZ DEL CAMPO,LAGO VERDE,5 a 9,0
AYSÉN DEL GENERAL CARLOS IBÁÑEZ DEL CAMPO,LAGO VERDE,10 a 14,1
AYSÉN DEL GENERAL CARLOS IBÁÑEZ DEL CAMPO,LAGO VERDE,15 a 19,0
AYSÉN DEL GENERAL CARLOS IBÁÑEZ DEL CAMPO,LAGO VERDE,20 a 24,1
AYSÉN DEL GENERAL CARLOS IBÁÑEZ DEL CAMPO,LAGO VERDE,25 a 29,4
AYSÉN DEL GENERAL CARLOS IBÁÑEZ DEL CAMPO,LAGO VERDE,30 a 34,0
AYSÉN DEL GENERAL CARLOS IBÁÑEZ DEL CAMPO,LAGO VERDE,35 a 39,2
AYSÉN DEL GENERAL CARLOS IBÁÑEZ DEL CAMPO,LAGO VERDE,40 a 44,2
AYSÉN DEL GENERAL CARLOS IBÁÑEZ DEL CAMPO,LAGO VERDE,45 a 49,1
AYSÉN DEL GENERAL CARLOS IBÁÑEZ DEL CAMPO,LAGO VERDE,50 a 54,0
AYSÉN DEL GENERAL CARLOS IBÁÑEZ DEL CAMPO,LAGO VERDE,55 a 59,3
AYSÉN DEL GENERAL CARLOS IBÁÑEZ DEL CAMPO,LAGO VERDE,60 a 64,2
AYSÉN DEL GENERAL CARLOS IBÁÑEZ DEL CAMPO,LAGO VERDE,65 a 69,1
AYSÉN DEL GENERAL CARLOS IBÁÑEZ DEL CAMPO,LAGO VERDE,70 a 74,5
AYSÉN DEL GENERAL CARLOS IBÁÑEZ DEL CAMPO,LAGO VERDE,75 a 79,0
AYSÉN DEL GENERAL CARLOS IBÁÑEZ DEL CAMPO,LAGO VERDE,80 a 84,2
AYSÉN DEL GENERAL CARLOS IBÁÑEZ DEL CAMPO,LAGO VERDE,85 a 89,1
AYSÉN DEL GENERAL CARLOS IBÁÑEZ DEL CAMPO,LAGO VERDE,90 a 94,1
AYSÉN DEL GENERAL CARLOS IBÁÑEZ DEL CAMPO,LAGO VERDE,95 a 99,0
AYSÉN DEL GENERAL CARLOS IBÁÑEZ DEL CAMPO,LAGO VERDE,100 o más,0
AYSÉN DEL GENERAL CARLOS IBÁÑEZ DEL CAMPO,AYSÉN,Total Comuna,368
AYSÉN DEL GENERAL CARLOS IBÁÑEZ DEL CAMPO,AYSÉN,0 a 4,5
AYSÉN DEL GENERAL CARLOS IBÁÑEZ DEL CAMPO,AYSÉN,5 a 9,12
AYSÉN DEL GENERAL CARLOS IBÁÑEZ DEL CAMPO,AYSÉN,10 a 14,26
AYSÉN DEL GENERAL CARLOS IBÁÑEZ DEL CAMPO,AYSÉN,15 a 19,25
AYSÉN DEL GENERAL CARLOS IBÁÑEZ DEL CAMPO,AYSÉN,20 a 24,33
AYSÉN DEL GENERAL CARLOS IBÁÑEZ DEL CAMPO,AYSÉN,25 a 29,55
AYSÉN DEL GENERAL CARLOS IBÁÑEZ DEL CAMPO,AYSÉN,30 a 34,51
AYSÉN DEL GENERAL CARLOS IBÁÑEZ DEL CAMPO,AYSÉN,35 a 39,38
AYSÉN DEL GENERAL CARLOS IBÁÑEZ DEL CAMPO,AYSÉN,40 a 44,37
AYSÉN DEL GENERAL CARLOS IBÁÑEZ DEL CAMPO,AYSÉN,45 a 49,27
AYSÉN DEL GENERAL CARLOS IBÁÑEZ DEL CAMPO,AYSÉN,50 a 54,14
AYSÉN DEL GENERAL CARLOS IBÁÑEZ DEL CAMPO,AYSÉN,55 a 59,12
AYSÉN DEL GENERAL CARLOS IBÁÑEZ DEL CAMPO,AYSÉN,60 a 64,8
AYSÉN DEL GENERAL CARLOS IBÁÑEZ DEL CAMPO,AYSÉN,65 a 69,5
AYSÉN DEL GENERAL CARLOS IBÁÑEZ DEL CAMPO,AYSÉN,70 a 74,2
AYSÉN DEL GENERAL CARLOS IBÁÑEZ DEL CAMPO,AYSÉN,75 a 79,5
AYSÉN DEL GENERAL CARLOS IBÁÑEZ DEL CAMPO,AYSÉN,80 a 84,8
AYSÉN DEL GENERAL CARLOS IBÁÑEZ DEL CAMPO,AYSÉN,85 a 89,3
AYSÉN DEL GENERAL CARLOS IBÁÑEZ DEL CAMPO,AYSÉN,90 a 94,2
AYSÉN DEL GENERAL CARLOS IBÁÑEZ DEL CAMPO,AYSÉN,95 a 99,0
AYSÉN DEL GENERAL CARLOS IBÁÑEZ DEL CAMPO,AYSÉN,100 o más,0
AYSÉN DEL GENERAL CARLOS IBÁÑEZ DEL CAMPO,CISNES,Total Comuna,77
AYSÉN DEL GENERAL CARLOS IBÁÑEZ DEL CAMPO,CISNES,0 a 4,5
AYSÉN DEL GENERAL CARLOS IBÁÑEZ DEL CAMPO,CISNES,5 a 9,1
AYSÉN DEL GENERAL CARLOS IBÁÑEZ DEL CAMPO,CISNES,10 a 14,2
AYSÉN DEL GENERAL CARLOS IBÁÑEZ DEL CAMPO,CISNES,15 a 19,1
AYSÉN DEL GENERAL CARLOS IBÁÑEZ DEL CAMPO,CISNES,20 a 24,7
AYSÉN DEL GENERAL CARLOS IBÁÑEZ DEL CAMPO,CISNES,25 a 29,12
AYSÉN DEL GENERAL CARLOS IBÁÑEZ DEL CAMPO,CISNES,30 a 34,6
AYSÉN DEL GENERAL CARLOS IBÁÑEZ DEL CAMPO,CISNES,35 a 39,7
AYSÉN DEL GENERAL CARLOS IBÁÑEZ DEL CAMPO,CISNES,40 a 44,9
AYSÉN DEL GENERAL CARLOS IBÁÑEZ DEL CAMPO,CISNES,45 a 49,1
AYSÉN DEL GENERAL CARLOS IBÁÑEZ DEL CAMPO,CISNES,50 a 54,6
AYSÉN DEL GENERAL CARLOS IBÁÑEZ DEL CAMPO,CISNES,55 a 59,4
AYSÉN DEL GENERAL CARLOS IBÁÑEZ DEL CAMPO,CISNES,60 a 64,2
AYSÉN DEL GENERAL CARLOS IBÁÑEZ DEL CAMPO,CISNES,65 a 69,5
AYSÉN DEL GENERAL CARLOS IBÁÑEZ DEL CAMPO,CISNES,70 a 74,1
AYSÉN DEL GENERAL CARLOS IBÁÑEZ DEL CAMPO,CISNES,75 a 79,1
AYSÉN DEL GENERAL CARLOS IBÁÑEZ DEL CAMPO,CISNES,80 a 84,5
AYSÉN DEL GENERAL CARLOS IBÁÑEZ DEL CAMPO,CISNES,85 a 89,1
AYSÉN DEL GENERAL CARLOS IBÁÑEZ DEL CAMPO,CISNES,90 a 94,0
AYSÉN DEL GENERAL CARLOS IBÁÑEZ DEL CAMPO,CISNES,95 a 99,1
AYSÉN DEL GENERAL CARLOS IBÁÑEZ DEL CAMPO,CISNES,100 o más,0
AYSÉN DEL GENERAL CARLOS IBÁÑEZ DEL CAMPO,GUAITECAS,Total Comuna,16
AYSÉN DEL GENERAL CARLOS IBÁÑEZ DEL CAMPO,GUAITECAS,0 a 4,1
AYSÉN DEL GENERAL CARLOS IBÁÑEZ DEL CAMPO,GUAITECAS,5 a 9,0
AYSÉN DEL GENERAL CARLOS IBÁÑEZ DEL CAMPO,GUAITECAS,10 a 14,0
AYSÉN DEL GENERAL CARLOS IBÁÑEZ DEL CAMPO,GUAITECAS,15 a 19,1
AYSÉN DEL GENERAL CARLOS IBÁÑEZ DEL CAMPO,GUAITECAS,20 a 24,6
AYSÉN DEL GENERAL CARLOS IBÁÑEZ DEL CAMPO,GUAITECAS,25 a 29,1
AYSÉN DEL GENERAL CARLOS IBÁÑEZ DEL CAMPO,GUAITECAS,30 a 34,2
AYSÉN DEL GENERAL CARLOS IBÁÑEZ DEL CAMPO,GUAITECAS,35 a 39,2
AYSÉN DEL GENERAL CARLOS IBÁÑEZ DEL CAMPO,GUAITECAS,40 a 44,2
AYSÉN DEL GENERAL CARLOS IBÁÑEZ DEL CAMPO,GUAITECAS,45 a 49,1
AYSÉN DEL GENERAL CARLOS IBÁÑEZ DEL CAMPO,GUAITECAS,50 a 54,0
AYSÉN DEL GENERAL CARLOS IBÁÑEZ DEL CAMPO,GUAITECAS,55 a 59,0
AYSÉN DEL GENERAL CARLOS IBÁÑEZ DEL CAMPO,GUAITECAS,60 a 64,0
AYSÉN DEL GENERAL CARLOS IBÁÑEZ DEL CAMPO,GUAITECAS,65 a 69,0
AYSÉN DEL GENERAL CARLOS IBÁÑEZ DEL CAMPO,GUAITECAS,70 a 74,0
AYSÉN DEL GENERAL CARLOS IBÁÑEZ DEL CAMPO,GUAITECAS,75 a 79,0
AYSÉN DEL GENERAL CARLOS IBÁÑEZ DEL CAMPO,GUAITECAS,80 a 84,0
AYSÉN DEL GENERAL CARLOS IBÁÑEZ DEL CAMPO,GUAITECAS,85 a 89,0
AYSÉN DEL GENERAL CARLOS IBÁÑEZ DEL CAMPO,GUAITECAS,90 a 94,0
AYSÉN DEL GENERAL CARLOS IBÁÑEZ DEL CAMPO,GUAITECAS,95 a 99,0
AYSÉN DEL GENERAL CARLOS IBÁÑEZ DEL CAMPO,GUAITECAS,100 o más,0
AYSÉN DEL GENERAL CARLOS IBÁÑEZ DEL CAMPO,COCHRANE,Total Comuna,50
AYSÉN DEL GENERAL CARLOS IBÁÑEZ DEL CAMPO,COCHRANE,0 a 4,1
AYSÉN DEL GENERAL CARLOS IBÁÑEZ DEL CAMPO,COCHRANE,5 a 9,0
AYSÉN DEL GENERAL CARLOS IBÁÑEZ DEL CAMPO,COCHRANE,10 a 14,0
AYSÉN DEL GENERAL CARLOS IBÁÑEZ DEL CAMPO,COCHRANE,15 a 19,1
AYSÉN DEL GENERAL CARLOS IBÁÑEZ DEL CAMPO,COCHRANE,20 a 24,2
AYSÉN DEL GENERAL CARLOS IBÁÑEZ DEL CAMPO,COCHRANE,25 a 29,7
AYSÉN DEL GENERAL CARLOS IBÁÑEZ DEL CAMPO,COCHRANE,30 a 34,11
AYSÉN DEL GENERAL CARLOS IBÁÑEZ DEL CAMPO,COCHRANE,35 a 39,6
AYSÉN DEL GENERAL CARLOS IBÁÑEZ DEL CAMPO,COCHRANE,40 a 44,2
AYSÉN DEL GENERAL CARLOS IBÁÑEZ DEL CAMPO,COCHRANE,45 a 49,4
AYSÉN DEL GENERAL CARLOS IBÁÑEZ DEL CAMPO,COCHRANE,50 a 54,3
AYSÉN DEL GENERAL CARLOS IBÁÑEZ DEL CAMPO,COCHRANE,55 a 59,3
AYSÉN DEL GENERAL CARLOS IBÁÑEZ DEL CAMPO,COCHRANE,60 a 64,1
AYSÉN DEL GENERAL CARLOS IBÁÑEZ DEL CAMPO,COCHRANE,65 a 69,2
AYSÉN DEL GENERAL CARLOS IBÁÑEZ DEL CAMPO,COCHRANE,70 a 74,0
AYSÉN DEL GENERAL CARLOS IBÁÑEZ DEL CAMPO,COCHRANE,75 a 79,2
AYSÉN DEL GENERAL CARLOS IBÁÑEZ DEL CAMPO,COCHRANE,80 a 84,3
AYSÉN DEL GENERAL CARLOS IBÁÑEZ DEL CAMPO,COCHRANE,85 a 89,1
AYSÉN DEL GENERAL CARLOS IBÁÑEZ DEL CAMPO,COCHRANE,90 a 94,1
AYSÉN DEL GENERAL CARLOS IBÁÑEZ DEL CAMPO,COCHRANE,95 a 99,0
AYSÉN DEL GENERAL CARLOS IBÁÑEZ DEL CAMPO,COCHRANE,100 o más,0
AYSÉN DEL GENERAL CARLOS IBÁÑEZ DEL CAMPO,O'HIGGINS,Total Comuna,12
AYSÉN DEL GENERAL CARLOS IBÁÑEZ DEL CAMPO,O'HIGGINS,0 a 4,0
AYSÉN DEL GENERAL CARLOS IBÁÑEZ DEL CAMPO,O'HIGGINS,5 a 9,2
AYSÉN DEL GENERAL CARLOS IBÁÑEZ DEL CAMPO,O'HIGGINS,10 a 14,1
AYSÉN DEL GENERAL CARLOS IBÁÑEZ DEL CAMPO,O'HIGGINS,15 a 19,0
AYSÉN DEL GENERAL CARLOS IBÁÑEZ DEL CAMPO,O'HIGGINS,20 a 24,0
AYSÉN DEL GENERAL CARLOS IBÁÑEZ DEL CAMPO,O'HIGGINS,25 a 29,0
AYSÉN DEL GENERAL CARLOS IBÁÑEZ DEL CAMPO,O'HIGGINS,30 a 34,1
AYSÉN DEL GENERAL CARLOS IBÁÑEZ DEL CAMPO,O'HIGGINS,35 a 39,2
AYSÉN DEL GENERAL CARLOS IBÁÑEZ DEL CAMPO,O'HIGGINS,40 a 44,1
AYSÉN DEL GENERAL CARLOS IBÁÑEZ DEL CAMPO,O'HIGGINS,45 a 49,0
AYSÉN DEL GENERAL CARLOS IBÁÑEZ DEL CAMPO,O'HIGGINS,50 a 54,2
AYSÉN DEL GENERAL CARLOS IBÁÑEZ DEL CAMPO,O'HIGGINS,55 a 59,0
AYSÉN DEL GENERAL CARLOS IBÁÑEZ DEL CAMPO,O'HIGGINS,60 a 64,1
AYSÉN DEL GENERAL CARLOS IBÁÑEZ DEL CAMPO,O'HIGGINS,65 a 69,1
AYSÉN DEL GENERAL CARLOS IBÁÑEZ DEL CAMPO,O'HIGGINS,70 a 74,0
AYSÉN DEL GENERAL CARLOS IBÁÑEZ DEL CAMPO,O'HIGGINS,75 a 79,1
AYSÉN DEL GENERAL CARLOS IBÁÑEZ DEL CAMPO,O'HIGGINS,80 a 84,0
AYSÉN DEL GENERAL CARLOS IBÁÑEZ DEL CAMPO,O'HIGGINS,85 a 89,0
AYSÉN DEL GENERAL CARLOS IBÁÑEZ DEL CAMPO,O'HIGGINS,90 a 94,0
AYSÉN DEL GENERAL CARLOS IBÁÑEZ DEL CAMPO,O'HIGGINS,95 a 99,0
AYSÉN DEL GENERAL CARLOS IBÁÑEZ DEL CAMPO,O'HIGGINS,100 o más,0
AYSÉN DEL GENERAL CARLOS IBÁÑEZ DEL CAMPO,TORTEL,Total Comuna,4
AYSÉN DEL GENERAL CARLOS IBÁÑEZ DEL CAMPO,TORTEL,0 a 4,0
AYSÉN DEL GENERAL CARLOS IBÁÑEZ DEL CAMPO,TORTEL,5 a 9,0
AYSÉN DEL GENERAL CARLOS IBÁÑEZ DEL CAMPO,TORTEL,10 a 14,0
AYSÉN DEL GENERAL CARLOS IBÁÑEZ DEL CAMPO,TORTEL,15 a 19,0
AYSÉN DEL GENERAL CARLOS IBÁÑEZ DEL CAMPO,TORTEL,20 a 24,0
AYSÉN DEL GENERAL CARLOS IBÁÑEZ DEL CAMPO,TORTEL,25 a 29,0
AYSÉN DEL GENERAL CARLOS IBÁÑEZ DEL CAMPO,TORTEL,30 a 34,1
AYSÉN DEL GENERAL CARLOS IBÁÑEZ DEL CAMPO,TORTEL,35 a 39,0
AYSÉN DEL GENERAL CARLOS IBÁÑEZ DEL CAMPO,TORTEL,40 a 44,0
AYSÉN DEL GENERAL CARLOS IBÁÑEZ DEL CAMPO,TORTEL,45 a 49,0
AYSÉN DEL GENERAL CARLOS IBÁÑEZ DEL CAMPO,TORTEL,50 a 54,1
AYSÉN DEL GENERAL CARLOS IBÁÑEZ DEL CAMPO,TORTEL,55 a 59,0
AYSÉN DEL GENERAL CARLOS IBÁÑEZ DEL CAMPO,TORTEL,60 a 64,0
AYSÉN DEL GENERAL CARLOS IBÁÑEZ DEL CAMPO,TORTEL,65 a 69,1
AYSÉN DEL GENERAL CARLOS IBÁÑEZ DEL CAMPO,TORTEL,70 a 74,0
AYSÉN DEL GENERAL CARLOS IBÁÑEZ DEL CAMPO,TORTEL,75 a 79,1
AYSÉN DEL GENERAL CARLOS IBÁÑEZ DEL CAMPO,TORTEL,80 a 84,0
AYSÉN DEL GENERAL CARLOS IBÁÑEZ DEL CAMPO,TORTEL,85 a 89,0
AYSÉN DEL GENERAL CARLOS IBÁÑEZ DEL CAMPO,TORTEL,90 a 94,0
AYSÉN DEL GENERAL CARLOS IBÁÑEZ DEL CAMPO,TORTEL,95 a 99,0
AYSÉN DEL GENERAL CARLOS IBÁÑEZ DEL CAMPO,TORTEL,100 o más,0
AYSÉN DEL GENERAL CARLOS IBÁÑEZ DEL CAMPO,CHILE CHICO,Total Comuna,171
AYSÉN DEL GENERAL CARLOS IBÁÑEZ DEL CAMPO,CHILE CHICO,0 a 4,6
AYSÉN DEL GENERAL CARLOS IBÁÑEZ DEL CAMPO,CHILE CHICO,5 a 9,10
AYSÉN DEL GENERAL CARLOS IBÁÑEZ DEL CAMPO,CHILE CHICO,10 a 14,8
AYSÉN DEL GENERAL CARLOS IBÁÑEZ DEL CAMPO,CHILE CHICO,15 a 19,13
AYSÉN DEL GENERAL CARLOS IBÁÑEZ DEL CAMPO,CHILE CHICO,20 a 24,17
AYSÉN DEL GENERAL CARLOS IBÁÑEZ DEL CAMPO,CHILE CHICO,25 a 29,18
AYSÉN DEL GENERAL CARLOS IBÁÑEZ DEL CAMPO,CHILE CHICO,30 a 34,23
AYSÉN DEL GENERAL CARLOS IBÁÑEZ DEL CAMPO,CHILE CHICO,35 a 39,21
AYSÉN DEL GENERAL CARLOS IBÁÑEZ DEL CAMPO,CHILE CHICO,40 a 44,17
AYSÉN DEL GENERAL CARLOS IBÁÑEZ DEL CAMPO,CHILE CHICO,45 a 49,9
AYSÉN DEL GENERAL CARLOS IBÁÑEZ DEL CAMPO,CHILE CHICO,50 a 54,6
AYSÉN DEL GENERAL CARLOS IBÁÑEZ DEL CAMPO,CHILE CHICO,55 a 59,7
AYSÉN DEL GENERAL CARLOS IBÁÑEZ DEL CAMPO,CHILE CHICO,60 a 64,4
AYSÉN DEL GENERAL CARLOS IBÁÑEZ DEL CAMPO,CHILE CHICO,65 a 69,3
AYSÉN DEL GENERAL CARLOS IBÁÑEZ DEL CAMPO,CHILE CHICO,70 a 74,2
AYSÉN DEL GENERAL CARLOS IBÁÑEZ DEL CAMPO,CHILE CHICO,75 a 79,3
AYSÉN DEL GENERAL CARLOS IBÁÑEZ DEL CAMPO,CHILE CHICO,80 a 84,0
AYSÉN DEL GENERAL CARLOS IBÁÑEZ DEL CAMPO,CHILE CHICO,85 a 89,3
AYSÉN DEL GENERAL CARLOS IBÁÑEZ DEL CAMPO,CHILE CHICO,90 a 94,1
AYSÉN DEL GENERAL CARLOS IBÁÑEZ DEL CAMPO,CHILE CHICO,95 a 99,0
AYSÉN DEL GENERAL CARLOS IBÁÑEZ DEL CAMPO,CHILE CHICO,100 o más,0
AYSÉN DEL GENERAL CARLOS IBÁÑEZ DEL CAMPO,RÍO IBÁÑEZ,Total Comuna,51
AYSÉN DEL GENERAL CARLOS IBÁÑEZ DEL CAMPO,RÍO IBÁÑEZ,0 a 4,0
AYSÉN DEL GENERAL CARLOS IBÁÑEZ DEL CAMPO,RÍO IBÁÑEZ,5 a 9,4
AYSÉN DEL GENERAL CARLOS IBÁÑEZ DEL CAMPO,RÍO IBÁÑEZ,10 a 14,1
AYSÉN DEL GENERAL CARLOS IBÁÑEZ DEL CAMPO,RÍO IBÁÑEZ,15 a 19,3
AYSÉN DEL GENERAL CARLOS IBÁÑEZ DEL CAMPO,RÍO IBÁÑEZ,20 a 24,1
AYSÉN DEL GENERAL CARLOS IBÁÑEZ DEL CAMPO,RÍO IBÁÑEZ,25 a 29,3
AYSÉN DEL GENERAL CARLOS IBÁÑEZ DEL CAMPO,RÍO IBÁÑEZ,30 a 34,3
AYSÉN DEL GENERAL CARLOS IBÁÑEZ DEL CAMPO,RÍO IBÁÑEZ,35 a 39,6
AYSÉN DEL GENERAL CARLOS IBÁÑEZ DEL CAMPO,RÍO IBÁÑEZ,40 a 44,5
AYSÉN DEL GENERAL CARLOS IBÁÑEZ DEL CAMPO,RÍO IBÁÑEZ,45 a 49,7
AYSÉN DEL GENERAL CARLOS IBÁÑEZ DEL CAMPO,RÍO IBÁÑEZ,50 a 54,5
AYSÉN DEL GENERAL CARLOS IBÁÑEZ DEL CAMPO,RÍO IBÁÑEZ,55 a 59,1
AYSÉN DEL GENERAL CARLOS IBÁÑEZ DEL CAMPO,RÍO IBÁÑEZ,60 a 64,1
AYSÉN DEL GENERAL CARLOS IBÁÑEZ DEL CAMPO,RÍO IBÁÑEZ,65 a 69,1
AYSÉN DEL GENERAL CARLOS IBÁÑEZ DEL CAMPO,RÍO IBÁÑEZ,70 a 74,0
AYSÉN DEL GENERAL CARLOS IBÁÑEZ DEL CAMPO,RÍO IBÁÑEZ,75 a 79,0
AYSÉN DEL GENERAL CARLOS IBÁÑEZ DEL CAMPO,RÍO IBÁÑEZ,80 a 84,5
AYSÉN DEL GENERAL CARLOS IBÁÑEZ DEL CAMPO,RÍO IBÁÑEZ,85 a 89,2
AYSÉN DEL GENERAL CARLOS IBÁÑEZ DEL CAMPO,RÍO IBÁÑEZ,90 a 94,2
AYSÉN DEL GENERAL CARLOS IBÁÑEZ DEL CAMPO,RÍO IBÁÑEZ,95 a 99,1
AYSÉN DEL GENERAL CARLOS IBÁÑEZ DEL CAMPO,RÍO IBÁÑEZ,100 o más,0
MAGALLANES Y DE LA ANTÁRTICA CHILENA,PUNTA ARENAS,Total Comuna,3443
MAGALLANES Y DE LA ANTÁRTICA CHILENA,PUNTA ARENAS,0 a 4,80
MAGALLANES Y DE LA ANTÁRTICA CHILENA,PUNTA ARENAS,5 a 9,124
MAGALLANES Y DE LA ANTÁRTICA CHILENA,PUNTA ARENAS,10 a 14,159
MAGALLANES Y DE LA ANTÁRTICA CHILENA,PUNTA ARENAS,15 a 19,230
MAGALLANES Y DE LA ANTÁRTICA CHILENA,PUNTA ARENAS,20 a 24,358
MAGALLANES Y DE LA ANTÁRTICA CHILENA,PUNTA ARENAS,25 a 29,452
MAGALLANES Y DE LA ANTÁRTICA CHILENA,PUNTA ARENAS,30 a 34,454
MAGALLANES Y DE LA ANTÁRTICA CHILENA,PUNTA ARENAS,35 a 39,408
MAGALLANES Y DE LA ANTÁRTICA CHILENA,PUNTA ARENAS,40 a 44,385
MAGALLANES Y DE LA ANTÁRTICA CHILENA,PUNTA ARENAS,45 a 49,216
MAGALLANES Y DE LA ANTÁRTICA CHILENA,PUNTA ARENAS,50 a 54,174
MAGALLANES Y DE LA ANTÁRTICA CHILENA,PUNTA ARENAS,55 a 59,131
MAGALLANES Y DE LA ANTÁRTICA CHILENA,PUNTA ARENAS,60 a 64,101
MAGALLANES Y DE LA ANTÁRTICA CHILENA,PUNTA ARENAS,65 a 69,63
MAGALLANES Y DE LA ANTÁRTICA CHILENA,PUNTA ARENAS,70 a 74,39
MAGALLANES Y DE LA ANTÁRTICA CHILENA,PUNTA ARENAS,75 a 79,24
MAGALLANES Y DE LA ANTÁRTICA CHILENA,PUNTA ARENAS,80 a 84,18
MAGALLANES Y DE LA ANTÁRTICA CHILENA,PUNTA ARENAS,85 a 89,16
MAGALLANES Y DE LA ANTÁRTICA CHILENA,PUNTA ARENAS,90 a 94,8
MAGALLANES Y DE LA ANTÁRTICA CHILENA,PUNTA ARENAS,95 a 99,3
MAGALLANES Y DE LA ANTÁRTICA CHILENA,PUNTA ARENAS,100 o más,0
MAGALLANES Y DE LA ANTÁRTICA CHILENA,LAGUNA BLANCA,Total Comuna,3
MAGALLANES Y DE LA ANTÁRTICA CHILENA,LAGUNA BLANCA,0 a 4,0
MAGALLANES Y DE LA ANTÁRTICA CHILENA,LAGUNA BLANCA,5 a 9,0
MAGALLANES Y DE LA ANTÁRTICA CHILENA,LAGUNA BLANCA,10 a 14,1
MAGALLANES Y DE LA ANTÁRTICA CHILENA,LAGUNA BLANCA,15 a 19,0
MAGALLANES Y DE LA ANTÁRTICA CHILENA,LAGUNA BLANCA,20 a 24,0
MAGALLANES Y DE LA ANTÁRTICA CHILENA,LAGUNA BLANCA,25 a 29,1
MAGALLANES Y DE LA ANTÁRTICA CHILENA,LAGUNA BLANCA,30 a 34,0
MAGALLANES Y DE LA ANTÁRTICA CHILENA,LAGUNA BLANCA,35 a 39,0
MAGALLANES Y DE LA ANTÁRTICA CHILENA,LAGUNA BLANCA,40 a 44,0
MAGALLANES Y DE LA ANTÁRTICA CHILENA,LAGUNA BLANCA,45 a 49,0
MAGALLANES Y DE LA ANTÁRTICA CHILENA,LAGUNA BLANCA,50 a 54,0
MAGALLANES Y DE LA ANTÁRTICA CHILENA,LAGUNA BLANCA,55 a 59,0
MAGALLANES Y DE LA ANTÁRTICA CHILENA,LAGUNA BLANCA,60 a 64,0
MAGALLANES Y DE LA ANTÁRTICA CHILENA,LAGUNA BLANCA,65 a 69,1
MAGALLANES Y DE LA ANTÁRTICA CHILENA,LAGUNA BLANCA,70 a 74,0
MAGALLANES Y DE LA ANTÁRTICA CHILENA,LAGUNA BLANCA,75 a 79,0
MAGALLANES Y DE LA ANTÁRTICA CHILENA,LAGUNA BLANCA,80 a 84,0
MAGALLANES Y DE LA ANTÁRTICA CHILENA,LAGUNA BLANCA,85 a 89,0
MAGALLANES Y DE LA ANTÁRTICA CHILENA,LAGUNA BLANCA,90 a 94,0
MAGALLANES Y DE LA ANTÁRTICA CHILENA,LAGUNA BLANCA,95 a 99,0
MAGALLANES Y DE LA ANTÁRTICA CHILENA,LAGUNA BLANCA,100 o más,0
MAGALLANES Y DE LA ANTÁRTICA CHILENA,RÍO VERDE,Total Comuna,9
MAGALLANES Y DE LA ANTÁRTICA CHILENA,RÍO VERDE,0 a 4,0
MAGALLANES Y DE LA ANTÁRTICA CHILENA,RÍO VERDE,5 a 9,0
MAGALLANES Y DE LA ANTÁRTICA CHILENA,RÍO VERDE,10 a 14,0
MAGALLANES Y DE LA ANTÁRTICA CHILENA,RÍO VERDE,15 a 19,0
MAGALLANES Y DE LA ANTÁRTICA CHILENA,RÍO VERDE,20 a 24,0
MAGALLANES Y DE LA ANTÁRTICA CHILENA,RÍO VERDE,25 a 29,2
MAGALLANES Y DE LA ANTÁRTICA CHILENA,RÍO VERDE,30 a 34,3
MAGALLANES Y DE LA ANTÁRTICA CHILENA,RÍO VERDE,35 a 39,0
MAGALLANES Y DE LA ANTÁRTICA CHILENA,RÍO VERDE,40 a 44,1
MAGALLANES Y DE LA ANTÁRTICA CHILENA,RÍO VERDE,45 a 49,0
MAGALLANES Y DE LA ANTÁRTICA CHILENA,RÍO VERDE,50 a 54,0
MAGALLANES Y DE LA ANTÁRTICA CHILENA,RÍO VERDE,55 a 59,2
MAGALLANES Y DE LA ANTÁRTICA CHILENA,RÍO VERDE,60 a 64,0
MAGALLANES Y DE LA ANTÁRTICA CHILENA,RÍO VERDE,65 a 69,0
MAGALLANES Y DE LA ANTÁRTICA CHILENA,RÍO VERDE,70 a 74,0
MAGALLANES Y DE LA ANTÁRTICA CHILENA,RÍO VERDE,75 a 79,1
MAGALLANES Y DE LA ANTÁRTICA CHILENA,RÍO VERDE,80 a 84,0
MAGALLANES Y DE LA ANTÁRTICA CHILENA,RÍO VERDE,85 a 89,0
MAGALLANES Y DE LA ANTÁRTICA CHILENA,RÍO VERDE,90 a 94,0
MAGALLANES Y DE LA ANTÁRTICA CHILENA,RÍO VERDE,95 a 99,0
MAGALLANES Y DE LA ANTÁRTICA CHILENA,RÍO VERDE,100 o más,0
MAGALLANES Y DE LA ANTÁRTICA CHILENA,SAN GREGORIO,Total Comuna,3
MAGALLANES Y DE LA ANTÁRTICA CHILENA,SAN GREGORIO,0 a 4,0
MAGALLANES Y DE LA ANTÁRTICA CHILENA,SAN GREGORIO,5 a 9,0
MAGALLANES Y DE LA ANTÁRTICA CHILENA,SAN GREGORIO,10 a 14,0
MAGALLANES Y DE LA ANTÁRTICA CHILENA,SAN GREGORIO,15 a 19,0
MAGALLANES Y DE LA ANTÁRTICA CHILENA,SAN GREGORIO,20 a 24,0
MAGALLANES Y DE LA ANTÁRTICA CHILENA,SAN GREGORIO,25 a 29,1
MAGALLANES Y DE LA ANTÁRTICA CHILENA,SAN GREGORIO,30 a 34,1
MAGALLANES Y DE LA ANTÁRTICA CHILENA,SAN GREGORIO,35 a 39,0
MAGALLANES Y DE LA ANTÁRTICA CHILENA,SAN GREGORIO,40 a 44,0
MAGALLANES Y DE LA ANTÁRTICA CHILENA,SAN GREGORIO,45 a 49,1
MAGALLANES Y DE LA ANTÁRTICA CHILENA,SAN GREGORIO,50 a 54,0
MAGALLANES Y DE LA ANTÁRTICA CHILENA,SAN GREGORIO,55 a 59,0
MAGALLANES Y DE LA ANTÁRTICA CHILENA,SAN GREGORIO,60 a 64,0
MAGALLANES Y DE LA ANTÁRTICA CHILENA,SAN GREGORIO,65 a 69,0
MAGALLANES Y DE LA ANTÁRTICA CHILENA,SAN GREGORIO,70 a 74,0
MAGALLANES Y DE LA ANTÁRTICA CHILENA,SAN GREGORIO,75 a 79,0
MAGALLANES Y DE LA ANTÁRTICA CHILENA,SAN GREGORIO,80 a 84,0
MAGALLANES Y DE LA ANTÁRTICA CHILENA,SAN GREGORIO,85 a 89,0
MAGALLANES Y DE LA ANTÁRTICA CHILENA,SAN GREGORIO,90 a 94,0
MAGALLANES Y DE LA ANTÁRTICA CHILENA,SAN GREGORIO,95 a 99,0
MAGALLANES Y DE LA ANTÁRTICA CHILENA,SAN GREGORIO,100 o más,0
MAGALLANES Y DE LA ANTÁRTICA CHILENA,CABO DE HORNOS,Total Comuna,29
MAGALLANES Y DE LA ANTÁRTICA CHILENA,CABO DE HORNOS,0 a 4,1
MAGALLANES Y DE LA ANTÁRTICA CHILENA,CABO DE HORNOS,5 a 9,2
MAGALLANES Y DE LA ANTÁRTICA CHILENA,CABO DE HORNOS,10 a 14,1
MAGALLANES Y DE LA ANTÁRTICA CHILENA,CABO DE HORNOS,15 a 19,0
MAGALLANES Y DE LA ANTÁRTICA CHILENA,CABO DE HORNOS,20 a 24,1
MAGALLANES Y DE LA ANTÁRTICA CHILENA,CABO DE HORNOS,25 a 29,8
MAGALLANES Y DE LA ANTÁRTICA CHILENA,CABO DE HORNOS,30 a 34,4
MAGALLANES Y DE LA ANTÁRTICA CHILENA,CABO DE HORNOS,35 a 39,2
MAGALLANES Y DE LA ANTÁRTICA CHILENA,CABO DE HORNOS,40 a 44,6
MAGALLANES Y DE LA ANTÁRTICA CHILENA,CABO DE HORNOS,45 a 49,1
MAGALLANES Y DE LA ANTÁRTICA CHILENA,CABO DE HORNOS,50 a 54,1
MAGALLANES Y DE LA ANTÁRTICA CHILENA,CABO DE HORNOS,55 a 59,1
MAGALLANES Y DE LA ANTÁRTICA CHILENA,CABO DE HORNOS,60 a 64,0
MAGALLANES Y DE LA ANTÁRTICA CHILENA,CABO DE HORNOS,65 a 69,1
MAGALLANES Y DE LA ANTÁRTICA CHILENA,CABO DE HORNOS,70 a 74,0
MAGALLANES Y DE LA ANTÁRTICA CHILENA,CABO DE HORNOS,75 a 79,0
MAGALLANES Y DE LA ANTÁRTICA CHILENA,CABO DE HORNOS,80 a 84,0
MAGALLANES Y DE LA ANTÁRTICA CHILENA,CABO DE HORNOS,85 a 89,0
MAGALLANES Y DE LA ANTÁRTICA CHILENA,CABO DE HORNOS,90 a 94,0
MAGALLANES Y DE LA ANTÁRTICA CHILENA,CABO DE HORNOS,95 a 99,0
MAGALLANES Y DE LA ANTÁRTICA CHILENA,CABO DE HORNOS,100 o más,0
MAGALLANES Y DE LA ANTÁRTICA CHILENA,ANTÁRTICA,Total Comuna,1
MAGALLANES Y DE LA ANTÁRTICA CHILENA,ANTÁRTICA,0 a 4,0
MAGALLANES Y DE LA ANTÁRTICA CHILENA,ANTÁRTICA,5 a 9,0
MAGALLANES Y DE LA ANTÁRTICA CHILENA,ANTÁRTICA,10 a 14,0
MAGALLANES Y DE LA ANTÁRTICA CHILENA,ANTÁRTICA,15 a 19,0
MAGALLANES Y DE LA ANTÁRTICA CHILENA,ANTÁRTICA,20 a 24,0
MAGALLANES Y DE LA ANTÁRTICA CHILENA,ANTÁRTICA,25 a 29,0
MAGALLANES Y DE LA ANTÁRTICA CHILENA,ANTÁRTICA,30 a 34,0
MAGALLANES Y DE LA ANTÁRTICA CHILENA,ANTÁRTICA,35 a 39,1
MAGALLANES Y DE LA ANTÁRTICA CHILENA,ANTÁRTICA,40 a 44,0
MAGALLANES Y DE LA ANTÁRTICA CHILENA,ANTÁRTICA,45 a 49,0
MAGALLANES Y DE LA ANTÁRTICA CHILENA,ANTÁRTICA,50 a 54,0
MAGALLANES Y DE LA ANTÁRTICA CHILENA,ANTÁRTICA,55 a 59,0
MAGALLANES Y DE LA ANTÁRTICA CHILENA,ANTÁRTICA,60 a 64,0
MAGALLANES Y DE LA ANTÁRTICA CHILENA,ANTÁRTICA,65 a 69,0
MAGALLANES Y DE LA ANTÁRTICA CHILENA,ANTÁRTICA,70 a 74,0
MAGALLANES Y DE LA ANTÁRTICA CHILENA,ANTÁRTICA,75 a 79,0
MAGALLANES Y DE LA ANTÁRTICA CHILENA,ANTÁRTICA,80 a 84,0
MAGALLANES Y DE LA ANTÁRTICA CHILENA,ANTÁRTICA,85 a 89,0
MAGALLANES Y DE LA ANTÁRTICA CHILENA,ANTÁRTICA,90 a 94,0
MAGALLANES Y DE LA ANTÁRTICA CHILENA,ANTÁRTICA,95 a 99,0
MAGALLANES Y DE LA ANTÁRTICA CHILENA,ANTÁRTICA,100 o más,0
MAGALLANES Y DE LA ANTÁRTICA CHILENA,PORVENIR,Total Comuna,234
MAGALLANES Y DE LA ANTÁRTICA CHILENA,PORVENIR,0 a 4,7
MAGALLANES Y DE LA ANTÁRTICA CHILENA,PORVENIR,5 a 9,9
MAGALLANES Y DE LA ANTÁRTICA CHILENA,PORVENIR,10 a 14,10
MAGALLANES Y DE LA ANTÁRTICA CHILENA,PORVENIR,15 a 19,17
MAGALLANES Y DE LA ANTÁRTICA CHILENA,PORVENIR,20 a 24,35
MAGALLANES Y DE LA ANTÁRTICA CHILENA,PORVENIR,25 a 29,39
MAGALLANES Y DE LA ANTÁRTICA CHILENA,PORVENIR,30 a 34,32
MAGALLANES Y DE LA ANTÁRTICA CHILENA,PORVENIR,35 a 39,21
MAGALLANES Y DE LA ANTÁRTICA CHILENA,PORVENIR,40 a 44,21
MAGALLANES Y DE LA ANTÁRTICA CHILENA,PORVENIR,45 a 49,16
MAGALLANES Y DE LA ANTÁRTICA CHILENA,PORVENIR,50 a 54,10
MAGALLANES Y DE LA ANTÁRTICA CHILENA,PORVENIR,55 a 59,7
MAGALLANES Y DE LA ANTÁRTICA CHILENA,PORVENIR,60 a 64,7
MAGALLANES Y DE LA ANTÁRTICA CHILENA,PORVENIR,65 a 69,1
MAGALLANES Y DE LA ANTÁRTICA CHILENA,PORVENIR,70 a 74,0
MAGALLANES Y DE LA ANTÁRTICA CHILENA,PORVENIR,75 a 79,0
MAGALLANES Y DE LA ANTÁRTICA CHILENA,PORVENIR,80 a 84,1
MAGALLANES Y DE LA ANTÁRTICA CHILENA,PORVENIR,85 a 89,0
MAGALLANES Y DE LA ANTÁRTICA CHILENA,PORVENIR,90 a 94,0
MAGALLANES Y DE LA ANTÁRTICA CHILENA,PORVENIR,95 a 99,1
MAGALLANES Y DE LA ANTÁRTICA CHILENA,PORVENIR,100 o más,0
MAGALLANES Y DE LA ANTÁRTICA CHILENA,PRIMAVERA,Total Comuna,14
MAGALLANES Y DE LA ANTÁRTICA CHILENA,PRIMAVERA,0 a 4,1
MAGALLANES Y DE LA ANTÁRTICA CHILENA,PRIMAVERA,5 a 9,1
MAGALLANES Y DE LA ANTÁRTICA CHILENA,PRIMAVERA,10 a 14,1
MAGALLANES Y DE LA ANTÁRTICA CHILENA,PRIMAVERA,15 a 19,0
MAGALLANES Y DE LA ANTÁRTICA CHILENA,PRIMAVERA,20 a 24,0
MAGALLANES Y DE LA ANTÁRTICA CHILENA,PRIMAVERA,25 a 29,2
MAGALLANES Y DE LA ANTÁRTICA CHILENA,PRIMAVERA,30 a 34,0
MAGALLANES Y DE LA ANTÁRTICA CHILENA,PRIMAVERA,35 a 39,2
MAGALLANES Y DE LA ANTÁRTICA CHILENA,PRIMAVERA,40 a 44,2
MAGALLANES Y DE LA ANTÁRTICA CHILENA,PRIMAVERA,45 a 49,1
MAGALLANES Y DE LA ANTÁRTICA CHILENA,PRIMAVERA,50 a 54,2
MAGALLANES Y DE LA ANTÁRTICA CHILENA,PRIMAVERA,55 a 59,1
MAGALLANES Y DE LA ANTÁRTICA CHILENA,PRIMAVERA,60 a 64,1
MAGALLANES Y DE LA ANTÁRTICA CHILENA,PRIMAVERA,65 a 69,0
MAGALLANES Y DE LA ANTÁRTICA CHILENA,PRIMAVERA,70 a 74,0
MAGALLANES Y DE LA ANTÁRTICA CHILENA,PRIMAVERA,75 a 79,0
MAGALLANES Y DE LA ANTÁRTICA CHILENA,PRIMAVERA,80 a 84,0
MAGALLANES Y DE LA ANTÁRTICA CHILENA,PRIMAVERA,85 a 89,0
MAGALLANES Y DE LA ANTÁRTICA CHILENA,PRIMAVERA,90 a 94,0
MAGALLANES Y DE LA ANTÁRTICA CHILENA,PRIMAVERA,95 a 99,0
MAGALLANES Y DE LA ANTÁRTICA CHILENA,PRIMAVERA,100 o más,0
MAGALLANES Y DE LA ANTÁRTICA CHILENA,TIMAUKEL,Total Comuna,6
MAGALLANES Y DE LA ANTÁRTICA CHILENA,TIMAUKEL,0 a 4,0
MAGALLANES Y DE LA ANTÁRTICA CHILENA,TIMAUKEL,5 a 9,0
MAGALLANES Y DE LA ANTÁRTICA CHILENA,TIMAUKEL,10 a 14,0
MAGALLANES Y DE LA ANTÁRTICA CHILENA,TIMAUKEL,15 a 19,0
MAGALLANES Y DE LA ANTÁRTICA CHILENA,TIMAUKEL,20 a 24,0
MAGALLANES Y DE LA ANTÁRTICA CHILENA,TIMAUKEL,25 a 29,0
MAGALLANES Y DE LA ANTÁRTICA CHILENA,TIMAUKEL,30 a 34,1
MAGALLANES Y DE LA ANTÁRTICA CHILENA,TIMAUKEL,35 a 39,1
MAGALLANES Y DE LA ANTÁRTICA CHILENA,TIMAUKEL,40 a 44,1
MAGALLANES Y DE LA ANTÁRTICA CHILENA,TIMAUKEL,45 a 49,1
MAGALLANES Y DE LA ANTÁRTICA CHILENA,TIMAUKEL,50 a 54,0
MAGALLANES Y DE LA ANTÁRTICA CHILENA,TIMAUKEL,55 a 59,2
MAGALLANES Y DE LA ANTÁRTICA CHILENA,TIMAUKEL,60 a 64,0
MAGALLANES Y DE LA ANTÁRTICA CHILENA,TIMAUKEL,65 a 69,0
MAGALLANES Y DE LA ANTÁRTICA CHILENA,TIMAUKEL,70 a 74,0
MAGALLANES Y DE LA ANTÁRTICA CHILENA,TIMAUKEL,75 a 79,0
MAGALLANES Y DE LA ANTÁRTICA CHILENA,TIMAUKEL,80 a 84,0
MAGALLANES Y DE LA ANTÁRTICA CHILENA,TIMAUKEL,85 a 89,0
MAGALLANES Y DE LA ANTÁRTICA CHILENA,TIMAUKEL,90 a 94,0
MAGALLANES Y DE LA ANTÁRTICA CHILENA,TIMAUKEL,95 a 99,0
MAGALLANES Y DE LA ANTÁRTICA CHILENA,TIMAUKEL,100 o más,0
MAGALLANES Y DE LA ANTÁRTICA CHILENA,NATALES,Total Comuna,887
MAGALLANES Y DE LA ANTÁRTICA CHILENA,NATALES,0 a 4,20
MAGALLANES Y DE LA ANTÁRTICA CHILENA,NATALES,5 a 9,27
MAGALLANES Y DE LA ANTÁRTICA CHILENA,NATALES,10 a 14,25
MAGALLANES Y DE LA ANTÁRTICA CHILENA,NATALES,15 a 19,55
MAGALLANES Y DE LA ANTÁRTICA CHILENA,NATALES,20 a 24,104
MAGALLANES Y DE LA ANTÁRTICA CHILENA,NATALES,25 a 29,153
MAGALLANES Y DE LA ANTÁRTICA CHILENA,NATALES,30 a 34,129
MAGALLANES Y DE LA ANTÁRTICA CHILENA,NATALES,35 a 39,118
MAGALLANES Y DE LA ANTÁRTICA CHILENA,NATALES,40 a 44,96
MAGALLANES Y DE LA ANTÁRTICA CHILENA,NATALES,45 a 49,57
MAGALLANES Y DE LA ANTÁRTICA CHILENA,NATALES,50 a 54,35
MAGALLANES Y DE LA ANTÁRTICA CHILENA,NATALES,55 a 59,24
MAGALLANES Y DE LA ANTÁRTICA CHILENA,NATALES,60 a 64,11
MAGALLANES Y DE LA ANTÁRTICA CHILENA,NATALES,65 a 69,16
MAGALLANES Y DE LA ANTÁRTICA CHILENA,NATALES,70 a 74,4
MAGALLANES Y DE LA ANTÁRTICA CHILENA,NATALES,75 a 79,5
MAGALLANES Y DE LA ANTÁRTICA CHILENA,NATALES,80 a 84,2
MAGALLANES Y DE LA ANTÁRTICA CHILENA,NATALES,85 a 89,3
MAGALLANES Y DE LA ANTÁRTICA CHILENA,NATALES,90 a 94,1
MAGALLANES Y DE LA ANTÁRTICA CHILENA,NATALES,95 a 99,2
MAGALLANES Y DE LA ANTÁRTICA CHILENA,NATALES,100 o más,0
MAGALLANES Y DE LA ANTÁRTICA CHILENA,TORRES DEL PAINE,Total Comuna,83
MAGALLANES Y DE LA ANTÁRTICA CHILENA,TORRES DEL PAINE,0 a 4,1
MAGALLANES Y DE LA ANTÁRTICA CHILENA,TORRES DEL PAINE,5 a 9,0
MAGALLANES Y DE LA ANTÁRTICA CHILENA,TORRES DEL PAINE,10 a 14,1
MAGALLANES Y DE LA ANTÁRTICA CHILENA,TORRES DEL PAINE,15 a 19,0
MAGALLANES Y DE LA ANTÁRTICA CHILENA,TORRES DEL PAINE,20 a 24,9
MAGALLANES Y DE LA ANTÁRTICA CHILENA,TORRES DEL PAINE,25 a 29,26
MAGALLANES Y DE LA ANTÁRTICA CHILENA,TORRES DEL PAINE,30 a 34,23
MAGALLANES Y DE LA ANTÁRTICA CHILENA,TORRES DEL PAINE,35 a 39,9
MAGALLANES Y DE LA ANTÁRTICA CHILENA,TORRES DEL PAINE,40 a 44,8
MAGALLANES Y DE LA ANTÁRTICA CHILENA,TORRES DEL PAINE,45 a 49,2
MAGALLANES Y DE LA ANTÁRTICA CHILENA,TORRES DEL PAINE,50 a 54,2
MAGALLANES Y DE LA ANTÁRTICA CHILENA,TORRES DEL PAINE,55 a 59,1
MAGALLANES Y DE LA ANTÁRTICA CHILENA,TORRES DEL PAINE,60 a 64,1
MAGALLANES Y DE LA ANTÁRTICA CHILENA,TORRES DEL PAINE,65 a 69,0
MAGALLANES Y DE LA ANTÁRTICA CHILENA,TORRES DEL PAINE,70 a 74,0
MAGALLANES Y DE LA ANTÁRTICA CHILENA,TORRES DEL PAINE,75 a 79,0
MAGALLANES Y DE LA ANTÁRTICA CHILENA,TORRES DEL PAINE,80 a 84,0
MAGALLANES Y DE LA ANTÁRTICA CHILENA,TORRES DEL PAINE,85 a 89,0
MAGALLANES Y DE LA ANTÁRTICA CHILENA,TORRES DEL PAINE,90 a 94,0
MAGALLANES Y DE LA ANTÁRTICA CHILENA,TORRES DEL PAINE,95 a 99,0
MAGALLANES Y DE LA ANTÁRTICA CHILENA,TORRES DEL PAINE,100 o más,0
REGIÓN DE RESIDENCIA HABITUAL NO DECLARADA,COMUNA DE RESIDENCIA HABITUAL NO DECLARADA,Total No Declarado,749
REGIÓN DE RESIDENCIA HABITUAL NO DECLARADA,COMUNA DE RESIDENCIA HABITUAL NO DECLARADA,0 a 4,13
REGIÓN DE RESIDENCIA HABITUAL NO DECLARADA,COMUNA DE RESIDENCIA HABITUAL NO DECLARADA,5 a 9,13
REGIÓN DE RESIDENCIA HABITUAL NO DECLARADA,COMUNA DE RESIDENCIA HABITUAL NO DECLARADA,10 a 14,7
REGIÓN DE RESIDENCIA HABITUAL NO DECLARADA,COMUNA DE RESIDENCIA HABITUAL NO DECLARADA,15 a 19,35
REGIÓN DE RESIDENCIA HABITUAL NO DECLARADA,COMUNA DE RESIDENCIA HABITUAL NO DECLARADA,20 a 24,101
REGIÓN DE RESIDENCIA HABITUAL NO DECLARADA,COMUNA DE RESIDENCIA HABITUAL NO DECLARADA,25 a 29,128
REGIÓN DE RESIDENCIA HABITUAL NO DECLARADA,COMUNA DE RESIDENCIA HABITUAL NO DECLARADA,30 a 34,117
REGIÓN DE RESIDENCIA HABITUAL NO DECLARADA,COMUNA DE RESIDENCIA HABITUAL NO DECLARADA,35 a 39,88
REGIÓN DE RESIDENCIA HABITUAL NO DECLARADA,COMUNA DE RESIDENCIA HABITUAL NO DECLARADA,40 a 44,65
REGIÓN DE RESIDENCIA HABITUAL NO DECLARADA,COMUNA DE RESIDENCIA HABITUAL NO DECLARADA,45 a 49,48
REGIÓN DE RESIDENCIA HABITUAL NO DECLARADA,COMUNA DE RESIDENCIA HABITUAL NO DECLARADA,50 a 54,42
REGIÓN DE RESIDENCIA HABITUAL NO DECLARADA,COMUNA DE RESIDENCIA HABITUAL NO DECLARADA,55 a 59,34
REGIÓN DE RESIDENCIA HABITUAL NO DECLARADA,COMUNA DE RESIDENCIA HABITUAL NO DECLARADA,60 a 64,22
REGIÓN DE RESIDENCIA HABITUAL NO DECLARADA,COMUNA DE RESIDENCIA HABITUAL NO DECLARADA,65 a 69,16
REGIÓN DE RESIDENCIA HABITUAL NO DECLARADA,COMUNA DE RESIDENCIA HABITUAL NO DECLARADA,70 a 74,10
REGIÓN DE RESIDENCIA HABITUAL NO DECLARADA,COMUNA DE RESIDENCIA HABITUAL NO DECLARADA,75 a 79,3
REGIÓN DE RESIDENCIA HABITUAL NO DECLARADA,COMUNA DE RESIDENCIA HABITUAL NO DECLARADA,80 a 84,4
REGIÓN DE RESIDENCIA HABITUAL NO DECLARADA,COMUNA DE RESIDENCIA HABITUAL NO DECLARADA,85 a 89,3
REGIÓN DE RESIDENCIA HABITUAL NO DECLARADA,COMUNA DE RESIDENCIA HABITUAL NO DECLARADA,90 a 94,0
REGIÓN DE RESIDENCIA HABITUAL NO DECLARADA,COMUNA DE RESIDENCIA HABITUAL NO DECLARADA,95 a 99,0
REGIÓN DE RESIDENCIA HABITUAL NO DECLARADA,COMUNA DE RESIDENCIA HABITUAL NO DECLARADA,100 o más,0
RESIDENCIA HABITUAL FUERA DEL PAÍS,RESIDENCIA HABITUAL FUERA DEL PAÍS,Total Fuera del País,35073
RESIDENCIA HABITUAL FUERA DEL PAÍS,RESIDENCIA HABITUAL FUERA DEL PAÍS,0 a 4,965
RESIDENCIA HABITUAL FUERA DEL PAÍS,RESIDENCIA HABITUAL FUERA DEL PAÍS,5 a 9,661
RESIDENCIA HABITUAL FUERA DEL PAÍS,RESIDENCIA HABITUAL FUERA DEL PAÍS,10 a 14,575
RESIDENCIA HABITUAL FUERA DEL PAÍS,RESIDENCIA HABITUAL FUERA DEL PAÍS,15 a 19,1375
RESIDENCIA HABITUAL FUERA DEL PAÍS,RESIDENCIA HABITUAL FUERA DEL PAÍS,20 a 24,4159
RESIDENCIA HABITUAL FUERA DEL PAÍS,RESIDENCIA HABITUAL FUERA DEL PAÍS,25 a 29,5036
RESIDENCIA HABITUAL FUERA DEL PAÍS,RESIDENCIA HABITUAL FUERA DEL PAÍS,30 a 34,4331
RESIDENCIA HABITUAL FUERA DEL PAÍS,RESIDENCIA HABITUAL FUERA DEL PAÍS,35 a 39,3403
RESIDENCIA HABITUAL FUERA DEL PAÍS,RESIDENCIA HABITUAL FUERA DEL PAÍS,40 a 44,2614
RESIDENCIA HABITUAL FUERA DEL PAÍS,RESIDENCIA HABITUAL FUERA DEL PAÍS,45 a 49,2127
RESIDENCIA HABITUAL FUERA DEL PAÍS,RESIDENCIA HABITUAL FUERA DEL PAÍS,50 a 54,2136
RESIDENCIA HABITUAL FUERA DEL PAÍS,RESIDENCIA HABITUAL FUERA DEL PAÍS,55 a 59,2097
RESIDENCIA HABITUAL FUERA DEL PAÍS,RESIDENCIA HABITUAL FUERA DEL PAÍS,60 a 64,1946
RESIDENCIA HABITUAL FUERA DEL PAÍS,RESIDENCIA HABITUAL FUERA DEL PAÍS,65 a 69,1767
RESIDENCIA HABITUAL FUERA DEL PAÍS,RESIDENCIA HABITUAL FUERA DEL PAÍS,70 a 74,1067
RESIDENCIA HABITUAL FUERA DEL PAÍS,RESIDENCIA HABITUAL FUERA DEL PAÍS,75 a 79,504
RESIDENCIA HABITUAL FUERA DEL PAÍS,RESIDENCIA HABITUAL FUERA DEL PAÍS,80 a 84,201
RESIDENCIA HABITUAL FUERA DEL PAÍS,RESIDENCIA HABITUAL FUERA DEL PAÍS,85 a 89,80
RESIDENCIA HABITUAL FUERA DEL PAÍS,RESIDENCIA HABITUAL FUERA DEL PAÍS,90 a 94,14
RESIDENCIA HABITUAL FUERA DEL PAÍS,RESIDENCIA HABITUAL FUERA DEL PAÍS,95 a 99,5
RESIDENCIA HABITUAL FUERA DEL PAÍS,RESIDENCIA HABITUAL FUERA DEL PAÍS,100 o más,10
RESIDENCIA HABITUAL IGNORADA,RESIDENCIA HABITUAL IGNORADA,Total Ignorado,3147
RESIDENCIA HABITUAL IGNORADA,RESIDENCIA HABITUAL IGNORADA,0 a 4,94
RESIDENCIA HABITUAL IGNORADA,RESIDENCIA HABITUAL IGNORADA,5 a 9,84
RESIDENCIA HABITUAL IGNORADA,RESIDENCIA HABITUAL IGNORADA,10 a 14,92
RESIDENCIA HABITUAL IGNORADA,RESIDENCIA HABITUAL IGNORADA,15 a 19,207
RESIDENCIA HABITUAL IGNORADA,RESIDENCIA HABITUAL IGNORADA,20 a 24,462
RESIDENCIA HABITUAL IGNORADA,RESIDENCIA HABITUAL IGNORADA,25 a 29,502
RESIDENCIA HABITUAL IGNORADA,RESIDENCIA HABITUAL IGNORADA,30 a 34,457
RESIDENCIA HABITUAL IGNORADA,RESIDENCIA HABITUAL IGNORADA,35 a 39,310
RESIDENCIA HABITUAL IGNORADA,RESIDENCIA HABITUAL IGNORADA,40 a 44,231
RESIDENCIA HABITUAL IGNORADA,RESIDENCIA HABITUAL IGNORADA,45 a 49,207
RESIDENCIA HABITUAL IGNORADA,RESIDENCIA HABITUAL IGNORADA,50 a 54,139
RESIDENCIA HABITUAL IGNORADA,RESIDENCIA HABITUAL IGNORADA,55 a 59,105
RESIDENCIA HABITUAL IGNORADA,RESIDENCIA HABITUAL IGNORADA,60 a 64,82
RESIDENCIA HABITUAL IGNORADA,RESIDENCIA HABITUAL IGNORADA,65 a 69,53
RESIDENCIA HABITUAL IGNORADA,RESIDENCIA HABITUAL IGNORADA,70 a 74,51
RESIDENCIA HABITUAL IGNORADA,RESIDENCIA HABITUAL IGNORADA,75 a 79,30
RESIDENCIA HABITUAL IGNORADA,RESIDENCIA HABITUAL IGNORADA,80 a 84,14
RESIDENCIA HABITUAL IGNORADA,RESIDENCIA HABITUAL IGNORADA,85 a 89,15
RESIDENCIA HABITUAL IGNORADA,RESIDENCIA HABITUAL IGNORADA,90 a 94,8
RESIDENCIA HABITUAL IGNORADA,RESIDENCIA HABITUAL IGNORADA,95 a 99,3
RESIDENCIA HABITUAL IGNORADA,RESIDENCIA HABITUAL IGNORADA,100 o más,1
