Región,Comuna,País o continente de nacimiento,Inmigrantes internacionales
País,País,Total nacidos fuera del país,1608650.0
País,País,Argentina,70266.0
País,País,Bolivia (Estado Plurinacional de),168083.0
País,País,Colombia,197813.0
País,País,Haití,80781.0
País,País,Perú,233432.0
País,País,Venezuela (República Bolivariana de),669408.0
País,País,Otros países de América del Sur,78860.0
País,País,Otros países de América Central y El Caribe,40559.0
País,País,América del Norte,11329.0
País,País,Europa,33563.0
País,País,Asia,20047.0
País,País,África,1580.0
País,País,Oceanía,1477.0
País,País,País de nacimiento no declarado,1452.0
Arica y Parinacota,Arica,Total nacidos fuera del país,35592.0
Arica y Parinacota,Arica,Argentina,341.0
Arica y Parinacota,Arica,Bolivia (Estado Plurinacional de),13677.0
Arica y Parinacota,Arica,Colombia,1968.0
Arica y Parinacota,Arica,Haití,22.0
Arica y Parinacota,Arica,Perú,11206.0
Arica y Parinacota,Arica,Venezuela (República Bolivariana de),6597.0
Arica y Parinacota,Arica,Otros países de América del Sur,897.0
Arica y Parinacota,Arica,Otros países de América Central y El Caribe,467.0
Arica y Parinacota,Arica,América del Norte,67.0
Arica y Parinacota,Arica,Europa,236.0
Arica y Parinacota,Arica,Asia,80.0
Arica y Parinacota,Arica,África,9.0
Arica y Parinacota,Arica,Oceanía,10.0
Arica y Parinacota,Arica,País de nacimiento no declarado,15.0
Arica y Parinacota,Camarones,Total nacidos fuera del país,101.0
Arica y Parinacota,Camarones,Argentina,0.0
Arica y Parinacota,Camarones,Bolivia (Estado Plurinacional de),70.0
Arica y Parinacota,Camarones,Colombia,1.0
Arica y Parinacota,Camarones,Haití,0.0
Arica y Parinacota,Camarones,Perú,23.0
Arica y Parinacota,Camarones,Venezuela (República Bolivariana de),4.0
Arica y Parinacota,Camarones,Otros países de América del Sur,0.0
Arica y Parinacota,Camarones,Otros países de América Central y El Caribe,2.0
Arica y Parinacota,Camarones,América del Norte,1.0
Arica y Parinacota,Camarones,Europa,0.0
Arica y Parinacota,Camarones,Asia,0.0
Arica y Parinacota,Camarones,África,0.0
Arica y Parinacota,Camarones,Oceanía,0.0
Arica y Parinacota,Camarones,País de nacimiento no declarado,0.0
Arica y Parinacota,Putre,Total nacidos fuera del país,362.0
Arica y Parinacota,Putre,Argentina,1.0
Arica y Parinacota,Putre,Bolivia (Estado Plurinacional de),307.0
Arica y Parinacota,Putre,Colombia,0.0
Arica y Parinacota,Putre,Haití,0.0
Arica y Parinacota,Putre,Perú,46.0
Arica y Parinacota,Putre,Venezuela (República Bolivariana de),6.0
Arica y Parinacota,Putre,Otros países de América del Sur,0.0
Arica y Parinacota,Putre,Otros países de América Central y El Caribe,0.0
Arica y Parinacota,Putre,América del Norte,0.0
Arica y Parinacota,Putre,Europa,0.0
Arica y Parinacota,Putre,Asia,0.0
Arica y Parinacota,Putre,África,0.0
Arica y Parinacota,Putre,Oceanía,1.0
Arica y Parinacota,Putre,País de nacimiento no declarado,1.0
Arica y Parinacota,General Lagos,Total nacidos fuera del país,133.0
Arica y Parinacota,General Lagos,Argentina,0.0
Arica y Parinacota,General Lagos,Bolivia (Estado Plurinacional de),111.0
Arica y Parinacota,General Lagos,Colombia,0.0
Arica y Parinacota,General Lagos,Haití,0.0
Arica y Parinacota,General Lagos,Perú,20.0
Arica y Parinacota,General Lagos,Venezuela (República Bolivariana de),0.0
Arica y Parinacota,General Lagos,Otros países de América del Sur,2.0
Arica y Parinacota,General Lagos,Otros países de América Central y El Caribe,0.0
Arica y Parinacota,General Lagos,América del Norte,0.0
Arica y Parinacota,General Lagos,Europa,0.0
Arica y Parinacota,General Lagos,Asia,0.0
Arica y Parinacota,General Lagos,África,0.0
Arica y Parinacota,General Lagos,Oceanía,0.0
Arica y Parinacota,General Lagos,País de nacimiento no declarado,0.0
Tarapacá,Iquique,Total nacidos fuera del país,40655.0
Tarapacá,Iquique,Argentina,580.0
Tarapacá,Iquique,Bolivia (Estado Plurinacional de),17474.0
Tarapacá,Iquique,Colombia,2903.0
Tarapacá,Iquique,Haití,106.0
Tarapacá,Iquique,Perú,7642.0
Tarapacá,Iquique,Venezuela (República Bolivariana de),6977.0
Tarapacá,Iquique,Otros países de América del Sur,1833.0
Tarapacá,Iquique,Otros países de América Central y El Caribe,892.0
Tarapacá,Iquique,América del Norte,80.0
Tarapacá,Iquique,Europa,237.0
Tarapacá,Iquique,Asia,1840.0
Tarapacá,Iquique,África,29.0
Tarapacá,Iquique,Oceanía,9.0
Tarapacá,Iquique,País de nacimiento no declarado,53.0
Tarapacá,Alto Hospicio,Total nacidos fuera del país,37628.0
Tarapacá,Alto Hospicio,Argentina,330.0
Tarapacá,Alto Hospicio,Bolivia (Estado Plurinacional de),20614.0
Tarapacá,Alto Hospicio,Colombia,3150.0
Tarapacá,Alto Hospicio,Haití,128.0
Tarapacá,Alto Hospicio,Perú,7453.0
Tarapacá,Alto Hospicio,Venezuela (República Bolivariana de),3728.0
Tarapacá,Alto Hospicio,Otros países de América del Sur,1549.0
Tarapacá,Alto Hospicio,Otros países de América Central y El Caribe,477.0
Tarapacá,Alto Hospicio,América del Norte,18.0
Tarapacá,Alto Hospicio,Europa,64.0
Tarapacá,Alto Hospicio,Asia,95.0
Tarapacá,Alto Hospicio,África,13.0
Tarapacá,Alto Hospicio,Oceanía,2.0
Tarapacá,Alto Hospicio,País de nacimiento no declarado,7.0
Tarapacá,Pozo Almonte,Total nacidos fuera del país,3695.0
Tarapacá,Pozo Almonte,Argentina,19.0
Tarapacá,Pozo Almonte,Bolivia (Estado Plurinacional de),2618.0
Tarapacá,Pozo Almonte,Colombia,165.0
Tarapacá,Pozo Almonte,Haití,3.0
Tarapacá,Pozo Almonte,Perú,407.0
Tarapacá,Pozo Almonte,Venezuela (República Bolivariana de),355.0
Tarapacá,Pozo Almonte,Otros países de América del Sur,89.0
Tarapacá,Pozo Almonte,Otros países de América Central y El Caribe,17.0
Tarapacá,Pozo Almonte,América del Norte,3.0
Tarapacá,Pozo Almonte,Europa,12.0
Tarapacá,Pozo Almonte,Asia,6.0
Tarapacá,Pozo Almonte,África,0.0
Tarapacá,Pozo Almonte,Oceanía,0.0
Tarapacá,Pozo Almonte,País de nacimiento no declarado,1.0
Tarapacá,Camiña,Total nacidos fuera del país,245.0
Tarapacá,Camiña,Argentina,0.0
Tarapacá,Camiña,Bolivia (Estado Plurinacional de),231.0
Tarapacá,Camiña,Colombia,2.0
Tarapacá,Camiña,Haití,0.0
Tarapacá,Camiña,Perú,8.0
Tarapacá,Camiña,Venezuela (República Bolivariana de),1.0
Tarapacá,Camiña,Otros países de América del Sur,3.0
Tarapacá,Camiña,Otros países de América Central y El Caribe,0.0
Tarapacá,Camiña,América del Norte,0.0
Tarapacá,Camiña,Europa,0.0
Tarapacá,Camiña,Asia,0.0
Tarapacá,Camiña,África,0.0
Tarapacá,Camiña,Oceanía,0.0
Tarapacá,Camiña,País de nacimiento no declarado,0.0
Tarapacá,Colchane,Total nacidos fuera del país,338.0
Tarapacá,Colchane,Argentina,0.0
Tarapacá,Colchane,Bolivia (Estado Plurinacional de),244.0
Tarapacá,Colchane,Colombia,10.0
Tarapacá,Colchane,Haití,0.0
Tarapacá,Colchane,Perú,2.0
Tarapacá,Colchane,Venezuela (República Bolivariana de),81.0
Tarapacá,Colchane,Otros países de América del Sur,1.0
Tarapacá,Colchane,Otros países de América Central y El Caribe,0.0
Tarapacá,Colchane,América del Norte,0.0
Tarapacá,Colchane,Europa,0.0
Tarapacá,Colchane,Asia,0.0
Tarapacá,Colchane,África,0.0
Tarapacá,Colchane,Oceanía,0.0
Tarapacá,Colchane,País de nacimiento no declarado,0.0
Tarapacá,Huara,Total nacidos fuera del país,688.0
Tarapacá,Huara,Argentina,4.0
Tarapacá,Huara,Bolivia (Estado Plurinacional de),533.0
Tarapacá,Huara,Colombia,7.0
Tarapacá,Huara,Haití,0.0
Tarapacá,Huara,Perú,99.0
Tarapacá,Huara,Venezuela (República Bolivariana de),33.0
Tarapacá,Huara,Otros países de América del Sur,3.0
Tarapacá,Huara,Otros países de América Central y El Caribe,4.0
Tarapacá,Huara,América del Norte,0.0
Tarapacá,Huara,Europa,3.0
Tarapacá,Huara,Asia,2.0
Tarapacá,Huara,África,0.0
Tarapacá,Huara,Oceanía,0.0
Tarapacá,Huara,País de nacimiento no declarado,0.0
Tarapacá,Pica,Total nacidos fuera del país,1686.0
Tarapacá,Pica,Argentina,15.0
Tarapacá,Pica,Bolivia (Estado Plurinacional de),1466.0
Tarapacá,Pica,Colombia,22.0
Tarapacá,Pica,Haití,2.0
Tarapacá,Pica,Perú,55.0
Tarapacá,Pica,Venezuela (República Bolivariana de),87.0
Tarapacá,Pica,Otros países de América del Sur,15.0
Tarapacá,Pica,Otros países de América Central y El Caribe,16.0
Tarapacá,Pica,América del Norte,1.0
Tarapacá,Pica,Europa,6.0
Tarapacá,Pica,Asia,0.0
Tarapacá,Pica,África,1.0
Tarapacá,Pica,Oceanía,0.0
Tarapacá,Pica,País de nacimiento no declarado,0.0
Antofagasta,Antofagasta,Total nacidos fuera del país,76793.0
Antofagasta,Antofagasta,Argentina,1239.0
Antofagasta,Antofagasta,Bolivia (Estado Plurinacional de),19940.0
Antofagasta,Antofagasta,Colombia,29254.0
Antofagasta,Antofagasta,Haití,38.0
Antofagasta,Antofagasta,Perú,10189.0
Antofagasta,Antofagasta,Venezuela (República Bolivariana de),11528.0
Antofagasta,Antofagasta,Otros países de América del Sur,3192.0
Antofagasta,Antofagasta,Otros países de América Central y El Caribe,610.0
Antofagasta,Antofagasta,América del Norte,108.0
Antofagasta,Antofagasta,Europa,370.0
Antofagasta,Antofagasta,Asia,238.0
Antofagasta,Antofagasta,África,38.0
Antofagasta,Antofagasta,Oceanía,10.0
Antofagasta,Antofagasta,País de nacimiento no declarado,39.0
Antofagasta,Mejillones,Total nacidos fuera del país,4202.0
Antofagasta,Mejillones,Argentina,41.0
Antofagasta,Mejillones,Bolivia (Estado Plurinacional de),2890.0
Antofagasta,Mejillones,Colombia,822.0
Antofagasta,Mejillones,Haití,1.0
Antofagasta,Mejillones,Perú,171.0
Antofagasta,Mejillones,Venezuela (República Bolivariana de),169.0
Antofagasta,Mejillones,Otros países de América del Sur,66.0
Antofagasta,Mejillones,Otros países de América Central y El Caribe,13.0
Antofagasta,Mejillones,América del Norte,1.0
Antofagasta,Mejillones,Europa,13.0
Antofagasta,Mejillones,Asia,10.0
Antofagasta,Mejillones,África,5.0
Antofagasta,Mejillones,Oceanía,0.0
Antofagasta,Mejillones,País de nacimiento no declarado,0.0
Antofagasta,Sierra Gorda,Total nacidos fuera del país,468.0
Antofagasta,Sierra Gorda,Argentina,5.0
Antofagasta,Sierra Gorda,Bolivia (Estado Plurinacional de),350.0
Antofagasta,Sierra Gorda,Colombia,35.0
Antofagasta,Sierra Gorda,Haití,0.0
Antofagasta,Sierra Gorda,Perú,44.0
Antofagasta,Sierra Gorda,Venezuela (República Bolivariana de),22.0
Antofagasta,Sierra Gorda,Otros países de América del Sur,10.0
Antofagasta,Sierra Gorda,Otros países de América Central y El Caribe,1.0
Antofagasta,Sierra Gorda,América del Norte,0.0
Antofagasta,Sierra Gorda,Europa,1.0
Antofagasta,Sierra Gorda,Asia,0.0
Antofagasta,Sierra Gorda,África,0.0
Antofagasta,Sierra Gorda,Oceanía,0.0
Antofagasta,Sierra Gorda,País de nacimiento no declarado,0.0
Antofagasta,Taltal,Total nacidos fuera del país,948.0
Antofagasta,Taltal,Argentina,6.0
Antofagasta,Taltal,Bolivia (Estado Plurinacional de),206.0
Antofagasta,Taltal,Colombia,395.0
Antofagasta,Taltal,Haití,1.0
Antofagasta,Taltal,Perú,140.0
Antofagasta,Taltal,Venezuela (República Bolivariana de),127.0
Antofagasta,Taltal,Otros países de América del Sur,63.0
Antofagasta,Taltal,Otros países de América Central y El Caribe,6.0
Antofagasta,Taltal,América del Norte,0.0
Antofagasta,Taltal,Europa,4.0
Antofagasta,Taltal,Asia,0.0
Antofagasta,Taltal,África,0.0
Antofagasta,Taltal,Oceanía,0.0
Antofagasta,Taltal,País de nacimiento no declarado,0.0
Antofagasta,Calama,Total nacidos fuera del país,35221.0
Antofagasta,Calama,Argentina,568.0
Antofagasta,Calama,Bolivia (Estado Plurinacional de),22577.0
Antofagasta,Calama,Colombia,4083.0
Antofagasta,Calama,Haití,13.0
Antofagasta,Calama,Perú,2933.0
Antofagasta,Calama,Venezuela (República Bolivariana de),3807.0
Antofagasta,Calama,Otros países de América del Sur,755.0
Antofagasta,Calama,Otros países de América Central y El Caribe,229.0
Antofagasta,Calama,América del Norte,24.0
Antofagasta,Calama,Europa,105.0
Antofagasta,Calama,Asia,81.0
Antofagasta,Calama,África,8.0
Antofagasta,Calama,Oceanía,2.0
Antofagasta,Calama,País de nacimiento no declarado,36.0
Antofagasta,Ollagüe,Total nacidos fuera del país,62.0
Antofagasta,Ollagüe,Argentina,0.0
Antofagasta,Ollagüe,Bolivia (Estado Plurinacional de),59.0
Antofagasta,Ollagüe,Colombia,0.0
Antofagasta,Ollagüe,Haití,0.0
Antofagasta,Ollagüe,Perú,2.0
Antofagasta,Ollagüe,Venezuela (República Bolivariana de),1.0
Antofagasta,Ollagüe,Otros países de América del Sur,0.0
Antofagasta,Ollagüe,Otros países de América Central y El Caribe,0.0
Antofagasta,Ollagüe,América del Norte,0.0
Antofagasta,Ollagüe,Europa,0.0
Antofagasta,Ollagüe,Asia,0.0
Antofagasta,Ollagüe,África,0.0
Antofagasta,Ollagüe,Oceanía,0.0
Antofagasta,Ollagüe,País de nacimiento no declarado,0.0
Antofagasta,San Pedro de Atacama,Total nacidos fuera del país,2740.0
Antofagasta,San Pedro de Atacama,Argentina,92.0
Antofagasta,San Pedro de Atacama,Bolivia (Estado Plurinacional de),2049.0
Antofagasta,San Pedro de Atacama,Colombia,106.0
Antofagasta,San Pedro de Atacama,Haití,3.0
Antofagasta,San Pedro de Atacama,Perú,261.0
Antofagasta,San Pedro de Atacama,Venezuela (República Bolivariana de),82.0
Antofagasta,San Pedro de Atacama,Otros países de América del Sur,79.0
Antofagasta,San Pedro de Atacama,Otros países de América Central y El Caribe,17.0
Antofagasta,San Pedro de Atacama,América del Norte,0.0
Antofagasta,San Pedro de Atacama,Europa,46.0
Antofagasta,San Pedro de Atacama,Asia,3.0
Antofagasta,San Pedro de Atacama,África,2.0
Antofagasta,San Pedro de Atacama,Oceanía,0.0
Antofagasta,San Pedro de Atacama,País de nacimiento no declarado,0.0
Antofagasta,Tocopilla,Total nacidos fuera del país,2802.0
Antofagasta,Tocopilla,Argentina,23.0
Antofagasta,Tocopilla,Bolivia (Estado Plurinacional de),1194.0
Antofagasta,Tocopilla,Colombia,806.0
Antofagasta,Tocopilla,Haití,0.0
Antofagasta,Tocopilla,Perú,310.0
Antofagasta,Tocopilla,Venezuela (República Bolivariana de),333.0
Antofagasta,Tocopilla,Otros países de América del Sur,79.0
Antofagasta,Tocopilla,Otros países de América Central y El Caribe,20.0
Antofagasta,Tocopilla,América del Norte,1.0
Antofagasta,Tocopilla,Europa,12.0
Antofagasta,Tocopilla,Asia,14.0
Antofagasta,Tocopilla,África,1.0
Antofagasta,Tocopilla,Oceanía,0.0
Antofagasta,Tocopilla,País de nacimiento no declarado,9.0
Antofagasta,María Elena,Total nacidos fuera del país,770.0
Antofagasta,María Elena,Argentina,17.0
Antofagasta,María Elena,Bolivia (Estado Plurinacional de),548.0
Antofagasta,María Elena,Colombia,108.0
Antofagasta,María Elena,Haití,0.0
Antofagasta,María Elena,Perú,54.0
Antofagasta,María Elena,Venezuela (República Bolivariana de),31.0
Antofagasta,María Elena,Otros países de América del Sur,7.0
Antofagasta,María Elena,Otros países de América Central y El Caribe,2.0
Antofagasta,María Elena,América del Norte,0.0
Antofagasta,María Elena,Europa,2.0
Antofagasta,María Elena,Asia,0.0
Antofagasta,María Elena,África,0.0
Antofagasta,María Elena,Oceanía,0.0
Antofagasta,María Elena,País de nacimiento no declarado,1.0
Atacama,Copiapó,Total nacidos fuera del país,19207.0
Atacama,Copiapó,Argentina,364.0
Atacama,Copiapó,Bolivia (Estado Plurinacional de),7278.0
Atacama,Copiapó,Colombia,3338.0
Atacama,Copiapó,Haití,71.0
Atacama,Copiapó,Perú,1869.0
Atacama,Copiapó,Venezuela (República Bolivariana de),4766.0
Atacama,Copiapó,Otros países de América del Sur,896.0
Atacama,Copiapó,Otros países de América Central y El Caribe,304.0
Atacama,Copiapó,América del Norte,24.0
Atacama,Copiapó,Europa,137.0
Atacama,Copiapó,Asia,142.0
Atacama,Copiapó,África,4.0
Atacama,Copiapó,Oceanía,0.0
Atacama,Copiapó,País de nacimiento no declarado,14.0
Atacama,Caldera,Total nacidos fuera del país,1114.0
Atacama,Caldera,Argentina,41.0
Atacama,Caldera,Bolivia (Estado Plurinacional de),128.0
Atacama,Caldera,Colombia,227.0
Atacama,Caldera,Haití,10.0
Atacama,Caldera,Perú,133.0
Atacama,Caldera,Venezuela (República Bolivariana de),365.0
Atacama,Caldera,Otros países de América del Sur,108.0
Atacama,Caldera,Otros países de América Central y El Caribe,67.0
Atacama,Caldera,América del Norte,3.0
Atacama,Caldera,Europa,11.0
Atacama,Caldera,Asia,19.0
Atacama,Caldera,África,1.0
Atacama,Caldera,Oceanía,1.0
Atacama,Caldera,País de nacimiento no declarado,0.0
Atacama,Tierra Amarilla,Total nacidos fuera del país,682.0
Atacama,Tierra Amarilla,Argentina,9.0
Atacama,Tierra Amarilla,Bolivia (Estado Plurinacional de),388.0
Atacama,Tierra Amarilla,Colombia,113.0
Atacama,Tierra Amarilla,Haití,4.0
Atacama,Tierra Amarilla,Perú,36.0
Atacama,Tierra Amarilla,Venezuela (República Bolivariana de),56.0
Atacama,Tierra Amarilla,Otros países de América del Sur,27.0
Atacama,Tierra Amarilla,Otros países de América Central y El Caribe,35.0
Atacama,Tierra Amarilla,América del Norte,0.0
Atacama,Tierra Amarilla,Europa,2.0
Atacama,Tierra Amarilla,Asia,11.0
Atacama,Tierra Amarilla,África,1.0
Atacama,Tierra Amarilla,Oceanía,0.0
Atacama,Tierra Amarilla,País de nacimiento no declarado,0.0
Atacama,Chañaral,Total nacidos fuera del país,463.0
Atacama,Chañaral,Argentina,9.0
Atacama,Chañaral,Bolivia (Estado Plurinacional de),160.0
Atacama,Chañaral,Colombia,106.0
Atacama,Chañaral,Haití,0.0
Atacama,Chañaral,Perú,63.0
Atacama,Chañaral,Venezuela (República Bolivariana de),100.0
Atacama,Chañaral,Otros países de América del Sur,13.0
Atacama,Chañaral,Otros países de América Central y El Caribe,2.0
Atacama,Chañaral,América del Norte,1.0
Atacama,Chañaral,Europa,3.0
Atacama,Chañaral,Asia,6.0
Atacama,Chañaral,África,0.0
Atacama,Chañaral,Oceanía,0.0
Atacama,Chañaral,País de nacimiento no declarado,0.0
Atacama,Diego de Almagro,Total nacidos fuera del país,735.0
Atacama,Diego de Almagro,Argentina,22.0
Atacama,Diego de Almagro,Bolivia (Estado Plurinacional de),77.0
Atacama,Diego de Almagro,Colombia,300.0
Atacama,Diego de Almagro,Haití,5.0
Atacama,Diego de Almagro,Perú,56.0
Atacama,Diego de Almagro,Venezuela (República Bolivariana de),154.0
Atacama,Diego de Almagro,Otros países de América del Sur,45.0
Atacama,Diego de Almagro,Otros países de América Central y El Caribe,69.0
Atacama,Diego de Almagro,América del Norte,0.0
Atacama,Diego de Almagro,Europa,5.0
Atacama,Diego de Almagro,Asia,0.0
Atacama,Diego de Almagro,África,0.0
Atacama,Diego de Almagro,Oceanía,1.0
Atacama,Diego de Almagro,País de nacimiento no declarado,1.0
Atacama,Vallenar,Total nacidos fuera del país,2336.0
Atacama,Vallenar,Argentina,61.0
Atacama,Vallenar,Bolivia (Estado Plurinacional de),318.0
Atacama,Vallenar,Colombia,681.0
Atacama,Vallenar,Haití,31.0
Atacama,Vallenar,Perú,127.0
Atacama,Vallenar,Venezuela (República Bolivariana de),926.0
Atacama,Vallenar,Otros países de América del Sur,72.0
Atacama,Vallenar,Otros países de América Central y El Caribe,46.0
Atacama,Vallenar,América del Norte,11.0
Atacama,Vallenar,Europa,18.0
Atacama,Vallenar,Asia,32.0
Atacama,Vallenar,África,5.0
Atacama,Vallenar,Oceanía,2.0
Atacama,Vallenar,País de nacimiento no declarado,6.0
Atacama,Alto del Carmen,Total nacidos fuera del país,86.0
Atacama,Alto del Carmen,Argentina,3.0
Atacama,Alto del Carmen,Bolivia (Estado Plurinacional de),23.0
Atacama,Alto del Carmen,Colombia,10.0
Atacama,Alto del Carmen,Haití,0.0
Atacama,Alto del Carmen,Perú,15.0
Atacama,Alto del Carmen,Venezuela (República Bolivariana de),21.0
Atacama,Alto del Carmen,Otros países de América del Sur,3.0
Atacama,Alto del Carmen,Otros países de América Central y El Caribe,6.0
Atacama,Alto del Carmen,América del Norte,1.0
Atacama,Alto del Carmen,Europa,4.0
Atacama,Alto del Carmen,Asia,0.0
Atacama,Alto del Carmen,África,0.0
Atacama,Alto del Carmen,Oceanía,0.0
Atacama,Alto del Carmen,País de nacimiento no declarado,0.0
Atacama,Freirina,Total nacidos fuera del país,92.0
Atacama,Freirina,Argentina,3.0
Atacama,Freirina,Bolivia (Estado Plurinacional de),22.0
Atacama,Freirina,Colombia,24.0
Atacama,Freirina,Haití,0.0
Atacama,Freirina,Perú,12.0
Atacama,Freirina,Venezuela (República Bolivariana de),16.0
Atacama,Freirina,Otros países de América del Sur,6.0
Atacama,Freirina,Otros países de América Central y El Caribe,5.0
Atacama,Freirina,América del Norte,0.0
Atacama,Freirina,Europa,3.0
Atacama,Freirina,Asia,1.0
Atacama,Freirina,África,0.0
Atacama,Freirina,Oceanía,0.0
Atacama,Freirina,País de nacimiento no declarado,0.0
Atacama,Huasco,Total nacidos fuera del país,452.0
Atacama,Huasco,Argentina,14.0
Atacama,Huasco,Bolivia (Estado Plurinacional de),83.0
Atacama,Huasco,Colombia,146.0
Atacama,Huasco,Haití,21.0
Atacama,Huasco,Perú,26.0
Atacama,Huasco,Venezuela (República Bolivariana de),119.0
Atacama,Huasco,Otros países de América del Sur,22.0
Atacama,Huasco,Otros países de América Central y El Caribe,8.0
Atacama,Huasco,América del Norte,0.0
Atacama,Huasco,Europa,9.0
Atacama,Huasco,Asia,4.0
Atacama,Huasco,África,0.0
Atacama,Huasco,Oceanía,0.0
Atacama,Huasco,País de nacimiento no declarado,0.0
Coquimbo,La Serena,Total nacidos fuera del país,15544.0
Coquimbo,La Serena,Argentina,889.0
Coquimbo,La Serena,Bolivia (Estado Plurinacional de),833.0
Coquimbo,La Serena,Colombia,2790.0
Coquimbo,La Serena,Haití,399.0
Coquimbo,La Serena,Perú,904.0
Coquimbo,La Serena,Venezuela (República Bolivariana de),7816.0
Coquimbo,La Serena,Otros países de América del Sur,674.0
Coquimbo,La Serena,Otros países de América Central y El Caribe,383.0
Coquimbo,La Serena,América del Norte,126.0
Coquimbo,La Serena,Europa,492.0
Coquimbo,La Serena,Asia,191.0
Coquimbo,La Serena,África,19.0
Coquimbo,La Serena,Oceanía,16.0
Coquimbo,La Serena,País de nacimiento no declarado,12.0
Coquimbo,Coquimbo,Total nacidos fuera del país,16971.0
Coquimbo,Coquimbo,Argentina,932.0
Coquimbo,Coquimbo,Bolivia (Estado Plurinacional de),1318.0
Coquimbo,Coquimbo,Colombia,2982.0
Coquimbo,Coquimbo,Haití,1099.0
Coquimbo,Coquimbo,Perú,1017.0
Coquimbo,Coquimbo,Venezuela (República Bolivariana de),7662.0
Coquimbo,Coquimbo,Otros países de América del Sur,1028.0
Coquimbo,Coquimbo,Otros países de América Central y El Caribe,414.0
Coquimbo,Coquimbo,América del Norte,77.0
Coquimbo,Coquimbo,Europa,304.0
Coquimbo,Coquimbo,Asia,114.0
Coquimbo,Coquimbo,África,6.0
Coquimbo,Coquimbo,Oceanía,9.0
Coquimbo,Coquimbo,País de nacimiento no declarado,9.0
Coquimbo,Andacollo,Total nacidos fuera del país,135.0
Coquimbo,Andacollo,Argentina,7.0
Coquimbo,Andacollo,Bolivia (Estado Plurinacional de),15.0
Coquimbo,Andacollo,Colombia,26.0
Coquimbo,Andacollo,Haití,0.0
Coquimbo,Andacollo,Perú,23.0
Coquimbo,Andacollo,Venezuela (República Bolivariana de),39.0
Coquimbo,Andacollo,Otros países de América del Sur,10.0
Coquimbo,Andacollo,Otros países de América Central y El Caribe,4.0
Coquimbo,Andacollo,América del Norte,3.0
Coquimbo,Andacollo,Europa,3.0
Coquimbo,Andacollo,Asia,5.0
Coquimbo,Andacollo,África,0.0
Coquimbo,Andacollo,Oceanía,0.0
Coquimbo,Andacollo,País de nacimiento no declarado,0.0
Coquimbo,La Higuera,Total nacidos fuera del país,110.0
Coquimbo,La Higuera,Argentina,4.0
Coquimbo,La Higuera,Bolivia (Estado Plurinacional de),15.0
Coquimbo,La Higuera,Colombia,22.0
Coquimbo,La Higuera,Haití,3.0
Coquimbo,La Higuera,Perú,6.0
Coquimbo,La Higuera,Venezuela (República Bolivariana de),41.0
Coquimbo,La Higuera,Otros países de América del Sur,9.0
Coquimbo,La Higuera,Otros países de América Central y El Caribe,6.0
Coquimbo,La Higuera,América del Norte,1.0
Coquimbo,La Higuera,Europa,2.0
Coquimbo,La Higuera,Asia,0.0
Coquimbo,La Higuera,África,0.0
Coquimbo,La Higuera,Oceanía,1.0
Coquimbo,La Higuera,País de nacimiento no declarado,0.0
Coquimbo,Paihuano,Total nacidos fuera del país,122.0
Coquimbo,Paihuano,Argentina,15.0
Coquimbo,Paihuano,Bolivia (Estado Plurinacional de),12.0
Coquimbo,Paihuano,Colombia,15.0
Coquimbo,Paihuano,Haití,1.0
Coquimbo,Paihuano,Perú,6.0
Coquimbo,Paihuano,Venezuela (República Bolivariana de),49.0
Coquimbo,Paihuano,Otros países de América del Sur,7.0
Coquimbo,Paihuano,Otros países de América Central y El Caribe,1.0
Coquimbo,Paihuano,América del Norte,5.0
Coquimbo,Paihuano,Europa,11.0
Coquimbo,Paihuano,Asia,0.0
Coquimbo,Paihuano,África,0.0
Coquimbo,Paihuano,Oceanía,0.0
Coquimbo,Paihuano,País de nacimiento no declarado,0.0
Coquimbo,Vicuña,Total nacidos fuera del país,1239.0
Coquimbo,Vicuña,Argentina,51.0
Coquimbo,Vicuña,Bolivia (Estado Plurinacional de),448.0
Coquimbo,Vicuña,Colombia,72.0
Coquimbo,Vicuña,Haití,68.0
Coquimbo,Vicuña,Perú,61.0
Coquimbo,Vicuña,Venezuela (República Bolivariana de),405.0
Coquimbo,Vicuña,Otros países de América del Sur,64.0
Coquimbo,Vicuña,Otros países de América Central y El Caribe,17.0
Coquimbo,Vicuña,América del Norte,6.0
Coquimbo,Vicuña,Europa,35.0
Coquimbo,Vicuña,Asia,9.0
Coquimbo,Vicuña,África,2.0
Coquimbo,Vicuña,Oceanía,1.0
Coquimbo,Vicuña,País de nacimiento no declarado,0.0
Coquimbo,Illapel,Total nacidos fuera del país,988.0
Coquimbo,Illapel,Argentina,55.0
Coquimbo,Illapel,Bolivia (Estado Plurinacional de),66.0
Coquimbo,Illapel,Colombia,70.0
Coquimbo,Illapel,Haití,32.0
Coquimbo,Illapel,Perú,123.0
Coquimbo,Illapel,Venezuela (República Bolivariana de),533.0
Coquimbo,Illapel,Otros países de América del Sur,59.0
Coquimbo,Illapel,Otros países de América Central y El Caribe,24.0
Coquimbo,Illapel,América del Norte,5.0
Coquimbo,Illapel,Europa,12.0
Coquimbo,Illapel,Asia,7.0
Coquimbo,Illapel,África,1.0
Coquimbo,Illapel,Oceanía,1.0
Coquimbo,Illapel,País de nacimiento no declarado,0.0
Coquimbo,Canela,Total nacidos fuera del país,88.0
Coquimbo,Canela,Argentina,6.0
Coquimbo,Canela,Bolivia (Estado Plurinacional de),11.0
Coquimbo,Canela,Colombia,15.0
Coquimbo,Canela,Haití,0.0
Coquimbo,Canela,Perú,19.0
Coquimbo,Canela,Venezuela (República Bolivariana de),20.0
Coquimbo,Canela,Otros países de América del Sur,8.0
Coquimbo,Canela,Otros países de América Central y El Caribe,4.0
Coquimbo,Canela,América del Norte,0.0
Coquimbo,Canela,Europa,3.0
Coquimbo,Canela,Asia,2.0
Coquimbo,Canela,África,0.0
Coquimbo,Canela,Oceanía,0.0
Coquimbo,Canela,País de nacimiento no declarado,0.0
Coquimbo,Los Vilos,Total nacidos fuera del país,1382.0
Coquimbo,Los Vilos,Argentina,62.0
Coquimbo,Los Vilos,Bolivia (Estado Plurinacional de),48.0
Coquimbo,Los Vilos,Colombia,213.0
Coquimbo,Los Vilos,Haití,38.0
Coquimbo,Los Vilos,Perú,52.0
Coquimbo,Los Vilos,Venezuela (República Bolivariana de),853.0
Coquimbo,Los Vilos,Otros países de América del Sur,48.0
Coquimbo,Los Vilos,Otros países de América Central y El Caribe,37.0
Coquimbo,Los Vilos,América del Norte,0.0
Coquimbo,Los Vilos,Europa,21.0
Coquimbo,Los Vilos,Asia,8.0
Coquimbo,Los Vilos,África,1.0
Coquimbo,Los Vilos,Oceanía,1.0
Coquimbo,Los Vilos,País de nacimiento no declarado,0.0
Coquimbo,Salamanca,Total nacidos fuera del país,1271.0
Coquimbo,Salamanca,Argentina,46.0
Coquimbo,Salamanca,Bolivia (Estado Plurinacional de),84.0
Coquimbo,Salamanca,Colombia,141.0
Coquimbo,Salamanca,Haití,50.0
Coquimbo,Salamanca,Perú,242.0
Coquimbo,Salamanca,Venezuela (República Bolivariana de),504.0
Coquimbo,Salamanca,Otros países de América del Sur,123.0
Coquimbo,Salamanca,Otros países de América Central y El Caribe,55.0
Coquimbo,Salamanca,América del Norte,6.0
Coquimbo,Salamanca,Europa,11.0
Coquimbo,Salamanca,Asia,8.0
Coquimbo,Salamanca,África,1.0
Coquimbo,Salamanca,Oceanía,0.0
Coquimbo,Salamanca,País de nacimiento no declarado,0.0
Coquimbo,Ovalle,Total nacidos fuera del país,5834.0
Coquimbo,Ovalle,Argentina,164.0
Coquimbo,Ovalle,Bolivia (Estado Plurinacional de),1325.0
Coquimbo,Ovalle,Colombia,934.0
Coquimbo,Ovalle,Haití,349.0
Coquimbo,Ovalle,Perú,459.0
Coquimbo,Ovalle,Venezuela (República Bolivariana de),2120.0
Coquimbo,Ovalle,Otros países de América del Sur,250.0
Coquimbo,Ovalle,Otros países de América Central y El Caribe,90.0
Coquimbo,Ovalle,América del Norte,17.0
Coquimbo,Ovalle,Europa,46.0
Coquimbo,Ovalle,Asia,68.0
Coquimbo,Ovalle,África,4.0
Coquimbo,Ovalle,Oceanía,0.0
Coquimbo,Ovalle,País de nacimiento no declarado,8.0
Coquimbo,Combarbalá,Total nacidos fuera del país,168.0
Coquimbo,Combarbalá,Argentina,11.0
Coquimbo,Combarbalá,Bolivia (Estado Plurinacional de),29.0
Coquimbo,Combarbalá,Colombia,8.0
Coquimbo,Combarbalá,Haití,4.0
Coquimbo,Combarbalá,Perú,15.0
Coquimbo,Combarbalá,Venezuela (República Bolivariana de),76.0
Coquimbo,Combarbalá,Otros países de América del Sur,12.0
Coquimbo,Combarbalá,Otros países de América Central y El Caribe,3.0
Coquimbo,Combarbalá,América del Norte,1.0
Coquimbo,Combarbalá,Europa,5.0
Coquimbo,Combarbalá,Asia,0.0
Coquimbo,Combarbalá,África,0.0
Coquimbo,Combarbalá,Oceanía,4.0
Coquimbo,Combarbalá,País de nacimiento no declarado,0.0
Coquimbo,Monte Patria,Total nacidos fuera del país,452.0
Coquimbo,Monte Patria,Argentina,43.0
Coquimbo,Monte Patria,Bolivia (Estado Plurinacional de),198.0
Coquimbo,Monte Patria,Colombia,32.0
Coquimbo,Monte Patria,Haití,42.0
Coquimbo,Monte Patria,Perú,38.0
Coquimbo,Monte Patria,Venezuela (República Bolivariana de),48.0
Coquimbo,Monte Patria,Otros países de América del Sur,31.0
Coquimbo,Monte Patria,Otros países de América Central y El Caribe,7.0
Coquimbo,Monte Patria,América del Norte,3.0
Coquimbo,Monte Patria,Europa,6.0
Coquimbo,Monte Patria,Asia,2.0
Coquimbo,Monte Patria,África,2.0
Coquimbo,Monte Patria,Oceanía,0.0
Coquimbo,Monte Patria,País de nacimiento no declarado,0.0
Coquimbo,Punitaqui,Total nacidos fuera del país,236.0
Coquimbo,Punitaqui,Argentina,20.0
Coquimbo,Punitaqui,Bolivia (Estado Plurinacional de),108.0
Coquimbo,Punitaqui,Colombia,24.0
Coquimbo,Punitaqui,Haití,7.0
Coquimbo,Punitaqui,Perú,17.0
Coquimbo,Punitaqui,Venezuela (República Bolivariana de),48.0
Coquimbo,Punitaqui,Otros países de América del Sur,8.0
Coquimbo,Punitaqui,Otros países de América Central y El Caribe,2.0
Coquimbo,Punitaqui,América del Norte,0.0
Coquimbo,Punitaqui,Europa,1.0
Coquimbo,Punitaqui,Asia,0.0
Coquimbo,Punitaqui,África,1.0
Coquimbo,Punitaqui,Oceanía,0.0
Coquimbo,Punitaqui,País de nacimiento no declarado,0.0
Coquimbo,Río Hurtado,Total nacidos fuera del país,38.0
Coquimbo,Río Hurtado,Argentina,13.0
Coquimbo,Río Hurtado,Bolivia (Estado Plurinacional de),7.0
Coquimbo,Río Hurtado,Colombia,1.0
Coquimbo,Río Hurtado,Haití,1.0
Coquimbo,Río Hurtado,Perú,2.0
Coquimbo,Río Hurtado,Venezuela (República Bolivariana de),1.0
Coquimbo,Río Hurtado,Otros países de América del Sur,3.0
Coquimbo,Río Hurtado,Otros países de América Central y El Caribe,0.0
Coquimbo,Río Hurtado,América del Norte,0.0
Coquimbo,Río Hurtado,Europa,10.0
Coquimbo,Río Hurtado,Asia,0.0
Coquimbo,Río Hurtado,África,0.0
Coquimbo,Río Hurtado,Oceanía,0.0
Coquimbo,Río Hurtado,País de nacimiento no declarado,0.0
Valparaíso,Valparaíso,Total nacidos fuera del país,13223.0
Valparaíso,Valparaíso,Argentina,1174.0
Valparaíso,Valparaíso,Bolivia (Estado Plurinacional de),260.0
Valparaíso,Valparaíso,Colombia,1336.0
Valparaíso,Valparaíso,Haití,489.0
Valparaíso,Valparaíso,Perú,761.0
Valparaíso,Valparaíso,Venezuela (República Bolivariana de),6951.0
Valparaíso,Valparaíso,Otros países de América del Sur,652.0
Valparaíso,Valparaíso,Otros países de América Central y El Caribe,417.0
Valparaíso,Valparaíso,América del Norte,196.0
Valparaíso,Valparaíso,Europa,793.0
Valparaíso,Valparaíso,Asia,127.0
Valparaíso,Valparaíso,África,24.0
Valparaíso,Valparaíso,Oceanía,30.0
Valparaíso,Valparaíso,País de nacimiento no declarado,13.0
Valparaíso,Casablanca,Total nacidos fuera del país,2250.0
Valparaíso,Casablanca,Argentina,83.0
Valparaíso,Casablanca,Bolivia (Estado Plurinacional de),30.0
Valparaíso,Casablanca,Colombia,126.0
Valparaíso,Casablanca,Haití,149.0
Valparaíso,Casablanca,Perú,84.0
Valparaíso,Casablanca,Venezuela (República Bolivariana de),1567.0
Valparaíso,Casablanca,Otros países de América del Sur,74.0
Valparaíso,Casablanca,Otros países de América Central y El Caribe,30.0
Valparaíso,Casablanca,América del Norte,29.0
Valparaíso,Casablanca,Europa,55.0
Valparaíso,Casablanca,Asia,13.0
Valparaíso,Casablanca,África,5.0
Valparaíso,Casablanca,Oceanía,3.0
Valparaíso,Casablanca,País de nacimiento no declarado,2.0
Valparaíso,Concón,Total nacidos fuera del país,4065.0
Valparaíso,Concón,Argentina,369.0
Valparaíso,Concón,Bolivia (Estado Plurinacional de),45.0
Valparaíso,Concón,Colombia,366.0
Valparaíso,Concón,Haití,36.0
Valparaíso,Concón,Perú,286.0
Valparaíso,Concón,Venezuela (República Bolivariana de),1994.0
Valparaíso,Concón,Otros países de América del Sur,312.0
Valparaíso,Concón,Otros países de América Central y El Caribe,102.0
Valparaíso,Concón,América del Norte,151.0
Valparaíso,Concón,Europa,330.0
Valparaíso,Concón,Asia,40.0
Valparaíso,Concón,África,11.0
Valparaíso,Concón,Oceanía,17.0
Valparaíso,Concón,País de nacimiento no declarado,6.0
Valparaíso,Juan Fernández,Total nacidos fuera del país,20.0
Valparaíso,Juan Fernández,Argentina,1.0
Valparaíso,Juan Fernández,Bolivia (Estado Plurinacional de),0.0
Valparaíso,Juan Fernández,Colombia,1.0
Valparaíso,Juan Fernández,Haití,0.0
Valparaíso,Juan Fernández,Perú,9.0
Valparaíso,Juan Fernández,Venezuela (República Bolivariana de),4.0
Valparaíso,Juan Fernández,Otros países de América del Sur,1.0
Valparaíso,Juan Fernández,Otros países de América Central y El Caribe,2.0
Valparaíso,Juan Fernández,América del Norte,1.0
Valparaíso,Juan Fernández,Europa,1.0
Valparaíso,Juan Fernández,Asia,0.0
Valparaíso,Juan Fernández,África,0.0
Valparaíso,Juan Fernández,Oceanía,0.0
Valparaíso,Juan Fernández,País de nacimiento no declarado,0.0
Valparaíso,Puchuncaví,Total nacidos fuera del país,949.0
Valparaíso,Puchuncaví,Argentina,106.0
Valparaíso,Puchuncaví,Bolivia (Estado Plurinacional de),19.0
Valparaíso,Puchuncaví,Colombia,191.0
Valparaíso,Puchuncaví,Haití,78.0
Valparaíso,Puchuncaví,Perú,73.0
Valparaíso,Puchuncaví,Venezuela (República Bolivariana de),324.0
Valparaíso,Puchuncaví,Otros países de América del Sur,41.0
Valparaíso,Puchuncaví,Otros países de América Central y El Caribe,44.0
Valparaíso,Puchuncaví,América del Norte,16.0
Valparaíso,Puchuncaví,Europa,47.0
Valparaíso,Puchuncaví,Asia,4.0
Valparaíso,Puchuncaví,África,0.0
Valparaíso,Puchuncaví,Oceanía,6.0
Valparaíso,Puchuncaví,País de nacimiento no declarado,0.0
Valparaíso,Quintero,Total nacidos fuera del país,1833.0
Valparaíso,Quintero,Argentina,166.0
Valparaíso,Quintero,Bolivia (Estado Plurinacional de),56.0
Valparaíso,Quintero,Colombia,159.0
Valparaíso,Quintero,Haití,376.0
Valparaíso,Quintero,Perú,125.0
Valparaíso,Quintero,Venezuela (República Bolivariana de),579.0
Valparaíso,Quintero,Otros países de América del Sur,189.0
Valparaíso,Quintero,Otros países de América Central y El Caribe,35.0
Valparaíso,Quintero,América del Norte,14.0
Valparaíso,Quintero,Europa,105.0
Valparaíso,Quintero,Asia,20.0
Valparaíso,Quintero,África,2.0
Valparaíso,Quintero,Oceanía,5.0
Valparaíso,Quintero,País de nacimiento no declarado,2.0
Valparaíso,Viña del Mar,Total nacidos fuera del país,21597.0
Valparaíso,Viña del Mar,Argentina,1997.0
Valparaíso,Viña del Mar,Bolivia (Estado Plurinacional de),352.0
Valparaíso,Viña del Mar,Colombia,1881.0
Valparaíso,Viña del Mar,Haití,461.0
Valparaíso,Viña del Mar,Perú,1380.0
Valparaíso,Viña del Mar,Venezuela (República Bolivariana de),11483.0
Valparaíso,Viña del Mar,Otros países de América del Sur,1279.0
Valparaíso,Viña del Mar,Otros países de América Central y El Caribe,618.0
Valparaíso,Viña del Mar,América del Norte,468.0
Valparaíso,Viña del Mar,Europa,1296.0
Valparaíso,Viña del Mar,Asia,278.0
Valparaíso,Viña del Mar,África,33.0
Valparaíso,Viña del Mar,Oceanía,45.0
Valparaíso,Viña del Mar,País de nacimiento no declarado,26.0
Valparaíso,Isla de Pascua,Total nacidos fuera del país,182.0
Valparaíso,Isla de Pascua,Argentina,17.0
Valparaíso,Isla de Pascua,Bolivia (Estado Plurinacional de),1.0
Valparaíso,Isla de Pascua,Colombia,34.0
Valparaíso,Isla de Pascua,Haití,2.0
Valparaíso,Isla de Pascua,Perú,24.0
Valparaíso,Isla de Pascua,Venezuela (República Bolivariana de),12.0
Valparaíso,Isla de Pascua,Otros países de América del Sur,7.0
Valparaíso,Isla de Pascua,Otros países de América Central y El Caribe,3.0
Valparaíso,Isla de Pascua,América del Norte,7.0
Valparaíso,Isla de Pascua,Europa,37.0
Valparaíso,Isla de Pascua,Asia,3.0
Valparaíso,Isla de Pascua,África,0.0
Valparaíso,Isla de Pascua,Oceanía,33.0
Valparaíso,Isla de Pascua,País de nacimiento no declarado,2.0
Valparaíso,Los Andes,Total nacidos fuera del país,4086.0
Valparaíso,Los Andes,Argentina,463.0
Valparaíso,Los Andes,Bolivia (Estado Plurinacional de),177.0
Valparaíso,Los Andes,Colombia,747.0
Valparaíso,Los Andes,Haití,67.0
Valparaíso,Los Andes,Perú,230.0
Valparaíso,Los Andes,Venezuela (República Bolivariana de),2010.0
Valparaíso,Los Andes,Otros países de América del Sur,201.0
Valparaíso,Los Andes,Otros países de América Central y El Caribe,78.0
Valparaíso,Los Andes,América del Norte,12.0
Valparaíso,Los Andes,Europa,49.0
Valparaíso,Los Andes,Asia,37.0
Valparaíso,Los Andes,África,4.0
Valparaíso,Los Andes,Oceanía,8.0
Valparaíso,Los Andes,País de nacimiento no declarado,3.0
Valparaíso,Calle Larga,Total nacidos fuera del país,528.0
Valparaíso,Calle Larga,Argentina,101.0
Valparaíso,Calle Larga,Bolivia (Estado Plurinacional de),46.0
Valparaíso,Calle Larga,Colombia,66.0
Valparaíso,Calle Larga,Haití,8.0
Valparaíso,Calle Larga,Perú,48.0
Valparaíso,Calle Larga,Venezuela (República Bolivariana de),188.0
Valparaíso,Calle Larga,Otros países de América del Sur,30.0
Valparaíso,Calle Larga,Otros países de América Central y El Caribe,14.0
Valparaíso,Calle Larga,América del Norte,2.0
Valparaíso,Calle Larga,Europa,19.0
Valparaíso,Calle Larga,Asia,1.0
Valparaíso,Calle Larga,África,5.0
Valparaíso,Calle Larga,Oceanía,0.0
Valparaíso,Calle Larga,País de nacimiento no declarado,0.0
Valparaíso,Rinconada,Total nacidos fuera del país,379.0
Valparaíso,Rinconada,Argentina,81.0
Valparaíso,Rinconada,Bolivia (Estado Plurinacional de),28.0
Valparaíso,Rinconada,Colombia,52.0
Valparaíso,Rinconada,Haití,2.0
Valparaíso,Rinconada,Perú,35.0
Valparaíso,Rinconada,Venezuela (República Bolivariana de),82.0
Valparaíso,Rinconada,Otros países de América del Sur,50.0
Valparaíso,Rinconada,Otros países de América Central y El Caribe,20.0
Valparaíso,Rinconada,América del Norte,3.0
Valparaíso,Rinconada,Europa,20.0
Valparaíso,Rinconada,Asia,4.0
Valparaíso,Rinconada,África,1.0
Valparaíso,Rinconada,Oceanía,0.0
Valparaíso,Rinconada,País de nacimiento no declarado,1.0
Valparaíso,San Esteban,Total nacidos fuera del país,593.0
Valparaíso,San Esteban,Argentina,141.0
Valparaíso,San Esteban,Bolivia (Estado Plurinacional de),24.0
Valparaíso,San Esteban,Colombia,83.0
Valparaíso,San Esteban,Haití,29.0
Valparaíso,San Esteban,Perú,25.0
Valparaíso,San Esteban,Venezuela (República Bolivariana de),218.0
Valparaíso,San Esteban,Otros países de América del Sur,31.0
Valparaíso,San Esteban,Otros países de América Central y El Caribe,10.0
Valparaíso,San Esteban,América del Norte,7.0
Valparaíso,San Esteban,Europa,20.0
Valparaíso,San Esteban,Asia,1.0
Valparaíso,San Esteban,África,3.0
Valparaíso,San Esteban,Oceanía,0.0
Valparaíso,San Esteban,País de nacimiento no declarado,1.0
Valparaíso,La Ligua,Total nacidos fuera del país,1651.0
Valparaíso,La Ligua,Argentina,103.0
Valparaíso,La Ligua,Bolivia (Estado Plurinacional de),52.0
Valparaíso,La Ligua,Colombia,145.0
Valparaíso,La Ligua,Haití,294.0
Valparaíso,La Ligua,Perú,83.0
Valparaíso,La Ligua,Venezuela (República Bolivariana de),817.0
Valparaíso,La Ligua,Otros países de América del Sur,52.0
Valparaíso,La Ligua,Otros países de América Central y El Caribe,56.0
Valparaíso,La Ligua,América del Norte,7.0
Valparaíso,La Ligua,Europa,25.0
Valparaíso,La Ligua,Asia,12.0
Valparaíso,La Ligua,África,4.0
Valparaíso,La Ligua,Oceanía,1.0
Valparaíso,La Ligua,País de nacimiento no declarado,0.0
Valparaíso,Cabildo,Total nacidos fuera del país,461.0
Valparaíso,Cabildo,Argentina,39.0
Valparaíso,Cabildo,Bolivia (Estado Plurinacional de),172.0
Valparaíso,Cabildo,Colombia,71.0
Valparaíso,Cabildo,Haití,47.0
Valparaíso,Cabildo,Perú,10.0
Valparaíso,Cabildo,Venezuela (República Bolivariana de),79.0
Valparaíso,Cabildo,Otros países de América del Sur,15.0
Valparaíso,Cabildo,Otros países de América Central y El Caribe,11.0
Valparaíso,Cabildo,América del Norte,1.0
Valparaíso,Cabildo,Europa,5.0
Valparaíso,Cabildo,Asia,10.0
Valparaíso,Cabildo,África,1.0
Valparaíso,Cabildo,Oceanía,0.0
Valparaíso,Cabildo,País de nacimiento no declarado,0.0
Valparaíso,Papudo,Total nacidos fuera del país,377.0
Valparaíso,Papudo,Argentina,45.0
Valparaíso,Papudo,Bolivia (Estado Plurinacional de),4.0
Valparaíso,Papudo,Colombia,46.0
Valparaíso,Papudo,Haití,3.0
Valparaíso,Papudo,Perú,18.0
Valparaíso,Papudo,Venezuela (República Bolivariana de),221.0
Valparaíso,Papudo,Otros países de América del Sur,10.0
Valparaíso,Papudo,Otros países de América Central y El Caribe,9.0
Valparaíso,Papudo,América del Norte,7.0
Valparaíso,Papudo,Europa,11.0
Valparaíso,Papudo,Asia,2.0
Valparaíso,Papudo,África,0.0
Valparaíso,Papudo,Oceanía,1.0
Valparaíso,Papudo,País de nacimiento no declarado,0.0
Valparaíso,Petorca,Total nacidos fuera del país,199.0
Valparaíso,Petorca,Argentina,33.0
Valparaíso,Petorca,Bolivia (Estado Plurinacional de),57.0
Valparaíso,Petorca,Colombia,7.0
Valparaíso,Petorca,Haití,39.0
Valparaíso,Petorca,Perú,10.0
Valparaíso,Petorca,Venezuela (República Bolivariana de),30.0
Valparaíso,Petorca,Otros países de América del Sur,11.0
Valparaíso,Petorca,Otros países de América Central y El Caribe,0.0
Valparaíso,Petorca,América del Norte,3.0
Valparaíso,Petorca,Europa,8.0
Valparaíso,Petorca,Asia,1.0
Valparaíso,Petorca,África,0.0
Valparaíso,Petorca,Oceanía,0.0
Valparaíso,Petorca,País de nacimiento no declarado,0.0
Valparaíso,Zapallar,Total nacidos fuera del país,228.0
Valparaíso,Zapallar,Argentina,32.0
Valparaíso,Zapallar,Bolivia (Estado Plurinacional de),5.0
Valparaíso,Zapallar,Colombia,19.0
Valparaíso,Zapallar,Haití,11.0
Valparaíso,Zapallar,Perú,35.0
Valparaíso,Zapallar,Venezuela (República Bolivariana de),62.0
Valparaíso,Zapallar,Otros países de América del Sur,26.0
Valparaíso,Zapallar,Otros países de América Central y El Caribe,5.0
Valparaíso,Zapallar,América del Norte,3.0
Valparaíso,Zapallar,Europa,19.0
Valparaíso,Zapallar,Asia,6.0
Valparaíso,Zapallar,África,4.0
Valparaíso,Zapallar,Oceanía,0.0
Valparaíso,Zapallar,País de nacimiento no declarado,1.0
Valparaíso,Quillota,Total nacidos fuera del país,7951.0
Valparaíso,Quillota,Argentina,389.0
Valparaíso,Quillota,Bolivia (Estado Plurinacional de),108.0
Valparaíso,Quillota,Colombia,660.0
Valparaíso,Quillota,Haití,296.0
Valparaíso,Quillota,Perú,243.0
Valparaíso,Quillota,Venezuela (República Bolivariana de),5652.0
Valparaíso,Quillota,Otros países de América del Sur,253.0
Valparaíso,Quillota,Otros países de América Central y El Caribe,98.0
Valparaíso,Quillota,América del Norte,50.0
Valparaíso,Quillota,Europa,119.0
Valparaíso,Quillota,Asia,58.0
Valparaíso,Quillota,África,10.0
Valparaíso,Quillota,Oceanía,8.0
Valparaíso,Quillota,País de nacimiento no declarado,7.0
Valparaíso,Calera,Total nacidos fuera del país,2991.0
Valparaíso,Calera,Argentina,218.0
Valparaíso,Calera,Bolivia (Estado Plurinacional de),69.0
Valparaíso,Calera,Colombia,388.0
Valparaíso,Calera,Haití,384.0
Valparaíso,Calera,Perú,115.0
Valparaíso,Calera,Venezuela (República Bolivariana de),1586.0
Valparaíso,Calera,Otros países de América del Sur,121.0
Valparaíso,Calera,Otros países de América Central y El Caribe,39.0
Valparaíso,Calera,América del Norte,12.0
Valparaíso,Calera,Europa,33.0
Valparaíso,Calera,Asia,20.0
Valparaíso,Calera,África,4.0
Valparaíso,Calera,Oceanía,2.0
Valparaíso,Calera,País de nacimiento no declarado,0.0
Valparaíso,Hijuelas,Total nacidos fuera del país,832.0
Valparaíso,Hijuelas,Argentina,44.0
Valparaíso,Hijuelas,Bolivia (Estado Plurinacional de),260.0
Valparaíso,Hijuelas,Colombia,87.0
Valparaíso,Hijuelas,Haití,41.0
Valparaíso,Hijuelas,Perú,51.0
Valparaíso,Hijuelas,Venezuela (República Bolivariana de),257.0
Valparaíso,Hijuelas,Otros países de América del Sur,52.0
Valparaíso,Hijuelas,Otros países de América Central y El Caribe,11.0
Valparaíso,Hijuelas,América del Norte,10.0
Valparaíso,Hijuelas,Europa,13.0
Valparaíso,Hijuelas,Asia,3.0
Valparaíso,Hijuelas,África,0.0
Valparaíso,Hijuelas,Oceanía,2.0
Valparaíso,Hijuelas,País de nacimiento no declarado,1.0
Valparaíso,La Cruz,Total nacidos fuera del país,1454.0
Valparaíso,La Cruz,Argentina,97.0
Valparaíso,La Cruz,Bolivia (Estado Plurinacional de),60.0
Valparaíso,La Cruz,Colombia,117.0
Valparaíso,La Cruz,Haití,22.0
Valparaíso,La Cruz,Perú,54.0
Valparaíso,La Cruz,Venezuela (República Bolivariana de),947.0
Valparaíso,La Cruz,Otros países de América del Sur,72.0
Valparaíso,La Cruz,Otros países de América Central y El Caribe,16.0
Valparaíso,La Cruz,América del Norte,4.0
Valparaíso,La Cruz,Europa,49.0
Valparaíso,La Cruz,Asia,13.0
Valparaíso,La Cruz,África,2.0
Valparaíso,La Cruz,Oceanía,1.0
Valparaíso,La Cruz,País de nacimiento no declarado,0.0
Valparaíso,Nogales,Total nacidos fuera del país,528.0
Valparaíso,Nogales,Argentina,45.0
Valparaíso,Nogales,Bolivia (Estado Plurinacional de),38.0
Valparaíso,Nogales,Colombia,47.0
Valparaíso,Nogales,Haití,49.0
Valparaíso,Nogales,Perú,56.0
Valparaíso,Nogales,Venezuela (República Bolivariana de),210.0
Valparaíso,Nogales,Otros países de América del Sur,29.0
Valparaíso,Nogales,Otros países de América Central y El Caribe,19.0
Valparaíso,Nogales,América del Norte,1.0
Valparaíso,Nogales,Europa,26.0
Valparaíso,Nogales,Asia,8.0
Valparaíso,Nogales,África,0.0
Valparaíso,Nogales,Oceanía,0.0
Valparaíso,Nogales,País de nacimiento no declarado,0.0
Valparaíso,San Antonio,Total nacidos fuera del país,5216.0
Valparaíso,San Antonio,Argentina,286.0
Valparaíso,San Antonio,Bolivia (Estado Plurinacional de),122.0
Valparaíso,San Antonio,Colombia,672.0
Valparaíso,San Antonio,Haití,631.0
Valparaíso,San Antonio,Perú,318.0
Valparaíso,San Antonio,Venezuela (República Bolivariana de),2479.0
Valparaíso,San Antonio,Otros países de América del Sur,442.0
Valparaíso,San Antonio,Otros países de América Central y El Caribe,125.0
Valparaíso,San Antonio,América del Norte,30.0
Valparaíso,San Antonio,Europa,67.0
Valparaíso,San Antonio,Asia,29.0
Valparaíso,San Antonio,África,9.0
Valparaíso,San Antonio,Oceanía,3.0
Valparaíso,San Antonio,País de nacimiento no declarado,3.0
Valparaíso,Algarrobo,Total nacidos fuera del país,701.0
Valparaíso,Algarrobo,Argentina,93.0
Valparaíso,Algarrobo,Bolivia (Estado Plurinacional de),14.0
Valparaíso,Algarrobo,Colombia,74.0
Valparaíso,Algarrobo,Haití,7.0
Valparaíso,Algarrobo,Perú,65.0
Valparaíso,Algarrobo,Venezuela (República Bolivariana de),248.0
Valparaíso,Algarrobo,Otros países de América del Sur,53.0
Valparaíso,Algarrobo,Otros países de América Central y El Caribe,27.0
Valparaíso,Algarrobo,América del Norte,33.0
Valparaíso,Algarrobo,Europa,68.0
Valparaíso,Algarrobo,Asia,11.0
Valparaíso,Algarrobo,África,3.0
Valparaíso,Algarrobo,Oceanía,2.0
Valparaíso,Algarrobo,País de nacimiento no declarado,3.0
Valparaíso,Cartagena,Total nacidos fuera del país,900.0
Valparaíso,Cartagena,Argentina,98.0
Valparaíso,Cartagena,Bolivia (Estado Plurinacional de),26.0
Valparaíso,Cartagena,Colombia,107.0
Valparaíso,Cartagena,Haití,37.0
Valparaíso,Cartagena,Perú,62.0
Valparaíso,Cartagena,Venezuela (República Bolivariana de),426.0
Valparaíso,Cartagena,Otros países de América del Sur,58.0
Valparaíso,Cartagena,Otros países de América Central y El Caribe,40.0
Valparaíso,Cartagena,América del Norte,11.0
Valparaíso,Cartagena,Europa,24.0
Valparaíso,Cartagena,Asia,5.0
Valparaíso,Cartagena,África,3.0
Valparaíso,Cartagena,Oceanía,1.0
Valparaíso,Cartagena,País de nacimiento no declarado,2.0
Valparaíso,El Quisco,Total nacidos fuera del país,1263.0
Valparaíso,El Quisco,Argentina,128.0
Valparaíso,El Quisco,Bolivia (Estado Plurinacional de),44.0
Valparaíso,El Quisco,Colombia,196.0
Valparaíso,El Quisco,Haití,54.0
Valparaíso,El Quisco,Perú,93.0
Valparaíso,El Quisco,Venezuela (República Bolivariana de),553.0
Valparaíso,El Quisco,Otros países de América del Sur,65.0
Valparaíso,El Quisco,Otros países de América Central y El Caribe,37.0
Valparaíso,El Quisco,América del Norte,27.0
Valparaíso,El Quisco,Europa,55.0
Valparaíso,El Quisco,Asia,8.0
Valparaíso,El Quisco,África,1.0
Valparaíso,El Quisco,Oceanía,1.0
Valparaíso,El Quisco,País de nacimiento no declarado,1.0
Valparaíso,El Tabo,Total nacidos fuera del país,472.0
Valparaíso,El Tabo,Argentina,60.0
Valparaíso,El Tabo,Bolivia (Estado Plurinacional de),22.0
Valparaíso,El Tabo,Colombia,65.0
Valparaíso,El Tabo,Haití,23.0
Valparaíso,El Tabo,Perú,36.0
Valparaíso,El Tabo,Venezuela (República Bolivariana de),171.0
Valparaíso,El Tabo,Otros países de América del Sur,37.0
Valparaíso,El Tabo,Otros países de América Central y El Caribe,8.0
Valparaíso,El Tabo,América del Norte,5.0
Valparaíso,El Tabo,Europa,29.0
Valparaíso,El Tabo,Asia,10.0
Valparaíso,El Tabo,África,4.0
Valparaíso,El Tabo,Oceanía,1.0
Valparaíso,El Tabo,País de nacimiento no declarado,1.0
Valparaíso,Santo Domingo,Total nacidos fuera del país,407.0
Valparaíso,Santo Domingo,Argentina,44.0
Valparaíso,Santo Domingo,Bolivia (Estado Plurinacional de),54.0
Valparaíso,Santo Domingo,Colombia,52.0
Valparaíso,Santo Domingo,Haití,10.0
Valparaíso,Santo Domingo,Perú,31.0
Valparaíso,Santo Domingo,Venezuela (República Bolivariana de),83.0
Valparaíso,Santo Domingo,Otros países de América del Sur,42.0
Valparaíso,Santo Domingo,Otros países de América Central y El Caribe,18.0
Valparaíso,Santo Domingo,América del Norte,22.0
Valparaíso,Santo Domingo,Europa,38.0
Valparaíso,Santo Domingo,Asia,10.0
Valparaíso,Santo Domingo,África,1.0
Valparaíso,Santo Domingo,Oceanía,1.0
Valparaíso,Santo Domingo,País de nacimiento no declarado,1.0
Valparaíso,San Felipe,Total nacidos fuera del país,8232.0
Valparaíso,San Felipe,Argentina,404.0
Valparaíso,San Felipe,Bolivia (Estado Plurinacional de),2516.0
Valparaíso,San Felipe,Colombia,515.0
Valparaíso,San Felipe,Haití,1973.0
Valparaíso,San Felipe,Perú,361.0
Valparaíso,San Felipe,Venezuela (República Bolivariana de),1882.0
Valparaíso,San Felipe,Otros países de América del Sur,302.0
Valparaíso,San Felipe,Otros países de América Central y El Caribe,85.0
Valparaíso,San Felipe,América del Norte,28.0
Valparaíso,San Felipe,Europa,82.0
Valparaíso,San Felipe,Asia,63.0
Valparaíso,San Felipe,África,6.0
Valparaíso,San Felipe,Oceanía,5.0
Valparaíso,San Felipe,País de nacimiento no declarado,10.0
Valparaíso,Catemu,Total nacidos fuera del país,284.0
Valparaíso,Catemu,Argentina,33.0
Valparaíso,Catemu,Bolivia (Estado Plurinacional de),44.0
Valparaíso,Catemu,Colombia,13.0
Valparaíso,Catemu,Haití,90.0
Valparaíso,Catemu,Perú,6.0
Valparaíso,Catemu,Venezuela (República Bolivariana de),53.0
Valparaíso,Catemu,Otros países de América del Sur,21.0
Valparaíso,Catemu,Otros países de América Central y El Caribe,7.0
Valparaíso,Catemu,América del Norte,1.0
Valparaíso,Catemu,Europa,9.0
Valparaíso,Catemu,Asia,6.0
Valparaíso,Catemu,África,0.0
Valparaíso,Catemu,Oceanía,0.0
Valparaíso,Catemu,País de nacimiento no declarado,1.0
Valparaíso,Llaillay,Total nacidos fuera del país,1015.0
Valparaíso,Llaillay,Argentina,82.0
Valparaíso,Llaillay,Bolivia (Estado Plurinacional de),451.0
Valparaíso,Llaillay,Colombia,52.0
Valparaíso,Llaillay,Haití,135.0
Valparaíso,Llaillay,Perú,47.0
Valparaíso,Llaillay,Venezuela (República Bolivariana de),166.0
Valparaíso,Llaillay,Otros países de América del Sur,32.0
Valparaíso,Llaillay,Otros países de América Central y El Caribe,19.0
Valparaíso,Llaillay,América del Norte,3.0
Valparaíso,Llaillay,Europa,16.0
Valparaíso,Llaillay,Asia,6.0
Valparaíso,Llaillay,África,2.0
Valparaíso,Llaillay,Oceanía,4.0
Valparaíso,Llaillay,País de nacimiento no declarado,0.0
Valparaíso,Panquehue,Total nacidos fuera del país,91.0
Valparaíso,Panquehue,Argentina,11.0
Valparaíso,Panquehue,Bolivia (Estado Plurinacional de),27.0
Valparaíso,Panquehue,Colombia,3.0
Valparaíso,Panquehue,Haití,7.0
Valparaíso,Panquehue,Perú,3.0
Valparaíso,Panquehue,Venezuela (República Bolivariana de),23.0
Valparaíso,Panquehue,Otros países de América del Sur,6.0
Valparaíso,Panquehue,Otros países de América Central y El Caribe,0.0
Valparaíso,Panquehue,América del Norte,3.0
Valparaíso,Panquehue,Europa,6.0
Valparaíso,Panquehue,Asia,1.0
Valparaíso,Panquehue,África,1.0
Valparaíso,Panquehue,Oceanía,0.0
Valparaíso,Panquehue,País de nacimiento no declarado,0.0
Valparaíso,Putaendo,Total nacidos fuera del país,349.0
Valparaíso,Putaendo,Argentina,70.0
Valparaíso,Putaendo,Bolivia (Estado Plurinacional de),49.0
Valparaíso,Putaendo,Colombia,30.0
Valparaíso,Putaendo,Haití,37.0
Valparaíso,Putaendo,Perú,25.0
Valparaíso,Putaendo,Venezuela (República Bolivariana de),54.0
Valparaíso,Putaendo,Otros países de América del Sur,45.0
Valparaíso,Putaendo,Otros países de América Central y El Caribe,21.0
Valparaíso,Putaendo,América del Norte,4.0
Valparaíso,Putaendo,Europa,14.0
Valparaíso,Putaendo,Asia,0.0
Valparaíso,Putaendo,África,0.0
Valparaíso,Putaendo,Oceanía,0.0
Valparaíso,Putaendo,País de nacimiento no declarado,0.0
Valparaíso,Santa María,Total nacidos fuera del país,392.0
Valparaíso,Santa María,Argentina,31.0
Valparaíso,Santa María,Bolivia (Estado Plurinacional de),81.0
Valparaíso,Santa María,Colombia,33.0
Valparaíso,Santa María,Haití,38.0
Valparaíso,Santa María,Perú,21.0
Valparaíso,Santa María,Venezuela (República Bolivariana de),133.0
Valparaíso,Santa María,Otros países de América del Sur,15.0
Valparaíso,Santa María,Otros países de América Central y El Caribe,22.0
Valparaíso,Santa María,América del Norte,9.0
Valparaíso,Santa María,Europa,6.0
Valparaíso,Santa María,Asia,3.0
Valparaíso,Santa María,África,0.0
Valparaíso,Santa María,Oceanía,0.0
Valparaíso,Santa María,País de nacimiento no declarado,0.0
Valparaíso,Quilpué,Total nacidos fuera del país,7623.0
Valparaíso,Quilpué,Argentina,764.0
Valparaíso,Quilpué,Bolivia (Estado Plurinacional de),132.0
Valparaíso,Quilpué,Colombia,762.0
Valparaíso,Quilpué,Haití,313.0
Valparaíso,Quilpué,Perú,335.0
Valparaíso,Quilpué,Venezuela (República Bolivariana de),4085.0
Valparaíso,Quilpué,Otros países de América del Sur,411.0
Valparaíso,Quilpué,Otros países de América Central y El Caribe,197.0
Valparaíso,Quilpué,América del Norte,105.0
Valparaíso,Quilpué,Europa,409.0
Valparaíso,Quilpué,Asia,67.0
Valparaíso,Quilpué,África,13.0
Valparaíso,Quilpué,Oceanía,15.0
Valparaíso,Quilpué,País de nacimiento no declarado,15.0
Valparaíso,Limache,Total nacidos fuera del país,1978.0
Valparaíso,Limache,Argentina,210.0
Valparaíso,Limache,Bolivia (Estado Plurinacional de),35.0
Valparaíso,Limache,Colombia,201.0
Valparaíso,Limache,Haití,306.0
Valparaíso,Limache,Perú,59.0
Valparaíso,Limache,Venezuela (República Bolivariana de),751.0
Valparaíso,Limache,Otros países de América del Sur,120.0
Valparaíso,Limache,Otros países de América Central y El Caribe,54.0
Valparaíso,Limache,América del Norte,46.0
Valparaíso,Limache,Europa,154.0
Valparaíso,Limache,Asia,25.0
Valparaíso,Limache,África,3.0
Valparaíso,Limache,Oceanía,0.0
Valparaíso,Limache,País de nacimiento no declarado,14.0
Valparaíso,Olmué,Total nacidos fuera del país,636.0
Valparaíso,Olmué,Argentina,78.0
Valparaíso,Olmué,Bolivia (Estado Plurinacional de),16.0
Valparaíso,Olmué,Colombia,53.0
Valparaíso,Olmué,Haití,38.0
Valparaíso,Olmué,Perú,27.0
Valparaíso,Olmué,Venezuela (República Bolivariana de),261.0
Valparaíso,Olmué,Otros países de América del Sur,31.0
Valparaíso,Olmué,Otros países de América Central y El Caribe,21.0
Valparaíso,Olmué,América del Norte,16.0
Valparaíso,Olmué,Europa,81.0
Valparaíso,Olmué,Asia,11.0
Valparaíso,Olmué,África,1.0
Valparaíso,Olmué,Oceanía,1.0
Valparaíso,Olmué,País de nacimiento no declarado,1.0
Valparaíso,Villa Alemana,Total nacidos fuera del país,4719.0
Valparaíso,Villa Alemana,Argentina,697.0
Valparaíso,Villa Alemana,Bolivia (Estado Plurinacional de),92.0
Valparaíso,Villa Alemana,Colombia,423.0
Valparaíso,Villa Alemana,Haití,88.0
Valparaíso,Villa Alemana,Perú,294.0
Valparaíso,Villa Alemana,Venezuela (República Bolivariana de),2194.0
Valparaíso,Villa Alemana,Otros países de América del Sur,280.0
Valparaíso,Villa Alemana,Otros países de América Central y El Caribe,128.0
Valparaíso,Villa Alemana,América del Norte,102.0
Valparaíso,Villa Alemana,Europa,340.0
Valparaíso,Villa Alemana,Asia,57.0
Valparaíso,Villa Alemana,África,14.0
Valparaíso,Villa Alemana,Oceanía,5.0
Valparaíso,Villa Alemana,País de nacimiento no declarado,5.0
Metropolitana de Santiago,Santiago,Total nacidos fuera del país,176956.0
Metropolitana de Santiago,Santiago,Argentina,2151.0
Metropolitana de Santiago,Santiago,Bolivia (Estado Plurinacional de),3026.0
Metropolitana de Santiago,Santiago,Colombia,20355.0
Metropolitana de Santiago,Santiago,Haití,2140.0
Metropolitana de Santiago,Santiago,Perú,32404.0
Metropolitana de Santiago,Santiago,Venezuela (República Bolivariana de),100967.0
Metropolitana de Santiago,Santiago,Otros países de América del Sur,6344.0
Metropolitana de Santiago,Santiago,Otros países de América Central y El Caribe,4301.0
Metropolitana de Santiago,Santiago,América del Norte,325.0
Metropolitana de Santiago,Santiago,Europa,1324.0
Metropolitana de Santiago,Santiago,Asia,3375.0
Metropolitana de Santiago,Santiago,África,114.0
Metropolitana de Santiago,Santiago,Oceanía,28.0
Metropolitana de Santiago,Santiago,País de nacimiento no declarado,102.0
Metropolitana de Santiago,Cerrillos,Total nacidos fuera del país,12732.0
Metropolitana de Santiago,Cerrillos,Argentina,220.0
Metropolitana de Santiago,Cerrillos,Bolivia (Estado Plurinacional de),270.0
Metropolitana de Santiago,Cerrillos,Colombia,1736.0
Metropolitana de Santiago,Cerrillos,Haití,3945.0
Metropolitana de Santiago,Cerrillos,Perú,2417.0
Metropolitana de Santiago,Cerrillos,Venezuela (República Bolivariana de),2995.0
Metropolitana de Santiago,Cerrillos,Otros países de América del Sur,560.0
Metropolitana de Santiago,Cerrillos,Otros países de América Central y El Caribe,376.0
Metropolitana de Santiago,Cerrillos,América del Norte,29.0
Metropolitana de Santiago,Cerrillos,Europa,59.0
Metropolitana de Santiago,Cerrillos,Asia,44.0
Metropolitana de Santiago,Cerrillos,África,4.0
Metropolitana de Santiago,Cerrillos,Oceanía,2.0
Metropolitana de Santiago,Cerrillos,País de nacimiento no declarado,75.0
Metropolitana de Santiago,Cerro Navia,Total nacidos fuera del país,12654.0
Metropolitana de Santiago,Cerro Navia,Argentina,335.0
Metropolitana de Santiago,Cerro Navia,Bolivia (Estado Plurinacional de),341.0
Metropolitana de Santiago,Cerro Navia,Colombia,1602.0
Metropolitana de Santiago,Cerro Navia,Haití,1647.0
Metropolitana de Santiago,Cerro Navia,Perú,3979.0
Metropolitana de Santiago,Cerro Navia,Venezuela (República Bolivariana de),3587.0
Metropolitana de Santiago,Cerro Navia,Otros países de América del Sur,632.0
Metropolitana de Santiago,Cerro Navia,Otros países de América Central y El Caribe,438.0
Metropolitana de Santiago,Cerro Navia,América del Norte,8.0
Metropolitana de Santiago,Cerro Navia,Europa,33.0
Metropolitana de Santiago,Cerro Navia,Asia,43.0
Metropolitana de Santiago,Cerro Navia,África,3.0
Metropolitana de Santiago,Cerro Navia,Oceanía,2.0
Metropolitana de Santiago,Cerro Navia,País de nacimiento no declarado,4.0
Metropolitana de Santiago,Conchalí,Total nacidos fuera del país,17686.0
Metropolitana de Santiago,Conchalí,Argentina,335.0
Metropolitana de Santiago,Conchalí,Bolivia (Estado Plurinacional de),626.0
Metropolitana de Santiago,Conchalí,Colombia,1837.0
Metropolitana de Santiago,Conchalí,Haití,1073.0
Metropolitana de Santiago,Conchalí,Perú,6938.0
Metropolitana de Santiago,Conchalí,Venezuela (República Bolivariana de),5282.0
Metropolitana de Santiago,Conchalí,Otros países de América del Sur,724.0
Metropolitana de Santiago,Conchalí,Otros países de América Central y El Caribe,707.0
Metropolitana de Santiago,Conchalí,América del Norte,23.0
Metropolitana de Santiago,Conchalí,Europa,62.0
Metropolitana de Santiago,Conchalí,Asia,62.0
Metropolitana de Santiago,Conchalí,África,10.0
Metropolitana de Santiago,Conchalí,Oceanía,1.0
Metropolitana de Santiago,Conchalí,País de nacimiento no declarado,6.0
Metropolitana de Santiago,El Bosque,Total nacidos fuera del país,11347.0
Metropolitana de Santiago,El Bosque,Argentina,405.0
Metropolitana de Santiago,El Bosque,Bolivia (Estado Plurinacional de),276.0
Metropolitana de Santiago,El Bosque,Colombia,1140.0
Metropolitana de Santiago,El Bosque,Haití,1784.0
Metropolitana de Santiago,El Bosque,Perú,1522.0
Metropolitana de Santiago,El Bosque,Venezuela (República Bolivariana de),5270.0
Metropolitana de Santiago,El Bosque,Otros países de América del Sur,523.0
Metropolitana de Santiago,El Bosque,Otros países de América Central y El Caribe,217.0
Metropolitana de Santiago,El Bosque,América del Norte,21.0
Metropolitana de Santiago,El Bosque,Europa,68.0
Metropolitana de Santiago,El Bosque,Asia,105.0
Metropolitana de Santiago,El Bosque,África,7.0
Metropolitana de Santiago,El Bosque,Oceanía,5.0
Metropolitana de Santiago,El Bosque,País de nacimiento no declarado,4.0
Metropolitana de Santiago,Estación Central,Total nacidos fuera del país,69328.0
Metropolitana de Santiago,Estación Central,Argentina,476.0
Metropolitana de Santiago,Estación Central,Bolivia (Estado Plurinacional de),1188.0
Metropolitana de Santiago,Estación Central,Colombia,8480.0
Metropolitana de Santiago,Estación Central,Haití,2770.0
Metropolitana de Santiago,Estación Central,Perú,8399.0
Metropolitana de Santiago,Estación Central,Venezuela (República Bolivariana de),43732.0
Metropolitana de Santiago,Estación Central,Otros países de América del Sur,2366.0
Metropolitana de Santiago,Estación Central,Otros países de América Central y El Caribe,1381.0
Metropolitana de Santiago,Estación Central,América del Norte,57.0
Metropolitana de Santiago,Estación Central,Europa,144.0
Metropolitana de Santiago,Estación Central,Asia,256.0
Metropolitana de Santiago,Estación Central,África,19.0
Metropolitana de Santiago,Estación Central,Oceanía,11.0
Metropolitana de Santiago,Estación Central,País de nacimiento no declarado,49.0
Metropolitana de Santiago,Huechuraba,Total nacidos fuera del país,9402.0
Metropolitana de Santiago,Huechuraba,Argentina,669.0
Metropolitana de Santiago,Huechuraba,Bolivia (Estado Plurinacional de),280.0
Metropolitana de Santiago,Huechuraba,Colombia,1157.0
Metropolitana de Santiago,Huechuraba,Haití,323.0
Metropolitana de Santiago,Huechuraba,Perú,1758.0
Metropolitana de Santiago,Huechuraba,Venezuela (República Bolivariana de),3677.0
Metropolitana de Santiago,Huechuraba,Otros países de América del Sur,685.0
Metropolitana de Santiago,Huechuraba,Otros países de América Central y El Caribe,339.0
Metropolitana de Santiago,Huechuraba,América del Norte,80.0
Metropolitana de Santiago,Huechuraba,Europa,278.0
Metropolitana de Santiago,Huechuraba,Asia,129.0
Metropolitana de Santiago,Huechuraba,África,4.0
Metropolitana de Santiago,Huechuraba,Oceanía,15.0
Metropolitana de Santiago,Huechuraba,País de nacimiento no declarado,8.0
Metropolitana de Santiago,Independencia,Total nacidos fuera del país,51908.0
Metropolitana de Santiago,Independencia,Argentina,349.0
Metropolitana de Santiago,Independencia,Bolivia (Estado Plurinacional de),891.0
Metropolitana de Santiago,Independencia,Colombia,6977.0
Metropolitana de Santiago,Independencia,Haití,801.0
Metropolitana de Santiago,Independencia,Perú,13705.0
Metropolitana de Santiago,Independencia,Venezuela (República Bolivariana de),25199.0
Metropolitana de Santiago,Independencia,Otros países de América del Sur,1988.0
Metropolitana de Santiago,Independencia,Otros países de América Central y El Caribe,1663.0
Metropolitana de Santiago,Independencia,América del Norte,47.0
Metropolitana de Santiago,Independencia,Europa,125.0
Metropolitana de Santiago,Independencia,Asia,108.0
Metropolitana de Santiago,Independencia,África,32.0
Metropolitana de Santiago,Independencia,Oceanía,5.0
Metropolitana de Santiago,Independencia,País de nacimiento no declarado,18.0
Metropolitana de Santiago,La Cisterna,Total nacidos fuera del país,19762.0
Metropolitana de Santiago,La Cisterna,Argentina,397.0
Metropolitana de Santiago,La Cisterna,Bolivia (Estado Plurinacional de),261.0
Metropolitana de Santiago,La Cisterna,Colombia,2124.0
Metropolitana de Santiago,La Cisterna,Haití,518.0
Metropolitana de Santiago,La Cisterna,Perú,1570.0
Metropolitana de Santiago,La Cisterna,Venezuela (República Bolivariana de),13703.0
Metropolitana de Santiago,La Cisterna,Otros países de América del Sur,664.0
Metropolitana de Santiago,La Cisterna,Otros países de América Central y El Caribe,260.0
Metropolitana de Santiago,La Cisterna,América del Norte,32.0
Metropolitana de Santiago,La Cisterna,Europa,132.0
Metropolitana de Santiago,La Cisterna,Asia,76.0
Metropolitana de Santiago,La Cisterna,África,7.0
Metropolitana de Santiago,La Cisterna,Oceanía,8.0
Metropolitana de Santiago,La Cisterna,País de nacimiento no declarado,10.0
Metropolitana de Santiago,La Florida,Total nacidos fuera del país,36685.0
Metropolitana de Santiago,La Florida,Argentina,1308.0
Metropolitana de Santiago,La Florida,Bolivia (Estado Plurinacional de),634.0
Metropolitana de Santiago,La Florida,Colombia,3831.0
Metropolitana de Santiago,La Florida,Haití,1040.0
Metropolitana de Santiago,La Florida,Perú,5250.0
Metropolitana de Santiago,La Florida,Venezuela (República Bolivariana de),20484.0
Metropolitana de Santiago,La Florida,Otros países de América del Sur,2020.0
Metropolitana de Santiago,La Florida,Otros países de América Central y El Caribe,944.0
Metropolitana de Santiago,La Florida,América del Norte,190.0
Metropolitana de Santiago,La Florida,Europa,538.0
Metropolitana de Santiago,La Florida,Asia,338.0
Metropolitana de Santiago,La Florida,África,32.0
Metropolitana de Santiago,La Florida,Oceanía,22.0
Metropolitana de Santiago,La Florida,País de nacimiento no declarado,54.0
Metropolitana de Santiago,La Granja,Total nacidos fuera del país,9550.0
Metropolitana de Santiago,La Granja,Argentina,310.0
Metropolitana de Santiago,La Granja,Bolivia (Estado Plurinacional de),156.0
Metropolitana de Santiago,La Granja,Colombia,1244.0
Metropolitana de Santiago,La Granja,Haití,751.0
Metropolitana de Santiago,La Granja,Perú,2009.0
Metropolitana de Santiago,La Granja,Venezuela (República Bolivariana de),4259.0
Metropolitana de Santiago,La Granja,Otros países de América del Sur,401.0
Metropolitana de Santiago,La Granja,Otros países de América Central y El Caribe,236.0
Metropolitana de Santiago,La Granja,América del Norte,26.0
Metropolitana de Santiago,La Granja,Europa,74.0
Metropolitana de Santiago,La Granja,Asia,67.0
Metropolitana de Santiago,La Granja,África,8.0
Metropolitana de Santiago,La Granja,Oceanía,5.0
Metropolitana de Santiago,La Granja,País de nacimiento no declarado,4.0
Metropolitana de Santiago,La Pintana,Total nacidos fuera del país,8313.0
Metropolitana de Santiago,La Pintana,Argentina,459.0
Metropolitana de Santiago,La Pintana,Bolivia (Estado Plurinacional de),265.0
Metropolitana de Santiago,La Pintana,Colombia,948.0
Metropolitana de Santiago,La Pintana,Haití,1160.0
Metropolitana de Santiago,La Pintana,Perú,2089.0
Metropolitana de Santiago,La Pintana,Venezuela (República Bolivariana de),2606.0
Metropolitana de Santiago,La Pintana,Otros países de América del Sur,482.0
Metropolitana de Santiago,La Pintana,Otros países de América Central y El Caribe,189.0
Metropolitana de Santiago,La Pintana,América del Norte,13.0
Metropolitana de Santiago,La Pintana,Europa,32.0
Metropolitana de Santiago,La Pintana,Asia,58.0
Metropolitana de Santiago,La Pintana,África,4.0
Metropolitana de Santiago,La Pintana,Oceanía,1.0
Metropolitana de Santiago,La Pintana,País de nacimiento no declarado,7.0
Metropolitana de Santiago,La Reina,Total nacidos fuera del país,6593.0
Metropolitana de Santiago,La Reina,Argentina,545.0
Metropolitana de Santiago,La Reina,Bolivia (Estado Plurinacional de),225.0
Metropolitana de Santiago,La Reina,Colombia,542.0
Metropolitana de Santiago,La Reina,Haití,121.0
Metropolitana de Santiago,La Reina,Perú,1025.0
Metropolitana de Santiago,La Reina,Venezuela (República Bolivariana de),1918.0
Metropolitana de Santiago,La Reina,Otros países de América del Sur,520.0
Metropolitana de Santiago,La Reina,Otros países de América Central y El Caribe,329.0
Metropolitana de Santiago,La Reina,América del Norte,315.0
Metropolitana de Santiago,La Reina,Europa,778.0
Metropolitana de Santiago,La Reina,Asia,197.0
Metropolitana de Santiago,La Reina,África,22.0
Metropolitana de Santiago,La Reina,Oceanía,40.0
Metropolitana de Santiago,La Reina,País de nacimiento no declarado,16.0
Metropolitana de Santiago,Las Condes,Total nacidos fuera del país,31069.0
Metropolitana de Santiago,Las Condes,Argentina,4418.0
Metropolitana de Santiago,Las Condes,Bolivia (Estado Plurinacional de),816.0
Metropolitana de Santiago,Las Condes,Colombia,2556.0
Metropolitana de Santiago,Las Condes,Haití,46.0
Metropolitana de Santiago,Las Condes,Perú,3570.0
Metropolitana de Santiago,Las Condes,Venezuela (República Bolivariana de),6494.0
Metropolitana de Santiago,Las Condes,Otros países de América del Sur,3255.0
Metropolitana de Santiago,Las Condes,Otros países de América Central y El Caribe,1697.0
Metropolitana de Santiago,Las Condes,América del Norte,1467.0
Metropolitana de Santiago,Las Condes,Europa,4130.0
Metropolitana de Santiago,Las Condes,Asia,2176.0
Metropolitana de Santiago,Las Condes,África,158.0
Metropolitana de Santiago,Las Condes,Oceanía,185.0
Metropolitana de Santiago,Las Condes,País de nacimiento no declarado,101.0
Metropolitana de Santiago,Lo Barnechea,Total nacidos fuera del país,12198.0
Metropolitana de Santiago,Lo Barnechea,Argentina,1719.0
Metropolitana de Santiago,Lo Barnechea,Bolivia (Estado Plurinacional de),433.0
Metropolitana de Santiago,Lo Barnechea,Colombia,1068.0
Metropolitana de Santiago,Lo Barnechea,Haití,68.0
Metropolitana de Santiago,Lo Barnechea,Perú,2345.0
Metropolitana de Santiago,Lo Barnechea,Venezuela (República Bolivariana de),1338.0
Metropolitana de Santiago,Lo Barnechea,Otros países de América del Sur,1024.0
Metropolitana de Santiago,Lo Barnechea,Otros países de América Central y El Caribe,647.0
Metropolitana de Santiago,Lo Barnechea,América del Norte,1111.0
Metropolitana de Santiago,Lo Barnechea,Europa,1349.0
Metropolitana de Santiago,Lo Barnechea,Asia,883.0
Metropolitana de Santiago,Lo Barnechea,África,74.0
Metropolitana de Santiago,Lo Barnechea,Oceanía,111.0
Metropolitana de Santiago,Lo Barnechea,País de nacimiento no declarado,28.0
Metropolitana de Santiago,Lo Espejo,Total nacidos fuera del país,6818.0
Metropolitana de Santiago,Lo Espejo,Argentina,224.0
Metropolitana de Santiago,Lo Espejo,Bolivia (Estado Plurinacional de),111.0
Metropolitana de Santiago,Lo Espejo,Colombia,663.0
Metropolitana de Santiago,Lo Espejo,Haití,2281.0
Metropolitana de Santiago,Lo Espejo,Perú,993.0
Metropolitana de Santiago,Lo Espejo,Venezuela (República Bolivariana de),2041.0
Metropolitana de Santiago,Lo Espejo,Otros países de América del Sur,265.0
Metropolitana de Santiago,Lo Espejo,Otros países de América Central y El Caribe,155.0
Metropolitana de Santiago,Lo Espejo,América del Norte,12.0
Metropolitana de Santiago,Lo Espejo,Europa,39.0
Metropolitana de Santiago,Lo Espejo,Asia,28.0
Metropolitana de Santiago,Lo Espejo,África,2.0
Metropolitana de Santiago,Lo Espejo,Oceanía,2.0
Metropolitana de Santiago,Lo Espejo,País de nacimiento no declarado,2.0
Metropolitana de Santiago,Lo Prado,Total nacidos fuera del país,12539.0
Metropolitana de Santiago,Lo Prado,Argentina,242.0
Metropolitana de Santiago,Lo Prado,Bolivia (Estado Plurinacional de),348.0
Metropolitana de Santiago,Lo Prado,Colombia,2250.0
Metropolitana de Santiago,Lo Prado,Haití,647.0
Metropolitana de Santiago,Lo Prado,Perú,4245.0
Metropolitana de Santiago,Lo Prado,Venezuela (República Bolivariana de),3841.0
Metropolitana de Santiago,Lo Prado,Otros países de América del Sur,573.0
Metropolitana de Santiago,Lo Prado,Otros países de América Central y El Caribe,306.0
Metropolitana de Santiago,Lo Prado,América del Norte,10.0
Metropolitana de Santiago,Lo Prado,Europa,43.0
Metropolitana de Santiago,Lo Prado,Asia,25.0
Metropolitana de Santiago,Lo Prado,África,4.0
Metropolitana de Santiago,Lo Prado,Oceanía,1.0
Metropolitana de Santiago,Lo Prado,País de nacimiento no declarado,4.0
Metropolitana de Santiago,Macul,Total nacidos fuera del país,17497.0
Metropolitana de Santiago,Macul,Argentina,495.0
Metropolitana de Santiago,Macul,Bolivia (Estado Plurinacional de),228.0
Metropolitana de Santiago,Macul,Colombia,1824.0
Metropolitana de Santiago,Macul,Haití,199.0
Metropolitana de Santiago,Macul,Perú,2092.0
Metropolitana de Santiago,Macul,Venezuela (República Bolivariana de),10893.0
Metropolitana de Santiago,Macul,Otros países de América del Sur,752.0
Metropolitana de Santiago,Macul,Otros países de América Central y El Caribe,467.0
Metropolitana de Santiago,Macul,América del Norte,76.0
Metropolitana de Santiago,Macul,Europa,273.0
Metropolitana de Santiago,Macul,Asia,154.0
Metropolitana de Santiago,Macul,África,23.0
Metropolitana de Santiago,Macul,Oceanía,14.0
Metropolitana de Santiago,Macul,País de nacimiento no declarado,7.0
Metropolitana de Santiago,Maipú,Total nacidos fuera del país,30973.0
Metropolitana de Santiago,Maipú,Argentina,1385.0
Metropolitana de Santiago,Maipú,Bolivia (Estado Plurinacional de),550.0
Metropolitana de Santiago,Maipú,Colombia,3771.0
Metropolitana de Santiago,Maipú,Haití,3034.0
Metropolitana de Santiago,Maipú,Perú,4223.0
Metropolitana de Santiago,Maipú,Venezuela (República Bolivariana de),13674.0
Metropolitana de Santiago,Maipú,Otros países de América del Sur,2475.0
Metropolitana de Santiago,Maipú,Otros países de América Central y El Caribe,754.0
Metropolitana de Santiago,Maipú,América del Norte,151.0
Metropolitana de Santiago,Maipú,Europa,376.0
Metropolitana de Santiago,Maipú,Asia,523.0
Metropolitana de Santiago,Maipú,África,17.0
Metropolitana de Santiago,Maipú,Oceanía,15.0
Metropolitana de Santiago,Maipú,País de nacimiento no declarado,25.0
Metropolitana de Santiago,Ñuñoa,Total nacidos fuera del país,33633.0
Metropolitana de Santiago,Ñuñoa,Argentina,1745.0
Metropolitana de Santiago,Ñuñoa,Bolivia (Estado Plurinacional de),451.0
Metropolitana de Santiago,Ñuñoa,Colombia,2820.0
Metropolitana de Santiago,Ñuñoa,Haití,86.0
Metropolitana de Santiago,Ñuñoa,Perú,2195.0
Metropolitana de Santiago,Ñuñoa,Venezuela (República Bolivariana de),19981.0
Metropolitana de Santiago,Ñuñoa,Otros países de América del Sur,2014.0
Metropolitana de Santiago,Ñuñoa,Otros países de América Central y El Caribe,1365.0
Metropolitana de Santiago,Ñuñoa,América del Norte,484.0
Metropolitana de Santiago,Ñuñoa,Europa,1796.0
Metropolitana de Santiago,Ñuñoa,Asia,531.0
Metropolitana de Santiago,Ñuñoa,África,74.0
Metropolitana de Santiago,Ñuñoa,Oceanía,65.0
Metropolitana de Santiago,Ñuñoa,País de nacimiento no declarado,26.0
Metropolitana de Santiago,Pedro Aguirre Cerda,Total nacidos fuera del país,9522.0
Metropolitana de Santiago,Pedro Aguirre Cerda,Argentina,242.0
Metropolitana de Santiago,Pedro Aguirre Cerda,Bolivia (Estado Plurinacional de),163.0
Metropolitana de Santiago,Pedro Aguirre Cerda,Colombia,1032.0
Metropolitana de Santiago,Pedro Aguirre Cerda,Haití,2306.0
Metropolitana de Santiago,Pedro Aguirre Cerda,Perú,1678.0
Metropolitana de Santiago,Pedro Aguirre Cerda,Venezuela (República Bolivariana de),3426.0
Metropolitana de Santiago,Pedro Aguirre Cerda,Otros países de América del Sur,326.0
Metropolitana de Santiago,Pedro Aguirre Cerda,Otros países de América Central y El Caribe,224.0
Metropolitana de Santiago,Pedro Aguirre Cerda,América del Norte,19.0
Metropolitana de Santiago,Pedro Aguirre Cerda,Europa,52.0
Metropolitana de Santiago,Pedro Aguirre Cerda,Asia,46.0
Metropolitana de Santiago,Pedro Aguirre Cerda,África,2.0
Metropolitana de Santiago,Pedro Aguirre Cerda,Oceanía,2.0
Metropolitana de Santiago,Pedro Aguirre Cerda,País de nacimiento no declarado,4.0
Metropolitana de Santiago,Peñalolén,Total nacidos fuera del país,20141.0
Metropolitana de Santiago,Peñalolén,Argentina,874.0
Metropolitana de Santiago,Peñalolén,Bolivia (Estado Plurinacional de),477.0
Metropolitana de Santiago,Peñalolén,Colombia,2441.0
Metropolitana de Santiago,Peñalolén,Haití,663.0
Metropolitana de Santiago,Peñalolén,Perú,5888.0
Metropolitana de Santiago,Peñalolén,Venezuela (República Bolivariana de),6989.0
Metropolitana de Santiago,Peñalolén,Otros países de América del Sur,1262.0
Metropolitana de Santiago,Peñalolén,Otros países de América Central y El Caribe,640.0
Metropolitana de Santiago,Peñalolén,América del Norte,175.0
Metropolitana de Santiago,Peñalolén,Europa,472.0
Metropolitana de Santiago,Peñalolén,Asia,204.0
Metropolitana de Santiago,Peñalolén,África,12.0
Metropolitana de Santiago,Peñalolén,Oceanía,27.0
Metropolitana de Santiago,Peñalolén,País de nacimiento no declarado,17.0
Metropolitana de Santiago,Providencia,Total nacidos fuera del país,16116.0
Metropolitana de Santiago,Providencia,Argentina,1763.0
Metropolitana de Santiago,Providencia,Bolivia (Estado Plurinacional de),352.0
Metropolitana de Santiago,Providencia,Colombia,1250.0
Metropolitana de Santiago,Providencia,Haití,37.0
Metropolitana de Santiago,Providencia,Perú,1635.0
Metropolitana de Santiago,Providencia,Venezuela (República Bolivariana de),4491.0
Metropolitana de Santiago,Providencia,Otros países de América del Sur,1488.0
Metropolitana de Santiago,Providencia,Otros países de América Central y El Caribe,952.0
Metropolitana de Santiago,Providencia,América del Norte,641.0
Metropolitana de Santiago,Providencia,Europa,2572.0
Metropolitana de Santiago,Providencia,Asia,782.0
Metropolitana de Santiago,Providencia,África,65.0
Metropolitana de Santiago,Providencia,Oceanía,75.0
Metropolitana de Santiago,Providencia,País de nacimiento no declarado,13.0
Metropolitana de Santiago,Pudahuel,Total nacidos fuera del país,16505.0
Metropolitana de Santiago,Pudahuel,Argentina,637.0
Metropolitana de Santiago,Pudahuel,Bolivia (Estado Plurinacional de),475.0
Metropolitana de Santiago,Pudahuel,Colombia,2506.0
Metropolitana de Santiago,Pudahuel,Haití,918.0
Metropolitana de Santiago,Pudahuel,Perú,3623.0
Metropolitana de Santiago,Pudahuel,Venezuela (República Bolivariana de),6346.0
Metropolitana de Santiago,Pudahuel,Otros países de América del Sur,1213.0
Metropolitana de Santiago,Pudahuel,Otros países de América Central y El Caribe,406.0
Metropolitana de Santiago,Pudahuel,América del Norte,46.0
Metropolitana de Santiago,Pudahuel,Europa,106.0
Metropolitana de Santiago,Pudahuel,Asia,199.0
Metropolitana de Santiago,Pudahuel,África,10.0
Metropolitana de Santiago,Pudahuel,Oceanía,2.0
Metropolitana de Santiago,Pudahuel,País de nacimiento no declarado,18.0
Metropolitana de Santiago,Quilicura,Total nacidos fuera del país,27310.0
Metropolitana de Santiago,Quilicura,Argentina,708.0
Metropolitana de Santiago,Quilicura,Bolivia (Estado Plurinacional de),462.0
Metropolitana de Santiago,Quilicura,Colombia,2325.0
Metropolitana de Santiago,Quilicura,Haití,8002.0
Metropolitana de Santiago,Quilicura,Perú,4330.0
Metropolitana de Santiago,Quilicura,Venezuela (República Bolivariana de),9674.0
Metropolitana de Santiago,Quilicura,Otros países de América del Sur,946.0
Metropolitana de Santiago,Quilicura,Otros países de América Central y El Caribe,514.0
Metropolitana de Santiago,Quilicura,América del Norte,47.0
Metropolitana de Santiago,Quilicura,Europa,121.0
Metropolitana de Santiago,Quilicura,Asia,154.0
Metropolitana de Santiago,Quilicura,África,8.0
Metropolitana de Santiago,Quilicura,Oceanía,3.0
Metropolitana de Santiago,Quilicura,País de nacimiento no declarado,16.0
Metropolitana de Santiago,Quinta Normal,Total nacidos fuera del país,35630.0
Metropolitana de Santiago,Quinta Normal,Argentina,329.0
Metropolitana de Santiago,Quinta Normal,Bolivia (Estado Plurinacional de),407.0
Metropolitana de Santiago,Quinta Normal,Colombia,5082.0
Metropolitana de Santiago,Quinta Normal,Haití,1160.0
Metropolitana de Santiago,Quinta Normal,Perú,7684.0
Metropolitana de Santiago,Quinta Normal,Venezuela (República Bolivariana de),18587.0
Metropolitana de Santiago,Quinta Normal,Otros países de América del Sur,1483.0
Metropolitana de Santiago,Quinta Normal,Otros países de América Central y El Caribe,650.0
Metropolitana de Santiago,Quinta Normal,América del Norte,33.0
Metropolitana de Santiago,Quinta Normal,Europa,89.0
Metropolitana de Santiago,Quinta Normal,Asia,110.0
Metropolitana de Santiago,Quinta Normal,África,7.0
Metropolitana de Santiago,Quinta Normal,Oceanía,2.0
Metropolitana de Santiago,Quinta Normal,País de nacimiento no declarado,7.0
Metropolitana de Santiago,Recoleta,Total nacidos fuera del país,34009.0
Metropolitana de Santiago,Recoleta,Argentina,523.0
Metropolitana de Santiago,Recoleta,Bolivia (Estado Plurinacional de),2979.0
Metropolitana de Santiago,Recoleta,Colombia,2785.0
Metropolitana de Santiago,Recoleta,Haití,1620.0
Metropolitana de Santiago,Recoleta,Perú,15209.0
Metropolitana de Santiago,Recoleta,Venezuela (República Bolivariana de),7431.0
Metropolitana de Santiago,Recoleta,Otros países de América del Sur,1631.0
Metropolitana de Santiago,Recoleta,Otros países de América Central y El Caribe,1085.0
Metropolitana de Santiago,Recoleta,América del Norte,42.0
Metropolitana de Santiago,Recoleta,Europa,163.0
Metropolitana de Santiago,Recoleta,Asia,468.0
Metropolitana de Santiago,Recoleta,África,19.0
Metropolitana de Santiago,Recoleta,Oceanía,12.0
Metropolitana de Santiago,Recoleta,País de nacimiento no declarado,42.0
Metropolitana de Santiago,Renca,Total nacidos fuera del país,12523.0
Metropolitana de Santiago,Renca,Argentina,404.0
Metropolitana de Santiago,Renca,Bolivia (Estado Plurinacional de),271.0
Metropolitana de Santiago,Renca,Colombia,1497.0
Metropolitana de Santiago,Renca,Haití,1379.0
Metropolitana de Santiago,Renca,Perú,3555.0
Metropolitana de Santiago,Renca,Venezuela (República Bolivariana de),4140.0
Metropolitana de Santiago,Renca,Otros países de América del Sur,583.0
Metropolitana de Santiago,Renca,Otros países de América Central y El Caribe,564.0
Metropolitana de Santiago,Renca,América del Norte,12.0
Metropolitana de Santiago,Renca,Europa,57.0
Metropolitana de Santiago,Renca,Asia,49.0
Metropolitana de Santiago,Renca,África,5.0
Metropolitana de Santiago,Renca,Oceanía,0.0
Metropolitana de Santiago,Renca,País de nacimiento no declarado,7.0
Metropolitana de Santiago,San Joaquín,Total nacidos fuera del país,14088.0
Metropolitana de Santiago,San Joaquín,Argentina,330.0
Metropolitana de Santiago,San Joaquín,Bolivia (Estado Plurinacional de),290.0
Metropolitana de Santiago,San Joaquín,Colombia,1566.0
Metropolitana de Santiago,San Joaquín,Haití,484.0
Metropolitana de Santiago,San Joaquín,Perú,2722.0
Metropolitana de Santiago,San Joaquín,Venezuela (República Bolivariana de),7504.0
Metropolitana de Santiago,San Joaquín,Otros países de América del Sur,662.0
Metropolitana de Santiago,San Joaquín,Otros países de América Central y El Caribe,294.0
Metropolitana de Santiago,San Joaquín,América del Norte,22.0
Metropolitana de Santiago,San Joaquín,Europa,111.0
Metropolitana de Santiago,San Joaquín,Asia,81.0
Metropolitana de Santiago,San Joaquín,África,5.0
Metropolitana de Santiago,San Joaquín,Oceanía,7.0
Metropolitana de Santiago,San Joaquín,País de nacimiento no declarado,10.0
Metropolitana de Santiago,San Miguel,Total nacidos fuera del país,39266.0
Metropolitana de Santiago,San Miguel,Argentina,559.0
Metropolitana de Santiago,San Miguel,Bolivia (Estado Plurinacional de),372.0
Metropolitana de Santiago,San Miguel,Colombia,3904.0
Metropolitana de Santiago,San Miguel,Haití,263.0
Metropolitana de Santiago,San Miguel,Perú,2420.0
Metropolitana de Santiago,San Miguel,Venezuela (República Bolivariana de),29418.0
Metropolitana de Santiago,San Miguel,Otros países de América del Sur,1106.0
Metropolitana de Santiago,San Miguel,Otros países de América Central y El Caribe,576.0
Metropolitana de Santiago,San Miguel,América del Norte,99.0
Metropolitana de Santiago,San Miguel,Europa,288.0
Metropolitana de Santiago,San Miguel,Asia,204.0
Metropolitana de Santiago,San Miguel,África,12.0
Metropolitana de Santiago,San Miguel,Oceanía,10.0
Metropolitana de Santiago,San Miguel,País de nacimiento no declarado,35.0
Metropolitana de Santiago,San Ramón,Total nacidos fuera del país,6214.0
Metropolitana de Santiago,San Ramón,Argentina,184.0
Metropolitana de Santiago,San Ramón,Bolivia (Estado Plurinacional de),132.0
Metropolitana de Santiago,San Ramón,Colombia,558.0
Metropolitana de Santiago,San Ramón,Haití,714.0
Metropolitana de Santiago,San Ramón,Perú,1364.0
Metropolitana de Santiago,San Ramón,Venezuela (República Bolivariana de),2757.0
Metropolitana de Santiago,San Ramón,Otros países de América del Sur,251.0
Metropolitana de Santiago,San Ramón,Otros países de América Central y El Caribe,153.0
Metropolitana de Santiago,San Ramón,América del Norte,7.0
Metropolitana de Santiago,San Ramón,Europa,35.0
Metropolitana de Santiago,San Ramón,Asia,46.0
Metropolitana de Santiago,San Ramón,África,2.0
Metropolitana de Santiago,San Ramón,Oceanía,3.0
Metropolitana de Santiago,San Ramón,País de nacimiento no declarado,8.0
Metropolitana de Santiago,Vitacura,Total nacidos fuera del país,9401.0
Metropolitana de Santiago,Vitacura,Argentina,1340.0
Metropolitana de Santiago,Vitacura,Bolivia (Estado Plurinacional de),191.0
Metropolitana de Santiago,Vitacura,Colombia,678.0
Metropolitana de Santiago,Vitacura,Haití,15.0
Metropolitana de Santiago,Vitacura,Perú,1152.0
Metropolitana de Santiago,Vitacura,Venezuela (República Bolivariana de),840.0
Metropolitana de Santiago,Vitacura,Otros países de América del Sur,941.0
Metropolitana de Santiago,Vitacura,Otros países de América Central y El Caribe,399.0
Metropolitana de Santiago,Vitacura,América del Norte,839.0
Metropolitana de Santiago,Vitacura,Europa,2197.0
Metropolitana de Santiago,Vitacura,Asia,627.0
Metropolitana de Santiago,Vitacura,África,68.0
Metropolitana de Santiago,Vitacura,Oceanía,95.0
Metropolitana de Santiago,Vitacura,País de nacimiento no declarado,19.0
Metropolitana de Santiago,Puente Alto,Total nacidos fuera del país,29760.0
Metropolitana de Santiago,Puente Alto,Argentina,1702.0
Metropolitana de Santiago,Puente Alto,Bolivia (Estado Plurinacional de),562.0
Metropolitana de Santiago,Puente Alto,Colombia,3950.0
Metropolitana de Santiago,Puente Alto,Haití,2633.0
Metropolitana de Santiago,Puente Alto,Perú,5306.0
Metropolitana de Santiago,Puente Alto,Venezuela (República Bolivariana de),11608.0
Metropolitana de Santiago,Puente Alto,Otros países de América del Sur,2238.0
Metropolitana de Santiago,Puente Alto,Otros países de América Central y El Caribe,863.0
Metropolitana de Santiago,Puente Alto,América del Norte,96.0
Metropolitana de Santiago,Puente Alto,Europa,332.0
Metropolitana de Santiago,Puente Alto,Asia,398.0
Metropolitana de Santiago,Puente Alto,África,28.0
Metropolitana de Santiago,Puente Alto,Oceanía,14.0
Metropolitana de Santiago,Puente Alto,País de nacimiento no declarado,30.0
Metropolitana de Santiago,Pirque,Total nacidos fuera del país,637.0
Metropolitana de Santiago,Pirque,Argentina,82.0
Metropolitana de Santiago,Pirque,Bolivia (Estado Plurinacional de),20.0
Metropolitana de Santiago,Pirque,Colombia,56.0
Metropolitana de Santiago,Pirque,Haití,27.0
Metropolitana de Santiago,Pirque,Perú,80.0
Metropolitana de Santiago,Pirque,Venezuela (República Bolivariana de),149.0
Metropolitana de Santiago,Pirque,Otros países de América del Sur,65.0
Metropolitana de Santiago,Pirque,Otros países de América Central y El Caribe,27.0
Metropolitana de Santiago,Pirque,América del Norte,21.0
Metropolitana de Santiago,Pirque,Europa,88.0
Metropolitana de Santiago,Pirque,Asia,15.0
Metropolitana de Santiago,Pirque,África,4.0
Metropolitana de Santiago,Pirque,Oceanía,2.0
Metropolitana de Santiago,Pirque,País de nacimiento no declarado,1.0
Metropolitana de Santiago,San José de Maipo,Total nacidos fuera del país,823.0
Metropolitana de Santiago,San José de Maipo,Argentina,83.0
Metropolitana de Santiago,San José de Maipo,Bolivia (Estado Plurinacional de),24.0
Metropolitana de Santiago,San José de Maipo,Colombia,115.0
Metropolitana de Santiago,San José de Maipo,Haití,39.0
Metropolitana de Santiago,San José de Maipo,Perú,44.0
Metropolitana de Santiago,San José de Maipo,Venezuela (República Bolivariana de),347.0
Metropolitana de Santiago,San José de Maipo,Otros países de América del Sur,70.0
Metropolitana de Santiago,San José de Maipo,Otros países de América Central y El Caribe,8.0
Metropolitana de Santiago,San José de Maipo,América del Norte,18.0
Metropolitana de Santiago,San José de Maipo,Europa,60.0
Metropolitana de Santiago,San José de Maipo,Asia,9.0
Metropolitana de Santiago,San José de Maipo,África,3.0
Metropolitana de Santiago,San José de Maipo,Oceanía,1.0
Metropolitana de Santiago,San José de Maipo,País de nacimiento no declarado,2.0
Metropolitana de Santiago,Colina,Total nacidos fuera del país,22498.0
Metropolitana de Santiago,Colina,Argentina,1665.0
Metropolitana de Santiago,Colina,Bolivia (Estado Plurinacional de),3039.0
Metropolitana de Santiago,Colina,Colombia,3068.0
Metropolitana de Santiago,Colina,Haití,2120.0
Metropolitana de Santiago,Colina,Perú,3678.0
Metropolitana de Santiago,Colina,Venezuela (República Bolivariana de),4459.0
Metropolitana de Santiago,Colina,Otros países de América del Sur,1689.0
Metropolitana de Santiago,Colina,Otros países de América Central y El Caribe,1390.0
Metropolitana de Santiago,Colina,América del Norte,322.0
Metropolitana de Santiago,Colina,Europa,718.0
Metropolitana de Santiago,Colina,Asia,238.0
Metropolitana de Santiago,Colina,África,38.0
Metropolitana de Santiago,Colina,Oceanía,44.0
Metropolitana de Santiago,Colina,País de nacimiento no declarado,30.0
Metropolitana de Santiago,Lampa,Total nacidos fuera del país,18608.0
Metropolitana de Santiago,Lampa,Argentina,575.0
Metropolitana de Santiago,Lampa,Bolivia (Estado Plurinacional de),651.0
Metropolitana de Santiago,Lampa,Colombia,1806.0
Metropolitana de Santiago,Lampa,Haití,2379.0
Metropolitana de Santiago,Lampa,Perú,3376.0
Metropolitana de Santiago,Lampa,Venezuela (República Bolivariana de),8238.0
Metropolitana de Santiago,Lampa,Otros países de América del Sur,939.0
Metropolitana de Santiago,Lampa,Otros países de América Central y El Caribe,338.0
Metropolitana de Santiago,Lampa,América del Norte,51.0
Metropolitana de Santiago,Lampa,Europa,148.0
Metropolitana de Santiago,Lampa,Asia,90.0
Metropolitana de Santiago,Lampa,África,2.0
Metropolitana de Santiago,Lampa,Oceanía,2.0
Metropolitana de Santiago,Lampa,País de nacimiento no declarado,13.0
Metropolitana de Santiago,Tiltil,Total nacidos fuera del país,1133.0
Metropolitana de Santiago,Tiltil,Argentina,68.0
Metropolitana de Santiago,Tiltil,Bolivia (Estado Plurinacional de),136.0
Metropolitana de Santiago,Tiltil,Colombia,140.0
Metropolitana de Santiago,Tiltil,Haití,143.0
Metropolitana de Santiago,Tiltil,Perú,118.0
Metropolitana de Santiago,Tiltil,Venezuela (República Bolivariana de),338.0
Metropolitana de Santiago,Tiltil,Otros países de América del Sur,127.0
Metropolitana de Santiago,Tiltil,Otros países de América Central y El Caribe,29.0
Metropolitana de Santiago,Tiltil,América del Norte,6.0
Metropolitana de Santiago,Tiltil,Europa,24.0
Metropolitana de Santiago,Tiltil,Asia,4.0
Metropolitana de Santiago,Tiltil,África,0.0
Metropolitana de Santiago,Tiltil,Oceanía,0.0
Metropolitana de Santiago,Tiltil,País de nacimiento no declarado,0.0
Metropolitana de Santiago,San Bernardo,Total nacidos fuera del país,19544.0
Metropolitana de Santiago,San Bernardo,Argentina,930.0
Metropolitana de Santiago,San Bernardo,Bolivia (Estado Plurinacional de),295.0
Metropolitana de Santiago,San Bernardo,Colombia,1550.0
Metropolitana de Santiago,San Bernardo,Haití,4539.0
Metropolitana de Santiago,San Bernardo,Perú,2262.0
Metropolitana de Santiago,San Bernardo,Venezuela (República Bolivariana de),7752.0
Metropolitana de Santiago,San Bernardo,Otros países de América del Sur,1288.0
Metropolitana de Santiago,San Bernardo,Otros países de América Central y El Caribe,412.0
Metropolitana de Santiago,San Bernardo,América del Norte,78.0
Metropolitana de Santiago,San Bernardo,Europa,174.0
Metropolitana de Santiago,San Bernardo,Asia,235.0
Metropolitana de Santiago,San Bernardo,África,9.0
Metropolitana de Santiago,San Bernardo,Oceanía,9.0
Metropolitana de Santiago,San Bernardo,País de nacimiento no declarado,11.0
Metropolitana de Santiago,Buin,Total nacidos fuera del país,5960.0
Metropolitana de Santiago,Buin,Argentina,291.0
Metropolitana de Santiago,Buin,Bolivia (Estado Plurinacional de),370.0
Metropolitana de Santiago,Buin,Colombia,611.0
Metropolitana de Santiago,Buin,Haití,516.0
Metropolitana de Santiago,Buin,Perú,506.0
Metropolitana de Santiago,Buin,Venezuela (República Bolivariana de),2719.0
Metropolitana de Santiago,Buin,Otros países de América del Sur,546.0
Metropolitana de Santiago,Buin,Otros países de América Central y El Caribe,130.0
Metropolitana de Santiago,Buin,América del Norte,44.0
Metropolitana de Santiago,Buin,Europa,142.0
Metropolitana de Santiago,Buin,Asia,61.0
Metropolitana de Santiago,Buin,África,4.0
Metropolitana de Santiago,Buin,Oceanía,4.0
Metropolitana de Santiago,Buin,País de nacimiento no declarado,16.0
Metropolitana de Santiago,Calera de Tango,Total nacidos fuera del país,898.0
Metropolitana de Santiago,Calera de Tango,Argentina,67.0
Metropolitana de Santiago,Calera de Tango,Bolivia (Estado Plurinacional de),57.0
Metropolitana de Santiago,Calera de Tango,Colombia,95.0
Metropolitana de Santiago,Calera de Tango,Haití,173.0
Metropolitana de Santiago,Calera de Tango,Perú,114.0
Metropolitana de Santiago,Calera de Tango,Venezuela (República Bolivariana de),235.0
Metropolitana de Santiago,Calera de Tango,Otros países de América del Sur,57.0
Metropolitana de Santiago,Calera de Tango,Otros países de América Central y El Caribe,35.0
Metropolitana de Santiago,Calera de Tango,América del Norte,13.0
Metropolitana de Santiago,Calera de Tango,Europa,29.0
Metropolitana de Santiago,Calera de Tango,Asia,16.0
Metropolitana de Santiago,Calera de Tango,África,0.0
Metropolitana de Santiago,Calera de Tango,Oceanía,4.0
Metropolitana de Santiago,Calera de Tango,País de nacimiento no declarado,3.0
Metropolitana de Santiago,Paine,Total nacidos fuera del país,5365.0
Metropolitana de Santiago,Paine,Argentina,177.0
Metropolitana de Santiago,Paine,Bolivia (Estado Plurinacional de),1917.0
Metropolitana de Santiago,Paine,Colombia,236.0
Metropolitana de Santiago,Paine,Haití,674.0
Metropolitana de Santiago,Paine,Perú,405.0
Metropolitana de Santiago,Paine,Venezuela (República Bolivariana de),1382.0
Metropolitana de Santiago,Paine,Otros países de América del Sur,345.0
Metropolitana de Santiago,Paine,Otros países de América Central y El Caribe,79.0
Metropolitana de Santiago,Paine,América del Norte,25.0
Metropolitana de Santiago,Paine,Europa,74.0
Metropolitana de Santiago,Paine,Asia,38.0
Metropolitana de Santiago,Paine,África,5.0
Metropolitana de Santiago,Paine,Oceanía,2.0
Metropolitana de Santiago,Paine,País de nacimiento no declarado,6.0
Metropolitana de Santiago,Melipilla,Total nacidos fuera del país,11069.0
Metropolitana de Santiago,Melipilla,Argentina,283.0
Metropolitana de Santiago,Melipilla,Bolivia (Estado Plurinacional de),4777.0
Metropolitana de Santiago,Melipilla,Colombia,643.0
Metropolitana de Santiago,Melipilla,Haití,1301.0
Metropolitana de Santiago,Melipilla,Perú,605.0
Metropolitana de Santiago,Melipilla,Venezuela (República Bolivariana de),2722.0
Metropolitana de Santiago,Melipilla,Otros países de América del Sur,350.0
Metropolitana de Santiago,Melipilla,Otros países de América Central y El Caribe,206.0
Metropolitana de Santiago,Melipilla,América del Norte,25.0
Metropolitana de Santiago,Melipilla,Europa,107.0
Metropolitana de Santiago,Melipilla,Asia,38.0
Metropolitana de Santiago,Melipilla,África,4.0
Metropolitana de Santiago,Melipilla,Oceanía,6.0
Metropolitana de Santiago,Melipilla,País de nacimiento no declarado,2.0
Metropolitana de Santiago,Alhué,Total nacidos fuera del país,918.0
Metropolitana de Santiago,Alhué,Argentina,18.0
Metropolitana de Santiago,Alhué,Bolivia (Estado Plurinacional de),357.0
Metropolitana de Santiago,Alhué,Colombia,34.0
Metropolitana de Santiago,Alhué,Haití,60.0
Metropolitana de Santiago,Alhué,Perú,217.0
Metropolitana de Santiago,Alhué,Venezuela (República Bolivariana de),169.0
Metropolitana de Santiago,Alhué,Otros países de América del Sur,56.0
Metropolitana de Santiago,Alhué,Otros países de América Central y El Caribe,3.0
Metropolitana de Santiago,Alhué,América del Norte,0.0
Metropolitana de Santiago,Alhué,Europa,2.0
Metropolitana de Santiago,Alhué,Asia,2.0
Metropolitana de Santiago,Alhué,África,0.0
Metropolitana de Santiago,Alhué,Oceanía,0.0
Metropolitana de Santiago,Alhué,País de nacimiento no declarado,0.0
Metropolitana de Santiago,Curacaví,Total nacidos fuera del país,1460.0
Metropolitana de Santiago,Curacaví,Argentina,139.0
Metropolitana de Santiago,Curacaví,Bolivia (Estado Plurinacional de),29.0
Metropolitana de Santiago,Curacaví,Colombia,129.0
Metropolitana de Santiago,Curacaví,Haití,139.0
Metropolitana de Santiago,Curacaví,Perú,163.0
Metropolitana de Santiago,Curacaví,Venezuela (República Bolivariana de),564.0
Metropolitana de Santiago,Curacaví,Otros países de América del Sur,100.0
Metropolitana de Santiago,Curacaví,Otros países de América Central y El Caribe,73.0
Metropolitana de Santiago,Curacaví,América del Norte,22.0
Metropolitana de Santiago,Curacaví,Europa,73.0
Metropolitana de Santiago,Curacaví,Asia,19.0
Metropolitana de Santiago,Curacaví,África,5.0
Metropolitana de Santiago,Curacaví,Oceanía,5.0
Metropolitana de Santiago,Curacaví,País de nacimiento no declarado,0.0
Metropolitana de Santiago,María Pinto,Total nacidos fuera del país,356.0
Metropolitana de Santiago,María Pinto,Argentina,43.0
Metropolitana de Santiago,María Pinto,Bolivia (Estado Plurinacional de),66.0
Metropolitana de Santiago,María Pinto,Colombia,35.0
Metropolitana de Santiago,María Pinto,Haití,24.0
Metropolitana de Santiago,María Pinto,Perú,26.0
Metropolitana de Santiago,María Pinto,Venezuela (República Bolivariana de),117.0
Metropolitana de Santiago,María Pinto,Otros países de América del Sur,23.0
Metropolitana de Santiago,María Pinto,Otros países de América Central y El Caribe,6.0
Metropolitana de Santiago,María Pinto,América del Norte,1.0
Metropolitana de Santiago,María Pinto,Europa,11.0
Metropolitana de Santiago,María Pinto,Asia,3.0
Metropolitana de Santiago,María Pinto,África,1.0
Metropolitana de Santiago,María Pinto,Oceanía,0.0
Metropolitana de Santiago,María Pinto,País de nacimiento no declarado,0.0
Metropolitana de Santiago,San Pedro,Total nacidos fuera del país,1260.0
Metropolitana de Santiago,San Pedro,Argentina,21.0
Metropolitana de Santiago,San Pedro,Bolivia (Estado Plurinacional de),799.0
Metropolitana de Santiago,San Pedro,Colombia,21.0
Metropolitana de Santiago,San Pedro,Haití,113.0
Metropolitana de Santiago,San Pedro,Perú,142.0
Metropolitana de Santiago,San Pedro,Venezuela (República Bolivariana de),121.0
Metropolitana de Santiago,San Pedro,Otros países de América del Sur,37.0
Metropolitana de Santiago,San Pedro,Otros países de América Central y El Caribe,0.0
Metropolitana de Santiago,San Pedro,América del Norte,0.0
Metropolitana de Santiago,San Pedro,Europa,6.0
Metropolitana de Santiago,San Pedro,Asia,0.0
Metropolitana de Santiago,San Pedro,África,0.0
Metropolitana de Santiago,San Pedro,Oceanía,0.0
Metropolitana de Santiago,San Pedro,País de nacimiento no declarado,0.0
Metropolitana de Santiago,Talagante,Total nacidos fuera del país,4559.0
Metropolitana de Santiago,Talagante,Argentina,169.0
Metropolitana de Santiago,Talagante,Bolivia (Estado Plurinacional de),164.0
Metropolitana de Santiago,Talagante,Colombia,529.0
Metropolitana de Santiago,Talagante,Haití,644.0
Metropolitana de Santiago,Talagante,Perú,341.0
Metropolitana de Santiago,Talagante,Venezuela (República Bolivariana de),2000.0
Metropolitana de Santiago,Talagante,Otros países de América del Sur,342.0
Metropolitana de Santiago,Talagante,Otros países de América Central y El Caribe,165.0
Metropolitana de Santiago,Talagante,América del Norte,33.0
Metropolitana de Santiago,Talagante,Europa,97.0
Metropolitana de Santiago,Talagante,Asia,59.0
Metropolitana de Santiago,Talagante,África,6.0
Metropolitana de Santiago,Talagante,Oceanía,5.0
Metropolitana de Santiago,Talagante,País de nacimiento no declarado,5.0
Metropolitana de Santiago,El Monte,Total nacidos fuera del país,1090.0
Metropolitana de Santiago,El Monte,Argentina,73.0
Metropolitana de Santiago,El Monte,Bolivia (Estado Plurinacional de),50.0
Metropolitana de Santiago,El Monte,Colombia,110.0
Metropolitana de Santiago,El Monte,Haití,166.0
Metropolitana de Santiago,El Monte,Perú,128.0
Metropolitana de Santiago,El Monte,Venezuela (República Bolivariana de),371.0
Metropolitana de Santiago,El Monte,Otros países de América del Sur,93.0
Metropolitana de Santiago,El Monte,Otros países de América Central y El Caribe,38.0
Metropolitana de Santiago,El Monte,América del Norte,8.0
Metropolitana de Santiago,El Monte,Europa,24.0
Metropolitana de Santiago,El Monte,Asia,25.0
Metropolitana de Santiago,El Monte,África,3.0
Metropolitana de Santiago,El Monte,Oceanía,1.0
Metropolitana de Santiago,El Monte,País de nacimiento no declarado,0.0
Metropolitana de Santiago,Isla de Maipo,Total nacidos fuera del país,1502.0
Metropolitana de Santiago,Isla de Maipo,Argentina,105.0
Metropolitana de Santiago,Isla de Maipo,Bolivia (Estado Plurinacional de),489.0
Metropolitana de Santiago,Isla de Maipo,Colombia,149.0
Metropolitana de Santiago,Isla de Maipo,Haití,96.0
Metropolitana de Santiago,Isla de Maipo,Perú,96.0
Metropolitana de Santiago,Isla de Maipo,Venezuela (República Bolivariana de),358.0
Metropolitana de Santiago,Isla de Maipo,Otros países de América del Sur,82.0
Metropolitana de Santiago,Isla de Maipo,Otros países de América Central y El Caribe,34.0
Metropolitana de Santiago,Isla de Maipo,América del Norte,16.0
Metropolitana de Santiago,Isla de Maipo,Europa,40.0
Metropolitana de Santiago,Isla de Maipo,Asia,18.0
Metropolitana de Santiago,Isla de Maipo,África,5.0
Metropolitana de Santiago,Isla de Maipo,Oceanía,1.0
Metropolitana de Santiago,Isla de Maipo,País de nacimiento no declarado,13.0
Metropolitana de Santiago,Padre Hurtado,Total nacidos fuera del país,5296.0
Metropolitana de Santiago,Padre Hurtado,Argentina,210.0
Metropolitana de Santiago,Padre Hurtado,Bolivia (Estado Plurinacional de),89.0
Metropolitana de Santiago,Padre Hurtado,Colombia,658.0
Metropolitana de Santiago,Padre Hurtado,Haití,252.0
Metropolitana de Santiago,Padre Hurtado,Perú,540.0
Metropolitana de Santiago,Padre Hurtado,Venezuela (República Bolivariana de),2893.0
Metropolitana de Santiago,Padre Hurtado,Otros países de América del Sur,375.0
Metropolitana de Santiago,Padre Hurtado,Otros países de América Central y El Caribe,120.0
Metropolitana de Santiago,Padre Hurtado,América del Norte,19.0
Metropolitana de Santiago,Padre Hurtado,Europa,76.0
Metropolitana de Santiago,Padre Hurtado,Asia,53.0
Metropolitana de Santiago,Padre Hurtado,África,3.0
Metropolitana de Santiago,Padre Hurtado,Oceanía,2.0
Metropolitana de Santiago,Padre Hurtado,País de nacimiento no declarado,6.0
Metropolitana de Santiago,Peñaflor,Total nacidos fuera del país,3731.0
Metropolitana de Santiago,Peñaflor,Argentina,257.0
Metropolitana de Santiago,Peñaflor,Bolivia (Estado Plurinacional de),135.0
Metropolitana de Santiago,Peñaflor,Colombia,543.0
Metropolitana de Santiago,Peñaflor,Haití,220.0
Metropolitana de Santiago,Peñaflor,Perú,391.0
Metropolitana de Santiago,Peñaflor,Venezuela (República Bolivariana de),1482.0
Metropolitana de Santiago,Peñaflor,Otros países de América del Sur,357.0
Metropolitana de Santiago,Peñaflor,Otros países de América Central y El Caribe,172.0
Metropolitana de Santiago,Peñaflor,América del Norte,20.0
Metropolitana de Santiago,Peñaflor,Europa,92.0
Metropolitana de Santiago,Peñaflor,Asia,54.0
Metropolitana de Santiago,Peñaflor,África,1.0
Metropolitana de Santiago,Peñaflor,Oceanía,6.0
Metropolitana de Santiago,Peñaflor,País de nacimiento no declarado,1.0
Libertador General Bernardo O'Higgins,Rancagua,Total nacidos fuera del país,20640.0
Libertador General Bernardo O'Higgins,Rancagua,Argentina,655.0
Libertador General Bernardo O'Higgins,Rancagua,Bolivia (Estado Plurinacional de),417.0
Libertador General Bernardo O'Higgins,Rancagua,Colombia,2408.0
Libertador General Bernardo O'Higgins,Rancagua,Haití,991.0
Libertador General Bernardo O'Higgins,Rancagua,Perú,825.0
Libertador General Bernardo O'Higgins,Rancagua,Venezuela (República Bolivariana de),13319.0
Libertador General Bernardo O'Higgins,Rancagua,Otros países de América del Sur,926.0
Libertador General Bernardo O'Higgins,Rancagua,Otros países de América Central y El Caribe,562.0
Libertador General Bernardo O'Higgins,Rancagua,América del Norte,75.0
Libertador General Bernardo O'Higgins,Rancagua,Europa,229.0
Libertador General Bernardo O'Higgins,Rancagua,Asia,196.0
Libertador General Bernardo O'Higgins,Rancagua,África,7.0
Libertador General Bernardo O'Higgins,Rancagua,Oceanía,12.0
Libertador General Bernardo O'Higgins,Rancagua,País de nacimiento no declarado,18.0
Libertador General Bernardo O'Higgins,Codegua,Total nacidos fuera del país,371.0
Libertador General Bernardo O'Higgins,Codegua,Argentina,22.0
Libertador General Bernardo O'Higgins,Codegua,Bolivia (Estado Plurinacional de),96.0
Libertador General Bernardo O'Higgins,Codegua,Colombia,46.0
Libertador General Bernardo O'Higgins,Codegua,Haití,15.0
Libertador General Bernardo O'Higgins,Codegua,Perú,7.0
Libertador General Bernardo O'Higgins,Codegua,Venezuela (República Bolivariana de),148.0
Libertador General Bernardo O'Higgins,Codegua,Otros países de América del Sur,24.0
Libertador General Bernardo O'Higgins,Codegua,Otros países de América Central y El Caribe,5.0
Libertador General Bernardo O'Higgins,Codegua,América del Norte,2.0
Libertador General Bernardo O'Higgins,Codegua,Europa,5.0
Libertador General Bernardo O'Higgins,Codegua,Asia,0.0
Libertador General Bernardo O'Higgins,Codegua,África,0.0
Libertador General Bernardo O'Higgins,Codegua,Oceanía,1.0
Libertador General Bernardo O'Higgins,Codegua,País de nacimiento no declarado,0.0
Libertador General Bernardo O'Higgins,Coinco,Total nacidos fuera del país,107.0
Libertador General Bernardo O'Higgins,Coinco,Argentina,13.0
Libertador General Bernardo O'Higgins,Coinco,Bolivia (Estado Plurinacional de),5.0
Libertador General Bernardo O'Higgins,Coinco,Colombia,17.0
Libertador General Bernardo O'Higgins,Coinco,Haití,2.0
Libertador General Bernardo O'Higgins,Coinco,Perú,3.0
Libertador General Bernardo O'Higgins,Coinco,Venezuela (República Bolivariana de),27.0
Libertador General Bernardo O'Higgins,Coinco,Otros países de América del Sur,30.0
Libertador General Bernardo O'Higgins,Coinco,Otros países de América Central y El Caribe,2.0
Libertador General Bernardo O'Higgins,Coinco,América del Norte,2.0
Libertador General Bernardo O'Higgins,Coinco,Europa,3.0
Libertador General Bernardo O'Higgins,Coinco,Asia,1.0
Libertador General Bernardo O'Higgins,Coinco,África,0.0
Libertador General Bernardo O'Higgins,Coinco,Oceanía,1.0
Libertador General Bernardo O'Higgins,Coinco,País de nacimiento no declarado,1.0
Libertador General Bernardo O'Higgins,Coltauco,Total nacidos fuera del país,591.0
Libertador General Bernardo O'Higgins,Coltauco,Argentina,19.0
Libertador General Bernardo O'Higgins,Coltauco,Bolivia (Estado Plurinacional de),152.0
Libertador General Bernardo O'Higgins,Coltauco,Colombia,46.0
Libertador General Bernardo O'Higgins,Coltauco,Haití,153.0
Libertador General Bernardo O'Higgins,Coltauco,Perú,28.0
Libertador General Bernardo O'Higgins,Coltauco,Venezuela (República Bolivariana de),126.0
Libertador General Bernardo O'Higgins,Coltauco,Otros países de América del Sur,20.0
Libertador General Bernardo O'Higgins,Coltauco,Otros países de América Central y El Caribe,33.0
Libertador General Bernardo O'Higgins,Coltauco,América del Norte,1.0
Libertador General Bernardo O'Higgins,Coltauco,Europa,2.0
Libertador General Bernardo O'Higgins,Coltauco,Asia,8.0
Libertador General Bernardo O'Higgins,Coltauco,África,3.0
Libertador General Bernardo O'Higgins,Coltauco,Oceanía,0.0
Libertador General Bernardo O'Higgins,Coltauco,País de nacimiento no declarado,0.0
Libertador General Bernardo O'Higgins,Doñihue,Total nacidos fuera del país,728.0
Libertador General Bernardo O'Higgins,Doñihue,Argentina,50.0
Libertador General Bernardo O'Higgins,Doñihue,Bolivia (Estado Plurinacional de),79.0
Libertador General Bernardo O'Higgins,Doñihue,Colombia,75.0
Libertador General Bernardo O'Higgins,Doñihue,Haití,144.0
Libertador General Bernardo O'Higgins,Doñihue,Perú,23.0
Libertador General Bernardo O'Higgins,Doñihue,Venezuela (República Bolivariana de),204.0
Libertador General Bernardo O'Higgins,Doñihue,Otros países de América del Sur,74.0
Libertador General Bernardo O'Higgins,Doñihue,Otros países de América Central y El Caribe,57.0
Libertador General Bernardo O'Higgins,Doñihue,América del Norte,4.0
Libertador General Bernardo O'Higgins,Doñihue,Europa,10.0
Libertador General Bernardo O'Higgins,Doñihue,Asia,6.0
Libertador General Bernardo O'Higgins,Doñihue,África,1.0
Libertador General Bernardo O'Higgins,Doñihue,Oceanía,1.0
Libertador General Bernardo O'Higgins,Doñihue,País de nacimiento no declarado,0.0
Libertador General Bernardo O'Higgins,Graneros,Total nacidos fuera del país,2068.0
Libertador General Bernardo O'Higgins,Graneros,Argentina,74.0
Libertador General Bernardo O'Higgins,Graneros,Bolivia (Estado Plurinacional de),955.0
Libertador General Bernardo O'Higgins,Graneros,Colombia,95.0
Libertador General Bernardo O'Higgins,Graneros,Haití,200.0
Libertador General Bernardo O'Higgins,Graneros,Perú,59.0
Libertador General Bernardo O'Higgins,Graneros,Venezuela (República Bolivariana de),558.0
Libertador General Bernardo O'Higgins,Graneros,Otros países de América del Sur,58.0
Libertador General Bernardo O'Higgins,Graneros,Otros países de América Central y El Caribe,33.0
Libertador General Bernardo O'Higgins,Graneros,América del Norte,4.0
Libertador General Bernardo O'Higgins,Graneros,Europa,17.0
Libertador General Bernardo O'Higgins,Graneros,Asia,12.0
Libertador General Bernardo O'Higgins,Graneros,África,1.0
Libertador General Bernardo O'Higgins,Graneros,Oceanía,0.0
Libertador General Bernardo O'Higgins,Graneros,País de nacimiento no declarado,2.0
Libertador General Bernardo O'Higgins,Las Cabras,Total nacidos fuera del país,1653.0
Libertador General Bernardo O'Higgins,Las Cabras,Argentina,66.0
Libertador General Bernardo O'Higgins,Las Cabras,Bolivia (Estado Plurinacional de),568.0
Libertador General Bernardo O'Higgins,Las Cabras,Colombia,77.0
Libertador General Bernardo O'Higgins,Las Cabras,Haití,142.0
Libertador General Bernardo O'Higgins,Las Cabras,Perú,108.0
Libertador General Bernardo O'Higgins,Las Cabras,Venezuela (República Bolivariana de),543.0
Libertador General Bernardo O'Higgins,Las Cabras,Otros países de América del Sur,75.0
Libertador General Bernardo O'Higgins,Las Cabras,Otros países de América Central y El Caribe,35.0
Libertador General Bernardo O'Higgins,Las Cabras,América del Norte,10.0
Libertador General Bernardo O'Higgins,Las Cabras,Europa,17.0
Libertador General Bernardo O'Higgins,Las Cabras,Asia,10.0
Libertador General Bernardo O'Higgins,Las Cabras,África,1.0
Libertador General Bernardo O'Higgins,Las Cabras,Oceanía,0.0
Libertador General Bernardo O'Higgins,Las Cabras,País de nacimiento no declarado,1.0
Libertador General Bernardo O'Higgins,Machalí,Total nacidos fuera del país,3093.0
Libertador General Bernardo O'Higgins,Machalí,Argentina,187.0
Libertador General Bernardo O'Higgins,Machalí,Bolivia (Estado Plurinacional de),42.0
Libertador General Bernardo O'Higgins,Machalí,Colombia,364.0
Libertador General Bernardo O'Higgins,Machalí,Haití,30.0
Libertador General Bernardo O'Higgins,Machalí,Perú,164.0
Libertador General Bernardo O'Higgins,Machalí,Venezuela (República Bolivariana de),1747.0
Libertador General Bernardo O'Higgins,Machalí,Otros países de América del Sur,272.0
Libertador General Bernardo O'Higgins,Machalí,Otros países de América Central y El Caribe,108.0
Libertador General Bernardo O'Higgins,Machalí,América del Norte,34.0
Libertador General Bernardo O'Higgins,Machalí,Europa,97.0
Libertador General Bernardo O'Higgins,Machalí,Asia,34.0
Libertador General Bernardo O'Higgins,Machalí,África,4.0
Libertador General Bernardo O'Higgins,Machalí,Oceanía,7.0
Libertador General Bernardo O'Higgins,Machalí,País de nacimiento no declarado,3.0
Libertador General Bernardo O'Higgins,Malloa,Total nacidos fuera del país,266.0
Libertador General Bernardo O'Higgins,Malloa,Argentina,13.0
Libertador General Bernardo O'Higgins,Malloa,Bolivia (Estado Plurinacional de),73.0
Libertador General Bernardo O'Higgins,Malloa,Colombia,11.0
Libertador General Bernardo O'Higgins,Malloa,Haití,39.0
Libertador General Bernardo O'Higgins,Malloa,Perú,19.0
Libertador General Bernardo O'Higgins,Malloa,Venezuela (República Bolivariana de),49.0
Libertador General Bernardo O'Higgins,Malloa,Otros países de América del Sur,39.0
Libertador General Bernardo O'Higgins,Malloa,Otros países de América Central y El Caribe,8.0
Libertador General Bernardo O'Higgins,Malloa,América del Norte,2.0
Libertador General Bernardo O'Higgins,Malloa,Europa,8.0
Libertador General Bernardo O'Higgins,Malloa,Asia,5.0
Libertador General Bernardo O'Higgins,Malloa,África,0.0
Libertador General Bernardo O'Higgins,Malloa,Oceanía,0.0
Libertador General Bernardo O'Higgins,Malloa,País de nacimiento no declarado,0.0
Libertador General Bernardo O'Higgins,Mostazal,Total nacidos fuera del país,625.0
Libertador General Bernardo O'Higgins,Mostazal,Argentina,44.0
Libertador General Bernardo O'Higgins,Mostazal,Bolivia (Estado Plurinacional de),92.0
Libertador General Bernardo O'Higgins,Mostazal,Colombia,63.0
Libertador General Bernardo O'Higgins,Mostazal,Haití,71.0
Libertador General Bernardo O'Higgins,Mostazal,Perú,37.0
Libertador General Bernardo O'Higgins,Mostazal,Venezuela (República Bolivariana de),226.0
Libertador General Bernardo O'Higgins,Mostazal,Otros países de América del Sur,30.0
Libertador General Bernardo O'Higgins,Mostazal,Otros países de América Central y El Caribe,11.0
Libertador General Bernardo O'Higgins,Mostazal,América del Norte,6.0
Libertador General Bernardo O'Higgins,Mostazal,Europa,22.0
Libertador General Bernardo O'Higgins,Mostazal,Asia,19.0
Libertador General Bernardo O'Higgins,Mostazal,África,2.0
Libertador General Bernardo O'Higgins,Mostazal,Oceanía,2.0
Libertador General Bernardo O'Higgins,Mostazal,País de nacimiento no declarado,0.0
Libertador General Bernardo O'Higgins,Olivar,Total nacidos fuera del país,333.0
Libertador General Bernardo O'Higgins,Olivar,Argentina,20.0
Libertador General Bernardo O'Higgins,Olivar,Bolivia (Estado Plurinacional de),11.0
Libertador General Bernardo O'Higgins,Olivar,Colombia,24.0
Libertador General Bernardo O'Higgins,Olivar,Haití,71.0
Libertador General Bernardo O'Higgins,Olivar,Perú,13.0
Libertador General Bernardo O'Higgins,Olivar,Venezuela (República Bolivariana de),133.0
Libertador General Bernardo O'Higgins,Olivar,Otros países de América del Sur,33.0
Libertador General Bernardo O'Higgins,Olivar,Otros países de América Central y El Caribe,10.0
Libertador General Bernardo O'Higgins,Olivar,América del Norte,3.0
Libertador General Bernardo O'Higgins,Olivar,Europa,7.0
Libertador General Bernardo O'Higgins,Olivar,Asia,4.0
Libertador General Bernardo O'Higgins,Olivar,África,0.0
Libertador General Bernardo O'Higgins,Olivar,Oceanía,0.0
Libertador General Bernardo O'Higgins,Olivar,País de nacimiento no declarado,4.0
Libertador General Bernardo O'Higgins,Peumo,Total nacidos fuera del país,154.0
Libertador General Bernardo O'Higgins,Peumo,Argentina,11.0
Libertador General Bernardo O'Higgins,Peumo,Bolivia (Estado Plurinacional de),24.0
Libertador General Bernardo O'Higgins,Peumo,Colombia,18.0
Libertador General Bernardo O'Higgins,Peumo,Haití,43.0
Libertador General Bernardo O'Higgins,Peumo,Perú,14.0
Libertador General Bernardo O'Higgins,Peumo,Venezuela (República Bolivariana de),28.0
Libertador General Bernardo O'Higgins,Peumo,Otros países de América del Sur,9.0
Libertador General Bernardo O'Higgins,Peumo,Otros países de América Central y El Caribe,3.0
Libertador General Bernardo O'Higgins,Peumo,América del Norte,0.0
Libertador General Bernardo O'Higgins,Peumo,Europa,0.0
Libertador General Bernardo O'Higgins,Peumo,Asia,4.0
Libertador General Bernardo O'Higgins,Peumo,África,0.0
Libertador General Bernardo O'Higgins,Peumo,Oceanía,0.0
Libertador General Bernardo O'Higgins,Peumo,País de nacimiento no declarado,0.0
Libertador General Bernardo O'Higgins,Pichidegua,Total nacidos fuera del país,414.0
Libertador General Bernardo O'Higgins,Pichidegua,Argentina,23.0
Libertador General Bernardo O'Higgins,Pichidegua,Bolivia (Estado Plurinacional de),144.0
Libertador General Bernardo O'Higgins,Pichidegua,Colombia,40.0
Libertador General Bernardo O'Higgins,Pichidegua,Haití,82.0
Libertador General Bernardo O'Higgins,Pichidegua,Perú,12.0
Libertador General Bernardo O'Higgins,Pichidegua,Venezuela (República Bolivariana de),62.0
Libertador General Bernardo O'Higgins,Pichidegua,Otros países de América del Sur,26.0
Libertador General Bernardo O'Higgins,Pichidegua,Otros países de América Central y El Caribe,19.0
Libertador General Bernardo O'Higgins,Pichidegua,América del Norte,1.0
Libertador General Bernardo O'Higgins,Pichidegua,Europa,4.0
Libertador General Bernardo O'Higgins,Pichidegua,Asia,1.0
Libertador General Bernardo O'Higgins,Pichidegua,África,0.0
Libertador General Bernardo O'Higgins,Pichidegua,Oceanía,0.0
Libertador General Bernardo O'Higgins,Pichidegua,País de nacimiento no declarado,0.0
Libertador General Bernardo O'Higgins,Quinta de Tilcoco,Total nacidos fuera del país,506.0
Libertador General Bernardo O'Higgins,Quinta de Tilcoco,Argentina,16.0
Libertador General Bernardo O'Higgins,Quinta de Tilcoco,Bolivia (Estado Plurinacional de),196.0
Libertador General Bernardo O'Higgins,Quinta de Tilcoco,Colombia,20.0
Libertador General Bernardo O'Higgins,Quinta de Tilcoco,Haití,49.0
Libertador General Bernardo O'Higgins,Quinta de Tilcoco,Perú,23.0
Libertador General Bernardo O'Higgins,Quinta de Tilcoco,Venezuela (República Bolivariana de),176.0
Libertador General Bernardo O'Higgins,Quinta de Tilcoco,Otros países de América del Sur,8.0
Libertador General Bernardo O'Higgins,Quinta de Tilcoco,Otros países de América Central y El Caribe,9.0
Libertador General Bernardo O'Higgins,Quinta de Tilcoco,América del Norte,1.0
Libertador General Bernardo O'Higgins,Quinta de Tilcoco,Europa,3.0
Libertador General Bernardo O'Higgins,Quinta de Tilcoco,Asia,5.0
Libertador General Bernardo O'Higgins,Quinta de Tilcoco,África,0.0
Libertador General Bernardo O'Higgins,Quinta de Tilcoco,Oceanía,0.0
Libertador General Bernardo O'Higgins,Quinta de Tilcoco,País de nacimiento no declarado,0.0
Libertador General Bernardo O'Higgins,Rengo,Total nacidos fuera del país,3217.0
Libertador General Bernardo O'Higgins,Rengo,Argentina,92.0
Libertador General Bernardo O'Higgins,Rengo,Bolivia (Estado Plurinacional de),810.0
Libertador General Bernardo O'Higgins,Rengo,Colombia,225.0
Libertador General Bernardo O'Higgins,Rengo,Haití,387.0
Libertador General Bernardo O'Higgins,Rengo,Perú,113.0
Libertador General Bernardo O'Higgins,Rengo,Venezuela (República Bolivariana de),1191.0
Libertador General Bernardo O'Higgins,Rengo,Otros países de América del Sur,294.0
Libertador General Bernardo O'Higgins,Rengo,Otros países de América Central y El Caribe,40.0
Libertador General Bernardo O'Higgins,Rengo,América del Norte,10.0
Libertador General Bernardo O'Higgins,Rengo,Europa,37.0
Libertador General Bernardo O'Higgins,Rengo,Asia,15.0
Libertador General Bernardo O'Higgins,Rengo,África,2.0
Libertador General Bernardo O'Higgins,Rengo,Oceanía,0.0
Libertador General Bernardo O'Higgins,Rengo,País de nacimiento no declarado,1.0
Libertador General Bernardo O'Higgins,Requínoa,Total nacidos fuera del país,1003.0
Libertador General Bernardo O'Higgins,Requínoa,Argentina,69.0
Libertador General Bernardo O'Higgins,Requínoa,Bolivia (Estado Plurinacional de),235.0
Libertador General Bernardo O'Higgins,Requínoa,Colombia,80.0
Libertador General Bernardo O'Higgins,Requínoa,Haití,201.0
Libertador General Bernardo O'Higgins,Requínoa,Perú,53.0
Libertador General Bernardo O'Higgins,Requínoa,Venezuela (República Bolivariana de),242.0
Libertador General Bernardo O'Higgins,Requínoa,Otros países de América del Sur,55.0
Libertador General Bernardo O'Higgins,Requínoa,Otros países de América Central y El Caribe,19.0
Libertador General Bernardo O'Higgins,Requínoa,América del Norte,9.0
Libertador General Bernardo O'Higgins,Requínoa,Europa,19.0
Libertador General Bernardo O'Higgins,Requínoa,Asia,15.0
Libertador General Bernardo O'Higgins,Requínoa,África,3.0
Libertador General Bernardo O'Higgins,Requínoa,Oceanía,3.0
Libertador General Bernardo O'Higgins,Requínoa,País de nacimiento no declarado,0.0
Libertador General Bernardo O'Higgins,San Vicente,Total nacidos fuera del país,1755.0
Libertador General Bernardo O'Higgins,San Vicente,Argentina,71.0
Libertador General Bernardo O'Higgins,San Vicente,Bolivia (Estado Plurinacional de),470.0
Libertador General Bernardo O'Higgins,San Vicente,Colombia,141.0
Libertador General Bernardo O'Higgins,San Vicente,Haití,320.0
Libertador General Bernardo O'Higgins,San Vicente,Perú,66.0
Libertador General Bernardo O'Higgins,San Vicente,Venezuela (República Bolivariana de),407.0
Libertador General Bernardo O'Higgins,San Vicente,Otros países de América del Sur,153.0
Libertador General Bernardo O'Higgins,San Vicente,Otros países de América Central y El Caribe,33.0
Libertador General Bernardo O'Higgins,San Vicente,América del Norte,17.0
Libertador General Bernardo O'Higgins,San Vicente,Europa,45.0
Libertador General Bernardo O'Higgins,San Vicente,Asia,26.0
Libertador General Bernardo O'Higgins,San Vicente,África,4.0
Libertador General Bernardo O'Higgins,San Vicente,Oceanía,2.0
Libertador General Bernardo O'Higgins,San Vicente,País de nacimiento no declarado,0.0
Libertador General Bernardo O'Higgins,Pichilemu,Total nacidos fuera del país,1033.0
Libertador General Bernardo O'Higgins,Pichilemu,Argentina,104.0
Libertador General Bernardo O'Higgins,Pichilemu,Bolivia (Estado Plurinacional de),24.0
Libertador General Bernardo O'Higgins,Pichilemu,Colombia,135.0
Libertador General Bernardo O'Higgins,Pichilemu,Haití,24.0
Libertador General Bernardo O'Higgins,Pichilemu,Perú,52.0
Libertador General Bernardo O'Higgins,Pichilemu,Venezuela (República Bolivariana de),442.0
Libertador General Bernardo O'Higgins,Pichilemu,Otros países de América del Sur,85.0
Libertador General Bernardo O'Higgins,Pichilemu,Otros países de América Central y El Caribe,21.0
Libertador General Bernardo O'Higgins,Pichilemu,América del Norte,35.0
Libertador General Bernardo O'Higgins,Pichilemu,Europa,79.0
Libertador General Bernardo O'Higgins,Pichilemu,Asia,15.0
Libertador General Bernardo O'Higgins,Pichilemu,África,1.0
Libertador General Bernardo O'Higgins,Pichilemu,Oceanía,12.0
Libertador General Bernardo O'Higgins,Pichilemu,País de nacimiento no declarado,4.0
Libertador General Bernardo O'Higgins,La Estrella,Total nacidos fuera del país,186.0
Libertador General Bernardo O'Higgins,La Estrella,Argentina,12.0
Libertador General Bernardo O'Higgins,La Estrella,Bolivia (Estado Plurinacional de),30.0
Libertador General Bernardo O'Higgins,La Estrella,Colombia,16.0
Libertador General Bernardo O'Higgins,La Estrella,Haití,12.0
Libertador General Bernardo O'Higgins,La Estrella,Perú,22.0
Libertador General Bernardo O'Higgins,La Estrella,Venezuela (República Bolivariana de),67.0
Libertador General Bernardo O'Higgins,La Estrella,Otros países de América del Sur,17.0
Libertador General Bernardo O'Higgins,La Estrella,Otros países de América Central y El Caribe,3.0
Libertador General Bernardo O'Higgins,La Estrella,América del Norte,0.0
Libertador General Bernardo O'Higgins,La Estrella,Europa,6.0
Libertador General Bernardo O'Higgins,La Estrella,Asia,0.0
Libertador General Bernardo O'Higgins,La Estrella,África,1.0
Libertador General Bernardo O'Higgins,La Estrella,Oceanía,0.0
Libertador General Bernardo O'Higgins,La Estrella,País de nacimiento no declarado,0.0
Libertador General Bernardo O'Higgins,Litueche,Total nacidos fuera del país,324.0
Libertador General Bernardo O'Higgins,Litueche,Argentina,20.0
Libertador General Bernardo O'Higgins,Litueche,Bolivia (Estado Plurinacional de),54.0
Libertador General Bernardo O'Higgins,Litueche,Colombia,30.0
Libertador General Bernardo O'Higgins,Litueche,Haití,61.0
Libertador General Bernardo O'Higgins,Litueche,Perú,13.0
Libertador General Bernardo O'Higgins,Litueche,Venezuela (República Bolivariana de),112.0
Libertador General Bernardo O'Higgins,Litueche,Otros países de América del Sur,26.0
Libertador General Bernardo O'Higgins,Litueche,Otros países de América Central y El Caribe,1.0
Libertador General Bernardo O'Higgins,Litueche,América del Norte,1.0
Libertador General Bernardo O'Higgins,Litueche,Europa,2.0
Libertador General Bernardo O'Higgins,Litueche,Asia,2.0
Libertador General Bernardo O'Higgins,Litueche,África,2.0
Libertador General Bernardo O'Higgins,Litueche,Oceanía,0.0
Libertador General Bernardo O'Higgins,Litueche,País de nacimiento no declarado,0.0
Libertador General Bernardo O'Higgins,Marchihue,Total nacidos fuera del país,154.0
Libertador General Bernardo O'Higgins,Marchihue,Argentina,19.0
Libertador General Bernardo O'Higgins,Marchihue,Bolivia (Estado Plurinacional de),11.0
Libertador General Bernardo O'Higgins,Marchihue,Colombia,19.0
Libertador General Bernardo O'Higgins,Marchihue,Haití,43.0
Libertador General Bernardo O'Higgins,Marchihue,Perú,11.0
Libertador General Bernardo O'Higgins,Marchihue,Venezuela (República Bolivariana de),31.0
Libertador General Bernardo O'Higgins,Marchihue,Otros países de América del Sur,7.0
Libertador General Bernardo O'Higgins,Marchihue,Otros países de América Central y El Caribe,8.0
Libertador General Bernardo O'Higgins,Marchihue,América del Norte,0.0
Libertador General Bernardo O'Higgins,Marchihue,Europa,4.0
Libertador General Bernardo O'Higgins,Marchihue,Asia,0.0
Libertador General Bernardo O'Higgins,Marchihue,África,0.0
Libertador General Bernardo O'Higgins,Marchihue,Oceanía,1.0
Libertador General Bernardo O'Higgins,Marchihue,País de nacimiento no declarado,0.0
Libertador General Bernardo O'Higgins,Navidad,Total nacidos fuera del país,319.0
Libertador General Bernardo O'Higgins,Navidad,Argentina,42.0
Libertador General Bernardo O'Higgins,Navidad,Bolivia (Estado Plurinacional de),22.0
Libertador General Bernardo O'Higgins,Navidad,Colombia,26.0
Libertador General Bernardo O'Higgins,Navidad,Haití,9.0
Libertador General Bernardo O'Higgins,Navidad,Perú,24.0
Libertador General Bernardo O'Higgins,Navidad,Venezuela (República Bolivariana de),125.0
Libertador General Bernardo O'Higgins,Navidad,Otros países de América del Sur,13.0
Libertador General Bernardo O'Higgins,Navidad,Otros países de América Central y El Caribe,9.0
Libertador General Bernardo O'Higgins,Navidad,América del Norte,13.0
Libertador General Bernardo O'Higgins,Navidad,Europa,30.0
Libertador General Bernardo O'Higgins,Navidad,Asia,4.0
Libertador General Bernardo O'Higgins,Navidad,África,1.0
Libertador General Bernardo O'Higgins,Navidad,Oceanía,1.0
Libertador General Bernardo O'Higgins,Navidad,País de nacimiento no declarado,0.0
Libertador General Bernardo O'Higgins,Paredones,Total nacidos fuera del país,92.0
Libertador General Bernardo O'Higgins,Paredones,Argentina,11.0
Libertador General Bernardo O'Higgins,Paredones,Bolivia (Estado Plurinacional de),10.0
Libertador General Bernardo O'Higgins,Paredones,Colombia,9.0
Libertador General Bernardo O'Higgins,Paredones,Haití,0.0
Libertador General Bernardo O'Higgins,Paredones,Perú,13.0
Libertador General Bernardo O'Higgins,Paredones,Venezuela (República Bolivariana de),26.0
Libertador General Bernardo O'Higgins,Paredones,Otros países de América del Sur,15.0
Libertador General Bernardo O'Higgins,Paredones,Otros países de América Central y El Caribe,1.0
Libertador General Bernardo O'Higgins,Paredones,América del Norte,2.0
Libertador General Bernardo O'Higgins,Paredones,Europa,3.0
Libertador General Bernardo O'Higgins,Paredones,Asia,1.0
Libertador General Bernardo O'Higgins,Paredones,África,0.0
Libertador General Bernardo O'Higgins,Paredones,Oceanía,1.0
Libertador General Bernardo O'Higgins,Paredones,País de nacimiento no declarado,0.0
Libertador General Bernardo O'Higgins,San Fernando,Total nacidos fuera del país,3706.0
Libertador General Bernardo O'Higgins,San Fernando,Argentina,169.0
Libertador General Bernardo O'Higgins,San Fernando,Bolivia (Estado Plurinacional de),267.0
Libertador General Bernardo O'Higgins,San Fernando,Colombia,555.0
Libertador General Bernardo O'Higgins,San Fernando,Haití,372.0
Libertador General Bernardo O'Higgins,San Fernando,Perú,156.0
Libertador General Bernardo O'Higgins,San Fernando,Venezuela (República Bolivariana de),1777.0
Libertador General Bernardo O'Higgins,San Fernando,Otros países de América del Sur,226.0
Libertador General Bernardo O'Higgins,San Fernando,Otros países de América Central y El Caribe,68.0
Libertador General Bernardo O'Higgins,San Fernando,América del Norte,18.0
Libertador General Bernardo O'Higgins,San Fernando,Europa,43.0
Libertador General Bernardo O'Higgins,San Fernando,Asia,45.0
Libertador General Bernardo O'Higgins,San Fernando,África,4.0
Libertador General Bernardo O'Higgins,San Fernando,Oceanía,2.0
Libertador General Bernardo O'Higgins,San Fernando,País de nacimiento no declarado,4.0
Libertador General Bernardo O'Higgins,Chépica,Total nacidos fuera del país,311.0
Libertador General Bernardo O'Higgins,Chépica,Argentina,11.0
Libertador General Bernardo O'Higgins,Chépica,Bolivia (Estado Plurinacional de),67.0
Libertador General Bernardo O'Higgins,Chépica,Colombia,29.0
Libertador General Bernardo O'Higgins,Chépica,Haití,57.0
Libertador General Bernardo O'Higgins,Chépica,Perú,31.0
Libertador General Bernardo O'Higgins,Chépica,Venezuela (República Bolivariana de),89.0
Libertador General Bernardo O'Higgins,Chépica,Otros países de América del Sur,14.0
Libertador General Bernardo O'Higgins,Chépica,Otros países de América Central y El Caribe,7.0
Libertador General Bernardo O'Higgins,Chépica,América del Norte,1.0
Libertador General Bernardo O'Higgins,Chépica,Europa,3.0
Libertador General Bernardo O'Higgins,Chépica,Asia,2.0
Libertador General Bernardo O'Higgins,Chépica,África,0.0
Libertador General Bernardo O'Higgins,Chépica,Oceanía,0.0
Libertador General Bernardo O'Higgins,Chépica,País de nacimiento no declarado,0.0
Libertador General Bernardo O'Higgins,Chimbarongo,Total nacidos fuera del país,790.0
Libertador General Bernardo O'Higgins,Chimbarongo,Argentina,59.0
Libertador General Bernardo O'Higgins,Chimbarongo,Bolivia (Estado Plurinacional de),118.0
Libertador General Bernardo O'Higgins,Chimbarongo,Colombia,90.0
Libertador General Bernardo O'Higgins,Chimbarongo,Haití,191.0
Libertador General Bernardo O'Higgins,Chimbarongo,Perú,86.0
Libertador General Bernardo O'Higgins,Chimbarongo,Venezuela (República Bolivariana de),169.0
Libertador General Bernardo O'Higgins,Chimbarongo,Otros países de América del Sur,34.0
Libertador General Bernardo O'Higgins,Chimbarongo,Otros países de América Central y El Caribe,19.0
Libertador General Bernardo O'Higgins,Chimbarongo,América del Norte,5.0
Libertador General Bernardo O'Higgins,Chimbarongo,Europa,12.0
Libertador General Bernardo O'Higgins,Chimbarongo,Asia,5.0
Libertador General Bernardo O'Higgins,Chimbarongo,África,1.0
Libertador General Bernardo O'Higgins,Chimbarongo,Oceanía,1.0
Libertador General Bernardo O'Higgins,Chimbarongo,País de nacimiento no declarado,0.0
Libertador General Bernardo O'Higgins,Lolol,Total nacidos fuera del país,122.0
Libertador General Bernardo O'Higgins,Lolol,Argentina,0.0
Libertador General Bernardo O'Higgins,Lolol,Bolivia (Estado Plurinacional de),55.0
Libertador General Bernardo O'Higgins,Lolol,Colombia,6.0
Libertador General Bernardo O'Higgins,Lolol,Haití,25.0
Libertador General Bernardo O'Higgins,Lolol,Perú,0.0
Libertador General Bernardo O'Higgins,Lolol,Venezuela (República Bolivariana de),25.0
Libertador General Bernardo O'Higgins,Lolol,Otros países de América del Sur,5.0
Libertador General Bernardo O'Higgins,Lolol,Otros países de América Central y El Caribe,2.0
Libertador General Bernardo O'Higgins,Lolol,América del Norte,1.0
Libertador General Bernardo O'Higgins,Lolol,Europa,3.0
Libertador General Bernardo O'Higgins,Lolol,Asia,0.0
Libertador General Bernardo O'Higgins,Lolol,África,0.0
Libertador General Bernardo O'Higgins,Lolol,Oceanía,0.0
Libertador General Bernardo O'Higgins,Lolol,País de nacimiento no declarado,0.0
Libertador General Bernardo O'Higgins,Nancagua,Total nacidos fuera del país,1178.0
Libertador General Bernardo O'Higgins,Nancagua,Argentina,33.0
Libertador General Bernardo O'Higgins,Nancagua,Bolivia (Estado Plurinacional de),362.0
Libertador General Bernardo O'Higgins,Nancagua,Colombia,60.0
Libertador General Bernardo O'Higgins,Nancagua,Haití,42.0
Libertador General Bernardo O'Higgins,Nancagua,Perú,23.0
Libertador General Bernardo O'Higgins,Nancagua,Venezuela (República Bolivariana de),597.0
Libertador General Bernardo O'Higgins,Nancagua,Otros países de América del Sur,32.0
Libertador General Bernardo O'Higgins,Nancagua,Otros países de América Central y El Caribe,6.0
Libertador General Bernardo O'Higgins,Nancagua,América del Norte,4.0
Libertador General Bernardo O'Higgins,Nancagua,Europa,9.0
Libertador General Bernardo O'Higgins,Nancagua,Asia,10.0
Libertador General Bernardo O'Higgins,Nancagua,África,0.0
Libertador General Bernardo O'Higgins,Nancagua,Oceanía,0.0
Libertador General Bernardo O'Higgins,Nancagua,País de nacimiento no declarado,0.0
Libertador General Bernardo O'Higgins,Palmilla,Total nacidos fuera del país,183.0
Libertador General Bernardo O'Higgins,Palmilla,Argentina,12.0
Libertador General Bernardo O'Higgins,Palmilla,Bolivia (Estado Plurinacional de),66.0
Libertador General Bernardo O'Higgins,Palmilla,Colombia,19.0
Libertador General Bernardo O'Higgins,Palmilla,Haití,1.0
Libertador General Bernardo O'Higgins,Palmilla,Perú,12.0
Libertador General Bernardo O'Higgins,Palmilla,Venezuela (República Bolivariana de),55.0
Libertador General Bernardo O'Higgins,Palmilla,Otros países de América del Sur,7.0
Libertador General Bernardo O'Higgins,Palmilla,Otros países de América Central y El Caribe,1.0
Libertador General Bernardo O'Higgins,Palmilla,América del Norte,6.0
Libertador General Bernardo O'Higgins,Palmilla,Europa,4.0
Libertador General Bernardo O'Higgins,Palmilla,Asia,0.0
Libertador General Bernardo O'Higgins,Palmilla,África,0.0
Libertador General Bernardo O'Higgins,Palmilla,Oceanía,0.0
Libertador General Bernardo O'Higgins,Palmilla,País de nacimiento no declarado,0.0
Libertador General Bernardo O'Higgins,Peralillo,Total nacidos fuera del país,494.0
Libertador General Bernardo O'Higgins,Peralillo,Argentina,21.0
Libertador General Bernardo O'Higgins,Peralillo,Bolivia (Estado Plurinacional de),51.0
Libertador General Bernardo O'Higgins,Peralillo,Colombia,26.0
Libertador General Bernardo O'Higgins,Peralillo,Haití,27.0
Libertador General Bernardo O'Higgins,Peralillo,Perú,40.0
Libertador General Bernardo O'Higgins,Peralillo,Venezuela (República Bolivariana de),292.0
Libertador General Bernardo O'Higgins,Peralillo,Otros países de América del Sur,10.0
Libertador General Bernardo O'Higgins,Peralillo,Otros países de América Central y El Caribe,14.0
Libertador General Bernardo O'Higgins,Peralillo,América del Norte,0.0
Libertador General Bernardo O'Higgins,Peralillo,Europa,8.0
Libertador General Bernardo O'Higgins,Peralillo,Asia,4.0
Libertador General Bernardo O'Higgins,Peralillo,África,0.0
Libertador General Bernardo O'Higgins,Peralillo,Oceanía,1.0
Libertador General Bernardo O'Higgins,Peralillo,País de nacimiento no declarado,0.0
Libertador General Bernardo O'Higgins,Placilla,Total nacidos fuera del país,380.0
Libertador General Bernardo O'Higgins,Placilla,Argentina,7.0
Libertador General Bernardo O'Higgins,Placilla,Bolivia (Estado Plurinacional de),219.0
Libertador General Bernardo O'Higgins,Placilla,Colombia,11.0
Libertador General Bernardo O'Higgins,Placilla,Haití,29.0
Libertador General Bernardo O'Higgins,Placilla,Perú,8.0
Libertador General Bernardo O'Higgins,Placilla,Venezuela (República Bolivariana de),68.0
Libertador General Bernardo O'Higgins,Placilla,Otros países de América del Sur,20.0
Libertador General Bernardo O'Higgins,Placilla,Otros países de América Central y El Caribe,9.0
Libertador General Bernardo O'Higgins,Placilla,América del Norte,0.0
Libertador General Bernardo O'Higgins,Placilla,Europa,8.0
Libertador General Bernardo O'Higgins,Placilla,Asia,0.0
Libertador General Bernardo O'Higgins,Placilla,África,0.0
Libertador General Bernardo O'Higgins,Placilla,Oceanía,1.0
Libertador General Bernardo O'Higgins,Placilla,País de nacimiento no declarado,0.0
Libertador General Bernardo O'Higgins,Pumanque,Total nacidos fuera del país,91.0
Libertador General Bernardo O'Higgins,Pumanque,Argentina,9.0
Libertador General Bernardo O'Higgins,Pumanque,Bolivia (Estado Plurinacional de),36.0
Libertador General Bernardo O'Higgins,Pumanque,Colombia,12.0
Libertador General Bernardo O'Higgins,Pumanque,Haití,4.0
Libertador General Bernardo O'Higgins,Pumanque,Perú,13.0
Libertador General Bernardo O'Higgins,Pumanque,Venezuela (República Bolivariana de),6.0
Libertador General Bernardo O'Higgins,Pumanque,Otros países de América del Sur,4.0
Libertador General Bernardo O'Higgins,Pumanque,Otros países de América Central y El Caribe,1.0
Libertador General Bernardo O'Higgins,Pumanque,América del Norte,3.0
Libertador General Bernardo O'Higgins,Pumanque,Europa,2.0
Libertador General Bernardo O'Higgins,Pumanque,Asia,1.0
Libertador General Bernardo O'Higgins,Pumanque,África,0.0
Libertador General Bernardo O'Higgins,Pumanque,Oceanía,0.0
Libertador General Bernardo O'Higgins,Pumanque,País de nacimiento no declarado,0.0
Libertador General Bernardo O'Higgins,Santa Cruz,Total nacidos fuera del país,2385.0
Libertador General Bernardo O'Higgins,Santa Cruz,Argentina,101.0
Libertador General Bernardo O'Higgins,Santa Cruz,Bolivia (Estado Plurinacional de),229.0
Libertador General Bernardo O'Higgins,Santa Cruz,Colombia,206.0
Libertador General Bernardo O'Higgins,Santa Cruz,Haití,237.0
Libertador General Bernardo O'Higgins,Santa Cruz,Perú,99.0
Libertador General Bernardo O'Higgins,Santa Cruz,Venezuela (República Bolivariana de),1298.0
Libertador General Bernardo O'Higgins,Santa Cruz,Otros países de América del Sur,93.0
Libertador General Bernardo O'Higgins,Santa Cruz,Otros países de América Central y El Caribe,57.0
Libertador General Bernardo O'Higgins,Santa Cruz,América del Norte,23.0
Libertador General Bernardo O'Higgins,Santa Cruz,Europa,26.0
Libertador General Bernardo O'Higgins,Santa Cruz,Asia,10.0
Libertador General Bernardo O'Higgins,Santa Cruz,África,3.0
Libertador General Bernardo O'Higgins,Santa Cruz,Oceanía,2.0
Libertador General Bernardo O'Higgins,Santa Cruz,País de nacimiento no declarado,1.0
Maule,Talca,Total nacidos fuera del país,15844.0
Maule,Talca,Argentina,520.0
Maule,Talca,Bolivia (Estado Plurinacional de),202.0
Maule,Talca,Colombia,1321.0
Maule,Talca,Haití,961.0
Maule,Talca,Perú,474.0
Maule,Talca,Venezuela (República Bolivariana de),10738.0
Maule,Talca,Otros países de América del Sur,572.0
Maule,Talca,Otros países de América Central y El Caribe,486.0
Maule,Talca,América del Norte,98.0
Maule,Talca,Europa,313.0
Maule,Talca,Asia,123.0
Maule,Talca,África,13.0
Maule,Talca,Oceanía,8.0
Maule,Talca,País de nacimiento no declarado,15.0
Maule,Constitución,Total nacidos fuera del país,1315.0
Maule,Constitución,Argentina,44.0
Maule,Constitución,Bolivia (Estado Plurinacional de),11.0
Maule,Constitución,Colombia,91.0
Maule,Constitución,Haití,100.0
Maule,Constitución,Perú,174.0
Maule,Constitución,Venezuela (República Bolivariana de),761.0
Maule,Constitución,Otros países de América del Sur,62.0
Maule,Constitución,Otros países de América Central y El Caribe,30.0
Maule,Constitución,América del Norte,3.0
Maule,Constitución,Europa,23.0
Maule,Constitución,Asia,8.0
Maule,Constitución,África,0.0
Maule,Constitución,Oceanía,3.0
Maule,Constitución,País de nacimiento no declarado,5.0
Maule,Curepto,Total nacidos fuera del país,58.0
Maule,Curepto,Argentina,5.0
Maule,Curepto,Bolivia (Estado Plurinacional de),13.0
Maule,Curepto,Colombia,4.0
Maule,Curepto,Haití,8.0
Maule,Curepto,Perú,2.0
Maule,Curepto,Venezuela (República Bolivariana de),15.0
Maule,Curepto,Otros países de América del Sur,2.0
Maule,Curepto,Otros países de América Central y El Caribe,3.0
Maule,Curepto,América del Norte,0.0
Maule,Curepto,Europa,2.0
Maule,Curepto,Asia,3.0
Maule,Curepto,África,1.0
Maule,Curepto,Oceanía,0.0
Maule,Curepto,País de nacimiento no declarado,0.0
Maule,Empedrado,Total nacidos fuera del país,39.0
Maule,Empedrado,Argentina,1.0
Maule,Empedrado,Bolivia (Estado Plurinacional de),0.0
Maule,Empedrado,Colombia,2.0
Maule,Empedrado,Haití,3.0
Maule,Empedrado,Perú,1.0
Maule,Empedrado,Venezuela (República Bolivariana de),22.0
Maule,Empedrado,Otros países de América del Sur,0.0
Maule,Empedrado,Otros países de América Central y El Caribe,7.0
Maule,Empedrado,América del Norte,0.0
Maule,Empedrado,Europa,1.0
Maule,Empedrado,Asia,2.0
Maule,Empedrado,África,0.0
Maule,Empedrado,Oceanía,0.0
Maule,Empedrado,País de nacimiento no declarado,0.0
Maule,Maule,Total nacidos fuera del país,2683.0
Maule,Maule,Argentina,138.0
Maule,Maule,Bolivia (Estado Plurinacional de),46.0
Maule,Maule,Colombia,240.0
Maule,Maule,Haití,185.0
Maule,Maule,Perú,70.0
Maule,Maule,Venezuela (República Bolivariana de),1761.0
Maule,Maule,Otros países de América del Sur,109.0
Maule,Maule,Otros países de América Central y El Caribe,81.0
Maule,Maule,América del Norte,6.0
Maule,Maule,Europa,26.0
Maule,Maule,Asia,14.0
Maule,Maule,África,3.0
Maule,Maule,Oceanía,2.0
Maule,Maule,País de nacimiento no declarado,2.0
Maule,Pelarco,Total nacidos fuera del país,145.0
Maule,Pelarco,Argentina,15.0
Maule,Pelarco,Bolivia (Estado Plurinacional de),48.0
Maule,Pelarco,Colombia,16.0
Maule,Pelarco,Haití,4.0
Maule,Pelarco,Perú,8.0
Maule,Pelarco,Venezuela (República Bolivariana de),30.0
Maule,Pelarco,Otros países de América del Sur,5.0
Maule,Pelarco,Otros países de América Central y El Caribe,8.0
Maule,Pelarco,América del Norte,0.0
Maule,Pelarco,Europa,8.0
Maule,Pelarco,Asia,3.0
Maule,Pelarco,África,0.0
Maule,Pelarco,Oceanía,0.0
Maule,Pelarco,País de nacimiento no declarado,0.0
Maule,Pencahue,Total nacidos fuera del país,210.0
Maule,Pencahue,Argentina,8.0
Maule,Pencahue,Bolivia (Estado Plurinacional de),79.0
Maule,Pencahue,Colombia,8.0
Maule,Pencahue,Haití,31.0
Maule,Pencahue,Perú,9.0
Maule,Pencahue,Venezuela (República Bolivariana de),50.0
Maule,Pencahue,Otros países de América del Sur,1.0
Maule,Pencahue,Otros países de América Central y El Caribe,5.0
Maule,Pencahue,América del Norte,5.0
Maule,Pencahue,Europa,8.0
Maule,Pencahue,Asia,4.0
Maule,Pencahue,África,1.0
Maule,Pencahue,Oceanía,1.0
Maule,Pencahue,País de nacimiento no declarado,0.0
Maule,Río Claro,Total nacidos fuera del país,194.0
Maule,Río Claro,Argentina,11.0
Maule,Río Claro,Bolivia (Estado Plurinacional de),21.0
Maule,Río Claro,Colombia,7.0
Maule,Río Claro,Haití,19.0
Maule,Río Claro,Perú,20.0
Maule,Río Claro,Venezuela (República Bolivariana de),95.0
Maule,Río Claro,Otros países de América del Sur,7.0
Maule,Río Claro,Otros países de América Central y El Caribe,3.0
Maule,Río Claro,América del Norte,3.0
Maule,Río Claro,Europa,3.0
Maule,Río Claro,Asia,1.0
Maule,Río Claro,África,3.0
Maule,Río Claro,Oceanía,1.0
Maule,Río Claro,País de nacimiento no declarado,0.0
Maule,San Clemente,Total nacidos fuera del país,912.0
Maule,San Clemente,Argentina,107.0
Maule,San Clemente,Bolivia (Estado Plurinacional de),157.0
Maule,San Clemente,Colombia,67.0
Maule,San Clemente,Haití,158.0
Maule,San Clemente,Perú,44.0
Maule,San Clemente,Venezuela (República Bolivariana de),278.0
Maule,San Clemente,Otros países de América del Sur,22.0
Maule,San Clemente,Otros países de América Central y El Caribe,23.0
Maule,San Clemente,América del Norte,16.0
Maule,San Clemente,Europa,29.0
Maule,San Clemente,Asia,8.0
Maule,San Clemente,África,2.0
Maule,San Clemente,Oceanía,0.0
Maule,San Clemente,País de nacimiento no declarado,1.0
Maule,San Rafael,Total nacidos fuera del país,174.0
Maule,San Rafael,Argentina,14.0
Maule,San Rafael,Bolivia (Estado Plurinacional de),16.0
Maule,San Rafael,Colombia,8.0
Maule,San Rafael,Haití,6.0
Maule,San Rafael,Perú,28.0
Maule,San Rafael,Venezuela (República Bolivariana de),75.0
Maule,San Rafael,Otros países de América del Sur,10.0
Maule,San Rafael,Otros países de América Central y El Caribe,6.0
Maule,San Rafael,América del Norte,2.0
Maule,San Rafael,Europa,4.0
Maule,San Rafael,Asia,4.0
Maule,San Rafael,África,0.0
Maule,San Rafael,Oceanía,0.0
Maule,San Rafael,País de nacimiento no declarado,1.0
Maule,Cauquenes,Total nacidos fuera del país,592.0
Maule,Cauquenes,Argentina,29.0
Maule,Cauquenes,Bolivia (Estado Plurinacional de),21.0
Maule,Cauquenes,Colombia,71.0
Maule,Cauquenes,Haití,44.0
Maule,Cauquenes,Perú,66.0
Maule,Cauquenes,Venezuela (República Bolivariana de),259.0
Maule,Cauquenes,Otros países de América del Sur,49.0
Maule,Cauquenes,Otros países de América Central y El Caribe,19.0
Maule,Cauquenes,América del Norte,8.0
Maule,Cauquenes,Europa,14.0
Maule,Cauquenes,Asia,11.0
Maule,Cauquenes,África,0.0
Maule,Cauquenes,Oceanía,1.0
Maule,Cauquenes,País de nacimiento no declarado,0.0
Maule,Chanco,Total nacidos fuera del país,176.0
Maule,Chanco,Argentina,7.0
Maule,Chanco,Bolivia (Estado Plurinacional de),54.0
Maule,Chanco,Colombia,11.0
Maule,Chanco,Haití,51.0
Maule,Chanco,Perú,8.0
Maule,Chanco,Venezuela (República Bolivariana de),37.0
Maule,Chanco,Otros países de América del Sur,3.0
Maule,Chanco,Otros países de América Central y El Caribe,2.0
Maule,Chanco,América del Norte,0.0
Maule,Chanco,Europa,2.0
Maule,Chanco,Asia,0.0
Maule,Chanco,África,0.0
Maule,Chanco,Oceanía,0.0
Maule,Chanco,País de nacimiento no declarado,1.0
Maule,Pelluhue,Total nacidos fuera del país,217.0
Maule,Pelluhue,Argentina,11.0
Maule,Pelluhue,Bolivia (Estado Plurinacional de),0.0
Maule,Pelluhue,Colombia,23.0
Maule,Pelluhue,Haití,5.0
Maule,Pelluhue,Perú,5.0
Maule,Pelluhue,Venezuela (República Bolivariana de),114.0
Maule,Pelluhue,Otros países de América del Sur,27.0
Maule,Pelluhue,Otros países de América Central y El Caribe,4.0
Maule,Pelluhue,América del Norte,5.0
Maule,Pelluhue,Europa,19.0
Maule,Pelluhue,Asia,2.0
Maule,Pelluhue,África,0.0
Maule,Pelluhue,Oceanía,1.0
Maule,Pelluhue,País de nacimiento no declarado,1.0
Maule,Curicó,Total nacidos fuera del país,10601.0
Maule,Curicó,Argentina,427.0
Maule,Curicó,Bolivia (Estado Plurinacional de),190.0
Maule,Curicó,Colombia,794.0
Maule,Curicó,Haití,1555.0
Maule,Curicó,Perú,276.0
Maule,Curicó,Venezuela (República Bolivariana de),6394.0
Maule,Curicó,Otros países de América del Sur,472.0
Maule,Curicó,Otros países de América Central y El Caribe,163.0
Maule,Curicó,América del Norte,52.0
Maule,Curicó,Europa,187.0
Maule,Curicó,Asia,76.0
Maule,Curicó,África,4.0
Maule,Curicó,Oceanía,4.0
Maule,Curicó,País de nacimiento no declarado,7.0
Maule,Hualañé,Total nacidos fuera del país,234.0
Maule,Hualañé,Argentina,10.0
Maule,Hualañé,Bolivia (Estado Plurinacional de),14.0
Maule,Hualañé,Colombia,24.0
Maule,Hualañé,Haití,27.0
Maule,Hualañé,Perú,9.0
Maule,Hualañé,Venezuela (República Bolivariana de),116.0
Maule,Hualañé,Otros países de América del Sur,21.0
Maule,Hualañé,Otros países de América Central y El Caribe,7.0
Maule,Hualañé,América del Norte,2.0
Maule,Hualañé,Europa,4.0
Maule,Hualañé,Asia,0.0
Maule,Hualañé,África,0.0
Maule,Hualañé,Oceanía,0.0
Maule,Hualañé,País de nacimiento no declarado,0.0
Maule,Licantén,Total nacidos fuera del país,152.0
Maule,Licantén,Argentina,18.0
Maule,Licantén,Bolivia (Estado Plurinacional de),3.0
Maule,Licantén,Colombia,12.0
Maule,Licantén,Haití,6.0
Maule,Licantén,Perú,13.0
Maule,Licantén,Venezuela (República Bolivariana de),87.0
Maule,Licantén,Otros países de América del Sur,6.0
Maule,Licantén,Otros países de América Central y El Caribe,3.0
Maule,Licantén,América del Norte,0.0
Maule,Licantén,Europa,3.0
Maule,Licantén,Asia,1.0
Maule,Licantén,África,0.0
Maule,Licantén,Oceanía,0.0
Maule,Licantén,País de nacimiento no declarado,0.0
Maule,Molina,Total nacidos fuera del país,1632.0
Maule,Molina,Argentina,69.0
Maule,Molina,Bolivia (Estado Plurinacional de),474.0
Maule,Molina,Colombia,123.0
Maule,Molina,Haití,198.0
Maule,Molina,Perú,46.0
Maule,Molina,Venezuela (República Bolivariana de),551.0
Maule,Molina,Otros países de América del Sur,60.0
Maule,Molina,Otros países de América Central y El Caribe,69.0
Maule,Molina,América del Norte,6.0
Maule,Molina,Europa,23.0
Maule,Molina,Asia,11.0
Maule,Molina,África,2.0
Maule,Molina,Oceanía,0.0
Maule,Molina,País de nacimiento no declarado,0.0
Maule,Rauco,Total nacidos fuera del país,205.0
Maule,Rauco,Argentina,17.0
Maule,Rauco,Bolivia (Estado Plurinacional de),5.0
Maule,Rauco,Colombia,38.0
Maule,Rauco,Haití,56.0
Maule,Rauco,Perú,6.0
Maule,Rauco,Venezuela (República Bolivariana de),62.0
Maule,Rauco,Otros países de América del Sur,14.0
Maule,Rauco,Otros países de América Central y El Caribe,0.0
Maule,Rauco,América del Norte,0.0
Maule,Rauco,Europa,4.0
Maule,Rauco,Asia,1.0
Maule,Rauco,África,0.0
Maule,Rauco,Oceanía,0.0
Maule,Rauco,País de nacimiento no declarado,2.0
Maule,Romeral,Total nacidos fuera del país,535.0
Maule,Romeral,Argentina,38.0
Maule,Romeral,Bolivia (Estado Plurinacional de),83.0
Maule,Romeral,Colombia,46.0
Maule,Romeral,Haití,66.0
Maule,Romeral,Perú,28.0
Maule,Romeral,Venezuela (República Bolivariana de),215.0
Maule,Romeral,Otros países de América del Sur,13.0
Maule,Romeral,Otros países de América Central y El Caribe,12.0
Maule,Romeral,América del Norte,10.0
Maule,Romeral,Europa,19.0
Maule,Romeral,Asia,5.0
Maule,Romeral,África,0.0
Maule,Romeral,Oceanía,0.0
Maule,Romeral,País de nacimiento no declarado,0.0
Maule,Sagrada Familia,Total nacidos fuera del país,336.0
Maule,Sagrada Familia,Argentina,13.0
Maule,Sagrada Familia,Bolivia (Estado Plurinacional de),47.0
Maule,Sagrada Familia,Colombia,34.0
Maule,Sagrada Familia,Haití,91.0
Maule,Sagrada Familia,Perú,12.0
Maule,Sagrada Familia,Venezuela (República Bolivariana de),87.0
Maule,Sagrada Familia,Otros países de América del Sur,29.0
Maule,Sagrada Familia,Otros países de América Central y El Caribe,7.0
Maule,Sagrada Familia,América del Norte,0.0
Maule,Sagrada Familia,Europa,9.0
Maule,Sagrada Familia,Asia,7.0
Maule,Sagrada Familia,África,0.0
Maule,Sagrada Familia,Oceanía,0.0
Maule,Sagrada Familia,País de nacimiento no declarado,0.0
Maule,Teno,Total nacidos fuera del país,617.0
Maule,Teno,Argentina,29.0
Maule,Teno,Bolivia (Estado Plurinacional de),82.0
Maule,Teno,Colombia,65.0
Maule,Teno,Haití,98.0
Maule,Teno,Perú,29.0
Maule,Teno,Venezuela (República Bolivariana de),254.0
Maule,Teno,Otros países de América del Sur,23.0
Maule,Teno,Otros países de América Central y El Caribe,7.0
Maule,Teno,América del Norte,5.0
Maule,Teno,Europa,15.0
Maule,Teno,Asia,10.0
Maule,Teno,África,0.0
Maule,Teno,Oceanía,0.0
Maule,Teno,País de nacimiento no declarado,0.0
Maule,Vichuquén,Total nacidos fuera del país,141.0
Maule,Vichuquén,Argentina,2.0
Maule,Vichuquén,Bolivia (Estado Plurinacional de),16.0
Maule,Vichuquén,Colombia,7.0
Maule,Vichuquén,Haití,7.0
Maule,Vichuquén,Perú,15.0
Maule,Vichuquén,Venezuela (República Bolivariana de),76.0
Maule,Vichuquén,Otros países de América del Sur,5.0
Maule,Vichuquén,Otros países de América Central y El Caribe,5.0
Maule,Vichuquén,América del Norte,3.0
Maule,Vichuquén,Europa,4.0
Maule,Vichuquén,Asia,0.0
Maule,Vichuquén,África,1.0
Maule,Vichuquén,Oceanía,0.0
Maule,Vichuquén,País de nacimiento no declarado,0.0
Maule,Linares,Total nacidos fuera del país,2354.0
Maule,Linares,Argentina,150.0
Maule,Linares,Bolivia (Estado Plurinacional de),147.0
Maule,Linares,Colombia,291.0
Maule,Linares,Haití,210.0
Maule,Linares,Perú,130.0
Maule,Linares,Venezuela (República Bolivariana de),1038.0
Maule,Linares,Otros países de América del Sur,181.0
Maule,Linares,Otros países de América Central y El Caribe,67.0
Maule,Linares,América del Norte,24.0
Maule,Linares,Europa,63.0
Maule,Linares,Asia,34.0
Maule,Linares,África,10.0
Maule,Linares,Oceanía,3.0
Maule,Linares,País de nacimiento no declarado,6.0
Maule,Colbún,Total nacidos fuera del país,253.0
Maule,Colbún,Argentina,33.0
Maule,Colbún,Bolivia (Estado Plurinacional de),18.0
Maule,Colbún,Colombia,33.0
Maule,Colbún,Haití,9.0
Maule,Colbún,Perú,24.0
Maule,Colbún,Venezuela (República Bolivariana de),68.0
Maule,Colbún,Otros países de América del Sur,24.0
Maule,Colbún,Otros países de América Central y El Caribe,1.0
Maule,Colbún,América del Norte,3.0
Maule,Colbún,Europa,26.0
Maule,Colbún,Asia,9.0
Maule,Colbún,África,2.0
Maule,Colbún,Oceanía,2.0
Maule,Colbún,País de nacimiento no declarado,1.0
Maule,Longaví,Total nacidos fuera del país,447.0
Maule,Longaví,Argentina,30.0
Maule,Longaví,Bolivia (Estado Plurinacional de),94.0
Maule,Longaví,Colombia,22.0
Maule,Longaví,Haití,170.0
Maule,Longaví,Perú,13.0
Maule,Longaví,Venezuela (República Bolivariana de),56.0
Maule,Longaví,Otros países de América del Sur,29.0
Maule,Longaví,Otros países de América Central y El Caribe,4.0
Maule,Longaví,América del Norte,0.0
Maule,Longaví,Europa,17.0
Maule,Longaví,Asia,8.0
Maule,Longaví,África,3.0
Maule,Longaví,Oceanía,1.0
Maule,Longaví,País de nacimiento no declarado,0.0
Maule,Parral,Total nacidos fuera del país,840.0
Maule,Parral,Argentina,44.0
Maule,Parral,Bolivia (Estado Plurinacional de),55.0
Maule,Parral,Colombia,133.0
Maule,Parral,Haití,74.0
Maule,Parral,Perú,108.0
Maule,Parral,Venezuela (República Bolivariana de),230.0
Maule,Parral,Otros países de América del Sur,77.0
Maule,Parral,Otros países de América Central y El Caribe,37.0
Maule,Parral,América del Norte,6.0
Maule,Parral,Europa,64.0
Maule,Parral,Asia,9.0
Maule,Parral,África,2.0
Maule,Parral,Oceanía,0.0
Maule,Parral,País de nacimiento no declarado,1.0
Maule,Retiro,Total nacidos fuera del país,182.0
Maule,Retiro,Argentina,27.0
Maule,Retiro,Bolivia (Estado Plurinacional de),34.0
Maule,Retiro,Colombia,13.0
Maule,Retiro,Haití,7.0
Maule,Retiro,Perú,22.0
Maule,Retiro,Venezuela (República Bolivariana de),57.0
Maule,Retiro,Otros países de América del Sur,7.0
Maule,Retiro,Otros países de América Central y El Caribe,1.0
Maule,Retiro,América del Norte,2.0
Maule,Retiro,Europa,3.0
Maule,Retiro,Asia,1.0
Maule,Retiro,África,0.0
Maule,Retiro,Oceanía,3.0
Maule,Retiro,País de nacimiento no declarado,5.0
Maule,San Javier,Total nacidos fuera del país,918.0
Maule,San Javier,Argentina,60.0
Maule,San Javier,Bolivia (Estado Plurinacional de),59.0
Maule,San Javier,Colombia,97.0
Maule,San Javier,Haití,184.0
Maule,San Javier,Perú,55.0
Maule,San Javier,Venezuela (República Bolivariana de),322.0
Maule,San Javier,Otros países de América del Sur,83.0
Maule,San Javier,Otros países de América Central y El Caribe,18.0
Maule,San Javier,América del Norte,9.0
Maule,San Javier,Europa,12.0
Maule,San Javier,Asia,13.0
Maule,San Javier,África,3.0
Maule,San Javier,Oceanía,0.0
Maule,San Javier,País de nacimiento no declarado,3.0
Maule,Villa Alegre,Total nacidos fuera del país,194.0
Maule,Villa Alegre,Argentina,28.0
Maule,Villa Alegre,Bolivia (Estado Plurinacional de),38.0
Maule,Villa Alegre,Colombia,18.0
Maule,Villa Alegre,Haití,9.0
Maule,Villa Alegre,Perú,13.0
Maule,Villa Alegre,Venezuela (República Bolivariana de),56.0
Maule,Villa Alegre,Otros países de América del Sur,13.0
Maule,Villa Alegre,Otros países de América Central y El Caribe,4.0
Maule,Villa Alegre,América del Norte,2.0
Maule,Villa Alegre,Europa,7.0
Maule,Villa Alegre,Asia,4.0
Maule,Villa Alegre,África,0.0
Maule,Villa Alegre,Oceanía,0.0
Maule,Villa Alegre,País de nacimiento no declarado,2.0
Maule,Yerbas Buenas,Total nacidos fuera del país,149.0
Maule,Yerbas Buenas,Argentina,29.0
Maule,Yerbas Buenas,Bolivia (Estado Plurinacional de),49.0
Maule,Yerbas Buenas,Colombia,5.0
Maule,Yerbas Buenas,Haití,5.0
Maule,Yerbas Buenas,Perú,10.0
Maule,Yerbas Buenas,Venezuela (República Bolivariana de),36.0
Maule,Yerbas Buenas,Otros países de América del Sur,3.0
Maule,Yerbas Buenas,Otros países de América Central y El Caribe,5.0
Maule,Yerbas Buenas,América del Norte,1.0
Maule,Yerbas Buenas,Europa,4.0
Maule,Yerbas Buenas,Asia,2.0
Maule,Yerbas Buenas,África,0.0
Maule,Yerbas Buenas,Oceanía,0.0
Maule,Yerbas Buenas,País de nacimiento no declarado,0.0
Ñuble,Chillán,Total nacidos fuera del país,6928.0
Ñuble,Chillán,Argentina,401.0
Ñuble,Chillán,Bolivia (Estado Plurinacional de),140.0
Ñuble,Chillán,Colombia,644.0
Ñuble,Chillán,Haití,375.0
Ñuble,Chillán,Perú,316.0
Ñuble,Chillán,Venezuela (República Bolivariana de),4022.0
Ñuble,Chillán,Otros países de América del Sur,400.0
Ñuble,Chillán,Otros países de América Central y El Caribe,276.0
Ñuble,Chillán,América del Norte,61.0
Ñuble,Chillán,Europa,183.0
Ñuble,Chillán,Asia,69.0
Ñuble,Chillán,África,15.0
Ñuble,Chillán,Oceanía,9.0
Ñuble,Chillán,País de nacimiento no declarado,17.0
Ñuble,Bulnes,Total nacidos fuera del país,257.0
Ñuble,Bulnes,Argentina,21.0
Ñuble,Bulnes,Bolivia (Estado Plurinacional de),14.0
Ñuble,Bulnes,Colombia,30.0
Ñuble,Bulnes,Haití,32.0
Ñuble,Bulnes,Perú,14.0
Ñuble,Bulnes,Venezuela (República Bolivariana de),84.0
Ñuble,Bulnes,Otros países de América del Sur,16.0
Ñuble,Bulnes,Otros países de América Central y El Caribe,10.0
Ñuble,Bulnes,América del Norte,7.0
Ñuble,Bulnes,Europa,18.0
Ñuble,Bulnes,Asia,8.0
Ñuble,Bulnes,África,0.0
Ñuble,Bulnes,Oceanía,3.0
Ñuble,Bulnes,País de nacimiento no declarado,0.0
Ñuble,Chillán Viejo,Total nacidos fuera del país,792.0
Ñuble,Chillán Viejo,Argentina,64.0
Ñuble,Chillán Viejo,Bolivia (Estado Plurinacional de),16.0
Ñuble,Chillán Viejo,Colombia,67.0
Ñuble,Chillán Viejo,Haití,26.0
Ñuble,Chillán Viejo,Perú,37.0
Ñuble,Chillán Viejo,Venezuela (República Bolivariana de),500.0
Ñuble,Chillán Viejo,Otros países de América del Sur,32.0
Ñuble,Chillán Viejo,Otros países de América Central y El Caribe,23.0
Ñuble,Chillán Viejo,América del Norte,8.0
Ñuble,Chillán Viejo,Europa,15.0
Ñuble,Chillán Viejo,Asia,2.0
Ñuble,Chillán Viejo,África,0.0
Ñuble,Chillán Viejo,Oceanía,1.0
Ñuble,Chillán Viejo,País de nacimiento no declarado,1.0
Ñuble,El Carmen,Total nacidos fuera del país,103.0
Ñuble,El Carmen,Argentina,7.0
Ñuble,El Carmen,Bolivia (Estado Plurinacional de),13.0
Ñuble,El Carmen,Colombia,10.0
Ñuble,El Carmen,Haití,0.0
Ñuble,El Carmen,Perú,6.0
Ñuble,El Carmen,Venezuela (República Bolivariana de),48.0
Ñuble,El Carmen,Otros países de América del Sur,16.0
Ñuble,El Carmen,Otros países de América Central y El Caribe,0.0
Ñuble,El Carmen,América del Norte,2.0
Ñuble,El Carmen,Europa,1.0
Ñuble,El Carmen,Asia,0.0
Ñuble,El Carmen,África,0.0
Ñuble,El Carmen,Oceanía,0.0
Ñuble,El Carmen,País de nacimiento no declarado,0.0
Ñuble,Pemuco,Total nacidos fuera del país,39.0
Ñuble,Pemuco,Argentina,4.0
Ñuble,Pemuco,Bolivia (Estado Plurinacional de),0.0
Ñuble,Pemuco,Colombia,8.0
Ñuble,Pemuco,Haití,1.0
Ñuble,Pemuco,Perú,1.0
Ñuble,Pemuco,Venezuela (República Bolivariana de),16.0
Ñuble,Pemuco,Otros países de América del Sur,4.0
Ñuble,Pemuco,Otros países de América Central y El Caribe,2.0
Ñuble,Pemuco,América del Norte,0.0
Ñuble,Pemuco,Europa,2.0
Ñuble,Pemuco,Asia,1.0
Ñuble,Pemuco,África,0.0
Ñuble,Pemuco,Oceanía,0.0
Ñuble,Pemuco,País de nacimiento no declarado,0.0
Ñuble,Pinto,Total nacidos fuera del país,212.0
Ñuble,Pinto,Argentina,27.0
Ñuble,Pinto,Bolivia (Estado Plurinacional de),33.0
Ñuble,Pinto,Colombia,25.0
Ñuble,Pinto,Haití,18.0
Ñuble,Pinto,Perú,11.0
Ñuble,Pinto,Venezuela (República Bolivariana de),39.0
Ñuble,Pinto,Otros países de América del Sur,6.0
Ñuble,Pinto,Otros países de América Central y El Caribe,5.0
Ñuble,Pinto,América del Norte,5.0
Ñuble,Pinto,Europa,35.0
Ñuble,Pinto,Asia,5.0
Ñuble,Pinto,África,0.0
Ñuble,Pinto,Oceanía,2.0
Ñuble,Pinto,País de nacimiento no declarado,1.0
Ñuble,Quillón,Total nacidos fuera del país,424.0
Ñuble,Quillón,Argentina,18.0
Ñuble,Quillón,Bolivia (Estado Plurinacional de),5.0
Ñuble,Quillón,Colombia,46.0
Ñuble,Quillón,Haití,26.0
Ñuble,Quillón,Perú,25.0
Ñuble,Quillón,Venezuela (República Bolivariana de),244.0
Ñuble,Quillón,Otros países de América del Sur,22.0
Ñuble,Quillón,Otros países de América Central y El Caribe,8.0
Ñuble,Quillón,América del Norte,3.0
Ñuble,Quillón,Europa,18.0
Ñuble,Quillón,Asia,6.0
Ñuble,Quillón,África,0.0
Ñuble,Quillón,Oceanía,1.0
Ñuble,Quillón,País de nacimiento no declarado,2.0
Ñuble,San Ignacio,Total nacidos fuera del país,114.0
Ñuble,San Ignacio,Argentina,13.0
Ñuble,San Ignacio,Bolivia (Estado Plurinacional de),27.0
Ñuble,San Ignacio,Colombia,23.0
Ñuble,San Ignacio,Haití,7.0
Ñuble,San Ignacio,Perú,3.0
Ñuble,San Ignacio,Venezuela (República Bolivariana de),19.0
Ñuble,San Ignacio,Otros países de América del Sur,8.0
Ñuble,San Ignacio,Otros países de América Central y El Caribe,2.0
Ñuble,San Ignacio,América del Norte,2.0
Ñuble,San Ignacio,Europa,6.0
Ñuble,San Ignacio,Asia,0.0
Ñuble,San Ignacio,África,0.0
Ñuble,San Ignacio,Oceanía,0.0
Ñuble,San Ignacio,País de nacimiento no declarado,4.0
Ñuble,Yungay,Total nacidos fuera del país,171.0
Ñuble,Yungay,Argentina,20.0
Ñuble,Yungay,Bolivia (Estado Plurinacional de),13.0
Ñuble,Yungay,Colombia,34.0
Ñuble,Yungay,Haití,4.0
Ñuble,Yungay,Perú,13.0
Ñuble,Yungay,Venezuela (República Bolivariana de),64.0
Ñuble,Yungay,Otros países de América del Sur,10.0
Ñuble,Yungay,Otros países de América Central y El Caribe,4.0
Ñuble,Yungay,América del Norte,1.0
Ñuble,Yungay,Europa,4.0
Ñuble,Yungay,Asia,2.0
Ñuble,Yungay,África,0.0
Ñuble,Yungay,Oceanía,2.0
Ñuble,Yungay,País de nacimiento no declarado,0.0
Ñuble,Quirihue,Total nacidos fuera del país,72.0
Ñuble,Quirihue,Argentina,5.0
Ñuble,Quirihue,Bolivia (Estado Plurinacional de),11.0
Ñuble,Quirihue,Colombia,7.0
Ñuble,Quirihue,Haití,4.0
Ñuble,Quirihue,Perú,1.0
Ñuble,Quirihue,Venezuela (República Bolivariana de),26.0
Ñuble,Quirihue,Otros países de América del Sur,2.0
Ñuble,Quirihue,Otros países de América Central y El Caribe,1.0
Ñuble,Quirihue,América del Norte,0.0
Ñuble,Quirihue,Europa,11.0
Ñuble,Quirihue,Asia,4.0
Ñuble,Quirihue,África,0.0
Ñuble,Quirihue,Oceanía,0.0
Ñuble,Quirihue,País de nacimiento no declarado,0.0
Ñuble,Cobquecura,Total nacidos fuera del país,73.0
Ñuble,Cobquecura,Argentina,7.0
Ñuble,Cobquecura,Bolivia (Estado Plurinacional de),2.0
Ñuble,Cobquecura,Colombia,5.0
Ñuble,Cobquecura,Haití,2.0
Ñuble,Cobquecura,Perú,6.0
Ñuble,Cobquecura,Venezuela (República Bolivariana de),16.0
Ñuble,Cobquecura,Otros países de América del Sur,4.0
Ñuble,Cobquecura,Otros países de América Central y El Caribe,3.0
Ñuble,Cobquecura,América del Norte,14.0
Ñuble,Cobquecura,Europa,9.0
Ñuble,Cobquecura,Asia,2.0
Ñuble,Cobquecura,África,0.0
Ñuble,Cobquecura,Oceanía,3.0
Ñuble,Cobquecura,País de nacimiento no declarado,0.0
Ñuble,Coelemu,Total nacidos fuera del país,154.0
Ñuble,Coelemu,Argentina,11.0
Ñuble,Coelemu,Bolivia (Estado Plurinacional de),1.0
Ñuble,Coelemu,Colombia,17.0
Ñuble,Coelemu,Haití,3.0
Ñuble,Coelemu,Perú,3.0
Ñuble,Coelemu,Venezuela (República Bolivariana de),99.0
Ñuble,Coelemu,Otros países de América del Sur,9.0
Ñuble,Coelemu,Otros países de América Central y El Caribe,1.0
Ñuble,Coelemu,América del Norte,2.0
Ñuble,Coelemu,Europa,4.0
Ñuble,Coelemu,Asia,3.0
Ñuble,Coelemu,África,1.0
Ñuble,Coelemu,Oceanía,0.0
Ñuble,Coelemu,País de nacimiento no declarado,0.0
Ñuble,Ninhue,Total nacidos fuera del país,29.0
Ñuble,Ninhue,Argentina,4.0
Ñuble,Ninhue,Bolivia (Estado Plurinacional de),2.0
Ñuble,Ninhue,Colombia,1.0
Ñuble,Ninhue,Haití,3.0
Ñuble,Ninhue,Perú,9.0
Ñuble,Ninhue,Venezuela (República Bolivariana de),7.0
Ñuble,Ninhue,Otros países de América del Sur,2.0
Ñuble,Ninhue,Otros países de América Central y El Caribe,0.0
Ñuble,Ninhue,América del Norte,0.0
Ñuble,Ninhue,Europa,1.0
Ñuble,Ninhue,Asia,0.0
Ñuble,Ninhue,África,0.0
Ñuble,Ninhue,Oceanía,0.0
Ñuble,Ninhue,País de nacimiento no declarado,0.0
Ñuble,Portezuelo,Total nacidos fuera del país,24.0
Ñuble,Portezuelo,Argentina,0.0
Ñuble,Portezuelo,Bolivia (Estado Plurinacional de),3.0
Ñuble,Portezuelo,Colombia,3.0
Ñuble,Portezuelo,Haití,0.0
Ñuble,Portezuelo,Perú,4.0
Ñuble,Portezuelo,Venezuela (República Bolivariana de),7.0
Ñuble,Portezuelo,Otros países de América del Sur,2.0
Ñuble,Portezuelo,Otros países de América Central y El Caribe,0.0
Ñuble,Portezuelo,América del Norte,0.0
Ñuble,Portezuelo,Europa,5.0
Ñuble,Portezuelo,Asia,0.0
Ñuble,Portezuelo,África,0.0
Ñuble,Portezuelo,Oceanía,0.0
Ñuble,Portezuelo,País de nacimiento no declarado,0.0
Ñuble,Ránquil,Total nacidos fuera del país,41.0
Ñuble,Ránquil,Argentina,3.0
Ñuble,Ránquil,Bolivia (Estado Plurinacional de),4.0
Ñuble,Ránquil,Colombia,7.0
Ñuble,Ránquil,Haití,0.0
Ñuble,Ránquil,Perú,1.0
Ñuble,Ránquil,Venezuela (República Bolivariana de),15.0
Ñuble,Ránquil,Otros países de América del Sur,4.0
Ñuble,Ránquil,Otros países de América Central y El Caribe,0.0
Ñuble,Ránquil,América del Norte,0.0
Ñuble,Ránquil,Europa,5.0
Ñuble,Ránquil,Asia,2.0
Ñuble,Ránquil,África,0.0
Ñuble,Ránquil,Oceanía,0.0
Ñuble,Ránquil,País de nacimiento no declarado,0.0
Ñuble,Trehuaco,Total nacidos fuera del país,31.0
Ñuble,Trehuaco,Argentina,1.0
Ñuble,Trehuaco,Bolivia (Estado Plurinacional de),1.0
Ñuble,Trehuaco,Colombia,4.0
Ñuble,Trehuaco,Haití,0.0
Ñuble,Trehuaco,Perú,4.0
Ñuble,Trehuaco,Venezuela (República Bolivariana de),14.0
Ñuble,Trehuaco,Otros países de América del Sur,5.0
Ñuble,Trehuaco,Otros países de América Central y El Caribe,1.0
Ñuble,Trehuaco,América del Norte,0.0
Ñuble,Trehuaco,Europa,1.0
Ñuble,Trehuaco,Asia,0.0
Ñuble,Trehuaco,África,0.0
Ñuble,Trehuaco,Oceanía,0.0
Ñuble,Trehuaco,País de nacimiento no declarado,0.0
Ñuble,San Carlos,Total nacidos fuera del país,814.0
Ñuble,San Carlos,Argentina,61.0
Ñuble,San Carlos,Bolivia (Estado Plurinacional de),46.0
Ñuble,San Carlos,Colombia,97.0
Ñuble,San Carlos,Haití,55.0
Ñuble,San Carlos,Perú,40.0
Ñuble,San Carlos,Venezuela (República Bolivariana de),377.0
Ñuble,San Carlos,Otros países de América del Sur,58.0
Ñuble,San Carlos,Otros países de América Central y El Caribe,28.0
Ñuble,San Carlos,América del Norte,5.0
Ñuble,San Carlos,Europa,22.0
Ñuble,San Carlos,Asia,22.0
Ñuble,San Carlos,África,0.0
Ñuble,San Carlos,Oceanía,3.0
Ñuble,San Carlos,País de nacimiento no declarado,0.0
Ñuble,Coihueco,Total nacidos fuera del país,314.0
Ñuble,Coihueco,Argentina,22.0
Ñuble,Coihueco,Bolivia (Estado Plurinacional de),66.0
Ñuble,Coihueco,Colombia,18.0
Ñuble,Coihueco,Haití,19.0
Ñuble,Coihueco,Perú,19.0
Ñuble,Coihueco,Venezuela (República Bolivariana de),107.0
Ñuble,Coihueco,Otros países de América del Sur,20.0
Ñuble,Coihueco,Otros países de América Central y El Caribe,12.0
Ñuble,Coihueco,América del Norte,2.0
Ñuble,Coihueco,Europa,22.0
Ñuble,Coihueco,Asia,5.0
Ñuble,Coihueco,África,0.0
Ñuble,Coihueco,Oceanía,2.0
Ñuble,Coihueco,País de nacimiento no declarado,0.0
Ñuble,Ñiquén,Total nacidos fuera del país,70.0
Ñuble,Ñiquén,Argentina,12.0
Ñuble,Ñiquén,Bolivia (Estado Plurinacional de),0.0
Ñuble,Ñiquén,Colombia,6.0
Ñuble,Ñiquén,Haití,14.0
Ñuble,Ñiquén,Perú,5.0
Ñuble,Ñiquén,Venezuela (República Bolivariana de),23.0
Ñuble,Ñiquén,Otros países de América del Sur,3.0
Ñuble,Ñiquén,Otros países de América Central y El Caribe,3.0
Ñuble,Ñiquén,América del Norte,1.0
Ñuble,Ñiquén,Europa,3.0
Ñuble,Ñiquén,Asia,0.0
Ñuble,Ñiquén,África,0.0
Ñuble,Ñiquén,Oceanía,0.0
Ñuble,Ñiquén,País de nacimiento no declarado,0.0
Ñuble,San Fabián,Total nacidos fuera del país,87.0
Ñuble,San Fabián,Argentina,16.0
Ñuble,San Fabián,Bolivia (Estado Plurinacional de),1.0
Ñuble,San Fabián,Colombia,4.0
Ñuble,San Fabián,Haití,0.0
Ñuble,San Fabián,Perú,5.0
Ñuble,San Fabián,Venezuela (República Bolivariana de),34.0
Ñuble,San Fabián,Otros países de América del Sur,8.0
Ñuble,San Fabián,Otros países de América Central y El Caribe,3.0
Ñuble,San Fabián,América del Norte,3.0
Ñuble,San Fabián,Europa,12.0
Ñuble,San Fabián,Asia,1.0
Ñuble,San Fabián,África,0.0
Ñuble,San Fabián,Oceanía,0.0
Ñuble,San Fabián,País de nacimiento no declarado,0.0
Ñuble,San Nicolás,Total nacidos fuera del país,185.0
Ñuble,San Nicolás,Argentina,19.0
Ñuble,San Nicolás,Bolivia (Estado Plurinacional de),15.0
Ñuble,San Nicolás,Colombia,19.0
Ñuble,San Nicolás,Haití,38.0
Ñuble,San Nicolás,Perú,7.0
Ñuble,San Nicolás,Venezuela (República Bolivariana de),52.0
Ñuble,San Nicolás,Otros países de América del Sur,13.0
Ñuble,San Nicolás,Otros países de América Central y El Caribe,14.0
Ñuble,San Nicolás,América del Norte,0.0
Ñuble,San Nicolás,Europa,6.0
Ñuble,San Nicolás,Asia,1.0
Ñuble,San Nicolás,África,1.0
Ñuble,San Nicolás,Oceanía,0.0
Ñuble,San Nicolás,País de nacimiento no declarado,0.0
Biobío,Concepción,Total nacidos fuera del país,15088.0
Biobío,Concepción,Argentina,503.0
Biobío,Concepción,Bolivia (Estado Plurinacional de),113.0
Biobío,Concepción,Colombia,1377.0
Biobío,Concepción,Haití,182.0
Biobío,Concepción,Perú,659.0
Biobío,Concepción,Venezuela (República Bolivariana de),10258.0
Biobío,Concepción,Otros países de América del Sur,618.0
Biobío,Concepción,Otros países de América Central y El Caribe,445.0
Biobío,Concepción,América del Norte,143.0
Biobío,Concepción,Europa,512.0
Biobío,Concepción,Asia,223.0
Biobío,Concepción,África,24.0
Biobío,Concepción,Oceanía,25.0
Biobío,Concepción,País de nacimiento no declarado,6.0
Biobío,Coronel,Total nacidos fuera del país,2704.0
Biobío,Coronel,Argentina,251.0
Biobío,Coronel,Bolivia (Estado Plurinacional de),51.0
Biobío,Coronel,Colombia,222.0
Biobío,Coronel,Haití,157.0
Biobío,Coronel,Perú,111.0
Biobío,Coronel,Venezuela (República Bolivariana de),1657.0
Biobío,Coronel,Otros países de América del Sur,117.0
Biobío,Coronel,Otros países de América Central y El Caribe,76.0
Biobío,Coronel,América del Norte,13.0
Biobío,Coronel,Europa,35.0
Biobío,Coronel,Asia,6.0
Biobío,Coronel,África,4.0
Biobío,Coronel,Oceanía,1.0
Biobío,Coronel,País de nacimiento no declarado,3.0
Biobío,Chiguayante,Total nacidos fuera del país,2155.0
Biobío,Chiguayante,Argentina,171.0
Biobío,Chiguayante,Bolivia (Estado Plurinacional de),36.0
Biobío,Chiguayante,Colombia,174.0
Biobío,Chiguayante,Haití,32.0
Biobío,Chiguayante,Perú,93.0
Biobío,Chiguayante,Venezuela (República Bolivariana de),1289.0
Biobío,Chiguayante,Otros países de América del Sur,117.0
Biobío,Chiguayante,Otros países de América Central y El Caribe,66.0
Biobío,Chiguayante,América del Norte,48.0
Biobío,Chiguayante,Europa,109.0
Biobío,Chiguayante,Asia,17.0
Biobío,Chiguayante,África,2.0
Biobío,Chiguayante,Oceanía,1.0
Biobío,Chiguayante,País de nacimiento no declarado,0.0
Biobío,Florida,Total nacidos fuera del país,190.0
Biobío,Florida,Argentina,6.0
Biobío,Florida,Bolivia (Estado Plurinacional de),10.0
Biobío,Florida,Colombia,37.0
Biobío,Florida,Haití,4.0
Biobío,Florida,Perú,13.0
Biobío,Florida,Venezuela (República Bolivariana de),80.0
Biobío,Florida,Otros países de América del Sur,16.0
Biobío,Florida,Otros países de América Central y El Caribe,2.0
Biobío,Florida,América del Norte,2.0
Biobío,Florida,Europa,12.0
Biobío,Florida,Asia,7.0
Biobío,Florida,África,0.0
Biobío,Florida,Oceanía,0.0
Biobío,Florida,País de nacimiento no declarado,1.0
Biobío,Hualqui,Total nacidos fuera del país,264.0
Biobío,Hualqui,Argentina,38.0
Biobío,Hualqui,Bolivia (Estado Plurinacional de),12.0
Biobío,Hualqui,Colombia,24.0
Biobío,Hualqui,Haití,38.0
Biobío,Hualqui,Perú,3.0
Biobío,Hualqui,Venezuela (República Bolivariana de),100.0
Biobío,Hualqui,Otros países de América del Sur,21.0
Biobío,Hualqui,Otros países de América Central y El Caribe,10.0
Biobío,Hualqui,América del Norte,5.0
Biobío,Hualqui,Europa,5.0
Biobío,Hualqui,Asia,7.0
Biobío,Hualqui,África,1.0
Biobío,Hualqui,Oceanía,0.0
Biobío,Hualqui,País de nacimiento no declarado,0.0
Biobío,Lota,Total nacidos fuera del país,496.0
Biobío,Lota,Argentina,76.0
Biobío,Lota,Bolivia (Estado Plurinacional de),5.0
Biobío,Lota,Colombia,71.0
Biobío,Lota,Haití,3.0
Biobío,Lota,Perú,36.0
Biobío,Lota,Venezuela (República Bolivariana de),207.0
Biobío,Lota,Otros países de América del Sur,59.0
Biobío,Lota,Otros países de América Central y El Caribe,13.0
Biobío,Lota,América del Norte,4.0
Biobío,Lota,Europa,11.0
Biobío,Lota,Asia,7.0
Biobío,Lota,África,4.0
Biobío,Lota,Oceanía,0.0
Biobío,Lota,País de nacimiento no declarado,0.0
Biobío,Penco,Total nacidos fuera del país,1039.0
Biobío,Penco,Argentina,88.0
Biobío,Penco,Bolivia (Estado Plurinacional de),8.0
Biobío,Penco,Colombia,76.0
Biobío,Penco,Haití,30.0
Biobío,Penco,Perú,6.0
Biobío,Penco,Venezuela (República Bolivariana de),721.0
Biobío,Penco,Otros países de América del Sur,50.0
Biobío,Penco,Otros países de América Central y El Caribe,18.0
Biobío,Penco,América del Norte,10.0
Biobío,Penco,Europa,19.0
Biobío,Penco,Asia,11.0
Biobío,Penco,África,2.0
Biobío,Penco,Oceanía,0.0
Biobío,Penco,País de nacimiento no declarado,0.0
Biobío,San Pedro de La paz,Total nacidos fuera del país,6771.0
Biobío,San Pedro de La paz,Argentina,432.0
Biobío,San Pedro de La paz,Bolivia (Estado Plurinacional de),73.0
Biobío,San Pedro de La paz,Colombia,603.0
Biobío,San Pedro de La paz,Haití,72.0
Biobío,San Pedro de La paz,Perú,296.0
Biobío,San Pedro de La paz,Venezuela (República Bolivariana de),4435.0
Biobío,San Pedro de La paz,Otros países de América del Sur,307.0
Biobío,San Pedro de La paz,Otros países de América Central y El Caribe,146.0
Biobío,San Pedro de La paz,América del Norte,79.0
Biobío,San Pedro de La paz,Europa,254.0
Biobío,San Pedro de La paz,Asia,56.0
Biobío,San Pedro de La paz,África,4.0
Biobío,San Pedro de La paz,Oceanía,12.0
Biobío,San Pedro de La paz,País de nacimiento no declarado,2.0
Biobío,Santa Juana,Total nacidos fuera del país,182.0
Biobío,Santa Juana,Argentina,18.0
Biobío,Santa Juana,Bolivia (Estado Plurinacional de),13.0
Biobío,Santa Juana,Colombia,23.0
Biobío,Santa Juana,Haití,3.0
Biobío,Santa Juana,Perú,4.0
Biobío,Santa Juana,Venezuela (República Bolivariana de),106.0
Biobío,Santa Juana,Otros países de América del Sur,3.0
Biobío,Santa Juana,Otros países de América Central y El Caribe,5.0
Biobío,Santa Juana,América del Norte,1.0
Biobío,Santa Juana,Europa,5.0
Biobío,Santa Juana,Asia,1.0
Biobío,Santa Juana,África,0.0
Biobío,Santa Juana,Oceanía,0.0
Biobío,Santa Juana,País de nacimiento no declarado,0.0
Biobío,Talcahuano,Total nacidos fuera del país,4512.0
Biobío,Talcahuano,Argentina,234.0
Biobío,Talcahuano,Bolivia (Estado Plurinacional de),29.0
Biobío,Talcahuano,Colombia,366.0
Biobío,Talcahuano,Haití,181.0
Biobío,Talcahuano,Perú,126.0
Biobío,Talcahuano,Venezuela (República Bolivariana de),3140.0
Biobío,Talcahuano,Otros países de América del Sur,223.0
Biobío,Talcahuano,Otros países de América Central y El Caribe,65.0
Biobío,Talcahuano,América del Norte,19.0
Biobío,Talcahuano,Europa,86.0
Biobío,Talcahuano,Asia,27.0
Biobío,Talcahuano,África,1.0
Biobío,Talcahuano,Oceanía,6.0
Biobío,Talcahuano,País de nacimiento no declarado,9.0
Biobío,Tomé,Total nacidos fuera del país,838.0
Biobío,Tomé,Argentina,104.0
Biobío,Tomé,Bolivia (Estado Plurinacional de),12.0
Biobío,Tomé,Colombia,94.0
Biobío,Tomé,Haití,13.0
Biobío,Tomé,Perú,39.0
Biobío,Tomé,Venezuela (República Bolivariana de),391.0
Biobío,Tomé,Otros países de América del Sur,85.0
Biobío,Tomé,Otros países de América Central y El Caribe,30.0
Biobío,Tomé,América del Norte,6.0
Biobío,Tomé,Europa,40.0
Biobío,Tomé,Asia,19.0
Biobío,Tomé,África,3.0
Biobío,Tomé,Oceanía,0.0
Biobío,Tomé,País de nacimiento no declarado,2.0
Biobío,Hualpén,Total nacidos fuera del país,2726.0
Biobío,Hualpén,Argentina,153.0
Biobío,Hualpén,Bolivia (Estado Plurinacional de),26.0
Biobío,Hualpén,Colombia,188.0
Biobío,Hualpén,Haití,31.0
Biobío,Hualpén,Perú,102.0
Biobío,Hualpén,Venezuela (República Bolivariana de),2026.0
Biobío,Hualpén,Otros países de América del Sur,94.0
Biobío,Hualpén,Otros países de América Central y El Caribe,41.0
Biobío,Hualpén,América del Norte,16.0
Biobío,Hualpén,Europa,39.0
Biobío,Hualpén,Asia,7.0
Biobío,Hualpén,África,3.0
Biobío,Hualpén,Oceanía,0.0
Biobío,Hualpén,País de nacimiento no declarado,0.0
Biobío,Lebu,Total nacidos fuera del país,426.0
Biobío,Lebu,Argentina,17.0
Biobío,Lebu,Bolivia (Estado Plurinacional de),12.0
Biobío,Lebu,Colombia,39.0
Biobío,Lebu,Haití,3.0
Biobío,Lebu,Perú,20.0
Biobío,Lebu,Venezuela (República Bolivariana de),283.0
Biobío,Lebu,Otros países de América del Sur,21.0
Biobío,Lebu,Otros países de América Central y El Caribe,12.0
Biobío,Lebu,América del Norte,2.0
Biobío,Lebu,Europa,3.0
Biobío,Lebu,Asia,14.0
Biobío,Lebu,África,0.0
Biobío,Lebu,Oceanía,0.0
Biobío,Lebu,País de nacimiento no declarado,0.0
Biobío,Arauco,Total nacidos fuera del país,382.0
Biobío,Arauco,Argentina,46.0
Biobío,Arauco,Bolivia (Estado Plurinacional de),5.0
Biobío,Arauco,Colombia,51.0
Biobío,Arauco,Haití,7.0
Biobío,Arauco,Perú,22.0
Biobío,Arauco,Venezuela (República Bolivariana de),194.0
Biobío,Arauco,Otros países de América del Sur,33.0
Biobío,Arauco,Otros países de América Central y El Caribe,8.0
Biobío,Arauco,América del Norte,3.0
Biobío,Arauco,Europa,9.0
Biobío,Arauco,Asia,3.0
Biobío,Arauco,África,1.0
Biobío,Arauco,Oceanía,0.0
Biobío,Arauco,País de nacimiento no declarado,0.0
Biobío,Cañete,Total nacidos fuera del país,259.0
Biobío,Cañete,Argentina,22.0
Biobío,Cañete,Bolivia (Estado Plurinacional de),5.0
Biobío,Cañete,Colombia,52.0
Biobío,Cañete,Haití,2.0
Biobío,Cañete,Perú,23.0
Biobío,Cañete,Venezuela (República Bolivariana de),61.0
Biobío,Cañete,Otros países de América del Sur,60.0
Biobío,Cañete,Otros países de América Central y El Caribe,8.0
Biobío,Cañete,América del Norte,0.0
Biobío,Cañete,Europa,10.0
Biobío,Cañete,Asia,12.0
Biobío,Cañete,África,1.0
Biobío,Cañete,Oceanía,2.0
Biobío,Cañete,País de nacimiento no declarado,1.0
Biobío,Contulmo,Total nacidos fuera del país,39.0
Biobío,Contulmo,Argentina,4.0
Biobío,Contulmo,Bolivia (Estado Plurinacional de),1.0
Biobío,Contulmo,Colombia,4.0
Biobío,Contulmo,Haití,0.0
Biobío,Contulmo,Perú,4.0
Biobío,Contulmo,Venezuela (República Bolivariana de),17.0
Biobío,Contulmo,Otros países de América del Sur,5.0
Biobío,Contulmo,Otros países de América Central y El Caribe,0.0
Biobío,Contulmo,América del Norte,1.0
Biobío,Contulmo,Europa,1.0
Biobío,Contulmo,Asia,0.0
Biobío,Contulmo,África,2.0
Biobío,Contulmo,Oceanía,0.0
Biobío,Contulmo,País de nacimiento no declarado,0.0
Biobío,Curanilahue,Total nacidos fuera del país,281.0
Biobío,Curanilahue,Argentina,29.0
Biobío,Curanilahue,Bolivia (Estado Plurinacional de),5.0
Biobío,Curanilahue,Colombia,37.0
Biobío,Curanilahue,Haití,6.0
Biobío,Curanilahue,Perú,15.0
Biobío,Curanilahue,Venezuela (República Bolivariana de),122.0
Biobío,Curanilahue,Otros países de América del Sur,17.0
Biobío,Curanilahue,Otros países de América Central y El Caribe,41.0
Biobío,Curanilahue,América del Norte,0.0
Biobío,Curanilahue,Europa,6.0
Biobío,Curanilahue,Asia,3.0
Biobío,Curanilahue,África,0.0
Biobío,Curanilahue,Oceanía,0.0
Biobío,Curanilahue,País de nacimiento no declarado,0.0
Biobío,Los Álamos,Total nacidos fuera del país,109.0
Biobío,Los Álamos,Argentina,21.0
Biobío,Los Álamos,Bolivia (Estado Plurinacional de),10.0
Biobío,Los Álamos,Colombia,17.0
Biobío,Los Álamos,Haití,4.0
Biobío,Los Álamos,Perú,9.0
Biobío,Los Álamos,Venezuela (República Bolivariana de),26.0
Biobío,Los Álamos,Otros países de América del Sur,6.0
Biobío,Los Álamos,Otros países de América Central y El Caribe,4.0
Biobío,Los Álamos,América del Norte,2.0
Biobío,Los Álamos,Europa,4.0
Biobío,Los Álamos,Asia,5.0
Biobío,Los Álamos,África,1.0
Biobío,Los Álamos,Oceanía,0.0
Biobío,Los Álamos,País de nacimiento no declarado,0.0
Biobío,Tirúa,Total nacidos fuera del país,41.0
Biobío,Tirúa,Argentina,13.0
Biobío,Tirúa,Bolivia (Estado Plurinacional de),2.0
Biobío,Tirúa,Colombia,6.0
Biobío,Tirúa,Haití,1.0
Biobío,Tirúa,Perú,3.0
Biobío,Tirúa,Venezuela (República Bolivariana de),8.0
Biobío,Tirúa,Otros países de América del Sur,2.0
Biobío,Tirúa,Otros países de América Central y El Caribe,1.0
Biobío,Tirúa,América del Norte,1.0
Biobío,Tirúa,Europa,2.0
Biobío,Tirúa,Asia,2.0
Biobío,Tirúa,África,0.0
Biobío,Tirúa,Oceanía,0.0
Biobío,Tirúa,País de nacimiento no declarado,0.0
Biobío,Los Ángeles,Total nacidos fuera del país,6583.0
Biobío,Los Ángeles,Argentina,382.0
Biobío,Los Ángeles,Bolivia (Estado Plurinacional de),98.0
Biobío,Los Ángeles,Colombia,732.0
Biobío,Los Ángeles,Haití,349.0
Biobío,Los Ángeles,Perú,239.0
Biobío,Los Ángeles,Venezuela (República Bolivariana de),3924.0
Biobío,Los Ángeles,Otros países de América del Sur,462.0
Biobío,Los Ángeles,Otros países de América Central y El Caribe,107.0
Biobío,Los Ángeles,América del Norte,43.0
Biobío,Los Ángeles,Europa,160.0
Biobío,Los Ángeles,Asia,59.0
Biobío,Los Ángeles,África,11.0
Biobío,Los Ángeles,Oceanía,9.0
Biobío,Los Ángeles,País de nacimiento no declarado,8.0
Biobío,Antuco,Total nacidos fuera del país,47.0
Biobío,Antuco,Argentina,17.0
Biobío,Antuco,Bolivia (Estado Plurinacional de),5.0
Biobío,Antuco,Colombia,8.0
Biobío,Antuco,Haití,0.0
Biobío,Antuco,Perú,0.0
Biobío,Antuco,Venezuela (República Bolivariana de),6.0
Biobío,Antuco,Otros países de América del Sur,6.0
Biobío,Antuco,Otros países de América Central y El Caribe,0.0
Biobío,Antuco,América del Norte,3.0
Biobío,Antuco,Europa,0.0
Biobío,Antuco,Asia,0.0
Biobío,Antuco,África,0.0
Biobío,Antuco,Oceanía,0.0
Biobío,Antuco,País de nacimiento no declarado,2.0
Biobío,Cabrero,Total nacidos fuera del país,561.0
Biobío,Cabrero,Argentina,30.0
Biobío,Cabrero,Bolivia (Estado Plurinacional de),14.0
Biobío,Cabrero,Colombia,49.0
Biobío,Cabrero,Haití,12.0
Biobío,Cabrero,Perú,17.0
Biobío,Cabrero,Venezuela (República Bolivariana de),376.0
Biobío,Cabrero,Otros países de América del Sur,31.0
Biobío,Cabrero,Otros países de América Central y El Caribe,15.0
Biobío,Cabrero,América del Norte,1.0
Biobío,Cabrero,Europa,7.0
Biobío,Cabrero,Asia,9.0
Biobío,Cabrero,África,0.0
Biobío,Cabrero,Oceanía,0.0
Biobío,Cabrero,País de nacimiento no declarado,0.0
Biobío,Laja,Total nacidos fuera del país,272.0
Biobío,Laja,Argentina,54.0
Biobío,Laja,Bolivia (Estado Plurinacional de),10.0
Biobío,Laja,Colombia,24.0
Biobío,Laja,Haití,6.0
Biobío,Laja,Perú,17.0
Biobío,Laja,Venezuela (República Bolivariana de),118.0
Biobío,Laja,Otros países de América del Sur,14.0
Biobío,Laja,Otros países de América Central y El Caribe,10.0
Biobío,Laja,América del Norte,3.0
Biobío,Laja,Europa,12.0
Biobío,Laja,Asia,4.0
Biobío,Laja,África,0.0
Biobío,Laja,Oceanía,0.0
Biobío,Laja,País de nacimiento no declarado,0.0
Biobío,Mulchén,Total nacidos fuera del país,109.0
Biobío,Mulchén,Argentina,22.0
Biobío,Mulchén,Bolivia (Estado Plurinacional de),11.0
Biobío,Mulchén,Colombia,16.0
Biobío,Mulchén,Haití,1.0
Biobío,Mulchén,Perú,9.0
Biobío,Mulchén,Venezuela (República Bolivariana de),18.0
Biobío,Mulchén,Otros países de América del Sur,13.0
Biobío,Mulchén,Otros países de América Central y El Caribe,1.0
Biobío,Mulchén,América del Norte,2.0
Biobío,Mulchén,Europa,7.0
Biobío,Mulchén,Asia,9.0
Biobío,Mulchén,África,0.0
Biobío,Mulchén,Oceanía,0.0
Biobío,Mulchén,País de nacimiento no declarado,0.0
Biobío,Nacimiento,Total nacidos fuera del país,251.0
Biobío,Nacimiento,Argentina,19.0
Biobío,Nacimiento,Bolivia (Estado Plurinacional de),8.0
Biobío,Nacimiento,Colombia,41.0
Biobío,Nacimiento,Haití,33.0
Biobío,Nacimiento,Perú,10.0
Biobío,Nacimiento,Venezuela (República Bolivariana de),85.0
Biobío,Nacimiento,Otros países de América del Sur,27.0
Biobío,Nacimiento,Otros países de América Central y El Caribe,17.0
Biobío,Nacimiento,América del Norte,2.0
Biobío,Nacimiento,Europa,3.0
Biobío,Nacimiento,Asia,5.0
Biobío,Nacimiento,África,0.0
Biobío,Nacimiento,Oceanía,1.0
Biobío,Nacimiento,País de nacimiento no declarado,0.0
Biobío,Negrete,Total nacidos fuera del país,78.0
Biobío,Negrete,Argentina,14.0
Biobío,Negrete,Bolivia (Estado Plurinacional de),0.0
Biobío,Negrete,Colombia,6.0
Biobío,Negrete,Haití,5.0
Biobío,Negrete,Perú,6.0
Biobío,Negrete,Venezuela (República Bolivariana de),30.0
Biobío,Negrete,Otros países de América del Sur,2.0
Biobío,Negrete,Otros países de América Central y El Caribe,6.0
Biobío,Negrete,América del Norte,1.0
Biobío,Negrete,Europa,3.0
Biobío,Negrete,Asia,5.0
Biobío,Negrete,África,0.0
Biobío,Negrete,Oceanía,0.0
Biobío,Negrete,País de nacimiento no declarado,0.0
Biobío,Quilaco,Total nacidos fuera del país,24.0
Biobío,Quilaco,Argentina,12.0
Biobío,Quilaco,Bolivia (Estado Plurinacional de),0.0
Biobío,Quilaco,Colombia,1.0
Biobío,Quilaco,Haití,0.0
Biobío,Quilaco,Perú,0.0
Biobío,Quilaco,Venezuela (República Bolivariana de),6.0
Biobío,Quilaco,Otros países de América del Sur,1.0
Biobío,Quilaco,Otros países de América Central y El Caribe,1.0
Biobío,Quilaco,América del Norte,0.0
Biobío,Quilaco,Europa,2.0
Biobío,Quilaco,Asia,1.0
Biobío,Quilaco,África,0.0
Biobío,Quilaco,Oceanía,0.0
Biobío,Quilaco,País de nacimiento no declarado,0.0
Biobío,Quilleco,Total nacidos fuera del país,32.0
Biobío,Quilleco,Argentina,9.0
Biobío,Quilleco,Bolivia (Estado Plurinacional de),6.0
Biobío,Quilleco,Colombia,1.0
Biobío,Quilleco,Haití,0.0
Biobío,Quilleco,Perú,3.0
Biobío,Quilleco,Venezuela (República Bolivariana de),4.0
Biobío,Quilleco,Otros países de América del Sur,1.0
Biobío,Quilleco,Otros países de América Central y El Caribe,1.0
Biobío,Quilleco,América del Norte,3.0
Biobío,Quilleco,Europa,3.0
Biobío,Quilleco,Asia,0.0
Biobío,Quilleco,África,0.0
Biobío,Quilleco,Oceanía,1.0
Biobío,Quilleco,País de nacimiento no declarado,0.0
Biobío,San Rosendo,Total nacidos fuera del país,16.0
Biobío,San Rosendo,Argentina,5.0
Biobío,San Rosendo,Bolivia (Estado Plurinacional de),0.0
Biobío,San Rosendo,Colombia,0.0
Biobío,San Rosendo,Haití,0.0
Biobío,San Rosendo,Perú,3.0
Biobío,San Rosendo,Venezuela (República Bolivariana de),2.0
Biobío,San Rosendo,Otros países de América del Sur,4.0
Biobío,San Rosendo,Otros países de América Central y El Caribe,0.0
Biobío,San Rosendo,América del Norte,0.0
Biobío,San Rosendo,Europa,1.0
Biobío,San Rosendo,Asia,1.0
Biobío,San Rosendo,África,0.0
Biobío,San Rosendo,Oceanía,0.0
Biobío,San Rosendo,País de nacimiento no declarado,0.0
Biobío,Santa Bárbara,Total nacidos fuera del país,97.0
Biobío,Santa Bárbara,Argentina,20.0
Biobío,Santa Bárbara,Bolivia (Estado Plurinacional de),12.0
Biobío,Santa Bárbara,Colombia,7.0
Biobío,Santa Bárbara,Haití,1.0
Biobío,Santa Bárbara,Perú,0.0
Biobío,Santa Bárbara,Venezuela (República Bolivariana de),27.0
Biobío,Santa Bárbara,Otros países de América del Sur,10.0
Biobío,Santa Bárbara,Otros países de América Central y El Caribe,3.0
Biobío,Santa Bárbara,América del Norte,3.0
Biobío,Santa Bárbara,Europa,12.0
Biobío,Santa Bárbara,Asia,2.0
Biobío,Santa Bárbara,África,0.0
Biobío,Santa Bárbara,Oceanía,0.0
Biobío,Santa Bárbara,País de nacimiento no declarado,0.0
Biobío,Tucapel,Total nacidos fuera del país,120.0
Biobío,Tucapel,Argentina,24.0
Biobío,Tucapel,Bolivia (Estado Plurinacional de),4.0
Biobío,Tucapel,Colombia,17.0
Biobío,Tucapel,Haití,5.0
Biobío,Tucapel,Perú,9.0
Biobío,Tucapel,Venezuela (República Bolivariana de),40.0
Biobío,Tucapel,Otros países de América del Sur,5.0
Biobío,Tucapel,Otros países de América Central y El Caribe,2.0
Biobío,Tucapel,América del Norte,1.0
Biobío,Tucapel,Europa,6.0
Biobío,Tucapel,Asia,6.0
Biobío,Tucapel,África,0.0
Biobío,Tucapel,Oceanía,1.0
Biobío,Tucapel,País de nacimiento no declarado,0.0
Biobío,Yumbel,Total nacidos fuera del país,214.0
Biobío,Yumbel,Argentina,24.0
Biobío,Yumbel,Bolivia (Estado Plurinacional de),20.0
Biobío,Yumbel,Colombia,17.0
Biobío,Yumbel,Haití,14.0
Biobío,Yumbel,Perú,11.0
Biobío,Yumbel,Venezuela (República Bolivariana de),91.0
Biobío,Yumbel,Otros países de América del Sur,6.0
Biobío,Yumbel,Otros países de América Central y El Caribe,12.0
Biobío,Yumbel,América del Norte,1.0
Biobío,Yumbel,Europa,7.0
Biobío,Yumbel,Asia,7.0
Biobío,Yumbel,África,1.0
Biobío,Yumbel,Oceanía,0.0
Biobío,Yumbel,País de nacimiento no declarado,3.0
Biobío,Alto Biobío,Total nacidos fuera del país,27.0
Biobío,Alto Biobío,Argentina,9.0
Biobío,Alto Biobío,Bolivia (Estado Plurinacional de),4.0
Biobío,Alto Biobío,Colombia,4.0
Biobío,Alto Biobío,Haití,0.0
Biobío,Alto Biobío,Perú,0.0
Biobío,Alto Biobío,Venezuela (República Bolivariana de),3.0
Biobío,Alto Biobío,Otros países de América del Sur,2.0
Biobío,Alto Biobío,Otros países de América Central y El Caribe,0.0
Biobío,Alto Biobío,América del Norte,0.0
Biobío,Alto Biobío,Europa,3.0
Biobío,Alto Biobío,Asia,2.0
Biobío,Alto Biobío,África,0.0
Biobío,Alto Biobío,Oceanía,0.0
Biobío,Alto Biobío,País de nacimiento no declarado,0.0
La Araucanía,Temuco,Total nacidos fuera del país,10660.0
La Araucanía,Temuco,Argentina,1667.0
La Araucanía,Temuco,Bolivia (Estado Plurinacional de),104.0
La Araucanía,Temuco,Colombia,1018.0
La Araucanía,Temuco,Haití,589.0
La Araucanía,Temuco,Perú,436.0
La Araucanía,Temuco,Venezuela (República Bolivariana de),5145.0
La Araucanía,Temuco,Otros países de América del Sur,568.0
La Araucanía,Temuco,Otros países de América Central y El Caribe,383.0
La Araucanía,Temuco,América del Norte,97.0
La Araucanía,Temuco,Europa,393.0
La Araucanía,Temuco,Asia,213.0
La Araucanía,Temuco,África,22.0
La Araucanía,Temuco,Oceanía,19.0
La Araucanía,Temuco,País de nacimiento no declarado,6.0
La Araucanía,Carahue,Total nacidos fuera del país,136.0
La Araucanía,Carahue,Argentina,65.0
La Araucanía,Carahue,Bolivia (Estado Plurinacional de),7.0
La Araucanía,Carahue,Colombia,15.0
La Araucanía,Carahue,Haití,2.0
La Araucanía,Carahue,Perú,3.0
La Araucanía,Carahue,Venezuela (República Bolivariana de),24.0
La Araucanía,Carahue,Otros países de América del Sur,5.0
La Araucanía,Carahue,Otros países de América Central y El Caribe,3.0
La Araucanía,Carahue,América del Norte,2.0
La Araucanía,Carahue,Europa,5.0
La Araucanía,Carahue,Asia,3.0
La Araucanía,Carahue,África,2.0
La Araucanía,Carahue,Oceanía,0.0
La Araucanía,Carahue,País de nacimiento no declarado,0.0
La Araucanía,Cunco,Total nacidos fuera del país,279.0
La Araucanía,Cunco,Argentina,147.0
La Araucanía,Cunco,Bolivia (Estado Plurinacional de),18.0
La Araucanía,Cunco,Colombia,20.0
La Araucanía,Cunco,Haití,2.0
La Araucanía,Cunco,Perú,16.0
La Araucanía,Cunco,Venezuela (República Bolivariana de),35.0
La Araucanía,Cunco,Otros países de América del Sur,12.0
La Araucanía,Cunco,Otros países de América Central y El Caribe,7.0
La Araucanía,Cunco,América del Norte,4.0
La Araucanía,Cunco,Europa,14.0
La Araucanía,Cunco,Asia,3.0
La Araucanía,Cunco,África,0.0
La Araucanía,Cunco,Oceanía,0.0
La Araucanía,Cunco,País de nacimiento no declarado,1.0
La Araucanía,Curarrehue,Total nacidos fuera del país,218.0
La Araucanía,Curarrehue,Argentina,155.0
La Araucanía,Curarrehue,Bolivia (Estado Plurinacional de),3.0
La Araucanía,Curarrehue,Colombia,9.0
La Araucanía,Curarrehue,Haití,0.0
La Araucanía,Curarrehue,Perú,2.0
La Araucanía,Curarrehue,Venezuela (República Bolivariana de),9.0
La Araucanía,Curarrehue,Otros países de América del Sur,12.0
La Araucanía,Curarrehue,Otros países de América Central y El Caribe,2.0
La Araucanía,Curarrehue,América del Norte,4.0
La Araucanía,Curarrehue,Europa,20.0
La Araucanía,Curarrehue,Asia,2.0
La Araucanía,Curarrehue,África,0.0
La Araucanía,Curarrehue,Oceanía,0.0
La Araucanía,Curarrehue,País de nacimiento no declarado,0.0
La Araucanía,Freire,Total nacidos fuera del país,229.0
La Araucanía,Freire,Argentina,96.0
La Araucanía,Freire,Bolivia (Estado Plurinacional de),28.0
La Araucanía,Freire,Colombia,17.0
La Araucanía,Freire,Haití,13.0
La Araucanía,Freire,Perú,9.0
La Araucanía,Freire,Venezuela (República Bolivariana de),24.0
La Araucanía,Freire,Otros países de América del Sur,14.0
La Araucanía,Freire,Otros países de América Central y El Caribe,7.0
La Araucanía,Freire,América del Norte,1.0
La Araucanía,Freire,Europa,15.0
La Araucanía,Freire,Asia,5.0
La Araucanía,Freire,África,0.0
La Araucanía,Freire,Oceanía,0.0
La Araucanía,Freire,País de nacimiento no declarado,0.0
La Araucanía,Galvarino,Total nacidos fuera del país,44.0
La Araucanía,Galvarino,Argentina,13.0
La Araucanía,Galvarino,Bolivia (Estado Plurinacional de),7.0
La Araucanía,Galvarino,Colombia,0.0
La Araucanía,Galvarino,Haití,3.0
La Araucanía,Galvarino,Perú,3.0
La Araucanía,Galvarino,Venezuela (República Bolivariana de),2.0
La Araucanía,Galvarino,Otros países de América del Sur,3.0
La Araucanía,Galvarino,Otros países de América Central y El Caribe,4.0
La Araucanía,Galvarino,América del Norte,2.0
La Araucanía,Galvarino,Europa,4.0
La Araucanía,Galvarino,Asia,2.0
La Araucanía,Galvarino,África,0.0
La Araucanía,Galvarino,Oceanía,1.0
La Araucanía,Galvarino,País de nacimiento no declarado,0.0
La Araucanía,Gorbea,Total nacidos fuera del país,170.0
La Araucanía,Gorbea,Argentina,73.0
La Araucanía,Gorbea,Bolivia (Estado Plurinacional de),9.0
La Araucanía,Gorbea,Colombia,13.0
La Araucanía,Gorbea,Haití,10.0
La Araucanía,Gorbea,Perú,12.0
La Araucanía,Gorbea,Venezuela (República Bolivariana de),36.0
La Araucanía,Gorbea,Otros países de América del Sur,3.0
La Araucanía,Gorbea,Otros países de América Central y El Caribe,4.0
La Araucanía,Gorbea,América del Norte,0.0
La Araucanía,Gorbea,Europa,6.0
La Araucanía,Gorbea,Asia,4.0
La Araucanía,Gorbea,África,0.0
La Araucanía,Gorbea,Oceanía,0.0
La Araucanía,Gorbea,País de nacimiento no declarado,0.0
La Araucanía,Lautaro,Total nacidos fuera del país,564.0
La Araucanía,Lautaro,Argentina,156.0
La Araucanía,Lautaro,Bolivia (Estado Plurinacional de),12.0
La Araucanía,Lautaro,Colombia,38.0
La Araucanía,Lautaro,Haití,18.0
La Araucanía,Lautaro,Perú,36.0
La Araucanía,Lautaro,Venezuela (República Bolivariana de),193.0
La Araucanía,Lautaro,Otros países de América del Sur,19.0
La Araucanía,Lautaro,Otros países de América Central y El Caribe,34.0
La Araucanía,Lautaro,América del Norte,5.0
La Araucanía,Lautaro,Europa,21.0
La Araucanía,Lautaro,Asia,30.0
La Araucanía,Lautaro,África,1.0
La Araucanía,Lautaro,Oceanía,1.0
La Araucanía,Lautaro,País de nacimiento no declarado,0.0
La Araucanía,Loncoche,Total nacidos fuera del país,232.0
La Araucanía,Loncoche,Argentina,106.0
La Araucanía,Loncoche,Bolivia (Estado Plurinacional de),1.0
La Araucanía,Loncoche,Colombia,20.0
La Araucanía,Loncoche,Haití,12.0
La Araucanía,Loncoche,Perú,11.0
La Araucanía,Loncoche,Venezuela (República Bolivariana de),28.0
La Araucanía,Loncoche,Otros países de América del Sur,15.0
La Araucanía,Loncoche,Otros países de América Central y El Caribe,8.0
La Araucanía,Loncoche,América del Norte,0.0
La Araucanía,Loncoche,Europa,20.0
La Araucanía,Loncoche,Asia,9.0
La Araucanía,Loncoche,África,0.0
La Araucanía,Loncoche,Oceanía,2.0
La Araucanía,Loncoche,País de nacimiento no declarado,0.0
La Araucanía,Melipeuco,Total nacidos fuera del país,170.0
La Araucanía,Melipeuco,Argentina,133.0
La Araucanía,Melipeuco,Bolivia (Estado Plurinacional de),4.0
La Araucanía,Melipeuco,Colombia,12.0
La Araucanía,Melipeuco,Haití,2.0
La Araucanía,Melipeuco,Perú,3.0
La Araucanía,Melipeuco,Venezuela (República Bolivariana de),5.0
La Araucanía,Melipeuco,Otros países de América del Sur,2.0
La Araucanía,Melipeuco,Otros países de América Central y El Caribe,4.0
La Araucanía,Melipeuco,América del Norte,2.0
La Araucanía,Melipeuco,Europa,3.0
La Araucanía,Melipeuco,Asia,0.0
La Araucanía,Melipeuco,África,0.0
La Araucanía,Melipeuco,Oceanía,0.0
La Araucanía,Melipeuco,País de nacimiento no declarado,0.0
La Araucanía,Nueva Imperial,Total nacidos fuera del país,211.0
La Araucanía,Nueva Imperial,Argentina,91.0
La Araucanía,Nueva Imperial,Bolivia (Estado Plurinacional de),9.0
La Araucanía,Nueva Imperial,Colombia,22.0
La Araucanía,Nueva Imperial,Haití,6.0
La Araucanía,Nueva Imperial,Perú,12.0
La Araucanía,Nueva Imperial,Venezuela (República Bolivariana de),24.0
La Araucanía,Nueva Imperial,Otros países de América del Sur,17.0
La Araucanía,Nueva Imperial,Otros países de América Central y El Caribe,5.0
La Araucanía,Nueva Imperial,América del Norte,2.0
La Araucanía,Nueva Imperial,Europa,14.0
La Araucanía,Nueva Imperial,Asia,8.0
La Araucanía,Nueva Imperial,África,0.0
La Araucanía,Nueva Imperial,Oceanía,1.0
La Araucanía,Nueva Imperial,País de nacimiento no declarado,0.0
La Araucanía,Padre Las Casas,Total nacidos fuera del país,1200.0
La Araucanía,Padre Las Casas,Argentina,343.0
La Araucanía,Padre Las Casas,Bolivia (Estado Plurinacional de),17.0
La Araucanía,Padre Las Casas,Colombia,116.0
La Araucanía,Padre Las Casas,Haití,21.0
La Araucanía,Padre Las Casas,Perú,45.0
La Araucanía,Padre Las Casas,Venezuela (República Bolivariana de),530.0
La Araucanía,Padre Las Casas,Otros países de América del Sur,54.0
La Araucanía,Padre Las Casas,Otros países de América Central y El Caribe,21.0
La Araucanía,Padre Las Casas,América del Norte,9.0
La Araucanía,Padre Las Casas,Europa,38.0
La Araucanía,Padre Las Casas,Asia,2.0
La Araucanía,Padre Las Casas,África,3.0
La Araucanía,Padre Las Casas,Oceanía,1.0
La Araucanía,Padre Las Casas,País de nacimiento no declarado,0.0
La Araucanía,Perquenco,Total nacidos fuera del país,34.0
La Araucanía,Perquenco,Argentina,11.0
La Araucanía,Perquenco,Bolivia (Estado Plurinacional de),2.0
La Araucanía,Perquenco,Colombia,0.0
La Araucanía,Perquenco,Haití,1.0
La Araucanía,Perquenco,Perú,3.0
La Araucanía,Perquenco,Venezuela (República Bolivariana de),8.0
La Araucanía,Perquenco,Otros países de América del Sur,3.0
La Araucanía,Perquenco,Otros países de América Central y El Caribe,2.0
La Araucanía,Perquenco,América del Norte,1.0
La Araucanía,Perquenco,Europa,2.0
La Araucanía,Perquenco,Asia,0.0
La Araucanía,Perquenco,África,1.0
La Araucanía,Perquenco,Oceanía,0.0
La Araucanía,Perquenco,País de nacimiento no declarado,0.0
La Araucanía,Pitrufquén,Total nacidos fuera del país,414.0
La Araucanía,Pitrufquén,Argentina,166.0
La Araucanía,Pitrufquén,Bolivia (Estado Plurinacional de),3.0
La Araucanía,Pitrufquén,Colombia,30.0
La Araucanía,Pitrufquén,Haití,26.0
La Araucanía,Pitrufquén,Perú,10.0
La Araucanía,Pitrufquén,Venezuela (República Bolivariana de),96.0
La Araucanía,Pitrufquén,Otros países de América del Sur,36.0
La Araucanía,Pitrufquén,Otros países de América Central y El Caribe,17.0
La Araucanía,Pitrufquén,América del Norte,4.0
La Araucanía,Pitrufquén,Europa,12.0
La Araucanía,Pitrufquén,Asia,12.0
La Araucanía,Pitrufquén,África,1.0
La Araucanía,Pitrufquén,Oceanía,0.0
La Araucanía,Pitrufquén,País de nacimiento no declarado,1.0
La Araucanía,Pucón,Total nacidos fuera del país,1495.0
La Araucanía,Pucón,Argentina,539.0
La Araucanía,Pucón,Bolivia (Estado Plurinacional de),33.0
La Araucanía,Pucón,Colombia,82.0
La Araucanía,Pucón,Haití,85.0
La Araucanía,Pucón,Perú,51.0
La Araucanía,Pucón,Venezuela (República Bolivariana de),245.0
La Araucanía,Pucón,Otros países de América del Sur,96.0
La Araucanía,Pucón,Otros países de América Central y El Caribe,54.0
La Araucanía,Pucón,América del Norte,62.0
La Araucanía,Pucón,Europa,210.0
La Araucanía,Pucón,Asia,26.0
La Araucanía,Pucón,África,3.0
La Araucanía,Pucón,Oceanía,7.0
La Araucanía,Pucón,País de nacimiento no declarado,2.0
La Araucanía,Saavedra,Total nacidos fuera del país,53.0
La Araucanía,Saavedra,Argentina,15.0
La Araucanía,Saavedra,Bolivia (Estado Plurinacional de),2.0
La Araucanía,Saavedra,Colombia,7.0
La Araucanía,Saavedra,Haití,0.0
La Araucanía,Saavedra,Perú,13.0
La Araucanía,Saavedra,Venezuela (República Bolivariana de),4.0
La Araucanía,Saavedra,Otros países de América del Sur,6.0
La Araucanía,Saavedra,Otros países de América Central y El Caribe,3.0
La Araucanía,Saavedra,América del Norte,1.0
La Araucanía,Saavedra,Europa,2.0
La Araucanía,Saavedra,Asia,0.0
La Araucanía,Saavedra,África,0.0
La Araucanía,Saavedra,Oceanía,0.0
La Araucanía,Saavedra,País de nacimiento no declarado,0.0
La Araucanía,Teodoro Schmidt,Total nacidos fuera del país,133.0
La Araucanía,Teodoro Schmidt,Argentina,56.0
La Araucanía,Teodoro Schmidt,Bolivia (Estado Plurinacional de),11.0
La Araucanía,Teodoro Schmidt,Colombia,7.0
La Araucanía,Teodoro Schmidt,Haití,1.0
La Araucanía,Teodoro Schmidt,Perú,5.0
La Araucanía,Teodoro Schmidt,Venezuela (República Bolivariana de),39.0
La Araucanía,Teodoro Schmidt,Otros países de América del Sur,7.0
La Araucanía,Teodoro Schmidt,Otros países de América Central y El Caribe,3.0
La Araucanía,Teodoro Schmidt,América del Norte,0.0
La Araucanía,Teodoro Schmidt,Europa,1.0
La Araucanía,Teodoro Schmidt,Asia,2.0
La Araucanía,Teodoro Schmidt,África,0.0
La Araucanía,Teodoro Schmidt,Oceanía,0.0
La Araucanía,Teodoro Schmidt,País de nacimiento no declarado,1.0
La Araucanía,Toltén,Total nacidos fuera del país,82.0
La Araucanía,Toltén,Argentina,57.0
La Araucanía,Toltén,Bolivia (Estado Plurinacional de),0.0
La Araucanía,Toltén,Colombia,0.0
La Araucanía,Toltén,Haití,0.0
La Araucanía,Toltén,Perú,4.0
La Araucanía,Toltén,Venezuela (República Bolivariana de),10.0
La Araucanía,Toltén,Otros países de América del Sur,5.0
La Araucanía,Toltén,Otros países de América Central y El Caribe,2.0
La Araucanía,Toltén,América del Norte,0.0
La Araucanía,Toltén,Europa,4.0
La Araucanía,Toltén,Asia,0.0
La Araucanía,Toltén,África,0.0
La Araucanía,Toltén,Oceanía,0.0
La Araucanía,Toltén,País de nacimiento no declarado,0.0
La Araucanía,Vilcún,Total nacidos fuera del país,386.0
La Araucanía,Vilcún,Argentina,129.0
La Araucanía,Vilcún,Bolivia (Estado Plurinacional de),33.0
La Araucanía,Vilcún,Colombia,17.0
La Araucanía,Vilcún,Haití,4.0
La Araucanía,Vilcún,Perú,13.0
La Araucanía,Vilcún,Venezuela (República Bolivariana de),88.0
La Araucanía,Vilcún,Otros países de América del Sur,32.0
La Araucanía,Vilcún,Otros países de América Central y El Caribe,19.0
La Araucanía,Vilcún,América del Norte,16.0
La Araucanía,Vilcún,Europa,22.0
La Araucanía,Vilcún,Asia,8.0
La Araucanía,Vilcún,África,4.0
La Araucanía,Vilcún,Oceanía,1.0
La Araucanía,Vilcún,País de nacimiento no declarado,0.0
La Araucanía,Villarrica,Total nacidos fuera del país,2126.0
La Araucanía,Villarrica,Argentina,749.0
La Araucanía,Villarrica,Bolivia (Estado Plurinacional de),16.0
La Araucanía,Villarrica,Colombia,158.0
La Araucanía,Villarrica,Haití,102.0
La Araucanía,Villarrica,Perú,81.0
La Araucanía,Villarrica,Venezuela (República Bolivariana de),558.0
La Araucanía,Villarrica,Otros países de América del Sur,137.0
La Araucanía,Villarrica,Otros países de América Central y El Caribe,52.0
La Araucanía,Villarrica,América del Norte,46.0
La Araucanía,Villarrica,Europa,198.0
La Araucanía,Villarrica,Asia,21.0
La Araucanía,Villarrica,África,0.0
La Araucanía,Villarrica,Oceanía,6.0
La Araucanía,Villarrica,País de nacimiento no declarado,2.0
La Araucanía,Cholchol,Total nacidos fuera del país,94.0
La Araucanía,Cholchol,Argentina,41.0
La Araucanía,Cholchol,Bolivia (Estado Plurinacional de),8.0
La Araucanía,Cholchol,Colombia,10.0
La Araucanía,Cholchol,Haití,1.0
La Araucanía,Cholchol,Perú,9.0
La Araucanía,Cholchol,Venezuela (República Bolivariana de),9.0
La Araucanía,Cholchol,Otros países de América del Sur,2.0
La Araucanía,Cholchol,Otros países de América Central y El Caribe,7.0
La Araucanía,Cholchol,América del Norte,1.0
La Araucanía,Cholchol,Europa,4.0
La Araucanía,Cholchol,Asia,2.0
La Araucanía,Cholchol,África,0.0
La Araucanía,Cholchol,Oceanía,0.0
La Araucanía,Cholchol,País de nacimiento no declarado,0.0
La Araucanía,Angol,Total nacidos fuera del país,737.0
La Araucanía,Angol,Argentina,100.0
La Araucanía,Angol,Bolivia (Estado Plurinacional de),31.0
La Araucanía,Angol,Colombia,149.0
La Araucanía,Angol,Haití,30.0
La Araucanía,Angol,Perú,53.0
La Araucanía,Angol,Venezuela (República Bolivariana de),279.0
La Araucanía,Angol,Otros países de América del Sur,54.0
La Araucanía,Angol,Otros países de América Central y El Caribe,12.0
La Araucanía,Angol,América del Norte,3.0
La Araucanía,Angol,Europa,19.0
La Araucanía,Angol,Asia,5.0
La Araucanía,Angol,África,0.0
La Araucanía,Angol,Oceanía,1.0
La Araucanía,Angol,País de nacimiento no declarado,1.0
La Araucanía,Collipulli,Total nacidos fuera del país,197.0
La Araucanía,Collipulli,Argentina,37.0
La Araucanía,Collipulli,Bolivia (Estado Plurinacional de),15.0
La Araucanía,Collipulli,Colombia,37.0
La Araucanía,Collipulli,Haití,9.0
La Araucanía,Collipulli,Perú,6.0
La Araucanía,Collipulli,Venezuela (República Bolivariana de),54.0
La Araucanía,Collipulli,Otros países de América del Sur,14.0
La Araucanía,Collipulli,Otros países de América Central y El Caribe,7.0
La Araucanía,Collipulli,América del Norte,0.0
La Araucanía,Collipulli,Europa,2.0
La Araucanía,Collipulli,Asia,13.0
La Araucanía,Collipulli,África,2.0
La Araucanía,Collipulli,Oceanía,0.0
La Araucanía,Collipulli,País de nacimiento no declarado,1.0
La Araucanía,Curacautín,Total nacidos fuera del país,337.0
La Araucanía,Curacautín,Argentina,213.0
La Araucanía,Curacautín,Bolivia (Estado Plurinacional de),7.0
La Araucanía,Curacautín,Colombia,12.0
La Araucanía,Curacautín,Haití,0.0
La Araucanía,Curacautín,Perú,7.0
La Araucanía,Curacautín,Venezuela (República Bolivariana de),32.0
La Araucanía,Curacautín,Otros países de América del Sur,13.0
La Araucanía,Curacautín,Otros países de América Central y El Caribe,8.0
La Araucanía,Curacautín,América del Norte,8.0
La Araucanía,Curacautín,Europa,36.0
La Araucanía,Curacautín,Asia,0.0
La Araucanía,Curacautín,África,0.0
La Araucanía,Curacautín,Oceanía,1.0
La Araucanía,Curacautín,País de nacimiento no declarado,0.0
La Araucanía,Ercilla,Total nacidos fuera del país,32.0
La Araucanía,Ercilla,Argentina,9.0
La Araucanía,Ercilla,Bolivia (Estado Plurinacional de),9.0
La Araucanía,Ercilla,Colombia,1.0
La Araucanía,Ercilla,Haití,0.0
La Araucanía,Ercilla,Perú,1.0
La Araucanía,Ercilla,Venezuela (República Bolivariana de),10.0
La Araucanía,Ercilla,Otros países de América del Sur,0.0
La Araucanía,Ercilla,Otros países de América Central y El Caribe,0.0
La Araucanía,Ercilla,América del Norte,0.0
La Araucanía,Ercilla,Europa,1.0
La Araucanía,Ercilla,Asia,1.0
La Araucanía,Ercilla,África,0.0
La Araucanía,Ercilla,Oceanía,0.0
La Araucanía,Ercilla,País de nacimiento no declarado,0.0
La Araucanía,Lonquimay,Total nacidos fuera del país,103.0
La Araucanía,Lonquimay,Argentina,86.0
La Araucanía,Lonquimay,Bolivia (Estado Plurinacional de),5.0
La Araucanía,Lonquimay,Colombia,2.0
La Araucanía,Lonquimay,Haití,0.0
La Araucanía,Lonquimay,Perú,2.0
La Araucanía,Lonquimay,Venezuela (República Bolivariana de),2.0
La Araucanía,Lonquimay,Otros países de América del Sur,1.0
La Araucanía,Lonquimay,Otros países de América Central y El Caribe,1.0
La Araucanía,Lonquimay,América del Norte,0.0
La Araucanía,Lonquimay,Europa,1.0
La Araucanía,Lonquimay,Asia,3.0
La Araucanía,Lonquimay,África,0.0
La Araucanía,Lonquimay,Oceanía,0.0
La Araucanía,Lonquimay,País de nacimiento no declarado,0.0
La Araucanía,Los Sauces,Total nacidos fuera del país,39.0
La Araucanía,Los Sauces,Argentina,6.0
La Araucanía,Los Sauces,Bolivia (Estado Plurinacional de),4.0
La Araucanía,Los Sauces,Colombia,3.0
La Araucanía,Los Sauces,Haití,0.0
La Araucanía,Los Sauces,Perú,7.0
La Araucanía,Los Sauces,Venezuela (República Bolivariana de),4.0
La Araucanía,Los Sauces,Otros países de América del Sur,4.0
La Araucanía,Los Sauces,Otros países de América Central y El Caribe,3.0
La Araucanía,Los Sauces,América del Norte,5.0
La Araucanía,Los Sauces,Europa,1.0
La Araucanía,Los Sauces,Asia,2.0
La Araucanía,Los Sauces,África,0.0
La Araucanía,Los Sauces,Oceanía,0.0
La Araucanía,Los Sauces,País de nacimiento no declarado,0.0
La Araucanía,Lumaco,Total nacidos fuera del país,30.0
La Araucanía,Lumaco,Argentina,9.0
La Araucanía,Lumaco,Bolivia (Estado Plurinacional de),0.0
La Araucanía,Lumaco,Colombia,6.0
La Araucanía,Lumaco,Haití,0.0
La Araucanía,Lumaco,Perú,0.0
La Araucanía,Lumaco,Venezuela (República Bolivariana de),10.0
La Araucanía,Lumaco,Otros países de América del Sur,0.0
La Araucanía,Lumaco,Otros países de América Central y El Caribe,1.0
La Araucanía,Lumaco,América del Norte,1.0
La Araucanía,Lumaco,Europa,1.0
La Araucanía,Lumaco,Asia,1.0
La Araucanía,Lumaco,África,0.0
La Araucanía,Lumaco,Oceanía,1.0
La Araucanía,Lumaco,País de nacimiento no declarado,0.0
La Araucanía,Purén,Total nacidos fuera del país,47.0
La Araucanía,Purén,Argentina,6.0
La Araucanía,Purén,Bolivia (Estado Plurinacional de),1.0
La Araucanía,Purén,Colombia,2.0
La Araucanía,Purén,Haití,0.0
La Araucanía,Purén,Perú,5.0
La Araucanía,Purén,Venezuela (República Bolivariana de),13.0
La Araucanía,Purén,Otros países de América del Sur,5.0
La Araucanía,Purén,Otros países de América Central y El Caribe,5.0
La Araucanía,Purén,América del Norte,0.0
La Araucanía,Purén,Europa,6.0
La Araucanía,Purén,Asia,4.0
La Araucanía,Purén,África,0.0
La Araucanía,Purén,Oceanía,0.0
La Araucanía,Purén,País de nacimiento no declarado,0.0
La Araucanía,Renaico,Total nacidos fuera del país,69.0
La Araucanía,Renaico,Argentina,14.0
La Araucanía,Renaico,Bolivia (Estado Plurinacional de),8.0
La Araucanía,Renaico,Colombia,11.0
La Araucanía,Renaico,Haití,15.0
La Araucanía,Renaico,Perú,1.0
La Araucanía,Renaico,Venezuela (República Bolivariana de),7.0
La Araucanía,Renaico,Otros países de América del Sur,2.0
La Araucanía,Renaico,Otros países de América Central y El Caribe,4.0
La Araucanía,Renaico,América del Norte,0.0
La Araucanía,Renaico,Europa,2.0
La Araucanía,Renaico,Asia,4.0
La Araucanía,Renaico,África,0.0
La Araucanía,Renaico,Oceanía,1.0
La Araucanía,Renaico,País de nacimiento no declarado,0.0
La Araucanía,Traiguén,Total nacidos fuera del país,155.0
La Araucanía,Traiguén,Argentina,22.0
La Araucanía,Traiguén,Bolivia (Estado Plurinacional de),9.0
La Araucanía,Traiguén,Colombia,4.0
La Araucanía,Traiguén,Haití,7.0
La Araucanía,Traiguén,Perú,14.0
La Araucanía,Traiguén,Venezuela (República Bolivariana de),54.0
La Araucanía,Traiguén,Otros países de América del Sur,17.0
La Araucanía,Traiguén,Otros países de América Central y El Caribe,2.0
La Araucanía,Traiguén,América del Norte,4.0
La Araucanía,Traiguén,Europa,4.0
La Araucanía,Traiguén,Asia,9.0
La Araucanía,Traiguén,África,0.0
La Araucanía,Traiguén,Oceanía,0.0
La Araucanía,Traiguén,País de nacimiento no declarado,9.0
La Araucanía,Victoria,Total nacidos fuera del país,401.0
La Araucanía,Victoria,Argentina,99.0
La Araucanía,Victoria,Bolivia (Estado Plurinacional de),10.0
La Araucanía,Victoria,Colombia,35.0
La Araucanía,Victoria,Haití,30.0
La Araucanía,Victoria,Perú,13.0
La Araucanía,Victoria,Venezuela (República Bolivariana de),160.0
La Araucanía,Victoria,Otros países de América del Sur,28.0
La Araucanía,Victoria,Otros países de América Central y El Caribe,5.0
La Araucanía,Victoria,América del Norte,1.0
La Araucanía,Victoria,Europa,12.0
La Araucanía,Victoria,Asia,7.0
La Araucanía,Victoria,África,1.0
La Araucanía,Victoria,Oceanía,0.0
La Araucanía,Victoria,País de nacimiento no declarado,0.0
Los Ríos,Valdivia,Total nacidos fuera del país,5099.0
Los Ríos,Valdivia,Argentina,712.0
Los Ríos,Valdivia,Bolivia (Estado Plurinacional de),107.0
Los Ríos,Valdivia,Colombia,612.0
Los Ríos,Valdivia,Haití,347.0
Los Ríos,Valdivia,Perú,128.0
Los Ríos,Valdivia,Venezuela (República Bolivariana de),2035.0
Los Ríos,Valdivia,Otros países de América del Sur,279.0
Los Ríos,Valdivia,Otros países de América Central y El Caribe,193.0
Los Ríos,Valdivia,América del Norte,98.0
Los Ríos,Valdivia,Europa,471.0
Los Ríos,Valdivia,Asia,88.0
Los Ríos,Valdivia,África,8.0
Los Ríos,Valdivia,Oceanía,19.0
Los Ríos,Valdivia,País de nacimiento no declarado,2.0
Los Ríos,Corral,Total nacidos fuera del país,52.0
Los Ríos,Corral,Argentina,20.0
Los Ríos,Corral,Bolivia (Estado Plurinacional de),1.0
Los Ríos,Corral,Colombia,1.0
Los Ríos,Corral,Haití,0.0
Los Ríos,Corral,Perú,4.0
Los Ríos,Corral,Venezuela (República Bolivariana de),9.0
Los Ríos,Corral,Otros países de América del Sur,7.0
Los Ríos,Corral,Otros países de América Central y El Caribe,2.0
Los Ríos,Corral,América del Norte,3.0
Los Ríos,Corral,Europa,4.0
Los Ríos,Corral,Asia,1.0
Los Ríos,Corral,África,0.0
Los Ríos,Corral,Oceanía,0.0
Los Ríos,Corral,País de nacimiento no declarado,0.0
Los Ríos,Lanco,Total nacidos fuera del país,140.0
Los Ríos,Lanco,Argentina,73.0
Los Ríos,Lanco,Bolivia (Estado Plurinacional de),4.0
Los Ríos,Lanco,Colombia,10.0
Los Ríos,Lanco,Haití,4.0
Los Ríos,Lanco,Perú,4.0
Los Ríos,Lanco,Venezuela (República Bolivariana de),22.0
Los Ríos,Lanco,Otros países de América del Sur,6.0
Los Ríos,Lanco,Otros países de América Central y El Caribe,4.0
Los Ríos,Lanco,América del Norte,1.0
Los Ríos,Lanco,Europa,9.0
Los Ríos,Lanco,Asia,3.0
Los Ríos,Lanco,África,0.0
Los Ríos,Lanco,Oceanía,0.0
Los Ríos,Lanco,País de nacimiento no declarado,0.0
Los Ríos,Los Lagos,Total nacidos fuera del país,258.0
Los Ríos,Los Lagos,Argentina,66.0
Los Ríos,Los Lagos,Bolivia (Estado Plurinacional de),8.0
Los Ríos,Los Lagos,Colombia,15.0
Los Ríos,Los Lagos,Haití,12.0
Los Ríos,Los Lagos,Perú,19.0
Los Ríos,Los Lagos,Venezuela (República Bolivariana de),70.0
Los Ríos,Los Lagos,Otros países de América del Sur,25.0
Los Ríos,Los Lagos,Otros países de América Central y El Caribe,11.0
Los Ríos,Los Lagos,América del Norte,11.0
Los Ríos,Los Lagos,Europa,14.0
Los Ríos,Los Lagos,Asia,6.0
Los Ríos,Los Lagos,África,0.0
Los Ríos,Los Lagos,Oceanía,1.0
Los Ríos,Los Lagos,País de nacimiento no declarado,0.0
Los Ríos,Máfil,Total nacidos fuera del país,77.0
Los Ríos,Máfil,Argentina,17.0
Los Ríos,Máfil,Bolivia (Estado Plurinacional de),1.0
Los Ríos,Máfil,Colombia,11.0
Los Ríos,Máfil,Haití,12.0
Los Ríos,Máfil,Perú,1.0
Los Ríos,Máfil,Venezuela (República Bolivariana de),22.0
Los Ríos,Máfil,Otros países de América del Sur,1.0
Los Ríos,Máfil,Otros países de América Central y El Caribe,5.0
Los Ríos,Máfil,América del Norte,0.0
Los Ríos,Máfil,Europa,7.0
Los Ríos,Máfil,Asia,0.0
Los Ríos,Máfil,África,0.0
Los Ríos,Máfil,Oceanía,0.0
Los Ríos,Máfil,País de nacimiento no declarado,0.0
Los Ríos,Mariquina,Total nacidos fuera del país,212.0
Los Ríos,Mariquina,Argentina,85.0
Los Ríos,Mariquina,Bolivia (Estado Plurinacional de),7.0
Los Ríos,Mariquina,Colombia,8.0
Los Ríos,Mariquina,Haití,4.0
Los Ríos,Mariquina,Perú,3.0
Los Ríos,Mariquina,Venezuela (República Bolivariana de),61.0
Los Ríos,Mariquina,Otros países de América del Sur,8.0
Los Ríos,Mariquina,Otros países de América Central y El Caribe,13.0
Los Ríos,Mariquina,América del Norte,3.0
Los Ríos,Mariquina,Europa,13.0
Los Ríos,Mariquina,Asia,4.0
Los Ríos,Mariquina,África,2.0
Los Ríos,Mariquina,Oceanía,1.0
Los Ríos,Mariquina,País de nacimiento no declarado,0.0
Los Ríos,Paillaco,Total nacidos fuera del país,222.0
Los Ríos,Paillaco,Argentina,54.0
Los Ríos,Paillaco,Bolivia (Estado Plurinacional de),3.0
Los Ríos,Paillaco,Colombia,12.0
Los Ríos,Paillaco,Haití,3.0
Los Ríos,Paillaco,Perú,4.0
Los Ríos,Paillaco,Venezuela (República Bolivariana de),108.0
Los Ríos,Paillaco,Otros países de América del Sur,11.0
Los Ríos,Paillaco,Otros países de América Central y El Caribe,11.0
Los Ríos,Paillaco,América del Norte,4.0
Los Ríos,Paillaco,Europa,5.0
Los Ríos,Paillaco,Asia,5.0
Los Ríos,Paillaco,África,1.0
Los Ríos,Paillaco,Oceanía,1.0
Los Ríos,Paillaco,País de nacimiento no declarado,0.0
Los Ríos,Panguipulli,Total nacidos fuera del país,493.0
Los Ríos,Panguipulli,Argentina,190.0
Los Ríos,Panguipulli,Bolivia (Estado Plurinacional de),16.0
Los Ríos,Panguipulli,Colombia,39.0
Los Ríos,Panguipulli,Haití,18.0
Los Ríos,Panguipulli,Perú,24.0
Los Ríos,Panguipulli,Venezuela (República Bolivariana de),101.0
Los Ríos,Panguipulli,Otros países de América del Sur,28.0
Los Ríos,Panguipulli,Otros países de América Central y El Caribe,7.0
Los Ríos,Panguipulli,América del Norte,11.0
Los Ríos,Panguipulli,Europa,46.0
Los Ríos,Panguipulli,Asia,11.0
Los Ríos,Panguipulli,África,0.0
Los Ríos,Panguipulli,Oceanía,2.0
Los Ríos,Panguipulli,País de nacimiento no declarado,0.0
Los Ríos,La Unión,Total nacidos fuera del país,321.0
Los Ríos,La Unión,Argentina,68.0
Los Ríos,La Unión,Bolivia (Estado Plurinacional de),1.0
Los Ríos,La Unión,Colombia,66.0
Los Ríos,La Unión,Haití,15.0
Los Ríos,La Unión,Perú,29.0
Los Ríos,La Unión,Venezuela (República Bolivariana de),75.0
Los Ríos,La Unión,Otros países de América del Sur,12.0
Los Ríos,La Unión,Otros países de América Central y El Caribe,13.0
Los Ríos,La Unión,América del Norte,6.0
Los Ríos,La Unión,Europa,22.0
Los Ríos,La Unión,Asia,10.0
Los Ríos,La Unión,África,2.0
Los Ríos,La Unión,Oceanía,1.0
Los Ríos,La Unión,País de nacimiento no declarado,1.0
Los Ríos,Futrono,Total nacidos fuera del país,216.0
Los Ríos,Futrono,Argentina,68.0
Los Ríos,Futrono,Bolivia (Estado Plurinacional de),4.0
Los Ríos,Futrono,Colombia,14.0
Los Ríos,Futrono,Haití,7.0
Los Ríos,Futrono,Perú,8.0
Los Ríos,Futrono,Venezuela (República Bolivariana de),78.0
Los Ríos,Futrono,Otros países de América del Sur,12.0
Los Ríos,Futrono,Otros países de América Central y El Caribe,5.0
Los Ríos,Futrono,América del Norte,4.0
Los Ríos,Futrono,Europa,9.0
Los Ríos,Futrono,Asia,7.0
Los Ríos,Futrono,África,0.0
Los Ríos,Futrono,Oceanía,0.0
Los Ríos,Futrono,País de nacimiento no declarado,0.0
Los Ríos,Lago Ranco,Total nacidos fuera del país,93.0
Los Ríos,Lago Ranco,Argentina,26.0
Los Ríos,Lago Ranco,Bolivia (Estado Plurinacional de),0.0
Los Ríos,Lago Ranco,Colombia,15.0
Los Ríos,Lago Ranco,Haití,0.0
Los Ríos,Lago Ranco,Perú,2.0
Los Ríos,Lago Ranco,Venezuela (República Bolivariana de),20.0
Los Ríos,Lago Ranco,Otros países de América del Sur,5.0
Los Ríos,Lago Ranco,Otros países de América Central y El Caribe,2.0
Los Ríos,Lago Ranco,América del Norte,6.0
Los Ríos,Lago Ranco,Europa,14.0
Los Ríos,Lago Ranco,Asia,1.0
Los Ríos,Lago Ranco,África,1.0
Los Ríos,Lago Ranco,Oceanía,1.0
Los Ríos,Lago Ranco,País de nacimiento no declarado,0.0
Los Ríos,Río Bueno,Total nacidos fuera del país,325.0
Los Ríos,Río Bueno,Argentina,98.0
Los Ríos,Río Bueno,Bolivia (Estado Plurinacional de),22.0
Los Ríos,Río Bueno,Colombia,50.0
Los Ríos,Río Bueno,Haití,14.0
Los Ríos,Río Bueno,Perú,17.0
Los Ríos,Río Bueno,Venezuela (República Bolivariana de),65.0
Los Ríos,Río Bueno,Otros países de América del Sur,20.0
Los Ríos,Río Bueno,Otros países de América Central y El Caribe,7.0
Los Ríos,Río Bueno,América del Norte,9.0
Los Ríos,Río Bueno,Europa,17.0
Los Ríos,Río Bueno,Asia,2.0
Los Ríos,Río Bueno,África,1.0
Los Ríos,Río Bueno,Oceanía,1.0
Los Ríos,Río Bueno,País de nacimiento no declarado,2.0
Los Lagos,Puerto Montt,Total nacidos fuera del país,18588.0
Los Lagos,Puerto Montt,Argentina,1602.0
Los Lagos,Puerto Montt,Bolivia (Estado Plurinacional de),114.0
Los Lagos,Puerto Montt,Colombia,1967.0
Los Lagos,Puerto Montt,Haití,613.0
Los Lagos,Puerto Montt,Perú,487.0
Los Lagos,Puerto Montt,Venezuela (República Bolivariana de),12460.0
Los Lagos,Puerto Montt,Otros países de América del Sur,573.0
Los Lagos,Puerto Montt,Otros países de América Central y El Caribe,266.0
Los Lagos,Puerto Montt,América del Norte,73.0
Los Lagos,Puerto Montt,Europa,227.0
Los Lagos,Puerto Montt,Asia,170.0
Los Lagos,Puerto Montt,África,14.0
Los Lagos,Puerto Montt,Oceanía,11.0
Los Lagos,Puerto Montt,País de nacimiento no declarado,11.0
Los Lagos,Calbuco,Total nacidos fuera del país,956.0
Los Lagos,Calbuco,Argentina,231.0
Los Lagos,Calbuco,Bolivia (Estado Plurinacional de),12.0
Los Lagos,Calbuco,Colombia,84.0
Los Lagos,Calbuco,Haití,30.0
Los Lagos,Calbuco,Perú,26.0
Los Lagos,Calbuco,Venezuela (República Bolivariana de),495.0
Los Lagos,Calbuco,Otros países de América del Sur,36.0
Los Lagos,Calbuco,Otros países de América Central y El Caribe,22.0
Los Lagos,Calbuco,América del Norte,2.0
Los Lagos,Calbuco,Europa,11.0
Los Lagos,Calbuco,Asia,6.0
Los Lagos,Calbuco,África,1.0
Los Lagos,Calbuco,Oceanía,0.0
Los Lagos,Calbuco,País de nacimiento no declarado,0.0
Los Lagos,Cochamó,Total nacidos fuera del país,111.0
Los Lagos,Cochamó,Argentina,57.0
Los Lagos,Cochamó,Bolivia (Estado Plurinacional de),4.0
Los Lagos,Cochamó,Colombia,5.0
Los Lagos,Cochamó,Haití,0.0
Los Lagos,Cochamó,Perú,1.0
Los Lagos,Cochamó,Venezuela (República Bolivariana de),19.0
Los Lagos,Cochamó,Otros países de América del Sur,2.0
Los Lagos,Cochamó,Otros países de América Central y El Caribe,0.0
Los Lagos,Cochamó,América del Norte,4.0
Los Lagos,Cochamó,Europa,17.0
Los Lagos,Cochamó,Asia,1.0
Los Lagos,Cochamó,África,0.0
Los Lagos,Cochamó,Oceanía,1.0
Los Lagos,Cochamó,País de nacimiento no declarado,0.0
Los Lagos,Fresia,Total nacidos fuera del país,167.0
Los Lagos,Fresia,Argentina,27.0
Los Lagos,Fresia,Bolivia (Estado Plurinacional de),79.0
Los Lagos,Fresia,Colombia,7.0
Los Lagos,Fresia,Haití,1.0
Los Lagos,Fresia,Perú,2.0
Los Lagos,Fresia,Venezuela (República Bolivariana de),26.0
Los Lagos,Fresia,Otros países de América del Sur,8.0
Los Lagos,Fresia,Otros países de América Central y El Caribe,3.0
Los Lagos,Fresia,América del Norte,3.0
Los Lagos,Fresia,Europa,4.0
Los Lagos,Fresia,Asia,5.0
Los Lagos,Fresia,África,1.0
Los Lagos,Fresia,Oceanía,1.0
Los Lagos,Fresia,País de nacimiento no declarado,0.0
Los Lagos,Frutillar,Total nacidos fuera del país,531.0
Los Lagos,Frutillar,Argentina,95.0
Los Lagos,Frutillar,Bolivia (Estado Plurinacional de),6.0
Los Lagos,Frutillar,Colombia,24.0
Los Lagos,Frutillar,Haití,24.0
Los Lagos,Frutillar,Perú,38.0
Los Lagos,Frutillar,Venezuela (República Bolivariana de),199.0
Los Lagos,Frutillar,Otros países de América del Sur,43.0
Los Lagos,Frutillar,Otros países de América Central y El Caribe,11.0
Los Lagos,Frutillar,América del Norte,22.0
Los Lagos,Frutillar,Europa,46.0
Los Lagos,Frutillar,Asia,14.0
Los Lagos,Frutillar,África,3.0
Los Lagos,Frutillar,Oceanía,4.0
Los Lagos,Frutillar,País de nacimiento no declarado,2.0
Los Lagos,Los Muermos,Total nacidos fuera del país,365.0
Los Lagos,Los Muermos,Argentina,29.0
Los Lagos,Los Muermos,Bolivia (Estado Plurinacional de),78.0
Los Lagos,Los Muermos,Colombia,20.0
Los Lagos,Los Muermos,Haití,10.0
Los Lagos,Los Muermos,Perú,20.0
Los Lagos,Los Muermos,Venezuela (República Bolivariana de),185.0
Los Lagos,Los Muermos,Otros países de América del Sur,7.0
Los Lagos,Los Muermos,Otros países de América Central y El Caribe,4.0
Los Lagos,Los Muermos,América del Norte,1.0
Los Lagos,Los Muermos,Europa,8.0
Los Lagos,Los Muermos,Asia,3.0
Los Lagos,Los Muermos,África,0.0
Los Lagos,Los Muermos,Oceanía,0.0
Los Lagos,Los Muermos,País de nacimiento no declarado,0.0
Los Lagos,Llanquihue,Total nacidos fuera del país,446.0
Los Lagos,Llanquihue,Argentina,76.0
Los Lagos,Llanquihue,Bolivia (Estado Plurinacional de),4.0
Los Lagos,Llanquihue,Colombia,42.0
Los Lagos,Llanquihue,Haití,0.0
Los Lagos,Llanquihue,Perú,23.0
Los Lagos,Llanquihue,Venezuela (República Bolivariana de),247.0
Los Lagos,Llanquihue,Otros países de América del Sur,14.0
Los Lagos,Llanquihue,Otros países de América Central y El Caribe,9.0
Los Lagos,Llanquihue,América del Norte,4.0
Los Lagos,Llanquihue,Europa,22.0
Los Lagos,Llanquihue,Asia,4.0
Los Lagos,Llanquihue,África,0.0
Los Lagos,Llanquihue,Oceanía,0.0
Los Lagos,Llanquihue,País de nacimiento no declarado,1.0
Los Lagos,Maullín,Total nacidos fuera del país,209.0
Los Lagos,Maullín,Argentina,53.0
Los Lagos,Maullín,Bolivia (Estado Plurinacional de),1.0
Los Lagos,Maullín,Colombia,32.0
Los Lagos,Maullín,Haití,1.0
Los Lagos,Maullín,Perú,4.0
Los Lagos,Maullín,Venezuela (República Bolivariana de),85.0
Los Lagos,Maullín,Otros países de América del Sur,16.0
Los Lagos,Maullín,Otros países de América Central y El Caribe,6.0
Los Lagos,Maullín,América del Norte,2.0
Los Lagos,Maullín,Europa,6.0
Los Lagos,Maullín,Asia,2.0
Los Lagos,Maullín,África,0.0
Los Lagos,Maullín,Oceanía,1.0
Los Lagos,Maullín,País de nacimiento no declarado,0.0
Los Lagos,Puerto Varas,Total nacidos fuera del país,2872.0
Los Lagos,Puerto Varas,Argentina,345.0
Los Lagos,Puerto Varas,Bolivia (Estado Plurinacional de),26.0
Los Lagos,Puerto Varas,Colombia,220.0
Los Lagos,Puerto Varas,Haití,19.0
Los Lagos,Puerto Varas,Perú,117.0
Los Lagos,Puerto Varas,Venezuela (República Bolivariana de),1500.0
Los Lagos,Puerto Varas,Otros países de América del Sur,132.0
Los Lagos,Puerto Varas,Otros países de América Central y El Caribe,95.0
Los Lagos,Puerto Varas,América del Norte,109.0
Los Lagos,Puerto Varas,Europa,223.0
Los Lagos,Puerto Varas,Asia,54.0
Los Lagos,Puerto Varas,África,14.0
Los Lagos,Puerto Varas,Oceanía,16.0
Los Lagos,Puerto Varas,País de nacimiento no declarado,2.0
Los Lagos,Castro,Total nacidos fuera del país,2573.0
Los Lagos,Castro,Argentina,302.0
Los Lagos,Castro,Bolivia (Estado Plurinacional de),57.0
Los Lagos,Castro,Colombia,388.0
Los Lagos,Castro,Haití,72.0
Los Lagos,Castro,Perú,86.0
Los Lagos,Castro,Venezuela (República Bolivariana de),1234.0
Los Lagos,Castro,Otros países de América del Sur,181.0
Los Lagos,Castro,Otros países de América Central y El Caribe,159.0
Los Lagos,Castro,América del Norte,18.0
Los Lagos,Castro,Europa,43.0
Los Lagos,Castro,Asia,27.0
Los Lagos,Castro,África,3.0
Los Lagos,Castro,Oceanía,0.0
Los Lagos,Castro,País de nacimiento no declarado,3.0
Los Lagos,Ancud,Total nacidos fuera del país,1033.0
Los Lagos,Ancud,Argentina,137.0
Los Lagos,Ancud,Bolivia (Estado Plurinacional de),9.0
Los Lagos,Ancud,Colombia,124.0
Los Lagos,Ancud,Haití,69.0
Los Lagos,Ancud,Perú,19.0
Los Lagos,Ancud,Venezuela (República Bolivariana de),455.0
Los Lagos,Ancud,Otros países de América del Sur,88.0
Los Lagos,Ancud,Otros países de América Central y El Caribe,58.0
Los Lagos,Ancud,América del Norte,16.0
Los Lagos,Ancud,Europa,37.0
Los Lagos,Ancud,Asia,17.0
Los Lagos,Ancud,África,1.0
Los Lagos,Ancud,Oceanía,1.0
Los Lagos,Ancud,País de nacimiento no declarado,2.0
Los Lagos,Chonchi,Total nacidos fuera del país,260.0
Los Lagos,Chonchi,Argentina,80.0
Los Lagos,Chonchi,Bolivia (Estado Plurinacional de),2.0
Los Lagos,Chonchi,Colombia,30.0
Los Lagos,Chonchi,Haití,5.0
Los Lagos,Chonchi,Perú,6.0
Los Lagos,Chonchi,Venezuela (República Bolivariana de),62.0
Los Lagos,Chonchi,Otros países de América del Sur,29.0
Los Lagos,Chonchi,Otros países de América Central y El Caribe,15.0
Los Lagos,Chonchi,América del Norte,5.0
Los Lagos,Chonchi,Europa,21.0
Los Lagos,Chonchi,Asia,2.0
Los Lagos,Chonchi,África,1.0
Los Lagos,Chonchi,Oceanía,0.0
Los Lagos,Chonchi,País de nacimiento no declarado,2.0
Los Lagos,Curaco de Vélez,Total nacidos fuera del país,32.0
Los Lagos,Curaco de Vélez,Argentina,6.0
Los Lagos,Curaco de Vélez,Bolivia (Estado Plurinacional de),1.0
Los Lagos,Curaco de Vélez,Colombia,10.0
Los Lagos,Curaco de Vélez,Haití,0.0
Los Lagos,Curaco de Vélez,Perú,1.0
Los Lagos,Curaco de Vélez,Venezuela (República Bolivariana de),3.0
Los Lagos,Curaco de Vélez,Otros países de América del Sur,3.0
Los Lagos,Curaco de Vélez,Otros países de América Central y El Caribe,2.0
Los Lagos,Curaco de Vélez,América del Norte,2.0
Los Lagos,Curaco de Vélez,Europa,4.0
Los Lagos,Curaco de Vélez,Asia,0.0
Los Lagos,Curaco de Vélez,África,0.0
Los Lagos,Curaco de Vélez,Oceanía,0.0
Los Lagos,Curaco de Vélez,País de nacimiento no declarado,0.0
Los Lagos,Dalcahue,Total nacidos fuera del país,307.0
Los Lagos,Dalcahue,Argentina,93.0
Los Lagos,Dalcahue,Bolivia (Estado Plurinacional de),0.0
Los Lagos,Dalcahue,Colombia,24.0
Los Lagos,Dalcahue,Haití,18.0
Los Lagos,Dalcahue,Perú,28.0
Los Lagos,Dalcahue,Venezuela (República Bolivariana de),100.0
Los Lagos,Dalcahue,Otros países de América del Sur,17.0
Los Lagos,Dalcahue,Otros países de América Central y El Caribe,8.0
Los Lagos,Dalcahue,América del Norte,2.0
Los Lagos,Dalcahue,Europa,12.0
Los Lagos,Dalcahue,Asia,5.0
Los Lagos,Dalcahue,África,0.0
Los Lagos,Dalcahue,Oceanía,0.0
Los Lagos,Dalcahue,País de nacimiento no declarado,0.0
Los Lagos,Puqueldón,Total nacidos fuera del país,37.0
Los Lagos,Puqueldón,Argentina,21.0
Los Lagos,Puqueldón,Bolivia (Estado Plurinacional de),0.0
Los Lagos,Puqueldón,Colombia,1.0
Los Lagos,Puqueldón,Haití,3.0
Los Lagos,Puqueldón,Perú,1.0
Los Lagos,Puqueldón,Venezuela (República Bolivariana de),3.0
Los Lagos,Puqueldón,Otros países de América del Sur,1.0
Los Lagos,Puqueldón,Otros países de América Central y El Caribe,1.0
Los Lagos,Puqueldón,América del Norte,1.0
Los Lagos,Puqueldón,Europa,4.0
Los Lagos,Puqueldón,Asia,1.0
Los Lagos,Puqueldón,África,0.0
Los Lagos,Puqueldón,Oceanía,0.0
Los Lagos,Puqueldón,País de nacimiento no declarado,0.0
Los Lagos,Queilén,Total nacidos fuera del país,76.0
Los Lagos,Queilén,Argentina,33.0
Los Lagos,Queilén,Bolivia (Estado Plurinacional de),1.0
Los Lagos,Queilén,Colombia,6.0
Los Lagos,Queilén,Haití,0.0
Los Lagos,Queilén,Perú,2.0
Los Lagos,Queilén,Venezuela (República Bolivariana de),17.0
Los Lagos,Queilén,Otros países de América del Sur,3.0
Los Lagos,Queilén,Otros países de América Central y El Caribe,7.0
Los Lagos,Queilén,América del Norte,2.0
Los Lagos,Queilén,Europa,5.0
Los Lagos,Queilén,Asia,0.0
Los Lagos,Queilén,África,0.0
Los Lagos,Queilén,Oceanía,0.0
Los Lagos,Queilén,País de nacimiento no declarado,0.0
Los Lagos,Quellón,Total nacidos fuera del país,1234.0
Los Lagos,Quellón,Argentina,172.0
Los Lagos,Quellón,Bolivia (Estado Plurinacional de),8.0
Los Lagos,Quellón,Colombia,285.0
Los Lagos,Quellón,Haití,181.0
Los Lagos,Quellón,Perú,48.0
Los Lagos,Quellón,Venezuela (República Bolivariana de),419.0
Los Lagos,Quellón,Otros países de América del Sur,35.0
Los Lagos,Quellón,Otros países de América Central y El Caribe,67.0
Los Lagos,Quellón,América del Norte,2.0
Los Lagos,Quellón,Europa,15.0
Los Lagos,Quellón,Asia,1.0
Los Lagos,Quellón,África,0.0
Los Lagos,Quellón,Oceanía,0.0
Los Lagos,Quellón,País de nacimiento no declarado,1.0
Los Lagos,Quemchi,Total nacidos fuera del país,130.0
Los Lagos,Quemchi,Argentina,82.0
Los Lagos,Quemchi,Bolivia (Estado Plurinacional de),1.0
Los Lagos,Quemchi,Colombia,5.0
Los Lagos,Quemchi,Haití,2.0
Los Lagos,Quemchi,Perú,5.0
Los Lagos,Quemchi,Venezuela (República Bolivariana de),19.0
Los Lagos,Quemchi,Otros países de América del Sur,4.0
Los Lagos,Quemchi,Otros países de América Central y El Caribe,4.0
Los Lagos,Quemchi,América del Norte,1.0
Los Lagos,Quemchi,Europa,5.0
Los Lagos,Quemchi,Asia,2.0
Los Lagos,Quemchi,África,0.0
Los Lagos,Quemchi,Oceanía,0.0
Los Lagos,Quemchi,País de nacimiento no declarado,0.0
Los Lagos,Quinchao,Total nacidos fuera del país,72.0
Los Lagos,Quinchao,Argentina,42.0
Los Lagos,Quinchao,Bolivia (Estado Plurinacional de),0.0
Los Lagos,Quinchao,Colombia,3.0
Los Lagos,Quinchao,Haití,0.0
Los Lagos,Quinchao,Perú,7.0
Los Lagos,Quinchao,Venezuela (República Bolivariana de),13.0
Los Lagos,Quinchao,Otros países de América del Sur,1.0
Los Lagos,Quinchao,Otros países de América Central y El Caribe,1.0
Los Lagos,Quinchao,América del Norte,0.0
Los Lagos,Quinchao,Europa,3.0
Los Lagos,Quinchao,Asia,1.0
Los Lagos,Quinchao,África,1.0
Los Lagos,Quinchao,Oceanía,0.0
Los Lagos,Quinchao,País de nacimiento no declarado,0.0
Los Lagos,Osorno,Total nacidos fuera del país,3779.0
Los Lagos,Osorno,Argentina,631.0
Los Lagos,Osorno,Bolivia (Estado Plurinacional de),60.0
Los Lagos,Osorno,Colombia,442.0
Los Lagos,Osorno,Haití,424.0
Los Lagos,Osorno,Perú,144.0
Los Lagos,Osorno,Venezuela (República Bolivariana de),1504.0
Los Lagos,Osorno,Otros países de América del Sur,186.0
Los Lagos,Osorno,Otros países de América Central y El Caribe,111.0
Los Lagos,Osorno,América del Norte,31.0
Los Lagos,Osorno,Europa,151.0
Los Lagos,Osorno,Asia,67.0
Los Lagos,Osorno,África,13.0
Los Lagos,Osorno,Oceanía,13.0
Los Lagos,Osorno,País de nacimiento no declarado,2.0
Los Lagos,Puerto Octay,Total nacidos fuera del país,165.0
Los Lagos,Puerto Octay,Argentina,24.0
Los Lagos,Puerto Octay,Bolivia (Estado Plurinacional de),7.0
Los Lagos,Puerto Octay,Colombia,5.0
Los Lagos,Puerto Octay,Haití,2.0
Los Lagos,Puerto Octay,Perú,7.0
Los Lagos,Puerto Octay,Venezuela (República Bolivariana de),71.0
Los Lagos,Puerto Octay,Otros países de América del Sur,6.0
Los Lagos,Puerto Octay,Otros países de América Central y El Caribe,2.0
Los Lagos,Puerto Octay,América del Norte,15.0
Los Lagos,Puerto Octay,Europa,19.0
Los Lagos,Puerto Octay,Asia,5.0
Los Lagos,Puerto Octay,África,0.0
Los Lagos,Puerto Octay,Oceanía,2.0
Los Lagos,Puerto Octay,País de nacimiento no declarado,0.0
Los Lagos,Purranque,Total nacidos fuera del país,229.0
Los Lagos,Purranque,Argentina,61.0
Los Lagos,Purranque,Bolivia (Estado Plurinacional de),9.0
Los Lagos,Purranque,Colombia,30.0
Los Lagos,Purranque,Haití,13.0
Los Lagos,Purranque,Perú,18.0
Los Lagos,Purranque,Venezuela (República Bolivariana de),57.0
Los Lagos,Purranque,Otros países de América del Sur,4.0
Los Lagos,Purranque,Otros países de América Central y El Caribe,4.0
Los Lagos,Purranque,América del Norte,2.0
Los Lagos,Purranque,Europa,19.0
Los Lagos,Purranque,Asia,11.0
Los Lagos,Purranque,África,1.0
Los Lagos,Purranque,Oceanía,0.0
Los Lagos,Purranque,País de nacimiento no declarado,0.0
Los Lagos,Puyehue,Total nacidos fuera del país,191.0
Los Lagos,Puyehue,Argentina,46.0
Los Lagos,Puyehue,Bolivia (Estado Plurinacional de),4.0
Los Lagos,Puyehue,Colombia,19.0
Los Lagos,Puyehue,Haití,4.0
Los Lagos,Puyehue,Perú,7.0
Los Lagos,Puyehue,Venezuela (República Bolivariana de),54.0
Los Lagos,Puyehue,Otros países de América del Sur,6.0
Los Lagos,Puyehue,Otros países de América Central y El Caribe,5.0
Los Lagos,Puyehue,América del Norte,14.0
Los Lagos,Puyehue,Europa,21.0
Los Lagos,Puyehue,Asia,4.0
Los Lagos,Puyehue,África,1.0
Los Lagos,Puyehue,Oceanía,4.0
Los Lagos,Puyehue,País de nacimiento no declarado,2.0
Los Lagos,Río Negro,Total nacidos fuera del país,107.0
Los Lagos,Río Negro,Argentina,21.0
Los Lagos,Río Negro,Bolivia (Estado Plurinacional de),2.0
Los Lagos,Río Negro,Colombia,5.0
Los Lagos,Río Negro,Haití,6.0
Los Lagos,Río Negro,Perú,5.0
Los Lagos,Río Negro,Venezuela (República Bolivariana de),46.0
Los Lagos,Río Negro,Otros países de América del Sur,3.0
Los Lagos,Río Negro,Otros países de América Central y El Caribe,3.0
Los Lagos,Río Negro,América del Norte,2.0
Los Lagos,Río Negro,Europa,7.0
Los Lagos,Río Negro,Asia,4.0
Los Lagos,Río Negro,África,0.0
Los Lagos,Río Negro,Oceanía,3.0
Los Lagos,Río Negro,País de nacimiento no declarado,0.0
Los Lagos,San Juan de la Costa,Total nacidos fuera del país,42.0
Los Lagos,San Juan de la Costa,Argentina,10.0
Los Lagos,San Juan de la Costa,Bolivia (Estado Plurinacional de),3.0
Los Lagos,San Juan de la Costa,Colombia,2.0
Los Lagos,San Juan de la Costa,Haití,0.0
Los Lagos,San Juan de la Costa,Perú,12.0
Los Lagos,San Juan de la Costa,Venezuela (República Bolivariana de),1.0
Los Lagos,San Juan de la Costa,Otros países de América del Sur,1.0
Los Lagos,San Juan de la Costa,Otros países de América Central y El Caribe,2.0
Los Lagos,San Juan de la Costa,América del Norte,2.0
Los Lagos,San Juan de la Costa,Europa,5.0
Los Lagos,San Juan de la Costa,Asia,2.0
Los Lagos,San Juan de la Costa,África,2.0
Los Lagos,San Juan de la Costa,Oceanía,0.0
Los Lagos,San Juan de la Costa,País de nacimiento no declarado,0.0
Los Lagos,San Pablo,Total nacidos fuera del país,96.0
Los Lagos,San Pablo,Argentina,34.0
Los Lagos,San Pablo,Bolivia (Estado Plurinacional de),0.0
Los Lagos,San Pablo,Colombia,8.0
Los Lagos,San Pablo,Haití,4.0
Los Lagos,San Pablo,Perú,4.0
Los Lagos,San Pablo,Venezuela (República Bolivariana de),20.0
Los Lagos,San Pablo,Otros países de América del Sur,3.0
Los Lagos,San Pablo,Otros países de América Central y El Caribe,2.0
Los Lagos,San Pablo,América del Norte,0.0
Los Lagos,San Pablo,Europa,15.0
Los Lagos,San Pablo,Asia,4.0
Los Lagos,San Pablo,África,1.0
Los Lagos,San Pablo,Oceanía,0.0
Los Lagos,San Pablo,País de nacimiento no declarado,1.0
Los Lagos,Chaitén,Total nacidos fuera del país,110.0
Los Lagos,Chaitén,Argentina,32.0
Los Lagos,Chaitén,Bolivia (Estado Plurinacional de),4.0
Los Lagos,Chaitén,Colombia,3.0
Los Lagos,Chaitén,Haití,0.0
Los Lagos,Chaitén,Perú,2.0
Los Lagos,Chaitén,Venezuela (República Bolivariana de),50.0
Los Lagos,Chaitén,Otros países de América del Sur,3.0
Los Lagos,Chaitén,Otros países de América Central y El Caribe,8.0
Los Lagos,Chaitén,América del Norte,2.0
Los Lagos,Chaitén,Europa,3.0
Los Lagos,Chaitén,Asia,0.0
Los Lagos,Chaitén,África,1.0
Los Lagos,Chaitén,Oceanía,1.0
Los Lagos,Chaitén,País de nacimiento no declarado,1.0
Los Lagos,Futaleufú,Total nacidos fuera del país,324.0
Los Lagos,Futaleufú,Argentina,222.0
Los Lagos,Futaleufú,Bolivia (Estado Plurinacional de),1.0
Los Lagos,Futaleufú,Colombia,8.0
Los Lagos,Futaleufú,Haití,1.0
Los Lagos,Futaleufú,Perú,6.0
Los Lagos,Futaleufú,Venezuela (República Bolivariana de),34.0
Los Lagos,Futaleufú,Otros países de América del Sur,20.0
Los Lagos,Futaleufú,Otros países de América Central y El Caribe,3.0
Los Lagos,Futaleufú,América del Norte,8.0
Los Lagos,Futaleufú,Europa,17.0
Los Lagos,Futaleufú,Asia,0.0
Los Lagos,Futaleufú,África,0.0
Los Lagos,Futaleufú,Oceanía,4.0
Los Lagos,Futaleufú,País de nacimiento no declarado,0.0
Los Lagos,Hualaihué,Total nacidos fuera del país,155.0
Los Lagos,Hualaihué,Argentina,22.0
Los Lagos,Hualaihué,Bolivia (Estado Plurinacional de),2.0
Los Lagos,Hualaihué,Colombia,11.0
Los Lagos,Hualaihué,Haití,6.0
Los Lagos,Hualaihué,Perú,1.0
Los Lagos,Hualaihué,Venezuela (República Bolivariana de),84.0
Los Lagos,Hualaihué,Otros países de América del Sur,1.0
Los Lagos,Hualaihué,Otros países de América Central y El Caribe,13.0
Los Lagos,Hualaihué,América del Norte,1.0
Los Lagos,Hualaihué,Europa,10.0
Los Lagos,Hualaihué,Asia,1.0
Los Lagos,Hualaihué,África,1.0
Los Lagos,Hualaihué,Oceanía,2.0
Los Lagos,Hualaihué,País de nacimiento no declarado,0.0
Los Lagos,Palena,Total nacidos fuera del país,88.0
Los Lagos,Palena,Argentina,61.0
Los Lagos,Palena,Bolivia (Estado Plurinacional de),0.0
Los Lagos,Palena,Colombia,4.0
Los Lagos,Palena,Haití,0.0
Los Lagos,Palena,Perú,0.0
Los Lagos,Palena,Venezuela (República Bolivariana de),11.0
Los Lagos,Palena,Otros países de América del Sur,0.0
Los Lagos,Palena,Otros países de América Central y El Caribe,0.0
Los Lagos,Palena,América del Norte,0.0
Los Lagos,Palena,Europa,12.0
Los Lagos,Palena,Asia,0.0
Los Lagos,Palena,África,0.0
Los Lagos,Palena,Oceanía,0.0
Los Lagos,Palena,País de nacimiento no declarado,0.0
Aysén del General Carlos Ibáñez del Campo,Coyhaique,Total nacidos fuera del país,2505.0
Aysén del General Carlos Ibáñez del Campo,Coyhaique,Argentina,641.0
Aysén del General Carlos Ibáñez del Campo,Coyhaique,Bolivia (Estado Plurinacional de),16.0
Aysén del General Carlos Ibáñez del Campo,Coyhaique,Colombia,563.0
Aysén del General Carlos Ibáñez del Campo,Coyhaique,Haití,24.0
Aysén del General Carlos Ibáñez del Campo,Coyhaique,Perú,81.0
Aysén del General Carlos Ibáñez del Campo,Coyhaique,Venezuela (República Bolivariana de),810.0
Aysén del General Carlos Ibáñez del Campo,Coyhaique,Otros países de América del Sur,118.0
Aysén del General Carlos Ibáñez del Campo,Coyhaique,Otros países de América Central y El Caribe,83.0
Aysén del General Carlos Ibáñez del Campo,Coyhaique,América del Norte,49.0
Aysén del General Carlos Ibáñez del Campo,Coyhaique,Europa,96.0
Aysén del General Carlos Ibáñez del Campo,Coyhaique,Asia,9.0
Aysén del General Carlos Ibáñez del Campo,Coyhaique,África,3.0
Aysén del General Carlos Ibáñez del Campo,Coyhaique,Oceanía,9.0
Aysén del General Carlos Ibáñez del Campo,Coyhaique,País de nacimiento no declarado,3.0
Aysén del General Carlos Ibáñez del Campo,Lago Verde,Total nacidos fuera del país,29.0
Aysén del General Carlos Ibáñez del Campo,Lago Verde,Argentina,16.0
Aysén del General Carlos Ibáñez del Campo,Lago Verde,Bolivia (Estado Plurinacional de),2.0
Aysén del General Carlos Ibáñez del Campo,Lago Verde,Colombia,2.0
Aysén del General Carlos Ibáñez del Campo,Lago Verde,Haití,0.0
Aysén del General Carlos Ibáñez del Campo,Lago Verde,Perú,3.0
Aysén del General Carlos Ibáñez del Campo,Lago Verde,Venezuela (República Bolivariana de),1.0
Aysén del General Carlos Ibáñez del Campo,Lago Verde,Otros países de América del Sur,0.0
Aysén del General Carlos Ibáñez del Campo,Lago Verde,Otros países de América Central y El Caribe,0.0
Aysén del General Carlos Ibáñez del Campo,Lago Verde,América del Norte,1.0
Aysén del General Carlos Ibáñez del Campo,Lago Verde,Europa,4.0
Aysén del General Carlos Ibáñez del Campo,Lago Verde,Asia,0.0
Aysén del General Carlos Ibáñez del Campo,Lago Verde,África,0.0
Aysén del General Carlos Ibáñez del Campo,Lago Verde,Oceanía,0.0
Aysén del General Carlos Ibáñez del Campo,Lago Verde,País de nacimiento no declarado,0.0
Aysén del General Carlos Ibáñez del Campo,Aysén,Total nacidos fuera del país,727.0
Aysén del General Carlos Ibáñez del Campo,Aysén,Argentina,190.0
Aysén del General Carlos Ibáñez del Campo,Aysén,Bolivia (Estado Plurinacional de),19.0
Aysén del General Carlos Ibáñez del Campo,Aysén,Colombia,196.0
Aysén del General Carlos Ibáñez del Campo,Aysén,Haití,43.0
Aysén del General Carlos Ibáñez del Campo,Aysén,Perú,36.0
Aysén del General Carlos Ibáñez del Campo,Aysén,Venezuela (República Bolivariana de),149.0
Aysén del General Carlos Ibáñez del Campo,Aysén,Otros países de América del Sur,28.0
Aysén del General Carlos Ibáñez del Campo,Aysén,Otros países de América Central y El Caribe,27.0
Aysén del General Carlos Ibáñez del Campo,Aysén,América del Norte,10.0
Aysén del General Carlos Ibáñez del Campo,Aysén,Europa,21.0
Aysén del General Carlos Ibáñez del Campo,Aysén,Asia,6.0
Aysén del General Carlos Ibáñez del Campo,Aysén,África,0.0
Aysén del General Carlos Ibáñez del Campo,Aysén,Oceanía,1.0
Aysén del General Carlos Ibáñez del Campo,Aysén,País de nacimiento no declarado,1.0
Aysén del General Carlos Ibáñez del Campo,Cisnes,Total nacidos fuera del país,129.0
Aysén del General Carlos Ibáñez del Campo,Cisnes,Argentina,43.0
Aysén del General Carlos Ibáñez del Campo,Cisnes,Bolivia (Estado Plurinacional de),2.0
Aysén del General Carlos Ibáñez del Campo,Cisnes,Colombia,19.0
Aysén del General Carlos Ibáñez del Campo,Cisnes,Haití,1.0
Aysén del General Carlos Ibáñez del Campo,Cisnes,Perú,4.0
Aysén del General Carlos Ibáñez del Campo,Cisnes,Venezuela (República Bolivariana de),29.0
Aysén del General Carlos Ibáñez del Campo,Cisnes,Otros países de América del Sur,8.0
Aysén del General Carlos Ibáñez del Campo,Cisnes,Otros países de América Central y El Caribe,6.0
Aysén del General Carlos Ibáñez del Campo,Cisnes,América del Norte,3.0
Aysén del General Carlos Ibáñez del Campo,Cisnes,Europa,11.0
Aysén del General Carlos Ibáñez del Campo,Cisnes,Asia,2.0
Aysén del General Carlos Ibáñez del Campo,Cisnes,África,0.0
Aysén del General Carlos Ibáñez del Campo,Cisnes,Oceanía,1.0
Aysén del General Carlos Ibáñez del Campo,Cisnes,País de nacimiento no declarado,0.0
Aysén del General Carlos Ibáñez del Campo,Guaitecas,Total nacidos fuera del país,65.0
Aysén del General Carlos Ibáñez del Campo,Guaitecas,Argentina,3.0
Aysén del General Carlos Ibáñez del Campo,Guaitecas,Bolivia (Estado Plurinacional de),6.0
Aysén del General Carlos Ibáñez del Campo,Guaitecas,Colombia,40.0
Aysén del General Carlos Ibáñez del Campo,Guaitecas,Haití,1.0
Aysén del General Carlos Ibáñez del Campo,Guaitecas,Perú,0.0
Aysén del General Carlos Ibáñez del Campo,Guaitecas,Venezuela (República Bolivariana de),14.0
Aysén del General Carlos Ibáñez del Campo,Guaitecas,Otros países de América del Sur,1.0
Aysén del General Carlos Ibáñez del Campo,Guaitecas,Otros países de América Central y El Caribe,0.0
Aysén del General Carlos Ibáñez del Campo,Guaitecas,América del Norte,0.0
Aysén del General Carlos Ibáñez del Campo,Guaitecas,Europa,0.0
Aysén del General Carlos Ibáñez del Campo,Guaitecas,Asia,0.0
Aysén del General Carlos Ibáñez del Campo,Guaitecas,África,0.0
Aysén del General Carlos Ibáñez del Campo,Guaitecas,Oceanía,0.0
Aysén del General Carlos Ibáñez del Campo,Guaitecas,País de nacimiento no declarado,0.0
Aysén del General Carlos Ibáñez del Campo,Cochrane,Total nacidos fuera del país,89.0
Aysén del General Carlos Ibáñez del Campo,Cochrane,Argentina,32.0
Aysén del General Carlos Ibáñez del Campo,Cochrane,Bolivia (Estado Plurinacional de),4.0
Aysén del General Carlos Ibáñez del Campo,Cochrane,Colombia,21.0
Aysén del General Carlos Ibáñez del Campo,Cochrane,Haití,3.0
Aysén del General Carlos Ibáñez del Campo,Cochrane,Perú,0.0
Aysén del General Carlos Ibáñez del Campo,Cochrane,Venezuela (República Bolivariana de),14.0
Aysén del General Carlos Ibáñez del Campo,Cochrane,Otros países de América del Sur,3.0
Aysén del General Carlos Ibáñez del Campo,Cochrane,Otros países de América Central y El Caribe,0.0
Aysén del General Carlos Ibáñez del Campo,Cochrane,América del Norte,2.0
Aysén del General Carlos Ibáñez del Campo,Cochrane,Europa,7.0
Aysén del General Carlos Ibáñez del Campo,Cochrane,Asia,3.0
Aysén del General Carlos Ibáñez del Campo,Cochrane,África,0.0
Aysén del General Carlos Ibáñez del Campo,Cochrane,Oceanía,0.0
Aysén del General Carlos Ibáñez del Campo,Cochrane,País de nacimiento no declarado,0.0
Aysén del General Carlos Ibáñez del Campo,O'Higgins,Total nacidos fuera del país,28.0
Aysén del General Carlos Ibáñez del Campo,O'Higgins,Argentina,12.0
Aysén del General Carlos Ibáñez del Campo,O'Higgins,Bolivia (Estado Plurinacional de),0.0
Aysén del General Carlos Ibáñez del Campo,O'Higgins,Colombia,0.0
Aysén del General Carlos Ibáñez del Campo,O'Higgins,Haití,0.0
Aysén del General Carlos Ibáñez del Campo,O'Higgins,Perú,0.0
Aysén del General Carlos Ibáñez del Campo,O'Higgins,Venezuela (República Bolivariana de),4.0
Aysén del General Carlos Ibáñez del Campo,O'Higgins,Otros países de América del Sur,9.0
Aysén del General Carlos Ibáñez del Campo,O'Higgins,Otros países de América Central y El Caribe,0.0
Aysén del General Carlos Ibáñez del Campo,O'Higgins,América del Norte,1.0
Aysén del General Carlos Ibáñez del Campo,O'Higgins,Europa,2.0
Aysén del General Carlos Ibáñez del Campo,O'Higgins,Asia,0.0
Aysén del General Carlos Ibáñez del Campo,O'Higgins,África,0.0
Aysén del General Carlos Ibáñez del Campo,O'Higgins,Oceanía,0.0
Aysén del General Carlos Ibáñez del Campo,O'Higgins,País de nacimiento no declarado,0.0
Aysén del General Carlos Ibáñez del Campo,Tortel,Total nacidos fuera del país,2.0
Aysén del General Carlos Ibáñez del Campo,Tortel,Argentina,0.0
Aysén del General Carlos Ibáñez del Campo,Tortel,Bolivia (Estado Plurinacional de),0.0
Aysén del General Carlos Ibáñez del Campo,Tortel,Colombia,0.0
Aysén del General Carlos Ibáñez del Campo,Tortel,Haití,0.0
Aysén del General Carlos Ibáñez del Campo,Tortel,Perú,0.0
Aysén del General Carlos Ibáñez del Campo,Tortel,Venezuela (República Bolivariana de),0.0
Aysén del General Carlos Ibáñez del Campo,Tortel,Otros países de América del Sur,1.0
Aysén del General Carlos Ibáñez del Campo,Tortel,Otros países de América Central y El Caribe,0.0
Aysén del General Carlos Ibáñez del Campo,Tortel,América del Norte,0.0
Aysén del General Carlos Ibáñez del Campo,Tortel,Europa,1.0
Aysén del General Carlos Ibáñez del Campo,Tortel,Asia,0.0
Aysén del General Carlos Ibáñez del Campo,Tortel,África,0.0
Aysén del General Carlos Ibáñez del Campo,Tortel,Oceanía,0.0
Aysén del General Carlos Ibáñez del Campo,Tortel,País de nacimiento no declarado,0.0
Aysén del General Carlos Ibáñez del Campo,Chile Chico,Total nacidos fuera del país,253.0
Aysén del General Carlos Ibáñez del Campo,Chile Chico,Argentina,136.0
Aysén del General Carlos Ibáñez del Campo,Chile Chico,Bolivia (Estado Plurinacional de),1.0
Aysén del General Carlos Ibáñez del Campo,Chile Chico,Colombia,21.0
Aysén del General Carlos Ibáñez del Campo,Chile Chico,Haití,0.0
Aysén del General Carlos Ibáñez del Campo,Chile Chico,Perú,2.0
Aysén del General Carlos Ibáñez del Campo,Chile Chico,Venezuela (República Bolivariana de),31.0
Aysén del General Carlos Ibáñez del Campo,Chile Chico,Otros países de América del Sur,26.0
Aysén del General Carlos Ibáñez del Campo,Chile Chico,Otros países de América Central y El Caribe,1.0
Aysén del General Carlos Ibáñez del Campo,Chile Chico,América del Norte,14.0
Aysén del General Carlos Ibáñez del Campo,Chile Chico,Europa,16.0
Aysén del General Carlos Ibáñez del Campo,Chile Chico,Asia,2.0
Aysén del General Carlos Ibáñez del Campo,Chile Chico,África,1.0
Aysén del General Carlos Ibáñez del Campo,Chile Chico,Oceanía,0.0
Aysén del General Carlos Ibáñez del Campo,Chile Chico,País de nacimiento no declarado,2.0
Aysén del General Carlos Ibáñez del Campo,Río Ibáñez,Total nacidos fuera del país,104.0
Aysén del General Carlos Ibáñez del Campo,Río Ibáñez,Argentina,37.0
Aysén del General Carlos Ibáñez del Campo,Río Ibáñez,Bolivia (Estado Plurinacional de),0.0
Aysén del General Carlos Ibáñez del Campo,Río Ibáñez,Colombia,17.0
Aysén del General Carlos Ibáñez del Campo,Río Ibáñez,Haití,0.0
Aysén del General Carlos Ibáñez del Campo,Río Ibáñez,Perú,2.0
Aysén del General Carlos Ibáñez del Campo,Río Ibáñez,Venezuela (República Bolivariana de),21.0
Aysén del General Carlos Ibáñez del Campo,Río Ibáñez,Otros países de América del Sur,3.0
Aysén del General Carlos Ibáñez del Campo,Río Ibáñez,Otros países de América Central y El Caribe,2.0
Aysén del General Carlos Ibáñez del Campo,Río Ibáñez,América del Norte,4.0
Aysén del General Carlos Ibáñez del Campo,Río Ibáñez,Europa,17.0
Aysén del General Carlos Ibáñez del Campo,Río Ibáñez,Asia,1.0
Aysén del General Carlos Ibáñez del Campo,Río Ibáñez,África,0.0
Aysén del General Carlos Ibáñez del Campo,Río Ibáñez,Oceanía,0.0
Aysén del General Carlos Ibáñez del Campo,Río Ibáñez,País de nacimiento no declarado,0.0
Magallanes y de la Antártica Chilena,Punta Arenas,Total nacidos fuera del país,7991.0
Magallanes y de la Antártica Chilena,Punta Arenas,Argentina,1497.0
Magallanes y de la Antártica Chilena,Punta Arenas,Bolivia (Estado Plurinacional de),69.0
Magallanes y de la Antártica Chilena,Punta Arenas,Colombia,1988.0
Magallanes y de la Antártica Chilena,Punta Arenas,Haití,44.0
Magallanes y de la Antártica Chilena,Punta Arenas,Perú,192.0
Magallanes y de la Antártica Chilena,Punta Arenas,Venezuela (República Bolivariana de),2705.0
Magallanes y de la Antártica Chilena,Punta Arenas,Otros países de América del Sur,758.0
Magallanes y de la Antártica Chilena,Punta Arenas,Otros países de América Central y El Caribe,451.0
Magallanes y de la Antártica Chilena,Punta Arenas,América del Norte,28.0
Magallanes y de la Antártica Chilena,Punta Arenas,Europa,171.0
Magallanes y de la Antártica Chilena,Punta Arenas,Asia,66.0
Magallanes y de la Antártica Chilena,Punta Arenas,África,5.0
Magallanes y de la Antártica Chilena,Punta Arenas,Oceanía,5.0
Magallanes y de la Antártica Chilena,Punta Arenas,País de nacimiento no declarado,12.0
Magallanes y de la Antártica Chilena,Laguna Blanca,Total nacidos fuera del país,8.0
Magallanes y de la Antártica Chilena,Laguna Blanca,Argentina,6.0
Magallanes y de la Antártica Chilena,Laguna Blanca,Bolivia (Estado Plurinacional de),0.0
Magallanes y de la Antártica Chilena,Laguna Blanca,Colombia,1.0
Magallanes y de la Antártica Chilena,Laguna Blanca,Haití,0.0
Magallanes y de la Antártica Chilena,Laguna Blanca,Perú,0.0
Magallanes y de la Antártica Chilena,Laguna Blanca,Venezuela (República Bolivariana de),0.0
Magallanes y de la Antártica Chilena,Laguna Blanca,Otros países de América del Sur,0.0
Magallanes y de la Antártica Chilena,Laguna Blanca,Otros países de América Central y El Caribe,1.0
Magallanes y de la Antártica Chilena,Laguna Blanca,América del Norte,0.0
Magallanes y de la Antártica Chilena,Laguna Blanca,Europa,0.0
Magallanes y de la Antártica Chilena,Laguna Blanca,Asia,0.0
Magallanes y de la Antártica Chilena,Laguna Blanca,África,0.0
Magallanes y de la Antártica Chilena,Laguna Blanca,Oceanía,0.0
Magallanes y de la Antártica Chilena,Laguna Blanca,País de nacimiento no declarado,0.0
Magallanes y de la Antártica Chilena,Río Verde,Total nacidos fuera del país,4.0
Magallanes y de la Antártica Chilena,Río Verde,Argentina,1.0
Magallanes y de la Antártica Chilena,Río Verde,Bolivia (Estado Plurinacional de),0.0
Magallanes y de la Antártica Chilena,Río Verde,Colombia,1.0
Magallanes y de la Antártica Chilena,Río Verde,Haití,0.0
Magallanes y de la Antártica Chilena,Río Verde,Perú,1.0
Magallanes y de la Antártica Chilena,Río Verde,Venezuela (República Bolivariana de),0.0
Magallanes y de la Antártica Chilena,Río Verde,Otros países de América del Sur,0.0
Magallanes y de la Antártica Chilena,Río Verde,Otros países de América Central y El Caribe,0.0
Magallanes y de la Antártica Chilena,Río Verde,América del Norte,1.0
Magallanes y de la Antártica Chilena,Río Verde,Europa,0.0
Magallanes y de la Antártica Chilena,Río Verde,Asia,0.0
Magallanes y de la Antártica Chilena,Río Verde,África,0.0
Magallanes y de la Antártica Chilena,Río Verde,Oceanía,0.0
Magallanes y de la Antártica Chilena,Río Verde,País de nacimiento no declarado,0.0
Magallanes y de la Antártica Chilena,San Gregorio,Total nacidos fuera del país,16.0
Magallanes y de la Antártica Chilena,San Gregorio,Argentina,10.0
Magallanes y de la Antártica Chilena,San Gregorio,Bolivia (Estado Plurinacional de),0.0
Magallanes y de la Antártica Chilena,San Gregorio,Colombia,0.0
Magallanes y de la Antártica Chilena,San Gregorio,Haití,0.0
Magallanes y de la Antártica Chilena,San Gregorio,Perú,0.0
Magallanes y de la Antártica Chilena,San Gregorio,Venezuela (República Bolivariana de),0.0
Magallanes y de la Antártica Chilena,San Gregorio,Otros países de América del Sur,6.0
Magallanes y de la Antártica Chilena,San Gregorio,Otros países de América Central y El Caribe,0.0
Magallanes y de la Antártica Chilena,San Gregorio,América del Norte,0.0
Magallanes y de la Antártica Chilena,San Gregorio,Europa,0.0
Magallanes y de la Antártica Chilena,San Gregorio,Asia,0.0
Magallanes y de la Antártica Chilena,San Gregorio,África,0.0
Magallanes y de la Antártica Chilena,San Gregorio,Oceanía,0.0
Magallanes y de la Antártica Chilena,San Gregorio,País de nacimiento no declarado,0.0
Magallanes y de la Antártica Chilena,Cabo de Hornos,Total nacidos fuera del país,42.0
Magallanes y de la Antártica Chilena,Cabo de Hornos,Argentina,6.0
Magallanes y de la Antártica Chilena,Cabo de Hornos,Bolivia (Estado Plurinacional de),0.0
Magallanes y de la Antártica Chilena,Cabo de Hornos,Colombia,5.0
Magallanes y de la Antártica Chilena,Cabo de Hornos,Haití,0.0
Magallanes y de la Antártica Chilena,Cabo de Hornos,Perú,6.0
Magallanes y de la Antártica Chilena,Cabo de Hornos,Venezuela (República Bolivariana de),9.0
Magallanes y de la Antártica Chilena,Cabo de Hornos,Otros países de América del Sur,6.0
Magallanes y de la Antártica Chilena,Cabo de Hornos,Otros países de América Central y El Caribe,1.0
Magallanes y de la Antártica Chilena,Cabo de Hornos,América del Norte,2.0
Magallanes y de la Antártica Chilena,Cabo de Hornos,Europa,6.0
Magallanes y de la Antártica Chilena,Cabo de Hornos,Asia,1.0
Magallanes y de la Antártica Chilena,Cabo de Hornos,África,0.0
Magallanes y de la Antártica Chilena,Cabo de Hornos,Oceanía,0.0
Magallanes y de la Antártica Chilena,Cabo de Hornos,País de nacimiento no declarado,0.0
Magallanes y de la Antártica Chilena,Antártica,Total nacidos fuera del país,0.0
Magallanes y de la Antártica Chilena,Antártica,Argentina,0.0
Magallanes y de la Antártica Chilena,Antártica,Bolivia (Estado Plurinacional de),0.0
Magallanes y de la Antártica Chilena,Antártica,Colombia,0.0
Magallanes y de la Antártica Chilena,Antártica,Haití,0.0
Magallanes y de la Antártica Chilena,Antártica,Perú,0.0
Magallanes y de la Antártica Chilena,Antártica,Venezuela (República Bolivariana de),0.0
Magallanes y de la Antártica Chilena,Antártica,Otros países de América del Sur,0.0
Magallanes y de la Antártica Chilena,Antártica,Otros países de América Central y El Caribe,0.0
Magallanes y de la Antártica Chilena,Antártica,América del Norte,0.0
Magallanes y de la Antártica Chilena,Antártica,Europa,0.0
Magallanes y de la Antártica Chilena,Antártica,Asia,0.0
Magallanes y de la Antártica Chilena,Antártica,África,0.0
Magallanes y de la Antártica Chilena,Antártica,Oceanía,0.0
Magallanes y de la Antártica Chilena,Antártica,País de nacimiento no declarado,0.0
Magallanes y de la Antártica Chilena,Porvenir,Total nacidos fuera del país,553.0
Magallanes y de la Antártica Chilena,Porvenir,Argentina,97.0
Magallanes y de la Antártica Chilena,Porvenir,Bolivia (Estado Plurinacional de),7.0
Magallanes y de la Antártica Chilena,Porvenir,Colombia,220.0
Magallanes y de la Antártica Chilena,Porvenir,Haití,9.0
Magallanes y de la Antártica Chilena,Porvenir,Perú,27.0
Magallanes y de la Antártica Chilena,Porvenir,Venezuela (República Bolivariana de),71.0
Magallanes y de la Antártica Chilena,Porvenir,Otros países de América del Sur,84.0
Magallanes y de la Antártica Chilena,Porvenir,Otros países de América Central y El Caribe,29.0
Magallanes y de la Antártica Chilena,Porvenir,América del Norte,0.0
Magallanes y de la Antártica Chilena,Porvenir,Europa,7.0
Magallanes y de la Antártica Chilena,Porvenir,Asia,2.0
Magallanes y de la Antártica Chilena,Porvenir,África,0.0
Magallanes y de la Antártica Chilena,Porvenir,Oceanía,0.0
Magallanes y de la Antártica Chilena,Porvenir,País de nacimiento no declarado,0.0
Magallanes y de la Antártica Chilena,Primavera,Total nacidos fuera del país,22.0
Magallanes y de la Antártica Chilena,Primavera,Argentina,7.0
Magallanes y de la Antártica Chilena,Primavera,Bolivia (Estado Plurinacional de),6.0
Magallanes y de la Antártica Chilena,Primavera,Colombia,1.0
Magallanes y de la Antártica Chilena,Primavera,Haití,0.0
Magallanes y de la Antártica Chilena,Primavera,Perú,1.0
Magallanes y de la Antártica Chilena,Primavera,Venezuela (República Bolivariana de),4.0
Magallanes y de la Antártica Chilena,Primavera,Otros países de América del Sur,2.0
Magallanes y de la Antártica Chilena,Primavera,Otros países de América Central y El Caribe,0.0
Magallanes y de la Antártica Chilena,Primavera,América del Norte,0.0
Magallanes y de la Antártica Chilena,Primavera,Europa,1.0
Magallanes y de la Antártica Chilena,Primavera,Asia,0.0
Magallanes y de la Antártica Chilena,Primavera,África,0.0
Magallanes y de la Antártica Chilena,Primavera,Oceanía,0.0
Magallanes y de la Antártica Chilena,Primavera,País de nacimiento no declarado,0.0
Magallanes y de la Antártica Chilena,Timaukel,Total nacidos fuera del país,6.0
Magallanes y de la Antártica Chilena,Timaukel,Argentina,4.0
Magallanes y de la Antártica Chilena,Timaukel,Bolivia (Estado Plurinacional de),0.0
Magallanes y de la Antártica Chilena,Timaukel,Colombia,2.0
Magallanes y de la Antártica Chilena,Timaukel,Haití,0.0
Magallanes y de la Antártica Chilena,Timaukel,Perú,0.0
Magallanes y de la Antártica Chilena,Timaukel,Venezuela (República Bolivariana de),0.0
Magallanes y de la Antártica Chilena,Timaukel,Otros países de América del Sur,0.0
Magallanes y de la Antártica Chilena,Timaukel,Otros países de América Central y El Caribe,0.0
Magallanes y de la Antártica Chilena,Timaukel,América del Norte,0.0
Magallanes y de la Antártica Chilena,Timaukel,Europa,0.0
Magallanes y de la Antártica Chilena,Timaukel,Asia,0.0
Magallanes y de la Antártica Chilena,Timaukel,África,0.0
Magallanes y de la Antártica Chilena,Timaukel,Oceanía,0.0
Magallanes y de la Antártica Chilena,Timaukel,País de nacimiento no declarado,0.0
Magallanes y de la Antártica Chilena,Natales,Total nacidos fuera del país,2338.0
Magallanes y de la Antártica Chilena,Natales,Argentina,380.0
Magallanes y de la Antártica Chilena,Natales,Bolivia (Estado Plurinacional de),41.0
Magallanes y de la Antártica Chilena,Natales,Colombia,1060.0
Magallanes y de la Antártica Chilena,Natales,Haití,5.0
Magallanes y de la Antártica Chilena,Natales,Perú,45.0
Magallanes y de la Antártica Chilena,Natales,Venezuela (República Bolivariana de),589.0
Magallanes y de la Antártica Chilena,Natales,Otros países de América del Sur,61.0
Magallanes y de la Antártica Chilena,Natales,Otros países de América Central y El Caribe,78.0
Magallanes y de la Antártica Chilena,Natales,América del Norte,10.0
Magallanes y de la Antártica Chilena,Natales,Europa,55.0
Magallanes y de la Antártica Chilena,Natales,Asia,5.0
Magallanes y de la Antártica Chilena,Natales,África,2.0
Magallanes y de la Antártica Chilena,Natales,Oceanía,5.0
Magallanes y de la Antártica Chilena,Natales,País de nacimiento no declarado,2.0
Magallanes y de la Antártica Chilena,Torres del Paine,Total nacidos fuera del país,17.0
Magallanes y de la Antártica Chilena,Torres del Paine,Argentina,7.0
Magallanes y de la Antártica Chilena,Torres del Paine,Bolivia (Estado Plurinacional de),3.0
Magallanes y de la Antártica Chilena,Torres del Paine,Colombia,0.0
Magallanes y de la Antártica Chilena,Torres del Paine,Haití,0.0
Magallanes y de la Antártica Chilena,Torres del Paine,Perú,0.0
Magallanes y de la Antártica Chilena,Torres del Paine,Venezuela (República Bolivariana de),2.0
Magallanes y de la Antártica Chilena,Torres del Paine,Otros países de América del Sur,0.0
Magallanes y de la Antártica Chilena,Torres del Paine,Otros países de América Central y El Caribe,0.0
Magallanes y de la Antártica Chilena,Torres del Paine,América del Norte,3.0
Magallanes y de la Antártica Chilena,Torres del Paine,Europa,2.0
Magallanes y de la Antártica Chilena,Torres del Paine,Asia,0.0
Magallanes y de la Antártica Chilena,Torres del Paine,África,0.0
Magallanes y de la Antártica Chilena,Torres del Paine,Oceanía,0.0
Magallanes y de la Antártica Chilena,Torres del Paine,País de nacimiento no declarado,0.0
,,,
,,,
