y1,y11,y20amonto,y29_2b,sexo,region,esc,estrato,oficio1
,,,,2,14,8.0,1410714,
,,,,1,14,10.0,1410714,
,,,,2,14,8.0,1410714,5.0
,,,,1,14,12.0,1410714,5.0
300000.0,,,,1,14,16.0,1410714,5.0
,,,,1,14,13.0,1410714,5.0
,,,,2,14,12.0,1410714,
700000.0,,,,1,14,13.0,1410714,7.0
,,21243.0,,1,14,,1410714,
,,21243.0,,1,14,,1410714,
500000.0,,,,2,14,8.0,1410714,8.0
500000.0,,,,1,14,12.0,1410714,8.0
,,,,1,14,9.0,1410714,
,,,,1,14,,1410714,
650000.0,,,,1,14,12.0,1410714,8.0
425000.0,,,,2,14,15.0,1410714,4.0
0.0,,,,2,14,16.0,1410714,9.0
,,,,2,14,15.0,1410714,
,,,,1,14,14.0,1410714,
300000.0,,,,2,14,6.0,1410714,9.0
500000.0,,,,2,14,12.0,1410714,5.0
,140000.0,,,1,14,16.0,1410113,
800000.0,,,,2,14,18.0,1410113,2.0
1200000.0,,,,2,14,17.0,1410113,2.0
-88.0,,,,1,14,15.0,1410113,3.0
-88.0,,,,2,14,17.0,1410113,2.0
,,,500000.0,2,14,15.0,1410113,
,,,241000.0,1,14,0.0,1410113,
2000000.0,,,,2,14,18.0,1410113,2.0
,,,400000.0,2,14,15.0,1410113,
,,,,2,14,18.0,1410113,
1500000.0,,,,1,14,19.0,1410113,2.0
,,,,2,14,15.0,1410113,7.0
700000.0,,,,2,14,17.0,1410113,2.0
2060000.0,,,,2,14,23.0,1410113,2.0
5500000.0,,,,1,14,19.0,1410113,2.0
,,,,1,14,10.0,1410113,
,,,,2,14,,1410113,
7500000.0,,,,1,14,20.0,1410113,1.0
,,,,2,14,25.0,1410113,2.0
,,,,1,14,12.0,1410113,
1500000.0,,,,2,14,17.0,1410113,2.0
,,,,2,14,,1410113,
,,,,2,14,12.0,1410113,
750000.0,,,,1,14,12.0,1410113,7.0
,,,,1,14,13.0,1410113,
,,,,2,14,,1410113,
580000.0,,,,1,14,8.0,1410113,9.0
,,,,2,14,14.0,1410113,
,,,,2,14,,1410113,
,450000.0,,,2,14,17.0,1410113,
900000.0,,,,2,14,15.0,1410113,3.0
1000000.0,,,,1,14,15.0,1410113,3.0
,,,,2,14,,1410113,
,,,,1,14,,1410113,
670000.0,,,,1,14,12.0,1410113,7.0
574000.0,,,,2,14,15.0,1410113,3.0
,,,,1,14,,1410113,
,,,,2,14,,1410113,
500000.0,,,,1,14,8.0,1420126,9.0
500000.0,,,,2,14,12.0,1420126,7.0
,,,,2,14,10.0,1420126,
,,,,1,14,,1420126,
,,,,2,14,12.0,1420126,
,,,214000.0,1,14,2.0,1420126,
,,,214000.0,2,14,0.0,1420126,
,,,,2,14,0.0,1420126,
,,,214000.0,1,14,4.0,1420126,
,,,214296.0,1,14,3.0,1420126,
,,,214296.0,2,14,0.0,1420126,
,,,200000.0,1,14,,1420126,
,,,214000.0,2,14,15.0,1420126,
,,,,2,14,3.0,1420126,
,,,,1,14,12.0,1420126,
,,,214296.0,2,14,5.0,1420126,
,,,214296.0,1,14,8.0,1420126,
,,,230000.0,1,14,8.0,1420126,
,,,,2,14,8.0,1420126,
,,,214296.0,1,14,8.0,1420126,
,,,296294.0,1,14,8.0,1420126,
,,,,2,14,0.0,1420126,
,,,,2,14,12.0,1420111,
750000.0,,,,2,14,16.0,1420111,2.0
,,21243.0,,2,14,,1420111,
650000.0,,,,1,14,8.0,1420111,6.0
550000.0,,,,1,14,12.0,1420111,8.0
400000.0,,,,2,14,8.0,1420111,9.0
,,,,2,14,14.0,1420111,
,,,,2,14,15.0,1420111,3.0
,,,,2,14,4.0,1420111,
620000.0,,,,2,14,17.0,1420111,2.0
650000.0,,,,1,14,15.0,1420111,8.0
,,,,1,14,,1420111,
,,,,2,14,,1420111,
,,,360000.0,1,14,3.0,1420111,
,,,214296.0,2,14,3.0,1420111,
930000.0,,,,2,14,21.0,1420111,1.0
930000.0,,,,1,14,17.0,1420111,2.0
,,,,1,14,,1420111,
,,,,2,14,,1420111,
,,,,1,14,11.0,1420111,9.0
,,,,2,14,5.0,1420126,
520000.0,,,,1,14,6.0,1420126,9.0
500000.0,,,,2,14,12.0,1420126,4.0
500000.0,,,,1,14,7.0,1420126,6.0
,,,,2,14,9.0,1420126,
300000.0,,,,1,14,12.0,1420126,8.0
,,21243.0,,1,14,,1420126,
,,21243.0,,1,14,,1420126,
,,,214296.0,2,14,3.0,1420126,
,,,,1,14,5.0,1420126,
,,,,1,14,8.0,1420126,6.0
,,,214296.0,2,14,6.0,1420126,
,,,214400.0,2,14,5.0,1420126,
,,,,1,14,5.0,1420126,
,,,,2,14,12.0,1410424,
220000.0,,,,2,14,17.0,1410424,5.0
,,,,1,14,,1410424,
,,,,1,14,15.0,1410424,
,,,214296.0,2,14,17.0,1410424,
,,,,2,14,4.0,1410424,
500000.0,,,,1,14,6.0,1410424,6.0
,,,,2,14,9.0,1410424,
,,,,2,14,10.0,1410424,
,,,,1,14,10.0,1410424,
,,21243.0,,1,14,8.0,1410424,
,,21243.0,,2,14,,1410424,
,,21243.0,,2,14,,1410424,
200000.0,,,,2,14,8.0,1410424,9.0
,,,1000000.0,1,14,17.0,1410424,
,,,,2,14,12.0,1410424,
,,,106000.0,2,14,8.0,1410424,
,,,,1,14,6.0,1410424,
,,,,2,14,,1410424,
,,,,2,14,12.0,1420126,9.0
,,,,2,14,5.0,1420126,
500000.0,,,,1,14,8.0,1420126,6.0
,300000.0,,,1,14,12.0,1420126,
,150000.0,,,1,14,12.0,1420126,
,,,,2,14,12.0,1420126,7.0
,,,400000.0,1,14,8.0,1420126,
,,,,1,14,12.0,1420126,
,,,214000.0,1,14,0.0,1420126,
,,,1000000.0,1,14,12.0,1420126,
,,,214000.0,2,14,12.0,1420126,
,,,214000.0,2,14,12.0,1420126,
,,,1000000.0,1,14,12.0,1420126,
480000.0,,,,2,14,15.0,1420126,5.0
,,,,1,14,15.0,1420126,7.0
,,,,2,14,,1420126,
,,,,2,14,,1420126,
,,,,2,14,12.0,1420126,
0.0,,,,1,14,13.0,1420126,6.0
,,21243.0,,1,14,12.0,1420126,
,,21243.0,,2,14,11.0,1420126,
,,,332000.0,1,14,3.0,1420126,
,,,,2,14,12.0,1420126,
650000.0,,,,1,14,8.0,1420126,8.0
,,,,2,14,10.0,1420126,
,,,214296.0,1,14,0.0,1410112,
,,,,2,14,15.0,1410112,
,,,750000.0,1,14,15.0,1410112,8.0
650000.0,,,,1,14,15.0,1410112,3.0
490000.0,,,,1,14,12.0,1410112,7.0
,,,,2,14,14.0,1410112,
,,,,1,14,17.0,1410112,
,,,214296.0,2,14,12.0,1410112,
,,,,1,14,9.0,1410824,5.0
,,,400000.0,1,14,12.0,1410824,
,,,214296.0,2,14,12.0,1410824,1.0
500000.0,,,220000.0,1,14,6.0,1410824,6.0
800000.0,,,,1,14,22.0,1410824,2.0
,,,,1,14,15.0,1410824,
600000.0,,,,2,14,15.0,1410824,3.0
500000.0,,,,1,14,15.0,1410824,7.0
,,,,1,14,,1410824,
,,,,2,14,11.0,1410824,
,,,214296.0,2,14,0.0,1410824,
,,,,1,14,6.0,1410824,
,,,103000.0,2,14,14.0,1420314,
,,,250000.0,2,14,12.0,1420314,
,,,324000.0,1,14,3.0,1420314,
,,,,2,14,4.0,1420314,
1950000.0,,,,2,14,17.0,1420314,2.0
,,,,2,14,10.0,1420314,
,,,,2,14,5.0,1420314,
663000.0,,,,1,14,15.0,1420314,5.0
,,,,2,14,17.0,1420314,
2000000.0,,,,2,14,17.0,1420314,2.0
,,,590000.0,1,14,17.0,1420314,
,,,,1,14,,1420314,
,,,,1,14,,1420314,
2300000.0,,,,1,14,17.0,1420314,2.0
,,,500000.0,2,14,17.0,1420314,
1000000.0,,,,2,14,15.0,1410814,3.0
,,,,1,14,10.0,1410814,
,,,,2,14,8.0,1410814,
450000.0,,,,1,14,7.0,1410814,5.0
0.0,,,,2,14,12.0,1410814,9.0
,,,,2,14,,1410814,
,,,,2,14,12.0,1410814,
,,21243.0,,2,14,,1410814,
350000.0,,,,2,14,15.0,1410814,3.0
320000.0,,,,1,14,10.0,1410814,8.0
,,,,2,14,,1410814,
,,,214296.0,2,14,12.0,1410814,
,,,310000.0,1,14,3.0,1410414,
450000.0,,,,2,14,15.0,1410414,5.0
,,,,2,14,12.0,1410414,
,,,,2,14,,1410414,
,,,,2,14,12.0,1410414,
650000.0,,,,1,14,15.0,1410414,8.0
,,,,2,14,,1410414,
,,,,1,14,,1410414,
,,,,2,14,12.0,1410414,5.0
,,,,1,14,16.0,1410414,
,,,,2,14,15.0,1410414,3.0
,,,,1,14,12.0,1410414,7.0
500000.0,,,,1,14,12.0,1410414,8.0
,,,,1,14,15.0,1410414,
,,,,1,14,,1410414,
,,,,2,14,12.0,1410414,
,,,,2,14,12.0,1410414,
,,,,1,14,12.0,1410414,8.0
,,21243.0,,2,14,,1410414,
,,21243.0,,2,14,,1410414,
,,21243.0,,1,14,,1410414,
960000.0,,,,2,14,14.0,1410111,3.0
,,,230000.0,2,14,8.0,1410111,
750000.0,,,,1,14,12.0,1410111,8.0
,,,,1,14,10.0,1410111,
,,,,2,14,,1410111,
40000.0,,,,2,14,4.0,1410111,9.0
,,,250000.0,1,14,5.0,1410111,5.0
,,,,2,14,5.0,1410111,
380000.0,,,,1,14,16.0,1410111,8.0
850000.0,,,240000.0,1,14,5.0,1410111,8.0
,,,214000.0,2,14,0.0,1410111,
,,,,2,14,0.0,1410111,
,,,,1,14,10.0,1410111,7.0
500000.0,,,,1,14,8.0,1410111,3.0
,150000.0,,,2,14,12.0,1410111,
540000.0,,,,1,14,12.0,1410111,5.0
1200000.0,,,,1,14,16.0,1410113,2.0
,,,,2,14,17.0,1410113,
,,,,2,14,17.0,1410113,
2000000.0,,,,1,14,17.0,1410113,1.0
1800000.0,,,,2,14,17.0,1410113,2.0
2800000.0,,,,1,14,17.0,1410113,1.0
,,,,2,14,,1410113,
,,,,2,14,,1410113,
2500000.0,,,,1,14,19.0,1410113,1.0
1000000.0,,,,2,14,17.0,1410113,2.0
,,,,1,14,,1410113,
,,,,2,14,,1410113,
500000.0,,,,2,14,15.0,1410113,3.0
2000000.0,,,,1,14,16.0,1410113,2.0
,,,,1,14,16.0,1410113,
600000.0,,,,1,14,17.0,1410113,2.0
750000.0,,,,2,14,17.0,1410113,7.0
,,,,1,14,15.0,1410113,4.0
,,,,2,14,17.0,1410113,2.0
,,,,1,14,17.0,1410113,1.0
750000.0,,,,1,14,17.0,1410112,2.0
,,,900000.0,2,14,10.0,1410112,
,,,214296.0,1,14,4.0,1410112,
270000.0,,,214296.0,2,14,10.0,1410112,9.0
,,,,2,14,12.0,1410112,
,,,,2,14,15.0,1410112,
500000.0,,,,1,14,15.0,1410112,5.0
,,,,2,14,,1410112,
,,,214296.0,2,14,6.0,1410112,
,,,,2,14,15.0,1410112,3.0
,,,190000.0,2,14,12.0,1410112,
,,,,2,14,6.0,1420117,
,,,,1,14,9.0,1420117,7.0
,,,,1,14,17.0,1420117,
2000000.0,,,,2,14,16.0,1420117,2.0
1000000.0,,,,1,14,15.0,1420117,2.0
,,,,1,14,,1420117,
,,,,1,14,,1420117,
640000.0,,,,2,14,15.0,1420117,4.0
,,,,2,14,16.0,1420117,
,,,,2,14,13.0,1420117,
,,,,2,14,11.0,1420117,
,,,,2,14,15.0,1420117,8.0
500000.0,,,,1,14,17.0,1420117,2.0
,,,,1,14,8.0,1420117,6.0
,,,212000.0,2,14,13.0,1420117,
,,,,2,14,12.0,1420117,
,,,,1,14,15.0,1420117,9.0
,,,,2,14,10.0,1420117,
300000.0,,,,2,14,3.0,1420117,6.0
250000.0,,,,2,14,16.0,1420117,5.0
,,21243.0,,2,14,11.0,1420117,
,,,,1,14,12.0,1420416,7.0
,,,,2,14,12.0,1420416,
700000.0,,,,1,14,17.0,1420416,3.0
,,,300000.0,1,14,8.0,1420416,
,,,214000.0,2,14,8.0,1420416,
232500.0,,,220000.0,2,14,5.0,1420416,9.0
,,,,1,14,11.0,1420416,7.0
450000.0,,,,2,14,14.0,1420416,5.0
,,,,2,14,3.0,1420416,
500000.0,,,,1,14,17.0,1420416,3.0
200000.0,,,,2,14,12.0,1420416,5.0
,,21243.0,,2,14,10.0,1420416,
,,21243.0,,2,14,,1420416,
,,,330000.0,1,14,12.0,1420416,
,,,220000.0,2,14,12.0,1420416,
,,,,2,14,0.0,1410111,
,,,,1,14,4.0,1410111,
,,,,2,14,8.0,1410111,
500000.0,,,,2,14,12.0,1410111,9.0
,,,,2,14,8.0,1410111,
500000.0,,,,1,14,12.0,1410111,9.0
,,,,1,14,12.0,1410111,
,,,,2,14,13.0,1410111,
,,,,1,14,,1410111,
,,,,2,14,,1410111,
,,,145000.0,1,14,12.0,1410111,
,,,,2,14,9.0,1410111,9.0
500000.0,,,,1,14,12.0,1410111,3.0
,,,,2,14,12.0,1410111,
1100000.0,,,,1,14,15.0,1410111,3.0
800000.0,,,,1,14,12.0,1410111,8.0
,,,220000.0,2,14,8.0,1410111,
,,,,1,14,4.0,1410111,
,,,,2,14,12.0,1410111,7.0
,,,,1,14,12.0,1410111,
,,,,2,14,15.0,1410111,
,,,420000.0,1,14,3.0,1410111,
,,,214296.0,2,14,3.0,1410111,
500000.0,,,,1,14,9.0,1410111,5.0
,,,,2,14,6.0,1410221,7.0
2200000.0,,,,1,14,19.0,1410221,2.0
,,,,2,14,17.0,1410221,
,,,,1,14,4.0,1410221,
,,,490000.0,1,14,12.0,1410221,6.0
,,,,2,14,4.0,1410221,7.0
,,21243.0,,2,14,10.0,1410221,
220000.0,,,,1,14,6.0,1410221,7.0
,,,,2,14,6.0,1410221,
500000.0,,,,1,14,12.0,1410221,7.0
,,,,1,14,5.0,1410221,9.0
,,,214296.0,1,14,7.0,1410221,6.0
,,,214296.0,2,14,6.0,1410221,
,,,,1,14,12.0,1410221,
,,,,1,14,14.0,1410221,1.0
560000.0,,,,2,14,15.0,1410221,3.0
,,,500000.0,1,14,12.0,1410221,7.0
,,,,2,14,12.0,1410221,5.0
1200000.0,,,,1,14,12.0,1410221,3.0
,,,214296.0,2,14,2.0,1410221,
,,,,2,14,8.0,1410112,
,50000.0,,330000.0,1,14,6.0,1410112,
,,,,2,14,4.0,1410112,
,,,320000.0,1,14,6.0,1410112,7.0
,,,,1,14,12.0,1410112,7.0
700000.0,,,,1,14,12.0,1410112,7.0
700000.0,,,,2,14,12.0,1410112,5.0
,,,,1,14,,1410112,
,,,,1,14,17.0,1410112,5.0
,,,,2,14,12.0,1410112,7.0
,,,,1,14,10.0,1410112,
,,,,2,14,,1410112,
,,,,1,14,,1410112,
,,,214296.0,2,14,10.0,1410112,
230000.0,,,220000.0,2,14,12.0,1410112,5.0
,,,,1,14,12.0,1410112,
,,,,2,14,3.0,1410112,
430000.0,,,,2,14,8.0,1420214,5.0
,,,,1,14,9.0,1420214,
500000.0,,,,1,14,12.0,1420214,5.0
1600000.0,,,,2,14,17.0,1420214,2.0
,,,,1,14,8.0,1420214,8.0
700000.0,,,,1,14,13.0,1420214,7.0
,,,,2,14,15.0,1420214,
,,,,2,14,10.0,1420214,
,,,,1,14,,1420214,
,,,380000.0,2,14,10.0,1420214,
450000.0,,,,2,14,12.0,1420214,9.0
,,,,1,14,14.0,1420214,
,,,,2,14,16.0,1420214,
,,,,2,14,,1420214,
700000.0,,,,1,14,15.0,1420214,7.0
,,,,2,14,8.0,1420214,
250000.0,,,,2,14,15.0,1420214,9.0
,,,,1,14,,1420214,
,,,,2,14,,1420214,
,,,,2,14,,1420214,
1200000.0,,,,1,14,17.0,1410112,5.0
700000.0,,,,2,14,12.0,1410112,5.0
700000.0,,,,1,14,15.0,1410112,5.0
,,,412000.0,1,14,10.0,1410112,
550000.0,,,,2,14,12.0,1410112,5.0
,,,,2,14,15.0,1410112,
,,,,2,14,15.0,1410112,
,,,,2,14,12.0,1410824,
500000.0,,,,1,14,10.0,1410824,6.0
,,,,1,14,11.0,1410824,
,,,,2,14,,1410824,
,,,214296.0,2,14,7.0,1410824,
375000.0,,,,1,14,8.0,1410824,8.0
400000.0,,,,2,14,17.0,1410113,5.0
,,,,1,14,9.0,1410113,
1200000.0,,,,2,14,17.0,1410113,2.0
,,,,1,14,,1410113,
1100000.0,,,,1,14,15.0,1410113,3.0
500000.0,,,,2,14,15.0,1410113,5.0
500000.0,,,,1,14,17.0,1410113,1.0
,,,,1,14,10.0,1410113,
,,,,1,14,,1410113,
1900000.0,,,,1,14,16.0,1410113,2.0
,,,,2,14,15.0,1410113,
,,,,2,14,15.0,1410113,
,,,,2,14,,1410113,
1200000.0,,,,1,14,16.0,1410113,5.0
,,,,2,14,13.0,1410113,
,,,,2,14,17.0,1410113,2.0
,,,,1,14,17.0,1410113,2.0
998000.0,,,,2,14,16.0,1410113,2.0
,,,,1,14,,1410113,
600000.0,,,,1,14,12.0,1410824,8.0
,,,,2,14,9.0,1410824,
,,,,2,14,17.0,1410824,
,,,,2,14,8.0,1410824,
500000.0,,,,2,14,12.0,1410824,9.0
,,,,2,14,13.0,1410824,
,,,,1,14,,1410824,
,,,,2,14,12.0,1410824,
650000.0,,,,1,14,10.0,1410824,8.0
,,,,1,14,12.0,1410824,
,,,,1,14,,1410824,
,,,,1,14,6.0,1410824,7.0
,,,,2,14,12.0,1410824,
,,,,2,14,8.0,1410824,
500000.0,,,,1,14,9.0,1410824,8.0
,,,,2,14,12.0,1410824,
,,,,2,14,,1410824,
412500.0,,,,2,14,15.0,1410824,5.0
,450000.0,,,1,14,9.0,1410824,
,,,,2,14,,1410824,
,,,,1,14,8.0,1410824,
,,,,2,14,8.0,1410824,
,,,,1,14,10.0,1410824,
,,,,2,14,4.0,1420214,
405000.0,,,,1,14,12.0,1420214,9.0
,,,,1,14,12.0,1420214,7.0
,,,214296.0,1,14,8.0,1420214,
,,,,2,14,7.0,1420214,
700000.0,,,,1,14,12.0,1420214,7.0
650000.0,,,,1,14,12.0,1420214,9.0
,,21243.0,,1,14,10.0,1420214,
,,21243.0,,1,14,,1420214,
500000.0,,,,1,14,12.0,1420214,3.0
,,,,2,14,12.0,1420214,5.0
,,,,1,14,11.0,1420214,3.0
,,,,2,14,12.0,1420214,
,,,,2,14,13.0,1420214,
,,,,1,14,,1420214,
,,,,1,14,,1420214,
,,,,1,14,12.0,1420214,7.0
,,,,2,14,12.0,1420214,
500000.0,,,,1,14,6.0,1410111,7.0
,,,,2,14,9.0,1410111,
,,,,2,14,12.0,1410111,
,,,,1,14,12.0,1410111,
,,,214000.0,2,14,4.0,1410111,
,,,,1,14,12.0,1410111,6.0
200000.0,,,,2,14,9.0,1410111,9.0
,,,270000.0,1,14,5.0,1410111,
500000.0,,,,1,14,12.0,1410111,7.0
,,,,2,14,,1410111,
,,,,2,14,10.0,1410111,
,,,300000.0,2,14,4.0,1410111,
,,,,2,14,12.0,1410111,
500000.0,,,,1,14,12.0,1410111,7.0
,,,,1,14,13.0,1410111,
,,21243.0,,1,14,,1410111,
,,21243.0,,1,14,,1410111,
1500000.0,,,,2,14,17.0,1410112,2.0
700000.0,,,,1,14,12.0,1410112,2.0
,,,,2,14,,1410112,
,,,,1,14,17.0,1410112,8.0
,,,599000.0,1,14,14.0,1410112,
,,,192000.0,2,14,14.0,1410112,
500000.0,,,,1,14,15.0,1410112,4.0
,,,,1,14,0.0,1410112,
500000.0,,,,2,14,13.0,1410112,3.0
,,,,2,14,15.0,1410112,5.0
,,,,1,14,13.0,1410112,7.0
,,21243.0,,1,14,,1410112,
,,21243.0,,2,14,,1410112,
440000.0,,,,1,14,12.0,1410112,6.0
440000.0,,,,2,14,13.0,1410112,5.0
850000.0,,,,1,14,15.0,1410112,3.0
0.0,,,,2,14,15.0,1410112,3.0
,,,,2,14,,1410112,
460000.0,,,,1,14,2.0,1410714,7.0
,,,,2,14,19.0,1410714,
,,21243.0,,2,14,,1410714,
,,,,1,14,,1410714,
,,,120000.0,2,14,0.0,1410714,
,,,,1,14,,1410714,6.0
,,,,1,14,12.0,1410714,5.0
,,,,2,14,15.0,1410714,
,,,,1,14,13.0,1410714,
,,,,2,14,10.0,1410714,5.0
,,,,2,14,12.0,1410714,
380000.0,,,97000.0,2,14,10.0,1410714,5.0
378000.0,,,,2,14,17.0,1410714,2.0
550000.0,,,,1,14,15.0,1410714,4.0
,,,,1,14,13.0,1410714,
,,,213000.0,2,14,7.0,1410714,
350000.0,,,,1,14,15.0,1410714,7.0
,,,380000.0,2,14,3.0,1410714,
400000.0,,,,2,14,12.0,1410714,9.0
,,,,2,14,12.0,1410714,5.0
,,,,2,14,16.0,1410714,
400000.0,,,,1,14,12.0,1410714,5.0
,,21243.0,,1,14,,1410714,
,,21243.0,,1,14,,1410714,
,,,,1,14,12.0,1410714,5.0
,,,,2,14,12.0,1410714,
,,,214396.0,1,14,3.0,1410111,
,,,214296.0,2,14,3.0,1410111,
,,,,1,14,17.0,1410111,
,,,,2,14,,1410111,
800000.0,,,,2,14,17.0,1410111,2.0
,,,,1,14,,1410111,
580000.0,,,,1,14,12.0,1410111,5.0
,,,,2,14,3.0,1410111,
,,,380000.0,1,14,12.0,1410111,8.0
,,,214296.0,2,14,6.0,1410111,
550000.0,,,,1,14,4.0,1410111,7.0
,,,,2,14,8.0,1410111,
400000.0,,,,1,14,14.0,1410111,9.0
,,,,1,14,13.0,1410111,
,,,,1,14,12.0,1410111,
,,,,1,14,11.0,1410111,
,,,214296.0,2,14,3.0,1410111,
,,,,1,14,3.0,1410111,6.0
,,,,1,14,12.0,1410111,8.0
550000.0,,,,2,14,12.0,1410111,5.0
,,,,1,14,,1410111,
,,,,1,14,,1410111,
,,,,1,14,,1410111,
550000.0,,,,2,14,0.0,1410111,5.0
,,,,1,14,,1410111,
,,,,2,14,13.0,1410424,5.0
,,,480000.0,1,14,12.0,1410424,
,,,,2,14,13.0,1410424,
,,,,1,14,9.0,1410424,5.0
1000000.0,,,,2,14,17.0,1410424,2.0
,,,,2,14,10.0,1410424,
500000.0,,,,2,14,12.0,1410424,5.0
500000.0,,,,1,14,12.0,1410424,5.0
,,,,1,14,15.0,1410424,
,,,,1,14,14.0,1410424,
,,,,1,14,8.0,1410424,6.0
,,,,2,14,15.0,1410424,
,,,,2,14,4.0,1410424,
,,,,1,14,10.0,1410424,7.0
,,21243.0,,2,14,,1410424,
,,,214296.0,2,14,8.0,1410424,
500000.0,,,,1,14,8.0,1410424,9.0
300000.0,,,,2,14,12.0,1410424,9.0
500000.0,,,,1,14,12.0,1410424,7.0
,,,,2,14,11.0,1410424,
,,,,2,14,,1410424,
,,,,1,14,12.0,1410424,5.0
,,,,2,14,12.0,1410424,9.0
,,21243.0,,2,14,,1410424,
1000000.0,,,,1,14,17.0,1410424,2.0
600000.0,,,,2,14,12.0,1410424,3.0
,,,,1,14,,1410424,
,,,,2,14,8.0,1410424,
500000.0,,,,1,14,12.0,1410424,8.0
,,21243.0,,1,14,,1410424,
,,21243.0,,2,14,,1410424,
,,21243.0,,1,14,,1410424,
,,,,1,14,12.0,1410424,7.0
,,,,2,14,6.0,1410424,
,,,,1,14,12.0,1410424,
,,21243.0,,2,14,,1410424,
,,21243.0,,2,14,,1410424,
,,,214296.0,2,14,12.0,1410324,
,,,214296.0,1,14,6.0,1410324,
0.0,,,,1,14,12.0,1410324,9.0
500000.0,,,,2,14,8.0,1410324,6.0
,,,,2,14,6.0,1410324,
500000.0,,,,1,14,5.0,1410324,9.0
,,,,2,14,12.0,1410324,
,,,,1,14,12.0,1410324,
,,,,2,14,8.0,1410324,
,,,,1,14,10.0,1410324,7.0
,,,,2,14,,1410324,
,80000.0,,,1,14,10.0,1410324,
,,,214296.0,1,14,2.0,1410324,
,,,,2,14,,1410324,
,,,,2,14,12.0,1410324,
500000.0,,,,1,14,4.0,1410324,6.0
,,,,1,14,17.0,1410113,7.0
,400000.0,,,2,14,16.0,1410113,
,,,,1,14,14.0,1410113,
,,,,1,14,,1410113,
,,,400000.0,2,14,14.0,1410113,
800000.0,,,,2,14,17.0,1410113,2.0
800000.0,,,,2,14,17.0,1410113,3.0
,,,,1,14,15.0,1410113,
,,,,1,14,15.0,1410113,7.0
4500000.0,,,,2,14,17.0,1410113,2.0
,,,,1,14,12.0,1410113,
,,,,1,14,,1410113,
900000.0,,,,2,14,17.0,1410112,2.0
1800000.0,,,,1,14,17.0,1410112,2.0
,,,,1,14,,1410112,
1200000.0,,,,2,14,17.0,1410112,2.0
,,,,2,14,17.0,1410112,
,,,,1,14,15.0,1410112,5.0
,,,,1,14,12.0,1410112,
,,,,1,14,,1410112,
,,,,2,14,,1410112,
1200000.0,,,,2,14,17.0,1410112,2.0
500000.0,,,,1,14,17.0,1410112,5.0
920000.0,,,,1,14,17.0,1410112,2.0
,,,100000.0,1,14,15.0,1410112,1.0
650000.0,,,,1,14,17.0,1410112,2.0
,,,,2,14,17.0,1410112,
,,,,2,14,12.0,1410112,1.0
,,,,1,14,12.0,1410112,7.0
,50000.0,,,2,14,9.0,1410112,
,,,,1,14,10.0,1410112,
,,,,2,14,10.0,1410112,
,,,,2,14,,1410112,
,,,,2,14,,1410112,
,,,,2,14,16.0,1410112,5.0
,,,,2,14,13.0,1410112,
,,,,1,14,,1410112,
,,,,2,14,,1410112,
650000.0,,,,1,14,12.0,1410112,5.0
500000.0,,,,2,14,11.0,1410112,5.0
,,,,2,14,9.0,1410112,9.0
,,,,1,14,0.0,1410112,
,,,,2,14,0.0,1410112,
,,,,1,14,,1410112,
,,,,1,14,12.0,1410112,
3500000.0,,,,2,14,18.0,1410112,2.0
3500000.0,,,,1,14,17.0,1410112,2.0
,,,,1,14,,1410112,
,,,,1,14,,1410112,
600000.0,,,,1,14,12.0,1410112,5.0
,,,,2,14,12.0,1410112,1.0
500000.0,,,,1,14,16.0,1410112,5.0
,,,,2,14,16.0,1410112,
,,,214296.0,2,14,6.0,1410414,
,,,,2,14,13.0,1410414,
,,,,2,14,11.0,1410414,
,,,214296.0,2,14,4.0,1410414,
,,21243.0,,1,14,,1410414,
500000.0,,,,1,14,12.0,1410414,9.0
,,21243.0,,2,14,,1410414,
,,21243.0,,1,14,,1410414,
,,,214296.0,2,14,4.0,1410414,
350000.0,,,,2,14,12.0,1410414,9.0
,,,,2,14,0.0,1410414,
,,,214296.0,1,14,4.0,1410414,
500000.0,,,,2,14,2.0,1410414,9.0
,,,,2,14,15.0,1410424,3.0
,,,,1,14,17.0,1410424,7.0
600000.0,,,,1,14,12.0,1410424,8.0
,,,380000.0,1,14,8.0,1410424,
,,,,2,14,6.0,1410424,
,,,,2,14,15.0,1410424,
300000.0,,,,2,14,13.0,1410424,3.0
,,,,1,14,17.0,1410424,1.0
,,,,1,14,9.0,1410424,
800000.0,,,,1,14,15.0,1410424,7.0
,,,,2,14,,1410424,
,,,,1,14,6.0,1410424,9.0
,,,,1,14,12.0,1410424,8.0
586000.0,,,,2,14,15.0,1410424,3.0
550000.0,,,,1,14,12.0,1410424,8.0
,,,,1,14,,1410424,
,,,,1,14,15.0,1410424,5.0
,,,244000.0,1,14,5.0,1410424,
,,,,2,14,10.0,1410424,
,,,,2,14,12.0,1410424,
600000.0,,,,1,14,12.0,1410424,3.0
,,,,2,14,12.0,1410424,
,,,,2,14,,1410424,
,,,,2,14,,1410424,
,,,600000.0,1,14,15.0,1410127,
,,,,1,14,16.0,1410127,
,,,,2,14,12.0,1410127,
,,,240000.0,2,14,6.0,1410127,5.0
,,,240000.0,1,14,4.0,1410127,
5000000.0,,,700000.0,1,14,20.0,1410127,2.0
,,,,2,14,23.0,1410127,2.0
,,,,1,14,12.0,1410127,
,,,,2,14,10.0,1410127,
,,,400000.0,2,14,17.0,1410127,
500000.0,,,,1,14,16.0,1410127,2.0
,,,,2,14,19.0,1410127,3.0
,,,,2,14,,1410127,
,,,214296.0,2,14,6.0,1410127,
,,,214296.0,2,14,6.0,1410127,
250000.0,,,,2,14,7.0,1410112,9.0
400000.0,,,,1,14,9.0,1410112,8.0
,,,,2,14,12.0,1410112,
,,,1000000.0,1,14,12.0,1410112,
650000.0,,,,2,14,15.0,1410112,3.0
,,,,1,14,12.0,1410112,
550000.0,,,,2,14,12.0,1410112,5.0
,,,,2,14,10.0,1410112,
275000.0,,,,2,14,13.0,1410112,9.0
,,21243.0,,1,14,,1410112,
,,,,1,14,11.0,1410112,
600000.0,,,,2,14,15.0,1410112,3.0
,,,,2,14,9.0,1410112,
,,,400000.0,1,14,6.0,1410112,
,,,214296.0,2,14,6.0,1410112,
,,,,2,14,12.0,1410112,8.0
,,21243.0,,2,14,,1410112,
,,21243.0,,2,14,,1410112,
,,,,1,14,,1410112,
460000.0,,,,1,14,12.0,1410112,9.0
200000.0,,,,2,14,10.0,1410112,9.0
480000.0,,,,1,14,12.0,1410112,5.0
,,,,2,14,12.0,1410814,
300000.0,,,,1,14,18.0,1410814,3.0
,,21243.0,,2,14,10.0,1410814,
,,21243.0,,2,14,,1410814,
,,21243.0,,2,14,,1410814,
,,21243.0,,1,14,,1410814,
,,,,2,14,8.0,1410814,
,,,300000.0,2,14,0.0,1410814,
,,,,2,14,16.0,1410814,
600000.0,,,,1,14,12.0,1410814,7.0
,,,,2,14,,1410814,
,,,,1,14,,1410814,
,359100.0,,,2,14,12.0,1410814,
393750.0,,,,2,14,12.0,1410814,5.0
,,21243.0,,2,14,,1410814,
393750.0,,,,1,14,5.0,1410814,5.0
,,,,2,14,10.0,1410814,
,,,214296.0,2,14,6.0,1410814,
,,,,2,14,15.0,1410814,5.0
,,,,1,14,12.0,1410814,9.0
,,,,1,14,10.0,1410814,
1000000.0,,,,1,14,12.0,1410112,5.0
450000.0,,,,2,14,12.0,1410112,4.0
60000.0,,,,2,14,15.0,1410112,5.0
,,,,1,14,10.0,1410112,
600000.0,,,,1,14,12.0,1410112,7.0
,,,,2,14,12.0,1410112,9.0
,,,,1,14,11.0,1410112,
0.0,,,,2,14,15.0,1410112,3.0
500000.0,,,,2,14,12.0,1410112,7.0
,,,,2,14,11.0,1410112,
,,,,1,14,11.0,1410112,7.0
,,,,1,14,,1410112,
,,,214296.0,2,14,8.0,1410112,
,,,,1,14,14.0,1410112,
420000.0,,,,2,14,12.0,1410112,5.0
750000.0,,,,1,14,16.0,1410112,3.0
500000.0,,,,2,14,14.0,1410112,5.0
,,,,1,14,,1410112,
,,,,2,14,,1410112,
,,,,1,14,,1410112,
500000.0,,,,2,14,12.0,1410112,5.0
,,,,1,14,,1410112,
,,,214296.0,1,14,6.0,1410511,8.0
,,,,2,14,7.0,1410511,
,,,,2,14,12.0,1410511,5.0
,,,,1,14,12.0,1410511,5.0
,,21243.0,,1,14,11.0,1410511,
,,21243.0,,1,14,,1410511,
180000.0,,,,1,14,4.0,1410511,9.0
,,,,1,14,12.0,1410511,7.0
,,,,2,14,3.0,1410511,
,,,,1,14,9.0,1410511,
520000.0,,,,2,14,14.0,1410511,7.0
,,,,2,14,,1410511,
,,,,2,14,14.0,1410511,7.0
,,,,2,14,1.0,1410511,9.0
,,,,1,14,12.0,1410511,
,,,214296.0,2,14,12.0,1410511,
,,,214296.0,2,14,4.0,1420126,
,,,,2,14,6.0,1420126,
,,21243.0,,2,14,9.0,1420126,
,,,,2,14,8.0,1420126,9.0
,,,,2,14,12.0,1420126,
,,21243.0,,2,14,,1420126,
,,21243.0,,1,14,,1420126,
,,,,1,14,1.0,1420126,6.0
,,,,2,14,6.0,1420126,
550000.0,,,300000.0,1,14,7.0,1420126,9.0
223000.0,,,,2,14,12.0,1420126,5.0
,,,,2,14,12.0,1420126,
,,,,1,14,13.0,1420126,
,,,,2,14,7.0,1420126,6.0
300000.0,,,,1,14,8.0,1420126,9.0
,,,,2,14,,1420126,
,,,214296.0,2,14,2.0,1420126,
,,,,2,14,1.0,1420126,
,,,214296.0,1,14,7.0,1420126,9.0
440000.0,,,,2,14,13.0,1420126,3.0
,,21243.0,,2,14,,1420126,
500000.0,,,,1,14,8.0,1420126,8.0
,,,,2,14,1.0,1420126,
520000.0,,,,1,14,5.0,1420324,6.0
,270000.0,,,1,14,6.0,1420324,
900000.0,,,,1,14,8.0,1420324,8.0
,,,,2,14,12.0,1420324,7.0
,,,,1,14,12.0,1420324,
,,,214296.0,1,14,1.0,1420324,
500000.0,,,,1,14,6.0,1420324,6.0
,,,,2,14,6.0,1420324,
,,,,1,14,12.0,1420324,
,,,,1,14,11.0,1420324,
,,,,2,14,8.0,1420324,
450000.0,,,,1,14,5.0,1420324,6.0
,,,,1,14,,1420324,
,,21243.0,,1,14,,1420324,
1000000.0,,,,1,14,17.0,1410112,2.0
,,,,1,14,15.0,1410112,3.0
,,,,2,14,12.0,1410112,
600000.0,,,,1,14,12.0,1410112,5.0
,,,,2,14,,1410112,
,,,,1,14,14.0,1410112,
,,,253000.0,2,14,12.0,1410112,5.0
800000.0,,,,2,14,13.0,1410112,3.0
,,,,1,14,12.0,1410112,9.0
,,,,1,14,11.0,1410112,
,,,,1,14,,1410112,
,,,,2,14,17.0,1410112,
360000.0,,,,1,14,12.0,1410112,4.0
400000.0,,,,2,14,12.0,1410112,4.0
,,,,2,14,17.0,1410112,
,,,,2,14,,1410112,
400000.0,,,300000.0,2,14,12.0,1410112,3.0
500000.0,,,,2,14,12.0,1410112,5.0
300000.0,,,,1,14,17.0,1410112,2.0
500000.0,,,,1,14,17.0,1410112,5.0
,,,345000.0,1,14,11.0,1410112,
600000.0,,,150000.0,2,14,12.0,1410112,5.0
,,,,1,14,11.0,1410824,
,,,,2,14,10.0,1410824,
700000.0,,,,2,14,16.0,1410824,2.0
500000.0,,,,2,14,15.0,1410824,1.0
500000.0,,,,1,14,14.0,1410824,5.0
,,,,2,14,,1410824,
,,,,1,14,,1410824,
,,,103000.0,1,14,17.0,1410824,
,,,214296.0,2,14,17.0,1410824,
500000.0,,,,1,14,12.0,1410824,6.0
500000.0,,,,2,14,12.0,1410824,3.0
,,,,2,14,9.0,1410824,
,,,220000.0,1,14,7.0,1410824,
500000.0,,,,2,14,15.0,1410824,3.0
,,,214296.0,1,14,10.0,1410824,
800000.0,,,,1,14,12.0,1410824,8.0
,,,,2,14,12.0,1410824,
,,,,2,14,16.0,1410824,
,,,,1,14,8.0,1410111,
,,,,2,14,6.0,1410111,
500000.0,,,,1,14,12.0,1410111,7.0
,,,,2,14,12.0,1410111,
,,,,2,14,,1410111,
,,,,2,14,,1410111,
,,,,2,14,6.0,1410111,
600000.0,,,,1,14,11.0,1410111,9.0
,,,,2,14,8.0,1410111,
,,,,1,14,,1410111,
,,21243.0,,2,14,,1410111,
,,,214000.0,2,14,6.0,1410111,
,,,214296.0,2,14,7.0,1410111,
,,,354000.0,1,14,12.0,1410111,
-88.0,,,,2,14,17.0,1410111,2.0
504000.0,,,,1,14,12.0,1410111,7.0
,,,,2,14,0.0,1410111,
,,,,2,14,0.0,1410111,
480000.0,,,,2,14,13.0,1420117,4.0
480000.0,,,,2,14,15.0,1420117,3.0
500000.0,,,,2,14,17.0,1420117,3.0
,,21243.0,,2,14,,1420117,
1500000.0,,,,2,14,16.0,1420117,2.0
1500000.0,,,,1,14,17.0,1420117,2.0
,,,,1,14,,1420117,
,,,180000.0,2,14,6.0,1420117,
700000.0,,,,2,14,17.0,1420117,2.0
600000.0,,,,1,14,15.0,1420117,3.0
500000.0,,,,2,14,16.0,1420117,2.0
480000.0,,,,2,14,16.0,1420117,2.0
,,,,2,14,14.0,1420117,
,,,214296.0,1,14,13.0,1420117,
,,,214296.0,2,14,7.0,1420117,
,,,214296.0,2,14,3.0,1420117,
400000.0,,,,1,14,12.0,1410112,5.0
,,,,1,14,17.0,1410112,2.0
1100000.0,,,,2,14,17.0,1410112,2.0
550000.0,,,,2,14,15.0,1410112,3.0
550000.0,,,,1,14,15.0,1410112,9.0
550000.0,,,,2,14,15.0,1410112,3.0
,,,800000.0,1,14,16.0,1410112,
420000.0,,,,1,14,12.0,1420424,8.0
,,,,2,14,8.0,1420424,
,,,,2,14,2.0,1420424,
,,,,2,14,9.0,1420424,
,,,,2,14,3.0,1420424,
,,,,2,14,10.0,1420424,5.0
,,,,1,14,8.0,1420424,6.0
,100000.0,,,2,14,15.0,1420424,
,,,,1,14,12.0,1420424,1.0
,,,,2,14,,1420424,
,,,380000.0,1,14,17.0,1420424,
,,,380000.0,2,14,17.0,1420424,
,,,,1,14,8.0,1420424,
,,,,2,14,8.0,1420424,
,,,,1,14,0.0,1420424,
,,,214292.0,2,14,3.0,1420424,
,,,410000.0,1,14,4.0,1410314,5.0
100000.0,,,214296.0,1,14,4.0,1410314,9.0
,,,,2,14,12.0,1410824,
,,,,2,14,12.0,1410824,
675000.0,,,,1,14,12.0,1410824,9.0
,,,,1,14,,1410824,
,,,1000000.0,1,14,19.0,1410824,
,,,350000.0,2,14,15.0,1410824,
,,,,2,14,13.0,1410824,
,,21243.0,,2,14,12.0,1410824,
,,,,2,14,,1410824,
,,,400000.0,1,14,10.0,1410824,
,,,,1,14,12.0,1410824,5.0
,,,,1,14,12.0,1410824,
,,,,2,14,12.0,1410824,5.0
,,,,2,14,12.0,1410824,
,,,,1,14,,1410824,
,,,,1,14,,1410824,
,,,,2,14,,1410824,
1500000.0,,,,2,14,17.0,1410824,3.0
,,,,2,14,,1410824,
,,,,1,14,,1410824,
,600000.0,,,1,14,12.0,1410824,
500000.0,,,,1,14,5.0,1410824,7.0
,,,,2,14,4.0,1410824,
375000.0,,,,1,14,12.0,1410824,7.0
187500.0,,,,2,14,12.0,1410824,9.0
,,,,2,14,,1410824,
,,,214296.0,1,14,15.0,1420117,8.0
,,,214296.0,2,14,12.0,1420117,
1200000.0,,,,1,14,15.0,1420117,3.0
1400000.0,,,,2,14,17.0,1420117,1.0
,,,,1,14,11.0,1420117,
150000.0,,,328000.0,1,14,8.0,1420117,7.0
,,,214000.0,2,14,8.0,1420117,
,,,,1,14,6.0,1410112,
,,,,1,14,4.0,1410112,9.0
,,,,2,14,15.0,1410112,
,,,,1,14,11.0,1410112,
,,,,1,14,15.0,1410112,7.0
,,,,1,14,,1410112,
,,,,2,14,,1410112,
,,,,1,14,1.0,1410112,
,,,,2,14,12.0,1410112,
1200000.0,,,,1,14,17.0,1410112,2.0
,,,,2,14,17.0,1410112,2.0
,,,,1,14,,1410112,
,,,,2,14,,1410112,
,30000.0,,,2,14,3.0,1410112,
,,,,1,14,8.0,1410112,9.0
500000.0,,,,2,14,10.0,1410112,5.0
,,,,2,14,,1410112,
,,,,2,14,10.0,1410112,7.0
,,,,2,14,14.0,1410112,
,,,,2,14,13.0,1410113,
500000.0,,,,2,14,12.0,1410113,5.0
,,,,1,14,,1410113,
,,,,1,14,,1410113,
1000000.0,,,,1,14,17.0,1410113,2.0
780000.0,,,330000.0,1,14,12.0,1410113,6.0
,,,370000.0,2,14,8.0,1410113,
,,,107000.0,2,14,13.0,1410113,
1200000.0,,,,1,14,17.0,1410113,2.0
900000.0,,,,2,14,17.0,1410113,2.0
,,,,1,14,12.0,1410112,3.0
,,,,2,14,12.0,1410112,
,,,,1,14,17.0,1410112,
,,,,2,14,15.0,1410112,
,,,214296.0,2,14,2.0,1410112,
,,,700000.0,1,14,12.0,1410112,
600000.0,,,,2,14,12.0,1410112,3.0
,,,,1,14,15.0,1410112,
,,,,2,14,,1410112,
,,,,2,14,,1410112,
,,,,2,14,12.0,1410112,5.0
,300000.0,,,1,14,12.0,1410112,5.0
,,,,1,14,,1410112,
500000.0,,,200000.0,1,14,17.0,1410112,1.0
,,,,2,14,8.0,1410221,5.0
,,,,1,14,8.0,1410221,6.0
,,,,2,14,12.0,1410221,
,,,80000.0,2,14,14.0,1410221,
,,,,1,14,17.0,1410221,
,,,,2,14,6.0,1410221,
,,,,2,14,12.0,1410221,
600000.0,,,,1,14,12.0,1410221,4.0
,,,,2,14,3.0,1410221,
,,,,1,14,0.0,1410221,
,,,,2,14,3.0,1410221,
,,,,1,14,1.0,1410221,
,,,,2,14,12.0,1410221,
,,,,1,14,10.0,1410221,9.0
,,,214296.0,2,14,6.0,1410112,
,,,300000.0,1,14,6.0,1410112,
500000.0,,,,1,14,11.0,1410112,5.0
1460000.0,,,,1,14,17.0,1410112,2.0
1300000.0,,,,2,14,17.0,1410112,2.0
1500000.0,,,,1,14,17.0,1410112,2.0
1200000.0,,,,2,14,19.0,1410112,2.0
1300000.0,,,,2,14,18.0,1410112,2.0
1300000.0,,,,1,14,18.0,1410112,2.0
,,,,1,14,,1410112,
,,,,1,14,,1410112,
,,,650000.0,1,14,10.0,1410112,
,,,214296.0,2,14,8.0,1410112,
,,,414000.0,1,14,10.0,1410112,
,,,,2,14,2.0,1410112,
,,,,1,14,9.0,1410112,
,,,,2,14,,1410112,
680000.0,,,,1,14,12.0,1410112,9.0
525000.0,,,,2,14,13.0,1410112,9.0
,,,,1,14,13.0,1410424,7.0
,,,,1,14,12.0,1410424,7.0
,,,,2,14,12.0,1410424,
,,,,1,14,14.0,1410424,
,,,214296.0,1,14,6.0,1410424,
,,,,1,14,3.0,1410424,
,,,,2,14,3.0,1410424,
,,,,2,14,3.0,1410424,
780000.0,,,,2,14,12.0,1410424,5.0
,,,,2,14,12.0,1410424,
,,,,2,14,12.0,1410424,
,,,,1,14,,1410424,
,,,,1,14,,1410424,
,,,,1,14,12.0,1410814,7.0
450000.0,,,,2,14,12.0,1410814,5.0
,,,,1,14,,1410814,
,,,,2,14,,1410814,
,,,214000.0,2,14,8.0,1410814,
600000.0,,,,1,14,17.0,1410814,2.0
,,,210000.0,1,14,15.0,1410814,
2000000.0,,,,2,14,16.0,1410814,2.0
,,,,2,14,12.0,1410814,
750000.0,,,,1,14,12.0,1410814,8.0
500000.0,,,,1,14,12.0,1410814,3.0
1500000.0,,,,1,14,16.0,1410814,2.0
1300000.0,,,,2,14,17.0,1410814,2.0
,,,,2,14,,1410814,
,,,,2,14,,1410814,
,,,,1,14,,1410814,
540000.0,,,,2,14,17.0,1410814,3.0
,,,,1,14,11.0,1410814,
540000.0,,,,1,14,13.0,1410814,3.0
,,,100000.0,2,14,12.0,1410112,
,,,,2,14,3.0,1410112,
,,,,2,14,4.0,1410112,5.0
0.0,,,,1,14,12.0,1410112,7.0
,,,,1,14,4.0,1410112,
500000.0,,,,2,14,12.0,1410112,8.0
,,,,1,14,,1410112,
,,,214296.0,2,14,4.0,1410112,
,,,355296.0,1,14,2.0,1410112,
500000.0,,,,1,14,12.0,1410112,7.0
,500000.0,,,1,14,12.0,1410112,
,,,,1,14,12.0,1410112,
500000.0,,,,2,14,14.0,1410112,5.0
,,21243.0,,2,14,,1410112,
,,,240000.0,1,14,9.0,1410112,
,,,,2,14,10.0,1410112,7.0
150000.0,,,,2,14,17.0,1410112,5.0
150000.0,,,,2,14,12.0,1410112,5.0
,,21243.0,,2,14,,1410112,
550000.0,,,,1,14,12.0,1410112,5.0
,,,,2,14,11.0,1410112,
,,,590000.0,1,14,12.0,1410112,8.0
,,,214296.0,2,14,12.0,1410112,
,,,,1,14,17.0,1410112,8.0
350000.0,,,350000.0,1,14,4.0,1410112,7.0
,,,,2,14,6.0,1410112,
200000.0,,21243.0,,2,14,3.0,1410112,5.0
,,,,1,14,,1410112,
,,,220000.0,1,14,6.0,1420214,
,,,,2,14,19.0,1420214,2.0
,,,,1,14,,1420214,
,,,,1,14,,1420214,
,,,214000.0,1,14,3.0,1420214,6.0
,,,214000.0,2,14,7.0,1420214,
,,,,1,14,0.0,1420214,
1700000.0,,,,2,14,17.0,1420214,2.0
,,,474000.0,1,14,7.0,1420214,
,,,,2,14,12.0,1420214,
500000.0,,,,1,14,15.0,1420214,7.0
,,,,2,14,15.0,1420214,
,,,,1,14,,1420214,
,,,,1,14,,1420214,
290000.0,,,,2,14,12.0,1420214,9.0
500000.0,,,,2,14,12.0,1420214,5.0
,,,,1,14,12.0,1420214,7.0
,,,214296.0,2,14,6.0,1410524,
,,,400000.0,1,14,6.0,1410524,
,,,,2,14,10.0,1410524,
,,,850000.0,1,14,15.0,1410524,
,,,,1,14,,1410524,
,,,,1,14,14.0,1410524,
,,,214000.0,2,14,8.0,1410524,
600000.0,,,,1,14,12.0,1410524,8.0
,200000.0,,,2,14,17.0,1410524,
360000.0,,,,2,14,17.0,1410524,4.0
500000.0,,,,1,14,12.0,1410524,8.0
,,,,2,14,12.0,1410524,5.0
500000.0,,,,1,14,8.0,1410524,8.0
300000.0,,,,2,14,8.0,1410524,9.0
,,,214296.0,2,14,0.0,1410824,
,,,214296.0,1,14,6.0,1410824,
,,,214296.0,1,14,2.0,1410824,
800000.0,,,,1,14,15.0,1410824,8.0
,,,,2,14,6.0,1410824,
,,,,2,14,3.0,1410824,
,,,,2,14,,1410824,
,,,,2,14,12.0,1410824,9.0
,,21243.0,,2,14,,1410824,
,,,,1,14,,1410824,
,,,,2,14,5.0,1410824,
,,21243.0,,2,14,,1410824,
,,21243.0,,1,14,,1410824,
,,,,2,14,11.0,1410824,
,,21243.0,,2,14,,1410824,
100000.0,,,,1,14,7.0,1410824,8.0
,,,,2,14,0.0,1410824,
,,21243.0,,2,14,,1410824,
,,21243.0,,2,14,,1410824,
,,,214296.0,1,14,4.0,1410824,
,,,,2,14,8.0,1410824,
,,,,1,14,12.0,1410824,7.0
,,,,1,14,12.0,1410824,7.0
,,,,1,14,3.0,1410824,9.0
,,,,1,14,8.0,1410824,9.0
,,,,2,14,10.0,1410824,
400000.0,,,,2,14,15.0,1410824,3.0
,,,,1,14,,1410824,
375000.0,,,,1,14,8.0,1410824,9.0
,,,,2,14,8.0,1410824,
375000.0,,,,1,14,8.0,1410824,8.0
,,21243.0,,1,14,10.0,1410824,
,100000.0,,,1,14,6.0,1410824,
,,,,2,14,6.0,1410824,
,,,,2,14,7.0,1410824,
,,,214296.0,1,14,7.0,1410824,6.0
,,,,2,14,6.0,1410824,
0.0,,,,1,14,6.0,1410824,6.0
500000.0,,,,2,14,12.0,1410824,5.0
,,,450000.0,2,14,16.0,1410824,
1200000.0,,,,2,14,17.0,1410113,2.0
,,,214296.0,2,14,12.0,1410113,
,,,-88.0,1,14,,1410113,
750000.0,,,,2,14,16.0,1410113,3.0
-88.0,,,,2,14,16.0,1410113,4.0
2500000.0,,,,1,14,22.0,1410113,1.0
-88.0,,,,1,14,15.0,1410113,5.0
,,,,2,14,,1410113,
,,,,1,14,,1410113,
700000.0,,,,1,14,15.0,1410113,3.0
,,,,2,14,12.0,1410113,
500000.0,,,,1,14,15.0,1410113,4.0
,,,,2,14,,1410113,
1000000.0,,,,2,14,16.0,1410113,2.0
,,,,2,14,17.0,1410113,2.0
,,,,1,14,11.0,1410314,7.0
,,,226000.0,1,14,5.0,1410314,7.0
,,,,2,14,8.0,1410314,
,,,,2,14,,1410314,
,,,,2,14,,1410314,
,,,,2,14,,1410314,
,,,,2,14,,1410314,
417000.0,,,,2,14,12.0,1410314,9.0
,,,,2,14,12.0,1410314,
,,,,2,14,0.0,1410314,
,,,,1,14,15.0,1410314,
,,,,1,14,,1410314,
,,,,2,14,15.0,1410314,
,,,,1,14,,1410314,
300000.0,,,,1,14,9.0,1410314,7.0
,,,,2,14,12.0,1410314,
,,,,2,14,8.0,1410314,
600000.0,,,,1,14,12.0,1410314,7.0
,,,,2,14,,1410314,
,,,,2,14,,1410314,
,,,,1,14,,1410314,
,,,,2,14,12.0,1410314,9.0
,,,,1,14,12.0,1410314,7.0
,,,,1,14,,1410314,
,,,,2,14,,1410314,
,,,214296.0,1,14,6.0,1410424,
,,,214296.0,2,14,6.0,1410424,
,800000.0,,,1,14,11.0,1410424,
,,,,2,14,8.0,1410424,
,,21243.0,,2,14,,1410424,
,,,350000.0,1,14,6.0,1410424,
,,,214296.0,2,14,10.0,1410424,
,,,,1,14,0.0,1410424,
,,,214000.0,1,14,12.0,1420324,
,,,,2,14,12.0,1420324,7.0
220000.0,,,,2,14,12.0,1420324,9.0
,,21243.0,,2,14,10.0,1420324,
,,,,2,14,8.0,1420324,
750000.0,,,,1,14,6.0,1420324,6.0
,,,,2,14,14.0,1420324,5.0
,,,,2,14,,1420324,
,,,,2,14,,1420324,
,,21243.0,,1,14,,1420324,
,,,214296.0,1,14,5.0,1420324,
,,,214296.0,2,14,0.0,1420324,
500000.0,,,,2,14,12.0,1420324,6.0
,,,380000.0,2,14,0.0,1420324,
,,,,1,14,3.0,1420324,
,,,,2,14,7.0,1410524,7.0
,,,214296.0,1,14,8.0,1410524,
840000.0,,,,1,14,11.0,1410524,6.0
500000.0,,,,2,14,8.0,1410524,9.0
,,21243.0,,2,14,10.0,1410524,
,,,,2,14,,1410524,
,,,,1,14,,1410524,
,,,,2,14,,1410524,
,,,,2,14,4.0,1410524,
500000.0,,,,1,14,12.0,1410524,8.0
,,,120000.0,2,14,15.0,1410524,
620000.0,,,,1,14,16.0,1410524,6.0
,,,214296.0,2,14,3.0,1410524,
,,,700000.0,1,14,12.0,1410524,
800000.0,,,,2,14,17.0,1410524,4.0
800000.0,,,,1,14,8.0,1410524,6.0
,,,,2,14,3.0,1410524,
,,,,1,14,12.0,1410524,
,,,,1,14,6.0,1410524,
,,,,2,14,7.0,1410524,
,,,,1,14,16.0,1410524,
,,,,2,14,11.0,1410524,9.0
,,,,1,14,15.0,1410524,
,,,,1,14,12.0,1410524,
,,,214296.0,1,14,6.0,1410524,
,,,214926.0,2,14,6.0,1410524,
,,,,2,14,12.0,1410524,7.0
,,,,1,14,8.0,1410524,
,,,,1,14,12.0,1410524,9.0
500000.0,,,,1,14,12.0,1410524,9.0
500000.0,,,,1,14,12.0,1410524,9.0
570000.0,,,,2,14,13.0,1410112,3.0
500000.0,,,,2,14,17.0,1410112,8.0
650000.0,,,,2,14,17.0,1410112,4.0
,,,,1,14,15.0,1410112,8.0
,,,,2,14,,1410112,
,,,402000.0,1,14,4.0,1410112,
2100000.0,,,,1,14,17.0,1410112,2.0
1000000.0,,,,1,14,17.0,1410112,2.0
1200000.0,,,,2,14,17.0,1410112,2.0
,,,,2,14,6.0,1410112,
240000.0,,,,2,14,17.0,1410112,2.0
,,,,2,14,,1410112,
,,,,2,14,,1410112,
,,,,2,14,,1410112,
,,,,2,14,12.0,1420324,5.0
,,,,1,14,12.0,1420324,7.0
,,,,2,14,,1420324,
,,,,1,14,3.0,1420324,
,,,,2,14,8.0,1420324,
500000.0,,,,1,14,15.0,1420324,3.0
,,,,2,14,17.0,1420324,
,,,,2,14,9.0,1420324,7.0
,,,,1,14,15.0,1420324,
,,,,2,14,12.0,1420324,
500000.0,,,,1,14,12.0,1420324,5.0
,,,,2,14,12.0,1420324,
500000.0,,,,1,14,7.0,1420324,7.0
,,,,2,14,10.0,1420324,
,,21243.0,,1,14,,1420324,
,,21243.0,,2,14,,1420324,
,,,214296.0,1,14,0.0,1410221,
,,,214296.0,1,14,5.0,1410221,
,,,214296.0,2,14,3.0,1410221,
,,,,2,14,6.0,1410221,
,,,,1,14,12.0,1410221,
,,,,2,14,12.0,1410221,
,,,,1,14,12.0,1410221,
,,,,1,14,,1410221,
,,,,1,14,,1410221,
,,,,1,14,8.0,1410221,7.0
,,,214296.0,2,14,0.0,1410221,
,,,300000.0,1,14,0.0,1410221,
1300000.0,,,,1,14,17.0,1410221,2.0
1600000.0,,,,2,14,17.0,1410221,3.0
,,,,1,14,,1410221,
,,,,2,14,1.0,1410221,
,,,,1,14,1.0,1410221,
,,,,1,14,17.0,1410113,2.0
1200000.0,,,,2,14,17.0,1410113,2.0
600000.0,,,,1,14,14.0,1410113,5.0
,,,,1,14,21.0,1410113,2.0
800000.0,,,,2,14,12.0,1410113,3.0
1200000.0,,,,1,14,18.0,1410113,2.0
,,,,2,14,,1410113,
,,,,2,14,,1410113,
30000.0,,,,1,14,14.0,1410113,7.0
,,,,1,14,17.0,1410113,2.0
500000.0,,,,2,14,15.0,1410113,3.0
,,,,1,14,,1410113,
,,,,1,14,,1410113,
,,,700000.0,1,14,10.0,1410113,8.0
400000.0,,,,1,14,12.0,1410113,5.0
1100000.0,,,,1,14,15.0,1410113,2.0
-88.0,,,,2,14,12.0,1410113,3.0
470000.0,,,,2,14,12.0,1410112,4.0
600000.0,,,,2,14,18.0,1410112,2.0
,,,,2,14,,1410112,
,,,1400000.0,1,14,13.0,1410112,
,,,,2,14,12.0,1410112,
,,,,1,14,17.0,1410112,
,,,,2,14,15.0,1410112,
650000.0,,,,1,14,15.0,1410112,2.0
,,,,1,14,10.0,1410112,8.0
,,,,2,14,12.0,1410112,7.0
,,,,2,14,15.0,1410112,
,,,,2,14,11.0,1410112,7.0
400000.0,,,,1,14,15.0,1410112,7.0
1000000.0,,,,2,14,15.0,1410112,3.0
900000.0,,,,1,14,12.0,1410112,7.0
,,,,2,14,12.0,1410112,
,180000.0,,,1,14,17.0,1410112,
,,,450000.0,1,14,8.0,1410112,
,,,,2,14,0.0,1410112,
600000.0,,,,1,14,12.0,1410112,5.0
300000.0,,,,2,14,12.0,1410724,9.0
,,,,2,14,13.0,1410724,
150000.0,,,,2,14,12.0,1410724,9.0
,,,,1,14,11.0,1410724,
,,,,1,14,,1410724,
,,,,1,14,,1410724,
650000.0,,,,1,14,15.0,1410724,6.0
,,,,2,14,17.0,1410724,
,,,,2,14,12.0,1410724,
,,,,1,14,,1410724,
,,,,1,14,,1410724,
,,,450000.0,1,14,3.0,1410724,
,,,,2,14,2.0,1410724,
500000.0,,,,2,14,12.0,1410724,3.0
,,,,2,14,15.0,1410724,
,,,,1,14,,1410724,
,,,,2,14,12.0,1410724,
,,,214000.0,2,14,3.0,1410724,
,,,400000.0,1,14,8.0,1410724,
,,,214000.0,2,14,2.0,1410724,
700000.0,,,,2,14,12.0,1410724,5.0
,,,,1,14,12.0,1410724,7.0
,,,,2,14,,1410724,
,,,,1,14,,1410724,
559000.0,,,,2,14,12.0,1410724,1.0
,,,,1,14,,1410724,
,,,,1,14,12.0,1410724,
520000.0,,,,1,14,14.0,1420416,9.0
480000.0,,,,2,14,12.0,1420416,9.0
,,,,2,14,11.0,1420416,
550000.0,,,,1,14,12.0,1420416,7.0
550000.0,,,,2,14,10.0,1420416,9.0
500000.0,,,,1,14,12.0,1420416,3.0
100000.0,,,,2,14,13.0,1420416,5.0
300000.0,,,,2,14,12.0,1420416,9.0
,,,,1,14,9.0,1420416,9.0
,,,,1,14,,1420416,
2100000.0,,,,2,14,17.0,1420416,1.0
2100000.0,,,,1,14,17.0,1420416,1.0
,,,,1,14,,1420416,
,,,,1,14,,1420416,
,,,290000.0,1,14,8.0,1420416,7.0
500000.0,,,320000.0,2,14,12.0,1420416,5.0
,,,,2,14,2.0,1420416,
,,,,2,14,8.0,1420416,
500000.0,,,,2,14,15.0,1420416,5.0
,,,214296.0,1,14,6.0,1420416,
,50000.0,,214000.0,1,14,12.0,1420416,
,,,538000.0,2,14,10.0,1420416,
,,,250000.0,2,14,12.0,1410614,
,,,,2,14,8.0,1410614,7.0
,,,,1,14,14.0,1410614,
,,,,2,14,12.0,1410614,
,,,,2,14,12.0,1410614,
,,,,2,14,10.0,1410614,
,,,,1,14,,1410614,
,,,,2,14,,1410614,
480000.0,,,,2,14,12.0,1410614,9.0
,,,,1,14,8.0,1410614,
,,,,2,14,10.0,1410614,
480000.0,,,,1,14,11.0,1410614,6.0
430000.0,,,,2,14,12.0,1410614,4.0
,,,,2,14,11.0,1410614,
1100000.0,,,,2,14,14.0,1410614,3.0
1100000.0,,,,1,14,15.0,1410614,3.0
1200000.0,,,,1,14,17.0,1410614,2.0
,,,,1,14,16.0,1410614,
,,,,2,14,12.0,1410221,8.0
,,,,1,14,,1410221,
,,,214296.0,2,14,0.0,1410221,7.0
,,,,2,14,10.0,1410221,7.0
,,,,1,14,11.0,1410221,6.0
,,,,2,14,,1410221,
,,,,1,14,,1410221,
,100000.0,,,1,14,6.0,1410221,
,,,,2,14,3.0,1410221,
,,,,1,14,10.0,1410221,6.0
,,,,2,14,12.0,1410221,
,,,,1,14,,1410221,
1000000.0,,,,1,14,12.0,1410221,3.0
1200000.0,,,,2,14,17.0,1410221,1.0
,,,,2,14,17.0,1410221,
,,,,2,14,15.0,1410221,1.0
500000.0,,,,1,14,12.0,1410221,9.0
1075000.0,,,,2,14,16.0,1410614,2.0
1000000.0,,,,1,14,17.0,1410614,2.0
,,,,1,14,14.0,1410614,
,,,220000.0,2,14,9.0,1410614,
,,,,2,14,10.0,1410614,5.0
500000.0,,,,1,14,8.0,1410614,8.0
,,,214296.0,2,14,5.0,1410614,
,,,214296.0,1,14,9.0,1410614,
1000000.0,,,,1,14,12.0,1410614,7.0
,,,,2,14,10.0,1410614,
,,,,1,14,3.0,1410614,
,,,,1,14,13.0,1410614,
,,,,1,14,13.0,1410614,
,,,,1,14,9.0,1410614,
220000.0,,,,2,14,12.0,1410614,5.0
,,,,2,14,,1410614,
,,,,2,14,,1410614,
,,,,1,14,15.0,1420111,3.0
680000.0,,,,2,14,15.0,1420111,3.0
,,,,2,14,,1420111,
130000.0,,,,2,14,12.0,1420111,9.0
460000.0,,,,2,14,12.0,1420111,5.0
,,,,2,14,11.0,1420111,
380000.0,,,,1,14,15.0,1420111,8.0
,,,,1,14,7.0,1420111,5.0
,,,,1,14,10.0,1420111,
,,,,2,14,7.0,1420111,
,,,300000.0,1,14,8.0,1420111,8.0
,,,,1,14,8.0,1420111,7.0
600000.0,,,,2,14,12.0,1420111,5.0
,,21243.0,,2,14,,1420111,
,,,750000.0,1,14,16.0,1410112,
,,,,2,14,12.0,1410112,
,,,,1,14,14.0,1410112,
600000.0,,,,2,14,16.0,1410112,3.0
,,,,1,14,19.0,1410112,2.0
,,,,1,14,16.0,1410112,
,,,-88.0,1,14,16.0,1410112,
,,,-88.0,1,14,16.0,1410112,
,-88.0,,-88.0,1,14,16.0,1410112,
,,,375000.0,2,14,12.0,1420111,
480000.0,,,,2,14,15.0,1420111,3.0
,,,270000.0,1,14,2.0,1420111,
,,,,2,14,6.0,1420111,
500000.0,,,,2,14,13.0,1420111,3.0
500000.0,,,,1,14,12.0,1420111,7.0
,,,360000.0,1,14,12.0,1420111,
100000.0,,,,1,14,10.0,1420111,9.0
900000.0,,,,1,14,12.0,1420117,5.0
,,21243.0,,2,14,,1420117,
,,,,2,14,12.0,1420117,7.0
,,,100000.0,2,14,8.0,1420117,9.0
500000.0,,,,1,14,8.0,1420117,8.0
,,,,1,14,0.0,1420117,5.0
,,21243.0,,1,14,,1420117,
,,,,1,14,14.0,1420117,
,,,,2,14,17.0,1420117,
,,,370000.0,1,14,12.0,1420117,8.0
1500000.0,,,,2,14,17.0,1420117,1.0
,,,,1,14,12.0,1420117,
,,,,2,14,12.0,1420117,
700000.0,,,,1,14,16.0,1420117,3.0
-88.0,,,,1,14,12.0,1420117,9.0
,,,399898.0,1,14,2.0,1420117,
,,,,2,14,12.0,1420117,
300000.0,,,,2,14,12.0,1410112,9.0
,,,,1,14,12.0,1410112,
,,,,1,14,11.0,1410112,
,,,,1,14,,1410112,
,,,480000.0,2,14,14.0,1410112,
400000.0,,,,1,14,16.0,1410112,9.0
,,,,2,14,,1410112,
,,,,2,14,12.0,1410112,
450000.0,,,,1,14,8.0,1410112,7.0
700000.0,,,,1,14,12.0,1410112,8.0
500000.0,,,,2,14,12.0,1410112,3.0
,,,,2,14,12.0,1410112,
500000.0,,,,1,14,10.0,1410112,5.0
,,,,2,14,,1410112,
,,,420000.0,1,14,12.0,1410112,
1100000.0,,,,2,14,16.0,1410112,2.0
,,,214296.0,2,14,10.0,1410112,
,,,214296.0,1,14,12.0,1410112,7.0
,,,,1,14,13.0,1410112,
900000.0,,,,1,14,24.0,1410112,2.0
1000000.0,,,,2,14,19.0,1410112,2.0
1700000.0,,,,1,14,16.0,1410112,2.0
800000.0,,,,2,14,17.0,1410112,2.0
,,,,1,14,13.0,1410112,
,,,,1,14,15.0,1410112,3.0
1200000.0,,,,2,14,19.0,1410112,2.0
,,,,1,14,,1410112,
,,,,1,14,,1410112,
,,,600000.0,1,14,16.0,1410112,
800000.0,,,,1,14,17.0,1410112,2.0
,,,350000.0,2,14,16.0,1410112,
3000000.0,,,,1,14,16.0,1410112,2.0
,,,253000.0,2,14,13.0,1410112,
200000.0,,,,2,14,19.0,1410112,2.0
2300000.0,,,,1,14,23.0,1410112,2.0
,,,,2,14,17.0,1410112,
,,,,1,14,14.0,1410112,
,,,,2,14,,1410112,
,,,,1,14,17.0,1410112,3.0
1500000.0,,,,2,14,16.0,1410112,2.0
,,,,1,14,17.0,1410112,
,,,,1,14,11.0,1410112,8.0
,,,214296.0,2,14,8.0,1410112,
,,,900000.0,1,14,10.0,1410112,
,,,430000.0,2,14,8.0,1410112,
,,,,2,14,12.0,1410113,
1900000.0,,,,2,14,17.0,1410113,2.0
,,,,1,14,16.0,1410113,
650000.0,,,,2,14,17.0,1410113,2.0
1700000.0,,,,2,14,17.0,1410113,2.0
940000.0,,,,1,14,14.0,1410113,3.0
,,,,2,14,,1410113,
,,,,2,14,,1410113,
,,,,2,14,14.0,1410113,
900000.0,,,,1,14,17.0,1410113,3.0
1200000.0,,,,2,14,18.0,1410113,2.0
,,,214296.0,2,14,12.0,1410113,
,,,291000.0,1,14,9.0,1410112,
,,,,1,14,12.0,1410112,7.0
,,,,2,14,3.0,1410112,
,,,,1,14,12.0,1410112,7.0
,,,,1,14,16.0,1410112,
,,,,2,14,10.0,1410112,
,,,,2,14,12.0,1410112,
80000.0,,,,2,14,12.0,1410824,5.0
,,,214296.0,2,14,1.0,1410824,
,,,,2,14,10.0,1410824,
,,,,2,14,,1410824,
,,,,1,14,12.0,1410824,7.0
400000.0,,,,2,14,12.0,1410824,5.0
250000.0,,,,2,14,12.0,1410824,9.0
,,21243.0,,1,14,,1410824,
,,21243.0,,2,14,,1410824,
,,,,2,14,12.0,1410824,
,,,,2,14,12.0,1410824,
,,,,1,14,12.0,1410824,
,,,,1,14,,1410824,
,,,214296.0,1,14,0.0,1410824,
,,,214296.0,1,14,4.0,1410824,
,,,214296.0,1,14,1.0,1410824,
500000.0,,,,2,14,16.0,1410824,2.0
,,,,2,14,12.0,1410824,6.0
,,,,2,14,17.0,1410824,
,,,,2,14,8.0,1410112,
,100000.0,,,1,14,4.0,1410112,
600000.0,,,,1,14,12.0,1410112,7.0
,500000.0,,334000.0,1,14,11.0,1410112,
,,,330000.0,2,14,12.0,1410112,
1000000.0,,,,1,14,15.0,1410112,3.0
,,,,2,14,,1410112,
1600000.0,,,,2,14,17.0,1410112,2.0
450000.0,,,,2,14,12.0,1410112,5.0
600000.0,,,,1,14,12.0,1410112,5.0
1000000.0,,,,2,14,17.0,1410112,3.0
,,,,1,14,,1410112,
,,,220000.0,2,14,6.0,1410814,
,,,220000.0,2,14,6.0,1410814,
,,,,2,14,11.0,1410814,
,,,,2,14,,1410814,
,,,,1,14,8.0,1410814,7.0
,,,214296.0,1,14,5.0,1410814,
500000.0,,,,2,14,0.0,1410814,5.0
,,,220000.0,2,14,0.0,1410814,
,,,,1,14,16.0,1410814,
,,,,2,14,2.0,1410814,7.0
,,,,2,14,12.0,1410814,
,,,,1,14,12.0,1410814,9.0
,,,,1,14,10.0,1410814,
,,,,2,14,12.0,1410814,
,,,,1,14,12.0,1410814,7.0
,,,,2,14,12.0,1410814,
,,,,1,14,12.0,1410814,
,,,,1,14,9.0,1410814,
350000.0,,,,1,14,14.0,1420111,3.0
,,,,1,14,12.0,1420111,5.0
800000.0,,,,1,14,15.0,1420111,2.0
,,,214296.0,2,14,5.0,1420111,
,,,,2,14,12.0,1420111,
,,,,2,14,8.0,1420111,5.0
500000.0,,,,1,14,2.0,1420111,6.0
500000.0,,,,1,14,12.0,1420111,5.0
700000.0,,,,1,14,8.0,1420111,9.0
,,,,2,14,,1420111,
,,,,1,14,8.0,1420111,
,,,,2,14,,1420111,
300000.0,,,,2,14,14.0,1420111,5.0
300000.0,,,,2,14,13.0,1420111,5.0
,,,,2,14,12.0,1420111,
500000.0,,,,1,14,12.0,1420111,9.0
200000.0,,,,2,14,7.0,1410111,9.0
,,,,2,14,,1410111,
450000.0,,,,1,14,8.0,1410111,7.0
450000.0,,,,1,14,12.0,1410111,7.0
,,,,2,14,12.0,1410111,7.0
,,,,1,14,12.0,1410111,
,,,,2,14,9.0,1410111,
,,,,1,14,,1410111,
,,,250000.0,1,14,3.0,1410111,
,,,214296.0,2,14,4.0,1410111,
500000.0,,,,1,14,11.0,1410111,4.0
0.0,,,,1,14,14.0,1410111,9.0
,,,,1,14,9.0,1410111,7.0
,,,180000.0,1,14,10.0,1410111,
,,,210000.0,2,14,8.0,1410111,
,,,214296.0,2,14,0.0,1410111,
500000.0,,,,1,14,0.0,1410111,7.0
,,,214000.0,1,14,12.0,1410111,7.0
,,,,2,14,11.0,1410111,
,,,,1,14,12.0,1410111,
800000.0,,,,1,14,10.0,1410111,7.0
300000.0,,,,2,14,10.0,1410111,9.0
,,,,2,14,11.0,1410111,
,,,,2,14,,1410111,
350000.0,,,,1,14,10.0,1410814,7.0
500000.0,,,,2,14,5.0,1410814,9.0
500000.0,,,,2,14,12.0,1410814,3.0
,,,,2,14,,1410814,
500000.0,,,,1,14,15.0,1410814,3.0
,,,,1,14,,1410814,
,,,214296.0,1,14,5.0,1410814,
,,,214296.0,2,14,3.0,1410814,
,,,110000.0,2,14,8.0,1410121,
,,,,1,14,13.0,1410121,6.0
450000.0,,,,2,14,12.0,1410121,4.0
,,,,2,14,,1410121,
,,,214296.0,2,14,12.0,1410121,
,,,,1,14,,1410121,8.0
900000.0,,,,2,14,12.0,1410121,7.0
,,,,1,14,9.0,1410121,7.0
,,,220000.0,1,14,9.0,1410121,7.0
,,,,2,14,4.0,1410121,
,,,,1,14,12.0,1410121,
600000.0,,,,2,14,15.0,1410121,5.0
,,21243.0,,2,14,10.0,1410121,
600000.0,,,,1,14,12.0,1410121,7.0
,,,,2,14,15.0,1410121,
,,21243.0,,2,14,,1410121,
,,21243.0,,1,14,,1410121,
,,,,2,14,,1410121,
,,,,2,14,15.0,1410111,
,,21243.0,,2,14,,1410111,
,,,600000.0,1,14,3.0,1410111,
,,,437904.0,1,14,4.0,1410111,
,,,214296.0,2,14,6.0,1410111,
,,,,1,14,18.0,1410111,
,,,,2,14,8.0,1410111,
450000.0,,,,1,14,8.0,1410111,5.0
,,,,2,14,4.0,1410111,
600000.0,,,,1,14,17.0,1410111,3.0
,,,,2,14,12.0,1410111,
,,,,1,14,14.0,1410111,
,,,,2,14,17.0,1410624,
,,,,1,14,16.0,1410624,7.0
,,,,2,14,,1410624,
,,,,2,14,,1410624,
,,,,1,14,,1410624,
,,,,1,14,12.0,1410624,5.0
,,,800000.0,2,14,16.0,1410624,
,,,620000.0,1,14,15.0,1410624,
100000.0,,,214296.0,1,14,10.0,1410624,9.0
,,,,1,14,12.0,1410624,6.0
,,,240000.0,2,14,8.0,1410624,1.0
,,,380000.0,1,14,8.0,1410624,1.0
,,,,2,14,7.0,1410624,
,,,,2,14,6.0,1410624,
,,,,2,14,8.0,1410624,5.0
,,,,1,14,8.0,1410624,9.0
452000.0,,,,2,14,14.0,1410113,3.0
,,,214296.0,1,14,8.0,1410113,
,,,214296.0,2,14,17.0,1410113,
,,,,1,14,17.0,1410113,
,,,,1,14,10.0,1410113,
,,,,1,14,9.0,1410113,
1100000.0,,,,2,14,17.0,1410113,2.0
1500000.0,,,,2,14,19.0,1410113,2.0
580000.0,,,,1,14,17.0,1410113,6.0
,,,,1,14,18.0,1410113,3.0
850000.0,,,,2,14,17.0,1410113,2.0
,,,,2,14,,1410113,
,,,,2,14,,1410113,
898000.0,,,,1,14,17.0,1410113,2.0
400000.0,,,,2,14,15.0,1410113,5.0
,,,214296.0,2,14,6.0,1420424,
,,,,2,14,7.0,1420424,
,,,,2,14,4.0,1420424,
,,,,2,14,3.0,1420424,
,,,,1,14,8.0,1420424,
,,,,2,14,4.0,1420424,
,,,,2,14,12.0,1420424,
,,,,1,14,12.0,1420424,6.0
300000.0,,,,1,14,12.0,1420424,4.0
,,,,1,14,,1420424,
,,,,1,14,,1420424,
250000.0,,,,2,14,12.0,1420424,9.0
800000.0,,,,1,14,12.0,1420424,6.0
,,,,2,14,,1420424,
,,,,1,14,,1420424,
600000.0,,,,1,14,10.0,1420424,8.0
600000.0,,,,1,14,12.0,1420424,8.0
,,,,2,14,8.0,1420424,
,,,,1,14,8.0,1420424,
,,,,2,14,12.0,1420424,
,,,,1,14,7.0,1420424,
,,,220000.0,2,14,8.0,1420424,
,,,,2,14,12.0,1420424,
,,21243.0,,2,14,,1420424,
,,,,2,14,12.0,1420424,
,,,,2,14,4.0,1420424,
,,,,2,14,12.0,1420424,
,,,,1,14,12.0,1420424,
,,21243.0,,1,14,,1420424,
,,21243.0,,1,14,,1420424,
400000.0,,,,1,14,12.0,1420424,9.0
600000.0,,,,1,14,12.0,1410824,5.0
,,,,2,14,12.0,1410824,
,,,,2,14,13.0,1410824,
,,,214296.0,2,14,7.0,1410824,
,,,214296.0,1,14,2.0,1410824,
,,,,2,14,8.0,1410824,
250000.0,,,,2,14,12.0,1410824,9.0
,,,,2,14,7.0,1410824,
400000.0,,,,1,14,12.0,1410824,7.0
,,,214296.0,1,14,3.0,1410824,
,,,,2,14,11.0,1410824,
,,,,1,14,,1410824,
,,,,1,14,,1410824,
,,,,1,14,,1410824,
500000.0,,,,1,14,10.0,1410824,6.0
,,,,2,14,12.0,1410824,
,,,,1,14,16.0,1410824,
,,,,1,14,12.0,1410824,
,,,,2,14,10.0,1410824,
384750.0,,,264296.0,1,14,8.0,1410824,5.0
,,,214296.0,2,14,3.0,1410824,
,,,,1,14,11.0,1410824,
,,,,2,14,8.0,1410824,
,,,,1,14,7.0,1410824,7.0
500000.0,,,,1,14,12.0,1410824,9.0
,,,,2,14,12.0,1410824,
,,,,2,14,6.0,1420111,
,,21243.0,,2,14,,1420111,
,,21243.0,,2,14,,1420111,
150000.0,,,,2,14,12.0,1420111,5.0
,,,,2,14,12.0,1420111,
,,,214296.0,1,14,4.0,1420111,
500000.0,,,,1,14,12.0,1420111,7.0
,,,,1,14,13.0,1420111,
,,,,2,14,12.0,1420111,
600000.0,,,,1,14,12.0,1420111,5.0
,,,,2,14,,1420111,
,,,,2,14,12.0,1420111,
,,,,2,14,6.0,1420111,
500000.0,,,,1,14,12.0,1420111,9.0
,,21243.0,,2,14,,1420111,
,,21243.0,,1,14,,1420111,
,,21243.0,,1,14,,1420111,
,,21243.0,,2,14,,1420111,
500000.0,,,,1,14,13.0,1420111,7.0
,,21243.0,,2,14,,1420111,
,,,,2,14,8.0,1420111,
680000.0,,,,2,14,12.0,1420111,7.0
,,,,2,14,,1420111,
350000.0,,,,2,14,14.0,1420111,2.0
,,,,1,14,,1420111,
4500000.0,,,,1,14,19.0,1410113,1.0
2000000.0,,,,2,14,26.0,1410113,2.0
,,,,2,14,14.0,1410113,
,,,,1,14,,1410113,
,,,820000.0,2,14,17.0,1410113,
,,,390000.0,1,14,12.0,1410113,
1400000.0,,,,2,14,17.0,1410113,2.0
2400000.0,,,,1,14,17.0,1410113,6.0
,,,,1,14,,1410113,
1800000.0,,,,1,14,18.0,1410113,2.0
1500000.0,,,,2,14,17.0,1410113,2.0
,,,,1,14,,1410113,
1300000.0,,,420000.0,2,14,15.0,1410113,1.0
,,,920000.0,1,14,15.0,1410113,
,,,,2,14,12.0,1410113,
,,,,1,14,,1410113,
,,,343296.0,2,14,10.0,1410113,
,,,,2,14,8.0,1410113,
,,,330000.0,1,14,15.0,1410113,
1500000.0,,,270000.0,1,14,17.0,1410113,5.0
,,,200000.0,2,14,17.0,1410113,
500000.0,,,260000.0,2,14,8.0,1410112,6.0
,,,,1,14,8.0,1410112,9.0
500000.0,,,,1,14,14.0,1410112,5.0
,,,,1,14,13.0,1410112,
,,,,2,14,,1410112,
,,,,2,14,12.0,1410112,
500000.0,,,,1,14,12.0,1410112,9.0
,,,,2,14,15.0,1410112,3.0
,,,,2,14,12.0,1410112,
650000.0,,,,1,14,12.0,1410112,8.0
500000.0,,,,1,14,17.0,1410112,3.0
,,,,2,14,17.0,1410112,
,,21243.0,,1,14,,1410112,
,,21243.0,,1,14,,1410112,
,,,,2,14,12.0,1410112,
600000.0,,,,1,14,12.0,1410112,7.0
-88.0,,,,2,14,12.0,1410112,3.0
,,,,2,14,,1410112,
,,,,2,14,,1410112,
,,,,1,14,12.0,1410112,7.0
,,,,2,14,0.0,1420117,9.0
160000.0,,,,1,14,10.0,1420117,9.0
200000.0,,,,2,14,15.0,1420117,5.0
250000.0,,,,1,14,11.0,1420117,9.0
,,,,2,14,14.0,1420117,
480000.0,,,,1,14,10.0,1420117,9.0
,,,,2,14,12.0,1420117,
,,,214000.0,2,14,17.0,1420117,
2000000.0,,,800000.0,2,14,16.0,1420117,2.0
,,,442472.0,2,14,10.0,1410111,
,,,330000.0,2,14,12.0,1410111,
,,,391942.0,1,14,12.0,1410111,
,600000.0,,,1,14,12.0,1410111,
,,,224000.0,2,14,8.0,1410111,
,,,,1,14,12.0,1410111,8.0
,,,,2,14,6.0,1410111,5.0
,,,,1,14,0.0,1410111,
300000.0,,,,1,14,14.0,1410111,5.0
,,21243.0,,2,14,12.0,1410111,
,,21243.0,,1,14,9.0,1410111,
,,,,2,14,10.0,1410111,5.0
,,,,1,14,10.0,1410111,5.0
,,,,2,14,,1410111,
,,,,1,14,12.0,1410714,5.0
,,,,1,14,15.0,1410714,5.0
,,,,1,14,19.0,1410714,8.0
,,,,2,14,12.0,1410714,
,,,,2,14,12.0,1410714,
,,,,1,14,17.0,1410714,
,,,,1,14,17.0,1410714,
,,,,2,14,16.0,1410714,
,,21243.0,,1,14,12.0,1410714,
500000.0,,,,2,14,12.0,1410714,5.0
800000.0,,,,1,14,17.0,1410714,2.0
,,,214296.0,2,14,6.0,1410714,
,,,,1,14,16.0,1410714,
600000.0,,,,1,14,12.0,1410112,7.0
,,,,2,14,,1410112,
500000.0,,,,2,14,12.0,1410112,9.0
0.0,,,,1,14,12.0,1410112,7.0
,,,,1,14,15.0,1410112,9.0
500000.0,,,,1,14,9.0,1410112,9.0
400000.0,,,,1,14,13.0,1410112,5.0
,,21243.0,,1,14,,1410112,
,,,,2,14,9.0,1410112,
,,,330000.0,1,14,6.0,1410112,
500000.0,,,,1,14,16.0,1410112,7.0
,,,,2,14,12.0,1410112,
,,,,2,14,2.0,1410112,
,,,,1,14,11.0,1410112,3.0
550000.0,,,,2,14,7.0,1410112,9.0
520000.0,,,,1,14,9.0,1410112,7.0
1000000.0,,,,2,14,17.0,1410112,2.0
,,,,1,14,,1410112,
,,,,1,14,,1410112,
,,,350000.0,2,14,15.0,1410112,
,,,,2,14,12.0,1410112,7.0
3600000.0,,,,1,14,17.0,1410112,2.0
,200000.0,,,2,14,15.0,1410112,
,120000.0,,,2,14,13.0,1410112,
,,,,1,14,,1410112,
,,,,2,14,5.0,1410112,5.0
,,,,1,14,,1410112,
,,,,1,14,,1410112,
,,,,2,14,11.0,1410112,
,,,,1,14,,1410112,
,,21243.0,,1,14,,1410112,
,,,214296.0,2,14,3.0,1410112,
,,,,1,14,12.0,1420324,7.0
,,,,2,14,14.0,1420324,7.0
,,,,1,14,,1420324,
750000.0,,,,1,14,12.0,1420324,8.0
,,,,2,14,8.0,1420324,
,,,,2,14,12.0,1420324,
,,,,1,14,,1420324,
,,,326000.0,1,14,12.0,1420324,
,,,,2,14,10.0,1420324,
500000.0,,,,1,14,10.0,1420324,6.0
,,,,1,14,11.0,1420324,
,,,214000.0,2,14,8.0,1420324,
-88.0,,,,1,14,12.0,1420324,8.0
,,,,1,14,13.0,1420324,
,,,,2,14,12.0,1420324,
,,,,2,14,14.0,1410112,
,,,,1,14,12.0,1410112,
,,,,2,14,,1410112,
550000.0,,,,1,14,12.0,1410112,5.0
,,,,2,14,12.0,1410112,
,,21243.0,,1,14,8.0,1410112,
,,21243.0,,1,14,,1410112,
900000.0,,,,1,14,12.0,1410112,7.0
,,,,2,14,12.0,1410112,
,,21243.0,,1,14,,1410112,
480000.0,,,,2,14,15.0,1410112,3.0
600000.0,,,260000.0,1,14,8.0,1410112,8.0
,,,214296.0,2,14,12.0,1410112,
600000.0,,,,1,14,12.0,1410112,8.0
150000.0,,,,1,14,14.0,1410112,8.0
,,,,2,14,13.0,1410112,7.0
,,,234000.0,2,14,9.0,1410112,
,,,280000.0,1,14,8.0,1410112,
600000.0,,,,2,14,9.0,1410112,8.0
600000.0,,,,2,14,15.0,1410112,3.0
,,,,1,14,,1410112,
,,21243.0,,2,14,,1410112,
,,21243.0,,1,14,,1410112,
,,,300000.0,1,14,6.0,1410112,
400000.0,,,,2,14,10.0,1410112,5.0
480000.0,,,,2,14,18.0,1410112,2.0
,,,,2,14,,1410112,
650000.0,,,,1,14,14.0,1410112,7.0
,500000.0,,,2,14,16.0,1410112,
,,,,1,14,,1410112,
850000.0,,,,2,14,15.0,1410112,5.0
,,,,1,14,13.0,1410112,9.0
,,,,2,14,17.0,1410112,2.0
,,,580000.0,2,14,,1410112,
,,,,1,14,12.0,1420424,
700000.0,,,,1,14,15.0,1420424,3.0
850000.0,,,,2,14,17.0,1420424,2.0
,,,214296.0,1,14,4.0,1420424,
,,,243000.0,1,14,3.0,1420424,
500000.0,,,,2,14,12.0,1420424,7.0
,,,,1,14,13.0,1420424,
,,,,1,14,,1420424,
,,,,1,14,,1420424,
100000.0,,,,2,14,8.0,1420424,9.0
,,,,2,14,15.0,1420424,1.0
,,,,2,14,13.0,1420424,
,,,278000.0,1,14,4.0,1420424,
,,,,1,14,17.0,1420424,6.0
,40000.0,,214296.0,2,14,8.0,1420424,
940000.0,,,402000.0,1,14,10.0,1420424,8.0
,,,,2,14,12.0,1420424,
1300000.0,,,,1,14,12.0,1420424,8.0
,,,,2,14,,1420424,
,,,,1,14,12.0,1420424,7.0
500000.0,,,,2,14,12.0,1420424,5.0
,,,,1,14,12.0,1410127,7.0
,,,,2,14,13.0,1410127,
,,,500000.0,2,14,12.0,1410127,
,,,440000.0,1,14,7.0,1410127,
,,,,1,14,15.0,1410127,8.0
,,,,2,14,12.0,1410127,
,,,,1,14,16.0,1410127,
600000.0,,,,2,14,12.0,1410127,3.0
,,,,2,14,12.0,1410127,
,,,,1,14,9.0,1410127,
,,21243.0,,2,14,,1410127,
,,21243.0,,1,14,,1410127,
,,,,1,14,8.0,1410127,6.0
,,21243.0,,2,14,,1410127,
,,21243.0,,1,14,12.0,1410127,
,,,214296.0,2,14,3.0,1410127,
,,,,2,14,13.0,1410127,
,,,220000.0,2,14,1.0,1410127,
,,,214296.0,1,14,4.0,1410127,
,,,,1,14,12.0,1410127,
,,,,2,14,12.0,1410127,7.0
,,,,2,14,11.0,1410127,
,,,,1,14,,1410127,
2500000.0,,,,1,14,17.0,1410127,2.0
,,,,2,14,12.0,1410127,
,,,,1,14,17.0,1410127,2.0
0.0,,,,1,14,19.0,1410127,2.0
,800000.0,,,1,14,16.0,1410414,
850000.0,,,,2,14,16.0,1410414,2.0
,,,,1,14,12.0,1410414,
,,,,1,14,,1410414,
,,,200000.0,2,14,3.0,1410414,
,,,220000.0,1,14,3.0,1410414,
,,,,2,14,0.0,1410414,
,,,266000.0,1,14,1.0,1410414,
,,,214296.0,2,14,0.0,1410414,
,,,,1,14,16.0,1410414,7.0
450000.0,,,,2,14,9.0,1410414,5.0
,,,395000.0,1,14,8.0,1410414,
,,,,2,14,6.0,1410414,
700000.0,,,,1,14,9.0,1420424,4.0
,,,,2,14,12.0,1420424,
,,,,2,14,16.0,1420424,
,,,,2,14,10.0,1420424,
,,,,2,14,,1420424,
,,,,1,14,,1420424,
,,,,2,14,15.0,1420424,
1000000.0,,,,1,14,15.0,1420424,6.0
,,,,1,14,,1420424,
,,,214296.0,2,14,6.0,1420424,
,,,,1,14,3.0,1420424,7.0
500000.0,,,,1,14,12.0,1420424,8.0
,,,,2,14,8.0,1420424,
,,,,1,14,13.0,1420424,
300000.0,,,,2,14,12.0,1420111,5.0
,,21243.0,,2,14,,1420111,
,,,,2,14,12.0,1420111,
,,,214296.0,2,14,8.0,1420111,
350000.0,,,,1,14,12.0,1420111,8.0
240000.0,,,,2,14,5.0,1420111,9.0
,,,,1,14,12.0,1420111,
,,,,1,14,10.0,1420111,
150000.0,,,,2,14,15.0,1420111,3.0
,,,,1,14,,1420111,
,,,,2,14,14.0,1420111,5.0
,,,,2,14,,1420111,
,,,,2,14,,1420111,
600000.0,,,,2,14,12.0,1420111,9.0
,,,,1,14,12.0,1420111,
,,,,2,14,,1420111,
,,,,2,14,,1420111,
,200000.0,,,2,14,15.0,1420111,
,,,,2,14,,1420111,
,,,,1,14,,1420111,
,,,,1,14,13.0,1420111,
,,,,1,14,12.0,1420111,
,,21243.0,,1,14,10.0,1420111,
,,21243.0,,2,14,,1420111,
,,21243.0,,1,14,,1420111,
,,,,2,14,12.0,1420111,5.0
,,,,2,14,12.0,1420214,
600000.0,,,,1,14,12.0,1420214,9.0
,,,,1,14,,1420214,
,,,,1,14,,1420214,
,,,,2,14,10.0,1420214,
,,,,2,14,,1420214,
405000.0,,,,1,14,12.0,1420214,8.0
,,,230000.0,1,14,3.0,1420214,
,,,198000.0,2,14,8.0,1420214,
,,,248000.0,1,14,9.0,1420214,
550000.0,,,,2,14,3.0,1420214,9.0
,,,,1,14,8.0,1420214,
,,,320000.0,2,14,5.0,1420214,
,,,,2,14,12.0,1420214,
150000.0,,,,1,14,12.0,1420214,9.0
900000.0,,,,1,14,12.0,1420214,3.0
,,,,2,14,12.0,1420214,
,,,,1,14,,1420214,
500000.0,,,,2,14,14.0,1420416,4.0
-88.0,,,,1,14,15.0,1420416,3.0
,,,,1,14,,1420416,
,,,350000.0,1,14,11.0,1420416,
800000.0,,,,1,14,12.0,1420416,3.0
,,,224000.0,2,14,10.0,1420416,
,,,214000.0,1,14,9.0,1420416,
,,,224580.0,1,14,0.0,1420416,
700000.0,,,,2,14,15.0,1420416,3.0
,,,214296.0,2,14,8.0,1420416,
,,,214296.0,2,14,4.0,1420416,9.0
,,,1060000.0,1,14,20.0,1420416,
,,,214000.0,2,14,12.0,1420416,
,,,497000.0,2,14,17.0,1420416,
,,,940000.0,1,14,17.0,1420416,
,,,,1,14,13.0,1410113,
,,,,2,14,13.0,1410113,
,,,400000.0,2,14,12.0,1410113,
,,,,1,14,17.0,1410113,
1200000.0,,,,2,14,16.0,1420111,2.0
,,,,2,14,6.0,1420111,
1200000.0,,,,2,14,16.0,1420111,2.0
1000000.0,,,,1,14,13.0,1420111,8.0
,,,280000.0,2,14,13.0,1420111,
850000.0,,,,1,14,12.0,1420111,8.0
,,,,1,14,9.0,1420111,
,,,,2,14,13.0,1420111,
,,,,1,14,,1420111,
,,,,1,14,8.0,1420111,9.0
,,,,1,14,8.0,1420111,9.0
,,,900000.0,1,14,12.0,1420111,
,,,900000.0,2,14,16.0,1420111,1.0
,,,,2,14,0.0,1420111,
,,,,2,14,4.0,1420111,
,,,,2,14,0.0,1420111,
,,,214296.0,2,14,4.0,1410814,
412500.0,,,,1,14,12.0,1410814,8.0
,,,214296.0,2,14,12.0,1410814,
375000.0,,,,1,14,12.0,1410814,5.0
1100000.0,,,,2,14,17.0,1410814,1.0
,,,214296.0,2,14,3.0,1410814,
,,,,2,14,,1410814,
,,,,1,14,12.0,1410814,
,,,,2,14,12.0,1410814,
800000.0,,,,2,14,12.0,1410814,2.0
,,,400000.0,2,14,10.0,1410814,
,,,200000.0,1,14,12.0,1410814,
1400000.0,,,,2,14,15.0,1410113,3.0
,,,,1,14,14.0,1410113,
,,,,2,14,10.0,1410113,
600000.0,,,,2,14,13.0,1410113,3.0
,,,,2,14,14.0,1410113,
,,,,1,14,10.0,1410113,
1800000.0,,,,1,14,14.0,1410113,3.0
,,,,2,14,17.0,1410113,7.0
,100000.0,,,2,14,12.0,1410113,
845000.0,,,,2,14,12.0,1410113,9.0
,,,,2,14,10.0,1410113,
,,,,1,14,,1410113,
,,,500000.0,2,14,9.0,1410113,
,,,700000.0,1,14,9.0,1410113,
2000000.0,,,,1,14,17.0,1410113,2.0
1200000.0,,,,2,14,17.0,1410113,2.0
500000.0,,,,2,14,14.0,1410113,3.0
150000.0,,,250000.0,2,14,9.0,1410111,9.0
,,,,2,14,10.0,1410111,
780000.0,,,,1,14,15.0,1410111,3.0
400000.0,,,,2,14,12.0,1410111,5.0
,,,,2,14,16.0,1410111,
,,,,2,14,11.0,1410111,
,,,,2,14,12.0,1410111,
,,,,1,14,12.0,1410111,7.0
,,,,1,14,15.0,1410111,
,,,,1,14,,1410111,
,,,214296.0,1,14,10.0,1410111,
,,,,1,14,4.0,1410614,
,,,,2,14,0.0,1410614,9.0
440000.0,,,,2,14,12.0,1410614,9.0
,,,,2,14,,1410614,
,,,,2,14,17.0,1410614,
,,,220000.0,2,14,3.0,1410614,
1000000.0,,,,1,14,18.0,1410614,2.0
2000000.0,,,,1,14,18.0,1410614,2.0
,,,,1,14,13.0,1410614,3.0
,,,,1,14,14.0,1410614,
,,,,1,14,,1410614,
,,,,2,14,4.0,1410614,
,,,,2,14,12.0,1410614,
780000.0,,,,1,14,12.0,1410614,7.0
,,,,2,14,,1410614,
,,,514000.0,2,14,13.0,1410614,
,,,297000.0,1,14,12.0,1410614,8.0
,,,,1,14,16.0,1410614,2.0
,,,,1,14,18.0,1410614,5.0
,,,,2,14,12.0,1410614,
520000.0,,,,1,14,12.0,1410614,3.0
,,,,2,14,,1410614,
,,,,2,14,13.0,1410614,
600000.0,,,,1,14,,1410614,8.0
,,,,2,14,14.0,1410614,
,,21243.0,,2,14,,1410614,
,,21243.0,,1,14,,1410614,
2000000.0,,,,2,14,18.0,1410113,3.0
1250000.0,,,,1,14,15.0,1410113,1.0
,,,,2,14,12.0,1410113,
,,,,2,14,19.0,1410113,
1700000.0,,,,1,14,17.0,1410113,2.0
,,,,1,14,,1410113,
,,,,2,14,16.0,1410113,2.0
,,,,1,14,17.0,1410113,3.0
,,,,1,14,,1410113,
3000000.0,,,,1,14,18.0,1410113,2.0
,,,,2,14,16.0,1410113,
,,,,2,14,,1410113,
,,,,2,14,,1410113,
,,,,2,14,8.0,1410314,
,,,,2,14,9.0,1410314,
,,,,1,14,6.0,1410314,7.0
,,,,1,14,,1410314,
,,,,2,14,,1410314,
,,,,1,14,12.0,1410314,
0.0,,,,2,14,12.0,1410314,5.0
,,,214000.0,1,14,4.0,1410314,
,,,,2,14,9.0,1410314,
,,,302332.0,2,14,12.0,1410314,
,,,214296.0,2,14,3.0,1410314,
,,,,1,14,8.0,1410314,
,,,214296.0,1,14,1.0,1410624,
,,,224000.0,2,14,6.0,1410624,
,,,,1,14,11.0,1410624,6.0
,,,,1,14,12.0,1410624,7.0
,,,,2,14,10.0,1410624,
,,,,1,14,15.0,1410624,
,,,,1,14,12.0,1410624,
,,,,2,14,,1410624,
,,,,2,14,12.0,1410624,
500000.0,,,,1,14,8.0,1410624,7.0
400000.0,,,,2,14,12.0,1410624,5.0
,100000.0,,,1,14,12.0,1410624,
,,,,1,14,,1410624,
,,,,2,14,,1410624,
2000000.0,,,,1,14,12.0,1410624,2.0
,,,,2,14,12.0,1410624,
,,,,2,14,,1410624,
,,,300000.0,1,14,0.0,1410624,
,,,,2,14,10.0,1410624,
468000.0,,,,2,14,11.0,1410624,6.0
,,,380000.0,1,14,8.0,1410112,
500000.0,,,,1,14,12.0,1410112,9.0
500000.0,,,,1,14,15.0,1410112,5.0
,,,214296.0,2,14,4.0,1410112,
,,,,2,14,7.0,1410112,
,,,,2,14,13.0,1410112,
1600000.0,,,,2,14,19.0,1410112,2.0
1000000.0,,,,1,14,21.0,1410112,2.0
200000.0,,,,1,14,17.0,1410112,2.0
,,,,1,14,16.0,1410112,2.0
,,,,2,14,12.0,1410112,7.0
40000.0,,,500000.0,2,14,11.0,1410112,5.0
,,,800000.0,1,14,11.0,1410112,
,,,,2,14,16.0,1410112,
670000.0,,,,1,14,14.0,1410112,5.0
,,,,2,14,12.0,1410314,
,,,214296.0,2,14,6.0,1410314,
,,,,2,14,12.0,1410314,
500000.0,,,,1,14,10.0,1410314,9.0
,,,,1,14,9.0,1410314,
,,,,2,14,,1410314,
,,,,2,14,,1410314,
,,,,2,14,,1410314,
0.0,,,,1,14,8.0,1410314,9.0
0.0,,,,2,14,4.0,1410314,9.0
270000.0,,,,2,14,12.0,1410814,9.0
,,,,1,14,12.0,1410814,
,,,214296.0,2,14,10.0,1410814,
825000.0,,,,1,14,12.0,1410814,8.0
,,,,2,14,13.0,1410814,
,,,,1,14,,1410814,
,,,,2,14,,1410814,
,,,,2,14,,1410814,
1300000.0,,,,1,14,16.0,1410814,3.0
600000.0,,,,1,14,17.0,1410814,2.0
600000.0,,,,2,14,17.0,1410814,2.0
,,,,1,14,,1410814,
,,,214296.0,2,14,1.0,1410814,9.0
500000.0,,,,1,14,12.0,1410814,8.0
,,,223573.0,2,14,5.0,1410814,
600000.0,,,,2,14,15.0,1410814,3.0
,,,,1,14,,1410814,
,,,,2,14,7.0,1410814,7.0
,,,,1,14,11.0,1410814,7.0
60000.0,,,,1,14,14.0,1410814,8.0
1400000.0,,,,1,14,14.0,1410127,3.0
,,,,2,14,2.0,1410127,
350000.0,,,,2,14,12.0,1410127,9.0
450000.0,,,,2,14,12.0,1410127,5.0
600000.0,,,,2,14,14.0,1410127,3.0
,,,,2,14,6.0,1410127,
,,,,1,14,12.0,1410127,
,,,,1,14,0.0,1410127,
500000.0,,,,1,14,12.0,1410714,7.0
,,,214244.0,2,14,12.0,1410714,
,,,214296.0,1,14,9.0,1410714,8.0
100000.0,,,104000.0,2,14,8.0,1410714,9.0
,,,,2,14,12.0,1410714,5.0
500000.0,,,,1,14,6.0,1410714,9.0
,60000.0,,,2,14,2.0,1410714,
,,,320000.0,1,14,15.0,1410714,6.0
,,,,2,14,15.0,1410714,
600000.0,,,,2,14,7.0,1410714,9.0
,,,,1,14,12.0,1410714,
,,,700000.0,1,14,12.0,1420111,
,,,,2,14,12.0,1420111,
-88.0,,,,1,14,15.0,1420111,5.0
0.0,,,,1,14,12.0,1420111,8.0
,,,,1,14,15.0,1420111,
850000.0,,,,1,14,8.0,1420111,7.0
,,,,1,14,12.0,1420111,
650000.0,,,,2,14,10.0,1420111,9.0
550000.0,,,,1,14,8.0,1420111,9.0
,,,214296.0,2,14,5.0,1420111,
480000.0,,,,2,14,12.0,1420111,4.0
,,21243.0,,2,14,11.0,1420111,
,,21243.0,,2,14,,1420111,
,,,214000.0,1,14,9.0,1420111,
,,,,2,14,0.0,1420111,
,,,214296.0,2,14,11.0,1420111,
,,,,2,14,12.0,1420111,
,,,,1,14,12.0,1420111,7.0
,,,,1,14,14.0,1420111,
,,,,2,14,,1420111,
,,,,1,14,,1420111,
,,,,2,14,13.0,1410112,
,,,,1,14,16.0,1410112,7.0
,,,,2,14,,1410112,
,,,,2,14,,1410112,
,,,,1,14,12.0,1410112,
,,,412296.0,1,14,5.0,1410112,
,,,214296.0,2,14,5.0,1410112,
500000.0,,,,2,14,12.0,1410112,4.0
,,,,1,14,1.0,1410112,6.0
500000.0,,,,2,14,12.0,1410112,9.0
,,,,1,14,,1410112,
,,,,1,14,0.0,1410112,
,,,422437.0,2,14,9.0,1410112,
415000.0,,,,2,14,13.0,1410112,3.0
,,,,1,14,12.0,1410112,
450000.0,,,,1,14,12.0,1410112,7.0
,,,227000.0,2,14,10.0,1410112,
,,,227000.0,2,14,9.0,1410112,
300000.0,,,,2,14,12.0,1410112,5.0
,,,214296.0,2,14,10.0,1410112,
,,,,1,14,12.0,1410112,
,,21243.0,,1,14,,1410112,
,,,,2,14,16.0,1410112,
950000.0,,,,1,14,15.0,1410112,5.0
630000.0,,,,2,14,16.0,1410112,4.0
,,,,2,14,,1410112,
,,,,2,14,,1410112,
,,,,2,14,,1410112,
,,,,1,14,19.0,1410127,1.0
,,,,2,14,17.0,1410127,
,,,,2,14,,1410127,
,,,,1,14,,1410127,
,,,,1,14,17.0,1410127,2.0
400000.0,,,,2,14,15.0,1410127,3.0
,,,,1,14,12.0,1410127,
,,,,1,14,15.0,1410127,8.0
3000000.0,,,,2,14,15.0,1410127,1.0
940000.0,,,,2,14,17.0,1410127,2.0
260000.0,,,,2,14,14.0,1410127,5.0
500000.0,,,,2,14,9.0,1410127,9.0
,,,,2,14,,1410127,
685000.0,,,,2,14,15.0,1410127,3.0
,500000.0,,,1,14,12.0,1410127,
,,,,2,14,,1410127,
,,,,2,14,,1410127,
,,,180000.0,1,14,12.0,1410127,7.0
,,,,1,14,15.0,1410127,5.0
,,,,1,14,17.0,1410127,3.0
,,,,2,14,8.0,1410127,
,,,,1,14,7.0,1410127,8.0
,,,,2,14,12.0,1410127,
500000.0,,,,1,14,12.0,1410127,7.0
450000.0,,,,2,14,12.0,1410127,5.0
,,,,1,14,11.0,1410127,6.0
100000.0,,,,2,14,10.0,1410414,4.0
460000.0,,,,2,14,14.0,1410414,5.0
500000.0,,,,2,14,12.0,1410414,9.0
500000.0,,,,1,14,12.0,1410414,7.0
,,,,1,14,9.0,1410414,
,,,,1,14,,1410414,
,,,214296.0,2,14,5.0,1410414,
,50000.0,,214296.0,1,14,4.0,1410414,
500000.0,,,,1,14,11.0,1410414,8.0
600000.0,,,,1,14,12.0,1410414,8.0
,,,,2,14,11.0,1410414,
,,,,1,14,12.0,1410414,
,,,,2,14,12.0,1410414,
500000.0,,,,1,14,12.0,1410414,8.0
,,,,1,14,,1410414,
,,,,1,14,13.0,1410414,
600000.0,,,250000.0,1,14,9.0,1410414,9.0
600000.0,,,,2,14,8.0,1410414,9.0
800000.0,,,,1,14,14.0,1410414,8.0
,,,,2,14,9.0,1410414,
,,,,1,14,10.0,1410414,7.0
,100000.0,,,2,14,12.0,1410414,
500000.0,,,,1,14,12.0,1410414,7.0
,,21243.0,,1,14,,1410414,
,,,,2,14,,1420214,
500000.0,,,,2,14,15.0,1420214,3.0
500000.0,,,,2,14,8.0,1420214,9.0
,,,220000.0,1,14,8.0,1420214,
,,,230000.0,2,14,8.0,1420214,
405000.0,,,,1,14,8.0,1420214,6.0
405000.0,,,,2,14,8.0,1420214,9.0
1200000.0,,,,1,14,12.0,1420214,7.0
,,,450000.0,2,14,12.0,1420214,
,,,,2,14,15.0,1420214,
,,,,1,14,12.0,1420214,9.0
,,,,2,14,15.0,1420214,7.0
,,,,2,14,,1420214,
,,,,2,14,,1420214,
,,,,1,14,,1420214,
1700000.0,,,,2,14,15.0,1420214,1.0
,,,,1,14,12.0,1420214,8.0
,,,,1,14,,1420214,
,,,,2,14,15.0,1420214,9.0
,,,,1,14,,1420214,
,,,,1,14,,1420214,
1700000.0,,,,2,14,18.0,1410113,2.0
,,,100000.0,2,14,15.0,1410113,
,,,,1,14,17.0,1410113,5.0
,,,,1,14,14.0,1410113,
,,,,2,14,12.0,1410113,
,,,,1,14,10.0,1410113,
,200000.0,,,2,14,17.0,1410113,
1500000.0,,,,1,14,16.0,1410113,5.0
,,,,1,14,12.0,1410113,
,,,,1,14,11.0,1410113,
,,,,1,14,,1410113,
1700000.0,,,,1,14,18.0,1410113,2.0
,,,,2,14,16.0,1410113,1.0
1500000.0,,,,1,14,15.0,1410113,3.0
,,,,2,14,12.0,1410113,4.0
,,,,2,14,16.0,1410113,2.0
,,,,1,14,12.0,1410113,
,,,,2,14,12.0,1410624,6.0
,,,,1,14,6.0,1410624,9.0
,,,,2,14,14.0,1410624,
,,,,2,14,3.0,1410624,
,,,300000.0,1,14,2.0,1410624,
,,,214296.0,2,14,0.0,1410624,
500000.0,,,,1,14,12.0,1410624,4.0
,,,,1,14,6.0,1410624,
,,,,1,14,10.0,1410624,7.0
,,,,2,14,10.0,1410624,
,,,,2,14,12.0,1410624,5.0
,,,,2,14,,1410624,
,,,,1,14,,1410624,
200000.0,,,230000.0,1,14,9.0,1410624,5.0
,,,,2,14,12.0,1410624,6.0
500000.0,,,,2,14,12.0,1410624,8.0
,,,,2,14,,1410624,
,,,,2,14,8.0,1410624,
,,,220000.0,2,14,8.0,1410624,
,,,225000.0,1,14,6.0,1410624,
,,,212000.0,2,14,4.0,1410414,
,,,214296.0,1,14,4.0,1410414,
,,,,2,14,5.0,1410414,
,,,123000.0,1,14,4.0,1410414,7.0
150000.0,,,,2,14,12.0,1410414,9.0
-88.0,,,,1,14,12.0,1410414,7.0
,,,,2,14,16.0,1410414,
,,,,2,14,10.0,1410414,
420000.0,,,,2,14,17.0,1410414,5.0
600000.0,,,,2,14,12.0,1410414,5.0
,,,214296.0,2,14,1.0,1410414,
500000.0,,,,1,14,9.0,1410414,5.0
,,,,2,14,17.0,1410414,
1067000.0,,,,1,14,17.0,1410414,2.0
,,,,2,14,15.0,1410414,
,,,,1,14,12.0,1410414,
,,,300000.0,2,14,4.0,1410414,
,,,,1,14,13.0,1410414,
500000.0,,,,2,14,12.0,1410414,9.0
,,,,1,14,,1410414,
550000.0,,,,1,14,12.0,1410414,9.0
,,,,1,14,,1410414,
,,,214000.0,2,14,8.0,1410714,
450000.0,,,,2,14,15.0,1410714,3.0
,,,,1,14,14.0,1410714,
,,,,2,14,,1410714,
,,,90000.0,2,14,12.0,1410714,
500000.0,,,,1,14,12.0,1410714,9.0
650000.0,,,,1,14,12.0,1410714,4.0
,,,,1,14,15.0,1410714,
,,,220425.0,2,14,5.0,1410714,
500000.0,,,,1,14,17.0,1410714,2.0
700000.0,,,,2,14,15.0,1410714,3.0
,,,214296.0,1,14,12.0,1410714,
,,,380000.0,2,14,2.0,1410714,
,,,214000.0,1,14,3.0,1410714,
,,,,2,14,4.0,1410714,
,,,214000.0,1,14,5.0,1420424,
150000.0,,,,1,14,10.0,1420424,8.0
,,,214000.0,1,14,0.0,1420424,
,,,,1,14,7.0,1420424,
500000.0,,,,1,14,8.0,1420424,9.0
530000.0,,,,2,14,15.0,1420424,3.0
,,,,1,14,,1420424,
,,,,1,14,12.0,1420424,7.0
500000.0,,,,1,14,8.0,1420424,8.0
,,,,2,14,4.0,1420424,
900000.0,,,,2,14,17.0,1420424,2.0
,,,,2,14,16.0,1420424,
150000.0,,,,2,14,4.0,1420424,9.0
500000.0,,,,1,14,4.0,1420424,7.0
,,,,1,14,14.0,1420424,
,,,300000.0,1,14,3.0,1420424,9.0
,,,,2,14,10.0,1420424,
,,,,1,14,0.0,1420424,
220000.0,,,,1,14,8.0,1420424,3.0
,,,,2,14,,1420424,
300000.0,,,,1,14,9.0,1420424,9.0
525000.0,,,,2,14,9.0,1420424,9.0
,,,,2,14,12.0,1420424,5.0
,,,,2,14,,1420424,
,,,,2,14,12.0,1420424,
500000.0,,,,1,14,7.0,1420424,8.0
500000.0,,,,2,14,13.0,1420424,9.0
,,,,1,14,,1420424,
500000.0,,,,2,14,7.0,1420117,9.0
,,21243.0,,2,14,10.0,1420117,
,,,,2,14,12.0,1420117,
405000.0,,,,1,14,12.0,1420117,9.0
480000.0,,,,1,14,12.0,1420117,9.0
,,,,1,14,12.0,1420117,
,,,,2,14,,1420117,
924000.0,,,,2,14,17.0,1420117,2.0
500000.0,,,,2,14,15.0,1420117,4.0
,,21243.0,,2,14,,1420117,
,,21243.0,,2,14,,1420117,
,,,214296.0,2,14,6.0,1420117,
,,,,2,14,11.0,1420117,
,,,,2,14,17.0,1420117,
405000.0,,,,1,14,12.0,1420117,8.0
,,,,1,14,,1420117,
440000.0,,,,1,14,12.0,1420117,9.0
,,,,2,14,8.0,1420117,
600000.0,,,,2,14,15.0,1420117,3.0
,,,,1,14,,1420117,
,,,214296.0,2,14,12.0,1420111,
,,,214296.0,1,14,4.0,1420111,7.0
,,,,2,14,3.0,1420111,
480000.0,,,,1,14,14.0,1420111,8.0
480000.0,,,,2,14,14.0,1420111,5.0
,,,,1,14,,1420111,
,,,,1,14,,1420111,
,,,,2,14,8.0,1420111,
,,,,1,14,10.0,1420111,
,,,,1,14,10.0,1420111,
,,,,2,14,,1420111,
,,,,2,14,,1420111,
,,,,2,14,,1420111,
,,,,2,14,2.0,1420111,
480000.0,,,,1,14,12.0,1420111,7.0
,,,,1,14,11.0,1420111,
,,,,2,14,,1420111,
,,,,2,14,0.0,1420111,
300000.0,,,,2,14,10.0,1420111,6.0
,,,,1,14,,1420111,
,,,214296.0,1,14,7.0,1420111,
,,,214296.0,2,14,4.0,1420111,
600000.0,,,,2,14,17.0,1420111,2.0
,,,,1,14,12.0,1420111,7.0
,,,,2,14,,1420111,
,,,,2,14,11.0,1420111,
,,,,1,14,12.0,1420111,9.0
,,,,2,14,8.0,1420111,
,,,,1,14,12.0,1420111,
,,,,1,14,,1420111,
,,,,1,14,,1420111,
240000.0,,,,2,14,12.0,1410111,5.0
570000.0,,,214296.0,2,14,14.0,1410111,5.0
1250000.0,,,,1,14,16.0,1410111,7.0
,,,,2,14,12.0,1410111,
,,,,2,14,,1410111,
545000.0,,,,2,14,12.0,1410111,3.0
,,,,2,14,,1410111,
,,,,2,14,,1410111,
580000.0,,,500000.0,1,14,12.0,1410111,5.0
,,,260000.0,2,14,13.0,1410111,
,,,140000.0,2,14,12.0,1410111,5.0
,,,200000.0,2,14,15.0,1410111,
,,,600000.0,1,14,12.0,1410111,
520000.0,,,,1,14,10.0,1410111,9.0
,,,,2,14,12.0,1410127,5.0
0.0,,,,1,14,12.0,1410127,9.0
,,,,2,14,8.0,1410127,9.0
,,,214296.0,1,14,8.0,1410127,
,,,,2,14,12.0,1410127,1.0
1300000.0,,,,2,14,14.0,1410127,5.0
,,,214296.0,1,14,12.0,1410127,
,,,214000.0,1,14,6.0,1410127,
,,,,2,14,5.0,1410127,
480000.0,,,,1,14,12.0,1410127,3.0
,,,,1,14,12.0,1410127,7.0
,,,,2,14,15.0,1410127,
,,,,1,14,10.0,1410127,
,,,100000.0,2,14,15.0,1410127,5.0
,,,,1,14,0.0,1410127,
2000000.0,,,,1,14,17.0,1410127,2.0
2000000.0,,,,2,14,15.0,1410127,2.0
,,,,1,14,13.0,1410127,
,,,,2,14,12.0,1420126,6.0
,,,,2,14,12.0,1420126,
,,,214296.0,1,14,9.0,1420126,6.0
,,,,2,14,9.0,1420126,
200000.0,,,,2,14,8.0,1420126,6.0
500000.0,,,,1,14,12.0,1420126,8.0
,,,,2,14,12.0,1420126,
,,21243.0,,2,14,,1420126,
,200000.0,,,1,14,8.0,1420126,
180000.0,,,,2,14,7.0,1420126,6.0
,,,,2,14,,1420126,
1253957.0,,,290000.0,2,14,16.0,1420126,4.0
,,,214296.0,1,14,8.0,1420126,
,,,,2,14,5.0,1420126,6.0
,,,120000.0,2,14,5.0,1420126,
600000.0,,,,1,14,12.0,1420126,5.0
500000.0,,,,1,14,8.0,1420126,8.0
,,,,2,14,12.0,1420126,
,,,,2,14,,1420126,
,,,214296.0,2,14,7.0,1420126,
,,,320000.0,1,14,5.0,1420126,
,,,320000.0,1,14,5.0,1420126,
,,,,1,14,17.0,1410113,
,,,,1,14,17.0,1410113,
,,,,2,14,21.0,1410113,2.0
,,,,1,14,17.0,1410113,
,,,,1,14,,1410113,
4000000.0,,,,1,14,18.0,1410113,2.0
,,,,2,14,17.0,1410113,
,,,,1,14,,1410113,
,,,,1,14,,1410113,
3000000.0,,,,2,14,21.0,1410113,2.0
,,,,1,14,11.0,1410113,
,,,,2,14,9.0,1410113,
,,,214296.0,2,14,4.0,1410112,
800000.0,,,,2,14,15.0,1410112,4.0
,,,,1,14,,1410112,
,,,214296.0,1,14,8.0,1410112,
,,,,2,14,8.0,1410112,
,,,217027.0,1,14,4.0,1410112,
,,,241296.0,1,14,8.0,1410112,
,,,,1,14,17.0,1410112,
,,,,2,14,10.0,1410112,
,,,214296.0,2,14,5.0,1410112,
600000.0,,,,1,14,15.0,1410112,7.0
,,,,1,14,6.0,1410112,
,,,214296.0,2,14,5.0,1410112,
400000.0,,,,1,14,12.0,1410112,5.0
,,,,2,14,6.0,1420324,
,,,,1,14,12.0,1420324,
,,,,2,14,,1420324,
,250000.0,,,2,14,12.0,1420324,
,,,,1,14,8.0,1420324,8.0
,,21243.0,,1,14,,1420324,
,,,,1,14,3.0,1420324,
,,,,2,14,6.0,1420324,
,,,,2,14,,1420324,
,,,,2,14,12.0,1420324,5.0
,,,,1,14,12.0,1420324,5.0
,,,,1,14,12.0,1420324,
500000.0,,,,1,14,10.0,1420324,8.0
,,,,2,14,7.0,1420324,
,,,,1,14,,1420324,
500000.0,,,,2,14,15.0,1410814,3.0
500000.0,,,,1,14,12.0,1410814,9.0
,,,,1,14,15.0,1410814,
,,,,2,14,11.0,1410814,
,,,,1,14,,1410814,
,,,,2,14,8.0,1410814,
,,,,1,14,15.0,1410814,1.0
500000.0,,,,2,14,16.0,1410814,5.0
,,,,2,14,8.0,1410814,
500000.0,,,,1,14,8.0,1410814,7.0
,,,300000.0,1,14,12.0,1410814,
,,,,2,14,7.0,1410814,
600000.0,,,,1,14,17.0,1410814,2.0
,,,,1,14,4.0,1410824,3.0
600000.0,,,,1,14,12.0,1410824,7.0
600000.0,,,,2,14,10.0,1410824,5.0
,,,,2,14,,1410824,
1500000.0,,,1000000.0,1,14,17.0,1410824,2.0
,,,214296.0,2,14,17.0,1410824,
,,,,1,14,4.0,1410824,6.0
,,,,2,14,4.0,1410824,7.0
0.0,,,,2,14,12.0,1410824,5.0
350000.0,,,,2,14,12.0,1410824,4.0
,,21243.0,,1,14,,1410824,
,,,243000.0,1,14,3.0,1410824,
1000000.0,,,,2,14,17.0,1410524,2.0
,,,,2,14,17.0,1410524,
,,,,1,14,9.0,1410524,
,,,,1,14,9.0,1410524,
,,,1260000.0,1,14,15.0,1410524,
,,,330000.0,2,14,12.0,1410524,
,,,340000.0,1,14,,1410524,
,,,,2,14,7.0,1410524,
900000.0,,,,1,14,17.0,1410524,5.0
,,,,2,14,,1410524,
,,21243.0,,1,14,,1410524,
,,,,2,14,1.0,1410524,
,,,,1,14,13.0,1410524,
,,,,1,14,17.0,1410524,1.0
,,,,2,14,15.0,1410524,4.0
,,,214296.0,1,14,6.0,1410524,
,,,214296.0,2,14,4.0,1410524,
,,,214296.0,1,14,6.0,1410524,
,,,212000.0,2,14,6.0,1410524,7.0
,,,214296.0,1,14,8.0,1410524,
,,,,2,14,6.0,1410524,
350000.0,,,,2,14,12.0,1410524,9.0
,,,,1,14,,1410524,
,,,700000.0,2,14,10.0,1410112,
,,,195000.0,1,14,17.0,1410112,2.0
,,,,1,14,12.0,1410112,6.0
,,,,2,14,12.0,1410112,
,,,,2,14,6.0,1410112,
,,,,2,14,,1410112,
,,,,2,14,6.0,1410112,
1500000.0,,,,1,14,16.0,1410112,3.0
200000.0,,,,2,14,17.0,1410112,2.0
,,,400000.0,1,14,4.0,1410112,
,,,,2,14,16.0,1410113,
,,,,2,14,15.0,1410113,
2000000.0,,,,1,14,17.0,1410113,2.0
1500000.0,,,,2,14,17.0,1410113,2.0
,,,,2,14,16.0,1410113,
,,,,1,14,12.0,1410113,
,,,,2,14,16.0,1410113,2.0
,,,,1,14,17.0,1410113,
,,,,1,14,12.0,1410113,
800000.0,,,,1,14,14.0,1410113,4.0
260000.0,,,,2,14,17.0,1410113,2.0
2500000.0,,,,1,14,24.0,1410113,2.0
1800000.0,,,,1,14,17.0,1410113,2.0
,,,1000000.0,2,14,17.0,1410113,
,,,,1,14,17.0,1410113,
,,,1100000.0,1,14,17.0,1410113,3.0
,,,700000.0,2,14,12.0,1410113,
-88.0,,,,2,14,17.0,1410113,2.0
,,,,2,14,15.0,1410113,
1000000.0,,,,2,14,16.0,1410113,2.0
,,,,1,14,15.0,1410113,
500000.0,,,,1,14,13.0,1410113,5.0
,38000.0,,,2,14,17.0,1410113,
,,,,2,14,18.0,1410113,3.0
,,,940000.0,1,14,19.0,1410113,
,,,,2,14,15.0,1410113,
,,,800000.0,1,14,17.0,1410113,
,,,,2,14,12.0,1410113,
,,,,1,14,23.0,1410113,2.0
1000000.0,,,,2,14,19.0,1410113,1.0
,,,,2,14,,1410113,
3000000.0,,,,1,14,24.0,1410113,2.0
,,,,2,14,14.0,1410113,5.0
,,,,1,14,18.0,1410113,
,,,,2,14,18.0,1410113,
4000000.0,,,,2,14,22.0,1410113,2.0
,,,,1,14,11.0,1410113,
,,,514000.0,2,14,10.0,1410113,
,,,250000.0,1,14,9.0,1410113,
,,,,1,14,17.0,1410113,
1000000.0,,,,2,14,17.0,1410113,2.0
,,,,1,14,15.0,1410113,
,,,,1,14,11.0,1410113,
,,,,2,14,,1410113,
,,,,2,14,6.0,1410324,
,,,,1,14,6.0,1410324,7.0
,,,,1,14,12.0,1410324,7.0
,,,,2,14,10.0,1410324,5.0
,,,280000.0,1,14,8.0,1410324,
,,,280000.0,1,14,15.0,1410324,
,,,214296.0,2,14,10.0,1410324,
,,,900000.0,2,14,17.0,1410324,
800000.0,,,220000.0,1,14,17.0,1410324,2.0
1300000.0,,,,2,14,14.0,1410113,2.0
,,,,1,14,16.0,1410113,
,,,,1,14,16.0,1410113,
,,,,1,14,13.0,1410113,1.0
,,,350000.0,2,14,17.0,1410113,
200000.0,,,,2,14,17.0,1410113,5.0
,,,514000.0,2,14,13.0,1410113,
,,,,2,14,13.0,1410113,
,,,,1,14,12.0,1410113,8.0
700000.0,,,,2,14,14.0,1410113,3.0
915000.0,,,,2,14,16.0,1410113,5.0
500000.0,,,,1,14,16.0,1410113,7.0
,,,,1,14,,1410113,
,,,,2,14,12.0,1410113,
1000000.0,,,,1,14,19.0,1410113,3.0
1000000.0,,,,2,14,15.0,1410113,2.0
70000.0,,,,1,14,17.0,1410113,5.0
500000.0,,,,2,14,15.0,1410113,3.0
,,,,2,14,,1410113,
400000.0,,,,2,14,14.0,1410113,4.0
,,,,1,14,17.0,1410113,1.0
,,,,2,14,17.0,1410113,
,,,,2,14,14.0,1410113,
,,,,2,14,22.0,1410113,2.0
,,,400000.0,2,14,8.0,1420117,5.0
,,,214296.0,2,14,2.0,1420117,
700000.0,,,,2,14,15.0,1420117,3.0
,,,,2,14,17.0,1420117,2.0
500000.0,,,,2,14,16.0,1420117,3.0
250000.0,,,,2,14,12.0,1420117,9.0
,,,,2,14,10.0,1420117,
520000.0,,,,1,14,12.0,1420117,8.0
2200000.0,,,,2,14,17.0,1410624,2.0
500000.0,,,,1,14,12.0,1410624,9.0
,,,,2,14,9.0,1410624,
,,,,1,14,12.0,1410624,9.0
,,,300000.0,1,14,16.0,1410624,
,,,214296.0,2,14,16.0,1410624,
,,,,1,14,3.0,1410624,
,,,,2,14,12.0,1410624,
500000.0,,,,1,14,12.0,1410624,9.0
,,,,1,14,12.0,1410624,7.0
120000.0,,,,2,14,12.0,1410624,9.0
,,,,1,14,17.0,1410624,
,,,,2,14,12.0,1410624,
,,,,1,14,,1410624,
,50000.0,,,1,14,8.0,1410624,
,60000.0,,,2,14,12.0,1410624,
,,,,1,14,1.0,1410624,
,,,,2,14,5.0,1410624,
,,,,2,14,,1410624,
,,,214296.0,2,14,6.0,1410511,
,,,,2,14,12.0,1410511,5.0
,,,214296.0,1,14,10.0,1410511,
,,,214296.0,2,14,6.0,1410511,
,,,300000.0,1,14,6.0,1410511,
,,,,1,14,9.0,1410511,7.0
,,,214296.0,2,14,0.0,1410511,
,,,220000.0,1,14,6.0,1420416,
,,,200000.0,2,14,6.0,1420416,
,,,,2,14,8.0,1420416,9.0
,,,,2,14,8.0,1420416,
,,21243.0,,1,14,,1420416,
,,21243.0,,1,14,,1420416,
,,21243.0,,1,14,,1420416,
,,21243.0,,1,14,,1420416,
,,,,2,14,12.0,1420416,
700000.0,,,,1,14,12.0,1420416,8.0
,,21243.0,,1,14,,1420416,
,,21243.0,,2,14,,1420416,
150000.0,,,,1,14,12.0,1420416,9.0
,,,,2,14,8.0,1420416,
120000.0,,,,2,14,8.0,1420416,9.0
,,,,2,14,15.0,1420416,
,,21243.0,,1,14,11.0,1420416,
,,21243.0,,1,14,,1420416,
,,,,2,14,12.0,1420416,
600000.0,,,,1,14,8.0,1420416,8.0
,,,,1,14,,1420416,
,,,,2,14,12.0,1420424,
,,,,2,14,12.0,1420424,
,,,,2,14,0.0,1420424,
,,,170000.0,2,14,8.0,1420424,
500000.0,,,,1,14,12.0,1420424,6.0
,310000.0,,,1,14,7.0,1420424,
,,,,2,14,7.0,1420424,
160000.0,,,,2,14,12.0,1420424,5.0
,,,,2,14,6.0,1420424,
500000.0,,,,1,14,12.0,1420424,8.0
,,,200000.0,2,14,0.0,1420424,
500000.0,,,,1,14,9.0,1420424,5.0
800000.0,,,,1,14,9.0,1420424,6.0
250000.0,,,,2,14,13.0,1420424,5.0
,,,200000.0,1,14,4.0,1420424,
,,,214296.0,1,14,12.0,1420424,
,,,300000.0,1,14,2.0,1420424,
,,,214000.0,2,14,8.0,1420424,
1200000.0,,,,1,14,12.0,1420424,8.0
,,,214296.0,2,14,5.0,1420424,
450000.0,,,214296.0,1,14,4.0,1420424,9.0
,,,,2,14,10.0,1410314,7.0
,190000.0,,,1,14,8.0,1410314,
,,,,2,14,,1410314,
,,,,2,14,16.0,1410314,3.0
,,,,2,14,11.0,1410314,
,,,,1,14,12.0,1410314,
,,,,2,14,,1410314,
500000.0,,,,2,14,12.0,1410314,9.0
,,,,2,14,17.0,1410314,
500000.0,,,,2,14,12.0,1410314,9.0
,,,,2,14,14.0,1410314,
,,,,2,14,12.0,1410314,
,,,,1,14,,1410314,
,,,340000.0,2,14,3.0,1410314,
,,,,2,14,6.0,1410314,
,,,214296.0,1,14,0.0,1410314,
,,,,1,14,11.0,1410314,
,,,214296.0,2,14,0.0,1410314,
,,,,1,14,0.0,1410314,
,,,260000.0,1,14,0.0,1410112,
,,,,2,14,0.0,1410112,
,,,,1,14,12.0,1410112,
290000.0,,,,1,14,13.0,1410112,9.0
600000.0,,,,1,14,12.0,1410112,5.0
,,,,2,14,12.0,1410112,5.0
,,,,2,14,11.0,1410112,
600000.0,,,,2,14,17.0,1410112,2.0
700000.0,,,,1,14,18.0,1410112,2.0
,50000.0,,,2,14,12.0,1410112,
,,,,1,14,,1410112,
600000.0,,,,1,14,12.0,1410112,7.0
,,,,2,14,14.0,1410112,
700000.0,,,,2,14,13.0,1410112,9.0
,,,,1,14,,1410112,
1300000.0,,,,1,14,12.0,1410112,3.0
550000.0,,,,2,14,14.0,1410112,3.0
,,,,2,14,16.0,1410112,
,,,,2,14,10.0,1410112,
,,,,2,14,,1410112,
261000.0,,,,2,14,8.0,1410112,9.0
,,21243.0,,1,14,,1410112,
2400000.0,,,,2,14,19.0,1410112,2.0
1000000.0,,,,1,14,16.0,1410112,1.0
,,,,2,14,17.0,1410112,
500000.0,,,,2,14,12.0,1410112,9.0
,,21243.0,,1,14,,1410112,
,,21243.0,,2,14,,1410112,
,,,,2,14,,1410112,
980000.0,,,,1,14,12.0,1410112,1.0
1300000.0,,,,2,14,17.0,1410112,3.0
,,,,2,14,12.0,1410112,
,,,,2,14,0.0,1410112,
800000.0,,,,1,14,16.0,1420126,1.0
,,,214296.0,2,14,9.0,1420126,
800000.0,,,,1,14,16.0,1420126,5.0
,,,,1,14,17.0,1420126,2.0
400000.0,,,,2,14,12.0,1410112,5.0
,,,100000.0,1,14,13.0,1410112,
,,,350000.0,2,14,9.0,1410112,
,,,290000.0,1,14,2.0,1410112,
430000.0,,,,1,14,15.0,1410112,7.0
500000.0,,,,1,14,9.0,1410112,8.0
,,,,2,14,12.0,1410112,
540000.0,,,,1,14,15.0,1410112,5.0
,,,,2,14,12.0,1410814,7.0
,,,,1,14,2.0,1410814,6.0
,,,,2,14,8.0,1410814,
,,,214296.0,1,14,8.0,1410814,
1200000.0,,,,2,14,17.0,1410814,2.0
,,,,2,14,,1410814,
350000.0,,,,1,14,12.0,1410814,8.0
,,,,2,14,12.0,1410814,
,,21243.0,,1,14,,1410814,
,,,500000.0,2,14,12.0,1410814,7.0
,,,300000.0,1,14,5.0,1410814,7.0
1000000.0,,,,1,14,17.0,1410111,8.0
,,,,2,14,15.0,1410111,
,,21243.0,,1,14,9.0,1410111,
,,21243.0,,2,14,10.0,1410111,
,,21243.0,,2,14,,1410111,
,,,220000.0,1,14,4.0,1410111,
,,,,1,14,13.0,1410111,7.0
,,,240000.0,2,14,9.0,1410111,
,,,214296.0,2,14,7.0,1410111,
500000.0,,,,1,14,6.0,1410111,8.0
,,,,1,14,5.0,1410111,
,,,,1,14,15.0,1410111,
,,,103000.0,2,14,12.0,1410111,
,,,,1,14,14.0,1410111,
500000.0,,,,1,14,12.0,1410111,5.0
250000.0,,,,2,14,12.0,1410111,9.0
,,,,1,14,9.0,1410111,
,,,,2,14,5.0,1420424,
,,,,2,14,12.0,1420424,
,,,,1,14,8.0,1420424,7.0
,,,,1,14,,1420424,
,,,,1,14,,1420424,
,,,,1,14,15.0,1420424,
480000.0,,,,2,14,15.0,1420424,3.0
,,,,2,14,,1420424,
,,,,2,14,,1420424,
450000.0,,,,2,14,6.0,1420424,9.0
,,,,2,14,12.0,1420424,
,,,230000.0,2,14,8.0,1420424,
,,,,2,14,10.0,1420424,
,,,,2,14,4.0,1420424,
,,,,1,14,8.0,1420424,9.0
400000.0,,,,1,14,12.0,1420424,8.0
,,,214296.0,1,14,8.0,1420424,
,,,214296.0,2,14,9.0,1420424,
,,,,2,14,9.0,1420424,
,,,650000.0,1,14,14.0,1410127,
900000.0,,,,2,14,17.0,1410127,5.0
,,,700000.0,1,14,15.0,1410127,
,,,350000.0,2,14,17.0,1410127,
,,,,1,14,12.0,1410127,7.0
,,,,2,14,12.0,1410127,
,,,,2,14,9.0,1410127,
,,,,2,14,,1410127,
,,,,2,14,17.0,1410127,
,,,,2,14,7.0,1410127,
,,,,1,14,10.0,1410127,3.0
,,,,2,14,12.0,1410127,
1800000.0,,,,2,14,17.0,1410127,2.0
,,,230000.0,2,14,17.0,1410127,
,,,1500000.0,1,14,17.0,1410127,
,,,,2,14,12.0,1410127,
,,,,1,14,15.0,1410127,7.0
,,,,2,14,12.0,1410127,
,,,,2,14,13.0,1410127,
928000.0,,,,2,14,17.0,1410127,3.0
800000.0,,,,1,14,17.0,1410127,2.0
,,,,1,14,12.0,1410127,
,,,214000.0,2,14,0.0,1420224,
500000.0,,,,2,14,8.0,1420224,5.0
600000.0,,,,2,14,12.0,1420224,5.0
600000.0,,,,1,14,12.0,1420224,1.0
,,,,1,14,8.0,1420224,7.0
460000.0,,,364296.0,1,14,7.0,1420224,9.0
,,,,2,14,8.0,1420224,
,,,,1,14,,1420224,
,,,,1,14,12.0,1420224,
460000.0,,,,2,14,12.0,1420224,5.0
,,,214296.0,2,14,3.0,1420224,
,,,,2,14,4.0,1420224,
,,21243.0,,2,14,9.0,1420224,
225000.0,,,,1,14,8.0,1420224,6.0
2500000.0,,,,2,14,17.0,1420224,2.0
,,,,1,14,17.0,1420224,1.0
,,,,2,14,7.0,1420224,
800000.0,,,,1,14,5.0,1420224,6.0
2250000.0,,,,1,14,15.0,1410724,6.0
,,,,2,14,16.0,1410724,
,,,,1,14,,1410724,
,,,,2,14,,1410724,
,,,,2,14,7.0,1410724,
500000.0,,,,1,14,4.0,1410724,6.0
,150000.0,,,2,14,5.0,1410724,
500000.0,,,,1,14,9.0,1410724,9.0
,,,,2,14,9.0,1410724,
,,21243.0,,2,14,,1410724,
,,,,2,14,2.0,1410724,
,,,,1,14,4.0,1410724,7.0
500000.0,,,,1,14,10.0,1410724,9.0
500000.0,,,,1,14,12.0,1410724,6.0
,,,214296.0,1,14,8.0,1410714,
500000.0,,,,1,14,8.0,1410714,6.0
,,,,2,14,8.0,1410714,
800000.0,,,,1,14,12.0,1410714,5.0
,,,,2,14,15.0,1410714,
,,21243.0,,2,14,,1410714,
,,,214296.0,1,14,0.0,1410714,
,,,214296.0,2,14,0.0,1410714,
200000.0,,,,1,14,4.0,1410714,7.0
500000.0,,,,2,14,15.0,1410714,3.0
,,,,1,14,,1410714,
,,,,2,14,,1410714,
750000.0,,,,1,14,9.0,1410714,7.0
,,,,1,14,8.0,1410714,6.0
,,,,1,14,6.0,1410714,7.0
400000.0,,,,1,14,12.0,1410724,8.0
500000.0,,,,2,14,17.0,1410724,2.0
,,,,1,14,12.0,1410724,6.0
,,,,2,14,12.0,1410724,
,,,,2,14,14.0,1410724,
,,21243.0,,2,14,,1410724,
,,21243.0,,2,14,,1410724,
,100000.0,,,2,14,15.0,1410724,
,,21243.0,,1,14,,1410724,
,,21243.0,,2,14,,1410724,
,,21243.0,,1,14,,1410724,
,,,204000.0,2,14,14.0,1410724,6.0
,,,214296.0,1,14,10.0,1410724,
,,,214296.0,2,14,3.0,1410724,
800000.0,,,310000.0,1,14,6.0,1410724,6.0
,,,,2,14,5.0,1410724,
,,,,1,14,14.0,1410724,1.0
,,,214296.0,2,14,12.0,1410724,
,,,,1,14,12.0,1410724,7.0
,,,,2,14,5.0,1410724,
,,21243.0,,2,14,13.0,1410724,
,,21243.0,,2,14,,1410724,
,,,360000.0,1,14,1.0,1410724,
,,,,2,14,7.0,1410724,
,,,,2,14,12.0,1410724,
405000.0,,,,1,14,12.0,1410724,8.0
,,,,2,14,,1410724,
,,,,1,14,,1410724,
,,,,2,14,4.0,1410724,6.0
,,,,1,14,17.0,1410724,6.0
500000.0,,,,1,14,12.0,1420224,5.0
,,,,2,14,15.0,1420224,5.0
,,21243.0,,1,14,,1420224,
405000.0,,,,1,14,5.0,1420224,7.0
,,,,1,14,10.0,1420224,
,,,214296.0,2,14,10.0,1420224,
,,,,2,14,12.0,1420224,
,,21243.0,,2,14,,1420224,
,,,,2,14,15.0,1420224,
,,,240000.0,1,14,12.0,1420224,
500000.0,,,,1,14,8.0,1420224,9.0
,,,,2,14,7.0,1420224,
,,,,1,14,,1420224,
,,,,2,14,,1420224,
,,,214296.0,2,14,8.0,1420224,
,,,,2,14,12.0,1420224,
280000.0,,,,1,14,16.0,1410113,2.0
,,,,2,14,12.0,1410113,5.0
600000.0,,,,1,14,13.0,1410113,7.0
,,,,1,14,14.0,1410113,5.0
,,,,1,14,13.0,1410113,
2300000.0,,,,2,14,12.0,1410113,2.0
700000.0,,,,1,14,12.0,1410113,5.0
,,,,1,14,,1410113,
,,,400000.0,2,14,12.0,1410113,
,,,214296.0,2,14,0.0,1410113,
,,,214296.0,1,14,6.0,1420111,
,,,214296.0,2,14,6.0,1420111,
600000.0,,,,2,14,12.0,1420111,9.0
,,,,1,14,16.0,1420111,
525000.0,,,,1,14,12.0,1420111,5.0
,,,,2,14,15.0,1420111,
,,,,2,14,11.0,1420111,
,,21243.0,,1,14,,1420111,
,,21243.0,,1,14,,1420111,
,,21243.0,,1,14,,1420111,
,,,,1,14,12.0,1420111,7.0
,,,,2,14,17.0,1420111,5.0
500000.0,,,,1,14,12.0,1420111,7.0
,,,,1,14,,1420111,
,,,,1,14,12.0,1420111,7.0
300000.0,,,,1,14,17.0,1420111,2.0
,,,,2,14,10.0,1420111,
,,,,1,14,11.0,1420111,
2900000.0,,,,2,14,19.0,1420111,2.0
,,,,1,14,17.0,1420111,1.0
,,,,1,14,,1420111,
,,,,1,14,,1420111,
,,,,1,14,6.0,1420111,7.0
,,,,2,14,11.0,1420111,
,,,230000.0,2,14,4.0,1420224,
405000.0,,,,1,14,0.0,1420224,9.0
600000.0,,,,1,14,3.0,1420224,9.0
,,,,2,14,8.0,1420224,
,,,219296.0,2,14,1.0,1420224,
650000.0,,,300000.0,1,14,7.0,1420224,5.0
,,,,1,14,13.0,1420224,
600000.0,,,,1,14,13.0,1420224,6.0
,,,,2,14,12.0,1420224,
,,,,2,14,13.0,1420224,
,,,,1,14,,1420224,
640000.0,,,,1,14,12.0,1420224,9.0
600000.0,,,,1,14,15.0,1420224,5.0
,680000.0,,,2,14,12.0,1420224,
,,,,1,14,13.0,1420224,
,,,,1,14,8.0,1420224,8.0
,,,,2,14,6.0,1420224,
500000.0,,,,1,14,16.0,1420224,8.0
600000.0,,,,2,14,15.0,1420224,3.0
,,,,2,14,16.0,1420224,
,,,,1,14,0.0,1420224,
,,,214000.0,2,14,8.0,1410112,
,,,,2,14,12.0,1410112,7.0
500000.0,,,,1,14,12.0,1410112,5.0
,,,,1,14,9.0,1410112,
410000.0,,,,1,14,11.0,1410112,9.0
400000.0,,,,2,14,12.0,1410112,9.0
,,,,2,14,17.0,1410112,
1500000.0,,,,1,14,12.0,1410112,4.0
,,,,1,14,,1410112,
,,,,1,14,,1410112,
,,,,2,14,,1410112,
,,,320000.0,1,14,12.0,1410112,
-88.0,,,,1,14,16.0,1410112,2.0
,,,800000.0,1,14,17.0,1410112,1.0
500000.0,,,,2,14,15.0,1410112,4.0
,,,,1,14,12.0,1410112,
,,,270000.0,2,14,17.0,1410112,
,,,90000.0,2,14,13.0,1410112,6.0
,,,,2,14,17.0,1410112,
,,,,1,14,12.0,1410112,
,,,,2,14,12.0,1410112,
,,,,1,14,8.0,1410112,
,,,,2,14,9.0,1410112,
,,,214000.0,1,14,12.0,1410111,7.0
,,,,2,14,8.0,1410111,
700000.0,,,,2,14,12.0,1410111,5.0
700000.0,,,,1,14,8.0,1410111,7.0
600000.0,,,,1,14,14.0,1410111,9.0
150000.0,,,,1,14,15.0,1410111,7.0
,,,,1,14,,1410111,
,,,,2,14,,1410111,
0.0,,,,2,14,12.0,1410111,5.0
,,,214296.0,2,14,1.0,1410111,
290000.0,,,,2,14,15.0,1410111,5.0
200000.0,,,,1,14,7.0,1410111,9.0
,,21243.0,,2,14,,1410111,
,,,,1,14,12.0,1410111,7.0
,,,,2,14,17.0,1410113,2.0
2000000.0,,,,1,14,19.0,1410113,2.0
1200000.0,,,,2,14,17.0,1410113,2.0
,,,,1,14,,1410113,
1200000.0,,,,1,14,17.0,1410113,2.0
1800000.0,,,,2,14,21.0,1410113,2.0
,,,,1,14,,1410113,
3200000.0,,,,1,14,19.0,1410113,1.0
,,,,2,14,10.0,1410113,
2000000.0,,,,2,14,17.0,1410113,2.0
3500000.0,,,,1,14,17.0,1410113,2.0
,,,,2,14,,1410113,
,,,,1,14,,1410113,
1500000.0,,,270000.0,2,14,16.0,1410113,3.0
,,,,1,14,16.0,1410113,
350000.0,,,,1,14,10.0,1410113,9.0
,,,,2,14,0.0,1410113,
500000.0,,,,2,14,17.0,1410113,1.0
,,21243.0,,1,14,9.0,1410113,
,,,,2,14,,1410113,
500000.0,,,,1,14,17.0,1410113,2.0
500000.0,,,,1,14,8.0,1410824,6.0
,,,400000.0,1,14,8.0,1410824,
,,,214296.0,2,14,12.0,1410824,
265000.0,,,,2,14,3.0,1410824,6.0
375000.0,,,,1,14,6.0,1410824,9.0
,,,,2,14,15.0,1410824,
,,21243.0,,1,14,,1410824,
,,,,2,14,3.0,1410824,
,,,214296.0,1,14,0.0,1410824,6.0
,,,,2,14,12.0,1410824,
,,21243.0,,2,14,11.0,1410824,
,,21243.0,,2,14,,1410824,
,,21243.0,,1,14,,1410824,
,,21243.0,,2,14,,1410824,
,,,,2,14,9.0,1410824,5.0
,,,,1,14,12.0,1410824,7.0
,,,,1,14,7.0,1420424,7.0
,,,,2,14,2.0,1420424,
2000000.0,,,1250000.0,1,14,17.0,1420424,1.0
,,,212000.0,1,14,6.0,1420424,
,,,,2,14,6.0,1420424,
,,,,1,14,10.0,1420424,9.0
300000.0,,,,1,14,6.0,1420424,9.0
,,,290000.0,1,14,0.0,1420424,
,,,214296.0,2,14,7.0,1420424,
1200000.0,,,,1,14,15.0,1420424,1.0
,,,,2,14,3.0,1420424,
,,,,2,14,6.0,1420424,
,,,,2,14,3.0,1420424,9.0
,,,,2,14,12.0,1420424,
700000.0,,,,1,14,12.0,1410112,8.0
,,,102000.0,2,14,13.0,1410112,5.0
,,,,2,14,9.0,1410112,5.0
,,,,1,14,7.0,1410112,
,,,,2,14,12.0,1410112,
,,,,2,14,12.0,1410112,
,75000.0,,,2,14,12.0,1410112,
,,,,1,14,12.0,1410112,7.0
,,,,2,14,14.0,1410112,
,,,,2,14,11.0,1410112,
,,,,1,14,11.0,1410112,
,,,,1,14,,1410112,
350000.0,,,,2,14,5.0,1410112,9.0
500000.0,,,,1,14,12.0,1410112,5.0
130000.0,,,,1,14,12.0,1410112,9.0
,,,,2,14,4.0,1410112,
,,,220000.0,2,14,0.0,1410112,
,,,,1,14,16.0,1410112,
,,,,2,14,16.0,1410112,
500000.0,,,,2,14,12.0,1410112,7.0
,,,,2,14,12.0,1410112,
,,,,2,14,6.0,1410424,
500000.0,,,,1,14,8.0,1410424,8.0
,,,,2,14,6.0,1410424,
,,,,2,14,,1410424,
450000.0,,,,1,14,7.0,1410424,6.0
,,,,1,14,11.0,1410424,
,,,,2,14,15.0,1410424,
,,,,1,14,10.0,1410424,
,,21243.0,,2,14,,1410424,
,,21243.0,,1,14,,1410424,
,,21243.0,,1,14,,1410424,
,,,,1,14,12.0,1410424,9.0
,,,,2,14,12.0,1410424,
,,,,1,14,12.0,1410424,
,,,,1,14,,1410424,
,,,,1,14,,1410424,
,,,,2,14,5.0,1410424,
,,,300000.0,1,14,12.0,1410424,
,,,,1,14,14.0,1410113,3.0
,,,,2,14,18.0,1410113,2.0
,,,,2,14,13.0,1410113,
600000.0,,,,2,14,15.0,1410113,3.0
,,,,1,14,15.0,1410113,3.0
,,,,1,14,16.0,1410113,3.0
700000.0,,,,2,14,12.0,1410113,3.0
350000.0,,,,2,14,9.0,1410113,9.0
380000.0,,,,2,14,18.0,1410113,5.0
,,,,1,14,11.0,1410113,
,,,,1,14,8.0,1410113,
2500000.0,,,,2,14,19.0,1410113,2.0
500000.0,,,,2,14,15.0,1410113,5.0
,,,,1,14,15.0,1410113,3.0
,,,,2,14,12.0,1410113,
,,,355000.0,1,14,12.0,1420126,
,,,214296.0,2,14,12.0,1420126,
,,,,2,14,17.0,1420126,
,,,,1,14,15.0,1420126,
,,,,2,14,12.0,1420126,
600000.0,,,,1,14,12.0,1420126,3.0
600000.0,,,,2,14,17.0,1420126,2.0
,,,,1,14,15.0,1420126,1.0
,,,664216.0,2,14,17.0,1420126,
1500000.0,,,,1,14,17.0,1420126,2.0
,,,,1,14,17.0,1410113,2.0
,,,,2,14,21.0,1410113,2.0
,,,,1,14,18.0,1410113,
600000.0,,,,1,14,16.0,1410113,2.0
,,,,2,14,15.0,1410113,
2500000.0,,,,1,14,17.0,1410113,3.0
,,,,2,14,15.0,1410113,
,,,,1,14,16.0,1410113,
,,,,1,14,13.0,1410113,
,,,,2,14,12.0,1410113,
1400000.0,,,,1,14,15.0,1410113,7.0
980000.0,,,,2,14,16.0,1410113,2.0
450000.0,,,,2,14,17.0,1410113,2.0
1100000.0,,,,1,14,12.0,1410113,8.0
,,,350000.0,1,14,12.0,1410113,
1200000.0,,,,2,14,17.0,1410113,3.0
,,,,2,14,11.0,1410113,
,,,800000.0,1,14,12.0,1410113,
,,,,2,14,12.0,1410113,
3000000.0,,,,1,14,17.0,1410113,2.0
5000000.0,,,,2,14,19.0,1410113,2.0
,,,,1,14,17.0,1410113,
,,,,2,14,,1410113,
,,,800000.0,1,14,20.0,1410113,
,,,,2,14,10.0,1410113,
,,,,1,14,6.0,1410624,6.0
,,,,2,14,8.0,1410624,6.0
0.0,,,,1,14,13.0,1410624,9.0
,,,214296.0,1,14,6.0,1410624,6.0
,,,214296.0,2,14,12.0,1410112,
,,,350000.0,1,14,12.0,1410112,
,,,,1,14,15.0,1410112,
,,,,2,14,12.0,1410112,
,,,,1,14,12.0,1410112,
,,,,1,14,,1410112,
600000.0,,,,2,14,11.0,1410112,7.0
700000.0,,,,2,14,17.0,1410112,2.0
850000.0,,,,2,14,16.0,1410112,2.0
,,,,1,14,14.0,1410112,8.0
60000.0,,,218000.0,2,14,12.0,1410112,9.0
180000.0,,,150000.0,1,14,14.0,1410112,8.0
850000.0,,,,1,14,14.0,1410112,0.0
,80000.0,,,2,14,18.0,1410112,
,,,,1,14,,1410112,
,,,,1,14,,1410112,
,,,900000.0,1,14,12.0,1410112,
,,,,2,14,6.0,1410112,
,200000.0,,,2,14,12.0,1410112,
,,,,1,14,13.0,1410112,
,,,214296.0,2,14,8.0,1410724,
,,,600000.0,1,14,22.0,1410724,
,,,,2,14,4.0,1410724,
,,21243.0,,1,14,9.0,1410724,
,,,,1,14,8.0,1410724,
,,,,1,14,7.0,1410724,
405000.0,,,,1,14,8.0,1410724,7.0
,900000.0,,,2,14,17.0,1410724,
1300000.0,,,,2,14,17.0,1410724,2.0
,,,,2,14,13.0,1410724,9.0
,,,,2,14,9.0,1410724,6.0
,,,,1,14,16.0,1410724,
,,,,1,14,10.0,1410724,
,,,,2,14,12.0,1410724,
500000.0,,,,1,14,9.0,1410724,8.0
,,,,2,14,,1410724,
,,,,1,14,,1410724,
,,,,1,14,10.0,1410724,7.0
,,,,2,14,5.0,1410724,
,400000.0,,,1,14,15.0,1410724,
,,,,1,14,15.0,1410724,
,,,,2,14,14.0,1410724,
460000.0,,,,2,14,12.0,1410724,5.0
,,,301000.0,1,14,5.0,1420416,5.0
,,,214296.0,2,14,12.0,1420416,5.0
,,,369000.0,1,14,12.0,1420416,
,,,214296.0,2,14,9.0,1420416,
,,,,2,14,12.0,1420416,
,,,,2,14,12.0,1420416,
,,21243.0,,1,14,,1420416,
600000.0,,,,1,14,12.0,1420416,8.0
,,,200000.0,2,14,6.0,1420416,
,,,,2,14,15.0,1420416,3.0
560000.0,,,680000.0,1,14,12.0,1420416,8.0
,,,,2,14,17.0,1420416,
,,,580000.0,1,14,12.0,1420416,
,,,,2,14,8.0,1420416,
500000.0,,,,1,14,12.0,1420416,5.0
,,,,1,14,,1420416,
,,,,2,14,,1420416,
,,,,2,14,,1420416,
850000.0,,,,1,14,12.0,1420126,8.0
,,,214296.0,2,14,6.0,1420126,
,,,,2,14,12.0,1420126,
,,,214296.0,1,14,7.0,1420126,
,,,300000.0,1,14,2.0,1420126,
,,,214296.0,2,14,2.0,1420126,
,,,,2,14,6.0,1420126,
,,,250000.0,2,14,1.0,1420126,
464835.0,,,,1,14,8.0,1420126,6.0
600000.0,,,,1,14,12.0,1420126,9.0
340000.0,,,,2,14,12.0,1420126,9.0
,,,,2,14,,1420126,
,,,,2,14,13.0,1420126,
480000.0,,,,1,14,7.0,1420126,9.0
,,,,1,14,15.0,1420126,
,,,,2,14,15.0,1420126,
,,21243.0,,1,14,,1420126,
,,,,1,14,17.0,1420126,2.0
,,,,2,14,9.0,1410414,
,,,,2,14,12.0,1410414,
500000.0,,,,1,14,12.0,1410414,1.0
,,,,2,14,,1410414,
,,,,2,14,12.0,1410414,
,,,,2,14,14.0,1410414,
360000.0,,,,2,14,15.0,1410414,5.0
,,,,1,14,11.0,1410414,
580000.0,,,,2,14,12.0,1410414,5.0
,,,,2,14,,1410414,
,,,214296.0,1,14,10.0,1410414,
,,,214296.0,2,14,12.0,1410414,
650000.0,,,,1,14,8.0,1410414,7.0
500000.0,,,,1,14,12.0,1410414,9.0
,,,214296.0,2,14,9.0,1420224,7.0
,,,260000.0,2,14,7.0,1420224,5.0
450000.0,,,,1,14,12.0,1420224,8.0
,150000.0,,214296.0,1,14,8.0,1420224,
,,,,1,14,12.0,1420224,1.0
,,,,2,14,9.0,1420224,
,,,214296.0,1,14,0.0,1420224,
,,,214296.0,2,14,2.0,1420224,
405000.0,,,,1,14,12.0,1420224,7.0
,,,,1,14,4.0,1420224,9.0
,,,,2,14,16.0,1420224,
,,,,2,14,12.0,1420224,5.0
700000.0,,,,1,14,10.0,1420224,8.0
500000.0,,,,1,14,12.0,1420224,9.0
,,,,2,14,12.0,1420224,
,,,,1,14,,1420224,
,,,214296.0,2,14,6.0,1410111,
,,,214296.0,2,14,5.0,1410111,
,,,250000.0,1,14,5.0,1410111,
,,,,1,14,11.0,1410111,
,30000.0,,,1,14,0.0,1410111,
0.0,,,,2,14,12.0,1410111,9.0
,,21243.0,,1,14,,1410111,
,,21243.0,,1,14,10.0,1410111,
,,,,2,14,12.0,1410111,
,,,,1,14,12.0,1410111,
,,,,2,14,9.0,1420424,
,,21243.0,,2,14,11.0,1420424,
,,,214296.0,2,14,2.0,1420424,
500000.0,,,,1,14,12.0,1420424,7.0
,,,,1,14,8.0,1420424,6.0
,,,250000.0,2,14,3.0,1420424,
,,,950000.0,1,14,15.0,1420424,
,,,214000.0,2,14,8.0,1420424,
-88.0,,,,2,14,16.0,1420424,2.0
,,,,2,14,6.0,1420424,
500000.0,,,214296.0,1,14,9.0,1420424,9.0
,,,,2,14,11.0,1420424,
,,,,1,14,12.0,1420424,7.0
,,,,2,14,10.0,1420424,
,,,,1,14,8.0,1420424,
,,,,2,14,12.0,1420424,
,,21243.0,,1,14,,1420424,
,,,220000.0,2,14,3.0,1420424,
,,,330000.0,1,14,8.0,1420424,9.0
,,,214296.0,2,14,0.0,1420424,
,,,,2,14,17.0,1420424,
,,,,2,14,,1420424,
,,,,2,14,17.0,1420424,
,,,800000.0,1,14,6.0,1420424,
,,,214296.0,2,14,8.0,1420424,
,,,214296.0,2,14,3.0,1410112,
,,,,1,14,12.0,1410112,7.0
700000.0,,,,2,14,16.0,1410112,2.0
,,,,1,14,15.0,1410112,
,,,375000.0,1,14,0.0,1410112,
,,,214296.0,2,14,5.0,1410112,
200000.0,,,,2,14,12.0,1410112,3.0
,,,,2,14,12.0,1410112,
,,,,2,14,13.0,1410112,
,,,,2,14,10.0,1410112,
,,,200000.0,2,14,1.0,1410112,
250000.0,,,,2,14,15.0,1410112,5.0
80000.0,,,,2,14,14.0,1410112,5.0
500000.0,,,,2,14,12.0,1410112,5.0
500000.0,,,,2,14,12.0,1410112,5.0
500000.0,,,,1,14,12.0,1410112,5.0
250000.0,,,,2,14,11.0,1410112,5.0
,,21243.0,,2,14,,1410112,
,,21243.0,,2,14,,1410112,
1000000.0,,,,1,14,12.0,1410112,5.0
400000.0,,,,2,14,17.0,1410112,4.0
500000.0,,,,2,14,14.0,1410112,4.0
,,,,1,14,,1410112,
900000.0,,,,1,14,12.0,1410111,8.0
,240000.0,,,2,14,16.0,1410111,
,,,,2,14,15.0,1410111,
,,,,2,14,,1410111,
,,,,2,14,22.0,1410111,2.0
,,,214296.0,2,14,15.0,1410111,
,,,,1,14,14.0,1410111,
,,,,2,14,16.0,1410111,7.0
,,,,1,14,13.0,1410111,
,,,214296.0,2,14,8.0,1410111,
250000.0,,,,2,14,12.0,1410111,9.0
,,,,2,14,16.0,1410111,
,,,,1,14,13.0,1410111,
,,21243.0,,1,14,,1410111,
230000.0,,,,2,14,8.0,1410111,5.0
,,,,1,14,8.0,1410111,7.0
1100000.0,,,,2,14,17.0,1410111,2.0
,,,,2,14,11.0,1410111,
,,,,1,14,,1410111,
0.0,,,,2,14,10.0,1410111,9.0
,500000.0,,,1,14,11.0,1410111,
,,,260000.0,1,14,0.0,1410111,
,,,214000.0,2,14,0.0,1410111,
750000.0,,,,1,14,17.0,1410111,2.0
700000.0,,,,2,14,17.0,1410111,2.0
0.0,,,226000.0,2,14,2.0,1410314,5.0
170000.0,,,240000.0,1,14,9.0,1410314,9.0
,,,,1,14,8.0,1410314,9.0
600000.0,,,,1,14,12.0,1410314,8.0
500000.0,,,,2,14,12.0,1410314,5.0
800000.0,,,,2,14,15.0,1410314,3.0
,,,,2,14,10.0,1410314,
,,,,2,14,8.0,1410314,
,,,180000.0,2,14,6.0,1410314,7.0
,,,,2,14,8.0,1410314,
500000.0,,,,1,14,12.0,1410314,7.0
500000.0,,,,1,14,15.0,1410314,8.0
500000.0,,,,1,14,12.0,1410314,8.0
,,,,2,14,8.0,1410314,
,,,,2,14,,1410314,
,,,,1,14,14.0,1410314,
,,,,2,14,10.0,1410314,
,,,,1,14,,1410314,
500000.0,,,,2,14,12.0,1410314,9.0
450000.0,,,,1,14,12.0,1410314,8.0
,,,,2,14,12.0,1410314,
,,,,2,14,,1410314,
,,,,1,14,,1410314,
,,,100000.0,2,14,20.0,1410113,
,,,,2,14,14.0,1410113,7.0
,,,,2,14,17.0,1410113,
,,,,2,14,14.0,1410113,
,,,177347.0,2,14,15.0,1410113,
1500000.0,,,,2,14,17.0,1410113,2.0
,,,,1,14,12.0,1410113,
,,,,1,14,,1410113,
1000000.0,,,,1,14,12.0,1410113,5.0
800000.0,,,,2,14,12.0,1410113,5.0
,,,,2,14,,1410113,
480000.0,,,,2,14,15.0,1410314,3.0
,,,,1,14,,1410314,
,,,,1,14,,1410314,
,,,,1,14,12.0,1410314,
500000.0,,,,2,14,10.0,1410314,9.0
500000.0,,,,1,14,4.0,1410314,9.0
500000.0,,,,1,14,12.0,1410314,4.0
,,,,2,14,13.0,1410314,
,,,,1,14,,1410314,
750000.0,,,,1,14,17.0,1410314,2.0
750000.0,,,,2,14,17.0,1410314,2.0
,,,,1,14,,1410314,
,,,,1,14,,1410314,
,,,,1,14,11.0,1410314,7.0
,,,,1,14,15.0,1410314,5.0
,,,,2,14,10.0,1410314,5.0
,,,,1,14,13.0,1410314,
,,,,2,14,14.0,1410314,
550000.0,,,,1,14,12.0,1410314,9.0
,,,,1,14,,1410314,
,70000.0,,,1,14,6.0,1410824,
,,,214296.0,2,14,0.0,1410824,
,,,,1,14,6.0,1410824,9.0
,,,214296.0,2,14,3.0,1410824,
,,,,1,14,12.0,1410824,7.0
,,,,2,14,8.0,1410824,
,,,,2,14,9.0,1410824,
,,,,2,14,6.0,1410824,
,,,200000.0,1,14,2.0,1410824,
,,,,1,14,12.0,1410824,
,,,,2,14,12.0,1410824,
,,21243.0,,2,14,,1410824,
,,,,2,14,,1410824,
,,,214296.0,2,14,4.0,1410824,
,,,214296.0,1,14,4.0,1410824,
,,,,2,14,5.0,1410824,
,,,,2,14,5.0,1410824,
,,,,1,14,8.0,1410824,6.0
,,21243.0,,2,14,9.0,1410824,
,60000.0,,,1,14,8.0,1410824,
,,,214296.0,2,14,0.0,1410824,
,,,,1,14,0.0,1410824,
,,,214000.0,2,14,17.0,1420424,
380000.0,,,,1,14,12.0,1420424,9.0
,,,,2,14,7.0,1420424,
,,,,1,14,9.0,1420424,
,,,,2,14,3.0,1420424,
500000.0,,,,1,14,7.0,1420424,9.0
,,,,2,14,15.0,1420424,
1000000.0,,,,1,14,15.0,1420424,3.0
,,,,2,14,12.0,1420424,6.0
500000.0,,,,1,14,12.0,1420424,5.0
,,,,2,14,12.0,1420424,
500000.0,,,,1,14,8.0,1420424,6.0
,,,,1,14,16.0,1420424,
,,,,1,14,,1420424,
500000.0,,,,1,14,8.0,1420424,9.0
,,,,2,14,12.0,1420424,
,,,,2,14,12.0,1420424,
500000.0,,,,1,14,12.0,1420424,6.0
500000.0,,,,2,14,10.0,1420424,6.0
700000.0,,,,2,14,12.0,1420424,6.0
,,,,2,14,9.0,1420424,
700000.0,,,,1,14,6.0,1420424,6.0
500000.0,,,,1,14,12.0,1420416,2.0
,,,,2,14,15.0,1420416,1.0
,,,,2,14,15.0,1420416,
,,,,1,14,15.0,1420416,
300000.0,,,,2,14,12.0,1420416,7.0
0.0,,,,1,14,9.0,1420416,8.0
,,,,1,14,,1420416,
434000.0,,,,1,14,12.0,1420416,9.0
,,,,2,14,12.0,1420416,
,,,,2,14,,1420416,
,,,214296.0,2,14,4.0,1420416,
,,,,1,14,8.0,1420416,7.0
,,,,2,14,6.0,1420416,
,,,,2,14,15.0,1420416,7.0
300000.0,,,,2,14,12.0,1420416,5.0
,,,,2,14,12.0,1420416,
,,,214296.0,1,14,12.0,1420416,
,,,214296.0,2,14,6.0,1420416,
405000.0,,,,2,14,12.0,1420416,5.0
,,,,1,14,16.0,1420416,
,,,700000.0,1,14,17.0,1410112,
,,,,2,14,17.0,1410112,2.0
1000000.0,,,,1,14,17.0,1410112,4.0
800000.0,,,,1,14,15.0,1410112,5.0
,,,,2,14,14.0,1410112,2.0
,,,,1,14,10.0,1410112,
,,,,1,14,,1410112,
,,,,2,14,10.0,1410112,
,,,,1,14,0.0,1410112,
600000.0,,,,1,14,11.0,1410112,7.0
500000.0,,,,1,14,11.0,1410112,8.0
600000.0,,,,1,14,18.0,1410112,1.0
,,,,2,14,17.0,1410112,2.0
,600000.0,,,1,14,19.0,1410112,
,,,,2,14,,1410112,
,,,,1,14,16.0,1410112,
4000000.0,,,,1,14,20.0,1410113,2.0
,,,,2,14,17.0,1410113,
,,,,1,14,16.0,1410113,
,,,,2,14,14.0,1410113,
,,,950000.0,1,14,17.0,1410113,
,,,900000.0,2,14,17.0,1410113,
,,,,2,14,18.0,1410113,2.0
5000000.0,,,,1,14,20.0,1410113,2.0
5000000.0,,,,2,14,22.0,1410113,2.0
,,,300000.0,2,14,20.0,1410113,
1200000.0,,,,1,14,21.0,1410113,2.0
,,,,2,14,12.0,1410113,
,,,450000.0,2,14,17.0,1410113,
,,,800000.0,1,14,17.0,1410113,
,,,,2,14,17.0,1410113,
,,,,1,14,17.0,1410113,7.0
,,,,2,14,,1410113,
,,,,1,14,,1410113,
,,,600000.0,2,14,24.0,1410113,
,,,1500000.0,1,14,27.0,1410113,
620000.0,,,180000.0,2,14,12.0,1410113,9.0
400000.0,,,,1,14,8.0,1410714,6.0
,,,,2,14,8.0,1410714,5.0
,,,,2,14,15.0,1410714,5.0
,,,,2,14,12.0,1410714,5.0
,,21243.0,,1,14,,1410714,
0.0,,,,1,14,4.0,1410714,3.0
,,,214296.0,2,14,3.0,1410714,
,,,,2,14,4.0,1410714,
600000.0,,,,2,14,6.0,1410714,9.0
,,,,1,14,8.0,1410714,7.0
726000.0,,,,2,14,5.0,1410714,9.0
,,,214296.0,2,14,6.0,1410111,
550000.0,,,214296.0,1,14,8.0,1410111,7.0
150000.0,,,,2,14,12.0,1410111,9.0
,,,226879.0,2,14,4.0,1410111,
,,,452065.0,1,14,3.0,1410111,
150000.0,,,,2,14,9.0,1410111,9.0
,,,,2,14,12.0,1410111,
600000.0,,,,1,14,12.0,1410111,7.0
,,,,2,14,12.0,1410111,
,,21243.0,,1,14,9.0,1410111,
,,,,2,14,22.0,1410111,
,,,,1,14,17.0,1410111,3.0
,,,,2,14,8.0,1410111,
,,,,1,14,12.0,1410111,6.0
,,,,1,14,11.0,1410111,6.0
500000.0,,,,2,14,3.0,1410111,9.0
,,,,2,14,,1410111,
,,,,1,14,,1410111,
,,,,2,14,8.0,1410111,
,,,,1,14,6.0,1410111,7.0
350000.0,,,,2,14,8.0,1410111,9.0
400000.0,,,,1,14,12.0,1410111,5.0
,,,,2,14,12.0,1410111,
500000.0,,,,1,14,10.0,1410111,8.0
,,,,2,14,12.0,1410111,5.0
,,,320000.0,1,14,4.0,1410111,
400000.0,,,,2,14,12.0,1410111,9.0
,,,,2,14,,1410111,
,,,,2,14,,1410111,
,,,,2,14,,1410111,
700000.0,,,,1,14,12.0,1410111,5.0
400000.0,,,,1,14,8.0,1410111,7.0
,,,,2,14,12.0,1410111,
,,,,1,14,12.0,1410111,
600000.0,,,,1,14,10.0,1410111,9.0
,,,,2,14,10.0,1410111,
,,,,2,14,,1410111,
,,,,2,14,12.0,1410111,7.0
500000.0,,,,1,14,12.0,1410111,9.0
,,,,1,14,11.0,1410111,
,,,,2,14,,1410111,
,,,280000.0,2,14,10.0,1410111,
,,,,2,14,12.0,1410111,
,,,,1,14,13.0,1410111,7.0
,,,,1,14,12.0,1410111,
500000.0,,,,2,14,12.0,1410111,9.0
500000.0,,,,2,14,12.0,1410111,5.0
,,,,2,14,10.0,1410111,
,,,,2,14,,1410111,
500000.0,,,,1,14,10.0,1410111,7.0
,,,,2,14,2.0,1410111,
,,,,1,14,9.0,1410111,
,,,,2,14,0.0,1410111,
,,,,1,14,9.0,1410111,
,,,,2,14,,1410111,
,,,,2,14,3.0,1410111,
,,,,1,14,9.0,1410111,
200000.0,,,,2,14,11.0,1410111,9.0
,,,,1,14,8.0,1410111,7.0
,,,,2,14,10.0,1410111,5.0
,,,,1,14,12.0,1410111,
,,,,1,14,9.0,1410111,
221000.0,,,,2,14,12.0,1410111,5.0
450000.0,,,,1,14,12.0,1410111,3.0
,,,,2,14,11.0,1410111,
,,,,2,14,,1410111,
650000.0,,,,1,14,12.0,1410111,7.0
,,,,2,14,15.0,1410111,3.0
800000.0,,,,1,14,12.0,1410111,7.0
,,,,2,14,,1410111,
,,,,1,14,,1410111,
,,,,2,14,0.0,1410111,
400000.0,,,,1,14,12.0,1410111,7.0
,,,,2,14,12.0,1410824,
500000.0,,,,1,14,12.0,1410824,6.0
,,,,2,14,13.0,1410824,
,,21243.0,,1,14,,1410824,
,,21243.0,,2,14,,1410824,
,,,,2,14,8.0,1410824,
400000.0,,,,1,14,12.0,1410824,7.0
,,,,2,14,10.0,1410824,
600000.0,,,,1,14,8.0,1410824,7.0
,,,214296.0,1,14,2.0,1410824,
,,,214296.0,2,14,0.0,1410824,
,,,214296.0,1,14,5.0,1410824,
,,,,1,14,5.0,1410824,9.0
500000.0,,,,2,14,17.0,1410824,2.0
,,,220000.0,2,14,5.0,1410824,
300000.0,,,,1,14,8.0,1410824,8.0
,,,214296.0,2,14,3.0,1410824,7.0
,,,,1,14,12.0,1410824,9.0
280000.0,,,214296.0,2,14,7.0,1410814,9.0
300000.0,,,,2,14,15.0,1410814,5.0
,,,,1,14,14.0,1410814,7.0
,,,220000.0,2,14,10.0,1410814,
250000.0,,,,1,14,3.0,1410814,7.0
,,,,2,14,12.0,1410814,9.0
,,,,1,14,11.0,1410814,
500000.0,,,,1,14,12.0,1410814,8.0
400000.0,,,,2,14,12.0,1410814,4.0
200000.0,,,,1,14,12.0,1410814,7.0
,,,,2,14,,1410814,
,,,208000.0,2,14,16.0,1410814,
,,,,2,14,12.0,1410814,
,,,214000.0,1,14,10.0,1410814,
,,,250000.0,2,14,9.0,1410814,
700000.0,,,,1,14,12.0,1410814,7.0
,,,,2,14,12.0,1410814,
500000.0,,,,2,14,15.0,1410814,3.0
300000.0,,,,1,14,12.0,1410814,9.0
,,,,1,14,,1410814,
,,,,2,14,,1410814,
,,,214296.0,2,14,6.0,1420126,
250000.0,,,289000.0,1,14,3.0,1420126,9.0
,,,240000.0,2,14,1.0,1420126,
500000.0,,,,2,14,8.0,1420126,6.0
,,21243.0,,2,14,12.0,1420126,
,,21243.0,,1,14,,1420126,
,,21243.0,,1,14,,1420126,
700000.0,,,,2,14,8.0,1420126,5.0
,,,,1,14,9.0,1420126,
,,,,1,14,,1420126,
,,,,1,14,12.0,1420126,6.0
,,,,2,14,10.0,1420126,6.0
,,,300000.0,1,14,8.0,1420126,6.0
,,,,2,14,8.0,1420126,6.0
480000.0,,,,1,14,17.0,1420126,2.0
250000.0,,,,1,14,11.0,1420126,9.0
,,,,2,14,,1420126,
,,,,2,14,16.0,1420126,
,,,,1,14,15.0,1420126,
,,,,2,14,,1420126,
,,,,1,14,7.0,1420126,
100000.0,,,,1,14,8.0,1420126,6.0
100000.0,,,,1,14,10.0,1420126,6.0
,,,,1,14,12.0,1420126,6.0
,,,,2,14,12.0,1420126,
,,,,2,14,2.0,1410424,
500000.0,,,,1,14,8.0,1410424,6.0
,,,214296.0,2,14,3.0,1410424,5.0
,,,420000.0,1,14,3.0,1410424,8.0
,,,,2,14,10.0,1410424,8.0
400000.0,,,,1,14,10.0,1410424,8.0
,,,,2,14,,1410424,
,,,,2,14,,1410424,
,,,,2,14,1.0,1410424,
,,,,1,14,1.0,1410424,9.0
,,,,2,14,4.0,1410424,
,300000.0,,,1,14,10.0,1410424,
,,,200000.0,2,14,17.0,1410424,
1000000.0,,,202000.0,1,14,17.0,1410424,2.0
,,,,1,14,17.0,1410724,5.0
500000.0,,,,2,14,15.0,1410724,9.0
,,,,1,14,,1410724,
,,,,1,14,6.0,1410724,6.0
,,,,2,14,11.0,1410724,
,,,214000.0,2,14,0.0,1410724,
,,,214000.0,2,14,11.0,1410724,
,,,214000.0,1,14,10.0,1410724,
,,,,1,14,9.0,1410724,8.0
500000.0,,,,2,14,9.0,1410724,8.0
390000.0,,,,1,14,8.0,1410724,8.0
,,,400000.0,1,14,4.0,1410724,
,,,214296.0,2,14,1.0,1410724,5.0
,,,,1,14,18.0,1410112,2.0
980000.0,,,,2,14,12.0,1410112,4.0
,,,355000.0,2,14,6.0,1410112,
500000.0,,,,1,14,12.0,1410112,5.0
,,,212474.0,2,14,9.0,1410112,
1500000.0,,,,1,14,17.0,1410112,4.0
,,,,2,14,12.0,1410112,
0.0,,,,2,14,16.0,1410112,5.0
,,,,1,14,17.0,1410112,
,,,300000.0,1,14,5.0,1420424,
,,,,2,14,5.0,1420424,
,,,,2,14,3.0,1420424,
,350000.0,,,2,14,12.0,1420424,
,200000.0,,,1,14,12.0,1420424,
,,,,2,14,,1420424,
350000.0,,,,1,14,8.0,1420424,8.0
,,,,1,14,16.0,1420424,
250000.0,,,,2,14,11.0,1420424,9.0
,,,310649.0,1,14,17.0,1420424,
150000.0,,,200000.0,2,14,8.0,1420424,9.0
,250000.0,,,1,14,8.0,1420424,
,200000.0,,,1,14,12.0,1420424,
,,,,1,14,12.0,1420424,
,,,,2,14,12.0,1420424,
,,,230000.0,1,14,6.0,1420424,
,,,214296.0,2,14,5.0,1420424,
275000.0,,,,1,14,12.0,1420117,5.0
,,,,2,14,12.0,1420117,
,,,,2,14,17.0,1420117,7.0
600000.0,,,,1,14,17.0,1420117,8.0
,,,,2,14,17.0,1420117,7.0
,,,,2,14,15.0,1420117,5.0
,,21243.0,,2,14,,1420117,
450000.0,,,,2,14,17.0,1420117,2.0
700000.0,,,,1,14,14.0,1420117,8.0
600000.0,,,,1,14,15.0,1420117,8.0
600000.0,,,,1,14,12.0,1420117,4.0
,,,,2,14,10.0,1420117,
500000.0,,,,2,14,15.0,1420117,3.0
-88.0,,,,1,14,18.0,1420117,3.0
,,,,2,14,15.0,1420117,
,,,,1,14,,1420117,
800000.0,,,,1,14,12.0,1420117,8.0
,,,,2,14,15.0,1420117,1.0
,,,,2,14,,1420117,
,,21243.0,,1,14,,1420117,
1100000.0,,,,1,14,14.0,1420117,8.0
800000.0,,,,1,14,15.0,1420117,3.0
,,,,2,14,10.0,1420117,
,,,,2,14,14.0,1420117,
0.0,,,766296.0,1,14,8.0,1420117,9.0
,,,,2,14,13.0,1410112,5.0
,,,,2,14,,1410112,
,,21243.0,,1,14,,1410112,
800000.0,,,,2,14,17.0,1410112,2.0
800000.0,,,,1,14,17.0,1410112,2.0
,,,,1,14,,1410112,
,,,,2,14,,1410112,
,,,,1,14,14.0,1410112,
,,,296583.0,1,14,17.0,1410112,
,,,,2,14,12.0,1410112,
580000.0,,,147000.0,2,14,10.0,1410112,9.0
,,,,2,14,13.0,1410112,
,,,,1,14,,1410112,
1000000.0,,,,1,14,16.0,1410112,3.0
900000.0,,,,2,14,18.0,1410112,2.0
,,,,2,14,12.0,1410112,5.0
,,,-88.0,2,14,12.0,1410112,
,,,,1,14,10.0,1410112,
,,,,2,14,,1410112,
,,,,1,14,,1410112,
1200000.0,,,,1,14,17.0,1410112,2.0
980000.0,,,,2,14,17.0,1410112,2.0
,,,214296.0,2,14,8.0,1410121,
,,,,1,14,12.0,1410121,
420000.0,,,,1,14,6.0,1410121,7.0
,,,,2,14,13.0,1410121,
1500000.0,,,,1,14,18.0,1410121,2.0
500000.0,,,100000.0,2,14,5.0,1410121,9.0
1500000.0,,,,1,14,17.0,1410121,1.0
,,,,2,14,11.0,1410121,
,,,,2,14,,1410121,
700000.0,,,,2,14,17.0,1410121,2.0
527000.0,,,,2,14,14.0,1410121,5.0
,,,,1,14,16.0,1410121,
,,,,1,14,,1410121,
,,,,2,14,,1410121,
400000.0,,,,2,14,16.0,1420416,3.0
680000.0,,,,2,14,15.0,1420416,3.0
,,,,2,14,,1420416,
,,,,2,14,17.0,1420416,
,,,,2,14,,1420416,
700000.0,,,,1,14,12.0,1420416,8.0
350000.0,,,,2,14,9.0,1420416,9.0
500000.0,,,,1,14,14.0,1420416,9.0
550000.0,,,300000.0,1,14,12.0,1420416,9.0
,,,,1,14,12.0,1420416,8.0
,,,,2,14,12.0,1420416,
1000000.0,,,,1,14,12.0,1420416,8.0
,,,,2,14,8.0,1420416,
420000.0,,,,1,14,12.0,1420416,6.0
,,,,1,14,17.0,1420416,
,,,,2,14,,1420416,
800000.0,,,,1,14,8.0,1420416,3.0
,,,,2,14,7.0,1420416,
2200000.0,,,,1,14,17.0,1410614,2.0
,,,,2,14,17.0,1410614,2.0
1000000.0,,,,1,14,12.0,1410614,7.0
80000.0,,,,2,14,7.0,1410614,9.0
,,,,1,14,10.0,1410614,
,,,,2,14,22.0,1410614,2.0
1000000.0,,,,1,14,12.0,1410614,4.0
,,,,1,14,,1410614,
750000.0,,,,1,14,14.0,1410614,9.0
1000000.0,,,,2,14,17.0,1410614,2.0
,,,,2,14,8.0,1410614,
60000.0,,,,1,14,14.0,1410614,9.0
500000.0,,,,1,14,3.0,1410614,6.0
,,,,2,14,,1410614,
400000.0,,,,2,14,8.0,1410614,5.0
750000.0,,,,1,14,16.0,1410614,4.0
1200000.0,,,,2,14,17.0,1410614,2.0
,,,,1,14,,1410614,
,,,214296.0,2,14,12.0,1410112,5.0
1000000.0,,,,1,14,17.0,1410112,2.0
0.0,,,,2,14,17.0,1410112,2.0
,,,160000.0,2,14,13.0,1410112,
0.0,,,,1,14,12.0,1410112,4.0
500000.0,,,,2,14,12.0,1410112,5.0
,,21243.0,,1,14,,1410112,
,,,,2,14,17.0,1410112,5.0
40000.0,,,,2,14,9.0,1410112,9.0
,,,,2,14,,1410112,
500000.0,,,,2,14,12.0,1410112,5.0
,,,214960.0,2,14,8.0,1410112,
,,,214296.0,2,14,3.0,1410112,
500000.0,,,,1,14,10.0,1410112,4.0
,,,200000.0,1,14,8.0,1410414,
,,,,2,14,0.0,1410414,
,,,,2,14,7.0,1410414,
,,,,1,14,12.0,1410414,
,,,214296.0,2,14,0.0,1410414,
500000.0,,,,2,14,12.0,1410414,5.0
,,,214296.0,1,14,2.0,1410414,
,,,,2,14,14.0,1410414,
500000.0,,,,2,14,8.0,1410414,5.0
,,,,2,14,12.0,1410414,
,,,,1,14,9.0,1410414,7.0
,380000.0,,,1,14,12.0,1410414,
,374000.0,,,1,14,12.0,1410414,
,,,,1,14,11.0,1410414,
,,,,1,14,11.0,1410414,7.0
,,,,1,14,12.0,1410112,
800000.0,,,,2,14,17.0,1410112,3.0
,,,,1,14,17.0,1410112,2.0
-88.0,,,,2,14,8.0,1410112,9.0
,,,,1,14,15.0,1410112,
2500000.0,,,,2,14,17.0,1410112,2.0
,,,,1,14,,1410112,
3000000.0,,,,1,14,17.0,1410112,2.0
,,,,2,14,0.0,1410111,
450000.0,,,,2,14,12.0,1410111,5.0
,,21243.0,,2,14,,1410111,
,,,,1,14,12.0,1410111,7.0
,,,,2,14,12.0,1410111,
650000.0,,,,1,14,12.0,1410111,8.0
,,,,1,14,12.0,1410111,
,,,,1,14,,1410111,
,,,,1,14,,1410111,
,,,214296.0,1,14,7.0,1410111,
,,,214296.0,2,14,0.0,1410111,
,,,,1,14,12.0,1410111,
,,,,1,14,12.0,1410111,
500000.0,,,,2,14,15.0,1410111,5.0
500000.0,,,,1,14,15.0,1410111,5.0
500000.0,,,,2,14,15.0,1410111,5.0
500000.0,,,,1,14,15.0,1410111,8.0
,,,214296.0,2,14,3.0,1410111,
,,,,2,14,12.0,1410121,2.0
,,,,1,14,13.0,1410121,2.0
,,21243.0,,1,14,,1410121,
318000.0,,,,2,14,12.0,1410121,9.0
380000.0,,,,1,14,8.0,1410121,8.0
,,21243.0,,2,14,,1410121,
,,,,2,14,12.0,1410121,
,,,,1,14,15.0,1410121,1.0
,,21243.0,,1,14,12.0,1410121,
,,21243.0,,1,14,,1410121,
,,21243.0,,1,14,,1410121,
,,,,1,14,17.0,1410121,
,,,214000.0,2,14,12.0,1410121,
,,,,2,14,,1410121,
,,,,2,14,15.0,1410121,
,,,,1,14,15.0,1410121,
,,,,2,14,15.0,1410121,
,,,,2,14,,1410121,
,,,,1,14,,1410121,
200000.0,,,,2,14,14.0,1410121,9.0
,,,,2,14,7.0,1410121,
,,,,1,14,12.0,1410121,5.0
,,,,1,14,,1410121,
,,,,1,14,,1410121,
,,,,2,14,,1410121,
,260000.0,,,2,14,16.0,1410121,
,,,,2,14,12.0,1410414,
,,,,2,14,0.0,1410414,
,,,,1,14,8.0,1410414,7.0
,,,,2,14,12.0,1410414,7.0
780000.0,,,,2,14,8.0,1410414,5.0
500000.0,,,,1,14,12.0,1410414,3.0
,,,214296.0,2,14,0.0,1410414,
,,,214296.0,1,14,8.0,1410414,
,,,214296.0,2,14,8.0,1410414,
600000.0,,,,1,14,12.0,1410414,8.0
,,,,1,14,10.0,1410414,
,,,,2,14,7.0,1410414,
,,,214296.0,2,14,1.0,1410414,
,,,,1,14,7.0,1410414,7.0
,,21243.0,,1,14,,1410414,
450000.0,,,,2,14,1.0,1410414,9.0
,,,,1,14,10.0,1410414,
,,,,2,14,11.0,1410414,
550000.0,,,,1,14,12.0,1410414,7.0
,,,,1,14,,1410414,
,,,,1,14,,1410414,
500000.0,,,,1,14,5.0,1410324,6.0
500000.0,,,,2,14,12.0,1410324,5.0
500000.0,,,,1,14,10.0,1410324,8.0
,,,,2,14,7.0,1410324,
400000.0,,,,1,14,8.0,1410324,6.0
,,,214296.0,1,14,3.0,1410324,
,,,,1,14,2.0,1410324,
,,,214296.0,2,14,0.0,1410324,
,,,,1,14,10.0,1410324,
,,,60000.0,2,14,12.0,1410324,
640000.0,,,,2,14,15.0,1410324,3.0
,,21243.0,,2,14,,1410324,
80000.0,,,,1,14,7.0,1410324,6.0
,,,1200000.0,1,14,19.0,1410113,2.0
,,,1200000.0,2,14,19.0,1410113,2.0
2600000.0,,,,1,14,19.0,1410113,2.0
1500000.0,,,,2,14,17.0,1410113,2.0
,,,,1,14,,1410113,
,,,,1,14,,1410113,
2900000.0,,,,1,14,21.0,1410113,2.0
2500000.0,,,,2,14,17.0,1410113,2.0
,,,,1,14,,1410113,
,,,,2,14,14.0,1410113,
,,21243.0,,1,14,,1410113,
,,21243.0,,2,14,,1410113,
,,21243.0,,1,14,,1410113,
,,,,2,14,17.0,1410113,
500000.0,,,,1,14,12.0,1410113,3.0
,,,,1,14,,1410113,
,,21243.0,,2,14,,1410113,
500000.0,,,,1,14,12.0,1410113,3.0
240000.0,,,,2,14,12.0,1410113,5.0
270000.0,,,,2,14,16.0,1410113,5.0
280000.0,,,,2,14,14.0,1410113,5.0
,,,,1,14,,1410113,
,,,,2,14,,1410113,
1100000.0,,,,2,14,17.0,1410113,2.0
,,,,2,14,,1410113,
,,,,2,14,14.0,1410113,
,,,400000.0,1,14,17.0,1410113,
900000.0,,,,1,14,17.0,1410113,2.0
,,,,2,14,,1410113,
,,,,1,14,,1410113,
,,,,1,14,,1410113,
800000.0,,,,2,14,17.0,1410113,2.0
,,,,2,14,12.0,1410724,
,,,436000.0,1,14,3.0,1410724,
500000.0,,,,2,14,12.0,1410724,5.0
200000.0,,,,2,14,8.0,1410724,6.0
650000.0,,,,1,14,12.0,1410724,4.0
360000.0,,,,2,14,15.0,1410724,5.0
,,,,1,14,8.0,1410724,7.0
,,,,2,14,11.0,1410724,
500000.0,,,,1,14,12.0,1410724,9.0
,,,,2,14,11.0,1410724,
,,,214000.0,2,14,6.0,1410724,
,,,,2,14,14.0,1410724,
,,,,2,14,12.0,1410724,
,,,214000.0,1,14,6.0,1410724,
,,,,2,14,12.0,1410724,5.0
,,,214296.0,2,14,3.0,1410724,
,,,214296.0,1,14,3.0,1410724,
,,,,1,14,,1410724,
450000.0,,,,2,14,12.0,1410724,4.0
,,,,2,14,,1410724,
600000.0,,,,1,14,12.0,1410724,8.0
600000.0,,,,1,14,6.0,1410724,7.0
,,,,2,14,7.0,1410724,
0.0,,,,2,14,12.0,1410724,9.0
,,,,2,14,12.0,1410724,
,,21243.0,,1,14,,1410724,
,,21243.0,,1,14,,1410724,
,,,214000.0,1,14,2.0,1410724,
,,,214296.0,2,14,5.0,1420424,
,,,500000.0,1,14,16.0,1420424,
,,,300000.0,2,14,16.0,1420424,
500000.0,,,,1,14,8.0,1420424,6.0
,,,,2,14,5.0,1420424,
,,,220000.0,1,14,9.0,1420424,
400000.0,,,,1,14,3.0,1420424,6.0
,,,,2,14,8.0,1420424,
500000.0,,,,1,14,8.0,1420424,5.0
,,,,2,14,8.0,1420424,
,,,,2,14,13.0,1420424,
400000.0,,,,1,14,9.0,1420424,9.0
,,,214296.0,2,14,6.0,1420424,
,,,,2,14,8.0,1420424,
,,,,2,14,12.0,1420324,
190000.0,,,,1,14,3.0,1420324,6.0
,,,,2,14,,1420324,
,,,,1,14,0.0,1420324,9.0
500000.0,,,,1,14,8.0,1420324,9.0
,75000.0,,,1,14,4.0,1420324,
,,,,2,14,15.0,1420324,2.0
,,,,1,14,15.0,1420324,7.0
550000.0,,,,1,14,12.0,1420324,6.0
,,,245000.0,2,14,12.0,1420324,6.0
,,,620000.0,1,14,12.0,1420324,
550000.0,,,,1,14,14.0,1420324,1.0
,,,,2,14,,1420324,
,,,,2,14,17.0,1420324,2.0
,,,220000.0,2,14,2.0,1420324,
500000.0,,,,1,14,12.0,1420324,9.0
,,,,2,14,3.0,1420324,
,,,,2,14,17.0,1420324,4.0
,,,,1,14,17.0,1420324,7.0
,,,,2,14,11.0,1420324,
,,,214296.0,1,14,10.0,1420324,
,,,,2,14,10.0,1420324,
1900000.0,,,1200000.0,2,14,16.0,1410714,2.0
250000.0,,,,2,14,10.0,1410714,9.0
,,,,1,14,10.0,1410714,
,,,214296.0,2,14,6.0,1410714,
,,,,2,14,8.0,1410714,
500000.0,,,,1,14,12.0,1410714,5.0
,,,,2,14,12.0,1410714,
,,,,1,14,,1410714,
,,,214000.0,1,14,3.0,1410714,
,,,214000.0,2,14,7.0,1410714,
240000.0,,,,2,14,12.0,1410113,9.0
,,,,2,14,16.0,1410113,2.0
,,,,1,14,17.0,1410113,
550000.0,,,,1,14,12.0,1410113,3.0
600000.0,,,,2,14,12.0,1410113,3.0
,,,,1,14,,1410113,
1200000.0,,,,2,14,15.0,1410113,4.0
2000000.0,,,,1,14,20.0,1410113,2.0
650000.0,,,,2,14,15.0,1410113,7.0
,,,,1,14,15.0,1410113,
,,,,1,14,22.0,1410113,2.0
,,,,2,14,17.0,1410113,7.0
,,,,2,14,16.0,1410113,5.0
1600000.0,,,,1,14,17.0,1410113,2.0
,,,,1,14,12.0,1410113,
600000.0,,,,1,14,9.0,1410113,5.0
150000.0,,,,2,14,12.0,1410113,5.0
,,,,2,14,,1410113,
1000000.0,,,,1,14,14.0,1410113,3.0
,,,,2,14,17.0,1410113,3.0
,,,,1,14,,1410113,
,,,,1,14,,1410113,
2200000.0,,,,1,14,23.0,1410113,2.0
920000.0,,,,1,14,17.0,1410113,2.0
1400000.0,,,,2,14,17.0,1410113,2.0
1100000.0,,,,2,14,12.0,1410113,0.0
1170000.0,,,,1,14,12.0,1410113,0.0
,,,,1,14,,1410113,
1119000.0,,,,1,14,15.0,1410113,5.0
1190000.0,,,,2,14,15.0,1410113,5.0
,,,,1,14,,1410113,
950000.0,,,,2,14,15.0,1410113,4.0
,,,,1,14,,1410113,
,,,,2,14,,1410113,
,,,,2,14,,1410113,
,,,,1,14,15.0,1420416,7.0
,,,,2,14,12.0,1420416,
,,,,1,14,12.0,1420416,7.0
,,,,1,14,11.0,1420416,
,,,,1,14,,1420416,
,330000.0,,,2,14,6.0,1420416,
,,,,2,14,6.0,1420416,
,,,,1,14,8.0,1420416,
,,21243.0,,1,14,12.0,1420416,
,,,420000.0,1,14,9.0,1420416,5.0
500000.0,,,,2,14,12.0,1420416,5.0
,,,,1,14,8.0,1420416,7.0
,,,,2,14,,1420416,
,,,,2,14,,1420416,
,,,,2,14,12.0,1420416,
,,,,1,14,15.0,1420416,
650000.0,,,,2,14,15.0,1420416,3.0
,,,214296.0,2,14,4.0,1420416,
,,,,2,14,6.0,1410111,
,,,162000.0,2,14,17.0,1410111,
,,,,2,14,12.0,1410111,
500000.0,,,,2,14,12.0,1410111,5.0
,,,290000.0,1,14,4.0,1410111,
,,,214296.0,2,14,6.0,1410111,
500000.0,,,,1,14,9.0,1410111,9.0
200000.0,,,400000.0,2,14,5.0,1410111,5.0
,,,214296.0,1,14,8.0,1410111,
,,,,2,14,12.0,1410111,8.0
,,,,2,14,13.0,1410111,
,,,,2,14,13.0,1410111,
1200000.0,,,,1,14,17.0,1410111,2.0
,,,220000.0,1,14,4.0,1410111,5.0
,,,236414.0,2,14,0.0,1410111,
,,,,1,14,0.0,1410111,
,,,,2,14,12.0,1410111,
200000.0,,,,1,14,18.0,1410111,2.0
,,,,2,14,12.0,1410111,
,,,,2,14,12.0,1410112,
500000.0,,,,1,14,11.0,1410112,8.0
600000.0,,,,1,14,17.0,1410112,2.0
,,,,2,14,12.0,1410112,5.0
,,,,2,14,11.0,1410112,
,,,,1,14,17.0,1410112,
,,,,1,14,15.0,1410112,
,,,,1,14,15.0,1410112,5.0
,,,,1,14,11.0,1410112,
500000.0,,,,2,14,12.0,1410112,7.0
,,,,2,14,9.0,1410112,
500000.0,,,,1,14,12.0,1410112,5.0
,,,214296.0,2,14,10.0,1410112,
200000.0,,,,2,14,12.0,1410112,3.0
,,,,1,14,,1410112,
,,,,1,14,,1410112,
,,,234000.0,2,14,10.0,1410112,
1269000.0,,,,2,14,19.0,1410112,2.0
,,,,1,14,9.0,1410112,
,,,214296.0,2,14,5.0,1410112,
,,,214296.0,1,14,,1410112,
,,,,1,14,10.0,1410112,
,,21243.0,,1,14,11.0,1410112,
,,21243.0,,1,14,9.0,1410112,
,200000.0,,,2,14,12.0,1410112,5.0
,,21243.0,,1,14,,1410112,
,,,,2,14,12.0,1410112,5.0
,,,,2,14,7.0,1410112,
521000.0,,,,1,14,12.0,1410112,9.0
,,,,1,14,17.0,1410112,2.0
,,,,2,14,12.0,1410112,
,,,,2,14,2.0,1410112,
500000.0,,,,2,14,11.0,1410112,9.0
330000.0,,,,1,14,11.0,1410112,8.0
500000.0,,,,1,14,12.0,1410112,7.0
350000.0,,,,2,14,9.0,1410112,9.0
,,,,2,14,,1410112,
500000.0,,,,2,14,12.0,1410112,5.0
,,,,1,14,8.0,1410112,
500000.0,,,,2,14,16.0,1410112,5.0
,,21243.0,,2,14,,1410112,
,,,214296.0,2,14,9.0,1410112,
,,,-88.0,1,14,17.0,1410112,
,,,406000.0,2,14,5.0,1410112,
,,,,1,14,13.0,1410112,7.0
600000.0,,,,2,14,12.0,1410112,9.0
,,,,1,14,16.0,1410112,
700000.0,,,270000.0,1,14,10.0,1410112,7.0
,,,212000.0,2,14,12.0,1410112,
500000.0,,,,2,14,16.0,1410112,5.0
,150000.0,,,2,14,12.0,1410112,
,,,580000.0,1,14,8.0,1410112,8.0
600000.0,,,,1,14,12.0,1410112,1.0
,,,180000.0,2,14,8.0,1410112,
,,,520000.0,1,14,10.0,1410112,
1100000.0,,,,2,14,17.0,1410112,2.0
0.0,,,,2,14,17.0,1410112,2.0
,,,230000.0,1,14,8.0,1410112,
,,,250000.0,2,14,11.0,1410112,
,,,,1,14,16.0,1410112,
,120000.0,,,2,14,8.0,1410112,
,,,,2,14,12.0,1410112,7.0
,,,300000.0,1,14,2.0,1410112,
,,,212000.0,2,14,2.0,1410112,
250000.0,,,,2,14,12.0,1410112,9.0
280000.0,,,,2,14,8.0,1410112,9.0
,,,,2,14,,1410112,
,,,,2,14,,1410112,
,,,,2,14,,1410112,
,,,,1,14,,1410112,
,,,420000.0,2,14,12.0,1410112,
,,,203000.0,1,14,8.0,1410112,
,35000.0,,430000.0,1,14,8.0,1410112,
700000.0,,,600000.0,1,14,15.0,1410111,4.0
,,,214000.0,2,14,10.0,1410111,
400000.0,,,,2,14,12.0,1410111,5.0
,,,,1,14,13.0,1410111,
20000.0,,,200000.0,2,14,10.0,1410111,9.0
,,,240000.0,1,14,6.0,1410111,
,,,214296.0,1,14,10.0,1410111,
,,,214296.0,2,14,8.0,1410111,
700000.0,,,,2,14,15.0,1410111,2.0
480000.0,,,,1,14,12.0,1410111,7.0
,,,,1,14,,1410111,
,,,,2,14,15.0,1410111,7.0
,,,,2,14,13.0,1410111,
750000.0,,,,2,14,15.0,1410111,5.0
,,,,2,14,,1410111,
,,,214296.0,2,14,6.0,1410314,
,,,241187.0,1,14,4.0,1410314,
300000.0,,,,2,14,17.0,1410314,5.0
600000.0,,,,1,14,15.0,1410314,6.0
,,,,1,14,,1410314,
,,,214000.0,2,14,8.0,1410314,
,,,240000.0,1,14,2.0,1410314,
,,,,1,14,8.0,1410314,7.0
500000.0,,,,1,14,12.0,1410314,8.0
,,,,2,14,8.0,1410314,
520000.0,,,,1,14,8.0,1410314,9.0
,,,,2,14,12.0,1410314,
,,,,1,14,12.0,1410314,
,,,,2,14,10.0,1410314,
,,,,2,14,6.0,1410314,
,,,,1,14,8.0,1410314,
,,,,2,14,23.0,1410112,
1200000.0,,,,1,14,17.0,1410112,1.0
,,,,2,14,11.0,1410112,5.0
,,,,1,14,12.0,1410112,7.0
,,,490000.0,1,14,12.0,1410112,8.0
,,,214296.0,2,14,6.0,1410112,
650000.0,,,,1,14,14.0,1410112,7.0
,,,,1,14,16.0,1410112,1.0
,,,,2,14,15.0,1410112,5.0
600000.0,,,,1,14,16.0,1410112,5.0
240000.0,,,,1,14,12.0,1410112,5.0
400000.0,,,,2,14,3.0,1410112,9.0
,,,,2,14,17.0,1410112,
500000.0,,,,1,14,12.0,1410112,9.0
,,,,1,14,14.0,1410112,
,,,,1,14,13.0,1410112,
,,,,1,14,17.0,1410112,
480000.0,,,,1,14,11.0,1410112,5.0
,,,,2,14,12.0,1410112,
,,,,1,14,15.0,1410524,3.0
,,,,2,14,14.0,1410524,
,,,,2,14,10.0,1410524,
1050000.0,,,,2,14,18.0,1410524,2.0
,,,,1,14,12.0,1410524,1.0
,,,,2,14,11.0,1410524,
,,,,1,14,,1410524,
,,,,2,14,12.0,1410524,5.0
,,,,2,14,,1410524,
,,,,1,14,,1410524,
,,,,1,14,,1410524,
580000.0,,,,1,14,8.0,1410524,7.0
,,,,2,14,10.0,1410524,
,,21243.0,,1,14,11.0,1410524,
540000.0,,,,2,14,12.0,1410524,9.0
,,,,2,14,13.0,1410524,
,,,,1,14,10.0,1410524,
,,,214296.0,2,14,9.0,1410524,
,,,214296.0,1,14,15.0,1410524,3.0
,,,,2,14,12.0,1410524,7.0
1400000.0,,,,1,14,17.0,1410524,4.0
,,21243.0,,2,14,,1410524,
,,21243.0,,1,14,,1410524,
,,21243.0,,2,14,,1410524,
,,,,2,14,4.0,1410524,9.0
550000.0,,,,1,14,11.0,1410524,7.0
520000.0,,,,1,14,12.0,1410524,4.0
550000.0,,,,2,14,12.0,1410524,8.0
,,21243.0,,1,14,,1410524,
,,,214000.0,1,14,5.0,1410111,
,,,214296.0,2,14,6.0,1410111,
600000.0,,,,1,14,8.0,1410111,7.0
,,,,2,14,12.0,1410111,
,,,,1,14,12.0,1410111,
,,,206000.0,2,14,5.0,1410111,
,,,,2,14,15.0,1410111,
900000.0,,,,1,14,17.0,1410111,0.0
,,,,2,14,12.0,1410111,5.0
500000.0,,,,1,14,12.0,1410111,9.0
,,,,1,14,9.0,1410111,
,,,,1,14,9.0,1410111,
,100000.0,,,1,14,14.0,1410111,
,,,,1,14,8.0,1410111,6.0
480000.0,,,,2,14,15.0,1410111,3.0
,,,,1,14,8.0,1410111,7.0
500000.0,,,,1,14,15.0,1410111,8.0
,,,214296.0,2,14,4.0,1410112,
,,,,1,14,0.0,1410112,
,,,,1,14,11.0,1410112,
,,,103700.0,2,14,13.0,1410112,
,,,220000.0,1,14,12.0,1410112,
,,,214296.0,2,14,0.0,1410112,
,,,,1,14,12.0,1410112,7.0
500000.0,,,,2,14,11.0,1410112,6.0
600000.0,,,,1,14,12.0,1410112,7.0
,,,,2,14,9.0,1410112,
,,,214000.0,2,14,7.0,1410414,
,,,214296.0,1,14,5.0,1410414,
,,,,2,14,8.0,1410414,
550000.0,,,,1,14,15.0,1410414,3.0
,,,250000.0,2,14,12.0,1410414,
,,,,1,14,8.0,1410414,8.0
,,,150000.0,2,14,8.0,1410414,
,,,,2,14,7.0,1410624,
800000.0,,,,1,14,10.0,1410624,9.0
,,21243.0,,2,14,,1410624,
,,21243.0,,2,14,,1410624,
,,,,2,14,,1410624,
,,,500000.0,1,14,12.0,1410624,
,,,,2,14,12.0,1410624,
,,,,1,14,4.0,1410624,
,,,,2,14,8.0,1410624,
,,,300000.0,1,14,10.0,1410624,7.0
,,,,2,14,8.0,1410624,
,,,,1,14,11.0,1410624,
,,,,2,14,15.0,1410624,
,,,,2,14,17.0,1410624,5.0
,,,214296.0,1,14,12.0,1410624,
,,,,2,14,18.0,1410624,
1000000.0,,,,2,14,17.0,1410624,2.0
1400000.0,,,,1,14,17.0,1410624,3.0
3200000.0,,,,1,14,19.0,1410624,2.0
,,,,2,14,17.0,1410624,
,,,,2,14,,1410624,
850000.0,,,,2,14,17.0,1410624,1.0
750000.0,,,,1,14,8.0,1410624,7.0
,,,,1,14,,1410624,
,,,,1,14,,1410624,
,,,,1,14,,1410624,
900000.0,,,,2,14,23.0,1420117,2.0
480000.0,,,,1,14,17.0,1420117,2.0
,,,,2,14,,1420117,
1500000.0,,,,1,14,17.0,1420117,7.0
1000000.0,,,,2,14,17.0,1420117,4.0
400000.0,,,165000.0,2,14,12.0,1420117,5.0
850000.0,,,,1,14,12.0,1420117,8.0
0.0,,,,2,14,17.0,1420117,2.0
,,,,2,14,,1420117,
800000.0,,,,1,14,12.0,1420117,6.0
,,,,2,14,,1420117,
,,,,2,14,,1420117,
,,,,2,14,8.0,1420117,
,,,300000.0,1,14,8.0,1420117,
,,21243.0,,2,14,11.0,1420117,
1300000.0,,,,2,14,17.0,1420117,2.0
1350000.0,,,,1,14,13.0,1420117,8.0
,,,,1,14,,1420117,
,,,,1,14,,1420117,
,,,,2,14,8.0,1420117,
500000.0,,,,1,14,10.0,1420117,7.0
,,21243.0,,1,14,9.0,1420117,
,,21243.0,,2,14,,1420117,
,,,,2,14,13.0,1410112,
650000.0,,,,1,14,12.0,1410112,8.0
,,,,2,14,12.0,1410112,5.0
,,,99000.0,2,14,12.0,1410112,
,,,300000.0,1,14,12.0,1410112,
550000.0,,,,2,14,15.0,1410112,3.0
,,,,2,14,15.0,1410112,
,,,,1,14,,1410112,
,,,,2,14,12.0,1410112,
,,21243.0,,1,14,9.0,1410112,
,,,,2,14,12.0,1410112,5.0
,,,,1,14,11.0,1410112,
,,,,2,14,,1410112,
,,,214296.0,2,14,6.0,1410112,
,,,,2,14,8.0,1410112,
,,,,2,14,3.0,1410112,
650000.0,,,,2,14,15.0,1410112,5.0
,,,214296.0,2,14,8.0,1410112,
,,,,2,14,,1410112,
850000.0,,,,1,14,15.0,1410112,5.0
550000.0,,,,2,14,9.0,1420117,9.0
480000.0,,,,1,14,14.0,1420117,4.0
0.0,,,,2,14,15.0,1420117,5.0
,,,,2,14,17.0,1420117,5.0
,,21243.0,,2,14,,1420117,
405000.0,,,,1,14,12.0,1420117,8.0
,,,,2,14,12.0,1420117,
,,,,1,14,11.0,1420117,
500000.0,,,,1,14,12.0,1420117,0.0
500000.0,,,,2,14,17.0,1420117,2.0
,,,,1,14,10.0,1420117,
405000.0,,,,1,14,12.0,1420117,8.0
200000.0,,,,2,14,12.0,1420117,5.0
700000.0,,,,1,14,12.0,1420117,7.0
,,,,1,14,,1420117,
700000.0,,,,1,14,12.0,1420117,5.0
,,,,2,14,8.0,1420117,5.0
,,,,2,14,,1420117,
,,,,2,14,,1420117,
500000.0,,,,2,14,12.0,1420117,5.0
1300000.0,,,214296.0,1,14,12.0,1420117,1.0
,,,214296.0,2,14,12.0,1420117,
,,,300000.0,1,14,6.0,1420117,
,,,350000.0,2,14,12.0,1420117,
790000.0,,,,2,14,15.0,1420117,3.0
790000.0,,,,1,14,15.0,1420117,3.0
,,,,2,14,,1420117,
480000.0,,,280000.0,2,14,6.0,1420117,9.0
,,,214296.0,1,14,14.0,1420117,7.0
,,,,2,14,12.0,1420117,5.0
,550000.0,,,1,14,12.0,1420117,
,,,,2,14,8.0,1420117,
550000.0,,,,1,14,15.0,1420117,3.0
900000.0,,,,1,14,17.0,1420117,2.0
,,,,2,14,16.0,1420117,
,,,,1,14,8.0,1420126,7.0
500000.0,,,,1,14,10.0,1420126,8.0
,,,,2,14,12.0,1420126,
,,,214296.0,2,14,6.0,1420126,
,,,,2,14,12.0,1420126,6.0
,,,,2,14,17.0,1420126,2.0
,,,380000.0,1,14,10.0,1420126,9.0
,,,,1,14,16.0,1420126,7.0
,,,,1,14,14.0,1420126,
,,,,2,14,5.0,1420126,
500000.0,,,,1,14,12.0,1420126,9.0
,,,214296.0,2,14,8.0,1420126,
,,,,2,14,11.0,1420126,6.0
,,,,2,14,14.0,1420126,
,,,,2,14,12.0,1420126,
480000.0,,,,1,14,13.0,1420126,9.0
0.0,,,,2,14,15.0,1420126,9.0
,,21243.0,,2,14,,1420126,
,,,,1,14,17.0,1410624,2.0
,,,,2,14,12.0,1410624,
,,,,1,14,,1410624,
,,,,1,14,12.0,1410624,
,,,,2,14,11.0,1410624,5.0
,,,,2,14,12.0,1410624,5.0
,100000.0,,,1,14,6.0,1410624,
400000.0,,,,2,14,12.0,1410624,5.0
,,,,2,14,,1410624,
650000.0,,,,2,14,7.0,1410624,5.0
609000.0,,,,2,14,15.0,1410624,3.0
350000.0,,,,2,14,12.0,1410624,6.0
300000.0,,,,2,14,7.0,1410624,9.0
,,,,1,14,12.0,1410624,
,,,,2,14,,1410624,
,,,300000.0,1,14,0.0,1410624,
,,,,2,14,6.0,1410624,
600000.0,,,,1,14,12.0,1410624,5.0
,,,,1,14,17.0,1420214,1.0
700000.0,,,,2,14,17.0,1420214,5.0
,,,,2,14,3.0,1420214,
,,,,1,14,,1420214,
690000.0,,,,2,14,12.0,1420214,5.0
,,,,1,14,5.0,1420214,
,,,,2,14,5.0,1420214,
600000.0,,,,2,14,12.0,1420214,5.0
,,21243.0,,2,14,,1420214,
,,21243.0,,1,14,8.0,1420214,
0.0,,21243.0,,2,14,11.0,1420214,9.0
,,21243.0,,1,14,,1420214,
,,21243.0,,2,14,,1420214,
1250000.0,,,,1,14,12.0,1420214,7.0
,,,,2,14,12.0,1420214,
,,,,2,14,9.0,1420214,
,,,,2,14,,1420214,
,,,,2,14,,1420214,
,,,,1,14,17.0,1420214,1.0
,,,,2,14,13.0,1420214,7.0
,,,,1,14,,1420214,
,,,,2,14,,1420214,
,,,735000.0,2,14,24.0,1420214,
0.0,,,640000.0,1,14,17.0,1420214,2.0
1200000.0,,,,1,14,12.0,1410113,5.0
500000.0,,,,2,14,15.0,1410113,3.0
1100000.0,,,,2,14,17.0,1410113,2.0
,,,,2,14,,1410113,
383000.0,,,,1,14,15.0,1410113,3.0
,,,,2,14,14.0,1410113,
,,,,2,14,,1410113,
,,,,1,14,,1410113,
,,,550000.0,2,14,17.0,1410113,
,,,,1,14,16.0,1410113,
,,,,2,14,15.0,1410824,
700000.0,,,,1,14,15.0,1410824,7.0
247500.0,,,,2,14,8.0,1410824,9.0
,,,,2,14,12.0,1410824,
,,,,1,14,12.0,1410824,9.0
,,21243.0,,1,14,,1410824,
,,21243.0,,1,14,,1410824,
550000.0,,,,1,14,8.0,1410824,6.0
,,,,2,14,12.0,1410824,
1000000.0,,,,1,14,15.0,1410824,1.0
,,,,2,14,12.0,1410824,
,,,,1,14,12.0,1410824,7.0
,,,,2,14,14.0,1410824,
,,21243.0,,1,14,,1410824,
,,,,1,14,12.0,1410614,8.0
,,,,2,14,13.0,1410614,
,,21243.0,,1,14,,1410614,
,,,,1,14,,1410614,
,,,,2,14,12.0,1410614,
,,,,2,14,6.0,1410614,
,,,214296.0,2,14,6.0,1410614,
600000.0,,,,1,14,12.0,1410614,8.0
1000000.0,,,,1,14,12.0,1410614,7.0
,,,,1,14,12.0,1410614,
550000.0,,,,2,14,14.0,1410614,3.0
,,,,2,14,9.0,1410614,
,,,250000.0,2,14,12.0,1410614,
400000.0,,,,1,14,8.0,1410614,9.0
,,,,1,14,17.0,1410614,
,,,,2,14,16.0,1410614,
580000.0,,,,2,14,12.0,1410614,5.0
1500000.0,,,,1,14,14.0,1410614,3.0
,,,,1,14,,1410614,
240000.0,,,,1,14,2.0,1410424,9.0
300000.0,,,,1,14,12.0,1410424,9.0
,,,350000.0,1,14,2.0,1410424,
,,,,2,14,2.0,1410424,
,,,,2,14,2.0,1410424,
,,,,1,14,6.0,1410424,
,,,,2,14,15.0,1410424,
550000.0,,,,1,14,12.0,1410424,6.0
,,21243.0,,2,14,,1410424,
,,,,2,14,12.0,1410424,
500000.0,,,,1,14,12.0,1410424,8.0
,,,,1,14,,1410424,
,,,,2,14,,1410424,
,,,,1,14,3.0,1410424,
,200000.0,,,1,14,12.0,1410424,
,,,214296.0,2,14,3.0,1410424,
375000.0,,,,2,14,17.0,1410112,2.0
,,,,2,14,17.0,1410112,
500000.0,,,,2,14,12.0,1410112,3.0
,300000.0,,,1,14,12.0,1410112,
,,21243.0,,1,14,,1410112,
,,,,1,14,14.0,1410112,
780000.0,,,,1,14,14.0,1410112,5.0
,,,,2,14,,1410112,
188000.0,,,,2,14,15.0,1410112,9.0
600000.0,,,,1,14,12.0,1410112,7.0
500000.0,,,,1,14,12.0,1410112,5.0
,,,,1,14,,1410112,
700000.0,,,,1,14,11.0,1410112,7.0
700000.0,,,,2,14,14.0,1410112,3.0
670000.0,,,,1,14,10.0,1420416,9.0
337000.0,,,,2,14,12.0,1420416,7.0
,,,,2,14,,1420416,
,,,,2,14,,1420416,
180000.0,,,214296.0,2,14,11.0,1420416,9.0
800000.0,,,,2,14,18.0,1420416,2.0
,,,,2,14,,1420416,
,,,,2,14,,1420416,
,,,,1,14,15.0,1420416,7.0
,,,,2,14,15.0,1420416,
500000.0,,,,1,14,15.0,1420416,5.0
,,,,1,14,10.0,1420416,
,,,,1,14,,1420416,
,,,,1,14,,1420416,
,,,,2,14,12.0,1420416,
,,,,1,14,,1420416,
,,,,2,14,,1420416,
,,,,1,14,12.0,1420416,7.0
,,,,2,14,9.0,1410112,
,,,,1,14,8.0,1410112,
,,,,1,14,,1410112,
,,,,2,14,8.0,1410112,6.0
500000.0,,,,1,14,12.0,1410112,8.0
,,,,2,14,11.0,1410112,
,,,,2,14,,1410112,
,,,,2,14,,1410112,
,,,,2,14,,1410112,
,,,300000.0,2,14,0.0,1410112,5.0
,,,,2,14,12.0,1410112,7.0
,,,,1,14,12.0,1410112,7.0
,,,,1,14,,1410112,
500000.0,,,,1,14,8.0,1410112,8.0
500000.0,,,,2,14,,1410112,2.0
,,,,2,14,8.0,1410112,
700000.0,,,,2,14,14.0,1410112,5.0
,,,,2,14,,1410112,
,,,,2,14,3.0,1410112,
,,,187000.0,1,14,,1410112,6.0
,,,425000.0,2,14,12.0,1410112,
,,,415000.0,2,14,11.0,1410112,
1000000.0,,,,2,14,17.0,1410112,2.0
,,,350000.0,2,14,17.0,1410112,
,,,,2,14,12.0,1410112,
,,,,2,14,12.0,1410112,
,,,,1,14,12.0,1410112,7.0
1800000.0,,,,2,14,17.0,1410112,2.0
,,,,2,14,9.0,1410112,
,,,,1,14,4.0,1410112,
,,,400000.0,2,14,0.0,1410112,
,,,,1,14,12.0,1410112,
250000.0,,,,2,14,12.0,1410112,9.0
,100000.0,,,1,14,12.0,1410112,
,,,200000.0,1,14,11.0,1410112,2.0
,,,700000.0,2,14,17.0,1410112,
600000.0,,,,2,14,19.0,1410112,2.0
1600000.0,,,,1,14,16.0,1410112,5.0
,,,,2,14,12.0,1410112,
,,,,1,14,,1410112,
,,,,2,14,,1410112,
2800000.0,,,,2,14,19.0,1410112,2.0
,,,,1,14,19.0,1410112,9.0
180000.0,,,,1,14,17.0,1410112,2.0
,,,,1,14,17.0,1410112,
,,,540000.0,2,14,15.0,1410112,
,,,,1,14,13.0,1410112,
1200000.0,,,,2,14,19.0,1410112,2.0
,,,,2,14,17.0,1410112,
540000.0,,,,2,14,15.0,1410824,3.0
500000.0,,,,1,14,11.0,1410824,7.0
,,,,2,14,,1410824,
,,,214296.0,2,14,6.0,1410824,
,,,214296.0,1,14,6.0,1410824,
,,,,2,14,12.0,1410824,
,,,,1,14,12.0,1410824,7.0
,,,,1,14,13.0,1410824,
,,,,1,14,,1410824,
,,,,2,14,12.0,1410824,
420000.0,,,,1,14,10.0,1410824,6.0
90000.0,,21243.0,,1,14,12.0,1410824,7.0
,,21243.0,,1,14,,1410824,
,,21243.0,,2,14,,1410824,
,,21243.0,,1,14,,1410824,
,,,,2,14,12.0,1410824,
675000.0,,,,1,14,8.0,1410824,8.0
,,,,1,14,,1410824,
,,,,1,14,,1410824,
,,,214296.0,2,14,8.0,1410824,
,,,214296.0,1,14,6.0,1410824,
,,,,1,14,12.0,1410824,6.0
,,,214296.0,2,14,4.0,1410824,
,,,214296.0,1,14,5.0,1410824,
,,,,1,14,14.0,1410824,
,,,320000.0,2,14,16.0,1420126,
,,,,1,14,12.0,1420126,1.0
,,,,2,14,12.0,1420126,
700000.0,,,,1,14,10.0,1420126,8.0
500000.0,,,,1,14,13.0,1420126,6.0
300000.0,,,,2,14,17.0,1420126,5.0
,,,,2,14,,1420126,
,,,,2,14,4.0,1420126,9.0
,,,,2,14,14.0,1420126,
,,,214296.0,1,14,10.0,1420126,
947000.0,,,,2,14,17.0,1420126,2.0
,,,,1,14,12.0,1420126,
,,,,2,14,,1420126,
,,,,2,14,12.0,1420126,
,,,,1,14,12.0,1420126,7.0
,,21243.0,,2,14,,1420126,
,,21243.0,,1,14,,1420126,
,,,,2,14,3.0,1420126,
,,,300000.0,2,14,12.0,1410112,
,,,170000.0,1,14,12.0,1410112,
,,,,2,14,0.0,1410112,
600000.0,,,,2,14,15.0,1410112,5.0
1000000.0,,,,1,14,15.0,1410112,7.0
,,,,2,14,,1410112,
,,,,2,14,8.0,1410112,
850000.0,,,,2,14,17.0,1410112,1.0
850000.0,,,,1,14,12.0,1410112,5.0
,,,,1,14,11.0,1410112,
,650000.0,,,1,14,17.0,1410112,
,,,100000.0,2,14,12.0,1410112,
,,,200000.0,2,14,12.0,1410112,
,,,300000.0,1,14,8.0,1420416,
,,,214296.0,2,14,5.0,1420416,
,25000.0,,,2,14,12.0,1420416,
,,,,2,14,14.0,1420416,
,,,,1,14,8.0,1420416,8.0
,,,214000.0,2,14,5.0,1420416,
500000.0,,,,2,14,12.0,1420416,5.0
,,,,1,14,12.0,1420416,
,,,,2,14,11.0,1420416,
,,,442470.0,2,14,5.0,1420416,
,,,,2,14,12.0,1420416,
,,,,2,14,11.0,1420416,
,,,250000.0,1,14,12.0,1420416,
,,,,1,14,15.0,1420416,
,,,,2,14,15.0,1420416,5.0
,,,214000.0,2,14,8.0,1420416,
,,,170000.0,1,14,10.0,1420416,
550000.0,,,,2,14,12.0,1420416,3.0
,,,,2,14,,1420416,
450000.0,,,,1,14,12.0,1420416,5.0
,,,,2,14,15.0,1410113,
500000.0,,,,1,14,14.0,1410113,8.0
,,,,1,14,12.0,1410113,
,,,,2,14,,1410113,
688000.0,,,,2,14,12.0,1410113,9.0
,,,,1,14,17.0,1410113,
,,,,2,14,12.0,1410113,
620000.0,,,,2,14,12.0,1410113,5.0
700000.0,,,,1,14,15.0,1410113,5.0
,,,,2,14,17.0,1410113,
,,,,1,14,,1410113,
,,,,2,14,,1410113,
,,,,1,14,13.0,1410113,
500000.0,,,,2,14,12.0,1410113,3.0
,,,,1,14,17.0,1410113,
500000.0,,,,1,14,12.0,1410113,2.0
,,,214296.0,2,14,0.0,1420424,
,,,200000.0,1,14,8.0,1420424,
,,,214296.0,2,14,0.0,1420424,
250000.0,,,240000.0,1,14,8.0,1420424,6.0
,,,,2,14,12.0,1420424,5.0
,,,,1,14,8.0,1420424,5.0
,,,,2,14,8.0,1420424,6.0
,,,,2,14,12.0,1420424,
,,,,1,14,8.0,1420424,6.0
,,,214000.0,1,14,6.0,1420424,
,,,214000.0,2,14,0.0,1420424,
,,,,2,14,1.0,1420424,
400000.0,,,,1,14,3.0,1420424,8.0
400000.0,,,,1,14,8.0,1420424,8.0
,,,,2,14,12.0,1420424,
,,,,2,14,18.0,1410112,2.0
,,,,2,14,12.0,1410112,
550000.0,,,,2,14,16.0,1410112,5.0
560000.0,,,,2,14,12.0,1410112,5.0
,,,,2,14,12.0,1410112,
300000.0,,,,2,14,9.0,1410112,9.0
-88.0,,,,2,14,17.0,1410112,4.0
800000.0,,,,2,14,16.0,1410614,2.0
800000.0,,,,1,14,12.0,1410614,5.0
,,,,2,14,,1410614,
,,,,2,14,,1410614,
,,,,2,14,12.0,1410614,5.0
,,,,2,14,,1410614,
,,,,2,14,12.0,1410614,
,,,,1,14,9.0,1410614,7.0
,,,,1,14,15.0,1410614,
,,,,2,14,15.0,1410614,
,,,,1,14,12.0,1410614,
,,,,2,14,0.0,1410614,
350000.0,,,,2,14,13.0,1410614,3.0
,,,,1,14,,1410614,
,,21243.0,,1,14,,1410614,
,,,,1,14,12.0,1410614,
,,,213000.0,2,14,1.0,1410614,
,,,,2,14,5.0,1410614,
500000.0,,,214296.0,1,14,8.0,1410614,9.0
,,,,1,14,0.0,1410614,
,,,,2,14,9.0,1410624,5.0
,,,,1,14,8.0,1410624,5.0
,,,,1,14,13.0,1410624,
,,,,2,14,,1410624,
400000.0,,,,2,14,12.0,1410624,5.0
,,,,1,14,8.0,1410624,6.0
,,,,1,14,12.0,1410624,6.0
,,,,2,14,12.0,1410624,
,,,,2,14,15.0,1410624,
,,,220000.0,2,14,11.0,1410624,
,,,,1,14,7.0,1410624,
500000.0,,,,2,14,6.0,1410624,5.0
,,,225000.0,1,14,6.0,1410624,
,,,225000.0,2,14,11.0,1410624,
,,,,1,14,0.0,1410624,
,,,,2,14,0.0,1410624,
,,,225000.0,1,14,3.0,1410624,
,,,230000.0,2,14,2.0,1410624,
,,,,2,14,12.0,1410624,
,,,,1,14,12.0,1410624,6.0
,,,,2,14,,1410624,
,,,,2,14,14.0,1410624,
900000.0,,,,1,14,12.0,1410624,5.0
,,,,2,14,,1410624,
,,,,2,14,,1410624,
,,,,1,14,,1410624,
,,,214296.0,2,14,5.0,1410111,
,,,180000.0,1,14,5.0,1410111,
,,,,2,14,0.0,1410111,
500000.0,,,,2,14,12.0,1410111,9.0
,,,325000.0,1,14,12.0,1410111,
,,,,1,14,6.0,1410111,
,,,,1,14,10.0,1410111,
,,,222000.0,2,14,8.0,1410111,
,,,393000.0,2,14,6.0,1410111,
,,,,1,14,9.0,1410111,
600000.0,,,,1,14,12.0,1410111,7.0
,,,,1,14,8.0,1410111,6.0
,,,,2,14,8.0,1410111,
,,,,1,14,5.0,1410111,
,,,,2,14,12.0,1410111,
,,,,1,14,,1410111,
,,,,2,14,,1410111,
160000.0,,,,2,14,5.0,1410111,9.0
,,,214296.0,2,14,6.0,1410112,
,,,214296.0,2,14,0.0,1410112,
,,,419214.0,2,14,6.0,1410112,
,,,,1,14,8.0,1410112,
1600000.0,,,,2,14,17.0,1410112,2.0
,,,,1,14,18.0,1410112,1.0
,,,214296.0,2,14,6.0,1410112,
1400000.0,,,,1,14,17.0,1410112,3.0
,,,,1,14,13.0,1410112,
500000.0,,,,2,14,10.0,1410112,5.0
500000.0,,,,1,14,8.0,1410112,7.0
,,,300000.0,2,14,12.0,1420424,
,,,,2,14,10.0,1420424,5.0
,,,,1,14,12.0,1420424,7.0
,,,,1,14,12.0,1420424,8.0
,,,,1,14,15.0,1420424,
,,,,2,14,11.0,1420424,
,,,,2,14,,1420424,
700000.0,,,,1,14,12.0,1420424,6.0
,25000.0,,,2,14,12.0,1420424,
,,,,2,14,12.0,1420424,
,,,,1,14,,1420424,
,,,,2,14,8.0,1420424,
,,,,2,14,12.0,1420424,
700000.0,,,,2,14,12.0,1420424,8.0
,,,216000.0,2,14,0.0,1420424,
-88.0,,,,2,14,4.0,1420424,5.0
,,,,1,14,4.0,1420424,
,,,,1,14,12.0,1420424,
1200000.0,,,,1,14,9.0,1420424,6.0
,,,,2,14,12.0,1420424,7.0
,,,,2,14,17.0,1420424,
,,,,1,14,,1420424,
1900000.0,,,,1,14,17.0,1420424,2.0
,,,,1,14,17.0,1420424,
,,,214296.0,2,14,11.0,1410314,
,,,214296.0,2,14,4.0,1410314,
250000.0,,,,2,14,12.0,1410314,5.0
,,,,1,14,14.0,1410314,
480000.0,,,,1,14,12.0,1410314,5.0
500000.0,,,,2,14,12.0,1410314,4.0
,,,,1,14,10.0,1410314,
,,,,1,14,,1410314,
,,,214296.0,2,14,6.0,1410314,
,,,,1,14,12.0,1410314,
,,,,1,14,,1410314,
600000.0,,,,1,14,12.0,1410314,5.0
,,,210000.0,2,14,6.0,1410314,
600000.0,,,,1,14,12.0,1410314,7.0
,,,,2,14,12.0,1410314,7.0
,,,,2,14,15.0,1410314,
,,,,2,14,13.0,1410314,
,,,,1,14,,1410314,
1000000.0,,,,2,14,19.0,1420314,2.0
,,,327000.0,2,14,17.0,1420314,
,,,214000.0,2,14,8.0,1420314,
,,,,1,14,12.0,1420314,
1200000.0,,,,2,14,16.0,1420314,2.0
,,,,2,14,15.0,1420314,
600000.0,,,,1,14,13.0,1420314,5.0
,,,,1,14,,1420314,
,,,,2,14,,1420314,
,,,340000.0,1,14,3.0,1410724,
,,,,2,14,8.0,1410724,
,,,,1,14,12.0,1410724,
,,,214000.0,2,14,0.0,1410724,
,,,250000.0,1,14,3.0,1410724,
,,,214296.0,2,14,3.0,1410724,
350000.0,,,240000.0,1,14,3.0,1410724,6.0
600000.0,,,,1,14,12.0,1410724,7.0
227000.0,,,,2,14,16.0,1410724,5.0
,,,,1,14,12.0,1410724,
500000.0,,,,1,14,15.0,1410724,5.0
600000.0,,,,2,14,12.0,1410724,9.0
,,,214296.0,1,14,9.0,1410724,
,,,,2,14,14.0,1410724,2.0
,,,,1,14,0.0,1410724,
,,,,1,14,,1410724,
,,,,2,14,,1410724,
,,,260000.0,1,14,9.0,1410724,
,,,,2,14,6.0,1410724,
405000.0,,,,1,14,10.0,1410724,6.0
750000.0,,,,1,14,8.0,1410724,6.0
,,,500000.0,2,14,12.0,1410112,
,,,,2,14,17.0,1410112,
,,,,2,14,12.0,1410112,5.0
400000.0,,,,1,14,12.0,1410112,7.0
,,,,2,14,16.0,1410112,
,,,,1,14,11.0,1410112,
,,21243.0,,2,14,,1410112,
,,,214296.0,2,14,6.0,1410112,
550000.0,,,,2,14,12.0,1410112,9.0
,,,,1,14,15.0,1410112,
600000.0,,,,2,14,12.0,1410112,5.0
2800000.0,,,,2,14,17.0,1410112,1.0
800000.0,,,,1,14,17.0,1410112,5.0
,,,214000.0,1,14,8.0,1420416,
,,,214000.0,2,14,16.0,1420416,
,,,,2,14,12.0,1420416,
,,,,1,14,18.0,1420416,5.0
1000000.0,,,,2,14,14.0,1420416,3.0
,,,,1,14,,1420416,
,,,,1,14,,1420416,
800000.0,,,240000.0,2,14,14.0,1410614,3.0
,,,500000.0,2,14,12.0,1410614,
,,,214296.0,2,14,8.0,1410614,
,,,214296.0,1,14,12.0,1410614,9.0
,,,,1,14,15.0,1410614,7.0
500000.0,,,220000.0,2,14,,1410614,5.0
600000.0,,,,1,14,12.0,1410112,2.0
200000.0,,,,2,14,15.0,1410112,2.0
,,,,1,14,,1410112,
,,,210000.0,1,14,3.0,1410112,7.0
,,,210000.0,2,14,3.0,1410112,
500000.0,,,,1,14,12.0,1410112,9.0
500000.0,,,,1,14,12.0,1410112,9.0
500000.0,,,,2,14,12.0,1410112,5.0
500000.0,,,,1,14,12.0,1410112,3.0
500000.0,,,,2,14,16.0,1410112,5.0
,,,,2,14,16.0,1410112,
,,,,2,14,15.0,1410112,
,,,,2,14,17.0,1410112,
1300000.0,,,,1,14,18.0,1410112,1.0
2000000.0,,,,2,14,19.0,1410112,2.0
,,,214296.0,1,14,3.0,1410112,
420000.0,,,,1,14,12.0,1410112,5.0
2300000.0,,,,2,14,16.0,1410112,2.0
700000.0,,,,1,14,14.0,1410112,3.0
,380000.0,,,1,14,17.0,1410112,
,,,,2,14,5.0,1410112,
,,,,1,14,12.0,1410112,9.0
620000.0,,,,1,14,17.0,1410112,9.0
415000.0,,,,2,14,17.0,1410112,9.0
,,,,2,14,14.0,1410112,
,,,,2,14,12.0,1410112,
,,,,1,14,9.0,1410112,
,,,214296.0,2,14,12.0,1410112,7.0
500000.0,,,,1,14,9.0,1410112,5.0
,,,214296.0,1,14,4.0,1410112,6.0
,,,,2,14,15.0,1410112,
100000.0,,,,1,14,6.0,1410824,6.0
,,,,1,14,8.0,1410824,
,,,,2,14,8.0,1410824,
,,,,1,14,,1410824,
,,,,2,14,12.0,1410824,
500000.0,,,,1,14,12.0,1410824,9.0
375000.0,,,,1,14,12.0,1410824,7.0
,,,,2,14,12.0,1410824,
,,,,1,14,11.0,1410824,
,,,,2,14,9.0,1410824,
,,,,2,14,3.0,1410511,
,,,,2,14,6.0,1410511,5.0
,,,,1,14,6.0,1410511,5.0
,,,,2,14,10.0,1410511,
,,21243.0,,1,14,12.0,1410511,
,,21243.0,,1,14,9.0,1410511,
,,21243.0,,1,14,,1410511,
,,21243.0,,2,14,,1410511,
450000.0,,,,2,14,10.0,1410511,9.0
,,,,1,14,11.0,1410511,
,,,,1,14,,1410511,
450000.0,,,,2,14,12.0,1410511,9.0
,,,,1,14,,1410511,
,,,,2,14,,1410511,
,100000.0,,,2,14,12.0,1410511,
,,,214296.0,2,14,6.0,1410511,
,,,,2,14,1.0,1410511,
,,,,1,14,9.0,1410511,
420000.0,,,,1,14,16.0,1410511,5.0
,,,,2,14,14.0,1410511,
500000.0,,,,1,14,12.0,1410511,6.0
,,21243.0,,1,14,,1410511,
,,,,2,14,,1410511,
,,,,2,14,,1410511,
360000.0,,,,2,14,10.0,1410113,9.0
,,,,2,14,12.0,1410113,
,,,,2,14,10.0,1410113,
,,,,2,14,,1410113,
1500000.0,,,,2,14,17.0,1410113,2.0
,,,,1,14,14.0,1410113,
1500000.0,,,,1,14,19.0,1410113,1.0
,,,500000.0,2,14,12.0,1410113,
,,,320000.0,1,14,4.0,1410113,
200000.0,,,,2,14,4.0,1410113,9.0
80000.0,,,,1,14,13.0,1410113,7.0
520000.0,,,,1,14,15.0,1410113,5.0
700000.0,,,300000.0,1,14,12.0,1410113,9.0
500000.0,,,,2,14,17.0,1410113,2.0
500000.0,,,,1,14,17.0,1410113,5.0
434000.0,,,,1,14,12.0,1420111,8.0
405000.0,,,,2,14,12.0,1420111,6.0
,,,,2,14,12.0,1420111,
,,,,2,14,12.0,1420111,
,,21243.0,,1,14,8.0,1420111,
,,,250000.0,2,14,12.0,1420111,
,,,,1,14,15.0,1420111,1.0
,,,214296.0,2,14,3.0,1420111,
,,,432244.0,1,14,8.0,1420111,
,,,,2,14,14.0,1420111,
865000.0,,,,1,14,15.0,1420111,7.0
,,21243.0,,1,14,,1420111,
,,,,2,14,12.0,1420111,
,,21243.0,,2,14,11.0,1420111,
,,21243.0,,2,14,,1420111,
,,,200000.0,1,14,6.0,1420111,9.0
,,,214296.0,2,14,6.0,1420111,
,,,,1,14,12.0,1410424,6.0
,,,,2,14,12.0,1410424,
,,,100000.0,1,14,0.0,1410424,
187500.0,,,,2,14,12.0,1410424,7.0
375000.0,,,,2,14,15.0,1410424,5.0
,,,,2,14,14.0,1410424,
,,,,1,14,,1410424,
,,,400000.0,2,14,6.0,1410424,
,,,310000.0,1,14,8.0,1410424,
,,,,1,14,12.0,1410424,
450000.0,,,,1,14,8.0,1410424,8.0
,,,,2,14,3.0,1410424,
,,,310000.0,1,14,12.0,1410424,
,,,,1,14,12.0,1410424,
,,,432402.0,2,14,0.0,1410112,
500000.0,,,,2,14,12.0,1410112,5.0
,,,,1,14,17.0,1410112,
-88.0,,,,2,14,12.0,1410112,9.0
,,,,1,14,,1410112,
800000.0,,,,1,14,12.0,1410112,7.0
1000000.0,,,,2,14,16.0,1410112,2.0
,,,,2,14,,1410112,
,,,,2,14,,1410112,
1500000.0,,,,1,14,16.0,1410112,2.0
1000000.0,,,,2,14,16.0,1410112,4.0
,,,,1,14,14.0,1410112,
800000.0,,,,2,14,15.0,1410112,4.0
50000.0,,,,2,14,14.0,1410112,2.0
410000.0,,,,2,14,13.0,1410112,5.0
,,,,1,14,,1410112,
502500.0,,,,2,14,17.0,1410814,2.0
400000.0,,,,2,14,12.0,1410814,5.0
,,,,2,14,10.0,1410814,
,,,,1,14,12.0,1410814,
,,,,2,14,,1410814,
350000.0,,,,2,14,15.0,1410814,5.0
300000.0,,,,1,14,15.0,1410814,9.0
,,,,1,14,,1410814,
375000.0,,,,2,14,9.0,1410814,7.0
500000.0,,,,1,14,12.0,1410814,9.0
,,,,2,14,13.0,1410814,
,,21243.0,,1,14,,1410814,
,,21243.0,,2,14,,1410814,
,,21243.0,,1,14,,1410814,
500000.0,,,,1,14,9.0,1410111,9.0
,,,,2,14,14.0,1410111,
,,,,1,14,12.0,1410111,9.0
500000.0,,,280000.0,2,14,8.0,1410111,9.0
700000.0,,,,2,14,12.0,1410111,9.0
,,,,2,14,12.0,1410111,
,,,,1,14,10.0,1410111,
,,,,1,14,,1410111,
,,,350000.0,1,14,10.0,1410111,
,,,214296.0,2,14,1.0,1410111,
500000.0,,,,2,14,13.0,1410111,7.0
,,,220000.0,1,14,12.0,1410111,
,,,214296.0,2,14,8.0,1410111,
500000.0,,,,1,14,17.0,1410111,3.0
,,,,1,14,12.0,1410111,
,,,,1,14,5.0,1410111,
,,,,2,14,9.0,1410111,
,,,,1,14,18.0,1410111,6.0
,,,214296.0,1,14,8.0,1410111,1.0
,,,,1,14,12.0,1410111,8.0
,,,,2,14,,1410111,
,,,,2,14,,1410111,
380000.0,,,,2,14,14.0,1410111,5.0
,,21243.0,,2,14,,1410111,
,,,,1,14,12.0,1410111,8.0
300000.0,,,,2,14,12.0,1410111,9.0
500000.0,,,,1,14,12.0,1410111,5.0
230000.0,,,,1,14,16.0,1410111,5.0
,,21243.0,,2,14,11.0,1410111,
,,,,1,14,12.0,1410111,7.0
850000.0,,,,1,14,6.0,1410111,7.0
550000.0,,,,1,14,0.0,1410111,7.0
,700000.0,,,1,14,13.0,1410113,
1400000.0,,,,2,14,17.0,1410113,3.0
,,,,2,14,,1410113,
450000.0,,,,1,14,15.0,1410113,5.0
450000.0,,,,2,14,17.0,1410113,5.0
530000.0,,,,1,14,12.0,1410113,8.0
700000.0,,,,2,14,13.0,1410113,5.0
400000.0,,,,2,14,17.0,1410113,7.0
1000000.0,,,,1,14,12.0,1410113,7.0
,,,,2,14,,1410113,
,,,,1,14,,1410113,
512000.0,,,,1,14,14.0,1410113,5.0
600000.0,,,,2,14,12.0,1410113,5.0
1600000.0,,,,2,14,17.0,1410113,2.0
,,,,2,14,13.0,1410113,
,,,,1,14,15.0,1410113,5.0
,,,,2,14,12.0,1410113,5.0
700000.0,,,,1,14,15.0,1410113,5.0
700000.0,,,,1,14,14.0,1410113,5.0
1800000.0,,,,1,14,17.0,1410113,2.0
-88.0,,,,2,14,15.0,1410113,5.0
850000.0,,,835000.0,1,14,17.0,1410113,5.0
,,,523580.0,2,14,13.0,1410113,
,,,1800000.0,1,14,17.0,1410113,
,,,800000.0,2,14,17.0,1410113,
,,,,2,14,14.0,1410113,
,,,1100000.0,1,14,17.0,1410113,
900000.0,,,,1,14,17.0,1410113,2.0
,200000.0,,,2,14,17.0,1410113,
,,,411000.0,1,14,3.0,1420126,
,,,214296.0,2,14,3.0,1420126,
,,,,2,14,17.0,1420126,7.0
,,,,1,14,16.0,1420126,
,,,,1,14,,1420126,
350000.0,,,,2,14,12.0,1420126,6.0
350000.0,,,,1,14,9.0,1420126,8.0
,,,,2,14,12.0,1420126,
,,,,1,14,12.0,1420126,
,,,,1,14,12.0,1420126,9.0
,,,,1,14,,1420126,
,,,,1,14,17.0,1420126,3.0
404000.0,,,,2,14,8.0,1420126,5.0
,,,214296.0,2,14,3.0,1420126,
650000.0,,,,1,14,10.0,1420126,6.0
,,,,2,14,6.0,1420126,
420000.0,,,,2,14,12.0,1420126,9.0
,,,,1,14,10.0,1420126,8.0
,,21243.0,,2,14,,1420126,
,,21243.0,,1,14,,1420126,
,,,,2,14,12.0,1420126,
,,,400000.0,1,14,3.0,1420126,
,,,200000.0,1,14,0.0,1420214,
,,,200000.0,2,14,5.0,1420214,
1000000.0,,,,1,14,12.0,1420214,6.0
1000000.0,,,,1,14,11.0,1420214,6.0
600000.0,,,,2,14,12.0,1420214,3.0
,,,,2,14,15.0,1420214,
,,21243.0,,1,14,,1420214,
700000.0,,,,1,14,8.0,1420214,7.0
,,,,2,14,5.0,1420214,
,,,,2,14,12.0,1420214,5.0
,,,,1,14,,1420214,
,,,214000.0,1,14,1.0,1420214,
,,,,1,14,8.0,1420214,
500000.0,,,214000.0,2,14,12.0,1420214,5.0
-88.0,,,,2,14,16.0,1420214,3.0
,,,240000.0,2,14,2.0,1420214,
150000.0,,,103000.0,2,14,15.0,1420214,4.0
700000.0,,,,1,14,12.0,1410112,5.0
,,,,2,14,14.0,1410112,
,,,150000.0,2,14,17.0,1410112,
450000.0,,,,1,14,13.0,1410112,5.0
,,,,1,14,17.0,1410112,
600000.0,,,,1,14,17.0,1410112,3.0
1200000.0,,,1000000.0,1,14,12.0,1410112,2.0
,,,214296.0,2,14,12.0,1410112,
700000.0,,,,2,14,17.0,1410112,2.0
,,,,2,14,,1410112,
,,,430000.0,2,14,0.0,1410112,
,,,,1,14,8.0,1410112,
,,,,2,14,10.0,1410112,9.0
,,,,2,14,15.0,1410112,7.0
600000.0,,,,1,14,12.0,1420424,8.0
,,,,2,14,12.0,1420424,
,,21243.0,,2,14,,1420424,
,,,,2,14,16.0,1420424,1.0
,,,,1,14,15.0,1420424,1.0
,,,,2,14,12.0,1420424,
600000.0,,,,1,14,10.0,1420424,8.0
,,,,1,14,10.0,1420424,
,,,,2,14,,1420424,
,,,,2,14,15.0,1420424,6.0
,,,,1,14,12.0,1420424,7.0
,,,214296.0,2,14,0.0,1420424,
,,,,1,14,8.0,1420424,6.0
700000.0,,,,2,14,12.0,1420424,6.0
,,,,1,14,12.0,1420424,
,,,,1,14,,1420424,
,,,450000.0,1,14,11.0,1410414,
1000000.0,,,,1,14,15.0,1410414,3.0
,,,,1,14,12.0,1410414,
,,,,2,14,9.0,1410414,
,,,,2,14,7.0,1410414,
,,,625000.0,1,14,7.0,1410414,
400000.0,,,1000000.0,1,14,12.0,1410414,5.0
,,,396000.0,2,14,17.0,1410414,
,,,214296.0,2,14,11.0,1410414,
,,,214296.0,2,14,12.0,1410414,
,,,208000.0,2,14,7.0,1410112,
,,,294000.0,1,14,6.0,1410112,
,-88.0,,,1,14,8.0,1410112,
-88.0,,,,2,14,8.0,1410112,5.0
,,,,1,14,,1410112,9.0
,,,,1,14,9.0,1410112,
,,,,2,14,,1410112,
,,,,2,14,,1410112,
,,,,1,14,,1410112,
600000.0,,,,2,14,12.0,1410112,3.0
,,,350000.0,1,14,12.0,1410112,
500000.0,,,,1,14,12.0,1410112,8.0
500000.0,,,,2,14,12.0,1410112,5.0
,,,,2,14,10.0,1410112,
,,,,2,14,,1410112,
,,,,1,14,,1410112,
,,,,2,14,8.0,1410112,9.0
,,,,2,14,13.0,1410112,2.0
,,,,2,14,13.0,1410112,
500000.0,,,,2,14,12.0,1410112,5.0
,,,,2,14,10.0,1410112,
,,,,2,14,,1410112,
870000.0,,,,1,14,12.0,1420416,3.0
,,,,2,14,,1420416,
500000.0,,,,1,14,12.0,1420416,8.0
500000.0,,,,2,14,17.0,1420416,2.0
,,21243.0,,2,14,,1420416,
405000.0,,,,2,14,12.0,1420416,9.0
0.0,,,,1,14,12.0,1420416,9.0
,,,,1,14,13.0,1420416,
,,,300000.0,1,14,5.0,1420416,
,,,,2,14,6.0,1420416,
400000.0,,,,2,14,12.0,1420416,5.0
,,,,1,14,12.0,1420416,7.0
405000.0,,,,2,14,12.0,1420416,5.0
,,,,2,14,13.0,1420416,
,,21243.0,,2,14,,1420416,
,,21243.0,,1,14,,1420416,
0.0,,,,1,14,10.0,1420416,9.0
450000.0,,,,2,14,10.0,1420416,9.0
,,,,2,14,,1420416,
,,,,2,14,,1420416,
,,,214296.0,2,14,5.0,1420416,
,,,214296.0,1,14,7.0,1420416,
,,,,2,14,8.0,1420416,
,,,190000.0,2,14,7.0,1420416,
150000.0,,,,2,14,12.0,1420416,5.0
500000.0,,,,1,14,14.0,1420416,8.0
,,21243.0,,2,14,,1420416,
,,21243.0,,2,14,,1420416,
,,,,2,14,13.0,1420416,5.0
500000.0,,,,1,14,8.0,1420416,5.0
,,21243.0,,2,14,,1420416,
,,21243.0,,2,14,,1420416,
500000.0,,,,1,14,12.0,1420416,8.0
,,,,2,14,12.0,1420416,
,,,,1,14,12.0,1420416,
500000.0,,,,1,14,9.0,1420416,6.0
,,,,1,14,16.0,1420416,7.0
,,,,1,14,10.0,1420416,
500000.0,,,,2,14,12.0,1420416,5.0
,,,,1,14,9.0,1420416,
,,,214296.0,1,14,6.0,1420416,
,,,241296.0,2,14,0.0,1410624,
,,,,1,14,8.0,1410624,6.0
,,,214296.0,1,14,10.0,1410624,
,,,,2,14,8.0,1410624,
,,,,1,14,8.0,1410624,
,,,,1,14,,1410624,
,,,,2,14,6.0,1410624,
,,,,1,14,6.0,1410624,6.0
,,21243.0,,2,14,9.0,1410624,
,,21243.0,,1,14,,1410624,
,,21243.0,,1,14,,1410624,
,,,,2,14,12.0,1410624,
,,,,2,14,17.0,1410624,
,,,,1,14,17.0,1410624,
,,,,2,14,6.0,1410624,
,,,,2,14,8.0,1410624,
650000.0,,,,2,14,12.0,1410111,5.0
,,,,1,14,12.0,1410111,7.0
,,,,1,14,12.0,1410111,
,,,,1,14,,1410111,
560000.0,,,,2,14,12.0,1410111,3.0
600000.0,,,,1,14,12.0,1410111,9.0
,,,,2,14,,1410111,
,,,,2,14,8.0,1410111,
,,,,1,14,11.0,1410111,
,,,,2,14,16.0,1410111,
500000.0,,,,1,14,8.0,1410111,5.0
,,,214000.0,2,14,6.0,1410111,
,,,214000.0,2,14,3.0,1410111,
250000.0,,,,2,14,12.0,1420416,9.0
,,,,1,14,13.0,1420416,
,,,,1,14,11.0,1420416,
1200000.0,,,,1,14,19.0,1420416,2.0
700000.0,,,,1,14,8.0,1420416,7.0
,,,,2,14,10.0,1420416,
,,,,1,14,10.0,1420416,7.0
,,,,2,14,12.0,1420416,
,,,,1,14,8.0,1420416,
,,,,2,14,,1420416,
120000.0,,,,2,14,10.0,1420416,5.0
120000.0,,,,2,14,0.0,1420416,9.0
,,21243.0,,2,14,,1420416,
50000.0,,,,2,14,17.0,1420416,9.0
550000.0,,,,1,14,12.0,1420416,7.0
,,,,2,14,17.0,1420416,
460000.0,,,,1,14,2.0,1420416,9.0
,,,,2,14,8.0,1420416,
700000.0,,,,1,14,12.0,1410112,8.0
500000.0,,,,2,14,12.0,1410112,3.0
300000.0,,,,2,14,15.0,1410112,3.0
,,,,1,14,15.0,1410112,8.0
,,,,1,14,,1410112,
,,,214296.0,1,14,12.0,1410112,
300000.0,,,,2,14,17.0,1410112,9.0
,,21243.0,,2,14,,1410112,
600000.0,,,,2,14,17.0,1410113,2.0
600000.0,,,,2,14,13.0,1410113,4.0
1300000.0,,,,1,14,15.0,1410113,2.0
,,,328000.0,2,14,17.0,1410113,
,,,,2,14,11.0,1410113,
,,,,1,14,16.0,1410113,
1300000.0,,,,2,14,16.0,1410113,2.0
,,,,1,14,14.0,1410113,
700000.0,,,,2,14,17.0,1410113,4.0
,,,,1,14,16.0,1410113,7.0
650000.0,,,,2,14,15.0,1410113,3.0
292000.0,,,,1,14,14.0,1410113,5.0
,,,,1,14,8.0,1410113,
700000.0,,,,1,14,17.0,1410112,5.0
800000.0,,,,2,14,17.0,1410112,5.0
,,,250000.0,2,14,12.0,1410112,
1700000.0,,,,1,14,16.0,1410112,0.0
,,,,2,14,15.0,1410112,
,,,,2,14,,1410112,
,,,,1,14,14.0,1410112,
,,,214296.0,2,14,6.0,1410112,
,,,,1,14,12.0,1410112,
,,,214296.0,1,14,10.0,1410112,
,,,,1,14,17.0,1410112,
,,,214300.0,1,14,6.0,1420214,8.0
,,,214300.0,2,14,6.0,1420214,
500000.0,,,,2,14,4.0,1420214,5.0
200000.0,,,,2,14,12.0,1420214,9.0
,,21243.0,,1,14,,1420214,
,,,215000.0,2,14,0.0,1420214,
,,,,1,14,12.0,1420214,
400000.0,,,,1,14,12.0,1420214,7.0
,,,214296.0,1,14,8.0,1420214,
,,,530927.0,2,14,16.0,1420214,
800000.0,,,,1,14,16.0,1420214,2.0
,,,,1,14,9.0,1420214,
,,,214296.0,2,14,3.0,1410624,
,,,290000.0,1,14,10.0,1410624,
600000.0,,,,1,14,12.0,1410624,5.0
,,,,1,14,0.0,1410624,
,,,,2,14,12.0,1410624,
250000.0,,,,2,14,7.0,1410624,9.0
0.0,,,,1,14,9.0,1410624,8.0
550000.0,,,,2,14,12.0,1410624,5.0
,,,214296.0,1,14,7.0,1410624,6.0
,,,214296.0,2,14,3.0,1410624,7.0
640000.0,,,,2,14,14.0,1410624,5.0
,,,,1,14,10.0,1410624,
,,,,2,14,,1410624,
,,21243.0,,1,14,,1410624,
,,,241296.0,2,14,10.0,1410624,
500000.0,,,219000.0,1,14,9.0,1410624,9.0
0.0,,,,1,14,14.0,1410624,9.0
,,,,1,14,,1410624,
600000.0,,,,2,14,12.0,1410624,3.0
,,,,1,14,12.0,1410624,1.0
,,,,2,14,11.0,1410624,6.0
600000.0,,,,1,14,9.0,1410624,8.0
,,,,2,14,12.0,1410624,
,,,,1,14,,1410624,
,,,,2,14,6.0,1410624,6.0
,,,,2,14,6.0,1410121,5.0
,,,,1,14,9.0,1410121,6.0
,,,,1,14,13.0,1410121,
,,,,2,14,12.0,1410121,
,,21243.0,,1,14,,1410121,
,,,,1,14,1.0,1410121,7.0
0.0,,,,1,14,12.0,1410121,7.0
750000.0,,,,2,14,16.0,1410121,3.0
,,21243.0,,2,14,,1410121,
,,,,2,14,2.0,1410121,
650000.0,,,,1,14,14.0,1410121,5.0
,,,,2,14,16.0,1410121,
,,,214296.0,1,14,10.0,1410121,
,,,250000.0,2,14,6.0,1410121,
,,,,1,14,16.0,1410112,
600000.0,,,,1,14,17.0,1410112,5.0
1000000.0,,,,2,14,17.0,1410112,1.0
,,,,2,14,15.0,1410112,
650000.0,,,,1,14,15.0,1410112,3.0
700000.0,,,,1,14,10.0,1410112,7.0
600000.0,,,,1,14,12.0,1410112,8.0
,,,214296.0,2,14,7.0,1410112,
,,,300000.0,1,14,8.0,1410112,8.0
,,,214296.0,2,14,10.0,1410112,
,,,,1,14,14.0,1410112,
,,,,1,14,10.0,1410112,9.0
300000.0,,,,1,14,16.0,1410112,8.0
1400000.0,,,,1,14,10.0,1410112,1.0
400000.0,,,,1,14,17.0,1410112,8.0
,,,,2,14,12.0,1410112,4.0
1000000.0,,,,1,14,17.0,1410112,1.0
,,,,1,14,12.0,1410112,
,,,400000.0,2,14,17.0,1410112,
,,,,1,14,8.0,1410111,6.0
500000.0,,,,2,14,12.0,1410111,5.0
,,,,1,14,15.0,1410111,
,,,,2,14,,1410111,
,,,,1,14,9.0,1410111,9.0
,,,,2,14,0.0,1410111,
,,,,2,14,12.0,1410111,
,,,,1,14,9.0,1410111,6.0
,,21243.0,,1,14,,1410111,
,,21243.0,,1,14,,1410111,
,,,,1,14,12.0,1410111,5.0
,,,,2,14,12.0,1410111,
,,,,2,14,,1410111,
,200000.0,,,2,14,4.0,1410111,
,,,,1,14,2.0,1410111,6.0
,,21243.0,,1,14,,1410111,
,,,,1,14,12.0,1410111,7.0
,,,,2,14,0.0,1410111,
,100000.0,,,2,14,8.0,1420416,
650000.0,,,,1,14,12.0,1420416,7.0
404000.0,,,,1,14,12.0,1420416,7.0
400000.0,,,,2,14,12.0,1420416,5.0
,,21243.0,,2,14,,1420416,
,,,214966.0,2,14,8.0,1420416,
,,,,1,14,8.0,1420416,
,,,214296.0,2,14,8.0,1420416,
500000.0,,,,1,14,12.0,1420416,4.0
,,,1300000.0,1,14,19.0,1420416,
,,,514966.0,2,14,20.0,1420416,
900000.0,,,,1,14,16.0,1420416,2.0
826000.0,,,,2,14,17.0,1420416,2.0
1650000.0,,,,1,14,15.0,1420416,3.0
,,,214296.0,2,14,8.0,1420416,
,,,,2,14,9.0,1420416,
,,,,1,14,,1420416,
,,,,1,14,17.0,1420416,
500000.0,,,,2,14,12.0,1420416,4.0
,,,700000.0,1,14,6.0,1420416,
250000.0,,,,2,14,15.0,1420416,5.0
,,,,1,14,15.0,1420416,5.0
,,,,2,14,14.0,1420416,
500000.0,,,,2,14,12.0,1420416,5.0
,,,,1,14,,1420416,
700000.0,,,,1,14,15.0,1410112,1.0
,,,400000.0,1,14,16.0,1410112,
,,,300000.0,2,14,16.0,1410112,
,,,,1,14,17.0,1410112,5.0
,,,214296.0,2,14,17.0,1410112,2.0
500000.0,,,,1,14,15.0,1410112,6.0
600000.0,,,,1,14,13.0,1410112,4.0
,,,,1,14,16.0,1410112,
,,,950000.0,2,14,10.0,1410112,
,,,,1,14,17.0,1410112,5.0
,,,,2,14,17.0,1410112,9.0
,,,,1,14,4.0,1410112,5.0
,,,,2,14,1.0,1410112,
500000.0,,,,1,14,13.0,1410112,4.0
500000.0,,,,2,14,13.0,1410112,5.0
,,,,2,14,,1410112,
,,,,2,14,,1410112,
485000.0,,,,2,14,15.0,1410112,3.0
,,,214296.0,2,14,4.0,1410112,
,,,,2,14,13.0,1410112,
1100000.0,,,,2,14,17.0,1410112,2.0
,,,,1,14,,1410112,
,,,500000.0,1,14,6.0,1410112,
,,,250000.0,2,14,10.0,1410112,
,,,,2,14,12.0,1410112,
900000.0,,,,1,14,12.0,1410112,5.0
,,,,1,14,,1410112,
,,,,1,14,,1410112,
,,,,2,14,,1410112,
430000.0,,,420000.0,1,14,15.0,1410112,1.0
1500000.0,,,,1,14,12.0,1410112,5.0
,,,,2,14,8.0,1410112,
600000.0,,,,2,14,13.0,1410112,3.0
,,,,2,14,14.0,1410112,
,,,,2,14,7.0,1410314,
,,,214296.0,1,14,7.0,1410314,
,,,,2,14,12.0,1410314,9.0
,,,,1,14,9.0,1410314,
500000.0,,,,1,14,7.0,1410314,7.0
,,,220000.0,1,14,0.0,1410314,
,,,214296.0,2,14,4.0,1410314,
500000.0,,,,1,14,10.0,1410314,9.0
,,,,2,14,6.0,1410314,
,,,200000.0,1,14,6.0,1410314,
,,,200000.0,1,14,12.0,1410314,6.0
,,,200000.0,2,14,12.0,1410314,
,,,,2,14,16.0,1410314,2.0
,,,,1,14,16.0,1410314,
,,,,2,14,,1410314,
,,,,2,14,,1410314,
,,,214296.0,1,14,8.0,1410714,
316090.0,,,,2,14,12.0,1410714,9.0
,,,,2,14,15.0,1410714,
,,,,2,14,8.0,1410714,
450000.0,,,,1,14,5.0,1410714,9.0
,,,,1,14,16.0,1410714,
,,,,1,14,4.0,1410714,7.0
600000.0,,,,2,14,15.0,1410714,3.0
,,,,1,14,,1410714,
,,,,1,14,,1410714,
,,,,1,14,,1410714,
,,,,2,14,11.0,1410714,5.0
,,,214292.0,2,14,3.0,1410714,
800000.0,,,,1,14,12.0,1410714,3.0
,,,,2,14,12.0,1410714,
,,,,2,14,,1410714,
,,,,2,14,,1410714,
0.0,,,950000.0,1,14,19.0,1410113,2.0
,,,,2,14,15.0,1410113,
-88.0,,,,2,14,20.0,1410113,2.0
,,,,1,14,15.0,1410113,
,,,,1,14,14.0,1410113,
,,,2900000.0,2,14,21.0,1410113,2.0
,,,680000.0,1,14,9.0,1410113,
1600000.0,,,,1,14,17.0,1410113,3.0
,,,,2,14,4.0,1410324,6.0
500000.0,,,,1,14,12.0,1410324,7.0
,,,,1,14,11.0,1410324,
,,,,1,14,,1410324,
,,,,2,14,12.0,1410324,
,,,,1,14,12.0,1410324,9.0
,,,,1,14,12.0,1410324,
,,,,1,14,,1410324,
,,,,1,14,11.0,1410324,8.0
,,,,2,14,12.0,1410324,6.0
,,,,1,14,12.0,1410324,
,,,,1,14,13.0,1410324,
,,,,1,14,10.0,1410324,
,,,,1,14,17.0,1410324,
,,,214296.0,1,14,3.0,1410324,
,,,214296.0,2,14,3.0,1410324,
,,,360000.0,1,14,17.0,1410112,
,,,,2,14,17.0,1410112,
217000.0,,,,1,14,12.0,1410112,9.0
217000.0,,,,2,14,12.0,1410112,9.0
,,,,1,14,16.0,1410112,
,,,,1,14,9.0,1410112,
800000.0,,,,2,14,17.0,1410112,2.0
,,,,1,14,17.0,1410112,
800000.0,,,,2,14,17.0,1410112,2.0
,,,,1,14,,1410112,
,,,,1,14,,1410112,
,,,,1,14,12.0,1410112,8.0
,,,214296.0,2,14,6.0,1410112,
500000.0,,,214296.0,1,14,10.0,1410112,5.0
,,,202049.0,1,14,11.0,1410624,8.0
450000.0,,,90000.0,2,14,12.0,1410624,5.0
,,,,2,14,15.0,1410624,
,,21243.0,,2,14,,1410624,
,,,,2,14,15.0,1410624,1.0
,,,,1,14,15.0,1410624,
,,,,1,14,11.0,1410624,
,,,,1,14,12.0,1410624,
,,,,1,14,12.0,1410624,7.0
,,,,2,14,12.0,1410624,
,,,,2,14,,1410624,
,,,300000.0,1,14,17.0,1410624,
,,,,1,14,12.0,1410624,5.0
600000.0,,,,1,14,12.0,1410624,5.0
,,,,2,14,17.0,1410624,
,,,,2,14,14.0,1410624,
400000.0,,,,1,14,5.0,1410624,8.0
400000.0,,,,2,14,9.0,1410624,5.0
,,,,2,14,15.0,1410624,
,,,,2,14,,1410624,
,,,,1,14,11.0,1410624,7.0
,,,248000.0,1,14,5.0,1410624,
,,,214296.0,2,14,5.0,1410624,
,,,,2,14,17.0,1410624,
,,,214296.0,1,14,3.0,1410624,
400000.0,,,,1,14,6.0,1410624,5.0
,100000.0,,214000.0,2,14,10.0,1410624,
,100000.0,,300000.0,1,14,12.0,1410624,
,,,500000.0,2,14,17.0,1410112,
,,,400000.0,1,14,16.0,1410112,3.0
,860000.0,,,1,14,15.0,1410112,
250000.0,,,,2,14,12.0,1410112,8.0
,,,,2,14,11.0,1410112,
350000.0,,,,1,14,14.0,1410112,8.0
600000.0,,,,1,14,12.0,1410112,8.0
1200000.0,,,,2,14,17.0,1410112,2.0
452000.0,,,,2,14,12.0,1410112,7.0
,,,,2,14,,1410112,
940000.0,,,,2,14,16.0,1410112,2.0
,,,,2,14,14.0,1410112,
1700000.0,,,,2,14,17.0,1410112,2.0
,,,190000.0,2,14,10.0,1410112,
,,,,1,14,17.0,1410112,8.0
,,,400000.0,1,14,16.0,1410112,
,,,250000.0,2,14,12.0,1410112,
,,,,2,14,13.0,1410112,
680000.0,,,,1,14,12.0,1410112,7.0
500000.0,,,,1,14,12.0,1410112,7.0
,,,,2,14,,1410112,
600000.0,,,,2,14,12.0,1410112,4.0
300000.0,,,,1,14,15.0,1410112,5.0
,,,,2,14,10.0,1410112,
,,,300000.0,2,14,16.0,1410814,
500000.0,,,,1,14,16.0,1410814,2.0
,,,,2,14,15.0,1410814,2.0
,,,,1,14,,1410814,
,,,214296.0,1,14,6.0,1410814,
,,,220000.0,2,14,16.0,1410814,
,,,214296.0,1,14,6.0,1410814,
,,,214296.0,2,14,5.0,1410814,
,,,,2,14,12.0,1410814,
,,,,1,14,12.0,1410814,
,,,,2,14,,1410814,
,,,,2,14,,1410814,
,,,,2,14,12.0,1410814,5.0
,,,,1,14,12.0,1410814,7.0
,,,,1,14,10.0,1410814,
,,,300000.0,2,14,18.0,1410814,
500000.0,,,,2,14,12.0,1410814,5.0
,,,,1,14,12.0,1410814,7.0
,,,,1,14,16.0,1410814,
,,,,1,14,9.0,1410814,
,,,414000.0,1,14,11.0,1420416,
,,,490000.0,2,14,12.0,1420416,
,,,,2,14,5.0,1420416,
,,,,1,14,12.0,1420416,
250000.0,,,,1,14,14.0,1420416,9.0
,,,,2,14,,1420416,
1200000.0,,,,1,14,12.0,1420416,7.0
410000.0,,,,2,14,12.0,1420416,5.0
500000.0,,,,2,14,15.0,1420416,9.0
,,,,1,14,13.0,1420416,
,,21243.0,,1,14,9.0,1420416,
,,,214296.0,1,14,2.0,1420416,
,,,950000.0,1,14,17.0,1410624,
,,,,1,14,10.0,1410624,9.0
,,,,2,14,8.0,1410624,
,,,,2,14,10.0,1410624,
,,,,1,14,11.0,1410624,
,,,214296.0,2,14,5.0,1410624,
,,,,1,14,8.0,1410624,7.0
,,21243.0,,1,14,10.0,1410624,
,,,,1,14,9.0,1410624,
,,,,2,14,12.0,1410624,
,,,,1,14,11.0,1410624,
,,,,1,14,11.0,1410624,5.0
,,,220000.0,2,14,4.0,1410624,3.0
,,,214296.0,2,14,12.0,1410624,
,,,214296.0,1,14,8.0,1410624,
,,,,2,14,12.0,1410624,
,,,,2,14,,1410624,
,,,,2,14,8.0,1410624,
,,,480000.0,1,14,6.0,1410624,
650000.0,,,,1,14,12.0,1410111,7.0
,,,,2,14,6.0,1410111,
,,,,1,14,11.0,1410111,
,,,,1,14,,1410111,
,40000.0,,,2,14,9.0,1410111,
,,,,1,14,3.0,1410111,
500000.0,,,,2,14,12.0,1410111,8.0
,,,,2,14,3.0,1410111,
1050000.0,,,,1,14,16.0,1410111,2.0
500000.0,,,300000.0,1,14,10.0,1410111,8.0
300000.0,,,,2,14,8.0,1410111,9.0
,,,,1,14,14.0,1410111,
,,,,2,14,,1410111,
,,,,2,14,5.0,1410111,
,,,,1,14,3.0,1410111,
300000.0,,,,2,14,12.0,1410111,9.0
500000.0,,,,1,14,12.0,1410111,9.0
,,,,2,14,14.0,1410111,
,,,214296.0,2,14,8.0,1410314,
,,,214296.0,1,14,6.0,1410314,1.0
,,,230000.0,2,14,8.0,1410314,
,,,,1,14,8.0,1410314,
,,,214296.0,2,14,3.0,1410314,
,,,214296.0,2,14,4.0,1410314,
,,,420000.0,2,14,9.0,1410314,
,,,,1,14,10.0,1410314,5.0
,,,,2,14,16.0,1410112,2.0
,,,,1,14,16.0,1410112,5.0
,,,,1,14,17.0,1410112,
,,,,2,14,12.0,1410112,
,,,,2,14,,1410112,
1300000.0,,,,2,14,16.0,1410112,2.0
600000.0,,,,1,14,14.0,1410112,5.0
,,,,1,14,15.0,1410112,
,,,,1,14,,1410112,
,,,,1,14,16.0,1410112,2.0
,,,,1,14,13.0,1410112,
,,,,1,14,,1410112,
900000.0,,,,2,14,17.0,1410112,2.0
900000.0,,,,1,14,17.0,1410112,2.0
,,,700000.0,1,14,14.0,1410112,
,,,214296.0,2,14,13.0,1410112,
-88.0,,,,1,14,18.0,1410112,2.0
200000.0,,,,2,14,4.0,1410112,9.0
,,,214296.0,1,14,10.0,1410112,2.0
700000.0,,,,2,14,15.0,1410112,3.0
1200000.0,,,,1,14,15.0,1410112,3.0
,,,,2,14,10.0,1410112,
,,,,1,14,,1410112,
,,,,2,14,0.0,1410112,
,,,,1,14,12.0,1410112,7.0
340000.0,,,,2,14,15.0,1410112,3.0
,,,140000.0,2,14,12.0,1410112,
1200000.0,,,,2,14,17.0,1410112,2.0
600000.0,,,100000.0,2,14,12.0,1410112,5.0
,,,,1,14,12.0,1410112,6.0
,,,,1,14,10.0,1410112,7.0
653000.0,,,,2,14,17.0,1410112,2.0
1500000.0,,,,1,14,12.0,1410112,8.0
,,,,2,14,,1410112,
,,,,2,14,,1410112,
,,,,2,14,12.0,1410112,
,,,800000.0,1,14,16.0,1410112,
,,,,1,14,15.0,1410112,
2000000.0,,,,1,14,17.0,1410112,1.0
1500000.0,,,,2,14,17.0,1410112,3.0
,,,,1,14,,1410112,
,,,180000.0,2,14,0.0,1410111,
410000.0,,,,2,14,10.0,1410111,9.0
,,,,1,14,9.0,1410111,5.0
240000.0,,,,2,14,12.0,1410111,9.0
310000.0,,,,1,14,12.0,1410111,9.0
,,,,2,14,,1410111,
500000.0,,,,2,14,12.0,1410111,9.0
,,,,1,14,13.0,1410111,
,,,,2,14,11.0,1410111,
750000.0,,,,1,14,15.0,1410111,3.0
1000000.0,,,,2,14,15.0,1410111,3.0
,,,,2,14,12.0,1410824,
,,,,2,14,,1410824,
,,,214296.0,2,14,0.0,1410824,
,,,,2,14,5.0,1410824,
,,,,1,14,8.0,1410824,7.0
375000.0,,,,1,14,12.0,1410824,4.0
,,,,2,14,12.0,1410824,
,,,,2,14,12.0,1410424,
500000.0,,,,2,14,12.0,1410424,5.0
1300000.0,,,,1,14,15.0,1410424,0.0
800000.0,,,,1,14,14.0,1410424,0.0
,,,,2,14,12.0,1410424,
,,,,2,14,12.0,1410424,
,,,,2,14,10.0,1410424,
,,,214296.0,2,14,2.0,1410424,
,,,,1,14,9.0,1410424,6.0
,,,,2,14,12.0,1410424,
,,,,2,14,7.0,1410424,
,,,400000.0,1,14,12.0,1410424,
500000.0,,,,1,14,12.0,1410424,5.0
600000.0,,,,1,14,5.0,1410424,8.0
,,,,2,14,5.0,1410424,
,,,,2,14,12.0,1410424,
,,,,1,14,,1410424,
,,,,2,14,8.0,1410424,
450000.0,,,,1,14,9.0,1410424,6.0
700000.0,,,,1,14,12.0,1410424,6.0
500000.0,,,,1,14,7.0,1410424,6.0
,,,,2,14,2.0,1410424,
600000.0,,,,2,14,15.0,1410112,3.0
2200000.0,,,,1,14,17.0,1410112,5.0
,,,,2,14,15.0,1410112,
1600000.0,,,,2,14,18.0,1410112,2.0
,,,,2,14,15.0,1410112,
,,,,1,14,17.0,1410112,3.0
0.0,,,,1,14,17.0,1410112,2.0
,,,,1,14,18.0,1410112,
,,,,2,14,12.0,1410112,
,,,,2,14,12.0,1410112,7.0
,,,,1,14,14.0,1410112,7.0
,,,,2,14,14.0,1410112,
,,,,2,14,,1410112,
,,,,2,14,,1410112,
300000.0,,,,2,14,12.0,1410112,4.0
,,,,1,14,,1410112,
,,,,2,14,,1410112,
1400000.0,,,,2,14,17.0,1410112,2.0
1500000.0,,,,1,14,17.0,1410112,2.0
,,,,2,14,,1410112,
,,,,2,14,,1410112,
,,,,1,14,,1410112,
,,,,2,14,15.0,1410112,
800000.0,,,,1,14,12.0,1410112,7.0
600000.0,,,,1,14,11.0,1410111,9.0
400000.0,,,,2,14,6.0,1410111,9.0
,,,,1,14,14.0,1410111,
,,,,1,14,11.0,1410111,
,,,,2,14,11.0,1410111,
,,,,1,14,11.0,1410111,
,,,214296.0,2,14,4.0,1410111,
,,,214296.0,1,14,2.0,1410111,
,,,,2,14,15.0,1410111,5.0
,,,,2,14,13.0,1410111,5.0
,,21243.0,,1,14,11.0,1410111,5.0
750000.0,,,,1,14,17.0,1410111,3.0
,,,,1,14,15.0,1410111,
,,,,2,14,12.0,1410111,
500000.0,,,,2,14,8.0,1410111,9.0
300000.0,,,,2,14,12.0,1410111,5.0
,,,,1,14,10.0,1410111,
,,,,2,14,,1410111,
1500000.0,,,,1,14,12.0,1410314,7.0
,,,,1,14,,1410314,
,,,,1,14,12.0,1410314,
,,21243.0,,2,14,,1410314,
,,21243.0,,1,14,,1410314,
550000.0,,,,2,14,12.0,1410314,6.0
1080000.0,,,,1,14,16.0,1410314,4.0
,,,,2,14,10.0,1410314,9.0
,,,,2,14,12.0,1410314,
500000.0,,,,1,14,12.0,1410314,8.0
,,,,2,14,3.0,1410314,
500000.0,,,,1,14,1.0,1410314,6.0
700000.0,,,,1,14,12.0,1410314,8.0
592000.0,,,,2,14,12.0,1410314,3.0
,,,,1,14,9.0,1410314,
,,,,2,14,,1410314,
320000.0,,,,2,14,8.0,1410314,5.0
,,,,2,14,12.0,1410314,
,,,,1,14,8.0,1410424,7.0
,,,,2,14,4.0,1410424,
1295000.0,,,,2,14,17.0,1410424,2.0
,,,,2,14,5.0,1410424,
550000.0,,,,1,14,6.0,1410424,6.0
,,,,1,14,0.0,1410424,
,,,,2,14,8.0,1410424,
,,,,1,14,12.0,1410424,
,,,,2,14,4.0,1410424,
,,,,1,14,4.0,1410424,9.0
660000.0,,,,2,14,12.0,1410424,5.0
,,,,1,14,14.0,1410424,
,844000.0,,,2,14,17.0,1410424,
,,,,1,14,12.0,1410424,
,,,,2,14,12.0,1410424,5.0
800000.0,,,,1,14,12.0,1410424,6.0
,,,,1,14,,1410424,
,,,220000.0,1,14,10.0,1410424,
,,,,2,14,0.0,1410424,
420000.0,,,,1,14,12.0,1410424,9.0
,300000.0,,,2,14,15.0,1410424,
,,,,2,14,,1410424,
,,,350000.0,1,14,9.0,1410424,
,,,,1,14,17.0,1410424,
200000.0,,,,2,14,8.0,1410424,5.0
500000.0,,,,1,14,15.0,1420214,6.0
,,,,2,14,12.0,1420214,
500000.0,,,,1,14,12.0,1420214,7.0
,,,215000.0,1,14,0.0,1420214,
,,,214000.0,2,14,2.0,1420214,
,,,,2,14,12.0,1420214,
,,,,1,14,8.0,1420214,
,,,,1,14,12.0,1420214,7.0
410000.0,,,,2,14,12.0,1420214,5.0
,,,,2,14,8.0,1420214,9.0
,,,212000.0,1,14,4.0,1420214,
,,,,1,14,12.0,1410424,8.0
450000.0,,,,2,14,14.0,1410424,3.0
,,,,1,14,8.0,1410424,7.0
,,,,1,14,,1410424,
500000.0,,,,1,14,6.0,1410424,6.0
,,,,2,14,4.0,1410424,
,,,,1,14,11.0,1410424,
,,,,2,14,,1410424,
,,,,1,14,13.0,1410424,7.0
,,,,2,14,12.0,1410424,5.0
,,,,2,14,11.0,1410424,
,,,214296.0,2,14,3.0,1410424,
,,,300000.0,1,14,6.0,1410424,7.0
450000.0,,,,1,14,12.0,1410424,7.0
,,,,2,14,12.0,1410424,7.0
,,,,1,14,11.0,1410424,
,,,,2,14,,1410424,
,,21243.0,,1,14,,1410424,
400000.0,,,,1,14,13.0,1410424,5.0
,100000.0,,,2,14,14.0,1410424,
,,,,2,14,,1410424,
,,,,2,14,12.0,1410424,7.0
,,,,2,14,17.0,1410424,
800000.0,,,,1,14,17.0,1410424,3.0
420000.0,,,,2,14,12.0,1410424,3.0
,,,,2,14,,1410424,
,,,,2,14,15.0,1410424,
,,,250000.0,1,14,12.0,1410424,
1000000.0,,,,1,14,17.0,1410424,2.0
,,,,2,14,12.0,1410424,
,,,,1,14,11.0,1410424,9.0
,,21243.0,,2,14,,1410424,
,,21243.0,,2,14,,1410424,
,,21243.0,,2,14,,1410424,
,,,,1,14,12.0,1410314,
,,,214000.0,2,14,6.0,1410314,
,,,214296.0,1,14,4.0,1410314,
,,,214000.0,2,14,2.0,1410314,
500000.0,,,,2,14,14.0,1410314,3.0
187500.0,,,,2,14,12.0,1410314,5.0
,,,,1,14,10.0,1410314,7.0
,,,214296.0,2,14,,1410314,
500000.0,,,,1,14,12.0,1410314,9.0
500000.0,,,,2,14,14.0,1410314,3.0
,,,,2,14,,1410314,
,500000.0,,104000.0,2,14,8.0,1410111,
,,,,1,14,10.0,1410111,
,,,,1,14,9.0,1410111,
,,,,1,14,8.0,1410111,7.0
,,,,2,14,4.0,1410111,5.0
,,21243.0,,2,14,10.0,1410111,
,,,247000.0,1,14,11.0,1410111,
,,,180000.0,2,14,12.0,1410111,
750000.0,,,,2,14,12.0,1410111,5.0
,,,,2,14,11.0,1410111,
450000.0,,,,2,14,12.0,1420424,5.0
,,,225000.0,2,14,9.0,1420424,
,,,220000.0,1,14,10.0,1420424,
,,,214296.0,2,14,3.0,1420424,
,,,214296.0,1,14,4.0,1420424,
,,,,1,14,15.0,1420424,7.0
1300000.0,,,,2,14,17.0,1420424,2.0
,,,,2,14,,1420424,
,,,400000.0,1,14,12.0,1420424,
,,,214296.0,2,14,15.0,1420424,
,,,,2,14,8.0,1420424,
,,,,1,14,8.0,1420424,9.0
,,,,2,14,12.0,1420424,
,,,,1,14,8.0,1420424,
,,21243.0,,2,14,,1420424,
,,,,2,14,3.0,1420424,
600000.0,,,,2,14,12.0,1420424,3.0
,,,,1,14,12.0,1420424,7.0
,,,,1,14,11.0,1420424,
,,,,1,14,,1420424,
,,,,2,14,,1420424,
,,,,1,14,5.0,1420424,
500000.0,,,,2,14,12.0,1420424,9.0
,,,214296.0,1,14,2.0,1420424,
,,,214296.0,2,14,4.0,1420424,
,,,,1,14,0.0,1420424,
500000.0,,,,1,14,16.0,1420424,1.0
500000.0,,,,1,14,14.0,1420424,9.0
,,,,2,14,,1420424,
,,,,1,14,,1420424,
,,,230000.0,2,14,12.0,1410112,
,,,380000.0,1,14,12.0,1410112,
,,,,1,14,12.0,1410112,5.0
250000.0,,,214296.0,2,14,12.0,1410112,5.0
,,,,2,14,5.0,1410112,
,,,,1,14,8.0,1410112,7.0
600000.0,,,,2,14,12.0,1410112,4.0
,,,,1,14,,1410112,
,,,,1,14,17.0,1410112,5.0
1500000.0,,,,2,14,16.0,1410112,2.0
500000.0,,,,1,14,12.0,1410112,8.0
0.0,,,,1,14,15.0,1410112,5.0
1200000.0,,,,2,14,13.0,1410112,5.0
,,,,1,14,,1410112,
500000.0,,,,2,14,8.0,1410112,9.0
-88.0,,,,1,14,17.0,1410112,4.0
,,,,2,14,8.0,1410814,
500000.0,,,,1,14,8.0,1410814,7.0
,,,,1,14,2.0,1410814,
,,,,2,14,8.0,1410814,
,,,,1,14,8.0,1410814,3.0
500000.0,,,,2,14,13.0,1410814,3.0
,,21243.0,,2,14,12.0,1410814,
,,,,2,14,,1410814,
,,,,1,14,12.0,1410814,
,,,,2,14,8.0,1410814,
600000.0,,,,1,14,8.0,1410814,7.0
500000.0,,,,1,14,8.0,1410814,6.0
,,,,2,14,8.0,1410814,
,,,214296.0,2,14,0.0,1410814,
375000.0,,,,1,14,8.0,1410814,7.0
120000.0,,,200000.0,2,14,7.0,1420111,9.0
,,,,1,14,6.0,1420111,7.0
-88.0,,,,1,14,12.0,1420111,2.0
700000.0,,,,1,14,7.0,1420111,8.0
,,,,2,14,12.0,1420111,
410000.0,,,214296.0,2,14,12.0,1420111,9.0
,,,214296.0,2,14,3.0,1420111,
,,,880000.0,1,14,10.0,1420111,
400000.0,,,,2,14,6.0,1410112,5.0
500000.0,,,,2,14,15.0,1410112,4.0
342000.0,,,,1,14,15.0,1410112,5.0
,,21243.0,,2,14,,1410112,
450000.0,,,101000.0,2,14,12.0,1410112,5.0
,,,,2,14,12.0,1410112,7.0
300000.0,,,,2,14,15.0,1410112,2.0
,,,,2,14,14.0,1410112,7.0
,,,214296.0,2,14,6.0,1410112,
,,,214296.0,1,14,1.0,1410112,
,,,,2,14,12.0,1410112,
,,,,1,14,3.0,1410112,7.0
800000.0,,,,2,14,17.0,1410112,2.0
,,,,2,14,14.0,1410112,5.0
,,,,1,14,12.0,1410112,5.0
,,,,2,14,11.0,1410112,
,,21243.0,,1,14,,1410112,
-88.0,,,,2,14,4.0,1410112,5.0
,,,,2,14,,1410112,
,,,214296.0,1,14,8.0,1410112,
,,,,2,14,12.0,1410112,5.0
,,,,1,14,17.0,1410112,
290000.0,,,,2,14,7.0,1410112,9.0
600000.0,,,,1,14,11.0,1410112,8.0
400000.0,,,,2,14,13.0,1410112,5.0
,,21243.0,,2,14,,1410112,
350000.0,,,,1,14,12.0,1410112,5.0
400000.0,,,,2,14,15.0,1410112,5.0
,,,,2,14,0.0,1410112,
0.0,,,,2,14,13.0,1410112,9.0
280000.0,,,,2,14,12.0,1410112,9.0
,,,,2,14,,1410112,
,,,,1,14,8.0,1410112,
,,,120000.0,2,14,10.0,1410112,
,,,,1,14,13.0,1410112,
,,,,1,14,,1410112,
532000.0,,,,1,14,12.0,1410112,5.0
320000.0,,,,1,14,9.0,1410112,7.0
200000.0,,,,2,14,12.0,1410112,9.0
,,,230000.0,1,14,0.0,1410112,
,,,,1,14,,1410112,
420000.0,,,,1,14,12.0,1410112,9.0
,,,,2,14,8.0,1410112,
500000.0,,,,1,14,12.0,1410112,9.0
,,,,2,14,6.0,1410112,
,,,214296.0,1,14,9.0,1410112,7.0
,,,,1,14,11.0,1410111,
800000.0,,,,2,14,15.0,1410111,3.0
600000.0,,,,1,14,12.0,1410111,7.0
800000.0,,,,2,14,17.0,1410111,2.0
,,,300000.0,1,14,8.0,1410111,7.0
480000.0,,,,2,14,12.0,1410111,9.0
,,,,1,14,17.0,1410111,
500000.0,,,,2,14,14.0,1410111,3.0
,,,,1,14,,1410111,
0.0,,,,2,14,14.0,1410111,5.0
,,,,2,14,,1410111,
650000.0,,,,2,14,12.0,1410111,4.0
450000.0,,,,1,14,14.0,1410111,9.0
530000.0,,,,2,14,12.0,1410111,3.0
,,,,2,14,,1410111,
600000.0,,,,1,14,12.0,1410111,7.0
,,,,2,14,12.0,1410111,
550000.0,,,300000.0,1,14,12.0,1410111,8.0
,350000.0,,,2,14,12.0,1420111,
,,,,2,14,11.0,1420111,
,,,,1,14,9.0,1420111,
,,,,2,14,,1420111,
350000.0,,,214000.0,1,14,10.0,1420111,9.0
150000.0,,,,2,14,13.0,1420111,8.0
0.0,,,,1,14,10.0,1420111,8.0
,,21243.0,,1,14,,1420111,
300000.0,,,,2,14,15.0,1420111,3.0
500000.0,,,,1,14,15.0,1420111,3.0
,,,,1,14,16.0,1420111,
500000.0,,,,1,14,12.0,1420111,9.0
,,,,2,14,15.0,1420111,5.0
,,,,1,14,14.0,1420111,
,,21243.0,,2,14,12.0,1420111,
,,21243.0,,2,14,12.0,1420111,
,,21243.0,,2,14,,1420111,
510000.0,,,,2,14,10.0,1420111,9.0
-88.0,,,,2,14,12.0,1420111,9.0
,,,,2,14,14.0,1420111,
570000.0,,,,1,14,8.0,1420111,9.0
,,,215000.0,2,14,8.0,1410414,
,,,,1,14,12.0,1410414,8.0
,,,,1,14,12.0,1410414,
,,,214296.0,2,14,8.0,1410414,
600000.0,,,,1,14,8.0,1410414,8.0
,,,420000.0,2,14,3.0,1410414,
,,,214296.0,2,14,6.0,1410414,
,,,300000.0,1,14,6.0,1410414,
500000.0,,,,2,14,12.0,1410414,5.0
500000.0,,,,1,14,12.0,1410414,5.0
,,,,1,14,,1410414,
,,,,2,14,4.0,1410414,
600000.0,,,,2,14,12.0,1410112,5.0
60000.0,,,215000.0,2,14,4.0,1410112,9.0
320000.0,,,,1,14,13.0,1410112,4.0
,,,,1,14,12.0,1410112,
,,,214296.0,1,14,4.0,1410112,
,,,214296.0,2,14,6.0,1410112,
550000.0,,,,2,14,12.0,1410112,5.0
,,,,1,14,12.0,1410112,
,,21243.0,,2,14,,1410112,
607000.0,,,,2,14,15.0,1410112,3.0
,,,,1,14,,1410112,
900000.0,,,,1,14,17.0,1410112,2.0
,,,,1,14,14.0,1410112,
1000000.0,,,,2,14,14.0,1410112,7.0
,,,,2,14,10.0,1410112,
,,,,2,14,12.0,1410112,
,,,,2,14,12.0,1410112,
,,,,1,14,15.0,1410112,
,,,,1,14,17.0,1410112,
,,,,2,14,15.0,1410112,
,,,,2,14,17.0,1410112,
,,,,2,14,16.0,1410112,
,,,,1,14,12.0,1410112,8.0
,,,,2,14,14.0,1410112,7.0
,,,,1,14,13.0,1410112,
,,,,1,14,16.0,1410112,8.0
-88.0,,,,2,14,17.0,1410112,3.0
600000.0,,,,2,14,15.0,1410112,5.0
,,,,1,14,12.0,1410112,
,,,,2,14,13.0,1410112,
700000.0,,,,2,14,12.0,1410814,3.0
,,,,1,14,15.0,1410814,
,,,,1,14,,1410814,
,,,,2,14,9.0,1410814,
,,,,2,14,8.0,1410814,
400000.0,,,,1,14,14.0,1410814,8.0
,,,,2,14,10.0,1410814,
,,,,1,14,,1410814,
300000.0,,,,2,14,2.0,1410112,9.0
,,,,1,14,10.0,1410112,
,,,,1,14,10.0,1410112,
,,,,2,14,9.0,1410112,
,,,,2,14,,1410112,
300000.0,,,214296.0,2,14,8.0,1410112,9.0
390000.0,,,178000.0,1,14,2.0,1410112,5.0
,,,,2,14,12.0,1410112,
,,,,2,14,12.0,1410112,8.0
700000.0,,,,2,14,12.0,1410112,7.0
,,,,2,14,,1410112,
540000.0,,,,2,14,14.0,1410112,4.0
,,,,1,14,12.0,1410112,
,,,,2,14,10.0,1410112,
,,,450000.0,1,14,12.0,1410112,
380000.0,,,,1,14,14.0,1410112,2.0
,,,200000.0,2,14,9.0,1410112,
,,,200000.0,1,14,10.0,1410112,
200000.0,,,,1,14,12.0,1410112,9.0
700000.0,,,,1,14,12.0,1410112,7.0
200000.0,,,,2,14,8.0,1410112,9.0
,,,,1,14,12.0,1410112,6.0
,,,,1,14,,1410112,
,,,,2,14,,1410112,
,,,,1,14,12.0,1410112,
500000.0,,,,2,14,16.0,1410112,2.0
500000.0,,,,1,14,16.0,1410624,8.0
,,,,2,14,12.0,1410624,
,,,,1,14,14.0,1410624,
,,,260000.0,1,14,12.0,1410624,
,,,,2,14,10.0,1410624,
520000.0,,,,2,14,14.0,1410624,5.0
680000.0,,,,1,14,12.0,1410624,7.0
420000.0,,,,2,14,7.0,1410624,9.0
,,,300000.0,1,14,6.0,1410624,
400000.0,,,350000.0,1,14,6.0,1410624,6.0
500000.0,,,,1,14,12.0,1410624,9.0
,,,,2,14,12.0,1410624,
600000.0,,,,1,14,12.0,1410624,9.0
,,,,1,14,12.0,1410624,5.0
,,,,2,14,12.0,1410624,
300000.0,,,,2,14,14.0,1410624,9.0
,,,,2,14,2.0,1410624,
,,,216000.0,2,14,6.0,1410624,
,,,280000.0,1,14,2.0,1410624,
300000.0,,,,1,14,12.0,1410624,5.0
,,,,2,14,11.0,1410624,
,,,,2,14,4.0,1410624,
,,,300000.0,1,14,5.0,1410624,
,,,,2,14,,1410624,
,,,,2,14,12.0,1420117,
1200000.0,,,,1,14,12.0,1420117,8.0
,,,214296.0,2,14,12.0,1420117,
1000000.0,,,,2,14,12.0,1410314,4.0
800000.0,,,,1,14,17.0,1410314,1.0
,,,,2,14,12.0,1410314,
,,,303000.0,2,14,2.0,1410314,
,,,384940.0,1,14,6.0,1410314,
0.0,,,,2,14,12.0,1410314,5.0
505937.0,,,,1,14,10.0,1410314,8.0
,,,,2,14,1.0,1410314,
,,,214296.0,2,14,6.0,1410814,
600000.0,,,,2,14,15.0,1410814,3.0
,,,,1,14,12.0,1410814,1.0
,,,,2,14,12.0,1410814,
460000.0,,,,2,14,12.0,1410814,9.0
,,,,1,14,12.0,1410814,
,,,,2,14,8.0,1410814,
,,,,1,14,7.0,1410814,
,,,,1,14,12.0,1410814,7.0
1500000.0,,,,1,14,17.0,1410814,2.0
,,,,2,14,12.0,1410814,
,,,,2,14,11.0,1410814,
,,,,1,14,10.0,1410814,
,,,,2,14,,1410814,
,,,,1,14,,1410814,
,,,210000.0,2,14,4.0,1410814,
500000.0,,,,2,14,15.0,1410814,9.0
,,,,2,14,15.0,1410814,
,,,,2,14,13.0,1410814,
,,,,2,14,8.0,1410814,
,,,300000.0,1,14,8.0,1410814,
,,,100000.0,2,14,12.0,1410614,
,,,,1,14,12.0,1410614,
,,,330000.0,1,14,8.0,1410614,
,,,,2,14,10.0,1410614,
400000.0,,,,2,14,12.0,1410614,5.0
300000.0,,,,2,14,12.0,1410614,2.0
,,,,2,14,,1410614,
,,,230000.0,1,14,12.0,1410614,7.0
,,,266000.0,1,14,0.0,1410614,
,800000.0,,,1,14,12.0,1410614,
,,,,2,14,12.0,1410614,
1200000.0,,,,2,14,14.0,1410614,2.0
,,,,2,14,15.0,1410614,
,,,260000.0,2,14,17.0,1410614,
,,,320000.0,1,14,17.0,1410614,
,,,220000.0,2,14,10.0,1410614,9.0
,,,320000.0,1,14,5.0,1410614,7.0
400000.0,,,,2,14,15.0,1410614,2.0
,,,,2,14,13.0,1410614,
2200000.0,,,,2,14,16.0,1410112,1.0
780000.0,,,,1,14,13.0,1410112,1.0
1500000.0,,,,2,14,17.0,1410112,2.0
1300000.0,,,,1,14,13.0,1410112,2.0
240000.0,,,,2,14,13.0,1410112,5.0
,,,270000.0,1,14,12.0,1410112,
,,,,1,14,17.0,1410112,
300000.0,,,,2,14,16.0,1410112,5.0
650000.0,,,,1,14,14.0,1410112,3.0
,,,,2,14,12.0,1410112,
250000.0,,,,2,14,14.0,1410112,5.0
,,,,1,14,12.0,1410112,
,,,,1,14,,1410112,
1900000.0,,,,2,14,17.0,1410113,2.0
,,,,2,14,12.0,1410113,
,,,,2,14,16.0,1410113,
,,,214296.0,1,14,18.0,1410113,
,,,850000.0,1,14,12.0,1410113,
,,,433000.0,2,14,8.0,1410113,
,,,,1,14,17.0,1410113,1.0
1100000.0,,,,2,14,17.0,1410113,3.0
,,,,2,14,18.0,1410113,
500000.0,,,,1,14,8.0,1410121,9.0
,,,214296.0,1,14,12.0,1410121,7.0
,,,,2,14,12.0,1410121,7.0
,,,,1,14,12.0,1410121,8.0
,,,,1,14,,1410121,
1300000.0,,,,2,14,16.0,1410121,2.0
,,,,2,14,,1410121,
,,,,2,14,,1410121,
,,,,1,14,15.0,1410121,
,,,,2,14,12.0,1410121,6.0
,,,,1,14,,1410121,
,,,,1,14,12.0,1410121,
,,,,2,14,12.0,1410121,
500000.0,,,,1,14,12.0,1410121,5.0
,,,,2,14,12.0,1410121,
,,,,1,14,8.0,1410121,9.0
,,,330000.0,2,14,2.0,1410121,
1400000.0,,,,2,14,21.0,1410121,2.0
1400000.0,,,,2,14,21.0,1410121,2.0
,,,,1,14,9.0,1410121,9.0
,,21243.0,,1,14,,1410121,
170000.0,,,,2,14,12.0,1410121,9.0
,,,,1,14,8.0,1410121,
,,21243.0,,2,14,,1410121,
150000.0,,,214000.0,2,14,15.0,1420416,4.0
,,,,1,14,17.0,1420416,2.0
,,,,2,14,17.0,1420416,2.0
1300000.0,,,,1,14,15.0,1420416,2.0
650000.0,,,,2,14,15.0,1420416,3.0
,,,,1,14,,1420416,
,,,214000.0,2,14,4.0,1420416,
,,,,2,14,5.0,1420416,
700000.0,,,,2,14,12.0,1420416,5.0
,,,,1,14,12.0,1420416,5.0
1000000.0,,,,2,14,17.0,1420416,2.0
,,,214000.0,1,14,3.0,1420416,
,,,214000.0,2,14,6.0,1420416,
,,,,2,14,12.0,1420416,
400000.0,,,,1,14,10.0,1420416,8.0
,,,,2,14,,1420416,
200000.0,,,,2,14,12.0,1410221,9.0
,,,,1,14,5.0,1410221,7.0
,,,,1,14,,1410221,
,,,,1,14,11.0,1410221,9.0
,,,,1,14,3.0,1410221,
,,,,2,14,3.0,1410221,
,,,,2,14,12.0,1410221,
,,,,2,14,10.0,1420117,
,,,,2,14,8.0,1420117,
500000.0,,,,1,14,10.0,1420117,6.0
600000.0,,,,1,14,12.0,1420117,7.0
630000.0,,,,2,14,15.0,1420117,3.0
,,,,1,14,10.0,1420117,
,,,,1,14,,1420117,
,,,,1,14,12.0,1420117,3.0
640000.0,,,,1,14,12.0,1420117,4.0
600000.0,,,,1,14,12.0,1420117,7.0
500000.0,,,,2,14,12.0,1420117,9.0
,,,,1,14,11.0,1420117,
,,,,1,14,,1420117,
,,,,2,14,,1420117,
560000.0,,,,2,14,12.0,1420117,5.0
,,,,1,14,15.0,1420117,7.0
,,,214296.0,2,14,0.0,1420117,
490000.0,,,,2,14,15.0,1420117,4.0
,,,,2,14,11.0,1420117,
,,,,1,14,2.0,1410111,
100000.0,,,,2,14,12.0,1410111,5.0
500000.0,,,,1,14,12.0,1410111,9.0
400000.0,,,,2,14,12.0,1410111,9.0
,,,,2,14,,1410111,
,,,,1,14,7.0,1410111,7.0
,,,,1,14,10.0,1410111,6.0
500000.0,,,,1,14,10.0,1410111,9.0
450000.0,,,,2,14,12.0,1410111,9.0
,,,,1,14,9.0,1410111,
,,,,1,14,12.0,1410111,
,,,,2,14,8.0,1410214,5.0
150000.0,,,,1,14,10.0,1410214,9.0
,,,200000.0,1,14,7.0,1410214,
,,,,2,14,0.0,1410214,
,,,,2,14,6.0,1410214,
,,,1600000.0,1,14,17.0,1410214,
400000.0,,,,1,14,15.0,1410214,6.0
,,,,2,14,6.0,1410214,
,,,,1,14,11.0,1410214,6.0
,,,,2,14,12.0,1410214,5.0
,,,,1,14,12.0,1410214,
,,,,2,14,5.0,1410214,9.0
,,,,1,14,5.0,1410214,7.0
,,,,1,14,8.0,1420424,9.0
,,,,2,14,12.0,1420424,
300000.0,,,,2,14,12.0,1420424,7.0
500000.0,,,,1,14,12.0,1420424,7.0
,,,,2,14,12.0,1420424,
,,21243.0,,1,14,,1420424,
,,21243.0,,2,14,,1420424,
,,,400000.0,1,14,12.0,1420424,
,,,340000.0,2,14,12.0,1420424,
,,,200500.0,2,14,10.0,1420424,
,,,796000.0,1,14,17.0,1420424,
,,,-88.0,1,14,12.0,1420424,5.0
,,,,2,14,8.0,1420424,
,,,,1,14,8.0,1420424,
,,,,2,14,8.0,1420424,
,,,,1,14,17.0,1420424,2.0
,200000.0,,,2,14,14.0,1420424,
,,,300000.0,2,14,3.0,1420424,
,,,,2,14,6.0,1420424,
1200000.0,,,,1,14,12.0,1420424,6.0
,,,,2,14,9.0,1420424,
4280000.0,,,,1,14,17.0,1410113,2.0
550000.0,,,,2,14,17.0,1410113,2.0
,,,,1,14,,1410113,
,,,,1,14,,1410113,
800000.0,,,,2,14,17.0,1410113,2.0
1120000.0,,,,1,14,17.0,1410113,2.0
530000.0,,,,2,14,14.0,1410113,3.0
1000000.0,,,,1,14,17.0,1410113,2.0
,,,,1,14,,1410113,
,,,500000.0,1,14,12.0,1420111,8.0
,,,,2,14,13.0,1420111,
500000.0,,,,1,14,18.0,1420111,2.0
,,,214296.0,2,14,14.0,1420111,
,,,800000.0,1,14,16.0,1420111,
,,,480000.0,2,14,3.0,1420111,
500000.0,,,,1,14,8.0,1420111,7.0
,,,,1,14,12.0,1420111,7.0
690000.0,,,,2,14,17.0,1420111,2.0
700000.0,,,,1,14,12.0,1420111,3.0
,,,,2,14,9.0,1420111,
,,,700000.0,1,14,14.0,1420111,
1500000.0,,,,2,14,15.0,1420111,5.0
,,,,1,14,,1420111,
,,,214296.0,2,14,8.0,1420111,
,,,250000.0,1,14,9.0,1420111,
500000.0,,,214296.0,1,14,7.0,1420111,8.0
200000.0,,,,2,14,5.0,1420111,9.0
,,,,2,14,8.0,1420111,
,,21243.0,,2,14,,1420111,
,,21243.0,,1,14,,1420111,
,,,200000.0,1,14,0.0,1420111,
,,,,1,14,12.0,1410112,5.0
540000.0,,,,2,14,15.0,1410112,5.0
250000.0,,,,2,14,14.0,1410112,9.0
50000.0,,,,2,14,15.0,1410112,3.0
850000.0,,,,1,14,17.0,1410112,2.0
450000.0,,,,2,14,15.0,1410112,3.0
,,,,1,14,,1410112,
,,,,1,14,,1410112,
,,,,1,14,,1410112,
1800000.0,,,,1,14,17.0,1410112,2.0
2000000.0,,,,2,14,17.0,1410112,2.0
,,,,2,14,12.0,1410112,
,,,,1,14,,1410112,
,,,,1,14,15.0,1410112,1.0
,,,,2,14,12.0,1410112,5.0
,,,,1,14,8.0,1410112,7.0
200000.0,,,,2,14,12.0,1410112,9.0
500000.0,,,,2,14,17.0,1410112,4.0
,,,230000.0,1,14,17.0,1420224,1.0
,,,220000.0,2,14,15.0,1420224,
700000.0,,,,1,14,15.0,1420224,6.0
,300000.0,,,2,14,15.0,1420224,
405000.0,,,,1,14,2.0,1420224,6.0
750000.0,,,,1,14,9.0,1420224,6.0
,,,,2,14,8.0,1420224,
480000.0,,,,1,14,12.0,1420224,7.0
,,,,2,14,13.0,1420224,2.0
650000.0,,,,1,14,12.0,1420224,3.0
,,,,1,14,,1420224,
,,,,2,14,,1420224,
,,,,2,14,12.0,1420224,
404000.0,,,,1,14,12.0,1420224,9.0
150000.0,,,,2,14,12.0,1420224,9.0
,,21243.0,,2,14,,1420224,
3000000.0,,,,1,14,17.0,1410112,1.0
,,,,2,14,12.0,1410112,
,,,,1,14,12.0,1410112,
,50000.0,,,2,14,12.0,1410112,
,,,214296.0,2,14,5.0,1410112,
500000.0,,,,1,14,15.0,1410112,9.0
,,,,2,14,13.0,1410112,
,,,,2,14,15.0,1410112,
,,,,1,14,8.0,1410112,7.0
500000.0,,,,2,14,11.0,1410112,5.0
,,,,1,14,11.0,1410112,
,,21243.0,,2,14,9.0,1410112,
570000.0,,,,2,14,16.0,1410112,4.0
570000.0,,,,1,14,12.0,1410112,5.0
,,,,1,14,14.0,1410112,
,,,,2,14,9.0,1410112,
,,,,2,14,,1410112,
,,,214296.0,2,14,1.0,1420324,
,,,,1,14,7.0,1420324,
,,,214296.0,2,14,0.0,1420324,
,,,209000.0,2,14,9.0,1420324,
0.0,,,,2,14,12.0,1420324,3.0
,,,,1,14,12.0,1420324,
,,,,1,14,8.0,1420324,6.0
,200000.0,,,2,14,3.0,1420324,
,,,,2,14,10.0,1420324,
,,,230000.0,2,14,,1420324,
,,,,1,14,9.0,1420324,
,,21243.0,,1,14,,1420324,
,,,220000.0,2,14,3.0,1420324,
,,,230000.0,2,14,3.0,1420324,
,,,220000.0,1,14,3.0,1420324,
,,,,2,14,3.0,1420324,
,,,200000.0,1,14,6.0,1420324,7.0
,,,,1,14,4.0,1420324,
,,,,2,14,12.0,1420324,
,,,,1,14,8.0,1420324,7.0
,,,,2,14,,1420324,
,,,,1,14,12.0,1420224,7.0
300000.0,,,,2,14,14.0,1420224,9.0
,,,,2,14,13.0,1420224,
,,21243.0,,1,14,,1420224,
,90000.0,,,2,14,12.0,1420224,
,,,,2,14,9.0,1420224,
,,,,1,14,,1420224,
,,,,2,14,,1420224,
,,,,1,14,,1420224,
,,,,1,14,,1420224,
625000.0,,,,2,14,12.0,1420224,5.0
,,,,2,14,13.0,1420224,
600000.0,,,,1,14,12.0,1420224,6.0
120000.0,,,,1,14,12.0,1420224,9.0
400000.0,,,,1,14,4.0,1420224,6.0
,,,,1,14,8.0,1420224,
,,,,2,14,12.0,1420224,5.0
800000.0,,,,1,14,12.0,1420224,7.0
,,,,1,14,10.0,1420224,
,,,,1,14,,1420224,
,,,224710.0,2,14,0.0,1420224,
,,,214296.0,1,14,11.0,1420224,
650000.0,,,,1,14,12.0,1420416,7.0
,,,,2,14,,1420416,
,,,200000.0,2,14,6.0,1420416,
,,,,1,14,,1420416,
,,,,1,14,,1420416,
,,,300000.0,1,14,0.0,1420416,6.0
500000.0,,,,2,14,8.0,1420416,6.0
,,,,1,14,5.0,1420416,
,,,,1,14,18.0,1420416,2.0
,,,,2,14,19.0,1420416,2.0
,,,,1,14,12.0,1420416,
,,,,1,14,,1420416,
,,,,2,14,12.0,1420416,5.0
,,,225000.0,2,14,0.0,1420416,
,,21243.0,,1,14,,1420416,
500000.0,,,,1,14,15.0,1420416,8.0
,,,,1,14,8.0,1420416,
,,,,2,14,8.0,1420416,
-88.0,,,,2,14,15.0,1420416,4.0
,,,,1,14,14.0,1420416,
,,,,1,14,12.0,1420416,
150000.0,,,,2,14,8.0,1420416,5.0
500000.0,,,,2,14,16.0,1420416,3.0
500000.0,,,,2,14,4.0,1420416,6.0
405000.0,,,,1,14,15.0,1420416,5.0
,,,,1,14,11.0,1410111,
240000.0,,,,2,14,9.0,1410111,9.0
650000.0,,,,2,14,15.0,1410111,3.0
500000.0,,,,1,14,12.0,1410111,7.0
,,,,2,14,9.0,1410111,
,,,215000.0,2,14,6.0,1410111,
200000.0,,,,1,14,10.0,1410111,7.0
,,21243.0,,2,14,9.0,1410111,
770000.0,,,385000.0,1,14,8.0,1410724,8.0
,,,300000.0,1,14,4.0,1410724,
,,,,2,14,0.0,1410724,
700000.0,,,,1,14,10.0,1410724,8.0
760000.0,,,,1,14,8.0,1410724,5.0
,,,,2,14,8.0,1410724,
600000.0,,,,2,14,16.0,1410724,4.0
,,,,1,14,15.0,1410724,
,,,,2,14,15.0,1410724,
450000.0,,,,1,14,8.0,1410724,8.0
,,,,2,14,6.0,1410724,
,200000.0,,,1,14,10.0,1410724,
215000.0,,,,2,14,12.0,1410724,4.0
,,,,2,14,13.0,1410724,
500000.0,,,,1,14,12.0,1410724,6.0
,,,,2,14,12.0,1410724,
,,,,2,14,11.0,1410724,
,,,,2,14,,1410724,
500000.0,,,,2,14,17.0,1410724,5.0
700000.0,,,,1,14,15.0,1410724,7.0
,,,,1,14,,1410724,
,,,,1,14,,1410724,
700000.0,,,,1,14,12.0,1410724,8.0
,,,,2,14,10.0,1410724,
,,,,1,14,12.0,1410724,
,,,,1,14,,1410724,
,,,,1,14,,1410724,
,,,,2,14,,1410724,
,,,,2,14,3.0,1410724,
,,,,2,14,12.0,1410111,7.0
,,,,2,14,15.0,1410111,
,,21243.0,,2,14,10.0,1410111,
,,21243.0,,1,14,,1410111,
,,,,1,14,12.0,1410111,7.0
500000.0,,,,2,14,12.0,1410111,5.0
500000.0,,,,1,14,12.0,1410111,8.0
,,,,1,14,10.0,1410111,
600000.0,,,,1,14,12.0,1410111,8.0
,,,103000.0,2,14,10.0,1410111,
450000.0,,,,2,14,15.0,1410111,5.0
,,,,2,14,12.0,1410111,
,,,,2,14,,1410111,
500000.0,,,,2,14,12.0,1410111,5.0
,,,,1,14,,1410111,
960000.0,,,,1,14,17.0,1410111,2.0
0.0,,,,2,14,13.0,1410111,3.0
,,,,2,14,10.0,1410111,
,,,,1,14,,1410111,
,,,,2,14,12.0,1410111,6.0
,,,,1,14,7.0,1410111,6.0
,,,,2,14,11.0,1410111,
,,,,2,14,,1410111,
,,,200000.0,2,14,8.0,1410112,
,,,,2,14,,1410112,
,,,,1,14,,1410112,
,,,,2,14,11.0,1410112,5.0
450000.0,,,,2,14,11.0,1410112,9.0
,,,,1,14,6.0,1410112,7.0
,,,,2,14,12.0,1410112,
,,,,1,14,8.0,1410112,6.0
,,,,2,14,6.0,1410112,
590000.0,,,,2,14,15.0,1410112,3.0
,,,214296.0,1,14,8.0,1410112,
,,,,2,14,9.0,1410112,
500000.0,,,,2,14,12.0,1410112,5.0
850000.0,,,,2,14,15.0,1410112,3.0
,,,214000.0,2,14,2.0,1420314,
,,,214000.0,1,14,4.0,1420314,
,,,,2,14,9.0,1420314,5.0
,,,,1,14,8.0,1420314,
,,,,1,14,,1420314,
,,,,1,14,12.0,1420314,7.0
,,,340000.0,2,14,12.0,1420314,
500000.0,,,,1,14,12.0,1420314,5.0
450000.0,,,,2,14,8.0,1420314,9.0
,,,,1,14,15.0,1420314,9.0
,,,,1,14,11.0,1420314,
,,,,2,14,,1420314,
500000.0,,,,1,14,12.0,1420111,5.0
,,,,2,14,17.0,1420111,
,,,,2,14,,1420111,
900000.0,,,,1,14,13.0,1420111,8.0
600000.0,,,,2,14,12.0,1420111,5.0
,,,,2,14,16.0,1420111,
550000.0,,,,1,14,13.0,1420111,8.0
280000.0,,,,2,14,8.0,1420111,9.0
820000.0,,,,1,14,17.0,1420111,2.0
,,,,1,14,12.0,1420111,5.0
500000.0,,,,2,14,14.0,1420111,5.0
,,,220000.0,2,14,15.0,1420111,
,,,214296.0,2,14,9.0,1420111,
,,,214296.0,2,14,13.0,1420111,
,,,214296.0,2,14,0.0,1420111,
,,,,2,14,1.0,1420111,
,,,,2,14,1.0,1420111,
,,,,2,14,0.0,1420111,
,,,214296.0,2,14,0.0,1420111,
200000.0,,,,1,14,12.0,1420111,7.0
,,,494000.0,2,14,10.0,1410112,
,,,440000.0,1,14,12.0,1410112,
,,,,2,14,17.0,1410112,
,,,,1,14,,1410112,
,,,214296.0,2,14,6.0,1410112,
900000.0,,,,1,14,14.0,1410112,3.0
,,21243.0,,2,14,,1410112,
500000.0,,,,2,14,14.0,1410112,3.0
,,21243.0,,2,14,12.0,1410112,
,,,800000.0,1,14,12.0,1410112,
,,,,1,14,9.0,1410112,5.0
,,,,2,14,12.0,1410111,8.0
,,,,1,14,8.0,1410111,9.0
0.0,,,,2,14,15.0,1410111,3.0
,,,,2,14,,1410111,
,,,,2,14,,1410111,
,,,,2,14,,1410111,
600000.0,,,,1,14,15.0,1410111,7.0
,,,,2,14,9.0,1410111,
,,,,1,14,12.0,1410111,
,,,,2,14,0.0,1410111,
290000.0,,,214000.0,2,14,9.0,1410111,9.0
800000.0,,,,1,14,12.0,1410111,2.0
550000.0,,,,1,14,12.0,1410111,5.0
,,,,2,14,7.0,1410111,
,,,,1,14,6.0,1410111,
670000.0,,,,1,14,6.0,1410824,9.0
,,,,2,14,10.0,1410824,
500000.0,,,,1,14,12.0,1410824,7.0
,,,260000.0,1,14,8.0,1410824,
470000.0,,,,1,14,10.0,1410824,9.0
,,,,2,14,12.0,1410824,
,,,,1,14,12.0,1410824,
,,,,2,14,13.0,1410824,
,,,,1,14,,1410824,
,,,100000.0,2,14,11.0,1410824,
,,,214000.0,2,14,0.0,1410824,
,,,400000.0,1,14,1.0,1410824,
,,,,2,14,12.0,1410824,
,,21243.0,,1,14,,1410824,
,,,214296.0,2,14,2.0,1410824,
,,,314296.0,1,14,4.0,1410824,
,,,,2,14,8.0,1410824,
,,,,1,14,12.0,1410824,
470000.0,,,260000.0,1,14,8.0,1410824,9.0
600000.0,,,,1,14,2.0,1410824,6.0
450000.0,,,,1,14,8.0,1410824,6.0
460000.0,,,,2,14,12.0,1410824,9.0
,,,,1,14,13.0,1410824,
,,,,1,14,13.0,1410824,
,,,,2,14,17.0,1410824,
,,,,2,14,11.0,1420126,
,,,214296.0,1,14,3.0,1420126,9.0
,,,,2,14,11.0,1420126,
,,,214000.0,2,14,12.0,1420126,
,,,,1,14,6.0,1420126,7.0
,,,,1,14,3.0,1420126,9.0
,,,220000.0,2,14,5.0,1420126,7.0
,,,,2,14,12.0,1420126,
,300000.0,,,1,14,12.0,1420126,
,,,,2,14,,1420126,
,,,214296.0,1,14,9.0,1420126,
480000.0,,,300000.0,2,14,6.0,1420126,5.0
,,,,2,14,6.0,1420126,6.0
,,,,2,14,8.0,1420126,
,,,,1,14,8.0,1420126,
,,,214000.0,2,14,,1420126,
,,,,2,14,14.0,1420126,
,,,214000.0,2,14,0.0,1420126,
,,,,2,14,8.0,1410111,
,,,,1,14,12.0,1410111,
,,,,1,14,12.0,1410111,5.0
900000.0,,,,2,14,10.0,1410111,9.0
,,,,1,14,9.0,1410111,5.0
,,,,2,14,,1410111,
,,,,1,14,,1410111,
0.0,,,,2,14,8.0,1410111,9.0
,,,,2,14,12.0,1410111,
,,,,1,14,12.0,1410111,7.0
,,,,2,14,12.0,1410111,
,,,,2,14,,1410111,
,,,,2,14,,1410111,
,,,,2,14,,1410111,
,,,,1,14,11.0,1410111,9.0
,,,,2,14,5.0,1410111,9.0
510000.0,,,,1,14,8.0,1410111,7.0
500000.0,,,,1,14,9.0,1410111,7.0
500000.0,,,,1,14,12.0,1410111,4.0
,,,,2,14,18.0,1410113,2.0
600000.0,,,,2,14,14.0,1410113,4.0
,,,,1,14,17.0,1410113,2.0
,,,,1,14,17.0,1410113,
0.0,,,,1,14,17.0,1410113,2.0
,,,,2,14,15.0,1410113,
,,,,1,14,0.0,1410113,
,,,,2,14,17.0,1410113,
,,,,2,14,9.0,1410112,
,,,,2,14,12.0,1410112,
400000.0,,,,2,14,12.0,1410112,3.0
,,,240000.0,2,14,9.0,1410112,
1500000.0,,,,2,14,16.0,1410112,2.0
1100000.0,,,,1,14,16.0,1410112,2.0
1300000.0,,,,2,14,16.0,1410112,2.0
,,,,1,14,,1410112,
,,,,2,14,13.0,1410112,
500000.0,,,,1,14,12.0,1410112,5.0
800000.0,,,,1,14,14.0,1410112,2.0
600000.0,,,,1,14,17.0,1410112,2.0
400000.0,,,,1,14,12.0,1410112,5.0
,,,,1,14,10.0,1410112,
730000.0,,,,2,14,12.0,1410112,4.0
,,,,2,14,12.0,1410112,
,,,214296.0,2,14,4.0,1410112,
,,,,2,14,12.0,1410112,5.0
,,,,1,14,,1410112,
700000.0,,,300000.0,1,14,12.0,1410112,5.0
,,,,2,14,12.0,1410112,
,,,,1,14,0.0,1410112,
500000.0,,,,2,14,13.0,1410112,3.0
,,,,2,14,,1410112,
,,,,2,14,12.0,1410112,5.0
,,,,1,14,12.0,1410112,7.0
,,,,1,14,12.0,1410112,7.0
,,,,2,14,12.0,1410112,
380000.0,,,,2,14,12.0,1410112,5.0
,,,,2,14,3.0,1410112,
,,,,2,14,12.0,1410112,
,,,800000.0,1,14,17.0,1410112,
1000000.0,,,,1,14,17.0,1410112,2.0
,,,,2,14,15.0,1410714,7.0
,,21243.0,,1,14,,1410714,
,,,,2,14,,1410714,
,,,,2,14,12.0,1410714,
,,21243.0,,2,14,,1410714,
,,21243.0,,2,14,,1410714,
700000.0,,,,2,14,17.0,1410714,2.0
1000000.0,,,,1,14,12.0,1410714,7.0
,,,,2,14,,1410714,
,,,,1,14,,1410714,
350000.0,,,,1,14,15.0,1410714,8.0
,1500000.0,,,2,14,17.0,1410714,
,,,,2,14,12.0,1410714,
,,,,2,14,,1410714,
,,,,2,14,,1410714,
,,,,1,14,,1410714,
300000.0,,,,2,14,15.0,1410714,5.0
500000.0,,,,1,14,12.0,1410714,9.0
,,,,1,14,16.0,1410714,
,,21243.0,,2,14,,1410714,
1500000.0,,,,2,14,16.0,1410714,2.0
550000.0,,,,2,14,17.0,1410113,2.0
,,,,1,14,11.0,1410113,
,,,,2,14,,1410113,
300000.0,,,,2,14,12.0,1410113,5.0
,,,,1,14,12.0,1410113,
,,,,1,14,,1410113,
260000.0,,,,2,14,17.0,1410113,5.0
900000.0,,,,1,14,14.0,1410113,5.0
750000.0,,,,2,14,15.0,1410113,3.0
750000.0,,,,1,14,15.0,1410113,3.0
,,,,1,14,,1410113,
,,,,2,14,,1410113,
1000000.0,,,,1,14,12.0,1410113,5.0
,,,,2,14,15.0,1410113,3.0
,,,,1,14,15.0,1410113,7.0
,,,,2,14,,1410113,
,,,,2,14,12.0,1410113,
,,,,2,14,12.0,1410113,
,,,,2,14,17.0,1410113,
,,,402000.0,1,14,8.0,1410111,
,,,241000.0,2,14,5.0,1410111,
,,,274296.0,2,14,2.0,1410111,
,,,214296.0,1,14,8.0,1410111,8.0
1100000.0,,,,1,14,17.0,1410111,4.0
500000.0,,,,1,14,15.0,1410111,7.0
,,,,1,14,12.0,1410111,7.0
500000.0,,,,2,14,8.0,1410111,7.0
500000.0,,,,1,14,8.0,1410111,7.0
500000.0,,,,1,14,12.0,1410111,7.0
700000.0,,,,2,14,13.0,1410111,7.0
500000.0,,,,2,14,15.0,1410111,3.0
2000000.0,,,,1,14,8.0,1410111,6.0
,,,,2,14,12.0,1410111,
,,,238000.0,2,14,11.0,1410112,
,,,,1,14,12.0,1410112,7.0
,,,214296.0,2,14,8.0,1410112,
,,,,2,14,17.0,1410112,
,,21243.0,,1,14,,1410112,
,,,,2,14,12.0,1410112,
,,,214000.0,2,14,0.0,1410112,
,,,,1,14,14.0,1410112,7.0
,,,323000.0,2,14,12.0,1410112,
,,,,2,14,17.0,1410112,
,,,214000.0,2,14,10.0,1410112,
,,,,1,14,9.0,1410112,
,,,,2,14,12.0,1410112,
,,,,2,14,9.0,1410112,
,,,400000.0,1,14,15.0,1410112,
,,,,2,14,12.0,1410112,
,,,,2,14,12.0,1410112,
,,,,1,14,15.0,1420424,8.0
,,,,2,14,12.0,1420424,
,,,-88.0,1,14,12.0,1420424,5.0
,,,,2,14,10.0,1420424,
,,,214296.0,2,14,9.0,1420424,
,,,214296.0,1,14,9.0,1420424,
550000.0,,,,2,14,17.0,1420424,2.0
500000.0,,,,1,14,12.0,1420424,8.0
,,,270000.0,1,14,15.0,1420424,6.0
,,,214296.0,2,14,14.0,1420424,
,,,,2,14,12.0,1420424,
550000.0,,,,1,14,12.0,1420424,8.0
,,,,1,14,11.0,1420424,
,,,,2,14,,1420424,
900000.0,,,,2,14,13.0,1420424,2.0
800000.0,,,,1,14,15.0,1420424,8.0
,,,,1,14,,1420424,
,,,,2,14,,1420424,
470000.0,,,269600.0,1,14,7.0,1420424,5.0
433000.0,,,,1,14,12.0,1420424,7.0
433000.0,,,,1,14,12.0,1420424,7.0
,,,,2,14,12.0,1420424,
0.0,,,,1,14,12.0,1420424,8.0
,,,,2,14,12.0,1420424,
,,,,2,14,10.0,1420424,
,,,,2,14,,1420424,
,,,,2,14,,1420424,
,,,,2,14,,1420424,
,,,,2,14,,1420424,
550000.0,,,325000.0,1,14,9.0,1410112,9.0
,,,,2,14,17.0,1410112,3.0
1000000.0,,,,2,14,17.0,1410112,2.0
,,,,1,14,17.0,1410112,2.0
,,,214296.0,2,14,12.0,1410112,
1500000.0,,,,1,14,23.0,1410112,2.0
,,,,2,14,19.0,1410112,
,,,,2,14,,1410112,
,,,,2,14,,1410112,
,,,,1,14,,1410112,
,,,382999.0,1,14,6.0,1410112,
700000.0,,,,1,14,9.0,1410112,8.0
550000.0,,,,2,14,8.0,1410112,5.0
,,,330000.0,2,14,10.0,1410112,
,,,,1,14,17.0,1410112,2.0
,,,700000.0,1,14,18.0,1410112,
,,,214296.0,2,14,14.0,1410112,
500000.0,,,,1,14,12.0,1410112,4.0
500000.0,,,,2,14,12.0,1410112,4.0
,,,,1,14,17.0,1410112,5.0
,,,,2,14,17.0,1410112,3.0
,,,,1,14,,1410112,
,,,,2,14,14.0,1410112,
250000.0,,,,2,14,11.0,1410112,5.0
500000.0,,,,1,14,3.0,1410112,7.0
,,,,2,14,10.0,1410112,
700000.0,,,,1,14,12.0,1410112,0.0
700000.0,,,,2,14,14.0,1410112,0.0
450000.0,,,,2,14,12.0,1410824,5.0
400000.0,,,214296.0,1,14,9.0,1410824,9.0
,,,,1,14,11.0,1410824,7.0
,,,,1,14,,1410824,
,,,,1,14,,1410824,
300000.0,,,,2,14,12.0,1410824,5.0
,,21243.0,,1,14,,1410824,
100000.0,,,,2,14,8.0,1410824,9.0
900000.0,,,,1,14,9.0,1410824,9.0
,,21243.0,,2,14,,1410824,
,,21243.0,,1,14,,1410824,
,,21243.0,,2,14,9.0,1410824,
,,21243.0,,1,14,,1410824,
,,,,1,14,12.0,1410414,7.0
500000.0,,,,2,14,12.0,1410414,5.0
700000.0,,,,1,14,12.0,1410414,5.0
,,,,2,14,15.0,1410414,
,,,400000.0,2,14,9.0,1410414,
,,,,2,14,4.0,1410414,
550000.0,,,300000.0,1,14,12.0,1410414,5.0
,,,,2,14,12.0,1410414,9.0
375000.0,,,280000.0,1,14,12.0,1410414,5.0
600000.0,,,,2,14,12.0,1410414,6.0
580000.0,,,,1,14,12.0,1410414,6.0
,,,110000.0,2,14,13.0,1410112,
,,,,2,14,8.0,1410112,
5500000.0,,,,2,14,23.0,1410112,1.0
,,,,2,14,16.0,1410113,
1000000.0,,,,1,14,16.0,1410113,3.0
,,,,2,14,,1410113,
565000.0,,,,1,14,13.0,1410113,5.0
,,,,2,14,12.0,1410113,
,,,,1,14,16.0,1410113,8.0
,,,,2,14,,1410113,
,,,,2,14,10.0,1410113,
,,,,1,14,17.0,1410113,
850000.0,,,,2,14,17.0,1410113,2.0
,,,,1,14,,1410113,
,,,,2,14,15.0,1410113,
,,,,2,14,13.0,1410113,
,,,,2,14,,1410113,
1700000.0,,,,1,14,17.0,1410113,2.0
,,,,2,14,14.0,1410113,9.0
,,,,1,14,16.0,1410113,2.0
,,,,1,14,12.0,1410113,
1900000.0,,,,2,14,18.0,1410113,2.0
,,,,1,14,17.0,1410113,6.0
,,,,1,14,,1410113,
,,,,2,14,13.0,1410113,
,,,,2,14,12.0,1410113,
800000.0,,,,1,14,15.0,1410113,7.0
,,,,2,14,14.0,1410214,
,,21243.0,,1,14,12.0,1410214,
,,21243.0,,1,14,,1410214,
,,,,2,14,12.0,1410214,9.0
,,,,1,14,9.0,1410214,8.0
,,,,2,14,7.0,1410214,
1600000.0,,,,2,14,20.0,1410214,2.0
,,,,1,14,10.0,1410214,
,,,,2,14,12.0,1410214,
,,21243.0,,1,14,,1410214,
,,21243.0,,1,14,,1410214,
,,,,2,14,12.0,1410214,5.0
,,,,2,14,12.0,1410324,
600000.0,,,,1,14,12.0,1410324,7.0
,,,400000.0,2,14,3.0,1410324,
,,,214296.0,1,14,5.0,1410324,
,,,214296.0,2,14,4.0,1410324,
600000.0,,,,1,14,12.0,1410324,5.0
600000.0,,,,2,14,16.0,1410324,2.0
,,,,1,14,,1410324,
375000.0,,,,2,14,12.0,1410324,5.0
,,,,1,14,12.0,1410324,
,,,,1,14,8.0,1410324,
,,,,2,14,11.0,1410324,
,,,214296.0,1,14,11.0,1410324,
,,,,1,14,10.0,1410324,
650000.0,,,,2,14,12.0,1410324,5.0
,,,,1,14,12.0,1410324,7.0
,,21243.0,,1,14,,1410324,
,,21243.0,,1,14,,1410324,
600000.0,,,,1,14,12.0,1410324,8.0
,,,,2,14,12.0,1410324,
,,,,2,14,,1410324,
1164000.0,,,,1,14,12.0,1410324,4.0
900000.0,,,,2,14,16.0,1410324,3.0
,,,,1,14,,1410324,
,,,,2,14,,1410324,
,,,,1,14,,1410324,
,,,214296.0,1,14,9.0,1420224,
,,,,1,14,8.0,1420224,
,,,,2,14,6.0,1420224,5.0
,,,,1,14,11.0,1420224,
,,,,2,14,12.0,1420224,5.0
,,21243.0,,2,14,,1420224,
,,,,2,14,13.0,1420224,1.0
,,,,2,14,2.0,1420224,
,,,240000.0,1,14,7.0,1420224,
,,,,2,14,6.0,1420224,
,,,,2,14,12.0,1420224,
,,,,2,14,12.0,1420224,
,,,,2,14,12.0,1420224,
,,21243.0,,2,14,,1420224,
,,21243.0,,2,14,,1420224,
,,,,2,14,9.0,1420224,
,,21243.0,,1,14,,1420224,
,,,,2,14,,1420224,
900000.0,,,,1,14,15.0,1410113,3.0
2500000.0,,,,2,14,17.0,1410113,2.0
,,,300000.0,1,14,6.0,1410113,
,,,,2,14,14.0,1410113,
,,,,1,14,17.0,1410113,
,,,1200000.0,1,14,18.0,1410113,
650000.0,,,,1,14,15.0,1410113,3.0
1200000.0,,,,2,14,17.0,1410113,2.0
,,,,1,14,16.0,1410113,1.0
,,,950000.0,1,14,12.0,1410113,
,,,,2,14,8.0,1410113,7.0
,,,,1,14,12.0,1410113,7.0
,,,,2,14,17.0,1410113,
,,,,1,14,12.0,1410113,
,,,,2,14,12.0,1410113,
,,,,2,14,17.0,1410113,5.0
,,21243.0,,1,14,,1410113,
,,,600000.0,1,14,12.0,1420117,
,,,,2,14,12.0,1420117,
,,,,1,14,15.0,1420117,
,,,,2,14,15.0,1420117,
,,21243.0,,2,14,10.0,1420117,
500000.0,,,,1,14,15.0,1420117,7.0
,,,,2,14,8.0,1420117,
,,,,1,14,11.0,1420117,
,,21243.0,,1,14,11.0,1420117,
,,21243.0,,1,14,,1420117,
,,,464296.0,1,14,12.0,1420117,
,,,214296.0,2,14,8.0,1420117,
500000.0,,,,2,14,17.0,1420117,2.0
300000.0,,,,1,14,15.0,1420117,3.0
,,,,2,14,13.0,1420117,
,,,,2,14,,1420117,
650000.0,,,,2,14,12.0,1420117,9.0
,,21243.0,,1,14,12.0,1420117,
,,,360000.0,2,14,12.0,1420117,
450000.0,,,,2,14,15.0,1420117,5.0
2620000.0,,,,1,14,17.0,1420117,1.0
,,,,2,14,16.0,1420117,
,,,,1,14,,1420117,
,,,,1,14,12.0,1420117,
,,,214296.0,2,14,6.0,1410221,
,,,214296.0,1,14,8.0,1410221,
1250000.0,,,,1,14,12.0,1410221,7.0
,,,,2,14,12.0,1410221,
,,,,2,14,,1410221,
,,,,1,14,,1410221,
,,,,2,14,11.0,1410221,7.0
,,,,1,14,12.0,1410221,7.0
,,,,1,14,12.0,1410221,6.0
,,,210000.0,1,14,8.0,1410221,
,,,,2,14,12.0,1410221,
,,,,2,14,6.0,1410221,
,,,,2,14,8.0,1410221,5.0
390000.0,,,,1,14,9.0,1410221,3.0
,,,,1,14,6.0,1410221,
,,,,2,14,6.0,1410221,
400000.0,,,,2,14,15.0,1410221,3.0
900000.0,,,,1,14,12.0,1410221,3.0
,,,,1,14,16.0,1410221,8.0
70000.0,,,,2,14,6.0,1410221,9.0
800000.0,,,,1,14,6.0,1410221,7.0
0.0,,,,2,14,12.0,1410221,2.0
,,,,1,14,,1410221,
,,,,1,14,,1410221,
,,,,2,14,2.0,1410221,
600000.0,,,,1,14,8.0,1410127,1.0
,,,,1,14,17.0,1410127,2.0
,,,,2,14,10.0,1410127,
,,,,2,14,13.0,1410127,
700000.0,,,,2,14,15.0,1410127,4.0
,,,,1,14,16.0,1410127,1.0
1600000.0,,,,2,14,17.0,1410127,2.0
,,,,2,14,,1410127,
,,,,1,14,,1410127,
,,,420000.0,2,14,12.0,1410127,
,,,214296.0,2,14,9.0,1410111,
,,,234000.0,1,14,6.0,1410111,
420000.0,,,,1,14,15.0,1410111,5.0
,,,,1,14,12.0,1410111,8.0
500000.0,,,,2,14,12.0,1410111,9.0
,,,,1,14,6.0,1410111,7.0
,,,,2,14,6.0,1410111,
,,,,1,14,11.0,1410111,7.0
,,,,1,14,12.0,1410111,
,,,,2,14,8.0,1410111,
,630000.0,,214296.0,1,14,8.0,1410624,
,,,,1,14,9.0,1410624,
500000.0,,,,2,14,12.0,1410624,5.0
,,,,1,14,,1410624,
540000.0,,,,2,14,12.0,1410624,3.0
,,,214296.0,2,14,6.0,1410624,
,,,,1,14,,1410624,
,,,,1,14,9.0,1410624,
,,,,1,14,12.0,1410624,5.0
,,,214296.0,1,14,6.0,1410624,9.0
,,,,2,14,12.0,1410624,
,,21243.0,,2,14,,1410624,
,,21243.0,,2,14,,1410624,
,,21243.0,,1,14,,1410624,
,,,330000.0,1,14,12.0,1410112,8.0
,,,,2,14,6.0,1410112,
,,,760000.0,1,14,16.0,1410112,
,,,225000.0,2,14,17.0,1410112,
,,,335000.0,2,14,19.0,1410112,
,,,,1,14,15.0,1410112,
,,,,1,14,12.0,1410112,7.0
1300000.0,,,,2,14,17.0,1410112,2.0
,,,,1,14,,1410112,
,,,,1,14,10.0,1410112,
350000.0,,,,2,14,13.0,1410112,5.0
,,,,1,14,12.0,1410112,9.0
,,,240000.0,1,14,10.0,1410112,
,,,210000.0,2,14,6.0,1410112,
500000.0,,,,1,14,8.0,1410112,8.0
700000.0,,,,2,14,12.0,1410112,3.0
180000.0,,,,1,14,5.0,1410112,7.0
,,,,2,14,6.0,1410112,
,,,,2,14,12.0,1410112,3.0
,,,,2,14,,1410112,
,,,,2,14,,1410112,
,,,,1,14,,1410112,
,,,,1,14,,1410112,
1500000.0,,,,2,14,15.0,1420117,3.0
2000000.0,,,,1,14,16.0,1420117,1.0
,,,214296.0,1,14,5.0,1420117,
,,,400000.0,2,14,5.0,1420117,
,,,,2,14,8.0,1420117,5.0
,50000.0,,214296.0,1,14,9.0,1420117,5.0
,,,,2,14,16.0,1420117,
1200000.0,,,,2,14,17.0,1420117,2.0
,,,214296.0,2,14,6.0,1420117,
,,,,1,14,15.0,1420117,7.0
,,,,2,14,8.0,1420117,
,,,218000.0,2,14,9.0,1420117,
,,,,1,14,3.0,1420117,
,,,200000.0,1,14,0.0,1420117,
,,,100000.0,2,14,4.0,1410324,
,,,214296.0,1,14,6.0,1410324,
500000.0,,,,1,14,8.0,1410324,7.0
500000.0,,,,2,14,12.0,1410324,5.0
,,,,2,14,,1410324,
,,,,2,14,8.0,1410324,
500000.0,,,,1,14,8.0,1410324,9.0
,,,214296.0,1,14,2.0,1410324,
,,,,2,14,17.0,1410324,
500000.0,,,,1,14,12.0,1410324,6.0
,,21243.0,,1,14,,1410324,
,,,,2,14,8.0,1410324,
,,,,1,14,,1410324,
,,,214296.0,2,14,8.0,1410324,
,,,214296.0,1,14,8.0,1410324,
,,,,2,14,6.0,1410324,
400000.0,,,,1,14,7.0,1410324,6.0
,,,,2,14,11.0,1410324,
,,,,1,14,,1410324,
,,,,1,14,6.0,1410324,
500000.0,,,,1,14,12.0,1410324,9.0
470000.0,,,,2,14,14.0,1410324,5.0
,,,214296.0,1,14,3.0,1410324,
,,,,2,14,14.0,1410324,
,,,,2,14,,1410324,
,,,,2,14,,1410324,
150000.0,,,,1,14,10.0,1410324,7.0
,,,,2,14,12.0,1410324,6.0
,,,,1,14,,1410324,
,,,,1,14,,1410324,
,,,,1,14,,1410324,
,,,,2,14,12.0,1410314,
,,,350000.0,1,14,12.0,1410314,
,,,,2,14,8.0,1410314,
,,,220000.0,1,14,10.0,1410314,
,,,,1,14,8.0,1410314,
500000.0,,,,2,14,12.0,1410314,5.0
,,,,2,14,14.0,1410314,
,,,,1,14,2.0,1410314,
,,,,2,14,8.0,1410314,
,,,,2,14,12.0,1410314,
500000.0,,,,1,14,8.0,1410314,8.0
,,,214296.0,2,14,7.0,1410314,5.0
,,,214296.0,1,14,7.0,1410314,
,,,,1,14,26.0,1410113,2.0
1000000.0,,,,2,14,17.0,1410113,2.0
,,,,2,14,,1410113,
,,,,1,14,,1410113,
,,,,2,14,12.0,1410113,
480000.0,,,,1,14,12.0,1410113,8.0
,,21243.0,,1,14,,1410113,
500000.0,,,,2,14,14.0,1410113,9.0
,,,,2,14,14.0,1410113,
,,,,2,14,8.0,1410113,
1000000.0,,,,2,14,16.0,1410113,2.0
,,,,1,14,12.0,1410112,
580000.0,,,,1,14,14.0,1410112,4.0
500000.0,,,,2,14,12.0,1410112,9.0
600000.0,,,,1,14,12.0,1410112,5.0
,,,,1,14,,1410112,
,,,,1,14,9.0,1410112,5.0
,,,,2,14,5.0,1410112,
500000.0,,,,2,14,8.0,1410112,9.0
,,,,1,14,10.0,1410112,
,,,,1,14,9.0,1410112,
,,,214294.0,1,14,12.0,1410112,
850000.0,,,,2,14,12.0,1410112,3.0
,,,,1,14,19.0,1410112,
500000.0,,,,2,14,12.0,1410112,5.0
,,,950000.0,1,14,21.0,1410112,
,,,400000.0,1,14,8.0,1410112,
500000.0,,,,2,14,17.0,1410112,5.0
600000.0,,,,1,14,12.0,1410112,8.0
,,,,2,14,,1410112,
,,,,2,14,,1410112,
,,,,2,14,17.0,1410112,2.0
150000.0,,,,1,14,17.0,1410112,2.0
500000.0,,,,2,14,12.0,1410112,9.0
,,,,2,14,7.0,1410112,
,,,365000.0,1,14,3.0,1410113,
,,,225000.0,2,14,11.0,1410113,
500300.0,,,,2,14,15.0,1410113,9.0
500000.0,,,,1,14,12.0,1410113,9.0
,,,,1,14,8.0,1410113,
,,,,1,14,,1410113,
,,,214296.0,2,14,5.0,1410113,
500000.0,,,300000.0,1,14,7.0,1410113,8.0
600000.0,,,,1,14,15.0,1410113,8.0
,,,,2,14,15.0,1410113,
,,,190000.0,2,14,4.0,1410113,
,,,,2,14,11.0,1410113,
,,,,1,14,12.0,1410113,7.0
,,,,2,14,,1410113,
700000.0,,,,2,14,15.0,1410524,4.0
,,,,1,14,15.0,1410524,
,,,,2,14,,1410524,
,,,,2,14,7.0,1410524,
,,,1600000.0,1,14,21.0,1410524,1.0
,,,,2,14,10.0,1410524,1.0
480000.0,,,380000.0,1,14,2.0,1410524,6.0
,,,,1,14,16.0,1410524,
1000000.0,,,,2,14,16.0,1410524,5.0
,,,,1,14,12.0,1410524,7.0
,,,,2,14,12.0,1410524,
,,,,2,14,12.0,1410524,
,,,,2,14,11.0,1410524,
1400000.0,,,,1,14,15.0,1410524,0.0
,,,,1,14,17.0,1410121,5.0
700000.0,,,,2,14,13.0,1410121,3.0
,,,,2,14,,1410121,
,,,214296.0,1,14,6.0,1410121,
,,,214296.0,2,14,9.0,1410121,
,,,,2,14,12.0,1410121,
,,,250000.0,1,14,10.0,1410121,
,,,,1,14,11.0,1410121,
,,,,2,14,,1410121,
,,,214296.0,2,14,1.0,1410121,
,,,,2,14,12.0,1410121,
,,,,1,14,12.0,1410121,7.0
,,21243.0,,2,14,,1410121,
,,,,1,14,12.0,1410121,7.0
500000.0,,,,2,14,8.0,1410121,9.0
,,,,1,14,17.0,1410121,
,,,,2,14,4.0,1410121,5.0
,,,,1,14,12.0,1410121,
,,,214296.0,2,14,12.0,1410121,
500000.0,,,,1,14,15.0,1410511,3.0
,,,,2,14,6.0,1410511,5.0
,,,400000.0,1,14,10.0,1410511,
500000.0,,,,2,14,12.0,1410511,6.0
,,,,2,14,,1410511,
900000.0,,,,1,14,10.0,1410511,7.0
250000.0,,,,2,14,8.0,1410511,9.0
,,,,1,14,10.0,1410511,
,,,,2,14,12.0,1410511,
,,,,2,14,10.0,1410511,
,,,,1,14,,1410511,
300000.0,,,300000.0,1,14,6.0,1410511,5.0
450000.0,,,,2,14,6.0,1410511,5.0
,,,,1,14,17.0,1410112,
,,,360000.0,2,14,15.0,1410112,
,,,466287.0,2,14,13.0,1410112,
,,,,2,14,9.0,1410112,
,,,411000.0,2,14,10.0,1410112,
270000.0,,,,2,14,4.0,1420324,9.0
,300000.0,,,2,14,12.0,1420324,
,,,,1,14,9.0,1420324,
,,,,1,14,,1420324,
,,,,1,14,,1420324,
,,,,1,14,12.0,1420324,1.0
,,,,2,14,8.0,1420324,
500000.0,,,,2,14,14.0,1420324,4.0
,,,,2,14,16.0,1420324,
,,,,2,14,13.0,1420324,
,,,,2,14,,1420324,
5000000.0,,,200000.0,1,14,17.0,1410112,2.0
,,,200000.0,1,14,17.0,1410112,
,,,,2,14,3.0,1410112,
400000.0,,,,1,14,4.0,1410112,6.0
300000.0,,,,1,14,12.0,1410112,7.0
,,21243.0,,2,14,,1410112,
750000.0,,,,1,14,14.0,1410112,8.0
,,,,2,14,12.0,1410112,
,,,,1,14,10.0,1410112,
,,,,2,14,,1410112,
1160000.0,,,,1,14,12.0,1410112,2.0
,,,,2,14,12.0,1410112,
,,,,1,14,,1410112,
,,,214296.0,2,14,12.0,1410112,
400000.0,,,,1,14,12.0,1410112,9.0
,,,214296.0,2,14,7.0,1410112,
,,,,2,14,13.0,1410112,
,,,,1,14,9.0,1410112,3.0
,,,250000.0,1,14,12.0,1410112,
,410000.0,,,2,14,15.0,1410112,
,,,,1,14,17.0,1410112,
,,,,1,14,17.0,1410112,
,,,,1,14,12.0,1410112,
,,,264000.0,1,14,8.0,1410112,
,,,,1,14,13.0,1410112,
,,,214296.0,2,14,3.0,1410112,
,,,,1,14,13.0,1410112,
,,,,2,14,12.0,1410112,
580000.0,,,,2,14,13.0,1410112,4.0
500000.0,,,,2,14,15.0,1410113,3.0
,,,,1,14,,1410113,
,,,,2,14,13.0,1410113,5.0
550000.0,,,,2,14,12.0,1410113,3.0
200000.0,,,,1,14,18.0,1410113,2.0
,,,,1,14,14.0,1410113,
,,,,2,14,12.0,1410113,
,,,345000.0,1,14,10.0,1410113,8.0
,,,,1,14,12.0,1410113,
,,,,1,14,17.0,1410113,8.0
2500000.0,,,,1,14,21.0,1410113,2.0
,,,,2,14,15.0,1410113,
1000000.0,,,,1,14,12.0,1410113,5.0
1000000.0,,,,2,14,17.0,1410113,3.0
,80000.0,,,1,14,16.0,1410113,
,,,,1,14,10.0,1410111,8.0
,,,,2,14,12.0,1410111,
,,,,1,14,15.0,1410111,
,,,,2,14,12.0,1410111,
,,,,1,14,10.0,1410111,8.0
-88.0,,,,1,14,17.0,1410111,2.0
,80000.0,,,2,14,12.0,1410111,
,,,180000.0,1,14,10.0,1410111,
,,,180000.0,1,14,4.0,1410111,
,,,,2,14,17.0,1410111,
,,,,2,14,8.0,1410111,9.0
,,,,2,14,,1410111,
,,,214296.0,2,14,,1410111,
,,,214000.0,1,14,6.0,1410111,
600000.0,,,,2,14,12.0,1410111,5.0
,,,,1,14,12.0,1410111,5.0
560000.0,,,,1,14,12.0,1410111,8.0
,,,,1,14,8.0,1410111,
,,,,2,14,14.0,1410112,5.0
,,,,1,14,13.0,1410112,1.0
,,,,2,14,12.0,1410112,5.0
,,,,1,14,,1410112,
,,,,2,14,,1410112,
500000.0,,,,2,14,12.0,1410112,9.0
,,,252000.0,1,14,6.0,1410112,5.0
,,,,2,14,7.0,1410112,
,,,210000.0,1,14,2.0,1410112,
,,,,2,14,12.0,1410112,
,,,,2,14,,1410112,
,,,,2,14,,1410112,
,,,223000.0,2,14,8.0,1410112,
,,,180000.0,1,14,9.0,1410112,
,,,200000.0,2,14,8.0,1420416,
500000.0,,,,2,14,12.0,1420416,5.0
,,,,2,14,,1420416,
,,,231000.0,2,14,3.0,1420416,
,,,,1,14,0.0,1420416,
460000.0,,,,1,14,12.0,1420416,5.0
,,,214296.0,2,14,0.0,1420416,
,30000.0,,,1,14,12.0,1420416,
,,,,2,14,12.0,1420416,5.0
,,,,1,14,10.0,1420416,
520000.0,,,,2,14,16.0,1420416,5.0
,,,,2,14,12.0,1420416,
,,,,2,14,8.0,1420416,5.0
,,,,2,14,10.0,1420416,
,,21243.0,,2,14,,1420416,
,,,,1,14,11.0,1420416,
,,21243.0,,2,14,,1420416,
700000.0,,,,2,14,16.0,1420416,2.0
430000.0,,,,1,14,12.0,1420416,5.0
,,,,2,14,15.0,1420416,5.0
,,,,2,14,16.0,1420416,2.0
,,,,2,14,,1420416,
240000.0,,,,2,14,12.0,1420416,9.0
,,,,2,14,15.0,1420416,
,,,,2,14,,1420416,
450000.0,,,,2,14,12.0,1420416,9.0
,,,,1,14,12.0,1420416,5.0
340000.0,,,,1,14,12.0,1420416,9.0
500000.0,,,,2,14,12.0,1410111,5.0
,,,214296.0,2,14,8.0,1410111,
,,,,2,14,13.0,1410111,
,,,400000.0,2,14,2.0,1410111,
,,,214296.0,1,14,2.0,1410111,
,,,200000.0,2,14,4.0,1410111,
500000.0,,,,2,14,13.0,1410111,4.0
,,,,2,14,14.0,1410111,
,,,,1,14,13.0,1410111,7.0
,,,214000.0,2,14,1.0,1410111,
,,,250000.0,1,14,12.0,1410111,
,,,,1,14,12.0,1410111,9.0
,,,214296.0,2,14,10.0,1420111,
,,,850000.0,1,14,17.0,1420111,
,,,,1,14,17.0,1420111,1.0
,127000.0,,,2,14,13.0,1420111,
,,,,2,14,17.0,1420111,2.0
450000.0,,,360000.0,1,14,11.0,1420111,3.0
1000000.0,,,,1,14,15.0,1420111,5.0
800000.0,,,,1,14,13.0,1410112,5.0
800000.0,,,,1,14,12.0,1410112,5.0
,,,,1,14,,1410112,
,,,,2,14,,1410112,
,,,214296.0,2,14,8.0,1410112,
1000000.0,,,,2,14,17.0,1410112,2.0
,,,,1,14,,1410112,
700000.0,,,,1,14,14.0,1410112,4.0
0.0,,,,2,14,12.0,1410112,3.0
,,,,2,14,15.0,1410112,
,,,,2,14,9.0,1410112,
,,,,2,14,16.0,1410112,
460000.0,,,,2,14,11.0,1410112,9.0
,,,,2,14,13.0,1410112,
,,21243.0,,2,14,10.0,1410112,
0.0,,,,1,14,13.0,1410112,5.0
600000.0,,,,1,14,12.0,1410112,8.0
360000.0,,,,2,14,10.0,1410112,9.0
70000.0,,,,2,14,14.0,1410112,5.0
,,,214296.0,2,14,6.0,1410112,
120000.0,,,,2,14,10.0,1410112,9.0
,,,,1,14,15.0,1420324,9.0
,,21243.0,,1,14,,1420324,
,,,,2,14,15.0,1420324,3.0
300000.0,,,,1,14,12.0,1420324,7.0
,,,,2,14,12.0,1420324,
,,,,2,14,,1420324,
,,,,1,14,,1420324,
,,,,1,14,12.0,1420324,7.0
,,,,1,14,15.0,1420324,8.0
1500000.0,,,,2,14,17.0,1420324,2.0
,,,,2,14,5.0,1420324,
500000.0,,,,1,14,3.0,1420324,5.0
350000.0,,,,1,14,14.0,1420324,2.0
500000.0,,,,2,14,12.0,1420324,3.0
,,,,2,14,12.0,1420324,
260000.0,,,,2,14,12.0,1420324,5.0
300000.0,,,,2,14,15.0,1420324,5.0
,,,,2,14,11.0,1420324,
,,,,2,14,,1420324,
,,,,1,14,17.0,1410112,
,,,,1,14,15.0,1410112,
,,,200000.0,2,14,19.0,1410112,2.0
,,,,1,14,19.0,1410112,1.0
,,,270000.0,2,14,15.0,1410112,
,,,,2,14,12.0,1410112,
,,,,1,14,17.0,1410112,9.0
,,,,1,14,16.0,1410112,2.0
,,,,2,14,6.0,1410112,
470000.0,,,,1,14,12.0,1410112,5.0
,,,,1,14,16.0,1410112,
,,,,2,14,13.0,1410112,9.0
,,,,2,14,,1410112,
,,,,2,14,,1410112,
,,,,2,14,,1410112,
980000.0,,,,2,14,12.0,1410112,5.0
250000.0,,,,1,14,15.0,1410112,9.0
550000.0,,,,2,14,17.0,1410112,4.0
-88.0,,,,1,14,17.0,1410112,1.0
-88.0,,,,2,14,15.0,1410112,5.0
1200000.0,,,,2,14,16.0,1410112,3.0
,,,,2,14,12.0,1410112,
525000.0,,,,1,14,12.0,1410112,7.0
600000.0,,,,2,14,12.0,1410112,5.0
,,,,2,14,0.0,1410111,
180000.0,,,,2,14,5.0,1410111,9.0
900000.0,,,,1,14,12.0,1410111,3.0
,,,,2,14,12.0,1410111,
300000.0,,,,1,14,13.0,1410111,9.0
,,,,1,14,13.0,1410111,
,,,250000.0,1,14,6.0,1410111,
,,,,2,14,12.0,1410111,
450000.0,,,,1,14,12.0,1410111,7.0
450000.0,,,,1,14,12.0,1410111,9.0
450000.0,,,,1,14,12.0,1410111,7.0
,,,400000.0,2,14,0.0,1410111,
500000.0,,,,1,14,15.0,1410111,4.0
,,,500000.0,1,14,2.0,1410111,
,,,,2,14,8.0,1410111,7.0
2500000.0,,,,1,14,17.0,1410112,2.0
570000.0,,,,2,14,14.0,1410112,3.0
,,,,2,14,16.0,1410112,
300000.0,,,,2,14,14.0,1410112,9.0
,,,,2,14,14.0,1410112,
,,,240000.0,1,14,9.0,1410112,
,,,214296.0,2,14,17.0,1410112,
,,,,2,14,12.0,1410112,
,,,,1,14,12.0,1410112,1.0
1400000.0,,,,2,14,16.0,1410112,2.0
200000.0,,,,1,14,15.0,1410112,9.0
,,,214596.0,2,14,12.0,1410112,
,,,,2,14,15.0,1410112,
,,,,2,14,,1410112,
,,,,1,14,,1410112,
,,,650000.0,2,14,16.0,1410112,
650000.0,,,,1,14,15.0,1410112,4.0
1200000.0,,,,2,14,18.0,1410112,2.0
,,,125000.0,2,14,14.0,1410112,
,,,,1,14,16.0,1410112,
,,,,2,14,16.0,1410112,
,,,214296.0,1,14,3.0,1410824,
,,,,2,14,7.0,1410824,
,,,,1,14,2.0,1410824,9.0
,,,,2,14,15.0,1410824,3.0
,,,,1,14,,1410824,
,,,,2,14,,1410824,
,,,,1,14,12.0,1410824,
500000.0,,,,1,14,12.0,1410824,7.0
,,,214296.0,2,14,6.0,1410824,
500000.0,,,,2,14,12.0,1410824,5.0
,,21243.0,,1,14,,1410824,
,,21243.0,,2,14,,1410824,
,,21243.0,,1,14,,1410824,
700000.0,,,,2,14,17.0,1410824,2.0
,,,214296.0,1,14,8.0,1410824,
,,,,1,14,12.0,1410824,9.0
300000.0,,,,2,14,11.0,1410824,9.0
,,21243.0,,2,14,,1410824,
,,21243.0,,2,14,,1410824,
570000.0,,,,1,14,7.0,1420214,6.0
,,,214296.0,2,14,7.0,1420214,
,,,,2,14,12.0,1420214,5.0
,,,200000.0,2,14,10.0,1420214,
,,,400000.0,2,14,10.0,1420214,
,,,300000.0,1,14,10.0,1420214,
-88.0,,,,1,14,12.0,1420214,5.0
,,,,2,14,11.0,1420214,8.0
,,,,2,14,15.0,1420214,
,,,,2,14,11.0,1420214,
625000.0,,,,1,14,17.0,1420214,2.0
720000.0,,,,2,14,17.0,1420214,3.0
,,,400000.0,1,14,12.0,1410111,
,,,,2,14,12.0,1410111,
,,,214296.0,2,14,6.0,1410111,
,,,300000.0,1,14,7.0,1410111,
,,,500000.0,2,14,10.0,1410111,
1500000.0,,,,1,14,17.0,1410111,2.0
600000.0,,,,1,14,12.0,1410111,3.0
,,,,2,14,17.0,1410112,2.0
,,,,1,14,,1410112,
630000.0,,,,2,14,12.0,1410112,5.0
,,,420000.0,1,14,10.0,1410112,
500000.0,,,,2,14,15.0,1410112,3.0
,,21243.0,,1,14,9.0,1410112,
,,,,2,14,16.0,1410112,
1500000.0,,,,1,14,17.0,1410112,1.0
,,,,1,14,,1410112,
,,,700000.0,1,14,18.0,1410112,
,,,,2,14,17.0,1410112,
,,,,1,14,0.0,1410112,
,,,,2,14,15.0,1410112,
500000.0,,,,1,14,8.0,1420214,7.0
160000.0,,,,2,14,15.0,1420214,9.0
160000.0,,,,2,14,8.0,1420214,9.0
,,,228000.0,2,14,1.0,1420214,
800000.0,,,,1,14,12.0,1420214,7.0
400000.0,,,,2,14,12.0,1420214,5.0
,,21243.0,,2,14,1.0,1420214,
,,21243.0,,1,14,,1420214,
1538000.0,,,,2,14,17.0,1420214,2.0
700000.0,,,,1,14,12.0,1420214,5.0
,,,,1,14,11.0,1420214,
,,,,2,14,,1420214,
540000.0,,,,2,14,15.0,1420214,3.0
,,,,1,14,8.0,1420214,7.0
160000.0,,,,2,14,13.0,1420214,5.0
,,,,1,14,11.0,1420214,
500000.0,,,,2,14,6.0,1420214,6.0
,,21243.0,,1,14,9.0,1420214,
,,21243.0,,1,14,,1420214,
400000.0,,,,2,14,17.0,1420214,4.0
,,,,1,14,0.0,1420214,
,,,,1,14,,1420214,
,,,,1,14,12.0,1420214,7.0
,,,214296.0,1,14,5.0,1410824,
,,,,2,14,5.0,1410824,
,,,,1,14,12.0,1410824,7.0
450000.0,,,,2,14,12.0,1410824,9.0
,,21243.0,,2,14,,1410824,
,,,,2,14,4.0,1410824,
,,,214296.0,1,14,1.0,1410824,
,,,214296.0,2,14,3.0,1410824,
,,,214296.0,1,14,4.0,1410824,
,,,,1,14,9.0,1410824,7.0
,,,,1,14,7.0,1410824,7.0
,,,,2,14,7.0,1410824,
,,,,2,14,8.0,1410824,9.0
,,,,1,14,5.0,1410824,7.0
,,21243.0,,1,14,,1410824,
,,,,2,14,7.0,1410824,
200000.0,,,,1,14,12.0,1410824,7.0
,,,,2,14,12.0,1410824,
,,,,1,14,,1410824,
,,,,1,14,,1410824,
600000.0,,,,1,14,12.0,1420117,0.0
480000.0,,,,2,14,11.0,1420117,3.0
,,,,1,14,16.0,1420117,
,,,,2,14,18.0,1420117,9.0
500000.0,,,276000.0,2,14,0.0,1420117,5.0
500000.0,,,,1,14,12.0,1420117,9.0
870000.0,,,,1,14,16.0,1420117,2.0
1000000.0,,,,2,14,21.0,1420117,2.0
,,,,1,14,,1420117,
,,,,2,14,,1420117,
,,,700000.0,2,14,16.0,1420117,
,,,,1,14,12.0,1420117,
,,,,1,14,12.0,1420117,
300000.0,,,,2,14,12.0,1420117,5.0
1800000.0,,,,1,14,18.0,1420117,2.0
1800000.0,,,,2,14,18.0,1420117,2.0
,,,,1,14,,1420117,
1300000.0,,,,2,14,17.0,1420117,2.0
1300000.0,,,,1,14,17.0,1420117,2.0
,,,,1,14,,1420117,
,,,,2,14,,1420117,
,,,900000.0,1,14,6.0,1420117,
,,,,2,14,5.0,1410824,
,,,,2,14,16.0,1410824,
,,,214296.0,1,14,3.0,1410824,
,,21243.0,,1,14,,1410824,
,,21243.0,,1,14,,1410824,
,,,,2,14,8.0,1410824,
500000.0,,,,1,14,3.0,1410824,9.0
,,,,2,14,15.0,1410824,
,,,250000.0,2,14,8.0,1410824,
,,,,1,14,0.0,1410824,9.0
,,,214296.0,2,14,0.0,1410824,
,,,82000.0,2,14,8.0,1410824,5.0
360000.0,,,,1,14,10.0,1410824,9.0
,,,,1,14,0.0,1410824,
,,,,2,14,13.0,1410824,
,,,,2,14,8.0,1410824,
,,,,1,14,9.0,1410824,
,,,,2,14,9.0,1410824,
,,,,1,14,,1410824,
,,,,2,14,,1410824,
,,,202559.0,2,14,6.0,1410824,
160000.0,,,,1,14,7.0,1410824,9.0
,,,,2,14,1.0,1410824,
375000.0,,,,1,14,6.0,1410824,8.0
,,,,2,14,8.0,1410824,
500000.0,,,,1,14,8.0,1410824,8.0
,,,,2,14,15.0,1410824,
,,,,2,14,,1410824,
50000.0,,,,2,14,12.0,1410824,9.0
,,,,1,14,12.0,1410414,5.0
,,,,2,14,17.0,1410414,5.0
700000.0,,,,2,14,15.0,1410414,3.0
700000.0,,,,2,14,15.0,1410414,3.0
,,,,1,14,,1410414,
,,,,2,14,0.0,1410414,9.0
500000.0,,,,1,14,,1410414,6.0
,,,,2,14,9.0,1410414,
1000000.0,,,,1,14,15.0,1410414,7.0
,,,,2,14,16.0,1410414,
,,,,2,14,,1410414,
,,,530000.0,2,14,4.0,1410414,
1000000.0,,,,2,14,17.0,1410414,2.0
880000.0,,,,2,14,15.0,1410414,3.0
702000.0,,,,1,14,12.0,1410414,9.0
,,,,1,14,,1410414,
,,,241296.0,1,14,12.0,1410414,
,,,241296.0,2,14,9.0,1410414,
500000.0,,,,1,14,11.0,1410414,7.0
1100000.0,,,,1,14,17.0,1410112,3.0
,,,,2,14,13.0,1410112,
,,,,2,14,,1410112,
,,,300000.0,2,14,15.0,1410112,
550000.0,,,,1,14,12.0,1410112,5.0
,,,,2,14,,1410112,
,,,,1,14,,1410112,
,,,,2,14,15.0,1410112,
1600000.0,,,,1,14,15.0,1410112,3.0
,,,,2,14,,1410112,
,,,,1,14,,1410112,
,,,,1,14,5.0,1410112,
,,,290000.0,1,14,11.0,1410112,
,,,210000.0,2,14,8.0,1410112,
550000.0,,,,2,14,12.0,1410112,8.0
,,,,1,14,12.0,1410112,
,,,400000.0,2,14,8.0,1410112,
,,,,2,14,4.0,1410112,
,,,,1,14,12.0,1410112,
,,,,1,14,12.0,1410112,5.0
400000.0,,,,2,14,12.0,1410112,9.0
1000000.0,,,,1,14,16.0,1410113,3.0
,,,,1,14,,1410113,
,,,,1,14,14.0,1410113,7.0
1000000.0,,,,2,14,17.0,1410113,2.0
,,,,1,14,16.0,1410113,
700000.0,,,,1,14,17.0,1410113,2.0
620000.0,,,,2,14,17.0,1410113,2.0
,,,,2,14,,1410113,
0.0,,,,1,14,14.0,1410113,3.0
,,,,2,14,10.0,1410113,
,,,,1,14,12.0,1410113,
,,,,2,14,14.0,1410113,
1400000.0,,,,2,14,16.0,1410113,2.0
,,,,1,14,,1410113,
,,,,1,14,,1410113,
2500000.0,,,,1,14,16.0,1410113,1.0
600000.0,,,,1,14,12.0,1410724,8.0
600000.0,,,,2,14,17.0,1410724,2.0
,,,,1,14,,1410724,
,,,,1,14,,1410724,
900000.0,,,,1,14,9.0,1410724,5.0
0.0,,,,1,14,12.0,1410724,8.0
146000.0,,,,2,14,3.0,1410724,9.0
,,,,1,14,10.0,1410724,
,,21243.0,,1,14,,1410724,
0.0,,,,2,14,12.0,1410724,9.0
,,,,1,14,8.0,1410724,
0.0,,21243.0,,1,14,10.0,1410724,9.0
,,,,2,14,11.0,1410724,
1100000.0,,,600000.0,1,14,8.0,1410724,1.0
240000.0,,,,2,14,15.0,1410724,9.0
,,21243.0,,1,14,10.0,1410724,
,,21243.0,,1,14,10.0,1410724,
,,,214000.0,2,14,12.0,1410724,
,,,214000.0,1,14,4.0,1410724,
2500000.0,,,,1,14,15.0,1410724,1.0
900000.0,,,,2,14,15.0,1410724,3.0
,,,,1,14,17.0,1410724,
,,,,1,14,14.0,1410724,
,,,,1,14,,1410724,
850000.0,,,,1,14,12.0,1410724,6.0
,,,214000.0,1,14,12.0,1410724,
,,,,2,14,3.0,1410724,
200000.0,,,,2,14,15.0,1410112,5.0
500000.0,,,,1,14,12.0,1410112,4.0
200000.0,,,,1,14,16.0,1410112,9.0
240000.0,,,,2,14,12.0,1410112,9.0
,,,,1,14,10.0,1410112,
,,,,2,14,,1410112,
,,,,1,14,,1410112,
,,,214296.0,2,14,14.0,1410112,
,,,214296.0,1,14,12.0,1410112,
,,,214296.0,2,14,6.0,1410112,
524000.0,,,,1,14,15.0,1410112,5.0
,524000.0,,214296.0,2,14,12.0,1410112,
,,,,2,14,16.0,1410112,
500000.0,,,,1,14,14.0,1410112,6.0
,,21243.0,,1,14,,1410112,
,,,,2,14,12.0,1410112,
,,21243.0,,2,14,,1410112,
,,21243.0,,2,14,,1410112,
,,21243.0,,2,14,,1410112,
,,,,2,14,12.0,1410112,8.0
800000.0,,,,2,14,17.0,1410112,3.0
1000000.0,,,,1,14,17.0,1410112,4.0
,,,,2,14,10.0,1410814,
,,,,1,14,15.0,1410814,7.0
,,21243.0,,1,14,,1410814,
0.0,,,,2,14,12.0,1410814,5.0
,,,,1,14,3.0,1410814,
520000.0,,,,2,14,12.0,1410814,9.0
470000.0,,,,1,14,12.0,1410814,9.0
500000.0,,,,2,14,12.0,1410814,5.0
,,,,1,14,12.0,1410814,7.0
,,,214296.0,2,14,3.0,1410814,
,,,480000.0,1,14,12.0,1410814,
,,,214296.0,2,14,4.0,1410814,
112500.0,,,,2,14,16.0,1410814,3.0
525000.0,,,,1,14,13.0,1410814,2.0
600000.0,,,,2,14,12.0,1410814,3.0
525000.0,,,,1,14,12.0,1410814,6.0
,,,,2,14,14.0,1410814,
500000.0,,,,1,14,12.0,1410814,7.0
,,21243.0,,1,14,,1410814,
,,21243.0,,1,14,,1410814,
,,21243.0,,1,14,,1410814,
,,,,2,14,12.0,1410814,
800000.0,,,,1,14,12.0,1410814,7.0
,,21243.0,,1,14,,1410814,
,,,,2,14,12.0,1410814,
180000.0,,,,2,14,13.0,1410113,5.0
,,,,2,14,15.0,1410113,
,,,214296.0,2,14,9.0,1410113,
,,,,2,14,12.0,1410113,5.0
,,,,1,14,,1410113,
,,,,1,14,,1410113,
,,,302000.0,2,14,5.0,1410111,
590000.0,,,100000.0,2,14,15.0,1410111,5.0
500000.0,,,,2,14,13.0,1410111,5.0
,,,,1,14,12.0,1410111,
,,,,2,14,11.0,1410111,
,,,,2,14,,1410111,
,,,200000.0,2,14,,1410111,
420000.0,,,,2,14,12.0,1410111,9.0
900000.0,,,,1,14,14.0,1410113,6.0
,,,,2,14,17.0,1410113,5.0
,,,214000.0,2,14,10.0,1410113,7.0
1700000.0,,,1520000.0,1,14,15.0,1410113,3.0
1800000.0,,,,2,14,17.0,1410113,2.0
,,,,2,14,17.0,1410113,
500000.0,,,,1,14,14.0,1410113,5.0
1400000.0,,,,2,14,19.0,1410113,2.0
,,,,1,14,,1410113,
,,,,1,14,16.0,1410113,
600000.0,,,,1,14,14.0,1410113,2.0
,,,400000.0,2,14,12.0,1410111,
,,,,2,14,15.0,1410111,7.0
650000.0,,,,1,14,13.0,1410111,7.0
,,,,1,14,12.0,1410111,
,,,,2,14,12.0,1410111,
,,,,1,14,12.0,1410111,7.0
,,,,1,14,12.0,1410111,9.0
550000.0,,,300000.0,2,14,11.0,1410111,4.0
470000.0,,,,1,14,4.0,1410111,7.0
550000.0,,,,2,14,12.0,1410111,5.0
500000.0,,,,2,14,12.0,1410111,5.0
500000.0,,,,1,14,12.0,1410111,5.0
,,,,2,14,12.0,1410111,
,,,,2,14,,1410111,
,,,,1,14,,1410111,
150000.0,,,,1,14,14.0,1410112,7.0
,,,,1,14,14.0,1410112,
1200000.0,,,,1,14,16.0,1410112,3.0
,,,,1,14,,1410112,
1400000.0,,,,2,14,16.0,1410112,2.0
550000.0,,,,1,14,16.0,1410112,9.0
660000.0,,,,2,14,20.0,1410112,2.0
680000.0,,,,1,14,17.0,1410112,5.0
900000.0,,,,2,14,16.0,1410814,2.0
,,,200000.0,2,14,8.0,1410814,
,,,,2,14,,1410814,
780000.0,,,199000.0,2,14,15.0,1410814,3.0
1200000.0,,,,2,14,15.0,1410814,3.0
,,,,2,14,12.0,1410814,
,,,,1,14,11.0,1410814,
,,21243.0,,2,14,,1410814,
,,,,2,14,,1410814,
540000.0,,,,2,14,15.0,1410814,3.0
550000.0,,,,1,14,9.0,1410814,9.0
,,21243.0,,2,14,,1410814,
,,,,1,14,12.0,1410814,8.0
675000.0,,,,2,14,17.0,1410814,2.0
,,,214296.0,2,14,3.0,1410814,
120000.0,,,100000.0,2,14,12.0,1410814,5.0
0.0,,,,1,14,15.0,1410814,4.0
,,,,2,14,17.0,1410814,2.0
,,,1110000.0,2,14,17.0,1410814,
2800000.0,,,,2,14,20.0,1410112,1.0
2800000.0,,,,1,14,24.0,1410112,2.0
,,,,1,14,11.0,1410112,
,250000.0,,,2,14,13.0,1410112,
,,,,2,14,17.0,1410112,
1200000.0,,,,2,14,19.0,1410112,2.0
,,,1640000.0,1,14,15.0,1410112,
-88.0,,,,1,14,17.0,1410112,2.0
0.0,,,,2,14,17.0,1410112,2.0
,,,300000.0,2,14,12.0,1410112,
414000.0,,,,2,14,3.0,1410112,9.0
,,,,2,14,15.0,1410112,
900000.0,,,,1,14,14.0,1410112,2.0
300000.0,,,,1,14,15.0,1420111,5.0
820000.0,,,,2,14,15.0,1420111,2.0
,,,415000.0,1,14,6.0,1420111,
,,,,2,14,17.0,1420111,3.0
,,,,2,14,15.0,1420111,
,,,,2,14,12.0,1420111,
,,,,2,14,13.0,1420111,
1000000.0,,,,2,14,17.0,1420111,2.0
480000.0,,,,2,14,13.0,1420111,5.0
,,,214296.0,1,14,4.0,1420111,
,,,,1,14,,1420111,
380000.0,,,,2,14,10.0,1420111,9.0
600000.0,,,,1,14,12.0,1420111,9.0
-88.0,,,,2,14,13.0,1420111,5.0
,,,,1,14,9.0,1420111,
,,,,2,14,,1420111,
,,,,1,14,,1420111,
657000.0,,,,2,14,17.0,1410614,2.0
,,,,1,14,13.0,1410614,2.0
,,,50000.0,2,14,12.0,1410614,
1500000.0,,,600000.0,2,14,15.0,1410614,2.0
,,,400000.0,2,14,2.0,1410614,
,,,,1,14,13.0,1410614,5.0
320000.0,,,,2,14,12.0,1410614,5.0
,,,,1,14,,1410614,
,,,,1,14,,1410614,
,,,,2,14,12.0,1410614,
,,,,1,14,12.0,1410614,
,,,,1,14,,1410614,
,,,360000.0,1,14,8.0,1410614,7.0
,,,,1,14,10.0,1410614,
,,,,2,14,,1410614,
450000.0,,,280000.0,2,14,8.0,1410614,9.0
,,,,1,14,12.0,1410614,7.0
420000.0,,,,2,14,15.0,1410614,5.0
,,,,1,14,3.0,1410614,
800000.0,,,,1,14,10.0,1410614,8.0
,,,,1,14,8.0,1410614,9.0
580000.0,,,,1,14,8.0,1410112,7.0
,,,,2,14,12.0,1410112,
,,,,2,14,12.0,1410112,
,,,,2,14,,1410112,
,,,,1,14,,1410112,
410000.0,,,,1,14,9.0,1410112,9.0
,,,,2,14,1.0,1410112,
,,,,1,14,,1410112,
506000.0,,,,2,14,8.0,1410112,9.0
790000.0,,,,1,14,12.0,1410112,5.0
,,,,2,14,12.0,1410112,
,,,,2,14,,1410112,
,,,,2,14,17.0,1410112,
,,,,2,14,13.0,1410112,
,,,,2,14,,1410112,
400000.0,,,,2,14,15.0,1410112,3.0
,,,,1,14,11.0,1410112,
-88.0,,,,1,14,6.0,1410112,6.0
,,,,2,14,12.0,1410112,
,,,,1,14,10.0,1410112,
,,,,2,14,12.0,1420111,
500000.0,,,,1,14,12.0,1420111,8.0
,,,,1,14,,1420111,
,,,,1,14,12.0,1420111,8.0
,,,,2,14,12.0,1420111,5.0
,,,,1,14,12.0,1420111,8.0
480000.0,,,193000.0,2,14,8.0,1420111,5.0
,,,,1,14,5.0,1420111,5.0
500000.0,,,,2,14,12.0,1420111,9.0
,,,,1,14,13.0,1420111,
,,,,1,14,8.0,1420111,8.0
,,,,1,14,9.0,1420111,
60000.0,,,,2,14,12.0,1420111,9.0
,,,,1,14,12.0,1420111,
,,,,1,14,,1420111,
,,,,2,14,12.0,1420111,1.0
,,,,1,14,6.0,1420111,5.0
400000.0,,,,2,14,12.0,1420111,5.0
,,,,2,14,,1420111,
,,,,1,14,1.0,1410214,9.0
500000.0,,,,1,14,10.0,1410214,6.0
,,21243.0,,1,14,,1410214,
,,,,2,14,10.0,1410214,
100000.0,,,200000.0,2,14,4.0,1410214,9.0
,,,,2,14,12.0,1410214,1.0
600000.0,,,,1,14,10.0,1410214,8.0
600000.0,,,,2,14,15.0,1410214,3.0
,,,,2,14,13.0,1410214,
,,,,1,14,10.0,1410214,7.0
500000.0,,,,1,14,8.0,1410214,9.0
,,,,2,14,,1410214,
700000.0,,,,1,14,9.0,1410214,6.0
,,,,2,14,12.0,1410214,
,,,,1,14,13.0,1410214,
,,21243.0,,1,14,10.0,1410214,
,,21243.0,,2,14,,1410214,
,,,,2,14,10.0,1420111,
500000.0,,,,1,14,8.0,1420111,8.0
,,21243.0,,2,14,,1420111,
,,,,1,14,14.0,1420111,8.0
400000.0,,,,2,14,12.0,1420111,9.0
,,21243.0,,2,14,,1420111,
,,,,1,14,,1420111,
500000.0,,,,1,14,12.0,1420111,9.0
550000.0,,,,1,14,12.0,1420111,9.0
400000.0,,,,2,14,12.0,1420111,5.0
260000.0,,,,2,14,12.0,1420111,9.0
,,,,2,14,12.0,1420111,
,,21243.0,,2,14,,1420111,
480000.0,,,,1,14,13.0,1420111,8.0
,,,,2,14,0.0,1420111,
,,,,1,14,2.0,1420111,
,,,,2,14,5.0,1420111,9.0
,,,,2,14,9.0,1420424,5.0
,,,,1,14,11.0,1420424,
,,,,2,14,11.0,1420424,
,,,,2,14,,1420424,
,,,420000.0,1,14,0.0,1420424,
,,,420000.0,2,14,0.0,1420424,
300000.0,,,,2,14,15.0,1420424,3.0
500000.0,,,,1,14,12.0,1420424,5.0
,,,,1,14,15.0,1420424,
,,,,1,14,,1420424,
,,,,2,14,13.0,1420424,
,,,,2,14,8.0,1420424,
,,,,1,14,6.0,1420424,
495000.0,,,,2,14,12.0,1420424,9.0
2000000.0,,,,1,14,17.0,1410127,2.0
1000000.0,,,,2,14,15.0,1410127,3.0
,,,,1,14,17.0,1410127,
1100000.0,,,,1,14,12.0,1410127,5.0
800000.0,,,,2,14,17.0,1410127,5.0
,,,,2,14,,1410127,
,,,,1,14,,1410127,
,,,,1,14,12.0,1410127,7.0
,,,,2,14,12.0,1410127,
700000.0,,,,1,14,15.0,1410127,8.0
,,,,2,14,17.0,1410127,
500000.0,,,,1,14,16.0,1410127,4.0
,,21243.0,,1,14,11.0,1410127,
,,21243.0,,2,14,9.0,1410127,
,,,,1,14,,1410127,
500000.0,,,400000.0,1,14,12.0,1410127,5.0
,,,,2,14,12.0,1410127,
,,,,2,14,12.0,1410127,
,,,,2,14,12.0,1410127,
,,,,2,14,15.0,1410127,
700000.0,,,,1,14,12.0,1410127,7.0
,,,,2,14,11.0,1410127,
,,,,2,14,12.0,1410127,
612000.0,,,,2,14,17.0,1410112,2.0
,,,,1,14,17.0,1410112,6.0
,,,,2,14,17.0,1410112,
,,,,1,14,17.0,1410112,9.0
1500000.0,,,,1,14,19.0,1410112,2.0
,,,,1,14,17.0,1410112,5.0
,,,,2,14,17.0,1410112,
,,,,1,14,17.0,1410112,2.0
400000.0,,,,2,14,8.0,1410112,5.0
,,,,2,14,15.0,1410112,
450000.0,,,,1,14,11.0,1410112,5.0
,,,,1,14,9.0,1410112,
1300000.0,,,,2,14,17.0,1410113,2.0
550000.0,,,,1,14,15.0,1410113,3.0
,,,,1,14,,1410113,
1900000.0,,,,2,14,13.0,1410113,2.0
1600000.0,,,,1,14,17.0,1410113,3.0
,,,,1,14,,1410113,
,,,,1,14,,1410113,
1400000.0,,,,2,14,17.0,1410113,2.0
1700000.0,,,,1,14,20.0,1410113,2.0
,,,,2,14,,1410113,
,,,,2,14,,1410113,
970000.0,,,,2,14,17.0,1410113,2.0
,,,104000.0,2,14,3.0,1410113,
-88.0,,,,2,14,12.0,1410113,9.0
,,,,1,14,11.0,1410113,
,,,,1,14,9.0,1410113,
,,,,1,14,,1410113,
-88.0,,,,2,14,19.0,1410113,2.0
,,,214296.0,2,14,8.0,1410113,
,,,,2,14,14.0,1410113,
,,,,1,14,,1410113,
1500000.0,,,,1,14,21.0,1410113,2.0
1500000.0,,,,2,14,19.0,1410113,2.0
,,,,2,14,13.0,1410113,
,,,,2,14,,1410113,
,,,,2,14,17.0,1410113,1.0
1400000.0,,,,2,14,17.0,1410113,2.0
1200000.0,,,,2,14,17.0,1410113,2.0
,,,200000.0,2,14,11.0,1410113,
,,,,1,14,12.0,1410113,
,,,,1,14,,1410113,
2500000.0,,,,1,14,18.0,1410113,3.0
1600000.0,,,,2,14,18.0,1410113,2.0
,,,,1,14,,1410113,
,,,,2,14,,1410113,
,,,214296.0,2,14,2.0,1420324,
,,,,1,14,8.0,1420324,
,,,214296.0,2,14,4.0,1420324,
,,,214296.0,1,14,4.0,1420324,
,,,214000.0,2,14,11.0,1420324,7.0
,,,,1,14,3.0,1420324,7.0
,,,,1,14,12.0,1420324,6.0
500000.0,,,,1,14,10.0,1420324,6.0
,,,,2,14,8.0,1420324,
,,21243.0,,1,14,9.0,1420324,
,,,,1,14,12.0,1420324,9.0
,,,215000.0,1,14,4.0,1420324,7.0
,,,,2,14,10.0,1420324,
500000.0,,,,1,14,8.0,1420324,6.0
,,,,2,14,9.0,1420324,
800000.0,,,,1,14,12.0,1420324,1.0
,,,,2,14,12.0,1420324,5.0
,,,,2,14,,1420324,
,,,,2,14,,1420324,
500000.0,,,,1,14,8.0,1420324,6.0
,,,,2,14,12.0,1420324,
,,21243.0,,1,14,,1420324,
530000.0,,,,1,14,2.0,1420111,9.0
,,,280000.0,2,14,15.0,1420111,
,,,,1,14,21.0,1420111,2.0
500000.0,,,,1,14,16.0,1420111,5.0
,,,,2,14,8.0,1420111,
,,,290413.0,1,14,3.0,1420111,
,,,224000.0,2,14,3.0,1420111,
,,,,2,14,12.0,1420111,
,,,,2,14,14.0,1420111,
500000.0,,,,2,14,12.0,1420111,9.0
,,,,1,14,8.0,1420111,9.0
,,,,2,14,12.0,1420111,4.0
,,,,2,14,13.0,1420111,4.0
,,21243.0,,1,14,,1420111,
290000.0,,,,2,14,15.0,1420111,3.0
,,,,2,14,11.0,1420111,
,,,,2,14,,1420111,
,,,,2,14,8.0,1420111,9.0
,,,214296.0,2,14,4.0,1420324,
108000.0,,,,2,14,3.0,1420324,9.0
,,,,2,14,,1420324,
,,,,2,14,9.0,1420324,
,,,214296.0,1,14,3.0,1420324,
,,,214296.0,2,14,2.0,1420214,
400000.0,,,,1,14,14.0,1420214,7.0
,,,214300.0,1,14,10.0,1420214,
,,,214300.0,2,14,1.0,1420214,
,,,260000.0,1,14,1.0,1420214,
,,,,2,14,9.0,1420214,
,,,,2,14,,1420214,
,,,340000.0,1,14,3.0,1420214,
,,,,2,14,13.0,1420214,
180000.0,,,,2,14,15.0,1420214,9.0
,,,214296.0,2,14,4.0,1420214,
,,,,1,14,12.0,1420214,
,,,,2,14,3.0,1420214,
384000.0,,,,2,14,9.0,1420214,5.0
,,,,2,14,11.0,1420214,
,,,,1,14,,1420214,
440000.0,,,,2,14,6.0,1420214,9.0
300000.0,,,,2,14,14.0,1420214,9.0
,,,,1,14,,1420214,
600000.0,,,,1,14,8.0,1420214,7.0
460000.0,,,,2,14,8.0,1420214,7.0
,,,,2,14,12.0,1420214,
,,,,2,14,12.0,1420214,
1200000.0,,,,2,14,16.0,1420416,2.0
,,,,1,14,,1420416,
,,,,2,14,,1420416,
,,,,1,14,17.0,1420416,3.0
,,,,2,14,16.0,1420416,
,,,,1,14,,1420416,
500000.0,,,,1,14,8.0,1420416,9.0
,,,,2,14,12.0,1420416,
,,,,1,14,12.0,1420416,7.0
,,,,1,14,,1420416,
700000.0,,,,1,14,12.0,1420416,8.0
404000.0,,,,2,14,12.0,1420416,5.0
500000.0,,,,1,14,12.0,1420416,5.0
,,,,1,14,17.0,1420416,
,,,,1,14,8.0,1420416,1.0
,,,,2,14,12.0,1420416,
700000.0,,,,2,14,12.0,1410324,5.0
845000.0,,,,1,14,12.0,1410324,6.0
,,,,1,14,,1410324,
,,,,2,14,,1410324,
,,,,2,14,,1410324,
,,,,1,14,,1410324,
,,,,2,14,12.0,1410324,5.0
700000.0,,,,1,14,12.0,1410324,7.0
,,,,2,14,,1410324,
,,,214296.0,1,14,8.0,1410324,
,,,214296.0,2,14,8.0,1410324,
720000.0,,,,2,14,12.0,1410324,2.0
,,,,2,14,13.0,1410324,
,,,,2,14,6.0,1410324,
850000.0,,,,1,14,17.0,1410324,2.0
,,,,2,14,14.0,1410324,
,,,,1,14,12.0,1410324,
500000.0,,,,1,14,12.0,1410324,6.0
500000.0,,,,2,14,11.0,1410324,5.0
560000.0,,,,1,14,12.0,1410324,8.0
,,,,1,14,,1410324,
,,,,1,14,9.0,1410324,
500000.0,,,,2,14,11.0,1410324,9.0
,,,214296.0,2,14,8.0,1410324,
450000.0,,,,1,14,10.0,1410324,8.0
,,,214296.0,2,14,4.0,1410314,
,,,214296.0,1,14,3.0,1410314,
180000.0,,,,2,14,12.0,1410314,9.0
,,,,2,14,16.0,1410314,
,,21243.0,,2,14,,1410314,
,,,,2,14,7.0,1410314,
500000.0,,,,1,14,3.0,1410314,8.0
,,,,2,14,12.0,1410314,
,,21243.0,,1,14,10.0,1410314,
,,,214296.0,1,14,3.0,1410314,9.0
500000.0,,,,2,14,13.0,1410314,3.0
500000.0,,,,2,14,12.0,1410314,4.0
1200000.0,,,,1,14,17.0,1410314,2.0
1200000.0,,,,2,14,17.0,1410314,2.0
,,,,1,14,,1410314,
,,,,2,14,8.0,1410814,
600000.0,,,,2,14,15.0,1410814,3.0
600000.0,,,,1,14,12.0,1410814,5.0
500000.0,,,,1,14,12.0,1410814,7.0
,,,,1,14,,1410814,
,,,,1,14,,1410814,
400000.0,,,180000.0,1,14,4.0,1410814,9.0
,,,214296.0,1,14,4.0,1410814,
,,,214296.0,2,14,2.0,1410814,
,,,470000.0,2,14,9.0,1410814,
,35000.0,,,2,14,8.0,1410814,
,,,,1,14,,1410814,
450000.0,,,,1,14,12.0,1410814,8.0
,100000.0,,,2,14,15.0,1410814,
450000.0,,,,1,14,12.0,1410814,5.0
-88.0,,,,1,14,17.0,1420126,2.0
1000000.0,,,,2,14,17.0,1420126,2.0
,,,,1,14,,1420126,
,,,,2,14,,1420126,
,,,,2,14,8.0,1420126,
,,,,1,14,8.0,1420126,9.0
,,,,1,14,8.0,1420126,7.0
480000.0,,,,2,14,12.0,1420126,5.0
2000000.0,,,,1,14,19.0,1420126,2.0
2000000.0,,,,2,14,19.0,1420126,2.0
,,,,1,14,10.0,1420126,
,,,,2,14,10.0,1420126,
,,,,2,14,8.0,1420126,9.0
,,,,1,14,13.0,1420126,8.0
,,21243.0,,2,14,,1420126,
1800000.0,,,,1,14,22.0,1420126,2.0
,,,,2,14,21.0,1420126,3.0
,,,,2,14,,1420126,
2500000.0,,,,2,14,17.0,1420126,2.0
,,,,1,14,17.0,1420126,
,,,,2,14,12.0,1420126,
,,,,2,14,,1420126,
,,,500000.0,1,14,12.0,1420126,
,,,214296.0,2,14,10.0,1420126,
500000.0,,,,1,14,8.0,1420126,9.0
170000.0,,,90000.0,2,14,4.0,1420111,9.0
,,,214296.0,2,14,2.0,1420111,
650000.0,,,,2,14,15.0,1420111,5.0
1100000.0,,,,1,14,12.0,1420111,8.0
,,,,2,14,9.0,1420111,
600000.0,,,,1,14,12.0,1420111,8.0
,300000.0,,,2,14,12.0,1420111,
-88.0,,,,2,14,13.0,1420111,5.0
,,,,1,14,,1420111,
,,,214216.0,2,14,1.0,1420111,
,,,,1,14,12.0,1420111,
500000.0,,,,1,14,8.0,1420111,6.0
460000.0,,,,2,14,17.0,1420111,2.0
,,,,1,14,8.0,1420111,7.0
,,,,1,14,14.0,1420111,
,,,,2,14,15.0,1410714,3.0
,,21243.0,,1,14,,1410714,
,,21243.0,,1,14,,1410714,
,,,405000.0,2,14,10.0,1410714,
,,,212000.0,2,14,11.0,1410714,
,,,,1,14,12.0,1410714,8.0
,,,,2,14,10.0,1410714,
,,,,2,14,16.0,1410714,
,,,,1,14,12.0,1410714,
,,,,2,14,12.0,1410714,
,,,208000.0,2,14,4.0,1410714,
50000.0,,,,1,14,12.0,1410714,8.0
,,,176000.0,2,14,15.0,1410714,
,,,,2,14,15.0,1410714,
600000.0,,,,2,14,17.0,1410714,2.0
500000.0,,,,2,14,13.0,1410112,9.0
,,,214296.0,2,14,10.0,1410112,
500000.0,,,,1,14,10.0,1410112,4.0
,,,,1,14,12.0,1410112,7.0
,,,,2,14,12.0,1410112,
,,,,1,14,13.0,1410112,
,,,,1,14,,1410112,
,,,,2,14,12.0,1410112,
800000.0,,,,1,14,12.0,1410112,3.0
,,,214000.0,2,14,5.0,1410112,
500000.0,,,,1,14,12.0,1410112,9.0
,,,,1,14,12.0,1410112,
,,,230000.0,2,14,12.0,1410112,
,,,300000.0,1,14,12.0,1410112,
550000.0,,,,1,14,16.0,1410112,5.0
220000.0,,,,2,14,12.0,1410112,9.0
,,21243.0,,1,14,,1410112,
,,,,2,14,,1410112,
,,21243.0,,1,14,,1410112,
,,,,2,14,,1410112,
,,,,1,14,,1410112,
,,,214296.0,2,14,10.0,1410112,
,,,204000.0,2,14,4.0,1410112,
200000.0,,,,2,14,16.0,1410112,5.0
250000.0,,,,2,14,12.0,1410112,5.0
,,21243.0,,1,14,,1410112,
,,,,1,14,9.0,1410112,7.0
480000.0,,,,1,14,8.0,1410112,7.0
640000.0,,,343282.0,1,14,10.0,1410112,9.0
,,,214296.0,2,14,10.0,1410112,
,,,,1,14,12.0,1410112,
,,,190000.0,2,14,12.0,1410112,
500000.0,,,,1,14,9.0,1410112,9.0
500000.0,,,,2,14,12.0,1410112,5.0
500000.0,,,,2,14,9.0,1410112,9.0
,,,,1,14,,1410112,
,,,214000.0,2,14,6.0,1410112,
500000.0,,,,2,14,13.0,1410112,5.0
,,,514216.0,2,14,17.0,1410112,
2000000.0,,,700000.0,1,14,17.0,1410112,3.0
540000.0,,,,2,14,12.0,1410112,5.0
,,,,2,14,11.0,1410112,
,,,,1,14,,1410112,
,,,,1,14,12.0,1410112,
,,,600000.0,2,14,17.0,1410112,
1300000.0,,,,1,14,12.0,1410112,8.0
2000000.0,,,,2,14,17.0,1410112,2.0
500000.0,,,,2,14,16.0,1410112,5.0
,,,,2,14,,1410112,
,,,,2,14,16.0,1410112,
4300000.0,,,,1,14,6.0,1410112,6.0
,,,,2,14,12.0,1410112,
,,21243.0,,2,14,9.0,1410112,
,,21243.0,,2,14,,1410112,
,,21243.0,,1,14,,1410112,
,,,214296.0,2,14,14.0,1410112,
,,,214296.0,1,14,12.0,1410112,8.0
,,,214296.0,2,14,14.0,1410112,
,,,214296.0,2,14,12.0,1410112,
,,,400000.0,1,14,10.0,1410112,
,,,,2,14,12.0,1420416,
500000.0,,,,1,14,10.0,1420416,5.0
500000.0,,,,2,14,8.0,1420416,9.0
,,,,2,14,,1420416,
,,,,2,14,,1420416,
400000.0,,,,2,14,15.0,1420416,3.0
,,,,1,14,,1420416,
200000.0,,,,2,14,15.0,1420416,3.0
605000.0,,,,1,14,13.0,1420416,8.0
800000.0,,,,2,14,12.0,1420416,2.0
,,,,2,14,10.0,1420416,
200000.0,,,,2,14,12.0,1420416,5.0
,,,,2,14,13.0,1420416,
,,,,1,14,0.0,1420416,
,,21243.0,,1,14,,1420416,
125000.0,,,,2,14,15.0,1420416,3.0
,,,,1,14,13.0,1420416,
,,21243.0,,1,14,10.0,1420416,
400000.0,,,,2,14,12.0,1420416,9.0
550000.0,,,,2,14,12.0,1420416,4.0
359000.0,,21243.0,,2,14,12.0,1420416,4.0
,,,,1,14,11.0,1420416,
,,,,2,14,16.0,1410112,
1500000.0,,,,1,14,17.0,1410112,3.0
,,,,1,14,,1410112,
1200000.0,,,,1,14,17.0,1410112,1.0
1500000.0,,,,2,14,18.0,1410112,1.0
,,,,2,14,,1410112,
1800000.0,,,,2,14,16.0,1410112,1.0
1800000.0,,,,1,14,17.0,1410112,2.0
1880000.0,,,,1,14,16.0,1410112,2.0
1480000.0,,,,2,14,16.0,1410112,2.0
,,,,1,14,,1410112,
1500000.0,,,,1,14,15.0,1410112,5.0
,,,,2,14,17.0,1410112,
,,,,2,14,17.0,1410112,2.0
1500000.0,,,,1,14,16.0,1410112,1.0
,,,,2,14,,1410112,
500000.0,,,,1,14,12.0,1410112,5.0
400000.0,,,,2,14,9.0,1410112,9.0
,,,,2,14,10.0,1410112,
,,,,2,14,12.0,1410112,
750000.0,,,,1,14,12.0,1410112,4.0
,,,,1,14,9.0,1410112,
,,,,2,14,,1410112,
400000.0,,,,1,14,10.0,1410112,7.0
,,,,2,14,9.0,1410112,
400000.0,,,,2,14,15.0,1410112,5.0
,,,,2,14,15.0,1410112,
400000.0,,,,2,14,12.0,1410112,9.0
230000.0,,,,1,14,12.0,1410112,8.0
500000.0,,,,2,14,11.0,1410112,9.0
,,,800000.0,2,14,17.0,1410112,
,,,,1,14,17.0,1410112,
3800000.0,,,,2,14,21.0,1410112,2.0
,,,,2,14,19.0,1410112,
,,,,2,14,,1410112,
,,,,1,14,16.0,1410112,8.0
,,,,2,14,15.0,1410112,
,,,2000000.0,1,14,15.0,1410112,
,,,,1,14,16.0,1410112,
,,,,1,14,16.0,1410112,
1900000.0,,,,2,14,18.0,1410113,2.0
1500000.0,,,,1,14,16.0,1410113,2.0
,,,,2,14,,1410113,
,,,,1,14,,1410113,
,,,,1,14,12.0,1410113,
1600000.0,,,,2,14,19.0,1410113,2.0
1500000.0,,,,1,14,17.0,1410113,2.0
720000.0,,,,2,14,13.0,1410112,4.0
,,,,1,14,,1410112,
,,,,2,14,,1410112,
,,,350000.0,1,14,16.0,1410112,
,,,214296.0,2,14,12.0,1410112,
,,,,1,14,16.0,1410112,
,,,,2,14,11.0,1410112,
,,,214296.0,2,14,0.0,1410112,
,,,214296.0,2,14,13.0,1410112,7.0
-88.0,,,214296.0,1,14,17.0,1410112,2.0
,,,,2,14,12.0,1410112,
1100000.0,,,,2,14,17.0,1410112,3.0
780000.0,,,,1,14,17.0,1410112,7.0
,,,,2,14,,1410112,
436000.0,,,,2,14,14.0,1410112,3.0
,,,,1,14,14.0,1410112,
,,,,2,14,12.0,1410112,
,,,,1,14,,1410112,
,,,,1,14,,1410112,
,,,260000.0,2,14,10.0,1410112,
,,,1200000.0,1,14,17.0,1410112,
,,,400000.0,2,14,17.0,1410112,
,,,,1,14,15.0,1410112,3.0
,,,,2,14,15.0,1410112,
,,,,1,14,12.0,1410112,
,,,,2,14,17.0,1410112,2.0
1200000.0,,,,1,14,17.0,1410112,1.0
,,,,1,14,16.0,1410112,
,,,,1,14,,1410112,
2385000.0,,,,1,14,22.0,1410112,2.0
,,,,2,14,24.0,1410112,2.0
,,,,2,14,,1410112,
,,,,2,14,,1410112,
550000.0,,,,1,14,13.0,1410112,9.0
,,,,2,14,14.0,1410112,
,,,,2,14,,1410112,
,,,,1,14,4.0,1410112,7.0
,,,214296.0,2,14,4.0,1410112,
,,,,2,14,12.0,1410112,
600000.0,,,,1,14,12.0,1410112,8.0
120000.0,,,,1,14,11.0,1410112,9.0
400000.0,,,,2,14,14.0,1410112,9.0
,600000.0,,,1,14,,1410112,
,,,,1,14,13.0,1410112,
,,,,1,14,16.0,1410112,3.0
620000.0,,,,2,14,16.0,1410112,2.0
,,,,2,14,,1410112,
,,,300000.0,1,14,6.0,1410112,
,,,214296.0,2,14,10.0,1410112,
620000.0,,,,1,14,8.0,1410112,8.0
,,,,2,14,12.0,1410112,
,,21243.0,,1,14,,1410112,
,,21243.0,,1,14,,1410112,
,,21243.0,,1,14,,1410112,
,,,,2,14,12.0,1410112,
,,,,1,14,,1410112,
,,,,1,14,,1410112,
,,,,1,14,,1410112,
850000.0,,,,2,14,16.0,1410112,2.0
650000.0,,,,1,14,15.0,1410112,4.0
500000.0,,,,2,14,12.0,1410112,5.0
,,,,1,14,12.0,1410112,
500000.0,,,,1,14,12.0,1410112,5.0
,,,,1,14,10.0,1410112,
,,,340000.0,1,14,12.0,1410112,
,,,,2,14,12.0,1410112,
800000.0,,,,1,14,12.0,1410112,6.0
,,,,2,14,10.0,1410112,
,,21243.0,,1,14,,1410112,
,,21243.0,,1,14,,1410112,
,,21243.0,,1,14,,1410112,
800000.0,,,,1,14,12.0,1410112,6.0
,,,,2,14,8.0,1410112,
,,,,2,14,12.0,1410112,
500000.0,,,,1,14,12.0,1410112,9.0
,,21243.0,,1,14,,1410112,
,,21243.0,,1,14,,1410112,
410000.0,,,,2,14,12.0,1410112,8.0
,,,,2,14,,1410112,
1850000.0,,,,2,14,19.0,1410113,2.0
1800000.0,,,,1,14,17.0,1410113,2.0
2400000.0,,,,2,14,17.0,1410113,2.0
500000.0,,,550000.0,2,14,13.0,1410113,4.0
400000.0,,,214296.0,1,14,15.0,1410113,8.0
400000.0,,,,2,14,12.0,1410113,9.0
-88.0,,,,2,14,12.0,1410113,3.0
,,,,2,14,12.0,1410113,
1000000.0,,,,1,14,16.0,1410121,2.0
,,,,2,14,17.0,1410121,2.0
,,,,2,14,,1410121,
1200000.0,,,,1,14,13.0,1410121,8.0
,,,,1,14,14.0,1410121,2.0
,,,,2,14,16.0,1410121,2.0
,,,,2,14,,1410121,
500000.0,,,250000.0,1,14,12.0,1410121,8.0
,,,,2,14,15.0,1410121,
,,,,1,14,14.0,1410121,
200000.0,,,,2,14,10.0,1410121,9.0
,,,230000.0,1,14,6.0,1410121,6.0
,,,,1,14,13.0,1410121,
,,,,1,14,11.0,1410121,
,,,,1,14,2.0,1410121,7.0
,,,,2,14,12.0,1410121,
600000.0,,,,1,14,12.0,1410121,9.0
,,,,1,14,,1410121,
,,,,2,14,,1410121,
,,,,1,14,,1410121,
,,,,1,14,14.0,1410112,1.0
511000.0,,,,1,14,14.0,1410112,4.0
,,,160000.0,1,14,10.0,1410112,8.0
,,,,1,14,0.0,1410112,
100000.0,,,120000.0,2,14,8.0,1410112,9.0
,,,230000.0,1,14,12.0,1410112,
,,,241296.0,2,14,0.0,1410112,
,556000.0,,214296.0,1,14,0.0,1410112,
1400000.0,,,,1,14,18.0,1410112,2.0
2000000.0,,,600000.0,1,14,17.0,1410112,3.0
,,,300000.0,2,14,17.0,1410112,
700000.0,,,,1,14,13.0,1410112,6.0
,,,,1,14,18.0,1410112,2.0
,,,,2,14,16.0,1410112,
,,,,1,14,16.0,1410112,
,,,,2,14,13.0,1410112,
,,,214296.0,2,14,5.0,1410112,
700000.0,,,,1,14,12.0,1410112,9.0
500000.0,,,,2,14,12.0,1410112,9.0
,,,,1,14,12.0,1410112,7.0
,,,,2,14,12.0,1410112,
,,,,2,14,12.0,1410112,
,,,,1,14,14.0,1410112,
,,,,1,14,16.0,1410112,
,,,,1,14,15.0,1410112,
230000.0,,,,2,14,12.0,1410113,5.0
,,,,2,14,,1410113,
,,,,1,14,10.0,1410113,
1400000.0,,,,1,14,15.0,1410113,2.0
1200000.0,,,,2,14,17.0,1410113,2.0
,,,,1,14,,1410113,
800000.0,,,,2,14,12.0,1410113,3.0
,,,,1,14,13.0,1410113,
,,,,2,14,15.0,1410113,5.0
,,,,1,14,12.0,1410113,6.0
1400000.0,,,,2,14,17.0,1410113,2.0
1300000.0,,,,1,14,20.0,1410113,2.0
,,,,2,14,,1410113,
900000.0,,,,1,14,15.0,1410113,5.0
900000.0,,,,2,14,17.0,1410113,2.0
2400000.0,,,,2,14,17.0,1410113,3.0
1800000.0,,,,2,14,17.0,1410113,2.0
,,,,2,14,17.0,1410113,
,,,,1,14,12.0,1410112,7.0
,,,,2,14,12.0,1410112,
,,,,1,14,13.0,1410112,
,,,,2,14,,1410112,
,,,,2,14,,1410112,
,,,214296.0,2,14,12.0,1410112,
,,,,2,14,12.0,1410112,
,,,,1,14,15.0,1410112,7.0
400000.0,,,,1,14,12.0,1410112,3.0
,,,,2,14,12.0,1410112,
,,,,1,14,11.0,1410112,
,,,,1,14,,1410112,
,,,,2,14,7.0,1410112,7.0
,,,,1,14,12.0,1410112,
,,,,2,14,,1410112,
,,,,2,14,,1410112,
500000.0,,,,2,14,14.0,1410112,3.0
600000.0,,,400000.0,1,14,12.0,1410112,8.0
800000.0,,,,2,14,17.0,1410112,2.0
,,,104470.0,2,14,12.0,1410112,5.0
,,,,1,14,14.0,1410112,
1500000.0,,,,2,14,17.0,1410112,2.0
1700000.0,,,,1,14,17.0,1410112,4.0
,,,,2,14,,1410112,
,,,,2,14,12.0,1410511,
480000.0,,,,1,14,12.0,1410511,9.0
,,,,2,14,10.0,1410511,
,,,230000.0,2,14,8.0,1410511,
,,,,1,14,12.0,1410511,
,,,214296.0,2,14,8.0,1410511,
1000000.0,,,300000.0,1,14,6.0,1410511,8.0
,,,,2,14,5.0,1410511,7.0
500000.0,,,,1,14,12.0,1410511,9.0
,,,220000.0,2,14,6.0,1410511,
,,,,2,14,12.0,1410511,
,,,,2,14,17.0,1410511,
505000.0,,,,1,14,14.0,1410511,3.0
800000.0,,,,2,14,17.0,1410112,3.0
,,,214296.0,2,14,3.0,1410112,
,,,,2,14,,1410112,
500000.0,,,,2,14,15.0,1410112,3.0
650000.0,,,,1,14,12.0,1410112,8.0
,,,,2,14,9.0,1410112,
,,,,1,14,,1410112,
,,,,1,14,16.0,1410112,
1200000.0,,,,1,14,16.0,1410112,3.0
500000.0,,,,1,14,16.0,1410112,2.0
,,,,1,14,16.0,1410112,
900000.0,,,,2,14,17.0,1410112,2.0
,,,500000.0,2,14,8.0,1410112,
120000.0,,,,2,14,18.0,1410112,5.0
640000.0,,,,1,14,12.0,1410112,7.0
,,,500000.0,2,14,12.0,1410112,
,,,500000.0,1,14,16.0,1410112,
,,,,1,14,12.0,1410112,7.0
,,,,1,14,12.0,1410112,
,20000.0,,214296.0,2,14,13.0,1410112,
,520000.0,,,1,14,14.0,1410112,
500000.0,,,,2,14,16.0,1410112,3.0
,,,,2,14,,1410112,
,,,,1,14,,1410112,
,,,,2,14,22.0,1410112,2.0
,,,,2,14,6.0,1410112,
500000.0,,,,2,14,12.0,1410112,9.0
380000.0,,,,1,14,12.0,1410112,8.0
550000.0,,,104000.0,2,14,9.0,1410112,5.0
,,,,2,14,16.0,1410112,
,,,,1,14,13.0,1410112,
,,,,1,14,,1410112,
1800000.0,,,,2,14,17.0,1410112,2.0
,,,,1,14,10.0,1410112,
,,,,1,14,,1410112,
,,,,2,14,3.0,1410112,
,,,,1,14,12.0,1410112,
,,,,1,14,14.0,1410112,
542000.0,,,,2,14,12.0,1410112,9.0
,,,,1,14,2.0,1410112,9.0
,,,,1,14,15.0,1410112,
,,,,1,14,14.0,1410112,
,,,,1,14,,1410112,
,,,,2,14,,1410112,
,,,,2,14,10.0,1410112,
500000.0,,,,1,14,7.0,1410112,7.0
,,,,2,14,10.0,1410112,
,,,,2,14,,1410112,
,,,,2,14,,1410112,
220000.0,,,,2,14,7.0,1410112,9.0
,,,,1,14,7.0,1410112,7.0
1600000.0,,,,2,14,17.0,1410112,2.0
,,,,2,14,17.0,1410112,2.0
600000.0,,,,1,14,15.0,1410112,4.0
,,,,2,14,17.0,1410112,
,,,360000.0,2,14,4.0,1410112,
1200000.0,,,,2,14,17.0,1410112,2.0
,,,,1,14,,1410112,
,,,,2,14,,1410112,
,,,,2,14,16.0,1410112,2.0
1700000.0,,,,1,14,17.0,1410112,2.0
,,,,1,14,11.0,1410112,
,,,,1,14,,1410112,
690000.0,,,,1,14,15.0,1410112,3.0
900000.0,,,,2,14,17.0,1410112,3.0
,,,,2,14,,1410112,
,,,,2,14,14.0,1410112,
,,,,2,14,,1410112,
500000.0,,,,1,14,12.0,1410112,5.0
700000.0,,,,1,14,12.0,1410112,3.0
,,,,2,14,12.0,1410112,
,,,,2,14,14.0,1410112,
700000.0,,,,2,14,15.0,1410112,3.0
,,,,2,14,10.0,1410112,
,,,,2,14,,1410112,
300000.0,,,,2,14,12.0,1410112,9.0
,,,,2,14,12.0,1410112,
,,,,1,14,12.0,1410112,
500000.0,,,,2,14,12.0,1410112,5.0
,,,,1,14,,1410112,
,,,,1,14,17.0,1410112,9.0
750000.0,,,,1,14,17.0,1410112,3.0
1000000.0,,,,2,14,12.0,1410112,5.0
,,,,1,14,12.0,1410112,8.0
,,,,2,14,10.0,1410112,
,,,,2,14,,1410112,
,,,,1,14,,1410112,
264000.0,,,,2,14,10.0,1410112,9.0
500000.0,,,,2,14,15.0,1410112,5.0
,,,,2,14,12.0,1410112,5.0
,,,,2,14,,1410112,
,,,,2,14,,1410112,
,,,,2,14,,1410112,
220000.0,,,,2,14,7.0,1410112,9.0
540000.0,,,,2,14,12.0,1410112,9.0
,,21243.0,,2,14,,1410112,
,,,,1,14,12.0,1410112,7.0
250000.0,,,,2,14,12.0,1410112,9.0
,,,380000.0,2,14,3.0,1410112,
,,,250000.0,1,14,0.0,1410112,
600000.0,,,,1,14,12.0,1410112,7.0
250000.0,,,,2,14,12.0,1410112,9.0
-88.0,,,,2,14,17.0,1410112,2.0
,,,,2,14,5.0,1410112,
,,,214296.0,1,14,0.0,1410112,
,,,214296.0,1,14,0.0,1410112,
,,,,1,14,12.0,1410112,5.0
,,,,1,14,12.0,1410112,6.0
900000.0,,,,2,14,13.0,1410112,3.0
,860000.0,,,2,14,15.0,1410112,
,,,,1,14,,1410112,
,,,,1,14,15.0,1410112,3.0
,,,,1,14,,1410112,
,,,,1,14,12.0,1410112,
600000.0,,,,1,14,12.0,1410112,8.0
,,,,1,14,15.0,1410112,7.0
,,,,2,14,12.0,1410112,
700000.0,,,,2,14,17.0,1410112,2.0
,,,,1,14,14.0,1410112,7.0
,,,,1,14,12.0,1410112,5.0
,,,,1,14,21.0,1410112,2.0
2000000.0,,,,2,14,16.0,1410112,2.0
,,,,1,14,,1410112,
,,,,2,14,,1410112,
920000.0,,,80000.0,2,14,14.0,1410112,3.0
511000.0,,,,1,14,16.0,1410112,5.0
,,,,2,14,16.0,1410112,
360000.0,,,,2,14,13.0,1410112,9.0
1482000.0,,,,2,14,17.0,1410112,2.0
2400000.0,,,,1,14,18.0,1410112,2.0
,,,,1,14,,1410112,
,,,,2,14,,1410112,
1300000.0,,,,1,14,18.0,1410112,2.0
,,,,2,14,18.0,1410112,
,,,,2,14,,1410112,
1200000.0,,,,2,14,13.0,1410112,3.0
,,,,1,14,15.0,1410112,
,,21243.0,,1,14,,1410112,
,,21243.0,,2,14,,1410112,
1000000.0,,,,1,14,15.0,1410112,5.0
1000000.0,,,,2,14,15.0,1410112,5.0
,,,,1,14,,1410112,
,,,,2,14,,1410112,
1000000.0,,,,1,14,17.0,1410112,2.0
,,,,2,14,15.0,1410112,
,,,,1,14,,1410112,
600000.0,,,,1,14,12.0,1410112,3.0
,,,,2,14,17.0,1410112,
,,,,2,14,,1410112,
,,,,2,14,,1410112,
,,,,2,14,12.0,1410112,5.0
700000.0,,,,2,14,17.0,1410112,2.0
,,,,1,14,,1410112,
500000.0,,,,1,14,12.0,1410112,7.0
,,,,1,14,16.0,1410112,
2500000.0,,,,1,14,16.0,1410112,3.0
285000.0,,,153000.0,2,14,13.0,1410112,4.0
750000.0,,,,1,14,12.0,1410112,7.0
500000.0,,,,2,14,12.0,1410112,5.0
,,,,2,14,12.0,1410112,
,,,261000.0,1,14,3.0,1410112,
,,21243.0,,1,14,10.0,1410112,
,,21243.0,,1,14,10.0,1410112,
,,21243.0,,2,14,,1410112,
,,21243.0,,1,14,,1410112,
,,21243.0,,2,14,11.0,1410112,
,,,347000.0,2,14,,1410112,
,,,,2,14,14.0,1410112,
1000000.0,,,,1,14,13.0,1410112,7.0
450000.0,,,,2,14,12.0,1410112,9.0
,,,,2,14,13.0,1410112,
,,,,1,14,11.0,1410112,
1000000.0,,,,2,14,17.0,1410112,2.0
750000.0,,,,1,14,17.0,1410112,2.0
670000.0,,,,1,14,5.0,1410112,7.0
400000.0,,,,2,14,8.0,1410112,9.0
,,,,1,14,11.0,1410112,
,,,,1,14,3.0,1410314,9.0
40000.0,,,,2,14,,1410314,5.0
950000.0,,,,2,14,17.0,1410314,2.0
1300000.0,,,,1,14,12.0,1410314,8.0
,,,,1,14,15.0,1410314,
,,,,1,14,,1410314,
,,,,1,14,,1410314,
150000.0,,,,2,14,8.0,1410314,9.0
500000.0,,,,1,14,12.0,1410314,7.0
,,,,2,14,,1410314,
400000.0,,,,2,14,12.0,1410314,9.0
,,,,2,14,15.0,1410314,
,,,,1,14,12.0,1410314,
,,,,2,14,9.0,1410511,5.0
750000.0,,,,1,14,12.0,1410511,8.0
,80000.0,,,2,14,12.0,1410511,
,,21243.0,,1,14,,1410511,
,,21243.0,,2,14,,1410511,
,,,,2,14,15.0,1410511,
,80000.0,,,2,14,10.0,1410511,
500000.0,,,,1,14,12.0,1410511,9.0
,,,,1,14,,1410511,
350000.0,,,,2,14,15.0,1410511,3.0
,,,,1,14,12.0,1410511,
,,,,1,14,,1410511,
,,,,2,14,11.0,1410511,
1000000.0,,,,2,14,16.0,1410511,2.0
300000.0,,,,2,14,12.0,1410511,5.0
700000.0,,,,1,14,12.0,1410511,9.0
,,,,2,14,,1410511,
,,,,2,14,,1410511,
600000.0,,,,1,14,9.0,1410511,9.0
200000.0,,,,2,14,12.0,1410511,5.0
600000.0,,,,1,14,12.0,1410511,8.0
,,,,2,14,11.0,1410511,
,,,,2,14,14.0,1410511,
,,,214296.0,2,14,5.0,1410511,
,,,,2,14,9.0,1410614,
500000.0,,,,1,14,11.0,1410614,8.0
,,,,2,14,10.0,1410614,
,,21243.0,,1,14,9.0,1410614,
,,21243.0,,2,14,,1410614,
,,21243.0,,1,14,,1410614,
,,,,2,14,6.0,1410614,
400000.0,,,,2,14,12.0,1410614,9.0
200000.0,,,,2,14,12.0,1410614,9.0
,,,,2,14,,1410614,
600000.0,,,,2,14,12.0,1410614,5.0
,,,,1,14,,1410614,
,,,,2,14,,1410614,
,,,,2,14,10.0,1410614,
,,,212000.0,1,14,0.0,1410614,
,,,,2,14,10.0,1410614,
180000.0,,,,1,14,9.0,1410614,6.0
,,,,2,14,9.0,1410614,
,,,,2,14,,1410614,
,,,,1,14,8.0,1410614,7.0
600000.0,,,,1,14,12.0,1410614,5.0
180000.0,,,,2,14,9.0,1410614,5.0
,,21243.0,,1,14,,1410614,
,,21243.0,,1,14,,1410614,
,,,,2,14,12.0,1410614,
,,,,1,14,15.0,1410614,
,,,,1,14,5.0,1410614,7.0
,,,,2,14,8.0,1410614,
,,,,1,14,7.0,1410614,7.0
,,,,2,14,3.0,1410614,
500000.0,,,,2,14,16.0,1410614,5.0
,,,,2,14,8.0,1410614,5.0
600000.0,,,,1,14,12.0,1410614,5.0
,,,,2,14,6.0,1410614,
,,,,2,14,,1410614,
,,,,1,14,,1410614,
,,,215000.0,2,14,12.0,1410614,
,,,,1,14,12.0,1410614,7.0
300000.0,,,,2,14,4.0,1410614,5.0
500000.0,,,350000.0,1,14,5.0,1410614,6.0
260000.0,,,,2,14,12.0,1410614,5.0
,,,,1,14,14.0,1410614,
,,,,1,14,10.0,1410614,
,,,214296.0,2,14,1.0,1410614,
,,,,2,14,6.0,1410614,
,,,480000.0,1,14,8.0,1410614,
,,,214296.0,2,14,12.0,1410614,
400000.0,,,,2,14,12.0,1410614,3.0
400000.0,,,,2,14,12.0,1410614,9.0
,,,,2,14,,1410614,
,,,,1,14,,1410614,
,,,,2,14,,1410614,
,,,,1,14,8.0,1410614,9.0
,,,,2,14,12.0,1410614,
,,,,1,14,13.0,1410614,
,,,,2,14,7.0,1410614,
,,,,1,14,7.0,1410614,
500000.0,,,,1,14,11.0,1410614,8.0
,,,,2,14,3.0,1410614,5.0
,,,280000.0,1,14,9.0,1410614,8.0
300000.0,,,,2,14,12.0,1410614,5.0
550000.0,,,,1,14,12.0,1410614,8.0
,,,,2,14,9.0,1410614,
,,,,2,14,,1410614,
,,,,2,14,6.0,1410614,5.0
,,,,1,14,12.0,1410614,
,,,,2,14,,1410614,
,,,,2,14,,1410614,
500000.0,,,,2,14,8.0,1410614,9.0
,,,,1,14,11.0,1410614,
,,,,2,14,10.0,1410614,
,,,400000.0,1,14,6.0,1410714,
,,,,2,14,6.0,1410714,
,,,180000.0,1,14,8.0,1410714,
180000.0,,,,2,14,10.0,1410714,9.0
,,,,1,14,6.0,1410714,
513000.0,,,,2,14,15.0,1410714,3.0
500000.0,,,,1,14,12.0,1410714,8.0
,,,,2,14,11.0,1410714,
,,,,2,14,,1410714,
,,,,2,14,1.0,1410714,
,,,,2,14,5.0,1410714,
,,,,1,14,1.0,1410714,
,,,214296.0,2,14,6.0,1410714,
,,,258486.0,1,14,2.0,1410714,
,,,214296.0,2,14,6.0,1410714,
,,,1100000.0,1,14,15.0,1410714,
,,,,2,14,17.0,1410714,
,,,,2,14,,1410714,
,,,,1,14,,1410714,
,,,800000.0,1,14,12.0,1410714,
,,,220000.0,2,14,12.0,1410714,
500000.0,,,,2,14,7.0,1410714,5.0
400000.0,,,,1,14,8.0,1410714,8.0
300000.0,,,,2,14,8.0,1410714,9.0
,,,200000.0,2,14,8.0,1410714,
,,,,1,14,15.0,1410714,
300000.0,,,,2,14,12.0,1410714,9.0
,,,408000.0,1,14,10.0,1410714,
,,,214000.0,2,14,6.0,1410714,
,,,214296.0,2,14,9.0,1410714,
,,,650000.0,1,14,9.0,1410714,
,,,214296.0,2,14,3.0,1410714,
,,,,2,14,11.0,1410714,
480000.0,,,,1,14,12.0,1410714,9.0
,,,,1,14,16.0,1410714,
130000.0,,,,1,14,15.0,1410714,8.0
,,,,2,14,,1410714,
,,,600000.0,1,14,16.0,1410714,
700000.0,,,,2,14,12.0,1410714,5.0
1250000.0,,,,1,14,16.0,1410714,2.0
162000.0,,,,2,14,12.0,1410714,5.0
,,,,1,14,12.0,1410714,3.0
,,,,2,14,,1410714,
,,,,1,14,,1410714,
,,,104920.0,2,14,12.0,1410714,5.0
900000.0,,,,1,14,16.0,1410714,2.0
,,,,1,14,12.0,1410714,
440000.0,,,,2,14,17.0,1410714,3.0
500000.0,,,,1,14,12.0,1410714,5.0
,,,,2,14,11.0,1410714,
,,,,1,14,0.0,1410714,
,,,500000.0,2,14,12.0,1410714,
,,,,1,14,13.0,1410714,
,,,214296.0,2,14,6.0,1410714,
,,,,2,14,12.0,1410714,
,,,214000.0,1,14,12.0,1410714,
,,,214000.0,1,14,6.0,1410714,
250000.0,,,,2,14,10.0,1410714,9.0
279000.0,,,,2,14,13.0,1410714,9.0
60000.0,,,,2,14,12.0,1410714,5.0
700000.0,,,103000.0,2,14,5.0,1410714,9.0
500000.0,,,,1,14,10.0,1410714,9.0
,,,175000.0,2,14,10.0,1410714,5.0
,,,,2,14,12.0,1410714,
,,,,1,14,12.0,1410714,7.0
,,,,1,14,12.0,1410714,7.0
,,,,2,14,,1410714,
,,,214296.0,2,14,8.0,1410714,
,,,214296.0,1,14,0.0,1410714,
405000.0,,,,1,14,9.0,1410714,5.0
,,,214000.0,2,14,8.0,1410714,
1900000.0,,,,1,14,18.0,1410714,2.0
400000.0,,,,2,14,15.0,1410714,5.0
,,,196000.0,1,14,8.0,1410714,
,,,,2,14,10.0,1410714,
,,,,2,14,0.0,1410714,
,,,,1,14,12.0,1410714,
,,,,1,14,12.0,1410714,7.0
,,,,2,14,12.0,1410714,
,,,,2,14,16.0,1410714,
,,,,1,14,12.0,1410714,
,500000.0,,,1,14,16.0,1410714,
700000.0,,,,1,14,5.0,1410714,3.0
,,,210000.0,1,14,12.0,1410714,
,,,214000.0,2,14,12.0,1410714,
,,,,1,14,17.0,1410714,2.0
,,,400000.0,2,14,12.0,1410714,
,,,,2,14,12.0,1410714,2.0
,,,385000.0,1,14,12.0,1410714,
,,,300000.0,2,14,0.0,1410714,
,,,,1,14,12.0,1410714,7.0
,,,320000.0,2,14,0.0,1410714,
160000.0,,,,2,14,12.0,1410714,9.0
,300000.0,,,1,14,12.0,1410714,
,,,,1,14,12.0,1410714,
,,,,2,14,12.0,1410714,
700000.0,,,,1,14,12.0,1410714,9.0
,,,,1,14,9.0,1410714,
,,,,2,14,,1410714,
,,,,1,14,,1410714,
,,,,1,14,12.0,1410714,8.0
,,,,2,14,12.0,1410714,
,,,,2,14,,1410714,
,,,,2,14,12.0,1410814,
600000.0,,,,1,14,12.0,1410814,8.0
,,,,2,14,6.0,1410814,
,,,,1,14,9.0,1410814,
,,,,1,14,,1410814,
,,,,1,14,,1410814,
,,,,1,14,12.0,1410814,5.0
,,,,2,14,15.0,1410814,5.0
,,,,2,14,17.0,1410814,
,,,,1,14,8.0,1410814,
300000.0,,,,2,14,12.0,1410814,9.0
262500.0,,,,1,14,12.0,1410814,6.0
,,,,2,14,6.0,1410814,
450000.0,,,,2,14,15.0,1410814,2.0
,,,280000.0,1,14,6.0,1410814,
,,,280000.0,2,14,7.0,1410814,
,,,,1,14,16.0,1410814,7.0
,,,,2,14,14.0,1420117,
480000.0,,,,2,14,15.0,1420117,3.0
,,,,1,14,17.0,1420117,2.0
600000.0,,,,1,14,12.0,1420117,8.0
,,,464500.0,2,14,17.0,1420117,
1200000.0,,,,1,14,17.0,1420117,2.0
,,,,2,14,15.0,1420117,
,,,,2,14,,1420117,
700000.0,,,,2,14,12.0,1420117,3.0
600000.0,,,,1,14,12.0,1420117,9.0
,,,,1,14,,1420117,
,,,,1,14,,1420117,
480000.0,,,,2,14,15.0,1420117,6.0
480000.0,,,,1,14,12.0,1420117,3.0
,,,,2,14,,1420117,
,,,,1,14,,1420117,
,,,,2,14,9.0,1420117,
,,,250000.0,1,14,10.0,1420117,
518000.0,,,,2,14,15.0,1420214,3.0
,,,,1,14,12.0,1420214,8.0
42000.0,,,,1,14,12.0,1420214,0.0
,,,,2,14,12.0,1420214,
,,,,2,14,17.0,1420214,
,,21243.0,,1,14,,1420214,
,,21243.0,,2,14,,1420214,
,,,,2,14,8.0,1420214,
600000.0,,,,1,14,11.0,1420214,8.0
500000.0,,,,1,14,12.0,1420214,7.0
,,21243.0,,2,14,,1420214,
,,21243.0,,1,14,,1420214,
,,,,1,14,14.0,1420214,
500000.0,,,,1,14,10.0,1420214,7.0
,,,,2,14,8.0,1420214,
,,,,2,14,5.0,1420214,
,,,214000.0,1,14,8.0,1420214,
400000.0,,,,1,14,8.0,1420214,9.0
500000.0,,,,1,14,5.0,1420214,7.0
404000.0,,,,2,14,15.0,1420214,3.0
400000.0,,,,1,14,12.0,1420214,8.0
,,,,2,14,11.0,1420224,5.0
405000.0,,,,1,14,12.0,1420224,7.0
,,,,2,14,10.0,1420224,
404000.0,,,,2,14,12.0,1420224,7.0
,,,,2,14,12.0,1420224,
0.0,,,,1,14,12.0,1420224,6.0
,,21243.0,,2,14,,1420224,
,,21243.0,,1,14,,1420224,
,,,,2,14,15.0,1420224,
,,,,2,14,3.0,1420224,
,,,,1,14,12.0,1420224,7.0
,,,,2,14,10.0,1420224,7.0
400000.0,,,,1,14,17.0,1420224,7.0
,,,245000.0,2,14,6.0,1420224,
,,,195000.0,1,14,5.0,1420224,
,,,,1,14,16.0,1420416,8.0
,,,,2,14,15.0,1420416,
,,,,1,14,,1420416,
,,,,2,14,,1420416,
1000000.0,,,,2,14,17.0,1420416,2.0
,,,,2,14,,1420416,
520000.0,,,,1,14,12.0,1420416,9.0
520000.0,,,,2,14,12.0,1420416,9.0
,,,,2,14,,1420416,
960000.0,,,,2,14,17.0,1420416,2.0
900000.0,,,,1,14,17.0,1420416,2.0
,,,,2,14,15.0,1420416,
,,,,1,14,11.0,1420416,
,,,,2,14,10.0,1420416,
,,,,1,14,12.0,1420416,8.0
,,,,1,14,9.0,1420416,8.0
550000.0,,,,1,14,12.0,1420416,7.0
,,,,2,14,15.0,1420416,
2400000.0,,,,1,14,19.0,1420416,2.0
1500000.0,,,,1,14,15.0,1420416,3.0
580000.0,,,,2,14,15.0,1420416,3.0
100000.0,,,,1,14,10.0,1420416,9.0
,,,,2,14,8.0,1420416,
,,,,2,14,12.0,1420416,
,,,,1,14,,1420416,
,,,,2,14,,1420416,
700000.0,,,,2,14,12.0,1420416,3.0
900000.0,,,,1,14,12.0,1420416,3.0
740000.0,,,214300.0,2,14,12.0,1420416,5.0
200000.0,,,,1,14,10.0,1420416,8.0
440000.0,,,,2,14,12.0,1420416,3.0
,,,,1,14,16.0,1420416,
450000.0,,,,1,14,15.0,1420416,3.0
