y1,y11,y20amonto,y26_2c,y26_1amonto,sexo,region,esc,estrato,oficio1_88,oficio1,y29_2b
400000.0,,,,,2,14,15.0,141011,3.0,3431.0,0.0
330000.0,,,,,2,14,15.0,141011,9.0,9333.0,0.0
,0.0,,,,2,14,2.0,141011,,,0.0
,0.0,,,,2,14,12.0,141011,,,0.0
,,11091.0,,,1,14,,141011,,,0.0
,,11091.0,,,2,14,,141011,,,0.0
96000.0,,,,,2,14,16.0,141011,5.0,5220.0,0.0
70000.0,,,,,2,14,15.0,141011,5.0,5220.0,0.0
,,,,,2,14,,141011,,,0.0
,0.0,,,,1,14,11.0,141011,,,0.0
250000.0,,,,,2,14,12.0,141011,4.0,4211.0,0.0
,,,,,1,14,8.0,141011,7.0,7122.0,0.0
,,,,,1,14,,141011,,,0.0
,,,,,1,14,,141011,,,0.0
280000.0,,,,,1,14,13.0,141011,8.0,8141.0,0.0
280000.0,,,,,1,14,11.0,141011,7.0,7129.0,0.0
300000.0,,,,,1,14,12.0,141011,5.0,5122.0,0.0
150000.0,,,,,2,14,12.0,141011,9.0,9131.0,0.0
270000.0,,,,,2,14,15.0,141011,4.0,4222.0,0.0
,0.0,,,,1,14,12.0,141011,,,0.0
,0.0,,,,1,14,12.0,141011,,,0.0
,,,,,2,14,,141011,,,0.0
,,,,,2,14,12.0,141011,7.0,7214.0,0.0
,0.0,11091.0,,,2,14,11.0,141011,,,0.0
,,11091.0,,,2,14,,141011,,,0.0
,,11091.0,,,2,14,,141011,,,0.0
140000.0,,,,,2,14,16.0,141011,4.0,4211.0,0.0
,0.0,,,,1,14,12.0,141011,,,0.0
500000.0,,,120000.0,,2,14,12.0,141011,4.0,4115.0,120000.0
1200000.0,,,,,1,14,17.0,141011,2.0,2142.0,0.0
99.0,,,,,2,14,17.0,141011,2.0,2445.0,0.0
,0.0,,,,1,14,17.0,141011,,,0.0
,0.0,,,,1,14,16.0,141011,,,0.0
99.0,,,,,2,14,17.0,141011,2.0,2223.0,0.0
,,,,,2,14,15.0,141011,9.0,9113.0,0.0
,,,,,1,14,,141011,,,0.0
,,,,,1,14,,141011,,,0.0
,,,105000.0,,1,14,12.0,141011,1.0,1318.0,105000.0
,0.0,,,,2,14,15.0,141011,,,0.0
300000.0,,,,,2,14,12.0,141011,3.0,3439.0,0.0
,,,,,1,14,14.0,141011,3.0,3112.0,0.0
310000.0,,,,,2,14,,141011,5.0,5122.0,0.0
,0.0,11091.0,,,1,14,10.0,141011,,,0.0
,,11091.0,,,2,14,,141011,,,0.0
,,11091.0,,,1,14,,141011,,,0.0
,,11091.0,,,1,14,,141011,,,0.0
,,11091.0,,,2,14,,141011,,,0.0
,0.0,,,,2,14,,141011,,,0.0
0.0,,,,,1,14,13.0,141011,9.0,9211.0,0.0
0.0,,11091.0,,,1,14,11.0,141011,9.0,9211.0,0.0
,,11091.0,,,1,14,,141011,,,0.0
,,11091.0,,,2,14,,141011,,,0.0
,,,,,1,14,19.0,141011,2.0,2142.0,0.0
1700000.0,,,,,2,14,17.0,141011,2.0,2419.0,0.0
,0.0,,,,1,14,16.0,141011,,,0.0
,0.0,,,,2,14,15.0,141011,,,0.0
,0.0,,,,2,14,11.0,141011,,,0.0
,0.0,,,,1,14,13.0,141011,,,0.0
,0.0,,800099.0,,1,14,12.0,141011,,,800099.0
,,,200000.0,,2,14,3.0,141011,5.0,5122.0,200000.0
,,,,,2,14,15.0,141011,5.0,5141.0,0.0
,,,,,1,14,,141011,,,0.0
,,,,,1,14,,141011,,,0.0
,0.0,,,,1,14,16.0,141011,,,0.0
,0.0,,,104646.0,2,14,11.0,141011,,,104646.0
80000.0,,,,,1,14,10.0,141011,6.0,6113.0,0.0
,0.0,,136000.0,,2,14,11.0,141011,,,136000.0
,0.0,,,,1,14,15.0,141011,,,0.0
1000000.0,,,,,2,14,17.0,141011,2.0,2332.0,0.0
,0.0,,,,1,14,17.0,141011,,,0.0
,,,,,2,14,,141011,,,0.0
,,,,,1,14,,141011,,,0.0
1500000.0,,,,,1,14,17.0,141011,2.0,2132.0,0.0
,,,,,2,14,17.0,141011,1.0,1315.0,0.0
,0.0,,,104646.0,2,14,12.0,141011,,,104646.0
,0.0,,280000.0,,2,14,17.0,141011,,,280000.0
,,,,,1,14,17.0,141011,1.0,1315.0,0.0
350000.0,,,,,1,14,12.0,141011,9.0,9152.0,0.0
,0.0,,,,2,14,12.0,141011,,,0.0
,,,,,2,14,,141011,,,0.0
,0.0,,,,1,14,15.0,141011,,,0.0
,0.0,,,,2,14,12.0,141011,,,0.0
,,,,,1,14,12.0,141011,1.0,1315.0,0.0
,50000.0,,,,1,14,12.0,141011,1.0,1315.0,0.0
,0.0,,,,2,14,12.0,141011,,,0.0
,,11091.0,,,1,14,,141011,,,0.0
,,,,104646.0,1,14,6.0,141011,7.0,7331.0,104646.0
310000.0,,,,,1,14,12.0,141011,7.0,7124.0,0.0
,0.0,,,,2,14,12.0,141011,,,0.0
,0.0,,,,2,14,14.0,141011,,,0.0
,0.0,,,,2,14,10.0,141011,,,0.0
,,,,,1,14,6.0,141011,8.0,8322.0,0.0
,0.0,,,,2,14,3.0,141011,,,0.0
450000.0,,,,,2,14,15.0,141011,5.0,5139.0,0.0
350000.0,,,,,1,14,12.0,141011,4.0,4131.0,0.0
,0.0,,,,1,14,19.0,141011,,,0.0
420000.0,,,,,1,14,12.0,141011,8.0,8281.0,0.0
380000.0,,,,,1,14,14.0,141011,2.0,2419.0,0.0
380000.0,,,,,2,14,14.0,141011,1.0,1316.0,0.0
,,,,,1,14,,141011,,,0.0
,,,,,1,14,,141011,,,0.0
,,,,,2,14,,141011,,,0.0
400000.0,,,,,1,14,12.0,141011,3.0,3415.0,0.0
300000.0,,,,,2,14,14.0,141011,3.0,3320.0,0.0
,,,,,1,14,,141011,,,0.0
,,,,,2,14,,141011,,,0.0
650000.0,,,,,1,14,17.0,141011,3.0,3116.0,0.0
550000.0,,,,,1,14,12.0,141011,3.0,3211.0,0.0
,,,,,2,14,11.0,141011,5.0,5220.0,0.0
,0.0,,,,2,14,11.0,141011,,,0.0
,,,,,1,14,,141011,,,0.0
,0.0,,,,2,14,12.0,141011,,,0.0
,0.0,,,,2,14,2.0,141011,,,0.0
,0.0,,,,1,14,11.0,141011,,,0.0
,,,,,2,14,,141011,,,0.0
,,,,,2,14,,141011,,,0.0
,0.0,,,,2,14,8.0,141011,,,0.0
300000.0,,,,,1,14,8.0,141011,9.0,9313.0,0.0
,0.0,,,,2,14,11.0,141011,,,0.0
,,,,,1,14,,141011,,,0.0
,0.0,,,,2,14,8.0,141011,,,0.0
,0.0,,,,1,14,7.0,141011,,,0.0
,,,,,1,14,,141011,,,0.0
,,,,,2,14,,141011,,,0.0
,,,,,2,14,,141011,,,0.0
,,,,,1,14,12.0,141011,9.0,9113.0,0.0
,0.0,,,,2,14,12.0,141011,,,0.0
250000.0,,,,,2,14,16.0,141011,4.0,4142.0,0.0
,,,,,2,14,,141011,,,0.0
,,,,,2,14,,141011,,,0.0
600000.0,,,,,1,14,19.0,141011,2.0,2310.0,0.0
600000.0,,,,,1,14,19.0,141011,2.0,2310.0,0.0
,0.0,,,,2,14,12.0,141011,,,0.0
350000.0,,,,,1,14,12.0,141011,9.0,9152.0,0.0
,0.0,,,,1,14,17.0,141011,,,0.0
,0.0,,,,1,14,13.0,141011,,,0.0
,,,,,2,14,5.0,141011,5.0,5230.0,0.0
,0.0,,,,2,14,4.0,141011,,,0.0
,,,,,1,14,4.0,141011,9.0,9313.0,0.0
250000.0,,,,,2,14,12.0,141011,5.0,5131.0,0.0
250000.0,,,,,2,14,8.0,141011,5.0,5122.0,0.0
700000.0,,,,,1,14,8.0,141011,4.0,4131.0,0.0
500000.0,,,,,2,14,12.0,141011,3.0,3431.0,0.0
,,,,,1,14,12.0,141011,7.0,7124.0,0.0
250000.0,,,,,2,14,17.0,141011,2.0,2340.0,0.0
,0.0,,,104646.0,2,14,1.0,141011,,,104646.0
,0.0,,,104646.0,1,14,2.0,141011,,,104646.0
,,,,,1,14,10.0,141011,1.0,1313.0,0.0
550000.0,,,99.0,,2,14,12.0,141011,4.0,4121.0,99.0
,0.0,,,,1,14,17.0,141011,,,0.0
250000.0,,,,,2,14,12.0,141011,4.0,4115.0,0.0
,0.0,,,,2,14,12.0,141011,,,0.0
,,,,,2,14,,141011,,,0.0
,0.0,,900000.0,,1,14,17.0,141011,,,900000.0
1500000.0,,,500000.0,,2,14,21.0,141011,2.0,2352.0,500000.0
,0.0,,,,1,14,12.0,141011,,,0.0
,0.0,,,,2,14,15.0,141011,,,0.0
,45000.0,,,,1,14,15.0,141011,,,0.0
280000.0,,,,,1,14,16.0,141011,4.0,4211.0,0.0
,0.0,,,,2,14,18.0,141011,,,0.0
,0.0,,,,1,14,18.0,141011,,,0.0
,,,,,1,14,11.0,141011,5.0,5230.0,0.0
,,,,,2,14,4.0,141011,5.0,5230.0,0.0
,,,,,2,14,12.0,141011,3.0,3414.0,0.0
,,,,,1,14,12.0,141011,3.0,3414.0,0.0
,,,,,2,14,,141011,,,0.0
,0.0,,,,2,14,12.0,141011,,,0.0
0.0,,,,,1,14,12.0,141011,9.0,9152.0,0.0
300000.0,,,,,1,14,12.0,141011,4.0,4131.0,0.0
,,,,,2,14,8.0,141011,1.0,1315.0,0.0
0.0,,,,,1,14,3.0,141011,9.0,9152.0,0.0
500000.0,,,,,1,14,11.0,141011,8.0,8324.0,0.0
,0.0,,,,2,14,17.0,141011,,,0.0
800000.0,,,,,1,14,12.0,141011,7.0,7134.0,0.0
99.0,,,,,2,14,17.0,141011,2.0,2451.0,0.0
99.0,,,,,1,14,12.0,141011,7.0,7129.0,0.0
,0.0,,,104646.0,2,14,10.0,141011,,,104646.0
,0.0,,99.0,,2,14,17.0,141011,,,99.0
,0.0,,99.0,,2,14,17.0,141011,,,99.0
1200000.0,,,,,1,14,14.0,141011,2.0,2419.0,0.0
,,,,,2,14,12.0,141011,3.0,3131.0,0.0
,,,,,1,14,,141011,,,0.0
,,,,,1,14,,141011,,,0.0
,,,140000.0,,1,14,16.0,141011,2.0,2419.0,140000.0
,0.0,,,,1,14,12.0,141011,,,0.0
,0.0,,,,2,14,12.0,141011,,,0.0
,,,,,2,14,8.0,141011,5.0,5220.0,0.0
500000.0,,,,,1,14,8.0,141011,3.0,3417.0,0.0
,0.0,,,,1,14,12.0,141011,,,0.0
400000.0,,,,,2,14,12.0,141011,3.0,3412.0,0.0
270000.0,,,,,1,14,12.0,141011,4.0,4223.0,0.0
270000.0,,,,,1,14,4.0,141011,4.0,4223.0,0.0
,0.0,,,,2,14,12.0,141011,,,0.0
,,,,,1,14,,141011,,,0.0
,,,,,2,14,,141011,,,0.0
1400000.0,,,,,1,14,17.0,141011,2.0,2451.0,0.0
,0.0,,,,2,14,12.0,141011,,,0.0
0.0,,,,,2,14,17.0,141011,5.0,5220.0,0.0
300000.0,,,,,2,14,12.0,141011,5.0,5220.0,0.0
,,,,,2,14,11.0,141011,1.0,1315.0,0.0
,,,,,1,14,18.0,141011,1.0,1317.0,0.0
,,,,,1,14,17.0,141011,1.0,1317.0,0.0
,0.0,,,,1,14,12.0,141011,,,0.0
,0.0,,,104646.0,2,14,12.0,141011,,,104646.0
,0.0,,,,1,14,12.0,141011,,,0.0
,0.0,,,,1,14,12.0,141011,,,0.0
,,,,,2,14,12.0,141011,6.0,6121.0,0.0
,,,,,1,14,17.0,141011,1.0,1311.0,0.0
,0.0,,,,2,14,12.0,141011,,,0.0
790000.0,,,,,2,14,17.0,141011,2.0,2340.0,0.0
,,,,,1,14,,141011,,,0.0
1200000.0,,,,,1,14,17.0,141011,2.0,2310.0,0.0
1100000.0,,,,,2,14,19.0,141011,2.0,2142.0,0.0
,0.0,,,,2,14,12.0,141011,,,0.0
,,,,,1,14,15.0,141011,1.0,1315.0,0.0
,0.0,,1600000.0,,1,14,17.0,141011,,,1600000.0
,0.0,,,,2,14,8.0,141011,,,0.0
720000.0,,,380000.0,,1,14,14.0,141011,1.0,1110.0,380000.0
,,,,,2,14,14.0,141011,9.0,9113.0,0.0
,0.0,,330000.0,,2,14,12.0,141011,,,330000.0
1800000.0,,,,,2,14,19.0,141011,2.0,2421.0,0.0
1500000.0,,,,,1,14,21.0,141011,2.0,2114.0,0.0
,,,,,2,14,,141011,,,0.0
2000000.0,,,,,2,14,17.0,141011,1.0,1120.0,0.0
1100000.0,,,,,2,14,19.0,141011,2.0,2310.0,0.0
,0.0,,,,2,14,13.0,141011,,,0.0
,0.0,,,,2,14,10.0,141011,,,0.0
670000.0,,,,104646.0,1,14,18.0,141011,2.0,2222.0,104646.0
99.0,,,,,1,14,18.0,141011,2.0,2222.0,0.0
99.0,,,,,1,14,20.0,141011,2.0,2222.0,0.0
500000.0,,,,,2,14,12.0,141011,3.0,3439.0,0.0
,0.0,,,,2,14,13.0,141011,,,0.0
,0.0,,1000000.0,,2,14,16.0,141011,,,1000000.0
1000000.0,,,,,2,14,17.0,141011,2.0,2340.0,0.0
,0.0,,,,1,14,16.0,141011,,,0.0
,0.0,,,,2,14,16.0,141011,,,0.0
,0.0,,180000.0,,2,14,6.0,141011,,,180000.0
,0.0,,,,1,14,6.0,141011,,,0.0
,0.0,,99.0,,1,14,17.0,141011,,,99.0
,0.0,,,,2,14,15.0,141011,,,0.0
,0.0,,300000.0,,2,14,17.0,141011,,,300000.0
800000.0,,,,,2,14,17.0,141011,5.0,5121.0,0.0
270000.0,,,,,2,14,12.0,141011,5.0,5220.0,0.0
,,,,,1,14,12.0,141011,1.0,1314.0,0.0
,0.0,,,,1,14,3.0,141011,,,0.0
,,,,,2,14,,141011,,,0.0
,,,,,2,14,,141011,,,0.0
1300000.0,,,,,1,14,15.0,141011,3.0,3231.0,0.0
300000.0,,,,,2,14,17.0,141011,3.0,3231.0,0.0
270000.0,,,,,1,14,16.0,141011,2.0,2331.0,0.0
,0.0,,,,2,14,0.0,141011,,,0.0
270000.0,,,,,1,14,16.0,141011,2.0,2331.0,0.0
,0.0,,,,2,14,15.0,141011,,,0.0
340000.0,,,,,2,14,14.0,141011,3.0,3231.0,0.0
,0.0,,,,2,14,15.0,141011,,,0.0
,0.0,,,,1,14,9.0,141011,,,0.0
0.0,,,,,1,14,12.0,141011,8.0,8322.0,0.0
,0.0,,,,2,14,12.0,141011,,,0.0
,0.0,,,,2,14,12.0,141011,,,0.0
,0.0,,,,2,14,9.0,141011,,,0.0
,0.0,,,,2,14,15.0,141011,,,0.0
,,,152000.0,,2,14,12.0,141011,1.0,1315.0,152000.0
,,,,,1,14,16.0,141011,1.0,1315.0,0.0
,0.0,,,104646.0,1,14,9.0,141011,,,104646.0
,0.0,,,104646.0,2,14,9.0,141011,,,104646.0
,0.0,,,104646.0,2,14,12.0,141011,,,104646.0
,,,,,2,14,12.0,141011,5.0,5141.0,0.0
,,,,,2,14,13.0,141011,5.0,5141.0,0.0
,,,,,1,14,,141011,,,0.0
1300000.0,,,,,2,14,16.0,141011,2.0,2320.0,0.0
500000.0,,,,,1,14,16.0,141011,3.0,3228.0,0.0
,0.0,,,,2,14,7.0,141011,,,0.0
,0.0,,180000.0,,1,14,12.0,141011,,,180000.0
,,,,,2,14,12.0,141011,3.0,3231.0,0.0
,800000.0,,,,1,14,17.0,141011,,,0.0
300000.0,,,,,2,14,17.0,141011,8.0,8322.0,0.0
,,,,,2,14,,141011,,,0.0
1000000.0,,,,,1,14,19.0,141011,2.0,2445.0,0.0
,0.0,,,,2,14,17.0,141011,,,0.0
,,,,,2,14,,141011,,,0.0
,,,,,1,14,,141011,,,0.0
,,,,,2,14,,141011,,,0.0
,0.0,,114500.0,,2,14,17.0,141011,,,114500.0
,0.0,,,,2,14,14.0,141011,,,0.0
,0.0,,,,1,14,0.0,141011,,,0.0
,0.0,,,,1,14,11.0,141011,,,0.0
,0.0,,,,2,14,12.0,141011,,,0.0
,,,,,1,14,17.0,141011,1.0,1313.0,0.0
270000.0,,,,104646.0,2,14,,141011,4.0,4122.0,104646.0
680000.0,,,,,1,14,17.0,141011,2.0,2419.0,0.0
,0.0,,750000.0,,1,14,17.0,141011,,,750000.0
,0.0,,100000.0,,2,14,17.0,141011,,,100000.0
,0.0,,950000.0,,1,14,19.0,141011,,,950000.0
1500000.0,,,,,2,14,17.0,141011,2.0,2310.0,0.0
,0.0,,,,1,14,12.0,141011,,,0.0
,0.0,,700000.0,,1,14,19.0,141011,,,700000.0
,0.0,,600000.0,,2,14,19.0,141011,,,600000.0
,0.0,,700000.0,,1,14,20.0,141011,,,700000.0
,0.0,,500000.0,,2,14,18.0,141011,,,500000.0
,0.0,,110000.0,,2,14,18.0,141011,,,110000.0
,,,,,1,14,17.0,141011,1.0,1314.0,0.0
1200000.0,,,,,1,14,17.0,141011,3.0,3475.0,0.0
1100000.0,,,,,2,14,17.0,141011,2.0,2142.0,0.0
,0.0,,,,2,14,16.0,141011,,,0.0
,0.0,,,,2,14,11.0,141011,,,0.0
2800000.0,,,,,1,14,15.0,141011,6.0,6141.0,0.0
,0.0,,,,2,14,15.0,141011,,,0.0
,,,,,1,14,,141011,,,0.0
,,,,,1,14,,141011,,,0.0
,,,,,1,14,,141011,,,0.0
,,,,,1,14,17.0,141011,2.0,2142.0,0.0
500000.0,,,,,2,14,17.0,141011,1.0,1315.0,0.0
,,,,,1,14,16.0,141011,3.0,3473.0,0.0
,0.0,,,,2,14,12.0,141011,,,0.0
800000.0,,,,,2,14,17.0,141011,2.0,2331.0,0.0
,0.0,,,,1,14,17.0,141011,,,0.0
,0.0,,,,1,14,17.0,141011,,,0.0
2500000.0,,,,,1,14,18.0,141011,1.0,1311.0,0.0
450000.0,,,,,2,14,14.0,141011,6.0,6141.0,0.0
0.0,,,,,2,14,13.0,141011,3.0,3416.0,0.0
,0.0,,,,2,14,13.0,141011,,,0.0
,0.0,,,,2,14,10.0,141011,,,0.0
3000000.0,,,,,1,14,17.0,141011,2.0,2421.0,0.0
3000000.0,,,,,2,14,17.0,141011,2.0,2421.0,0.0
,,,,,1,14,,141011,,,0.0
,,,,,2,14,,141011,,,0.0
,,,,,1,14,12.0,141011,3.0,3439.0,0.0
600000.0,,,,,2,14,17.0,141011,2.0,2332.0,0.0
,,,,,1,14,17.0,141011,1.0,1315.0,0.0
1100000.0,,,,,2,14,17.0,141011,2.0,2310.0,0.0
,0.0,,,,2,14,9.0,141011,,,0.0
,,,,,2,14,,141011,,,0.0
,0.0,,650000.0,,1,14,17.0,141011,,,650000.0
,0.0,,113000.0,,2,14,18.0,141011,,,113000.0
160000.0,,,260000.0,,2,14,15.0,141011,5.0,5220.0,260000.0
,0.0,,,,2,14,4.0,141011,,,0.0
,,,,,1,14,17.0,141011,1.0,1317.0,0.0
,,,,,2,14,20.0,141011,2.0,2332.0,0.0
,0.0,,,,1,14,14.0,141011,,,0.0
,0.0,,,,2,14,13.0,141011,,,0.0
,,,,,2,14,,141011,,,0.0
1000000.0,,,580000.0,,1,14,17.0,141011,3.0,3415.0,580000.0
,,,200000.0,,2,14,17.0,141011,7.0,7332.0,200000.0
,0.0,,,,1,14,17.0,141011,,,0.0
,,,,,1,14,18.0,141011,2.0,2223.0,0.0
,,,,,2,14,18.0,141011,2.0,2223.0,0.0
,,,,,2,14,,141011,,,0.0
,,,,,2,14,,141011,,,0.0
,,,,,2,14,,141011,,,0.0
1500000.0,,,,,1,14,16.0,141011,2.0,2451.0,0.0
,,,,,2,14,12.0,141011,9.0,9113.0,0.0
,0.0,,,,1,14,15.0,141011,,,0.0
,0.0,,,,2,14,18.0,141011,,,0.0
,,,,,2,14,,141011,,,0.0
,0.0,,2200000.0,,1,14,12.0,141011,,,2200000.0
,0.0,,200000.0,,2,14,14.0,141011,,,200000.0
450000.0,,,,,1,14,17.0,141011,3.0,3472.0,0.0
,,,,,1,14,12.0,141011,1.0,1316.0,0.0
800000.0,,,,,2,14,17.0,141011,3.0,3431.0,0.0
,0.0,,,,1,14,9.0,141011,,,0.0
,,,,,1,14,,141011,,,0.0
,0.0,,,,1,14,17.0,141011,,,0.0
,0.0,,,,2,14,17.0,141011,,,0.0
,0.0,,500000.0,,1,14,18.0,141011,,,500000.0
,0.0,,300000.0,,2,14,16.0,141011,,,300000.0
,0.0,,,,2,14,17.0,141011,,,0.0
,0.0,,,,2,14,15.0,141011,,,0.0
,0.0,,500000.0,,2,14,19.0,141011,,,500000.0
,0.0,,500000.0,,1,14,17.0,141011,,,500000.0
370000.0,,,,,1,14,14.0,141011,4.0,4131.0,0.0
,0.0,,,,2,14,13.0,141011,,,0.0
,0.0,,,,2,14,18.0,141011,,,0.0
,0.0,,,,1,14,12.0,141011,,,0.0
,,,,,1,14,17.0,141011,2.0,2411.0,0.0
600000.0,,,,,2,14,12.0,141011,4.0,4115.0,0.0
1400000.0,,,,,2,14,17.0,141011,2.0,2411.0,0.0
,,,,,1,14,,141011,,,0.0
,,,,,1,14,,141011,,,0.0
500000.0,,,,,1,14,14.0,141011,2.0,2411.0,0.0
,0.0,,,,2,14,15.0,141011,,,0.0
,0.0,,,,1,14,14.0,141011,,,0.0
1800000.0,,,,,2,14,17.0,141011,1.0,1229.0,0.0
600000.0,,,,,1,14,17.0,141011,2.0,2132.0,0.0
,,,,,1,14,16.0,141011,8.0,8324.0,0.0
,0.0,,,,2,14,14.0,141011,,,0.0
,0.0,,,,1,14,12.0,141011,,,0.0
,,,,,1,14,,141011,,,0.0
,,,,,2,14,,141011,,,0.0
,,,,,1,14,,141011,,,0.0
700000.0,,,,,1,14,12.0,141011,9.0,9152.0,0.0
150000.0,,,,,2,14,9.0,141011,9.0,9131.0,0.0
300000.0,,,,,2,14,12.0,141011,9.0,9131.0,0.0
,0.0,,,,2,14,12.0,141011,,,0.0
350000.0,,,,,2,14,12.0,141011,5.0,5220.0,0.0
,0.0,,,,1,14,16.0,141011,,,0.0
,0.0,,300000.0,,1,14,12.0,141011,,,300000.0
,0.0,,200000.0,,2,14,12.0,141011,,,200000.0
,,,140000.0,,1,14,8.0,141011,1.0,1313.0,140000.0
,0.0,,,104646.0,2,14,11.0,141011,,,104646.0
400000.0,,,,,1,14,8.0,141011,9.0,9132.0,0.0
350000.0,,,,,1,14,12.0,141011,4.0,4131.0,0.0
270000.0,,,,,2,14,12.0,141011,9.0,9131.0,0.0
,0.0,,,,1,14,15.0,141011,,,0.0
,0.0,,152000.0,,2,14,5.0,141011,,,152000.0
300000.0,,,,,1,14,10.0,141011,4.0,4141.0,0.0
,,,,104646.0,2,14,6.0,141011,7.0,7436.0,104646.0
,0.0,,,,2,14,15.0,141011,,,0.0
0.0,,,,,1,14,15.0,141011,9.0,9333.0,0.0
0.0,,,,,1,14,15.0,141011,5.0,5220.0,0.0
160000.0,,,,104646.0,2,14,10.0,141011,9.0,9131.0,104646.0
99.0,,,,,1,14,17.0,141011,2.0,2445.0,0.0
,0.0,,,,2,14,17.0,141011,,,0.0
,,,,,1,14,,141011,,,0.0
,0.0,,,,2,14,19.0,141011,,,0.0
1000000.0,,,,,2,14,16.0,141011,2.0,2230.0,0.0
,,,,,2,14,17.0,141011,1.0,1315.0,0.0
,0.0,,,,2,14,12.0,141011,,,0.0
,0.0,,,,1,14,11.0,141011,,,0.0
250000.0,,,,,2,14,12.0,141011,5.0,5131.0,0.0
,0.0,,,,1,14,14.0,141011,,,0.0
,0.0,,,,2,14,12.0,141011,,,0.0
2000000.0,,,800000.0,,1,14,18.0,141011,2.0,2310.0,800000.0
1000000.0,,,400000.0,,2,14,18.0,141011,2.0,2445.0,400000.0
2000000.0,,,,,1,14,17.0,141011,2.0,2223.0,0.0
5000000.0,,,,,2,14,19.0,141011,2.0,2221.0,0.0
,0.0,,,,2,14,19.0,141011,,,0.0
,,,,,1,14,17.0,141011,2.0,2141.0,0.0
950000.0,,,,,2,14,17.0,141011,2.0,2411.0,0.0
,0.0,,,,1,14,18.0,141011,,,0.0
,,,560000.0,,1,14,17.0,141011,2.0,2419.0,560000.0
,0.0,,,,2,14,17.0,141011,,,0.0
3900000.0,,,,,1,14,19.0,141011,2.0,2421.0,0.0
,0.0,,,,2,14,17.0,141011,,,0.0
,,,,,2,14,,141011,,,0.0
,,,,,2,14,,141011,,,0.0
,,,,,1,14,,141011,,,0.0
,0.0,,600000.0,,1,14,17.0,141011,,,600000.0
,0.0,,,,2,14,17.0,141011,,,0.0
,,,,,1,14,14.0,141011,1.0,1316.0,0.0
1100000.0,,,,,2,14,17.0,141011,3.0,3433.0,0.0
,0.0,,,,2,14,14.0,141011,,,0.0
,0.0,,,,1,14,12.0,141011,,,0.0
,,,,,1,14,18.0,141011,2.0,2213.0,0.0
,0.0,,,,2,14,18.0,141011,,,0.0
,0.0,,,,2,14,16.0,141011,,,0.0
,0.0,,,,2,14,13.0,141011,,,0.0
,0.0,,,,2,14,9.0,141011,,,0.0
,0.0,,,,1,14,12.0,141011,,,0.0
,0.0,,600000.0,,2,14,15.0,141011,,,600000.0
,0.0,,450000.0,,2,14,16.0,141011,,,450000.0
800000.0,,,,,2,14,17.0,141011,2.0,2223.0,0.0
,0.0,,457000.0,,2,14,12.0,141011,,,457000.0
,0.0,,350000.0,,2,14,17.0,141011,,,350000.0
,0.0,,,,2,14,14.0,141011,,,0.0
,0.0,,,,1,14,15.0,141011,,,0.0
600000.0,,,,,1,14,17.0,141011,2.0,2320.0,0.0
,,,,,2,14,11.0,141011,2.0,2411.0,0.0
,,,,,1,14,15.0,141011,2.0,2411.0,0.0
400000.0,,,,,1,14,19.0,141011,2.0,2221.0,0.0
1400000.0,,,,,2,14,19.0,141011,2.0,2222.0,0.0
,0.0,,,,1,14,16.0,141011,,,0.0
,,,,,2,14,15.0,141011,7.0,7311.0,0.0
,0.0,,,,1,14,9.0,141011,,,0.0
,,,,,2,14,,141011,,,0.0
300000.0,,,,,2,14,12.0,141011,3.0,3439.0,0.0
,0.0,,,,2,14,17.0,141011,,,0.0
500000.0,,,,,2,14,12.0,141011,3.0,3417.0,0.0
500000.0,,,,,1,14,12.0,141011,7.0,7137.0,0.0
,0.0,,,,1,14,12.0,141011,,,0.0
,0.0,,400000.0,,2,14,9.0,141011,,,400000.0
,,,,,1,14,15.0,141011,7.0,7243.0,0.0
,0.0,,,104646.0,2,14,9.0,141011,,,104646.0
,0.0,,170000.0,,1,14,6.0,141011,,,170000.0
,0.0,,,104646.0,2,14,,141011,,,104646.0
,0.0,,,,2,14,11.0,141011,,,0.0
,,,,,1,14,12.0,141011,7.0,7124.0,0.0
,,,,,2,14,17.0,141011,3.0,3226.0,0.0
,,,,,2,14,,141011,,,0.0
,0.0,,,,2,14,12.0,141011,,,0.0
,0.0,,,,2,14,12.0,141011,,,0.0
,,,,,2,14,12.0,141011,8.0,8322.0,0.0
,0.0,,,,1,14,10.0,141011,,,0.0
,0.0,,,,1,14,15.0,141011,,,0.0
650000.0,,,,,2,14,17.0,141011,2.0,2331.0,0.0
,0.0,,,,2,14,10.0,141011,,,0.0
,,,,,1,14,14.0,141011,1.0,1315.0,0.0
,0.0,,,,2,14,17.0,141011,,,0.0
,,,,,2,14,,141011,,,0.0
650000.0,,,,,1,14,12.0,141011,4.0,4121.0,0.0
,0.0,,300000.0,,1,14,6.0,141011,,,300000.0
,0.0,,,104646.0,2,14,6.0,141011,,,104646.0
,0.0,,300000.0,,1,14,17.0,141011,,,300000.0
1500000.0,,,,,1,14,17.0,141011,2.0,2446.0,0.0
1500000.0,,,,,2,14,17.0,141011,2.0,2419.0,0.0
,,,,,2,14,,141011,,,0.0
,,,,,2,14,,141011,,,0.0
230000.0,,,,,2,14,16.0,141011,2.0,2351.0,0.0
,,,,,2,14,15.0,141011,5.0,5141.0,0.0
,,,,,1,14,,141011,,,0.0
,,,,,1,14,,141011,,,0.0
500000.0,,,,,1,14,17.0,141011,2.0,2451.0,0.0
600000.0,,,,,2,14,16.0,141011,2.0,2320.0,0.0
,,,,,1,14,,141011,,,0.0
,,,,,1,14,,141011,,,0.0
,0.0,,180000.0,,2,14,12.0,141011,,,180000.0
,0.0,,150000.0,,1,14,10.0,141011,,,150000.0
,,,,,1,14,12.0,141011,5.0,5230.0,0.0
,,,,,1,14,15.0,141011,9.0,9112.0,0.0
500000.0,,,,,2,14,15.0,141011,3.0,3431.0,0.0
270000.0,,,,,1,14,10.0,141011,9.0,9141.0,0.0
,0.0,,,,2,14,8.0,141011,,,0.0
270000.0,,,,,1,14,12.0,141011,4.0,4131.0,0.0
,,11091.0,,,2,14,,141011,,,0.0
,,11091.0,,,2,14,,141011,,,0.0
,,,,,1,14,8.0,141011,7.0,7141.0,0.0
192000.0,,,,,2,14,8.0,141011,9.0,9131.0,0.0
,0.0,,,,2,14,9.0,141011,,,0.0
400000.0,,,,,1,14,12.0,141011,8.0,8334.0,0.0
,0.0,,,,2,14,12.0,141011,,,0.0
,0.0,,,,2,14,12.0,141011,,,0.0
,0.0,,,,1,14,12.0,141011,,,0.0
,,11091.0,,,1,14,,141011,,,0.0
,,11091.0,,,2,14,,141011,,,0.0
120000.0,,,,,2,14,12.0,141011,9.0,9131.0,0.0
150000.0,,,,,1,14,15.0,141011,3.0,3475.0,0.0
,,11091.0,,,2,14,,141011,,,0.0
,,,,,1,14,13.0,141011,7.0,7212.0,0.0
276000.0,,,,,2,14,4.0,141011,9.0,9211.0,0.0
120000.0,,11091.0,,,2,14,10.0,141011,9.0,9132.0,0.0
,,11091.0,,,2,14,,141011,,,0.0
270000.0,,,,,2,14,11.0,141011,9.0,9131.0,0.0
320000.0,,,,,2,14,12.0,141011,5.0,5122.0,0.0
400000.0,,,,,1,14,12.0,141011,7.0,7135.0,0.0
,,11091.0,,,1,14,,141011,,,0.0
300000.0,,,,,2,14,12.0,141011,9.0,9132.0,0.0
,0.0,,,,1,14,12.0,141011,,,0.0
350000.0,,,,,2,14,12.0,141011,4.0,4223.0,0.0
,0.0,,,,1,14,12.0,141011,,,0.0
,0.0,,186000.0,,1,14,12.0,141011,,,186000.0
,0.0,,,,2,14,13.0,141011,,,0.0
,,,,,1,14,,141011,,,0.0
,0.0,,99.0,,1,14,6.0,141011,,,99.0
,0.0,,,104646.0,2,14,6.0,141011,,,104646.0
500000.0,,,,,1,14,13.0,141011,8.0,8322.0,0.0
,0.0,,99.0,,1,14,12.0,141011,,,99.0
,,,,,2,14,17.0,141011,5.0,5131.0,0.0
,0.0,,,,2,14,12.0,141011,,,0.0
,0.0,11091.0,,,1,14,9.0,141011,,,0.0
600000.0,,,,,1,14,13.0,141011,9.0,9152.0,0.0
,0.0,,,,2,14,12.0,141011,,,0.0
,0.0,,,,2,14,12.0,141011,,,0.0
,0.0,,,,2,14,4.0,141011,,,0.0
400000.0,,,,,2,14,17.0,141011,2.0,2351.0,0.0
,0.0,,,,1,14,6.0,141011,,,0.0
,0.0,,,104646.0,2,14,3.0,141011,,,104646.0
,0.0,,180000.0,,2,14,12.0,141011,,,180000.0
,0.0,,,,2,14,12.0,141011,,,0.0
,0.0,,,,2,14,15.0,141011,,,0.0
,0.0,,200000.0,,1,14,5.0,141011,,,200000.0
,0.0,,180000.0,,2,14,3.0,141011,,,180000.0
300000.0,,,,,1,14,12.0,141011,7.0,7124.0,0.0
115000.0,,,,,2,14,9.0,141011,9.0,9333.0,0.0
380000.0,,,,,1,14,11.0,141011,9.0,9333.0,0.0
380000.0,,,,,2,14,15.0,141011,3.0,3221.0,0.0
,,,,104646.0,2,14,3.0,141011,9.0,9111.0,104646.0
,,,100000.0,,1,14,5.0,141011,5.0,5230.0,100000.0
,,,,,1,14,11.0,141011,7.0,7231.0,0.0
,0.0,,,,2,14,9.0,141011,,,0.0
380000.0,,,,,1,14,13.0,141011,9.0,9132.0,0.0
170000.0,,,,,2,14,12.0,141011,5.0,5220.0,0.0
,0.0,11091.0,,,1,14,11.0,141011,,,0.0
,,11091.0,,,2,14,,141011,,,0.0
,0.0,,,,1,14,8.0,141011,,,0.0
,0.0,,,,2,14,8.0,141011,,,0.0
250000.0,,,,,1,14,12.0,141011,9.0,9132.0,0.0
,0.0,11091.0,,,2,14,12.0,141011,,,0.0
250000.0,,,,,2,14,18.0,141011,2.0,2230.0,0.0
,0.0,,,,2,14,15.0,141011,,,0.0
200000.0,,,,,1,14,12.0,141011,5.0,5220.0,0.0
126000.0,,,120000.0,,2,14,12.0,141011,5.0,5220.0,120000.0
,0.0,,,,2,14,0.0,141011,,,0.0
,0.0,,,104646.0,2,14,2.0,141011,,,104646.0
,0.0,,,,2,14,8.0,141011,,,0.0
280000.0,,,,,2,14,12.0,141011,5.0,5139.0,0.0
,0.0,,,,2,14,13.0,141011,,,0.0
,,,,,2,14,,141011,,,0.0
,,,200000.0,,1,14,7.0,141011,9.0,9313.0,200000.0
,0.0,,140000.0,,2,14,8.0,141011,,,140000.0
,,,,,2,14,13.0,141011,5.0,5131.0,0.0
,,11091.0,,,2,14,,141011,,,0.0
200000.0,,,,,2,14,14.0,141011,5.0,5230.0,0.0
600000.0,,,,,1,14,12.0,141011,3.0,3415.0,0.0
,0.0,,,,2,14,12.0,141011,,,0.0
,,11091.0,,,1,14,,141011,,,0.0
274000.0,,,,,2,14,12.0,141011,4.0,4115.0,0.0
,0.0,,,104646.0,2,14,6.0,141011,,,104646.0
,0.0,,,,1,14,14.0,141011,,,0.0
,0.0,,,,1,14,9.0,141011,,,0.0
150000.0,,,,,2,14,12.0,141011,9.0,9131.0,0.0
300000.0,,,,,1,14,12.0,141011,4.0,4131.0,0.0
,0.0,,,,2,14,13.0,141011,,,0.0
150000.0,,,,,1,14,14.0,141011,4.0,4223.0,0.0
,,11091.0,,,1,14,,141011,,,0.0
,0.0,,,,1,14,13.0,141011,,,0.0
270000.0,,,,,2,14,2.0,141011,9.0,9131.0,0.0
,0.0,,,,2,14,16.0,141011,,,0.0
,0.0,,,,1,14,12.0,141011,,,0.0
,0.0,,160000.0,,1,14,12.0,141011,,,160000.0
,0.0,,160000.0,,2,14,8.0,141011,,,160000.0
380000.0,,,,,2,14,12.0,141011,9.0,9151.0,0.0
,0.0,,,,2,14,12.0,141011,,,0.0
,,11091.0,,,2,14,,141011,,,0.0
480000.0,,,,,1,14,15.0,141011,8.0,8323.0,0.0
500000.0,,,,,2,14,17.0,141011,4.0,4121.0,0.0
,280000.0,,,,1,14,17.0,141011,,,0.0
,30000.0,,,,2,14,13.0,141011,,,0.0
,0.0,,180000.0,,1,14,8.0,141011,,,180000.0
600000.0,,,,,2,14,17.0,141011,2.0,2331.0,0.0
,0.0,,,,1,14,11.0,141011,,,0.0
,,,,,2,14,6.0,141011,1.0,1314.0,0.0
,,,,,1,14,12.0,141011,6.0,6113.0,0.0
,0.0,,250000.0,,1,14,9.0,141011,,,250000.0
,,,,,2,14,12.0,141011,1.0,1314.0,0.0
,,11091.0,,,2,14,,141011,,,0.0
,,11091.0,,,2,14,,141011,,,0.0
350000.0,,,,,1,14,12.0,141011,9.0,9313.0,0.0
,0.0,,,,2,14,12.0,141011,,,0.0
,0.0,,,,1,14,12.0,141011,,,0.0
,0.0,,,,1,14,11.0,141011,,,0.0
,0.0,,,,2,14,8.0,141011,,,0.0
,,,,,1,14,8.0,141011,7.0,7141.0,0.0
,,11091.0,,,1,14,,141011,,,0.0
700000.0,,,,,2,14,15.0,141011,3.0,3231.0,0.0
,,,,,2,14,,141011,,,0.0
,,,,,1,14,,141011,,,0.0
,,,,,1,14,,141011,,,0.0
,,,,,1,14,3.0,141011,9.0,9211.0,0.0
,,,,,1,14,11.0,141011,7.0,7124.0,0.0
,0.0,,,,2,14,8.0,141011,,,0.0
350000.0,,,,,1,14,2.0,141011,8.0,8143.0,0.0
,,,,,2,14,,141011,,,0.0
,,,,,1,14,,141011,,,0.0
,,,,,2,14,,141011,,,0.0
,,,,,2,14,11.0,141011,1.0,1315.0,0.0
,,,,,1,14,,141011,,,0.0
300000.0,,,,,1,14,11.0,141011,7.0,7124.0,0.0
500000.0,,,,,2,14,8.0,141011,9.0,9131.0,0.0
275000.0,,,,,2,14,15.0,141011,5.0,5220.0,0.0
,0.0,,,,1,14,12.0,141011,,,0.0
,,,,,2,14,12.0,141011,9.0,9113.0,0.0
,0.0,,,,1,14,5.0,141011,,,0.0
,,11091.0,,,1,14,,141011,,,0.0
,,11091.0,,,2,14,,141011,,,0.0
275000.0,,,,,1,14,8.0,141011,7.0,7124.0,0.0
,0.0,,,,2,14,6.0,141011,,,0.0
,0.0,11091.0,,,2,14,11.0,141011,,,0.0
,,11091.0,,,2,14,,141011,,,0.0
,,11091.0,,,2,14,,141011,,,0.0
,,,,,2,14,7.0,141011,9.0,9161.0,0.0
,,,,,1,14,2.0,141011,9.0,9161.0,0.0
275000.0,,,,,2,14,11.0,141011,9.0,9132.0,0.0
,0.0,11091.0,,,1,14,10.0,141011,,,0.0
275000.0,,,,,2,14,13.0,141011,3.0,3320.0,0.0
,,,,,2,14,,141011,,,0.0
275000.0,,,,,1,14,10.0,141011,6.0,6141.0,0.0
,0.0,,,,2,14,12.0,141011,,,0.0
,0.0,11091.0,,,1,14,9.0,141011,,,0.0
,,11091.0,,,1,14,,141011,,,0.0
,0.0,,,,2,14,4.0,141011,,,0.0
,,,,,1,14,8.0,141011,7.0,7212.0,0.0
,0.0,,,,1,14,0.0,141011,,,0.0
,,,,,1,14,,141011,,,0.0
,,,,,2,14,,141011,,,0.0
270000.0,,,96000.0,,2,14,8.0,141011,9.0,9132.0,96000.0
,99.0,,,,1,14,9.0,141011,,,0.0
,99.0,,,,1,14,4.0,141011,,,0.0
370000.0,,,,,1,14,9.0,141011,7.0,7141.0,0.0
120000.0,,,,,2,14,6.0,141011,9.0,9132.0,0.0
,,11091.0,,,1,14,,141011,,,0.0
270000.0,,,,,1,14,8.0,141011,9.0,9333.0,0.0
,0.0,,,,2,14,8.0,141011,,,0.0
,,11091.0,,,2,14,,141011,,,0.0
,,11091.0,,,2,14,,141011,,,0.0
250000.0,,,,,1,14,5.0,141011,7.0,7141.0,0.0
,0.0,,,,2,14,9.0,141011,,,0.0
,,,,,1,14,,141011,,,0.0
,,,,,1,14,,141011,,,0.0
,,,,,2,14,,141011,,,0.0
270000.0,,,,,1,14,8.0,141011,9.0,9313.0,0.0
,99.0,,,,2,14,6.0,141011,,,0.0
,99.0,,,,2,14,12.0,141011,,,0.0
400000.0,,,,,1,14,11.0,141011,9.0,9312.0,0.0
,0.0,,,,2,14,8.0,141011,,,0.0
,0.0,,,,2,14,10.0,141011,,,0.0
,,,,,1,14,2.0,141011,7.0,7124.0,0.0
,0.0,,,,2,14,8.0,141011,,,0.0
270000.0,,,,,2,14,12.0,141011,5.0,5131.0,0.0
,,,,,2,14,7.0,141011,1.0,1314.0,0.0
,,,,,1,14,12.0,141011,1.0,1314.0,0.0
,,,,,2,14,,141011,,,0.0
275000.0,,,,,1,14,12.0,141011,9.0,9152.0,0.0
200000.0,,,,,2,14,12.0,141011,4.0,4211.0,0.0
,,,,,2,14,,141011,,,0.0
,,,,,2,14,,141011,,,0.0
500000.0,,,,,1,14,12.0,141011,8.0,8212.0,0.0
,0.0,,,,2,14,12.0,141011,,,0.0
,,11091.0,,,1,14,,141011,,,0.0
,,11091.0,,,2,14,,141011,,,0.0
230000.0,,,,,1,14,20.0,141011,9.0,9152.0,0.0
,0.0,,,,2,14,10.0,141011,,,0.0
230000.0,,,,,1,14,12.0,141011,5.0,5220.0,0.0
,0.0,,,,1,14,0.0,141011,,,0.0
270000.0,,,,,1,14,3.0,141011,9.0,9313.0,0.0
,0.0,,,,2,14,5.0,141011,,,0.0
,0.0,,,,2,14,10.0,141011,,,0.0
,,11091.0,,,2,14,,141011,,,0.0
350000.0,,,,,1,14,8.0,141011,7.0,7122.0,0.0
150000.0,,,,,2,14,8.0,141011,9.0,9131.0,0.0
,0.0,,,,1,14,12.0,141011,,,0.0
,,11091.0,,,1,14,,141011,,,0.0
360000.0,,,,,1,14,0.0,141011,8.0,8331.0,0.0
,0.0,,,104646.0,2,14,2.0,141011,,,104646.0
500000.0,,,,,1,14,12.0,141011,8.0,8332.0,0.0
,,,,,1,14,,141011,,,0.0
400000.0,,,,,2,14,8.0,141011,7.0,7122.0,0.0
,0.0,,,,2,14,4.0,141011,,,0.0
270000.0,,,,,1,14,4.0,141011,9.0,9313.0,0.0
,0.0,,,,2,14,8.0,141011,,,0.0
270000.0,,,,,1,14,10.0,141011,9.0,9313.0,0.0
,,11091.0,,,2,14,,141011,,,0.0
54000.0,,,,,2,14,8.0,141011,9.0,9132.0,0.0
,0.0,,,,1,14,12.0,141011,,,0.0
,,,,,2,14,,141011,,,0.0
,,,,,1,14,,141011,,,0.0
,,,,,1,14,,141011,,,0.0
,0.0,,,104646.0,2,14,0.0,141011,,,104646.0
,0.0,,,,2,14,0.0,141011,,,0.0
,0.0,,,,2,14,4.0,141011,,,0.0
270000.0,,,,,1,14,9.0,141011,7.0,7124.0,0.0
,,,,,2,14,10.0,141011,9.0,9112.0,0.0
,,,,,1,14,,141011,,,0.0
,,,,,1,14,,141011,,,0.0
,,,,,2,14,6.0,141011,9.0,9112.0,0.0
,,,,,1,14,,141011,,,0.0
,,,,,1,14,,141011,,,0.0
,,,,,1,14,,141011,,,0.0
,0.0,,,,1,14,12.0,141011,,,0.0
,0.0,,,,2,14,5.0,141011,,,0.0
,0.0,,,,2,14,14.0,141011,,,0.0
,0.0,,,,1,14,12.0,141011,,,0.0
,,11091.0,,,1,14,,141011,,,0.0
,,11091.0,,,2,14,,141011,,,0.0
,,11091.0,,,2,14,,141011,,,0.0
250000.0,,,,,1,14,11.0,141011,7.0,7422.0,0.0
250000.0,,,,,2,14,7.0,141011,9.0,9132.0,0.0
250000.0,,,,,2,14,12.0,141011,4.0,4223.0,0.0
,0.0,,,,1,14,12.0,141011,,,0.0
,0.0,,,,2,14,0.0,141011,,,0.0
500000.0,,,,,2,14,12.0,141011,9.0,9131.0,0.0
,0.0,,,104646.0,1,14,6.0,141011,,,104646.0
250000.0,,,,,2,14,7.0,141011,9.0,9131.0,0.0
180000.0,,,,,1,14,10.0,141011,7.0,7124.0,0.0
250000.0,,,,,2,14,12.0,141011,7.0,7412.0,0.0
,,,200000.0,,1,14,9.0,141011,9.0,9212.0,200000.0
,0.0,,,,1,14,0.0,141011,,,0.0
,,,,,1,14,11.0,141011,7.0,7231.0,0.0
,0.0,,,,2,14,12.0,141011,,,0.0
,,11091.0,,,2,14,,141011,,,0.0
,180000.0,,,,2,14,12.0,141011,,,0.0
,,,,,1,14,,141011,,,0.0
,,,,,2,14,,141011,,,0.0
,,,,,1,14,,141011,,,0.0
,,,,,1,14,16.0,141011,7.0,7233.0,0.0
400000.0,,,,,1,14,14.0,141011,7.0,7122.0,0.0
600000.0,,,,,1,14,12.0,141011,7.0,7243.0,0.0
,0.0,,,,2,14,11.0,141011,,,0.0
,,,,,1,14,,141011,,,0.0
,,,,,1,14,,141011,,,0.0
1800000.0,,,,,1,14,17.0,141011,2.0,2149.0,0.0
,,,,,2,14,12.0,141011,7.0,7412.0,0.0
,0.0,,,,1,14,1.0,141011,,,0.0
,,,,,1,14,,141011,,,0.0
,0.0,,,,2,14,12.0,141011,,,0.0
,257000.0,,,,1,14,12.0,141011,,,0.0
,0.0,,,,2,14,11.0,141011,,,0.0
,,,,,1,14,,141011,,,0.0
,,,,,2,14,,141011,,,0.0
600000.0,,,,,1,14,17.0,141011,3.0,3151.0,0.0
70000.0,,,,,2,14,12.0,141011,4.0,4222.0,0.0
,,,,,1,14,,141011,,,0.0
,,,,,1,14,,141011,,,0.0
,,,,,1,14,,141011,,,0.0
800000.0,,,,,1,14,17.0,141011,3.0,3152.0,0.0
,0.0,,,,2,14,15.0,141011,,,0.0
800000.0,,,,,1,14,17.0,141011,3.0,3211.0,0.0
300000.0,,,,,2,14,14.0,141011,3.0,3221.0,0.0
,0.0,,,,2,14,12.0,141011,,,0.0
,,,,,1,14,,141011,,,0.0
,,,,,1,14,14.0,141011,3.0,3115.0,0.0
,,,,,2,14,16.0,141011,3.0,3151.0,0.0
,0.0,,,,2,14,15.0,141011,,,0.0
,,,,,2,14,,141011,,,0.0
150000.0,,,,,1,14,14.0,141011,7.0,7231.0,0.0
1500000.0,,,,,2,14,17.0,141011,2.0,2421.0,0.0
,0.0,,600000.0,,2,14,17.0,141011,,,600000.0
,,,,,2,14,12.0,141011,5.0,5131.0,0.0
1200000.0,,,,,1,14,17.0,141011,2.0,2419.0,0.0
,0.0,,,,2,14,17.0,141011,,,0.0
,,,,,2,14,,141011,,,0.0
,,,,,2,14,,141011,,,0.0
,,,,,2,14,,141011,,,0.0
50000.0,,,,,2,14,12.0,141011,9.0,9132.0,0.0
500000.0,,,,,2,14,18.0,141011,3.0,3229.0,0.0
,,,,,2,14,,141011,,,0.0
,,,,,2,14,12.0,141011,7.0,7412.0,0.0
,0.0,11091.0,,,1,14,10.0,141011,,,0.0
,,,,,2,14,12.0,141011,1.0,1315.0,0.0
,,,,,1,14,13.0,141011,1.0,1315.0,0.0
1200000.0,,,,,1,14,17.0,141011,3.0,3415.0,0.0
500000.0,,,,,2,14,17.0,141011,3.0,3419.0,0.0
,,,,,1,14,,141011,,,0.0
,,,,,1,14,,141011,,,0.0
,,,,,1,14,16.0,141011,3.0,3423.0,0.0
,0.0,,,,2,14,16.0,141011,,,0.0
,,,,,1,14,,141011,,,0.0
,,,,,2,14,,141011,,,0.0
530000.0,,,,,1,14,17.0,141011,2.0,2445.0,0.0
714000.0,,,,,2,14,17.0,141011,2.0,2340.0,0.0
850000.0,,,,,1,14,12.0,141011,3.0,3416.0,0.0
200000.0,,,,,2,14,15.0,141011,3.0,3415.0,0.0
,,,,,2,14,,141011,,,0.0
,,,,,1,14,,141011,,,0.0
,,,,,1,14,,141011,,,0.0
1200000.0,,,,,1,14,17.0,141011,2.0,2419.0,0.0
500000.0,,,,,2,14,15.0,141011,3.0,3415.0,0.0
,0.0,,,,2,14,14.0,141011,,,0.0
,0.0,,,,1,14,11.0,141011,,,0.0
,,,,,1,14,,141011,,,0.0
,,,,,2,14,,141011,,,0.0
,,,,,1,14,,141011,,,0.0
270000.0,,,,,1,14,10.0,141011,9.0,9212.0,0.0
406000.0,,,,,2,14,13.0,141011,3.0,3431.0,0.0
400000.0,,,,,1,14,14.0,141011,5.0,5122.0,0.0
,0.0,,,,1,14,3.0,141011,,,0.0
,0.0,,,,2,14,10.0,141011,,,0.0
,,,,,1,14,8.0,141011,5.0,5122.0,0.0
,,,,,2,14,12.0,141011,5.0,5122.0,0.0
1200000.0,,,,,2,14,18.0,141011,2.0,2211.0,0.0
500000.0,,,,,1,14,15.0,141011,3.0,3222.0,0.0
,,,,,1,14,,141011,,,0.0
270000.0,,,,,2,14,5.0,141011,9.0,9131.0,0.0
,,,,,1,14,17.0,141011,2.0,2421.0,0.0
270000.0,,,,,2,14,15.0,141011,5.0,5161.0,0.0
270000.0,,,,,1,14,8.0,141011,4.0,4131.0,0.0
270000.0,,,,,1,14,8.0,141011,4.0,4131.0,0.0
270000.0,,,,,1,14,12.0,141011,7.0,7137.0,0.0
,0.0,,160000.0,,1,14,5.0,141011,,,160000.0
300000.0,,,,,1,14,8.0,141011,9.0,9333.0,0.0
,0.0,,,,2,14,8.0,141011,,,0.0
,0.0,,,,2,14,10.0,141011,,,0.0
310000.0,,,,,1,14,12.0,141011,8.0,8323.0,0.0
580000.0,,,,,2,14,12.0,141011,8.0,8290.0,0.0
,0.0,,,,1,14,12.0,141011,,,0.0
,0.0,,160000.0,,1,14,3.0,141011,,,160000.0
,0.0,,,104646.0,2,14,4.0,141011,,,104646.0
,,,,,2,14,7.0,141011,1.0,1315.0,0.0
1000000.0,,,,,1,14,17.0,141011,2.0,2142.0,0.0
400000.0,,,,,1,14,12.0,141011,7.0,7422.0,0.0
100000.0,,,,,2,14,14.0,141011,4.0,4211.0,0.0
,,,,,1,14,,141011,,,0.0
400000.0,,,,,2,14,15.0,141011,4.0,4141.0,0.0
,0.0,,,,1,14,16.0,141011,,,0.0
,0.0,,,,1,14,12.0,141011,,,0.0
,,,,,1,14,,141011,,,0.0
,0.0,,,,2,14,9.0,141011,,,0.0
600000.0,,,,,1,14,12.0,141011,7.0,7231.0,0.0
270000.0,,,,,1,14,11.0,141011,8.0,8324.0,0.0
,,,,,1,14,,141011,,,0.0
,0.0,,169000.0,,2,14,6.0,141011,,,169000.0
99.0,,,,,1,14,17.0,141011,2.0,2412.0,0.0
,0.0,,,,2,14,5.0,141011,,,0.0
,0.0,,200000.0,,1,14,2.0,141011,,,200000.0
400000.0,,,,,1,14,12.0,141011,5.0,5121.0,0.0
300000.0,,,,,1,14,11.0,141011,8.0,8162.0,0.0
600000.0,,,,,1,14,15.0,141011,2.0,2455.0,0.0
2000000.0,,,,,2,14,17.0,141011,1.0,1120.0,0.0
2000000.0,,,,,1,14,12.0,141011,3.0,3415.0,0.0
600000.0,,,,,2,14,12.0,141011,3.0,3412.0,0.0
,,,,,1,14,,141011,,,0.0
1000000.0,,,,,2,14,17.0,141011,2.0,2230.0,0.0
,,,,,1,14,18.0,141011,2.0,2142.0,0.0
2500000.0,,,,,1,14,17.0,141011,1.0,1120.0,0.0
1600000.0,,,,,2,14,17.0,141011,1.0,1120.0,0.0
,,,,,2,14,,141011,,,0.0
,,,,,1,14,14.0,141011,2.0,2411.0,0.0
,0.0,,205000.0,,2,14,17.0,141011,,,205000.0
1200000.0,,,,,2,14,16.0,141011,3.0,3151.0,0.0
30000.0,,,,,2,14,16.0,141011,3.0,3443.0,0.0
,0.0,,,,2,14,16.0,141011,,,0.0
150000.0,,,,,1,14,13.0,141011,9.0,9153.0,0.0
200000.0,,,167067.0,,2,14,8.0,141011,9.0,9131.0,167067.0
,0.0,,,,1,14,12.0,141011,,,0.0
,,,,,2,14,12.0,141011,1.0,1314.0,0.0
,0.0,,,,1,14,8.0,141011,,,0.0
270000.0,,,,,2,14,12.0,141011,4.0,4223.0,0.0
,0.0,,,,1,14,9.0,141011,,,0.0
,,,,,2,14,,141011,,,0.0
,,,,,2,14,,141011,,,0.0
,0.0,,,,2,14,6.0,141011,,,0.0
,0.0,,187924.0,,1,14,5.0,141011,,,187924.0
,,,,,1,14,12.0,141011,9.0,9212.0,0.0
,0.0,,,104646.0,2,14,8.0,141011,,,104646.0
370000.0,,,,,2,14,14.0,141011,2.0,2411.0,0.0
,0.0,,,,2,14,12.0,141011,,,0.0
,,,,,1,14,,141011,,,0.0
600000.0,,,,,1,14,10.0,141011,8.0,8324.0,0.0
630000.0,,,,,1,14,10.0,141011,8.0,8281.0,0.0
300000.0,,,,,2,14,14.0,141011,3.0,3221.0,0.0
,0.0,,,,2,14,13.0,141011,,,0.0
,,11091.0,,,1,14,,141011,,,0.0
,,11091.0,,,1,14,,141011,,,0.0
270000.0,,,,,1,14,15.0,141011,4.0,4142.0,0.0
,140000.0,,,,2,14,14.0,141011,,,0.0
,0.0,,,,2,14,11.0,141011,,,0.0
,,,,,2,14,,141011,,,0.0
,,,,,1,14,,141011,,,0.0
270000.0,,,,,2,14,12.0,141011,4.0,4121.0,0.0
,,,,,1,14,12.0,141011,6.0,6113.0,0.0
240000.0,,,,,2,14,2.0,141011,9.0,9131.0,0.0
1100000.0,,,,,1,14,15.0,141011,7.0,7231.0,0.0
,0.0,,,,2,14,12.0,141011,,,0.0
,0.0,,,,1,14,10.0,141011,,,0.0
,,,,,2,14,,141011,,,0.0
300000.0,,,,,2,14,11.0,141011,8.0,8322.0,0.0
200000.0,,,,,1,14,12.0,141011,6.0,6141.0,0.0
1000000.0,,,,,1,14,14.0,141011,5.0,5162.0,0.0
1100000.0,,,,,1,14,17.0,141011,2.0,2230.0,0.0
,,,,,2,14,16.0,141011,9.0,9113.0,0.0
,,,,,2,14,,141011,,,0.0
,,,,,1,14,,141011,,,0.0
,,,,,2,14,12.0,141011,5.0,5122.0,0.0
,,11091.0,,,1,14,,141011,,,0.0
,,,128000.0,,2,14,12.0,141011,5.0,5133.0,128000.0
,0.0,,,,2,14,14.0,141011,,,0.0
680000.0,,,,,2,14,17.0,141011,2.0,2419.0,0.0
,0.0,,,,1,14,13.0,141011,,,0.0
274000.0,,,,,2,14,12.0,141011,3.0,3439.0,0.0
35000.0,,,,,1,14,12.0,141011,9.0,9152.0,0.0
,0.0,,,,2,14,10.0,141011,,,0.0
,0.0,,,104646.0,1,14,6.0,141011,,,104646.0
,0.0,,260000.0,,1,14,6.0,141011,,,260000.0
,0.0,,97000.0,,2,14,10.0,141011,,,97000.0
120000.0,,,,,2,14,10.0,141011,9.0,9132.0,0.0
,,11091.0,,,2,14,,141011,,,0.0
600000.0,,,,,1,14,10.0,141011,7.0,7123.0,0.0
120000.0,,,,,2,14,15.0,141011,5.0,5220.0,0.0
,,,,,1,14,,141011,,,0.0
,0.0,,,,1,14,4.0,141011,,,0.0
100000.0,,,,,2,14,2.0,141011,9.0,9131.0,0.0
,,,,,1,14,12.0,141011,7.0,7412.0,0.0
,0.0,,,,2,14,10.0,141011,,,0.0
300000.0,,,,,1,14,7.0,141011,9.0,9132.0,0.0
,0.0,,,104646.0,2,14,3.0,141011,,,104646.0
,0.0,,,,2,14,17.0,141011,,,0.0
,0.0,,,,1,14,12.0,141011,,,0.0
,,11091.0,,,1,14,,141011,,,0.0
450000.0,,,,,1,14,10.0,141011,8.0,8141.0,0.0
,0.0,,,,2,14,9.0,141011,,,0.0
,,,,,2,14,,141011,,,0.0
500000.0,,,,,1,14,8.0,141011,7.0,7231.0,0.0
270000.0,,,,,2,14,12.0,141011,5.0,5220.0,0.0
,,,,,1,14,,141011,,,0.0
700000.0,,,,,1,14,12.0,141011,3.0,3431.0,0.0
,0.0,,1000000.0,,2,14,17.0,141011,,,1000000.0
900000.0,,,,,2,14,17.0,141011,2.0,2332.0,0.0
350000.0,,,,,1,14,16.0,141011,4.0,4190.0,0.0
,,,,,1,14,12.0,141011,5.0,5141.0,0.0
,,,,,2,14,,141011,,,0.0
,,,,,2,14,,141011,,,0.0
,100000.0,,,,1,14,8.0,141011,,,0.0
,200000.0,,,,2,14,8.0,141011,,,0.0
,0.0,,,,1,14,11.0,141011,,,0.0
,400000.0,,,,1,14,8.0,141011,,,0.0
,,,,,1,14,8.0,141011,6.0,6113.0,0.0
300000.0,,,,,1,14,10.0,141011,9.0,9313.0,0.0
,0.0,,,,2,14,12.0,141011,,,0.0
700000.0,,,,,1,14,12.0,141011,5.0,5220.0,0.0
,0.0,,,,2,14,12.0,141011,,,0.0
390000.0,,,,,1,14,12.0,141011,4.0,4131.0,0.0
450000.0,,,,,2,14,12.0,141011,5.0,5220.0,0.0
,,,,,2,14,,141011,,,0.0
240000.0,,,,,2,14,8.0,141011,5.0,5122.0,0.0
,0.0,,,,2,14,16.0,141011,,,0.0
,,11091.0,,,2,14,,141011,,,0.0
180000.0,,,,,2,14,16.0,141011,9.0,9131.0,0.0
,,,,,1,14,14.0,141011,1.0,1319.0,0.0
300000.0,,,,,2,14,12.0,141011,4.0,4215.0,0.0
,0.0,,,,1,14,12.0,141011,,,0.0
,,,,,1,14,,141011,,,0.0
,,,,,2,14,4.0,141011,1.0,1315.0,0.0
400000.0,,,,,1,14,12.0,141011,5.0,5122.0,0.0
300000.0,,,,,1,14,12.0,141011,5.0,5122.0,0.0
,,,,,1,14,,141011,,,0.0
275000.0,,,,,2,14,9.0,141011,5.0,5122.0,0.0
200000.0,,,,,2,14,8.0,141011,9.0,9131.0,0.0
120000.0,,,,,2,14,4.0,141011,9.0,9131.0,0.0
,0.0,,,,2,14,11.0,141011,,,0.0
,0.0,,,,1,14,9.0,141011,,,0.0
80000.0,,,,,2,14,10.0,141011,9.0,9322.0,0.0
,0.0,11091.0,,,2,14,6.0,141011,,,0.0
130000.0,,,,,2,14,12.0,141011,5.0,5220.0,0.0
300000.0,,,,,1,14,9.0,141011,9.0,9151.0,0.0
,0.0,,,,2,14,10.0,141011,,,0.0
140000.0,,,,,2,14,12.0,141011,5.0,5131.0,0.0
80000.0,,,,,1,14,10.0,141011,9.0,9313.0,0.0
,,,,,2,14,,141011,,,0.0
0.0,,,,,2,14,0.0,141011,9.0,9131.0,0.0
,0.0,,,,2,14,10.0,141011,,,0.0
,0.0,,,,2,14,10.0,141011,,,0.0
120000.0,,,,,1,14,7.0,141011,9.0,9333.0,0.0
,,,,,1,14,10.0,141011,9.0,9142.0,0.0
,,,,,1,14,,141011,,,0.0
,200000.0,,,,1,14,11.0,141011,,,0.0
,,,,,1,14,8.0,141011,7.0,7136.0,0.0
,0.0,,,,2,14,12.0,141011,,,0.0
,,11091.0,,,2,14,,141011,,,0.0
400000.0,,,,,1,14,11.0,141011,5.0,5220.0,0.0
275000.0,,,,,2,14,12.0,141011,4.0,4131.0,0.0
,,,,,2,14,14.0,141011,9.0,9333.0,0.0
,0.0,,,,2,14,8.0,141011,,,0.0
,0.0,,,,2,14,12.0,141011,,,0.0
,0.0,11091.0,,,1,14,12.0,141011,,,0.0
,,11091.0,,,1,14,,141011,,,0.0
,,11091.0,,,2,14,,141011,,,0.0
,0.0,,,,1,14,8.0,141011,,,0.0
,0.0,,,,1,14,12.0,141011,,,0.0
350000.0,,,,,1,14,11.0,141011,8.0,8323.0,0.0
,0.0,,,,2,14,12.0,141011,,,0.0
275000.0,,,,,2,14,12.0,141011,9.0,9131.0,0.0
,0.0,,,,1,14,11.0,141011,,,0.0
,,,,,1,14,,141011,,,0.0
275000.0,,,,,1,14,12.0,141011,9.0,9132.0,0.0
,0.0,,,,2,14,3.0,141011,,,0.0
,,,,,1,14,12.0,141011,7.0,7212.0,0.0
,,,,,1,14,8.0,141011,9.0,9142.0,0.0
,0.0,,,,2,14,6.0,141011,,,0.0
200000.0,,,,,2,14,12.0,141011,5.0,5141.0,0.0
,,11091.0,,,2,14,,141011,,,0.0
,0.0,,,,1,14,11.0,141011,,,0.0
,0.0,,118000.0,,1,14,4.0,141011,,,118000.0
325000.0,,,,,1,14,12.0,141011,7.0,7242.0,0.0
300000.0,,,,,2,14,12.0,141011,5.0,5122.0,0.0
270000.0,,,,,1,14,12.0,141011,9.0,9322.0,0.0
270000.0,,,,,2,14,12.0,141011,5.0,5131.0,0.0
,,,,,2,14,,141011,,,0.0
,,,,,2,14,,141011,,,0.0
,0.0,,,,2,14,5.0,141011,,,0.0
,,,,,1,14,15.0,141011,7.0,7244.0,0.0
,0.0,,,,2,14,12.0,141011,,,0.0
,,,,,2,14,,141011,,,0.0
,,,,,2,14,,141011,,,0.0
,,,,104646.0,1,14,10.0,141011,1.0,1312.0,104646.0
150000.0,,,,,1,14,6.0,141011,9.0,9141.0,0.0
256000.0,,,,,2,14,8.0,141011,9.0,9131.0,0.0
350000.0,,,,,2,14,17.0,141011,4.0,4190.0,0.0
,,,,,2,14,,141011,,,0.0
300000.0,,,,,1,14,12.0,141011,5.0,5169.0,0.0
400000.0,,,,,1,14,12.0,141011,4.0,4223.0,0.0
400000.0,,,,,2,14,12.0,141011,9.0,9131.0,0.0
120000.0,,,,,2,14,15.0,141011,5.0,5133.0,0.0
,,11091.0,,,1,14,,141011,,,0.0
,,11091.0,,,1,14,,141011,,,0.0
,,11091.0,,,1,14,,141011,,,0.0
,,,,,1,14,11.0,141011,8.0,8322.0,0.0
,0.0,,,,2,14,10.0,141011,,,0.0
,,,,,1,14,,141011,,,0.0
,,,,,1,14,,141011,,,0.0
,,,,,1,14,10.0,141011,8.0,8322.0,0.0
276000.0,,,,,2,14,9.0,141011,5.0,5122.0,0.0
,0.0,,,,2,14,8.0,141011,,,0.0
,,,,,1,14,13.0,141011,9.0,9161.0,0.0
370000.0,,,,,1,14,8.0,141011,8.0,8323.0,0.0
320000.0,,,,,2,14,4.0,141011,5.0,5122.0,0.0
,0.0,,,,2,14,3.0,141011,,,0.0
276000.0,,,,,1,14,8.0,141011,9.0,9313.0,0.0
,0.0,,,,1,14,4.0,141011,,,0.0
,0.0,,,,2,14,12.0,141011,,,0.0
,,11091.0,,,2,14,,141011,,,0.0
325000.0,,,,,1,14,12.0,141011,7.0,7212.0,0.0
220000.0,,,,,2,14,9.0,141011,9.0,9131.0,0.0
,0.0,,,,2,14,12.0,141011,,,0.0
,0.0,,,,2,14,10.0,141011,,,0.0
,0.0,,,,2,14,10.0,141011,,,0.0
,,,,,1,14,,141011,,,0.0
,0.0,,,104646.0,2,14,5.0,141011,,,104646.0
,,,,,2,14,4.0,141011,9.0,9131.0,0.0
,0.0,,,,2,14,6.0,141011,,,0.0
256000.0,,,,,1,14,12.0,141011,7.0,7124.0,0.0
,0.0,,,,2,14,8.0,141011,,,0.0
,0.0,,90000.0,,2,14,2.0,141011,,,90000.0
,0.0,,,,2,14,0.0,141011,,,0.0
,,,,,2,14,,141011,,,0.0
,,,,,2,14,,141011,,,0.0
220000.0,,,,,2,14,12.0,141011,5.0,5122.0,0.0
,,,,,1,14,,141011,,,0.0
,0.0,,118000.0,,1,14,11.0,141011,,,118000.0
,0.0,,,,2,14,10.0,141011,,,0.0
,0.0,,160000.0,,1,14,4.0,141011,,,160000.0
,0.0,,,,2,14,12.0,141011,,,0.0
300000.0,,,,,1,14,11.0,141011,8.0,8322.0,0.0
,0.0,,,,2,14,3.0,141011,,,0.0
,0.0,,,,1,14,10.0,141011,,,0.0
,0.0,,,,2,14,11.0,141011,,,0.0
,,,,,1,14,12.0,141011,6.0,6141.0,0.0
,0.0,,110000.0,,2,14,10.0,141011,,,110000.0
350000.0,,,,,1,14,15.0,141011,9.0,9333.0,0.0
,0.0,,276000.0,,1,14,3.0,141011,,,276000.0
500000.0,,,,,1,14,12.0,141011,7.0,7143.0,0.0
,0.0,,,,1,14,15.0,141011,,,0.0
,0.0,,,104646.0,2,14,10.0,141011,,,104646.0
,0.0,,,,2,14,5.0,141011,,,0.0
206000.0,,,,,1,14,0.0,141011,9.0,9132.0,0.0
,0.0,,,,2,14,11.0,141011,,,0.0
350000.0,,,,,2,14,15.0,141011,3.0,3231.0,0.0
200000.0,,,,,1,14,15.0,141011,8.0,8322.0,0.0
,,,,,2,14,,141011,,,0.0
,,,,,1,14,,141011,,,0.0
180000.0,,,,,2,14,6.0,141011,9.0,9131.0,0.0
,0.0,,,,1,14,14.0,141011,,,0.0
,0.0,,,,2,14,9.0,141011,,,0.0
,,,,,2,14,,141011,,,0.0
220000.0,,,,,1,14,12.0,141011,7.0,7124.0,0.0
270000.0,,,,,2,14,12.0,141011,4.0,4211.0,0.0
,0.0,,,,2,14,9.0,141011,,,0.0
,0.0,,,,1,14,12.0,141011,,,0.0
300000.0,,,,,2,14,12.0,141011,7.0,7412.0,0.0
,0.0,,,,2,14,0.0,141011,,,0.0
,0.0,,180000.0,,1,14,0.0,141011,,,180000.0
350000.0,,,,,1,14,12.0,141011,7.0,7231.0,0.0
,0.0,,,,2,14,2.0,141011,,,0.0
,,,,,2,14,12.0,141011,5.0,5230.0,0.0
500000.0,,,,,1,14,12.0,141011,8.0,8323.0,0.0
,0.0,,,,1,14,11.0,141011,,,0.0
,,,,,2,14,,141011,,,0.0
,,,,,2,14,12.0,141011,5.0,5141.0,0.0
,0.0,,,,1,14,13.0,141011,,,0.0
,0.0,,,,2,14,10.0,141011,,,0.0
600000.0,,,,,1,14,17.0,141011,9.0,9152.0,0.0
400000.0,,,,,1,14,12.0,141011,4.0,4131.0,0.0
600000.0,,,,,2,14,12.0,141011,8.0,8264.0,0.0
,,,,,1,14,12.0,141011,3.0,3118.0,0.0
,,,128000.0,,1,14,6.0,141011,7.0,7124.0,128000.0
,0.0,,,104646.0,2,14,0.0,141011,,,104646.0
300000.0,,,,,2,14,12.0,141011,5.0,5230.0,0.0
,0.0,11091.0,,,1,14,9.0,141011,,,0.0
390000.0,,,,,1,14,12.0,141011,8.0,8172.0,0.0
480000.0,,,,,2,14,16.0,141011,2.0,2446.0,0.0
,,,,,1,14,,141011,,,0.0
,0.0,,,,2,14,7.0,141011,,,0.0
200000.0,,,,,1,14,9.0,141011,8.0,8322.0,0.0
,0.0,,185000.0,,2,14,7.0,141011,,,185000.0
,0.0,,,,1,14,16.0,141011,,,0.0
,0.0,,,,1,14,12.0,141011,,,0.0
,65000.0,,168000.0,,1,14,6.0,141011,,,168000.0
,0.0,,,104646.0,2,14,0.0,141011,,,104646.0
,0.0,,,,2,14,0.0,141011,,,0.0
,0.0,,,,1,14,8.0,141011,,,0.0
315000.0,,,,,2,14,13.0,141011,4.0,4115.0,0.0
270000.0,,,,,1,14,12.0,141011,7.0,7422.0,0.0
,0.0,,,,2,14,15.0,141011,,,0.0
,0.0,,,,1,14,10.0,141011,,,0.0
,,11091.0,,,2,14,,141011,,,0.0
310000.0,,,,,1,14,12.0,141011,4.0,4131.0,0.0
,0.0,,,,2,14,10.0,141011,,,0.0
380000.0,,,,,1,14,12.0,141011,5.0,5169.0,0.0
275000.0,,,,,2,14,14.0,141011,5.0,5220.0,0.0
,0.0,,,104646.0,2,14,4.0,141011,,,104646.0
,0.0,,,,1,14,15.0,141011,,,0.0
,,,215000.0,,1,14,17.0,141011,1.0,1319.0,215000.0
150000.0,,,135000.0,,2,14,12.0,141011,4.0,4190.0,135000.0
,,,,,2,14,17.0,141011,3.0,3131.0,0.0
,0.0,,,104646.0,2,14,8.0,141011,,,104646.0
,0.0,,380000.0,,1,14,8.0,141011,,,380000.0
,0.0,,,,2,14,8.0,141011,,,0.0
,,,,,1,14,,141011,8.0,8323.0,0.0
,,,,,1,14,,141011,7.0,7341.0,0.0
,,,,,1,14,12.0,141011,9.0,9161.0,0.0
350000.0,,,,,1,14,12.0,141011,5.0,5163.0,0.0
,,,,,2,14,12.0,141011,5.0,5141.0,0.0
,,,,,1,14,,141011,,,0.0
,,,,,1,14,,141011,,,0.0
,,,,,1,14,12.0,141011,7.0,7213.0,0.0
,0.0,,,,2,14,8.0,141011,,,0.0
,0.0,,,,2,14,11.0,141011,,,0.0
300000.0,,,,,2,14,16.0,141011,2.0,2446.0,0.0
,0.0,,,,2,14,10.0,141011,,,0.0
,,,,,2,14,12.0,141011,7.0,7436.0,0.0
,0.0,,,,2,14,2.0,141011,,,0.0
300000.0,,,,,1,14,10.0,141011,7.0,7412.0,0.0
99.0,,,,,2,14,5.0,141011,9.0,9132.0,0.0
99.0,,,,,1,14,12.0,141011,6.0,6113.0,0.0
99.0,,,,,1,14,8.0,141011,3.0,3142.0,0.0
,,,,,2,14,12.0,141011,1.0,1314.0,0.0
,,11091.0,,,2,14,,141011,,,0.0
,,11091.0,,,2,14,,141011,,,0.0
,,11091.0,,,2,14,,141011,,,0.0
,0.0,,,,1,14,6.0,141011,,,0.0
,,,,,1,14,9.0,141011,8.0,8324.0,0.0
,0.0,,,104646.0,2,14,6.0,141011,,,104646.0
150000.0,,,,,2,14,15.0,141011,9.0,9132.0,0.0
276000.0,,,,,2,14,12.0,141011,4.0,4115.0,0.0
,,,,,1,14,,141011,,,0.0
,,,,,2,14,,141011,,,0.0
300000.0,,,,104646.0,2,14,8.0,141011,9.0,9131.0,104646.0
300000.0,,,,,1,14,8.0,141011,9.0,9152.0,0.0
,,,,,2,14,,141011,,,0.0
,0.0,,,,2,14,6.0,141011,,,0.0
400000.0,,,,,1,14,4.0,141011,9.0,9312.0,0.0
,0.0,,,104646.0,2,14,7.0,141011,,,104646.0
350000.0,,,,,2,14,12.0,141011,4.0,4211.0,0.0
,0.0,,,,2,14,9.0,141011,,,0.0
,0.0,,,104646.0,2,14,2.0,141011,,,104646.0
,,,,,1,14,9.0,141011,7.0,7331.0,0.0
,0.0,,,,1,14,16.0,141011,,,0.0
,0.0,,,104646.0,2,14,12.0,141011,,,104646.0
520000.0,,,,,2,14,16.0,141011,5.0,5220.0,0.0
,0.0,,,,1,14,5.0,141011,,,0.0
,0.0,,,104646.0,2,14,3.0,141011,,,104646.0
300000.0,,,110000.0,,1,14,10.0,141011,3.0,3439.0,110000.0
,0.0,,,,2,14,12.0,141011,,,0.0
,0.0,,260000.0,,1,14,15.0,141011,,,260000.0
,0.0,,98000.0,,2,14,17.0,141011,,,98000.0
,0.0,,,,1,14,10.0,141011,,,0.0
,0.0,,,,2,14,4.0,141011,,,0.0
280000.0,,,,,2,14,12.0,141011,5.0,5122.0,0.0
,,,,,1,14,12.0,141011,7.0,7214.0,0.0
,0.0,,,,1,14,5.0,141011,,,0.0
300000.0,,,,,2,14,12.0,141011,9.0,9131.0,0.0
400000.0,,,,,1,14,12.0,141011,8.0,8332.0,0.0
,0.0,,,,2,14,9.0,141011,,,0.0
,0.0,,,,2,14,8.0,141011,,,0.0
500000.0,,,,,1,14,12.0,141011,8.0,8331.0,0.0
,50000.0,,,,2,14,12.0,141011,,,0.0
,0.0,,,,2,14,9.0,141011,,,0.0
,,,,,2,14,,141011,,,0.0
,0.0,,,,2,14,6.0,141011,,,0.0
,0.0,,,,1,14,0.0,141011,,,0.0
,0.0,,600000.0,,1,14,10.0,141011,,,600000.0
,0.0,,,,2,14,7.0,141011,,,0.0
,,,,,1,14,8.0,141011,5.0,5141.0,0.0
,0.0,,,,2,14,12.0,141011,,,0.0
,,,,,2,14,8.0,141011,5.0,5141.0,0.0
,0.0,,,,2,14,16.0,141011,,,0.0
,,,,,1,14,,141011,,,0.0
,,11091.0,,,2,14,,141011,,,0.0
,,11091.0,,,2,14,,141011,,,0.0
480000.0,,,,,2,14,8.0,141011,9.0,9153.0,0.0
400000.0,,,,,1,14,8.0,141011,7.0,7231.0,0.0
290000.0,,,,,2,14,12.0,141011,3.0,3211.0,0.0
,0.0,,,,1,14,10.0,141011,,,0.0
,0.0,,,,2,14,9.0,141011,,,0.0
,0.0,,350000.0,,1,14,12.0,141011,,,350000.0
450000.0,,,,,2,14,17.0,141011,2.0,2320.0,0.0
270000.0,,,,,2,14,12.0,141011,4.0,4222.0,0.0
,0.0,,,,1,14,12.0,141011,,,0.0
,0.0,,,,2,14,17.0,141011,,,0.0
420000.0,,,,,1,14,17.0,141011,2.0,2331.0,0.0
,,,,,2,14,,141011,,,0.0
,0.0,,,,1,14,13.0,141011,,,0.0
,0.0,,,,2,14,17.0,141011,,,0.0
,0.0,,,,2,14,16.0,141011,,,0.0
,0.0,,198000.0,,1,14,9.0,141011,,,198000.0
,0.0,,148000.0,,2,14,12.0,141011,,,148000.0
,0.0,,,,1,14,12.0,141011,,,0.0
,,,,,1,14,16.0,141011,7.0,7213.0,0.0
700000.0,,,,,2,14,17.0,141011,6.0,6141.0,0.0
,0.0,,591000.0,,1,14,7.0,141011,,,591000.0
,0.0,,,,2,14,8.0,141011,,,0.0
,0.0,,,,2,14,18.0,141011,,,0.0
,0.0,,,,2,14,16.0,141011,,,0.0
380000.0,,,,,1,14,12.0,141011,5.0,5131.0,0.0
99.0,,,,,2,14,12.0,141011,5.0,5122.0,0.0
,0.0,,,,1,14,4.0,141011,,,0.0
,0.0,,,,2,14,0.0,141011,,,0.0
,0.0,,,,2,14,10.0,141011,,,0.0
,,,,,2,14,,141011,,,0.0
,0.0,,462715.0,,2,14,19.0,141011,,,462715.0
,,,,,1,14,17.0,141011,2.0,2142.0,0.0
900000.0,,,,,1,14,17.0,141011,2.0,2320.0,0.0
,0.0,,179000.0,,2,14,12.0,141011,,,179000.0
,0.0,,360000.0,,1,14,17.0,141011,,,360000.0
,0.0,,,104646.0,2,14,10.0,141011,,,104646.0
,,,,,2,14,3.0,141011,5.0,5230.0,0.0
,0.0,,202000.0,,2,14,4.0,141011,,,202000.0
,0.0,,,,2,14,12.0,141011,,,0.0
,,,,,1,14,8.0,141011,7.0,7136.0,0.0
,0.0,,,,1,14,11.0,141011,,,0.0
,,11091.0,,,1,14,,141011,,,0.0
,,11091.0,,,2,14,,141011,,,0.0
,,,,,1,14,,141011,,,0.0
,0.0,,140000.0,,2,14,7.0,141011,,,140000.0
,0.0,,106000.0,,2,14,12.0,141011,,,106000.0
,0.0,,,,2,14,15.0,141011,,,0.0
,,,,,1,14,13.0,141011,8.0,8322.0,0.0
,,11091.0,,,2,14,,141011,,,0.0
280000.0,,,,,1,14,11.0,141011,5.0,5122.0,0.0
,0.0,,,,2,14,11.0,141011,,,0.0
,,,,,1,14,,141011,,,0.0
104000.0,,,,,2,14,12.0,141011,9.0,9132.0,0.0
,0.0,,,,1,14,12.0,141011,,,0.0
,0.0,11091.0,,,1,14,10.0,141011,,,0.0
,,11091.0,,,2,14,,141011,,,0.0
,0.0,,152756.0,,2,14,1.0,141011,,,152756.0
,0.0,,,,2,14,9.0,141011,,,0.0
270000.0,,,,,2,14,8.0,141011,8.0,8322.0,0.0
,,11091.0,,,2,14,,141011,,,0.0
,,11091.0,,,1,14,,141011,,,0.0
,,,,,1,14,,141011,,,0.0
120000.0,,,,,2,14,7.0,141011,5.0,5133.0,0.0
350000.0,,,,,2,14,7.0,141011,5.0,5122.0,0.0
350000.0,,,,,2,14,15.0,141011,3.0,3122.0,0.0
,,11091.0,,,1,14,,141011,,,0.0
,,11091.0,,,1,14,,141011,,,0.0
,,,,,1,14,4.0,141011,5.0,5220.0,0.0
,,,,,2,14,10.0,141011,5.0,5220.0,0.0
,0.0,,,,1,14,12.0,141011,,,0.0
275000.0,,,,,2,14,13.0,141011,5.0,5131.0,0.0
,0.0,,,,1,14,12.0,141011,,,0.0
,0.0,,99.0,,1,14,4.0,141011,,,99.0
,0.0,,,104646.0,2,14,6.0,141011,,,104646.0
,,,,,1,14,15.0,141011,3.0,3118.0,0.0
270000.0,,,,,1,14,12.0,141011,7.0,7212.0,0.0
650000.0,,,,,1,14,12.0,141011,5.0,5220.0,0.0
,,,,,2,14,12.0,141011,9.0,9131.0,0.0
,,11091.0,,,2,14,,141011,,,0.0
270000.0,,,,,1,14,12.0,141011,9.0,9333.0,0.0
,0.0,,,,2,14,10.0,141011,,,0.0
,0.0,11091.0,,,2,14,10.0,141011,,,0.0
270000.0,,,,,1,14,12.0,141011,9.0,9211.0,0.0
270000.0,,,,,2,14,12.0,141011,5.0,5122.0,0.0
270000.0,,,,,1,14,12.0,141011,7.0,7411.0,0.0
,,11091.0,,,1,14,,141011,,,0.0
,,11091.0,,,1,14,,141011,,,0.0
,,,,,1,14,13.0,141011,9.0,9111.0,0.0
180000.0,,,,,2,14,12.0,141011,5.0,5123.0,0.0
,0.0,,,104646.0,1,14,0.0,141011,,,104646.0
,0.0,,,104646.0,2,14,0.0,141011,,,104646.0
270000.0,,,,,1,14,12.0,141011,5.0,5122.0,0.0
99.0,,,,,2,14,12.0,141011,9.0,9131.0,0.0
,,,,,1,14,,141011,,,0.0
,0.0,,140000.0,,1,14,12.0,141011,,,140000.0
,0.0,,250000.0,,2,14,15.0,141011,,,250000.0
,0.0,,,,2,14,17.0,141011,,,0.0
,0.0,,,,1,14,0.0,141011,,,0.0
,0.0,,,104646.0,2,14,4.0,141011,,,104646.0
170000.0,,,,,2,14,4.0,141011,9.0,9131.0,0.0
,0.0,,,,1,14,12.0,141011,,,0.0
270000.0,,,,,1,14,12.0,141011,9.0,9151.0,0.0
,0.0,,173000.0,,1,14,3.0,141011,,,173000.0
,0.0,,,104646.0,2,14,3.0,141011,,,104646.0
270000.0,,,,,2,14,13.0,141011,5.0,5220.0,0.0
,,,,,1,14,12.0,141011,7.0,7141.0,0.0
700000.0,,,,,1,14,16.0,141011,2.0,2320.0,0.0
250000.0,,,,,2,14,16.0,141011,5.0,5220.0,0.0
,,,,,1,14,9.0,141011,1.0,1314.0,0.0
,,,,,2,14,6.0,141011,1.0,1314.0,0.0
,0.0,,,,1,14,12.0,141011,,,0.0
270000.0,,,,,2,14,12.0,141011,5.0,5220.0,0.0
450000.0,,,,,1,14,18.0,141011,2.0,2451.0,0.0
,,11091.0,,,2,14,,141011,,,0.0
,0.0,,,,2,14,0.0,141011,,,0.0
,0.0,,,,1,14,0.0,141011,,,0.0
,,,,,1,14,8.0,141011,7.0,7124.0,0.0
,0.0,,,,2,14,12.0,141011,,,0.0
,,,,,1,14,,141011,,,0.0
350000.0,,,,,1,14,13.0,141011,5.0,5220.0,0.0
130000.0,,,,,2,14,6.0,141011,9.0,9131.0,0.0
270000.0,,,,,2,14,7.0,141011,9.0,9131.0,0.0
,0.0,,,,1,14,14.0,141011,,,0.0
,0.0,,,,2,14,11.0,141011,,,0.0
,,,,,1,14,5.0,141011,6.0,6113.0,0.0
,0.0,,,,2,14,8.0,141011,,,0.0
,0.0,,,,2,14,6.0,141011,,,0.0
500000.0,,,,,2,14,16.0,141011,2.0,2446.0,0.0
500000.0,,,,,1,14,12.0,141011,4.0,4223.0,0.0
,,,,,1,14,,141011,,,0.0
270000.0,,,,,2,14,8.0,141011,9.0,9132.0,0.0
,150000.0,,,,1,14,10.0,141011,,,0.0
,0.0,,,,2,14,8.0,141011,,,0.0
,0.0,,,,2,14,9.0,141011,,,0.0
,,,,,2,14,,141011,,,0.0
,0.0,,,,2,14,2.0,141011,,,0.0
,0.0,,,,2,14,0.0,141011,,,0.0
,0.0,,,,1,14,12.0,141011,,,0.0
100000.0,,,140000.0,,1,14,11.0,141011,5.0,5141.0,140000.0
,0.0,,,,2,14,11.0,141011,,,0.0
,0.0,,,,1,14,13.0,141011,,,0.0
,0.0,,,,1,14,13.0,141011,,,0.0
250000.0,,,400000.0,,1,14,15.0,141011,9.0,9152.0,400000.0
,,,,,2,14,11.0,141011,1.0,1314.0,0.0
,0.0,,,,2,14,10.0,141011,,,0.0
,0.0,,,104646.0,2,14,4.0,141011,,,104646.0
,0.0,,140000.0,,1,14,0.0,141011,,,140000.0
,0.0,,,,2,14,12.0,141011,,,0.0
,,,,,1,14,,141011,,,0.0
300000.0,,,,,1,14,,141011,9.0,9313.0,0.0
,,,,,2,14,,141011,,,0.0
,0.0,,,,2,14,8.0,141011,,,0.0
300000.0,,,,,1,14,11.0,141011,5.0,5220.0,0.0
,0.0,,,,2,14,12.0,141011,,,0.0
,80000.0,,,,2,14,12.0,141011,,,0.0
,,,,,2,14,,141011,,,0.0
600000.0,,,,,2,14,12.0,141011,4.0,4115.0,0.0
,0.0,,,,2,14,8.0,141011,,,0.0
800000.0,,,,,1,14,16.0,141011,2.0,2419.0,0.0
600000.0,,,,,2,14,17.0,141011,2.0,2331.0,0.0
,0.0,,,,2,14,12.0,141011,,,0.0
,0.0,,,,1,14,12.0,141011,,,0.0
500000.0,,,,,1,14,12.0,141011,8.0,8322.0,0.0
,,,,,1,14,12.0,141011,9.0,9112.0,0.0
270000.0,,,,,2,14,10.0,141011,9.0,9131.0,0.0
,0.0,,,,2,14,12.0,141011,,,0.0
,,,,,1,14,12.0,141011,9.0,9112.0,0.0
,,,,,2,14,,141011,,,0.0
,,,,,2,14,5.0,141011,1.0,1314.0,0.0
264000.0,,,,,2,14,12.0,141011,5.0,5123.0,0.0
,,,,,1,14,12.0,141011,8.0,8322.0,0.0
460000.0,,,,,1,14,12.0,141011,8.0,8278.0,0.0
160000.0,,,,,2,14,5.0,141011,9.0,9131.0,0.0
270000.0,,,,,2,14,12.0,141011,5.0,5220.0,0.0
,0.0,,260000.0,,2,14,9.0,141011,,,260000.0
,0.0,,,,2,14,6.0,141011,,,0.0
,0.0,,,104646.0,1,14,5.0,141011,,,104646.0
,0.0,,,,2,14,3.0,141011,,,0.0
,0.0,,,,2,14,4.0,141011,,,0.0
99.0,,,,,2,14,3.0,141011,8.0,8324.0,0.0
,0.0,,,,2,14,7.0,141011,,,0.0
,0.0,,,104646.0,2,14,6.0,141011,,,104646.0
,0.0,,,,1,14,8.0,141011,,,0.0
,0.0,,,,1,14,8.0,141011,,,0.0
276000.0,,,,,2,14,8.0,141011,5.0,5220.0,0.0
,0.0,,,,2,14,11.0,141011,,,0.0
,0.0,,,,1,14,9.0,141011,,,0.0
,,,,,1,14,,141011,,,0.0
,,,,,1,14,12.0,141011,1.0,1314.0,0.0
400000.0,,,,,2,14,12.0,141011,5.0,5220.0,0.0
1200000.0,,,,,1,14,17.0,141011,2.0,2213.0,0.0
1200000.0,,,,,2,14,17.0,141011,2.0,2446.0,0.0
,0.0,,,104646.0,1,14,6.0,141011,,,104646.0
,0.0,,99.0,,1,14,9.0,141011,,,99.0
,0.0,,,,2,14,5.0,141011,,,0.0
400000.0,,,,,2,14,15.0,141011,3.0,3231.0,0.0
,,,,,2,14,,141011,,,0.0
135000.0,,,,,2,14,8.0,141011,9.0,9132.0,0.0
,0.0,,,,1,14,13.0,141011,,,0.0
,,,,,1,14,,141011,,,0.0
,,,,,2,14,,141011,,,0.0
,,,,,1,14,8.0,141011,1.0,1317.0,0.0
,0.0,,,,2,14,12.0,141011,,,0.0
,0.0,,,,1,14,12.0,141011,,,0.0
,,,,,2,14,,141011,,,0.0
,0.0,,160000.0,,1,14,12.0,141011,,,160000.0
300000.0,,,,,1,14,13.0,141011,8.0,8332.0,0.0
160000.0,,,,,2,14,12.0,141011,9.0,9131.0,0.0
,,,,,1,14,,141011,,,0.0
,,,,,1,14,,141011,,,0.0
,0.0,,,,2,14,9.0,141011,,,0.0
,0.0,,,,2,14,10.0,141011,,,0.0
,,,,,1,14,,141011,,,0.0
350000.0,,,,,1,14,10.0,141011,8.0,8323.0,0.0
,,,,,2,14,12.0,141011,5.0,5122.0,0.0
320000.0,,,,,1,14,12.0,141011,8.0,8324.0,0.0
350000.0,,,,,1,14,12.0,141011,8.0,8324.0,0.0
,,,,,1,14,4.0,141011,4.0,4133.0,0.0
,0.0,,,,2,14,0.0,141011,,,0.0
300000.0,,,,,1,14,12.0,141011,5.0,5122.0,0.0
,0.0,,150000.0,,1,14,4.0,141011,,,150000.0
,0.0,,,104646.0,2,14,6.0,141011,,,104646.0
,,,,,2,14,10.0,141011,5.0,5220.0,0.0
,0.0,,300000.0,,1,14,6.0,141011,,,300000.0
,0.0,,,104646.0,2,14,6.0,141011,,,104646.0
,0.0,,170000.0,,2,14,6.0,141011,,,170000.0
99.0,,,,,1,14,12.0,141011,7.0,7134.0,0.0
,0.0,,,,1,14,12.0,141011,,,0.0
,0.0,,,,2,14,3.0,141011,,,0.0
,0.0,,,,2,14,12.0,141011,,,0.0
,0.0,11091.0,,,1,14,12.0,141011,,,0.0
,,11091.0,,,1,14,,141011,,,0.0
,0.0,,,,2,14,4.0,141011,,,0.0
,0.0,,,,2,14,2.0,141011,,,0.0
,0.0,,,,1,14,9.0,141011,,,0.0
,0.0,,,,2,14,10.0,141011,,,0.0
,0.0,,190000.0,,1,14,3.0,141011,,,190000.0
,0.0,,,,2,14,3.0,141011,,,0.0
275000.0,,,,,1,14,12.0,141011,9.0,9132.0,0.0
,0.0,,,,1,14,11.0,141011,,,0.0
,,,,,2,14,12.0,141011,1.0,1314.0,0.0
270000.0,,,,,1,14,12.0,141011,9.0,9333.0,0.0
1300000.0,,,,,1,14,16.0,141011,2.0,2331.0,0.0
,0.0,,,,2,14,8.0,141011,,,0.0
,0.0,,,,2,14,6.0,141011,,,0.0
270000.0,,,,,2,14,13.0,141011,4.0,4211.0,0.0
270000.0,,,,,1,14,12.0,141011,5.0,5220.0,0.0
99.0,,,,,2,14,14.0,141011,9.0,9211.0,0.0
,,,,,2,14,,141011,,,0.0
,,,,,1,14,,141011,,,0.0
,0.0,,,,2,14,3.0,141011,,,0.0
,0.0,,290000.0,,2,14,17.0,141011,,,290000.0
,0.0,,,,2,14,6.0,141011,,,0.0
300000.0,,,120000.0,,2,14,11.0,141011,9.0,9131.0,120000.0
,,,,,2,14,7.0,141011,7.0,7436.0,0.0
,0.0,,,,2,14,13.0,141011,,,0.0
,0.0,,,,1,14,15.0,141011,,,0.0
,0.0,,,,2,14,12.0,141011,,,0.0
270000.0,,,,,1,14,13.0,141011,3.0,3121.0,0.0
,0.0,,200000.0,,1,14,12.0,141011,,,200000.0
,0.0,,,,2,14,16.0,141011,,,0.0
,,11091.0,,,2,14,,141011,,,0.0
350000.0,,,,,1,14,12.0,141011,8.0,8332.0,0.0
350000.0,,,,,2,14,12.0,141011,3.0,3431.0,0.0
,0.0,,,,1,14,9.0,141011,,,0.0
,,,,,1,14,,141011,,,0.0
,,,,,1,14,,141011,,,0.0
280000.0,,,,,2,14,12.0,141011,4.0,4211.0,0.0
,0.0,,,,2,14,4.0,141011,,,0.0
,0.0,,,,1,14,13.0,141011,,,0.0
,,11091.0,,,1,14,,141011,,,0.0
,,11091.0,,,1,14,,141011,,,0.0
,,,,,1,14,12.0,141011,7.0,7124.0,0.0
,0.0,,,,1,14,9.0,141011,,,0.0
,,,,,1,14,,141011,,,0.0
410000.0,,,,,1,14,12.0,141011,9.0,9313.0,0.0
276000.0,,,,,2,14,12.0,141011,5.0,5220.0,0.0
,,,,,1,14,,141011,,,0.0
,,,,,1,14,14.0,141011,1.0,1314.0,0.0
270000.0,,,,,2,14,12.0,141011,5.0,5122.0,0.0
,0.0,,,,2,14,9.0,141011,,,0.0
300000.0,,,,,1,14,12.0,141011,4.0,4190.0,0.0
300000.0,,,,,2,14,12.0,141011,5.0,5220.0,0.0
,,,,,1,14,,141011,,,0.0
,,,,,2,14,,141011,,,0.0
,,,,,1,14,15.0,141011,5.0,5151.0,0.0
,0.0,,,,2,14,14.0,141011,,,0.0
,,11091.0,,,1,14,,141011,,,0.0
,,11091.0,,,2,14,,141011,,,0.0
,,11091.0,,,2,14,,141011,,,0.0
,,11091.0,,,1,14,,141011,,,0.0
,,11091.0,,,2,14,,141011,,,0.0
,0.0,,,,1,14,11.0,141011,,,0.0
,0.0,,,,1,14,11.0,141011,,,0.0
,0.0,,,,2,14,15.0,141011,,,0.0
600000.0,,,,,1,14,12.0,141011,4.0,4131.0,0.0
,,11091.0,,,1,14,,141011,,,0.0
,0.0,,210000.0,,1,14,5.0,141011,,,210000.0
,0.0,,,,2,14,5.0,141011,,,0.0
,0.0,,,104646.0,1,14,4.0,141011,,,104646.0
,0.0,,,104646.0,2,14,6.0,141011,,,104646.0
276000.0,,,,,2,14,10.0,141011,9.0,9131.0,0.0
90000.0,,,,,2,14,14.0,141011,4.0,4211.0,0.0
,,,,,1,14,6.0,141011,7.0,7233.0,0.0
,,,,,2,14,7.0,141011,5.0,5230.0,0.0
120000.0,,,,,2,14,15.0,141011,5.0,5220.0,0.0
,,,,,2,14,,141011,,,0.0
,0.0,,,,2,14,14.0,141011,,,0.0
,,,,,1,14,12.0,141011,7.0,7141.0,0.0
,0.0,,,,2,14,12.0,141011,,,0.0
,,,,,1,14,8.0,141011,8.0,8323.0,0.0
,,,,,1,14,15.0,141011,8.0,8141.0,0.0
500000.0,,,,,2,14,12.0,141011,3.0,3439.0,0.0
400000.0,,,,,2,14,16.0,141011,3.0,3320.0,0.0
,,,,,1,14,12.0,141011,7.0,7213.0,0.0
,0.0,,,,2,14,8.0,141011,,,0.0
,0.0,,,,1,14,12.0,141011,,,0.0
,,,,,1,14,,141011,,,0.0
,,,,,2,14,,141011,,,0.0
,0.0,,,,1,14,12.0,141011,,,0.0
270000.0,,,,,2,14,12.0,141011,8.0,8263.0,0.0
,0.0,,,,1,14,13.0,141011,,,0.0
,0.0,,,,1,14,12.0,141011,,,0.0
,0.0,,,,2,14,12.0,141011,,,0.0
500000.0,,,,,1,14,12.0,141011,8.0,8323.0,0.0
,0.0,,,,1,14,9.0,141011,,,0.0
,,,,,2,14,,141011,,,0.0
,0.0,,,,2,14,10.0,141011,,,0.0
,,,,,1,14,5.0,141011,5.0,5230.0,0.0
,0.0,,,104646.0,2,14,10.0,141011,,,104646.0
,0.0,,280000.0,,1,14,10.0,141011,,,280000.0
,0.0,,,,2,14,15.0,141011,,,0.0
,,,,,1,14,,141011,,,0.0
,0.0,,,,1,14,6.0,141011,,,0.0
,0.0,,,104646.0,2,14,6.0,141011,,,104646.0
,0.0,,,,2,14,13.0,141011,,,0.0
380000.0,,,,,2,14,12.0,141011,5.0,5220.0,0.0
,,,,,1,14,,141011,,,0.0
,,,,,1,14,,141011,,,0.0
,0.0,,1500000.0,,1,14,18.0,141011,,,1500000.0
,0.0,,400000.0,,2,14,17.0,141011,,,400000.0
700000.0,,,,,1,14,15.0,141011,7.0,7233.0,0.0
,0.0,,,,2,14,12.0,141011,,,0.0
700000.0,,,,,2,14,17.0,141011,2.0,2320.0,0.0
,,,,,1,14,12.0,141011,8.0,8322.0,0.0
,0.0,,,,2,14,10.0,141011,,,0.0
350000.0,,,,,1,14,15.0,141011,7.0,7231.0,0.0
,,,120000.0,,1,14,12.0,141011,7.0,7412.0,120000.0
,0.0,,,,2,14,8.0,141011,,,0.0
,,,,,2,14,18.0,141011,2.0,2451.0,0.0
,0.0,,,104646.0,2,14,0.0,141011,,,104646.0
,0.0,,125000.0,,2,14,17.0,141011,,,125000.0
,0.0,,,104646.0,2,14,11.0,141011,,,104646.0
,0.0,,,,2,14,15.0,141011,,,0.0
,,,,,2,14,,141011,,,0.0
,,,,104646.0,1,14,4.0,141011,5.0,5230.0,104646.0
,0.0,,,,2,14,10.0,141011,,,0.0
,0.0,,,104646.0,2,14,12.0,141011,,,104646.0
,0.0,,,,2,14,11.0,141011,,,0.0
99.0,,,,,1,14,12.0,141011,9.0,9333.0,0.0
99.0,,,,,1,14,17.0,141011,3.0,3439.0,0.0
99.0,,,,,1,14,15.0,141011,9.0,9333.0,0.0
,,,,,1,14,15.0,141011,8.0,8322.0,0.0
550000.0,,,,,2,14,15.0,141011,3.0,3320.0,0.0
,0.0,,,,2,14,17.0,141011,,,0.0
,,,,,2,14,,141011,,,0.0
99.0,,,,,1,14,17.0,141011,2.0,2310.0,0.0
940000.0,,,,,1,14,17.0,141011,4.0,4131.0,0.0
,0.0,,,,2,14,11.0,141011,,,0.0
,0.0,,350000.0,,1,14,11.0,141011,,,350000.0
,,,,,1,14,,141011,,,0.0
,0.0,,220000.0,,1,14,6.0,141011,,,220000.0
,0.0,,,104646.0,2,14,6.0,141011,,,104646.0
99.0,,,,,2,14,12.0,141011,5.0,5122.0,0.0
99.0,,,,,1,14,12.0,141011,8.0,8324.0,0.0
,,,,,1,14,,141011,,,0.0
,,,,,2,14,,141011,,,0.0
960000.0,,,,,1,14,16.0,141011,2.0,2143.0,0.0
620000.0,,,,,2,14,14.0,141011,2.0,2113.0,0.0
,,,,,2,14,,141011,,,0.0
,,,,,2,14,,141011,,,0.0
99.0,,,,,2,14,14.0,141011,4.0,4113.0,0.0
99.0,,,,,2,14,14.0,141011,3.0,3431.0,0.0
,0.0,,,,1,14,15.0,141011,,,0.0
,,,,,1,14,,141011,,,0.0
,,,,,1,14,,141011,,,0.0
99.0,,,,,1,14,12.0,141011,5.0,5162.0,0.0
,0.0,,,,2,14,12.0,141011,,,0.0
,0.0,,,,1,14,16.0,141011,,,0.0
,0.0,,,,2,14,13.0,141011,,,0.0
1200000.0,,,,,1,14,17.0,141011,2.0,2148.0,0.0
,0.0,,,,2,14,17.0,141011,,,0.0
,,,,,2,14,,141011,,,0.0
,,,,,2,14,,141011,,,0.0
,0.0,,99.0,,1,14,16.0,141011,,,99.0
99.0,,,,,1,14,17.0,141011,2.0,2143.0,0.0
99.0,,,,,2,14,17.0,141011,2.0,2320.0,0.0
,0.0,,,,1,14,13.0,141011,,,0.0
99.0,,,,,1,14,10.0,141011,8.0,8324.0,0.0
99.0,,,,,2,14,12.0,141011,4.0,4211.0,0.0
,0.0,,,,2,14,14.0,141011,,,0.0
,0.0,,99.0,,1,14,12.0,141011,,,99.0
,0.0,,,,2,14,12.0,141011,,,0.0
,0.0,,,,2,14,17.0,141011,,,0.0
99.0,,,,,2,14,17.0,141011,2.0,2445.0,0.0
99.0,,,,,1,14,15.0,141011,3.0,3114.0,0.0
99.0,,,,,2,14,17.0,141011,2.0,2230.0,0.0
,0.0,,,,2,14,3.0,141011,,,0.0
,,,,,2,14,,141011,,,0.0
,,,,,1,14,,141011,,,0.0
275000.0,,,,,1,14,14.0,141011,5.0,5123.0,0.0
140000.0,,,,,2,14,13.0,141011,5.0,5123.0,0.0
,100000.0,,,,2,14,16.0,141011,,,0.0
,,,,,2,14,,141011,,,0.0
99.0,,,,,1,14,12.0,141011,7.0,7244.0,0.0
,0.0,,,,2,14,12.0,141011,,,0.0
,0.0,,,,2,14,12.0,141011,,,0.0
,,,,,1,14,,141011,,,0.0
,0.0,,,,2,14,12.0,141011,,,0.0
,0.0,,,,1,14,15.0,141011,,,0.0
,0.0,,,,1,14,17.0,141011,,,0.0
,0.0,,,,2,14,14.0,141011,,,0.0
700000.0,,,,,2,14,17.0,141011,2.0,2230.0,0.0
,0.0,,,,1,14,11.0,141011,,,0.0
,0.0,,103000.0,,2,14,6.0,141011,,,103000.0
,0.0,,,,2,14,12.0,141011,,,0.0
,,,,,2,14,,141011,,,0.0
99.0,,,,,1,14,19.0,141011,2.0,2145.0,0.0
,0.0,,,,2,14,17.0,141011,,,0.0
,,,,,1,14,,141011,,,0.0
,,,,,2,14,,141011,,,0.0
,0.0,,350000.0,,1,14,12.0,141011,,,350000.0
,0.0,,,,2,14,9.0,141011,,,0.0
,0.0,,,,2,14,6.0,141011,,,0.0
,0.0,,,,2,14,6.0,141011,,,0.0
,0.0,,,,2,14,15.0,141011,,,0.0
,0.0,,,,1,14,10.0,141011,,,0.0
,,,,,2,14,,141011,,,0.0
,,,,,1,14,,141011,,,0.0
,0.0,,,,2,14,12.0,141011,,,0.0
,,,,,1,14,17.0,141011,5.0,5122.0,0.0
300000.0,,,,,2,14,7.0,141011,9.0,9333.0,0.0
,0.0,,,,1,14,12.0,141011,,,0.0
600000.0,,,,,1,14,12.0,141011,4.0,4131.0,0.0
500000.0,,,,,2,14,12.0,141011,4.0,4131.0,0.0
,,,,,2,14,,141011,,,0.0
,,,,,1,14,12.0,141011,8.0,8322.0,0.0
480000.0,,,,,2,14,12.0,141011,4.0,4211.0,0.0
,,,,,2,14,,141011,,,0.0
490000.0,,,,,1,14,12.0,141011,5.0,5220.0,0.0
480000.0,,,,,2,14,14.0,141011,5.0,5220.0,0.0
,0.0,,,,2,14,13.0,141011,,,0.0
,0.0,,,,1,14,9.0,141011,,,0.0
,,,,,2,14,,141011,,,0.0
,,,180000.0,,2,14,5.0,141011,9.0,9131.0,180000.0
,,,,,2,14,12.0,141011,9.0,9131.0,0.0
650000.0,,,,,1,14,15.0,141011,3.0,3221.0,0.0
450000.0,,,,,1,14,11.0,141011,9.0,9312.0,0.0
,0.0,,,,2,14,12.0,141011,,,0.0
,,,,,1,14,,141011,,,0.0
,,,,,2,14,,141011,,,0.0
,,,,,2,14,,141011,,,0.0
,,,,,1,14,15.0,141011,5.0,5169.0,0.0
,,,,,1,14,16.0,141011,9.0,9141.0,0.0
,,,,,2,14,17.0,141011,2.0,2411.0,0.0
,300000.0,,,,2,14,12.0,141011,,,0.0
,0.0,,,,1,14,15.0,141011,,,0.0
450000.0,,,,,1,14,15.0,141011,3.0,3213.0,0.0
800000.0,,,,,2,14,17.0,141011,2.0,2331.0,0.0
,0.0,,,,1,14,12.0,141011,,,0.0
,,,,,1,14,,141011,,,0.0
,,,,,1,14,,141011,,,0.0
320000.0,,,,,1,14,13.0,141011,4.0,4222.0,0.0
,0.0,,,,2,14,12.0,141011,,,0.0
,0.0,11091.0,,,2,14,11.0,141011,,,0.0
,,11091.0,,,1,14,,141011,,,0.0
,0.0,,,104646.0,2,14,12.0,141011,,,104646.0
,,,,,1,14,14.0,141011,3.0,3131.0,0.0
270000.0,,,,,1,14,12.0,141011,7.0,7412.0,0.0
,,,,,2,14,15.0,141011,1.0,1314.0,0.0
,0.0,,,,2,14,17.0,141011,4.0,4211.0,0.0
,,,,,1,14,,141011,,,0.0
,,,,,2,14,,141011,,,0.0
700000.0,,,,,2,14,16.0,141011,2.0,2411.0,0.0
350000.0,,,,,1,14,16.0,141011,3.0,3330.0,0.0
,,,,,1,14,10.0,141011,7.0,7231.0,0.0
,,,,,2,14,12.0,141011,7.0,7436.0,0.0
,,,,,1,14,8.0,141011,7.0,7231.0,0.0
,0.0,,,,2,14,10.0,141011,,,0.0
99.0,,,,,2,14,17.0,141011,2.0,2320.0,0.0
,0.0,,170000.0,,2,14,8.0,141011,,,170000.0
,,,,,1,14,12.0,141011,7.0,7231.0,0.0
,0.0,,,,2,14,11.0,141011,,,0.0
,0.0,,,,1,14,9.0,141011,,,0.0
,0.0,,,104646.0,2,14,13.0,141011,,,104646.0
,0.0,,,,2,14,6.0,141011,,,0.0
700000.0,,,,,1,14,17.0,141011,2.0,2213.0,0.0
380000.0,,,,,2,14,15.0,141011,3.0,3231.0,0.0
,,,,,2,14,,141011,,,0.0
,0.0,,,,2,14,6.0,141011,,,0.0
,0.0,,,,1,14,12.0,141011,,,0.0
,0.0,,,104646.0,2,14,3.0,141011,,,104646.0
,0.0,,,,1,14,10.0,141011,,,0.0
99.0,,,,,1,14,12.0,141011,5.0,5169.0,0.0
,0.0,,93000.0,,2,14,20.0,141011,,,93000.0
99.0,,,,,2,14,12.0,141011,999.0,9999.0,0.0
,0.0,,,,1,14,8.0,141011,,,0.0
,,,,,1,14,,141011,,,0.0
,0.0,,,,2,14,17.0,141011,,,0.0
,0.0,,,,1,14,8.0,141011,,,0.0
,0.0,,,,2,14,12.0,141011,,,0.0
363000.0,,,,,2,14,12.0,141011,5.0,5131.0,0.0
,,,,,2,14,,141011,,,0.0
,,,,,2,14,,141011,,,0.0
275000.0,,,,,2,14,12.0,141011,5.0,5122.0,0.0
,0.0,,,,1,14,8.0,141011,,,0.0
500000.0,,,,,1,14,12.0,141011,7.0,7233.0,0.0
,0.0,,,,2,14,10.0,141011,,,0.0
700000.0,,,,,1,14,12.0,141011,7.0,7233.0,0.0
,0.0,,,,2,14,9.0,141011,,,0.0
,0.0,,,,2,14,12.0,141011,,,0.0
,,,,,2,14,,141011,,,0.0
,,,,,2,14,,141011,,,0.0
,0.0,,,104646.0,2,14,10.0,141011,,,104646.0
,0.0,,,104646.0,2,14,11.0,141011,,,104646.0
,0.0,,,,2,14,12.0,141011,,,0.0
270000.0,,,,,1,14,12.0,141011,8.0,8290.0,0.0
,0.0,,,,2,14,12.0,141011,,,0.0
,0.0,,,,1,14,12.0,141011,,,0.0
,0.0,,178000.0,,2,14,6.0,141011,,,178000.0
99.0,,,,,2,14,12.0,141011,5.0,5220.0,0.0
,0.0,,,,1,14,15.0,141011,,,0.0
99.0,,,,,1,14,14.0,141011,9.0,9152.0,0.0
,,,,,1,14,12.0,141011,7.0,7212.0,0.0
,,,,,1,14,,141011,,,0.0
,,,,,1,14,,141011,,,0.0
300000.0,,,,,1,14,0.0,141011,7.0,7411.0,0.0
,99.0,,,,2,14,12.0,141011,,,0.0
,99.0,,,,2,14,9.0,141011,,,0.0
,,,,,2,14,,141011,,,0.0
,,,,,2,14,12.0,141011,9.0,9113.0,0.0
520000.0,,,,,1,14,13.0,141011,5.0,5122.0,0.0
,0.0,,,,2,14,16.0,141011,,,0.0
,,11091.0,,,2,14,,141011,,,0.0
,,11091.0,,,1,14,,141011,,,0.0
,,,,,1,14,15.0,141011,9.0,9112.0,0.0
500000.0,,,,,1,14,10.0,141011,1.0,1314.0,0.0
400000.0,,,,,2,14,16.0,141011,2.0,2351.0,0.0
86000.0,,,,,1,14,13.0,141011,5.0,5123.0,0.0
270000.0,,,,,2,14,12.0,141011,9.0,9131.0,0.0
286000.0,,,,,1,14,10.0,141011,9.0,9162.0,0.0
,,,,,1,14,,141011,,,0.0
,,,,,2,14,,141011,,,0.0
350000.0,,,,,2,14,16.0,141011,2.0,2411.0,0.0
,99.0,,,,2,14,16.0,141011,,,0.0
,,,,,1,14,12.0,141011,7.0,7242.0,0.0
,0.0,,,,2,14,12.0,141011,,,0.0
,0.0,,,,2,14,16.0,141011,,,0.0
,0.0,,,,1,14,12.0,141011,,,0.0
,,,,,1,14,,141011,,,0.0
,0.0,,,,2,14,,141011,,,0.0
,0.0,,,,2,14,6.0,141011,,,0.0
,,,,,1,14,6.0,141011,7.0,7122.0,0.0
,0.0,,,,2,14,9.0,141011,,,0.0
,,,,,1,14,12.0,141011,7.0,7122.0,0.0
,,,,,1,14,12.0,141011,8.0,8322.0,0.0
,,,,,1,14,12.0,141011,8.0,8322.0,0.0
,0.0,,,,2,14,10.0,141011,,,0.0
,0.0,,,,2,14,10.0,141011,,,0.0
,,,,,2,14,,141011,,,0.0
,,,,,2,14,,141011,,,0.0
,0.0,,,,1,14,0.0,141011,,,0.0
,,,,,1,14,12.0,141011,8.0,8322.0,0.0
,0.0,,,,2,14,12.0,141011,,,0.0
,0.0,,,,2,14,11.0,141011,,,0.0
,0.0,,122000.0,,2,14,2.0,141011,,,122000.0
,0.0,,,,2,14,12.0,141011,,,0.0
,0.0,,,,1,14,12.0,141011,,,0.0
270000.0,,,,,2,14,12.0,141011,5.0,5220.0,0.0
,,,,,1,14,3.0,141011,7.0,7124.0,0.0
,0.0,,,,2,14,5.0,141011,,,0.0
600000.0,,,,,2,14,17.0,141011,2.0,2446.0,0.0
800000.0,,,,,1,14,12.0,141011,7.0,7214.0,0.0
,,,,,1,14,,141011,,,0.0
,,,,,1,14,,141011,,,0.0
,,,99.0,,1,14,12.0,141011,8.0,8322.0,99.0
,0.0,,,104646.0,2,14,12.0,141011,,,104646.0
,0.0,,,,1,14,0.0,141011,,,0.0
650000.0,,,,,1,14,15.0,141011,3.0,3113.0,0.0
450000.0,,,,,2,14,15.0,141011,4.0,4132.0,0.0
,,,,,1,14,,141011,,,0.0
,,,,,1,14,12.0,141011,8.0,8322.0,0.0
380000.0,,,,,2,14,12.0,141011,4.0,4215.0,0.0
,,,,,2,14,,141011,,,0.0
,,,,,2,14,,141011,,,0.0
,,,,,1,14,9.0,141011,8.0,8322.0,0.0
,0.0,,,,2,14,9.0,141011,,,0.0
,0.0,,,,1,14,12.0,141011,,,0.0
,0.0,,300000.0,,2,14,12.0,141011,,,300000.0
,0.0,,,104646.0,2,14,4.0,141011,,,104646.0
,0.0,,200000.0,,1,14,1.0,141011,,,200000.0
99.0,,,,,2,14,16.0,141011,2.0,2446.0,0.0
99.0,,,,,1,14,12.0,141011,5.0,5162.0,0.0
,0.0,,,,2,14,12.0,141011,,,0.0
,0.0,,,,2,14,9.0,141011,,,0.0
300000.0,,,,,1,14,11.0,141011,9.0,9152.0,0.0
,0.0,,,,2,14,3.0,141011,,,0.0
700000.0,,,,,1,14,17.0,141011,2.0,2230.0,0.0
450000.0,,,,,1,14,12.0,141011,7.0,7136.0,0.0
,0.0,,,,2,14,12.0,141011,,,0.0
,,,,,2,14,,141011,,,0.0
,,,,,2,14,,141011,,,0.0
800000.0,,,,,1,14,12.0,141011,3.0,3415.0,0.0
,0.0,,,,2,14,14.0,141011,,,0.0
250000.0,,,,,1,14,14.0,141011,9.0,9151.0,0.0
,0.0,,,,2,14,14.0,141011,,,0.0
,0.0,,,,2,14,8.0,141011,,,0.0
620000.0,,,,,2,14,15.0,141011,3.0,3431.0,0.0
,0.0,,,,1,14,12.0,141011,,,0.0
,,,,,1,14,,141011,,,0.0
,0.0,,360000.0,,1,14,12.0,141011,,,360000.0
,0.0,,,,1,14,13.0,141011,,,0.0
,,,,,2,14,12.0,141011,7.0,7412.0,0.0
,0.0,,99.0,,2,14,0.0,141011,,,99.0
,,,100000.0,,2,14,15.0,141011,6.0,6113.0,100000.0
500000.0,,,,,1,14,17.0,141011,3.0,3416.0,0.0
600000.0,,,,,2,14,17.0,141011,2.0,2331.0,0.0
,0.0,,,,1,14,11.0,141011,,,0.0
800000.0,,,,,2,14,17.0,141011,2.0,2320.0,0.0
,,,,,2,14,,141011,,,0.0
800000.0,,,,,2,14,12.0,141011,2.0,2412.0,0.0
600000.0,,,,,1,14,17.0,141011,3.0,3431.0,0.0
800000.0,,,,,1,14,12.0,141011,7.0,7213.0,0.0
300000.0,,,,,1,14,12.0,141011,3.0,3225.0,0.0
,0.0,,,,2,14,12.0,141011,,,0.0
,0.0,,,,1,14,12.0,141011,,,0.0
,0.0,,1200000.0,,2,14,17.0,141011,,,1200000.0
360000.0,,,,,1,14,15.0,141011,4.0,4115.0,0.0
321000.0,,,,,2,14,15.0,141011,4.0,4121.0,0.0
270000.0,,,,,1,14,12.0,141011,7.0,7245.0,0.0
,0.0,,,,2,14,13.0,141011,,,0.0
290000.0,,,,,2,14,12.0,141011,5.0,5122.0,0.0
,,,,,1,14,8.0,141011,7.0,7141.0,0.0
270000.0,,,,,2,14,17.0,141011,5.0,5220.0,0.0
,0.0,,,,2,14,17.0,141011,,,0.0
,0.0,,,,1,14,17.0,141011,,,0.0
,0.0,,198000.0,,2,14,2.0,141011,,,198000.0
600000.0,,,,,1,14,14.0,141011,7.0,7124.0,0.0
,,,,,1,14,,141011,7.0,7422.0,0.0
300000.0,,,,,2,14,12.0,141011,9.0,9132.0,0.0
,0.0,,,,2,14,15.0,141011,,,0.0
,,,,,2,14,17.0,141011,1.0,1314.0,0.0
,,,,,1,14,,141011,,,0.0
,,,,,2,14,12.0,141011,9.0,9131.0,0.0
,,,,,2,14,,141011,,,0.0
,,,,,1,14,12.0,141011,8.0,8332.0,0.0
350000.0,,,,,2,14,12.0,141011,8.0,8322.0,0.0
,0.0,,,,1,14,15.0,141011,,,0.0
200000.0,,,,,2,14,12.0,141011,9.0,9131.0,0.0
,0.0,,,,2,14,15.0,141011,,,0.0
,,,120000.0,,1,14,12.0,141011,8.0,8322.0,120000.0
900000.0,,,,,1,14,17.0,141011,2.0,2411.0,0.0
,,,200000.0,,1,14,12.0,141011,8.0,8322.0,200000.0
900000.0,,,,,2,14,12.0,141011,3.0,3221.0,0.0
,,,800000.0,,1,14,15.0,141011,1.0,1314.0,800000.0
,0.0,,,,2,14,16.0,141011,,,0.0
,0.0,,,,1,14,12.0,141011,,,0.0
500000.0,,,,,1,14,12.0,141011,8.0,8161.0,0.0
,0.0,,,,2,14,12.0,141011,,,0.0
500000.0,,,,,2,14,15.0,141011,3.0,3320.0,0.0
,,,,,2,14,,141011,,,0.0
,0.0,,150000.0,,2,14,9.0,141011,,,150000.0
200000.0,,,,,1,14,12.0,141011,7.0,7311.0,0.0
120000.0,,,,,2,14,13.0,141011,5.0,5131.0,0.0
,0.0,,,,1,14,10.0,141011,,,0.0
,0.0,,130000.0,,2,14,8.0,141011,,,130000.0
,0.0,,,,1,14,12.0,141011,,,0.0
800000.0,,,,,2,14,16.0,141011,2.0,2340.0,0.0
,,,,,2,14,,141011,,,0.0
,,,,,1,14,,141011,,,0.0
,0.0,,,,1,14,12.0,141011,,,0.0
,0.0,,,,2,14,9.0,141011,,,0.0
0.0,,,,,2,14,13.0,141011,9.0,9333.0,0.0
900000.0,,,,,1,14,15.0,141011,3.0,3231.0,0.0
,,,,,2,14,15.0,141011,7.0,7412.0,0.0
,,,,104646.0,1,14,12.0,141011,9.0,9113.0,104646.0
270000.0,,,,,1,14,15.0,141011,8.0,8322.0,0.0
,0.0,,99.0,,2,14,8.0,141011,,,99.0
,,,,,1,14,11.0,141011,1.0,1314.0,0.0
,0.0,,,,1,14,16.0,141011,,,0.0
,0.0,,,,1,14,13.0,141011,,,0.0
,0.0,,,104646.0,1,14,12.0,141011,,,104646.0
,0.0,,131000.0,,2,14,10.0,141011,,,131000.0
300000.0,,,,,2,14,12.0,141011,9.0,9132.0,0.0
,,,,,1,14,17.0,141011,2.0,2141.0,0.0
,0.0,,,,2,14,15.0,141011,,,0.0
500000.0,,,,,1,14,12.0,141011,6.0,6141.0,0.0
300000.0,,,,,2,14,12.0,141011,5.0,5131.0,0.0
,,,,,1,14,,141011,,,0.0
,,,,,2,14,,141011,,,0.0
,0.0,,,104646.0,2,14,4.0,141011,,,104646.0
,0.0,,500000.0,,1,14,,141011,,,500000.0
,0.0,,400000.0,,2,14,,141011,,,400000.0
2100000.0,,,600000.0,,1,14,15.0,141011,7.0,7233.0,600000.0
,0.0,,,,2,14,12.0,141011,,,0.0
,,,,,1,14,17.0,141011,2.0,2141.0,0.0
,0.0,,189629.0,,2,14,16.0,141011,,,189629.0
700000.0,,,,,1,14,12.0,141011,4.0,4222.0,0.0
350000.0,,,,,2,14,12.0,141011,4.0,4211.0,0.0
,0.0,,,,2,14,13.0,141011,,,0.0
,0.0,,200000.0,,1,14,9.0,141011,,,200000.0
,0.0,,130000.0,,2,14,,141011,,,130000.0
,0.0,,,,2,14,9.0,141011,,,0.0
,0.0,,800000.0,,1,14,,141011,,,800000.0
,0.0,,122000.0,,2,14,6.0,141011,,,122000.0
99.0,,,,,2,14,15.0,141011,3.0,3431.0,0.0
,0.0,,,,2,14,9.0,141011,,,0.0
,0.0,,800000.0,,2,14,17.0,141011,,,800000.0
,0.0,,,,1,14,13.0,141011,,,0.0
,0.0,,200000.0,,2,14,6.0,141011,,,200000.0
430000.0,,,,,2,14,14.0,141011,1.0,1314.0,0.0
,,,,,1,14,,141011,,,0.0
0.0,,,130000.0,,2,14,12.0,141011,3.0,3431.0,130000.0
99.0,,,,,1,14,12.0,141011,3.0,3151.0,0.0
99.0,,,,,1,14,17.0,141011,4.0,4122.0,0.0
900000.0,,,,,2,14,15.0,141011,2.0,2412.0,0.0
500000.0,,,,,1,14,17.0,141011,5.0,5220.0,0.0
,0.0,,,,2,14,15.0,141011,,,0.0
,,,,,1,14,,141011,3.0,3415.0,0.0
,0.0,,,,2,14,12.0,141011,,,0.0
,0.0,,,,2,14,14.0,141011,,,0.0
,0.0,,,,2,14,11.0,141011,,,0.0
,,,,,1,14,19.0,141011,2.0,2411.0,0.0
500000.0,,,,,2,14,16.0,141011,5.0,5220.0,0.0
,0.0,,,,2,14,15.0,141011,,,0.0
700000.0,,,,,1,14,17.0,141011,2.0,2419.0,0.0
350000.0,,,,,2,14,15.0,141011,3.0,3431.0,0.0
,0.0,,,,1,14,15.0,141011,,,0.0
,0.0,,,,2,14,10.0,141011,,,0.0
,,,,,1,14,,141011,,,0.0
,0.0,,,,1,14,11.0,141011,,,0.0
,0.0,,160950.0,,2,14,10.0,141011,,,160950.0
700000.0,,,,,1,14,16.0,141011,3.0,3152.0,0.0
,0.0,,,,2,14,12.0,141011,,,0.0
,,,,,1,14,,141011,,,0.0
,,,,,1,14,12.0,141011,8.0,8322.0,0.0
,0.0,,,,1,14,17.0,141011,,,0.0
,0.0,,,,2,14,12.0,141011,,,0.0
,,,,,1,14,12.0,141011,7.0,7241.0,0.0
500000.0,,,,,1,14,12.0,141011,7.0,7215.0,0.0
,0.0,,,,2,14,12.0,141011,,,0.0
,0.0,,,,2,14,12.0,141011,,,0.0
,,,,,1,14,,141011,,,0.0
,0.0,,,,2,14,16.0,141011,,,0.0
,0.0,,200300.0,,2,14,12.0,141011,,,200300.0
,50000.0,,,,2,14,18.0,141011,,,0.0
230000.0,,,,,1,14,15.0,141011,4.0,4211.0,0.0
,,,,,2,14,12.0,141011,7.0,7436.0,0.0
,,,,,2,14,,141011,,,0.0
,,,,,2,14,,141011,,,0.0
,0.0,,,,1,14,6.0,141011,,,0.0
,0.0,,,104646.0,2,14,6.0,141011,,,104646.0
,0.0,,,,2,14,12.0,141011,,,0.0
,,,,,2,14,12.0,141011,9.0,9131.0,0.0
,0.0,,,,1,14,9.0,141011,,,0.0
,0.0,,160000.0,,1,14,7.0,141011,,,160000.0
,0.0,,,104646.0,2,14,5.0,141011,,,104646.0
,0.0,,270000.0,,1,14,12.0,141011,,,270000.0
270000.0,,,,,2,14,12.0,141011,3.0,3431.0,0.0
,0.0,,,,2,14,10.0,141011,,,0.0
,0.0,,,,1,14,0.0,141011,,,0.0
,,,,,2,14,4.0,141011,5.0,5230.0,0.0
,,,80000.0,,1,14,10.0,141011,7.0,7241.0,80000.0
,0.0,,,,2,14,11.0,141011,,,0.0
,0.0,,,,1,14,12.0,141011,,,0.0
,0.0,,155600.0,,2,14,6.0,141011,,,155600.0
,0.0,,,,1,14,7.0,141011,,,0.0
,0.0,,,,1,14,9.0,141011,,,0.0
,,,,,1,14,17.0,141011,8.0,8322.0,0.0
,0.0,,,,2,14,12.0,141011,,,0.0
,0.0,,,,1,14,13.0,141011,,,0.0
,0.0,,,,1,14,12.0,141011,,,0.0
,0.0,,163000.0,,1,14,7.0,141011,,,163000.0
,0.0,,,104646.0,2,14,6.0,141011,,,104646.0
,,,,,1,14,16.0,141011,5.0,5122.0,0.0
,,,,,2,14,12.0,141011,5.0,5122.0,0.0
,0.0,11091.0,,,1,14,10.0,141011,,,0.0
,,11091.0,,,1,14,,141011,,,0.0
,,11091.0,,,1,14,,141011,,,0.0
500000.0,,,,,1,14,12.0,141011,4.0,4133.0,0.0
,0.0,,,,2,14,15.0,141011,,,0.0
800000.0,,,,,1,14,17.0,141011,2.0,2451.0,0.0
,0.0,,,104646.0,1,14,6.0,141011,,,104646.0
,0.0,,,,2,14,5.0,141011,,,0.0
,0.0,,,,1,14,15.0,141011,,,0.0
180000.0,,,,,2,14,12.0,141011,4.0,4223.0,0.0
350000.0,,,,,1,14,12.0,141011,5.0,5230.0,0.0
,,,,,2,14,13.0,141011,5.0,5122.0,0.0
450000.0,,,,,1,14,12.0,141011,7.0,7231.0,0.0
,0.0,,,,2,14,13.0,141011,,,0.0
,,11091.0,,,1,14,,141011,,,0.0
,0.0,,251000.0,,1,14,7.0,141011,,,251000.0
,0.0,,,,2,14,7.0,141011,,,0.0
,,,,,2,14,12.0,141011,9.0,9113.0,0.0
,,,,,1,14,,141011,,,0.0
,,,,,1,14,,141011,,,0.0
,,,,,2,14,,141011,,,0.0
270000.0,,,,,2,14,12.0,141011,5.0,5220.0,0.0
,0.0,,,,2,14,15.0,141011,,,0.0
400000.0,,,,,1,14,15.0,141011,3.0,3115.0,0.0
270000.0,,,,,2,14,9.0,141011,9.0,9131.0,0.0
,0.0,,,,1,14,12.0,141011,,,0.0
,,,,,2,14,,141011,,,0.0
,0.0,,,,1,14,9.0,141011,,,0.0
,0.0,,,104646.0,2,14,6.0,141011,,,104646.0
,,,,,1,14,12.0,141011,7.0,7212.0,0.0
,0.0,,,,2,14,11.0,141011,,,0.0
,0.0,,,,2,14,12.0,141011,,,0.0
,0.0,,,,2,14,11.0,141011,,,0.0
,,,,,2,14,,141011,,,0.0
,0.0,,,104646.0,2,14,8.0,141011,,,104646.0
,0.0,,170000.0,,1,14,6.0,141011,,,170000.0
,0.0,,,,2,14,7.0,141011,,,0.0
,0.0,,,,2,14,13.0,141011,,,0.0
,0.0,,110821.0,,2,14,6.0,141011,,,110821.0
,0.0,,180000.0,,1,14,12.0,141011,,,180000.0
250000.0,,,,,1,14,12.0,141011,9.0,9162.0,0.0
,,,,,1,14,8.0,141011,9.0,9211.0,0.0
,,,,,1,14,7.0,141011,9.0,9211.0,0.0
,0.0,,0.0,,1,14,12.0,141011,,,0.0
,0.0,,140000.0,,2,14,12.0,141011,,,140000.0
,0.0,,,,1,14,14.0,141011,,,0.0
,0.0,,130000.0,,1,14,6.0,141011,,,130000.0
,0.0,,,,1,14,8.0,141011,,,0.0
,0.0,,,,2,14,2.0,141011,,,0.0
,,,,,2,14,13.0,141011,5.0,5122.0,0.0
370000.0,,,,,1,14,12.0,141011,9.0,9333.0,0.0
400000.0,,,,,2,14,12.0,141011,5.0,5139.0,0.0
,0.0,,,,2,14,12.0,141011,,,0.0
270000.0,,,,,1,14,12.0,141011,5.0,5122.0,0.0
,,,,,2,14,,141011,,,0.0
,,,,,1,14,,141011,,,0.0
,,,,,1,14,,141011,,,0.0
,0.0,,,,1,14,15.0,141011,,,0.0
1000000.0,,,,,1,14,15.0,141011,2.0,2419.0,0.0
1300000.0,,,,,1,14,15.0,141011,3.0,3433.0,0.0
900000.0,,,,,2,14,15.0,141011,4.0,4211.0,0.0
,0.0,,,,2,14,12.0,141011,,,0.0
,0.0,,,,1,14,12.0,141011,,,0.0
500000.0,,,,,2,14,12.0,141011,4.0,4122.0,0.0
,0.0,,,,1,14,17.0,141011,,,0.0
,0.0,,350000.0,,1,14,12.0,141011,,,350000.0
,0.0,,230000.0,,2,14,16.0,141011,,,230000.0
,0.0,,800000.0,,1,14,12.0,141011,,,800000.0
,0.0,,600000.0,,2,14,12.0,141011,,,600000.0
99.0,,,,,2,14,16.0,141011,2.0,2310.0,0.0
1000000.0,,,300000.0,,1,14,17.0,141011,2.0,2331.0,300000.0
,0.0,,390000.0,,2,14,17.0,141011,,,390000.0
600000.0,,,,,1,14,12.0,141011,8.0,8323.0,0.0
,0.0,,,,2,14,12.0,141011,,,0.0
99.0,,,,,1,14,12.0,141011,4.0,4211.0,0.0
,0.0,,300000.0,,2,14,16.0,141011,,,300000.0
1400000.0,,,,,1,14,19.0,141011,2.0,2412.0,0.0
830000.0,,,,,2,14,17.0,141011,2.0,2412.0,0.0
,,,,,2,14,,141011,,,0.0
,,,,,1,14,3.0,141011,9.0,9142.0,0.0
,0.0,,300000.0,,2,14,12.0,141011,,,300000.0
,0.0,,,104646.0,1,14,9.0,141011,,,104646.0
,0.0,,,,1,14,,141011,,,0.0
,0.0,,,104646.0,2,14,3.0,141011,,,104646.0
,0.0,,,,1,14,16.0,141011,,,0.0
283000.0,,,,,1,14,12.0,141011,8.0,8323.0,0.0
,0.0,,,,2,14,12.0,141011,,,0.0
290000.0,,,,,1,14,12.0,141011,7.0,7231.0,0.0
,0.0,,,,2,14,12.0,141011,,,0.0
,0.0,,,,2,14,11.0,141011,,,0.0
,,,,,2,14,,141011,,,0.0
270000.0,,,,,2,14,12.0,141011,9.0,9132.0,0.0
,0.0,,,,2,14,12.0,141011,,,0.0
,0.0,,,,2,14,10.0,141011,,,0.0
,,,,,1,14,,141011,,,0.0
,,11091.0,,,2,14,,141011,,,0.0
,,11091.0,,,2,14,,141011,,,0.0
500000.0,,,,,1,14,8.0,141011,7.0,7136.0,0.0
,0.0,,,,2,14,8.0,141011,,,0.0
,0.0,,,,1,14,12.0,141011,,,0.0
,,,,,1,14,,141011,,,0.0
,,,,,2,14,12.0,141011,7.0,7436.0,0.0
200000.0,,,,,1,14,12.0,141011,5.0,5122.0,0.0
,,11091.0,,,1,14,,141011,,,0.0
,,11091.0,,,2,14,,141011,,,0.0
,,,,,1,14,12.0,141011,9.0,9112.0,0.0
,0.0,,,,2,14,12.0,141011,,,0.0
,,,,,1,14,,141011,,,0.0
,,11091.0,,,2,14,,141011,,,0.0
170000.0,,,,,2,14,3.0,141011,9.0,9131.0,0.0
,0.0,11091.0,,,2,14,7.0,141011,,,0.0
,,11091.0,,,1,14,,141011,,,0.0
,,11091.0,,,1,14,,141011,,,0.0
270000.0,,,,,1,14,8.0,141011,7.0,7141.0,0.0
,0.0,,,,2,14,7.0,141011,,,0.0
,,,,,2,14,,141011,,,0.0
,,,,,1,14,,141011,,,0.0
,,,,,2,14,11.0,141011,9.0,9132.0,0.0
,,,,,1,14,,141011,,,0.0
,,,,,1,14,,141011,,,0.0
600000.0,,,,,2,14,11.0,141011,4.0,4222.0,0.0
,0.0,,,,2,14,12.0,141011,,,0.0
400000.0,,,,,1,14,12.0,141011,4.0,4131.0,0.0
,,,,,1,14,,141011,,,0.0
,,,,,2,14,,141011,,,0.0
,0.0,,,,1,14,12.0,141011,,,0.0
1700000.0,,,,,1,14,17.0,141011,3.0,3152.0,0.0
,,,,,2,14,12.0,141011,9.0,9113.0,0.0
,,,,,1,14,,141011,,,0.0
,,,,,2,14,,141011,,,0.0
,,,,,1,14,,141011,,,0.0
,,,,,1,14,15.0,141011,8.0,8323.0,0.0
270000.0,,,,,2,14,15.0,141011,5.0,5220.0,0.0
,,,,,1,14,15.0,141011,8.0,8323.0,0.0
600000.0,,,,,1,14,12.0,141011,9.0,9152.0,0.0
,0.0,,,,2,14,15.0,141011,,,0.0
500000.0,,,,,2,14,16.0,141011,2.0,2331.0,0.0
,0.0,,,,2,14,16.0,141011,,,0.0
,0.0,,99.0,,1,14,12.0,141011,,,99.0
,0.0,,,,2,14,6.0,141011,,,0.0
,0.0,,,,2,14,12.0,141011,,,0.0
,,,,,2,14,,141011,,,0.0
260000.0,,,,,1,14,2.0,141011,9.0,9313.0,0.0
,0.0,,,,2,14,1.0,141011,,,0.0
260000.0,,,,,2,14,12.0,141011,9.0,9131.0,0.0
,,,,,1,14,8.0,141011,7.0,7129.0,0.0
700000.0,,,,,1,14,12.0,141011,8.0,8323.0,0.0
,0.0,,189171.0,,2,14,12.0,141011,,,189171.0
400000.0,,,,,2,14,15.0,141011,4.0,4211.0,0.0
900000.0,,,,,1,14,16.0,141011,2.0,2144.0,0.0
,,,,,2,14,,141011,,,0.0
,0.0,,280000.0,,1,14,0.0,141011,,,280000.0
,0.0,,95000.0,,2,14,12.0,141011,,,95000.0
400000.0,,,,,1,14,12.0,141011,5.0,5141.0,0.0
350000.0,,,,,1,14,12.0,141011,8.0,8323.0,0.0
,0.0,,,,2,14,11.0,141011,,,0.0
,0.0,,,,1,14,16.0,141011,,,0.0
,0.0,,,,2,14,14.0,141011,,,0.0
,0.0,,,,2,14,14.0,141011,,,0.0
,0.0,,250000.0,,1,14,7.0,141011,,,250000.0
,0.0,,,104646.0,2,14,4.0,141011,,,104646.0
250000.0,,,,,1,14,6.0,141011,8.0,8333.0,0.0
,,,,,2,14,12.0,141011,1.0,1315.0,0.0
,0.0,,,,2,14,14.0,141011,9.0,9132.0,0.0
320000.0,,,,,1,14,14.0,141011,8.0,8141.0,0.0
,,,,,1,14,,141011,,,0.0
,0.0,,,,2,14,6.0,141011,,,0.0
,0.0,,,,2,14,2.0,141011,,,0.0
99.0,,,,,1,14,16.0,141011,5.0,5220.0,0.0
,0.0,,,,2,14,2.0,141011,,,0.0
,,,,,1,14,10.0,141011,6.0,6113.0,0.0
,0.0,,,104646.0,2,14,12.0,141011,,,104646.0
,0.0,,,,2,14,4.0,141011,,,0.0
,,,,,1,14,12.0,141011,1.0,1314.0,0.0
,0.0,,,,1,14,14.0,141011,,,0.0
275000.0,,,,,2,14,10.0,141011,9.0,9132.0,0.0
200000.0,,,,,2,14,5.0,141011,9.0,9131.0,0.0
,,,,,2,14,,141011,,,0.0
,,,,,1,14,11.0,141011,7.0,7137.0,0.0
275000.0,,,,,1,14,1.0,141011,9.0,9132.0,0.0
,0.0,,,,1,14,11.0,141011,,,0.0
275000.0,,,,,1,14,13.0,141011,7.0,7233.0,0.0
,,,,,1,14,12.0,141011,8.0,8323.0,0.0
280000.0,,,,,2,14,9.0,141011,9.0,9132.0,0.0
290000.0,,,,,2,14,17.0,141011,2.0,2351.0,0.0
120000.0,,,,,2,14,15.0,141011,4.0,4131.0,0.0
,,11091.0,,,1,14,,141011,,,0.0
,0.0,,,,2,14,6.0,141011,,,0.0
99.0,,,,,1,14,12.0,141011,8.0,8278.0,0.0
20000.0,,,,,1,14,12.0,141011,9.0,9152.0,0.0
275000.0,,,,,1,14,12.0,141011,9.0,9333.0,0.0
275000.0,,,,,2,14,12.0,141011,9.0,9132.0,0.0
,,,,,2,14,,141011,,,0.0
,,,,,2,14,12.0,141011,3.0,3473.0,0.0
250000.0,,,,,2,14,12.0,141011,4.0,4223.0,0.0
,,,,,2,14,12.0,141011,9.0,9131.0,0.0
,99.0,,,,2,14,9.0,141011,,,0.0
,,11091.0,,,2,14,,141011,,,0.0
380000.0,,,,,1,14,12.0,141011,9.0,9333.0,0.0
99.0,,,,,2,14,10.0,141011,5.0,5220.0,0.0
,,11091.0,,,1,14,,141011,,,0.0
,,11091.0,,,2,14,,141011,,,0.0
,0.0,,,,1,14,6.0,141011,,,0.0
,0.0,,,104646.0,2,14,6.0,141011,,,104646.0
320000.0,,,,,2,14,8.0,141011,9.0,9322.0,0.0
,0.0,,,,2,14,12.0,141011,,,0.0
1400000.0,,,,,1,14,12.0,141011,8.0,8340.0,0.0
,0.0,,,,2,14,12.0,141011,,,0.0
99.0,,,,,1,14,12.0,141011,0.0,110.0,0.0
1200000.0,,,,,2,14,16.0,141011,2.0,2419.0,0.0
470000.0,,,,,1,14,12.0,141011,8.0,8323.0,0.0
300000.0,,,,,1,14,5.0,141011,6.0,6121.0,0.0
250000.0,,,,,2,14,7.0,141011,5.0,5142.0,0.0
,0.0,,,,1,14,9.0,141011,,,0.0
,0.0,,206000.0,,2,14,0.0,141011,,,206000.0
,0.0,,,104646.0,1,14,9.0,141011,,,104646.0
,,,,104646.0,2,14,6.0,141011,9.0,9131.0,104646.0
,,,100000.0,,1,14,12.0,141011,9.0,9211.0,100000.0
1200000.0,,,,,1,14,15.0,141011,3.0,3113.0,0.0
750000.0,,,,,2,14,17.0,141011,2.0,2446.0,0.0
,,,,,1,14,,141011,,,0.0
,,,,,2,14,,141011,,,0.0
,,,,,1,14,17.0,141011,1.0,1314.0,0.0
,0.0,,,,2,14,14.0,141011,,,0.0
1350000.0,,,,,1,14,16.0,141011,2.0,2144.0,0.0
1000000.0,,,,,2,14,13.0,141011,2.0,2131.0,0.0
,0.0,,,,2,14,11.0,141011,,,0.0
,,,,,2,14,18.0,141011,2.0,2419.0,0.0
,,,,,1,14,15.0,141011,2.0,2411.0,0.0
,0.0,,,,2,14,15.0,141011,,,0.0
,0.0,,,,2,14,16.0,141011,,,0.0
,0.0,,,,1,14,15.0,141011,,,0.0
,,,,,1,14,,141011,,,0.0
,,,,,2,14,,141011,,,0.0
270000.0,,,,,1,14,12.0,141011,7.0,7214.0,0.0
,0.0,,,,2,14,12.0,141011,,,0.0
,0.0,,,,2,14,15.0,141011,,,0.0
,,,,,1,14,,141011,,,0.0
,,,,,2,14,,141011,,,0.0
276000.0,,,,,2,14,12.0,141011,4.0,4131.0,0.0
,0.0,,,,2,14,12.0,141011,,,0.0
,,,,,1,14,15.0,141011,3.0,3121.0,0.0
,,,,,2,14,15.0,141011,7.0,7433.0,0.0
,,,,,2,14,,141011,,,0.0
1200000.0,,,,,1,14,18.0,141011,2.0,2145.0,0.0
600000.0,,,,,1,14,15.0,141011,3.0,3221.0,0.0
1500000.0,,,,,2,14,17.0,141011,2.0,2230.0,0.0
,,,,,1,14,14.0,141011,1.0,1316.0,0.0
99.0,,,,,2,14,15.0,141011,3.0,3231.0,0.0
,0.0,,,,2,14,15.0,141011,,,0.0
1300000.0,,,,,1,14,17.0,141011,2.0,2320.0,0.0
800000.0,,,,,2,14,17.0,141011,2.0,2320.0,0.0
350000.0,,,,,1,14,7.0,141011,8.0,8322.0,0.0
300000.0,,,,,1,14,15.0,141011,4.0,4211.0,0.0
,0.0,,,,2,14,15.0,141011,,,0.0
,,,,,2,14,,141011,,,0.0
300000.0,,,,,2,14,12.0,141011,5.0,5122.0,0.0
120000.0,,,,,1,14,13.0,141011,9.0,9322.0,0.0
,0.0,,,,1,14,14.0,141011,,,0.0
99.0,,,,,1,14,6.0,141011,8.0,8332.0,0.0
99.0,,,,,2,14,8.0,141011,9.0,9131.0,0.0
,0.0,,,,2,14,17.0,141011,,,0.0
240000.0,,,,,1,14,12.0,141011,5.0,5123.0,0.0
340000.0,,,,,1,14,15.0,141011,3.0,3122.0,0.0
290000.0,,,,,2,14,15.0,141011,9.0,9132.0,0.0
300000.0,,,,,2,14,12.0,141011,4.0,4211.0,0.0
,0.0,,,,2,14,13.0,141011,,,0.0
,,,,,1,14,,141011,,,0.0
300000.0,,,,,1,14,12.0,141011,9.0,9152.0,0.0
280000.0,,,,,2,14,15.0,141011,3.0,3320.0,0.0
,,,,,1,14,,141011,,,0.0
,0.0,,,,1,14,8.0,141011,,,0.0
,0.0,,,104646.0,2,14,6.0,141011,,,104646.0
400000.0,,,,,1,14,13.0,141011,4.0,4190.0,0.0
30000.0,,,,,2,14,12.0,141011,9.0,9132.0,0.0
400000.0,,,,,2,14,17.0,141011,2.0,2331.0,0.0
,0.0,,,,2,14,12.0,141011,,,0.0
,0.0,,209000.0,,2,14,9.0,141011,,,209000.0
,0.0,,,,2,14,14.0,141011,,,0.0
,,,120000.0,,1,14,12.0,141011,5.0,5122.0,120000.0
,,,,,2,14,7.0,141011,5.0,5122.0,0.0
,0.0,,850000.0,,1,14,15.0,141011,,,850000.0
,0.0,,,,2,14,13.0,141011,,,0.0
710000.0,,,,,1,14,17.0,141011,2.0,2331.0,0.0
,0.0,,,,1,14,15.0,141011,,,0.0
850000.0,,,,,1,14,15.0,141011,8.0,8142.0,0.0
,0.0,,,,2,14,12.0,141011,,,0.0
450000.0,,,,,1,14,15.0,141011,3.0,3113.0,0.0
,0.0,,,,1,14,14.0,141011,,,0.0
,0.0,,,,1,14,14.0,141011,,,0.0
,0.0,,,,1,14,10.0,141011,,,0.0
,0.0,,,104646.0,2,14,11.0,141011,,,104646.0
600000.0,,,,,2,14,17.0,141011,3.0,3211.0,0.0
3500000.0,,,,,1,14,17.0,141011,2.0,2142.0,0.0
,,,,,2,14,,141011,,,0.0
,,,,,1,14,,141011,,,0.0
900000.0,,,,,1,14,17.0,141011,2.0,2340.0,0.0
,0.0,,370000.0,,2,14,8.0,141011,,,370000.0
1850000.0,,,,,1,14,17.0,141011,3.0,3419.0,0.0
1100000.0,,,,,2,14,17.0,141011,1.0,1120.0,0.0
,,,,,1,14,,141011,,,0.0
,,,,,2,14,,141011,,,0.0
330000.0,,,,,2,14,14.0,141011,3.0,3431.0,0.0
,0.0,,,,1,14,17.0,141011,,,0.0
,0.0,,,,1,14,16.0,141011,,,0.0
,0.0,,,,1,14,11.0,141011,,,0.0
,,,240000.0,,1,14,15.0,141011,8.0,8322.0,240000.0
300000.0,,,,,1,14,2.0,141011,6.0,6141.0,0.0
300000.0,,,,,2,14,12.0,141011,5.0,5122.0,0.0
,0.0,,400000.0,,2,14,15.0,141011,,,400000.0
920000.0,,,,,2,14,19.0,141011,2.0,2446.0,0.0
,0.0,,,,1,14,17.0,141011,,,0.0
,,,,,2,14,,141011,,,0.0
,,,,,1,14,,141011,,,0.0
,0.0,,220000.0,,2,14,10.0,141011,,,220000.0
,,,,,1,14,12.0,141011,7.0,7213.0,0.0
,0.0,,,,1,14,17.0,141011,,,0.0
,0.0,,220000.0,,2,14,10.0,141011,,,220000.0
,0.0,,99.0,,1,14,10.0,141011,,,99.0
320000.0,,,,,2,14,15.0,141011,3.0,3320.0,0.0
,0.0,,,,1,14,16.0,141011,,,0.0
250000.0,,,,,2,14,14.0,141011,4.0,4121.0,0.0
350000.0,,,,,1,14,14.0,141011,7.0,7423.0,0.0
,,,,,1,14,,141011,,,0.0
,,,,,2,14,,141011,,,0.0
500000.0,,,,,2,14,17.0,141011,2.0,2351.0,0.0
600000.0,,,,,1,14,17.0,141011,2.0,2144.0,0.0
,0.0,,123000.0,,1,14,10.0,141011,,,123000.0
,0.0,,,,1,14,12.0,141011,,,0.0
350000.0,,,,,1,14,13.0,141011,3.0,3121.0,0.0
350000.0,,,,,2,14,12.0,141011,5.0,5220.0,0.0
350000.0,,,,,1,14,12.0,141011,5.0,5220.0,0.0
,0.0,,,,1,14,11.0,141011,,,0.0
300000.0,,,,,2,14,12.0,141011,9.0,9333.0,0.0
250000.0,,,,,1,14,3.0,141011,8.0,8322.0,0.0
,0.0,,,,2,14,12.0,141011,,,0.0
,,,,,1,14,14.0,141011,1.0,1314.0,0.0
840000.0,,,,,2,14,16.0,141011,2.0,2446.0,0.0
,0.0,,,,1,14,12.0,141011,,,0.0
300000.0,,,,,1,14,12.0,141011,8.0,8290.0,0.0
300000.0,,,,,2,14,12.0,141011,4.0,4115.0,0.0
,0.0,,,,1,14,10.0,141011,,,0.0
,,,,,1,14,,141011,,,0.0
,,,,,1,14,,141011,,,0.0
500000.0,,,,,2,14,16.0,141011,3.0,3415.0,0.0
,,,,,1,14,,141011,,,0.0
,,,,,1,14,,141011,,,0.0
1000000.0,,,,,2,14,16.0,141011,2.0,2320.0,0.0
,,,,,2,14,8.0,141011,7.0,7433.0,0.0
,,,,,1,14,,141011,,,0.0
,0.0,,,104646.0,2,14,12.0,141011,,,104646.0
,0.0,,99.0,,1,14,12.0,141011,,,99.0
1000000.0,,,,,1,14,17.0,141011,2.0,2223.0,0.0
500000.0,,,,,2,14,16.0,141011,3.0,3211.0,0.0
520000.0,,,,,2,14,16.0,141011,2.0,2446.0,0.0
600000.0,,,,,1,14,12.0,141011,5.0,5163.0,0.0
,,,,,1,14,,141011,,,0.0
,0.0,,,,2,14,13.0,141011,,,0.0
,0.0,,,,2,14,13.0,141011,,,0.0
350000.0,,,,,2,14,15.0,141011,3.0,3231.0,0.0
,,,,,2,14,17.0,141011,2.0,2331.0,0.0
,,,,,1,14,,141011,,,0.0
,,,,,2,14,,141011,,,0.0
,,,,,1,14,12.0,141011,7.0,7213.0,0.0
,0.0,,200000.0,,2,14,8.0,141011,,,200000.0
150000.0,,,120000.0,,2,14,15.0,141011,3.0,3433.0,120000.0
,0.0,,,,2,14,16.0,141011,,,0.0
500000.0,,,,,1,14,15.0,141011,4.0,4190.0,0.0
,99.0,,,,2,14,15.0,141011,,,0.0
,,,,,2,14,,141011,,,0.0
,,,,,1,14,,141011,,,0.0
400000.0,,,,,1,14,16.0,141011,3.0,3122.0,0.0
900000.0,,,,,1,14,12.0,141011,3.0,3431.0,0.0
500000.0,,,,,1,14,12.0,141011,9.0,9333.0,0.0
,0.0,,,,2,14,12.0,141011,,,0.0
,,,,,2,14,,141011,,,0.0
400000.0,,,,,2,14,17.0,141011,2.0,2331.0,0.0
,0.0,,,104646.0,2,14,12.0,141011,,,104646.0
270000.0,,,,,1,14,14.0,141011,5.0,5220.0,0.0
,99.0,,260000.0,,2,14,12.0,141011,,,260000.0
,99.0,,,,1,14,12.0,141011,,,0.0
270000.0,,,,,1,14,17.0,141011,2.0,2331.0,0.0
,99.0,,,,2,14,12.0,141011,,,0.0
,,,,,2,14,,141011,,,0.0
1500000.0,,,,,1,14,17.0,141011,2.0,2411.0,0.0
,,,,,2,14,17.0,141011,2.0,2411.0,0.0
1000000.0,,,,,2,14,17.0,141011,3.0,3442.0,0.0
,,,,,1,14,,141011,,,0.0
,,,,,2,14,11.0,141011,5.0,5220.0,0.0
,0.0,,,,1,14,13.0,141011,,,0.0
,0.0,,,,1,14,10.0,141011,,,0.0
,0.0,,,,2,14,10.0,141011,,,0.0
670000.0,,,,,1,14,17.0,141011,2.0,2224.0,0.0
,0.0,,,,2,14,15.0,141011,,,0.0
,0.0,,,,1,14,14.0,141011,,,0.0
,0.0,,,,2,14,12.0,141011,,,0.0
650000.0,,,,,2,14,16.0,141011,2.0,2222.0,0.0
,0.0,,,,2,14,,141011,,,0.0
,,,,,1,14,,141011,,,0.0
950000.0,,,,,1,14,16.0,141011,2.0,2421.0,0.0
,0.0,,,,1,14,12.0,141011,,,0.0
,0.0,,,,2,14,15.0,141011,,,0.0
600000.0,,,,,1,14,16.0,141011,2.0,2419.0,0.0
,0.0,,,,2,14,16.0,141011,,,0.0
,,,,,2,14,,141011,,,0.0
,,,,,1,14,,141011,,,0.0
500000.0,,,,,2,14,12.0,141011,3.0,3431.0,0.0
600000.0,,,,,2,14,16.0,141011,2.0,2230.0,0.0
,,,,,1,14,16.0,141011,1.0,1315.0,0.0
,,,,,2,14,15.0,141011,1.0,1315.0,0.0
,0.0,,,,1,14,12.0,141011,,,0.0
,0.0,,180000.0,,1,14,9.0,141011,,,180000.0
,,,,,2,14,12.0,141011,5.0,5141.0,0.0
,0.0,,,104646.0,1,14,9.0,141011,,,104646.0
,0.0,,,,1,14,11.0,141011,,,0.0
,,,,,1,14,17.0,141011,2.0,2144.0,0.0
,0.0,,,,2,14,15.0,141011,,,0.0
,,,,,2,14,,141011,,,0.0
480000.0,,,,,1,14,16.0,141011,2.0,2230.0,0.0
400000.0,,,,,2,14,14.0,141011,5.0,5123.0,0.0
,,,,,2,14,12.0,141011,1.0,1314.0,0.0
,0.0,,,,1,14,9.0,141011,,,0.0
,0.0,,,,2,14,10.0,141011,,,0.0
,,,,,1,14,12.0,141011,1.0,1226.0,0.0
,0.0,,,,2,14,12.0,141011,,,0.0
,0.0,,,,1,14,14.0,141011,,,0.0
,,,,,1,14,,141011,,,0.0
380000.0,,,,,2,14,17.0,141011,2.0,2310.0,0.0
,0.0,,,,1,14,12.0,141011,,,0.0
58800.0,,,,,2,14,15.0,141011,5.0,5123.0,0.0
,,,,,1,14,10.0,141011,1.0,1315.0,0.0
,,,,,2,14,7.0,141011,7.0,7436.0,0.0
290000.0,,,,,2,14,15.0,141011,2.0,2446.0,0.0
,,,,,2,14,,141011,,,0.0
99.0,,,,,2,14,17.0,141011,2.0,2213.0,0.0
,45000.0,,,,2,14,6.0,141011,,,0.0
380000.0,,,,,1,14,12.0,141011,7.0,7231.0,0.0
,0.0,,,,2,14,12.0,141011,,,0.0
,0.0,,,,2,14,14.0,141011,,,0.0
,0.0,,,,1,14,10.0,141011,,,0.0
,,,,,2,14,,141011,,,0.0
300000.0,,,,,2,14,12.0,141011,4.0,4222.0,0.0
,80000.0,,,104646.0,2,14,7.0,141011,,,104646.0
,0.0,,,,2,14,12.0,141011,,,0.0
1700000.0,,,,,1,14,17.0,141011,2.0,2411.0,0.0
360000.0,,,,,2,14,17.0,141011,2.0,2331.0,0.0
,,,,,1,14,,141011,,,0.0
,,,,,1,14,,141011,,,0.0
,,,,,2,14,,141011,,,0.0
,,,,,1,14,17.0,141011,1.0,1315.0,0.0
,,,,,2,14,15.0,141011,1.0,1315.0,0.0
99.0,,,,,1,14,15.0,141011,8.0,8142.0,0.0
,0.0,,,,2,14,12.0,141011,,,0.0
,0.0,,,,2,14,16.0,141011,,,0.0
1800000.0,,,,,2,14,17.0,141011,1.0,1233.0,0.0
900000.0,,,,,1,14,15.0,141011,3.0,3113.0,0.0
1500000.0,,,,,1,14,20.0,141011,3.0,3151.0,0.0
,0.0,,,,2,14,17.0,141011,,,0.0
,,,,,2,14,,141011,,,0.0
,,,,,2,14,,141011,,,0.0
800000.0,,,,,2,14,17.0,141011,2.0,2445.0,0.0
600000.0,,,,,1,14,15.0,141011,4.0,4222.0,0.0
,,,,,2,14,,141011,,,0.0
,,,128000.0,,1,14,15.0,141011,3.0,3413.0,128000.0
1500000.0,,,,,2,14,17.0,141011,2.0,2230.0,0.0
800000.0,,,,,1,14,17.0,141011,2.0,2310.0,0.0
,0.0,,350000.0,,1,14,17.0,141011,,,350000.0
,0.0,,350000.0,,2,14,17.0,141011,,,350000.0
,0.0,,,,1,14,12.0,141011,,,0.0
,0.0,,125000.0,,1,14,12.0,141011,,,125000.0
,0.0,,180000.0,,2,14,12.0,141011,,,180000.0
,,,,,1,14,18.0,141011,3.0,3419.0,0.0
,0.0,,,,2,14,15.0,141011,,,0.0
,,,,,1,14,15.0,141011,5.0,5113.0,0.0
380000.0,,,,,2,14,15.0,141011,3.0,3431.0,0.0
400000.0,,,,,2,14,17.0,141011,2.0,2419.0,0.0
,0.0,,,,1,14,15.0,141011,,,0.0
,,,,,2,14,,141011,,,0.0
,,,,,2,14,,141011,,,0.0
,,,,,1,14,10.0,141011,7.0,7141.0,0.0
,0.0,,,,2,14,3.0,141011,,,0.0
99.0,,,,,1,14,19.0,141011,2.0,2351.0,0.0
99.0,,,,,2,14,17.0,141011,2.0,2331.0,0.0
,0.0,,,,2,14,18.0,141011,,,0.0
,0.0,,,,2,14,9.0,141011,,,0.0
2000000.0,,,,,1,14,17.0,141011,2.0,2421.0,0.0
,,,,,2,14,12.0,141011,7.0,7422.0,0.0
270000.0,,,,,2,14,16.0,141011,5.0,5220.0,0.0
,0.0,,,,2,14,10.0,141011,,,0.0
,,,,,1,14,,141011,,,0.0
99.0,,,,,2,14,17.0,141011,2.0,2419.0,0.0
50000.0,,,,,1,14,16.0,141011,5.0,5220.0,0.0
,0.0,,,,1,14,12.0,141011,,,0.0
,,,,,1,14,,141011,,,0.0
850000.0,,,,,2,14,17.0,141011,3.0,3211.0,0.0
,,,,,1,14,,141011,,,0.0
,,,,,2,14,,141011,,,0.0
,,,,,1,14,17.0,141011,2.0,2142.0,0.0
1600000.0,,,,,2,14,17.0,141011,3.0,3211.0,0.0
,0.0,,,104646.0,2,14,12.0,141011,,,104646.0
300000.0,,,,,2,14,15.0,141011,3.0,3431.0,0.0
400000.0,,,,,1,14,12.0,141011,7.0,7212.0,0.0
,,,,,1,14,,141011,,,0.0
,,,,,2,14,,141011,,,0.0
1500000.0,,,,,1,14,17.0,141011,2.0,2221.0,0.0
1000000.0,,,,,2,14,17.0,141011,3.0,3419.0,0.0
,,,,,2,14,12.0,141011,5.0,5141.0,0.0
99.0,,,,,1,14,12.0,141011,6.0,6141.0,0.0
,0.0,,,,1,14,8.0,141011,,,0.0
,0.0,,,,2,14,8.0,141011,,,0.0
,0.0,,,,1,14,2.0,141011,,,0.0
,0.0,,,,2,14,13.0,141011,,,0.0
,,,,,1,14,17.0,141011,2.0,2132.0,0.0
0.0,,,,,2,14,15.0,141011,3.0,3431.0,0.0
,0.0,,,,2,14,11.0,141011,,,0.0
,0.0,,,,1,14,10.0,141011,,,0.0
500000.0,,,,,1,14,17.0,141011,7.0,7233.0,0.0
1000000.0,,,,,2,14,17.0,141011,2.0,2230.0,0.0
,0.0,,,,2,14,11.0,141011,,,0.0
,,,,,1,14,,141011,,,0.0
1900000.0,,,,,1,14,17.0,141011,2.0,2131.0,0.0
,,,,,2,14,17.0,141011,2.0,2451.0,0.0
,0.0,,,,1,14,13.0,141011,,,0.0
,,,,,1,14,,141011,,,0.0
,,,,,1,14,,141011,1.0,1314.0,0.0
,,,,,2,14,12.0,141011,1.0,1314.0,0.0
,0.0,,,,1,14,12.0,141011,,,0.0
,0.0,,,,1,14,12.0,141011,,,0.0
,,,,,2,14,,141011,,,0.0
,0.0,,700000.0,,2,14,12.0,141011,,,700000.0
,,,,,2,14,15.0,141011,7.0,7412.0,0.0
,0.0,,,,2,14,10.0,141011,,,0.0
1300000.0,,,,,2,14,14.0,141011,3.0,3439.0,0.0
,,,,,1,14,17.0,141011,2.0,2141.0,0.0
,,,,,2,14,,141011,,,0.0
,,,,,1,14,,141011,,,0.0
500000.0,,,,,2,14,15.0,141011,2.0,2411.0,0.0
,,,,,2,14,,141011,,,0.0
,,,,,2,14,,141011,,,0.0
,,,,,2,14,,141011,,,0.0
,,,,,1,14,15.0,141011,3.0,3226.0,0.0
,,,90000.0,,2,14,14.0,141011,3.0,3241.0,90000.0
800000.0,,,,,1,14,17.0,141011,2.0,2142.0,0.0
1200000.0,,,,,2,14,17.0,141011,3.0,3222.0,0.0
,,,,,1,14,,141011,,,0.0
,,,,,1,14,,141011,,,0.0
800000.0,,,,,1,14,16.0,141011,8.0,8322.0,0.0
1500000.0,,,,,2,14,17.0,141011,1.0,1229.0,0.0
,0.0,,,,2,14,15.0,141011,,,0.0
,0.0,,,,2,14,17.0,141011,,,0.0
,0.0,,430500.0,,1,14,15.0,141011,,,430500.0
,0.0,,,104646.0,2,14,10.0,141011,,,104646.0
99.0,,,,,2,14,17.0,141011,2.0,2419.0,0.0
,,,,,1,14,,141011,,,0.0
99.0,,,99.0,,1,14,12.0,141011,9.0,9162.0,99.0
,0.0,,,,2,14,12.0,141011,,,0.0
,,,,,2,14,15.0,141011,1.0,1314.0,0.0
,,,,,1,14,17.0,141011,2.0,2132.0,0.0
,,,,,2,14,,141011,,,0.0
180000.0,,,,,2,14,12.0,141011,9.0,9132.0,0.0
180000.0,,,,,2,14,14.0,141011,5.0,5220.0,0.0
,,,,,1,14,,141011,,,0.0
550000.0,,,,,1,14,15.0,141011,3.0,3434.0,0.0
,0.0,,,,1,14,16.0,141011,,,0.0
,0.0,,,,2,14,12.0,141011,,,0.0
,,,,,1,14,,141011,,,0.0
540000.0,,,,,2,14,16.0,141011,2.0,2310.0,0.0
,,,,,1,14,17.0,141011,3.0,3471.0,0.0
,,,,,1,14,,141011,,,0.0
,,,,,1,14,,141011,,,0.0
,,,,,1,14,15.0,141011,7.0,7231.0,0.0
,,,,,2,14,15.0,141011,5.0,5141.0,0.0
,,,,,2,14,21.0,141011,2.0,2445.0,0.0
,,,,,1,14,15.0,141011,2.0,2412.0,0.0
460000.0,,,,,1,14,12.0,141011,7.0,7233.0,0.0
460000.0,,,,,2,14,12.0,141011,2.0,2331.0,0.0
,0.0,,,,2,14,14.0,141011,,,0.0
,0.0,,,,2,14,14.0,141011,,,0.0
,0.0,,,,2,14,13.0,141011,,,0.0
,0.0,,,,1,14,12.0,141011,,,0.0
,0.0,,380000.0,,2,14,17.0,141011,,,380000.0
550000.0,,,,,2,14,15.0,141011,3.0,3431.0,0.0
,0.0,,,,1,14,13.0,141011,,,0.0
,0.0,,,,1,14,14.0,141011,,,0.0
1400000.0,,,,,2,14,21.0,141011,2.0,2310.0,0.0
1400000.0,,,,,2,14,18.0,141011,2.0,2411.0,0.0
280000.0,,,,,1,14,12.0,141011,5.0,5169.0,0.0
,0.0,,,104646.0,2,14,4.0,141011,,,104646.0
220000.0,,,,,2,14,12.0,141011,9.0,9131.0,0.0
,0.0,,350000.0,,2,14,17.0,141011,,,350000.0
700000.0,,,,,1,14,14.0,141011,8.0,8323.0,0.0
,0.0,,,,2,14,12.0,141011,,,0.0
,200000.0,,,,1,14,16.0,141011,,,0.0
,0.0,,,,2,14,13.0,141011,,,0.0
,,,,,1,14,,141011,,,0.0
,0.0,,99.0,,1,14,12.0,141011,,,99.0
,0.0,,,,2,14,12.0,141011,,,0.0
1900000.0,,,,,1,14,19.0,141011,2.0,2419.0,0.0
,0.0,,,,2,14,17.0,141011,,,0.0
,,,,,2,14,,141011,,,0.0
,,,,,1,14,,141011,,,0.0
1200000.0,,,,,2,14,17.0,141011,2.0,2230.0,0.0
1300000.0,,,,,1,14,17.0,141011,3.0,3211.0,0.0
,,,,,1,14,,141011,,,0.0
,,,,,1,14,,141011,,,0.0
200000.0,,,,,1,14,19.0,141011,2.0,2441.0,0.0
1000000.0,,,,,2,14,19.0,141011,2.0,2310.0,0.0
,,,,,2,14,,141011,,,0.0
,,,,,1,14,,141011,,,0.0
1300000.0,,,,,1,14,17.0,141011,2.0,2320.0,0.0
700000.0,,,,,2,14,15.0,141011,3.0,3431.0,0.0
,0.0,,,,1,14,16.0,141011,,,0.0
,0.0,,,,1,14,11.0,141011,,,0.0
2000000.0,,,,,1,14,17.0,141011,2.0,2132.0,0.0
,0.0,,,,2,14,15.0,141011,,,0.0
,0.0,,,,1,14,11.0,141011,,,0.0
,,,,,2,14,,141011,,,0.0
,,,,,1,14,16.0,141011,1.0,1319.0,0.0
500000.0,,,,,2,14,15.0,141011,3.0,3433.0,0.0
,0.0,,,,1,14,10.0,141011,,,0.0
,0.0,,,,1,14,13.0,141011,,,0.0
,0.0,,350000.0,,2,14,12.0,141011,,,350000.0
,0.0,,,,1,14,12.0,141011,,,0.0
,0.0,,700000.0,,1,14,8.0,141011,,,700000.0
,0.0,,,104646.0,2,14,12.0,141011,,,104646.0
,,,,,1,14,14.0,141011,9.0,9313.0,0.0
1900000.0,,,,,2,14,16.0,141011,2.0,2230.0,0.0
1000000.0,,,,,1,14,16.0,141011,2.0,2145.0,0.0
,,,,,2,14,,141011,,,0.0
,,,,,2,14,,141011,,,0.0
,,,,,2,14,9.0,141011,4.0,4122.0,0.0
800000.0,,,,,2,14,17.0,141011,3.0,3152.0,0.0
,0.0,,,,1,14,13.0,141011,,,0.0
4000000.0,,,,,1,14,22.0,141011,2.0,2221.0,0.0
,,,,,2,14,17.0,141011,2.0,2444.0,0.0
99.0,,,,,2,14,12.0,141011,5.0,5220.0,0.0
1000000.0,,,,,1,14,14.0,141011,5.0,5162.0,0.0
,,,,,1,14,,141011,,,0.0
,,,,,2,14,,141011,,,0.0
250000.0,,,,,1,14,20.0,141011,4.0,4223.0,0.0
1200000.0,,,,,2,14,12.0,141011,3.0,3419.0,0.0
,0.0,,,,2,14,12.0,141011,,,0.0
600000.0,,,,,1,14,12.0,141011,8.0,8162.0,0.0
,0.0,,,,2,14,12.0,141011,,,0.0
,,,,,2,14,,141011,,,0.0
,,,,,1,14,,141011,,,0.0
600000.0,,,,,1,14,12.0,141011,4.0,4133.0,0.0
,0.0,,,,2,14,12.0,141011,,,0.0
,0.0,,,,1,14,11.0,141011,,,0.0
,,,,,1,14,,141011,,,0.0
,,,,,2,14,,141011,,,0.0
240000.0,,,,,2,14,13.0,141011,3.0,3221.0,0.0
,0.0,,,,2,14,12.0,141011,,,0.0
,0.0,,,,1,14,12.0,141011,,,0.0
,,,,,1,14,12.0,141011,1.0,1311.0,0.0
,,,,,2,14,16.0,141011,2.0,2421.0,0.0
500000.0,,,,,1,14,13.0,141011,2.0,2419.0,0.0
282000.0,,,,,2,14,12.0,141011,7.0,7412.0,0.0
750000.0,,,,,1,14,12.0,141011,8.0,8324.0,0.0
,,,,,1,14,,141011,,,0.0
,,,,,1,14,,141011,,,0.0
900000.0,,,,,1,14,13.0,141011,3.0,3417.0,0.0
320000.0,,,,,2,14,17.0,141011,2.0,2331.0,0.0
,,,,,1,14,,141011,,,0.0
1300000.0,,,,,2,14,17.0,141011,2.0,2419.0,0.0
500000.0,,,,,1,14,15.0,141011,7.0,7143.0,0.0
,,,,,1,14,,141011,,,0.0
,,,,,2,14,,141011,,,0.0
,,,,,2,14,,141011,,,0.0
350000.0,,,,,1,14,13.0,141011,5.0,5112.0,0.0
270000.0,,,,,2,14,12.0,141011,5.0,5133.0,0.0
,0.0,,,,1,14,12.0,141011,,,0.0
,,,,,2,14,,141011,,,0.0
500000.0,,,,,1,14,19.0,141011,3.0,3416.0,0.0
150000.0,,,,,2,14,15.0,141011,3.0,3330.0,0.0
,,,,,1,14,,141011,,,0.0
,,,,,1,14,,141011,,,0.0
919730.0,,,,,1,14,13.0,141011,3.0,3416.0,0.0
,0.0,,,,2,14,13.0,141011,,,0.0
,0.0,,,,1,14,13.0,141011,,,0.0
,,,,,2,14,,141011,,,0.0
700000.0,,,,,1,14,12.0,141011,8.0,8332.0,0.0
500000.0,,,,,2,14,12.0,141011,8.0,8271.0,0.0
408000.0,,,,,1,14,12.0,141011,7.0,7134.0,0.0
,0.0,,,,2,14,6.0,141011,,,0.0
,0.0,,,,2,14,9.0,141011,,,0.0
402000.0,,,,,1,14,13.0,141011,6.0,6141.0,0.0
330000.0,,,,,2,14,12.0,141011,9.0,9132.0,0.0
,0.0,,,,2,14,13.0,141011,,,0.0
,,,,,2,14,,141011,,,0.0
270000.0,,,,,1,14,13.0,141011,7.0,7241.0,0.0
,0.0,,,,2,14,12.0,141011,,,0.0
,0.0,,,,1,14,12.0,141011,,,0.0
900000.0,,,,,1,14,13.0,141011,3.0,3413.0,0.0
,0.0,,,,2,14,12.0,141011,,,0.0
,0.0,,,,1,14,12.0,141011,,,0.0
200000.0,,,,,2,14,12.0,141011,5.0,5131.0,0.0
400000.0,,,,,1,14,12.0,141011,5.0,5122.0,0.0
320000.0,,,,,2,14,12.0,141011,7.0,7412.0,0.0
,,,,,2,14,,141011,,,0.0
,,,,,2,14,,141011,,,0.0
600000.0,,,,,1,14,12.0,141011,8.0,8142.0,0.0
,0.0,,,,2,14,12.0,141011,,,0.0
,0.0,,,,2,14,10.0,141011,,,0.0
,,,,,2,14,,141011,,,0.0
,0.0,,,,1,14,4.0,141011,,,0.0
,0.0,,750000.0,,1,14,12.0,141011,,,750000.0
670000.0,,,,,2,14,13.0,141011,3.0,3431.0,0.0
,,,,,2,14,,141011,,,0.0
350000.0,,,,,2,14,15.0,141011,3.0,3419.0,0.0
1350000.0,,,,,1,14,17.0,141011,2.0,2419.0,0.0
,,,,,2,14,,141011,,,0.0
,99.0,,,,2,14,17.0,141011,,,0.0
,,,,,1,14,14.0,141011,7.0,7124.0,0.0
300000.0,,,,,2,14,12.0,141011,5.0,5123.0,0.0
,0.0,,,,1,14,12.0,141011,,,0.0
,,,,,1,14,,141011,,,0.0
350000.0,,,,,1,14,12.0,141011,8.0,8333.0,0.0
,0.0,,,,2,14,12.0,141011,,,0.0
,,11091.0,,,2,14,,141011,,,0.0
,,11091.0,,,2,14,,141011,,,0.0
180000.0,,,,,2,14,8.0,141011,9.0,9131.0,0.0
280000.0,,,,,2,14,12.0,141011,4.0,4190.0,0.0
,0.0,,,,1,14,10.0,141011,,,0.0
,,,,,2,14,,141011,,,0.0
300000.0,,,,,1,14,12.0,141011,5.0,5220.0,0.0
,0.0,,,,2,14,12.0,141011,,,0.0
,,,,,1,14,,141011,,,0.0
600000.0,,,,,1,14,15.0,141011,4.0,4131.0,0.0
,,,,,2,14,15.0,141011,5.0,5141.0,0.0
,,,,,1,14,,141011,,,0.0
420000.0,,,,,1,14,12.0,141011,6.0,6121.0,0.0
180000.0,,,,,2,14,10.0,141011,9.0,9131.0,0.0
,0.0,,,,1,14,11.0,141011,,,0.0
,0.0,,,,2,14,14.0,141011,,,0.0
,,11091.0,,,2,14,,141011,,,0.0
,,11091.0,,,2,14,,141011,,,0.0
300000.0,,,,,1,14,10.0,141011,7.0,7214.0,0.0
280000.0,,,,,2,14,12.0,141011,5.0,5132.0,0.0
350000.0,,,,,1,14,14.0,141011,7.0,7231.0,0.0
,,,,,2,14,12.0,141011,7.0,7332.0,0.0
,0.0,,180000.0,,2,14,5.0,141011,,,180000.0
,0.0,,,,2,14,9.0,141011,,,0.0
,,,,,2,14,12.0,141011,7.0,7332.0,0.0
480000.0,,,,,1,14,14.0,141011,7.0,7137.0,0.0
,0.0,,,,2,14,12.0,141011,,,0.0
,0.0,,,,2,14,11.0,141011,,,0.0
,,,,,1,14,16.0,141011,2.0,2411.0,0.0
350000.0,,,,,1,14,12.0,141011,8.0,8322.0,0.0
,0.0,,,,2,14,12.0,141011,,,0.0
,,,,,1,14,,141011,,,0.0
,0.0,,99.0,,2,14,17.0,141011,,,99.0
,0.0,,,,2,14,8.0,141011,,,0.0
,0.0,,,,2,14,14.0,141011,,,0.0
,0.0,,,,1,14,19.0,141011,,,0.0
,0.0,,,,1,14,14.0,141011,,,0.0
,0.0,,,,1,14,12.0,141011,,,0.0
,0.0,,,,1,14,10.0,141011,,,0.0
250000.0,,,,,2,14,12.0,141011,5.0,5131.0,0.0
400000.0,,,,,2,14,16.0,141011,2.0,2230.0,0.0
,0.0,,,,1,14,15.0,141011,,,0.0
,0.0,,,,2,14,11.0,141011,,,0.0
,,,,,1,14,0.0,141011,7.0,7231.0,0.0
80000.0,,,,,2,14,12.0,141011,5.0,5220.0,0.0
,0.0,,,,2,14,8.0,141011,,,0.0
900000.0,,,120000.0,,1,14,17.0,141011,2.0,2132.0,120000.0
,0.0,,,,2,14,16.0,141011,,,0.0
450000.0,,,,,2,14,17.0,141011,2.0,2412.0,0.0
,,,,,2,14,,141011,,,0.0
,0.0,,,,1,14,14.0,141011,,,0.0
,0.0,,,104646.0,2,14,12.0,141011,,,104646.0
,0.0,,,,2,14,12.0,141011,,,0.0
,,,,,1,14,14.0,141011,1.0,1314.0,0.0
,,,,,2,14,12.0,141011,1.0,1314.0,0.0
,0.0,,,,2,14,19.0,141011,,,0.0
,,,,,2,14,17.0,141011,2.0,2222.0,0.0
,0.0,,,,2,14,10.0,141011,,,0.0
400000.0,,,,,1,14,17.0,141011,3.0,3471.0,0.0
,0.0,,450000.0,,1,14,17.0,141011,,,450000.0
,0.0,,350000.0,,2,14,17.0,141011,,,350000.0
350000.0,,,,,2,14,17.0,141011,2.0,2441.0,0.0
,0.0,,145000.0,,1,14,6.0,141011,,,145000.0
,0.0,,200000.0,,2,14,6.0,141011,,,200000.0
99.0,,,,,1,14,13.0,141011,3.0,3431.0,0.0
99.0,,,,,2,14,17.0,141011,2.0,2222.0,0.0
,,,,,2,14,,141011,,,0.0
,,,,,2,14,,141011,,,0.0
1500000.0,,,,,1,14,16.0,141011,2.0,2419.0,0.0
,0.0,,,,2,14,15.0,141011,,,0.0
,,,,,2,14,,141011,,,0.0
,,,,,2,14,,141011,,,0.0
,60000.0,,,,1,14,11.0,141011,,,0.0
1000000.0,,,,,2,14,17.0,141011,3.0,3431.0,0.0
550000.0,,,,,1,14,12.0,141011,1.0,1314.0,0.0
,0.0,,,,2,14,17.0,141011,,,0.0
,,,,,1,14,,141011,,,0.0
,,,,,1,14,,141011,,,0.0
280000.0,,,,,1,14,8.0,141011,9.0,9162.0,0.0
,0.0,,,,2,14,8.0,141011,,,0.0
,0.0,,,,1,14,4.0,141011,,,0.0
,0.0,,,,1,14,11.0,141011,,,0.0
,0.0,,130000.0,,1,14,6.0,141011,,,130000.0
,0.0,,105000.0,,2,14,6.0,141011,,,105000.0
99.0,,,,,2,14,15.0,141011,3.0,3221.0,0.0
,0.0,,,,2,14,10.0,141011,,,0.0
,,,,,1,14,12.0,141011,7.0,7124.0,0.0
150000.0,,,,,1,14,13.0,141011,9.0,9322.0,0.0
,0.0,,,,1,14,12.0,141011,,,0.0
,,,,,1,14,12.0,141011,9.0,9142.0,0.0
,0.0,,,,2,14,13.0,141011,,,0.0
,,11091.0,,,2,14,,141011,,,0.0
,,11091.0,,,2,14,,141011,,,0.0
,,11091.0,,,1,14,,141011,,,0.0
0.0,,,,,2,14,12.0,141011,9.0,9132.0,0.0
,0.0,,,,2,14,6.0,141011,,,0.0
,0.0,,,,2,14,0.0,141011,,,0.0
99.0,,,,,2,14,10.0,141011,9.0,9132.0,0.0
,0.0,,,,2,14,13.0,141011,,,0.0
,,11091.0,,,1,14,,141011,,,0.0
,0.0,,,,2,14,6.0,141011,,,0.0
,0.0,,,,1,14,9.0,141011,,,0.0
130000.0,,,,,2,14,8.0,141011,9.0,9131.0,0.0
,,,,,1,14,8.0,141011,7.0,7141.0,0.0
,0.0,,,,2,14,0.0,141011,,,0.0
270000.0,,,,,1,14,8.0,141011,9.0,9313.0,0.0
270000.0,,,,,1,14,8.0,141011,9.0,9313.0,0.0
,0.0,,,,2,14,5.0,141011,,,0.0
,0.0,,265000.0,,2,14,12.0,141011,,,265000.0
400000.0,,,,,1,14,12.0,141011,8.0,8278.0,0.0
,0.0,,,,2,14,12.0,141011,,,0.0
270000.0,,,,,2,14,8.0,141011,9.0,9131.0,0.0
270000.0,,,,,2,14,8.0,141011,9.0,9132.0,0.0
,0.0,,,,1,14,10.0,141011,,,0.0
,,,,,1,14,,141011,,,0.0
,,,,,1,14,12.0,141011,7.0,7241.0,0.0
,0.0,,180000.0,,2,14,5.0,141011,,,180000.0
,,,,,1,14,7.0,141011,6.0,6113.0,0.0
270000.0,,,,,1,14,8.0,141011,8.0,8324.0,0.0
,0.0,,,,2,14,8.0,141011,,,0.0
,0.0,,110000.0,,1,14,3.0,141011,,,110000.0
,0.0,,,104646.0,2,14,6.0,141011,,,104646.0
270000.0,,,,,1,14,12.0,141011,8.0,8322.0,0.0
270000.0,,,,,1,14,12.0,141011,9.0,9132.0,0.0
,0.0,,,,1,14,10.0,141011,,,0.0
,0.0,,,,1,14,4.0,141011,,,0.0
,0.0,,,,2,14,8.0,141011,,,0.0
280000.0,,,,,2,14,9.0,141011,4.0,4211.0,0.0
,0.0,,,,1,14,9.0,141011,,,0.0
,,,,,2,14,,141011,,,0.0
,,,,,1,14,11.0,141011,7.0,7124.0,0.0
,0.0,,111000.0,,2,14,0.0,141011,,,111000.0
,0.0,,,,1,14,14.0,141011,,,0.0
130000.0,,,,,2,14,8.0,141011,9.0,9151.0,0.0
,0.0,,,,1,14,12.0,141011,,,0.0
,0.0,,,,2,14,4.0,141011,,,0.0
130000.0,,,85000.0,,2,14,11.0,141011,9.0,9131.0,85000.0
400000.0,,,,,1,14,9.0,141011,7.0,7215.0,0.0
270000.0,,,,,2,14,15.0,141011,3.0,3221.0,0.0
,0.0,,,,2,14,11.0,141011,,,0.0
500000.0,,,,,1,14,15.0,141011,8.0,8163.0,0.0
,0.0,,,,2,14,12.0,141011,,,0.0
,,,,,1,14,,141011,,,0.0
,,,,,2,14,,141011,,,0.0
270000.0,,,,,1,14,4.0,141011,9.0,9152.0,0.0
,0.0,,,104646.0,2,14,9.0,141011,,,104646.0
270000.0,,,,,1,14,16.0,141011,9.0,9152.0,0.0
,,,,,1,14,,141011,,,0.0
,0.0,,,,2,14,9.0,141011,,,0.0
500000.0,,,,,1,14,12.0,141011,5.0,5122.0,0.0
200000.0,,,,,2,14,12.0,141011,9.0,9131.0,0.0
,0.0,,,,2,14,11.0,141011,,,0.0
,,,,,2,14,,141011,,,0.0
270000.0,,,,,1,14,10.0,141011,7.0,7141.0,0.0
,0.0,,,,2,14,8.0,141011,,,0.0
270000.0,,,,,2,14,12.0,141011,4.0,4115.0,0.0
400000.0,,,,,2,14,12.0,141011,4.0,4115.0,0.0
,,,,,1,14,,141011,,,0.0
,,,,,2,14,,141011,,,0.0
,0.0,,,,2,14,12.0,141011,,,0.0
,0.0,,,,1,14,13.0,141011,,,0.0
270000.0,,,,,1,14,10.0,141011,7.0,7214.0,0.0
,,,,,2,14,,141011,,,0.0
600000.0,,,,,1,14,8.0,141011,8.0,8324.0,0.0
400000.0,,,,,2,14,8.0,141011,9.0,9132.0,0.0
,0.0,,,,2,14,11.0,141011,,,0.0
,0.0,,,,1,14,10.0,141011,,,0.0
,,,,,2,14,,141011,,,0.0
,0.0,,,,1,14,2.0,141011,,,0.0
,0.0,,,,2,14,3.0,141011,,,0.0
270000.0,,,,,1,14,12.0,141011,8.0,8271.0,0.0
,,,,,1,14,,141011,,,0.0
300000.0,,,,,1,14,10.0,141011,9.0,9313.0,0.0
,0.0,,,,2,14,12.0,141011,,,0.0
,0.0,,,,2,14,9.0,141011,,,0.0
,,,,,2,14,8.0,141011,5.0,5230.0,0.0
,,,,,1,14,6.0,141011,5.0,5230.0,0.0
,0.0,,,,1,14,8.0,141011,,,0.0
,,,,,2,14,12.0,141011,7.0,7433.0,0.0
270000.0,,,,,1,14,12.0,141011,5.0,5220.0,0.0
,,,,,2,14,,141011,,,0.0
362000.0,,,,,2,14,12.0,141011,9.0,9132.0,0.0
460000.0,,,,,1,14,11.0,141011,8.0,8322.0,0.0
,,,113000.0,,2,14,12.0,141011,1.0,1314.0,113000.0
,0.0,,,,1,14,12.0,141011,,,0.0
,,,,,1,14,8.0,141011,9.0,9313.0,0.0
300000.0,,,,,2,14,15.0,141011,3.0,3231.0,0.0
,,,,,2,14,,141011,,,0.0
,0.0,,,104646.0,1,14,4.0,141011,,,104646.0
,0.0,,,104646.0,2,14,2.0,141011,,,104646.0
,0.0,,,104646.0,2,14,0.0,141011,,,104646.0
,,,,,2,14,14.0,141011,5.0,5122.0,0.0
,,,,,1,14,12.0,141011,5.0,5122.0,0.0
1000000.0,,,,,2,14,17.0,141011,2.0,2332.0,0.0
99.0,,,,,1,14,13.0,141011,8.0,8322.0,0.0
99.0,,,,,1,14,16.0,141011,2.0,2419.0,0.0
256000.0,,,,,1,14,11.0,141011,7.0,7233.0,0.0
256000.0,,,,,2,14,12.0,141011,5.0,5122.0,0.0
,0.0,,,,1,14,16.0,141011,,,0.0
,0.0,,200000.0,,2,14,17.0,141011,,,200000.0
,0.0,,,,1,14,0.0,141011,,,0.0
,0.0,,,,1,14,6.0,141011,,,0.0
,0.0,,,104646.0,2,14,6.0,141011,,,104646.0
256000.0,,,,,1,14,8.0,141011,5.0,5112.0,0.0
,,,,,1,14,,141011,,,0.0
,0.0,,,,2,14,3.0,141011,,,0.0
150000.0,,,,,1,14,8.0,141011,7.0,7231.0,0.0
270000.0,,,,,1,14,8.0,141011,7.0,7231.0,0.0
270000.0,,,,,2,14,11.0,141011,5.0,5220.0,0.0
,,,,,2,14,,141011,,,0.0
,,,,,1,14,4.0,141011,7.0,7233.0,0.0
400000.0,,,,,2,14,14.0,141011,4.0,4190.0,0.0
,0.0,,,,2,14,11.0,141011,,,0.0
,0.0,,135000.0,,1,14,4.0,141011,,,135000.0
270000.0,,,,,2,14,10.0,141011,9.0,9131.0,0.0
,0.0,,,,2,14,12.0,141011,,,0.0
,,11091.0,,,1,14,,141011,,,0.0
230000.0,,,,,2,14,12.0,141011,9.0,9132.0,0.0
,0.0,,,,2,14,10.0,141011,,,0.0
,,,,,1,14,11.0,141011,7.0,7124.0,0.0
320000.0,,,,,2,14,10.0,141011,9.0,9131.0,0.0
270000.0,,,,,1,14,12.0,141011,7.0,7243.0,0.0
300000.0,,,,,2,14,12.0,141011,3.0,3320.0,0.0
,,,,,2,14,,141011,,,0.0
,,,,,1,14,,141011,,,0.0
270000.0,,,,,2,14,8.0,141011,5.0,5122.0,0.0
,0.0,,,,2,14,12.0,141011,,,0.0
270000.0,,,,,2,14,12.0,141011,5.0,5122.0,0.0
,,,,,2,14,,141011,,,0.0
270000.0,,,,,2,14,12.0,141011,9.0,9131.0,0.0
,,,,,1,14,10.0,141011,7.0,7411.0,0.0
700000.0,,,,,2,14,17.0,141011,2.0,2332.0,0.0
600000.0,,,,,1,14,17.0,141011,8.0,8322.0,0.0
,0.0,,,,1,14,12.0,141011,,,0.0
,0.0,,,,1,14,11.0,141011,,,0.0
,,,,,1,14,,141011,,,0.0
,,,,,2,14,,141011,,,0.0
500000.0,,,,,1,14,14.0,141011,0.0,110.0,0.0
350000.0,,,,,2,14,14.0,141011,3.0,3225.0,0.0
,,,,,1,14,,141011,,,0.0
1500000.0,,,,,2,14,15.0,141011,3.0,3419.0,0.0
,0.0,,,,1,14,18.0,141011,,,0.0
,,,,,2,14,,141011,,,0.0
,,,,,2,14,,141011,,,0.0
,0.0,,,,2,14,10.0,141011,,,0.0
,0.0,,,,2,14,8.0,141011,,,0.0
,,,,,2,14,16.0,141011,1.0,1229.0,0.0
140000.0,,,,,2,14,16.0,141011,4.0,4122.0,0.0
140000.0,,,,,2,14,19.0,141011,2.0,2310.0,0.0
,,,,,1,14,12.0,141011,7.0,7143.0,0.0
,,,,,1,14,15.0,141011,1.0,1314.0,0.0
,,,,,2,14,10.0,141011,1.0,1314.0,0.0
,,,,,1,14,,141011,,,0.0
100000.0,,,119086.0,,2,14,11.0,141011,4.0,4211.0,119086.0
300000.0,,,,,2,14,12.0,141011,5.0,5220.0,0.0
,0.0,,,,1,14,14.0,141011,,,0.0
250000.0,,,,,2,14,12.0,141011,9.0,9322.0,0.0
270000.0,,,,,1,14,8.0,141011,9.0,9313.0,0.0
,0.0,,,,2,14,0.0,141011,,,0.0
270000.0,,,,,2,14,12.0,141011,5.0,5220.0,0.0
270000.0,,,,,1,14,12.0,141011,9.0,9313.0,0.0
,0.0,,,,2,14,12.0,141011,,,0.0
,0.0,,,,2,14,10.0,141011,,,0.0
,,,,,2,14,,141011,,,0.0
,,,,,2,14,,141011,,,0.0
500000.0,,,180000.0,,1,14,10.0,141011,5.0,5220.0,180000.0
,0.0,,,,2,14,10.0,141011,,,0.0
480000.0,,,,,1,14,12.0,141011,8.0,8322.0,0.0
,0.0,,,,2,14,15.0,141011,,,0.0
,,,,,1,14,,141011,,,0.0
,,,,,1,14,,141011,,,0.0
,,,,,2,14,,141011,,,0.0
270000.0,,,160000.0,,2,14,4.0,141011,9.0,9132.0,160000.0
150000.0,,,,,1,14,12.0,141011,5.0,5123.0,0.0
,0.0,,,,1,14,11.0,141011,,,0.0
99.0,,,,,1,14,12.0,141011,9.0,9333.0,0.0
140000.0,,,,,2,14,6.0,141011,9.0,9131.0,0.0
,,,,,1,14,8.0,141011,9.0,9212.0,0.0
250000.0,,,,,1,14,15.0,141011,2.0,2132.0,0.0
300000.0,,,,,1,14,15.0,141011,3.0,3221.0,0.0
300000.0,,,,,2,14,15.0,141011,3.0,3221.0,0.0
,0.0,,,,2,14,10.0,141011,,,0.0
250000.0,,,,,1,14,12.0,141011,8.0,8322.0,0.0
,0.0,,,,2,14,12.0,141011,,,0.0
,,11091.0,,,1,14,,141011,,,0.0
,,11091.0,,,2,14,,141011,,,0.0
,0.0,,150000.0,,2,14,2.0,141011,,,150000.0
,0.0,,,,2,14,15.0,141011,,,0.0
,,11091.0,,,2,14,,141011,,,0.0
,,11091.0,,,1,14,,141011,,,0.0
,,11091.0,,,1,14,,141011,,,0.0
,0.0,,,,1,14,9.0,141011,,,0.0
270000.0,,,,,2,14,8.0,141011,9.0,9131.0,0.0
99.0,,,,,1,14,12.0,141011,9.0,9313.0,0.0
,0.0,,,,2,14,14.0,141011,,,0.0
,,,,,2,14,,141011,,,0.0
99.0,,,,,1,14,12.0,141011,9.0,9313.0,0.0
,0.0,,,,2,14,0.0,141011,,,0.0
,0.0,,,,2,14,0.0,141011,,,0.0
,0.0,,,,1,14,9.0,141011,,,0.0
,0.0,,,,2,14,8.0,141011,,,0.0
,,,,,2,14,,141011,,,0.0
,,,,,1,14,8.0,141011,7.0,7124.0,0.0
,0.0,,,,2,14,7.0,141011,,,0.0
,,11091.0,,,2,14,,141011,,,0.0
280000.0,,,,,1,14,2.0,141011,9.0,9162.0,0.0
,0.0,,,,2,14,11.0,141011,,,0.0
,0.0,,,,2,14,16.0,141011,,,0.0
,,,,,2,14,,141011,,,0.0
,0.0,,253000.0,,1,14,7.0,141011,,,253000.0
,0.0,,,104646.0,2,14,4.0,141011,,,104646.0
,,11091.0,,,1,14,,141011,,,0.0
,,11091.0,,,2,14,,141011,,,0.0
280000.0,,,,,1,14,,141011,9.0,9161.0,0.0
,0.0,,,,2,14,12.0,141011,,,0.0
,,11091.0,,,2,14,,141011,,,0.0
,,11091.0,,,2,14,,141011,,,0.0
,,11091.0,,,2,14,,141011,,,0.0
,0.0,,,,2,14,12.0,141011,,,0.0
0.0,,,,,1,14,,141011,9.0,9333.0,0.0
,,,,,1,14,7.0,141011,7.0,7213.0,0.0
,,,,,1,14,7.0,141011,6.0,6141.0,0.0
,0.0,,,,1,14,4.0,141011,,,0.0
,0.0,,,,2,14,9.0,141011,,,0.0
99.0,,,,,2,14,15.0,141011,3.0,3330.0,0.0
,,,,,2,14,,141011,,,0.0
,0.0,,,,2,14,5.0,141011,,,0.0
450000.0,,,,,1,14,8.0,141011,4.0,4190.0,0.0
,0.0,,,,2,14,8.0,141011,,,0.0
,,,,,2,14,17.0,141011,7.0,7346.0,0.0
,,,,,2,14,12.0,141011,5.0,5220.0,0.0
400000.0,,,,,1,14,12.0,141011,7.0,7214.0,0.0
250000.0,,,,,1,14,10.0,141011,9.0,9313.0,0.0
,0.0,,,,1,14,12.0,141011,,,0.0
,,,,,1,14,,141011,,,0.0
350000.0,,,,,1,14,12.0,141011,9.0,9132.0,0.0
,0.0,,,,2,14,12.0,141011,,,0.0
350000.0,,,,,1,14,12.0,141011,5.0,5220.0,0.0
200000.0,,,,,2,14,15.0,141011,2.0,2340.0,0.0
,,,,,1,14,,141011,,,0.0
,,,,,1,14,12.0,141011,8.0,8324.0,0.0
500000.0,,,,,2,14,12.0,141011,5.0,5139.0,0.0
,,,,,1,14,,141011,,,0.0
,,,,,1,14,,141011,,,0.0
,,,,,2,14,,141011,,,0.0
,0.0,,,,1,14,13.0,141011,,,0.0
,0.0,,,,2,14,13.0,141011,,,0.0
,0.0,,,,1,14,14.0,141011,,,0.0
,0.0,,,,1,14,14.0,141011,,,0.0
800000.0,,,,,2,14,12.0,141011,3.0,3439.0,0.0
500000.0,,,,,2,14,17.0,141011,2.0,2419.0,0.0
,,,,,1,14,,141011,,,0.0
,0.0,,,,2,14,12.0,141011,,,0.0
300000.0,,,,,2,14,12.0,141011,5.0,5220.0,0.0
,0.0,,,,1,14,10.0,141011,,,0.0
0.0,,,,,1,14,12.0,141011,9.0,9313.0,0.0
,0.0,,280000.0,,1,14,6.0,141011,,,280000.0
,0.0,,,104646.0,2,14,6.0,141011,,,104646.0
810000.0,,,,,2,14,17.0,141011,3.0,3431.0,0.0
720000.0,,,,,1,14,17.0,141011,2.0,2412.0,0.0
,,,,,1,14,15.0,141011,3.0,3471.0,0.0
,,,,,2,14,15.0,141011,5.0,5220.0,0.0
,0.0,,,,2,14,12.0,141011,,,0.0
,0.0,,,,1,14,10.0,141011,,,0.0
,0.0,,900000.0,,1,14,11.0,141011,,,900000.0
,0.0,,73000.0,,2,14,17.0,141011,,,73000.0
,0.0,,,,2,14,17.0,141011,,,0.0
,30000.0,,,,1,14,17.0,141011,,,0.0
,0.0,,,,2,14,12.0,141011,,,0.0
257000.0,,,,,2,14,12.0,141011,5.0,5220.0,0.0
400000.0,,,,,1,14,15.0,141011,3.0,3221.0,0.0
,0.0,,,,2,14,12.0,141011,,,0.0
580000.0,,,,,2,14,12.0,141011,4.0,4115.0,0.0
350000.0,,,,,2,14,17.0,141011,2.0,2320.0,0.0
,0.0,,,,2,14,11.0,141011,,,0.0
,,,,,2,14,,141011,,,0.0
,,,,,2,14,,141011,,,0.0
570000.0,,,,,1,14,12.0,141011,4.0,4142.0,0.0
480000.0,,,,,1,14,12.0,141011,5.0,5220.0,0.0
,,,,,1,14,,141011,,,0.0
,,,,,2,14,,141011,,,0.0
380000.0,,,,,1,14,6.0,141011,3.0,3142.0,0.0
,0.0,,,,2,14,12.0,141011,,,0.0
380000.0,,,,,1,14,5.0,141011,3.0,3142.0,0.0
,0.0,,,,2,14,12.0,141011,,,0.0
,0.0,,,,1,14,12.0,141011,,,0.0
150000.0,,,,,2,14,12.0,141011,5.0,5122.0,0.0
400000.0,,,,,2,14,12.0,141011,4.0,4190.0,0.0
,,,,,2,14,,141011,,,0.0
220000.0,,,,,2,14,12.0,141011,9.0,9131.0,0.0
,,,,,1,14,10.0,141011,7.0,7212.0,0.0
,0.0,,,,2,14,0.0,141011,,,0.0
300000.0,,,,,2,14,15.0,141011,7.0,7313.0,0.0
,0.0,,,,2,14,12.0,141011,,,0.0
,0.0,,,,2,14,7.0,141011,,,0.0
,,,,,2,14,,141011,,,0.0
,0.0,,,104646.0,2,14,4.0,141011,,,104646.0
400000.0,,,,,1,14,12.0,141011,8.0,8324.0,0.0
130000.0,,,,,2,14,14.0,141011,4.0,4211.0,0.0
,,,,,1,14,,141011,,,0.0
400000.0,,,,,1,14,10.0,141011,7.0,7124.0,0.0
,0.0,,,,2,14,6.0,141011,,,0.0
350000.0,,,,,1,14,12.0,141011,4.0,4131.0,0.0
350000.0,,,,,1,14,9.0,141011,4.0,4131.0,0.0
350000.0,,,,,1,14,12.0,141011,7.0,7124.0,0.0
,,,,,1,14,3.0,141011,7.0,7124.0,0.0
,0.0,,,,2,14,8.0,141011,,,0.0
99.0,,,,,2,14,12.0,141011,5.0,5131.0,0.0
,,,,,1,14,12.0,141011,6.0,6141.0,0.0
,,,,,1,14,,141011,,,0.0
,,,,,1,14,,141011,,,0.0
290000.0,,,,,2,14,12.0,141011,8.0,8322.0,0.0
,0.0,,,,2,14,7.0,141011,,,0.0
,,,,,1,14,,141011,,,0.0
300000.0,,,,,1,14,15.0,141011,3.0,3439.0,0.0
290000.0,,,,,2,14,14.0,141011,5.0,5220.0,0.0
,0.0,,,,2,14,12.0,141011,,,0.0
,,,,,1,14,11.0,141011,7.0,7124.0,0.0
,0.0,,,,2,14,12.0,141011,,,0.0
,0.0,,,,1,14,13.0,141011,,,0.0
,,,,,2,14,9.0,141011,1.0,1314.0,0.0
270000.0,,,,,1,14,12.0,141011,999.0,9999.0,0.0
340000.0,,,,,2,14,15.0,141011,5.0,5139.0,0.0
,,,,,2,14,,141011,,,0.0
,,,,,1,14,,141011,,,0.0
270000.0,,,,,2,14,10.0,141011,5.0,5122.0,0.0
270000.0,,,,,1,14,12.0,141011,5.0,5220.0,0.0
,0.0,,,104646.0,2,14,12.0,141011,,,104646.0
600000.0,,,,,1,14,14.0,141011,3.0,3132.0,0.0
800000.0,,,,,2,14,17.0,141011,3.0,3226.0,0.0
330000.0,,,,,1,14,15.0,141011,3.0,3114.0,0.0
290000.0,,,,,2,14,12.0,141011,4.0,4211.0,0.0
,,,,,1,14,11.0,141011,8.0,8322.0,0.0
300000.0,,,,,2,14,12.0,141011,5.0,5122.0,0.0
,0.0,,,,1,14,9.0,141011,,,0.0
,0.0,,,,2,14,12.0,141011,,,0.0
290000.0,,,,,1,14,8.0,141011,8.0,8322.0,0.0
230000.0,,,,,2,14,10.0,141011,9.0,9131.0,0.0
,0.0,,,,1,14,11.0,141011,,,0.0
,,,,,1,14,10.0,141011,7.0,7124.0,0.0
,0.0,,,,2,14,12.0,141011,,,0.0
,,,,,1,14,,141011,,,0.0
,,,,,2,14,,141011,,,0.0
270000.0,,,,,1,14,12.0,141011,8.0,8323.0,0.0
,0.0,,,,2,14,8.0,141011,,,0.0
,0.0,,,,1,14,8.0,141011,,,0.0
270000.0,,,,,2,14,12.0,141011,5.0,5123.0,0.0
,,,,,2,14,,141011,,,0.0
380000.0,,,,,2,14,12.0,141011,4.0,4211.0,0.0
280000.0,,,,,1,14,12.0,141011,5.0,5123.0,0.0
360000.0,,,,,1,14,6.0,141011,9.0,9313.0,0.0
,0.0,,,,2,14,12.0,141011,,,0.0
277000.0,,,,,1,14,11.0,141011,9.0,9153.0,0.0
,0.0,,,,2,14,10.0,141011,,,0.0
,0.0,,,,2,14,3.0,141011,,,0.0
380000.0,,,,,1,14,9.0,141011,9.0,9152.0,0.0
,0.0,11091.0,,,2,14,9.0,141011,,,0.0
,0.0,,,104646.0,2,14,7.0,141011,,,104646.0
,0.0,,,104646.0,1,14,7.0,141011,,,104646.0
,0.0,,,,2,14,14.0,141011,,,0.0
270000.0,,,,,2,14,12.0,141011,9.0,9132.0,0.0
,0.0,,,,1,14,16.0,141011,,,0.0
,0.0,,,,2,14,17.0,141011,,,0.0
350000.0,,,,,2,14,12.0,141011,5.0,5122.0,0.0
320000.0,,,,,2,14,12.0,141011,5.0,5122.0,0.0
,0.0,,,,1,14,12.0,141011,,,0.0
,0.0,,,,2,14,12.0,141011,,,0.0
,0.0,,,,2,14,9.0,141011,,,0.0
,,,,,1,14,12.0,141011,7.0,7212.0,0.0
277000.0,,,,,2,14,12.0,141011,5.0,5131.0,0.0
277000.0,,,,,1,14,11.0,141011,8.0,8290.0,0.0
,,,,,2,14,,141011,,,0.0
,,,,,2,14,,141011,,,0.0
,,,,,2,14,,141011,,,0.0
,,,,,2,14,,141011,,,0.0
,0.0,,,,2,14,12.0,141011,,,0.0
380000.0,,,,,1,14,10.0,141011,8.0,8333.0,0.0
200000.0,,,,,2,14,12.0,141011,5.0,5141.0,0.0
,0.0,,,,1,14,11.0,141011,,,0.0
250000.0,,,,,1,14,12.0,141011,7.0,7124.0,0.0
250000.0,,,,,2,14,12.0,141011,7.0,7412.0,0.0
250000.0,,,,,2,14,6.0,141011,9.0,9131.0,0.0
,0.0,,,,2,14,5.0,141011,,,0.0
,,,,,1,14,8.0,141011,7.0,7141.0,0.0
277000.0,,,,,2,14,12.0,141011,9.0,9131.0,0.0
250000.0,,,,,1,14,12.0,141011,9.0,9313.0,0.0
,0.0,,,,1,14,5.0,141011,,,0.0
,,,,,1,14,8.0,141011,9.0,9313.0,0.0
,0.0,,,,2,14,8.0,141011,,,0.0
,0.0,,,,2,14,0.0,141011,,,0.0
,,,,,2,14,,141011,,,0.0
,,,,,1,14,,141011,,,0.0
250000.0,,,,,2,14,12.0,141011,5.0,5131.0,0.0
,0.0,,,,1,14,12.0,141011,,,0.0
,0.0,,,,2,14,11.0,141011,,,0.0
,0.0,,,,2,14,16.0,141011,,,0.0
,0.0,,,,2,14,18.0,141011,,,0.0
,,,,,2,14,12.0,141011,7.0,7331.0,0.0
700000.0,,,,,2,14,15.0,141011,3.0,3231.0,0.0
,0.0,,,,1,14,10.0,141011,,,0.0
,0.0,,,,1,14,4.0,141011,,,0.0
,0.0,,,104646.0,2,14,3.0,141011,,,104646.0
270000.0,,,,,1,14,9.0,141011,9.0,9333.0,0.0
,0.0,,,,2,14,8.0,141011,,,0.0
256000.0,,,,,1,14,4.0,141011,7.0,7141.0,0.0
256000.0,,,,,2,14,12.0,141011,4.0,4211.0,0.0
,,,,,1,14,,141011,,,0.0
,,,,,1,14,,141011,,,0.0
,,,,,1,14,,141011,,,0.0
210000.0,,,,,2,14,12.0,141011,5.0,5131.0,0.0
120000.0,,,,,2,14,13.0,141011,4.0,4211.0,0.0
,0.0,,,,1,14,10.0,141011,,,0.0
,,,,,2,14,10.0,141011,7.0,7436.0,0.0
,,,,,2,14,,141011,,,0.0
,,,,,1,14,12.0,141011,7.0,7132.0,0.0
355000.0,,,,,1,14,12.0,141011,7.0,7137.0,0.0
,,,,,2,14,,141011,,,0.0
,,,,,1,14,8.0,141011,7.0,7136.0,0.0
,0.0,,,,2,14,8.0,141011,,,0.0
350000.0,,,,,1,14,10.0,141011,8.0,8323.0,0.0
,0.0,,,,2,14,12.0,141011,,,0.0
,,,,,2,14,,141011,,,0.0
,,,,,2,14,,141011,,,0.0
280000.0,,,,,1,14,12.0,141011,9.0,9151.0,0.0
260000.0,,,,,2,14,12.0,141011,9.0,9131.0,0.0
,0.0,,,,1,14,10.0,141011,,,0.0
,,,,,2,14,,141011,,,0.0
260000.0,,,,,1,14,12.0,141011,5.0,5220.0,0.0
300000.0,,,,,2,14,12.0,141011,5.0,5220.0,0.0
,,,,,2,14,,141011,,,0.0
,,,,,1,14,16.0,141011,2.0,2452.0,0.0
380000.0,,,,,2,14,12.0,141011,4.0,4211.0,0.0
,,,,,2,14,,141011,,,0.0
,400000.0,,,,1,14,9.0,141011,,,0.0
,0.0,,,,2,14,6.0,141011,,,0.0
,0.0,,,,2,14,12.0,141011,,,0.0
,0.0,,,,1,14,10.0,141011,,,0.0
,,,,,1,14,,141011,,,0.0
,,,,,2,14,,141011,,,0.0
,,,,,2,14,,141011,,,0.0
,,,,,2,14,,141011,,,0.0
700000.0,,,,,1,14,17.0,141011,2.0,2331.0,0.0
260000.0,,,,,2,14,12.0,141011,3.0,3415.0,0.0
,,,,,2,14,,141011,,,0.0
,,,,,1,14,,141011,,,0.0
,,,,,2,14,12.0,141011,7.0,7436.0,0.0
256000.0,,,,,2,14,2.0,141011,9.0,9131.0,0.0
,0.0,,,,2,14,17.0,141011,,,0.0
,0.0,,,,2,14,13.0,141011,,,0.0
310000.0,,,,,2,14,12.0,141011,5.0,5122.0,0.0
350000.0,,,,,1,14,12.0,141011,5.0,5122.0,0.0
200000.0,,,,,2,14,12.0,141011,5.0,5220.0,0.0
295000.0,,,,,2,14,12.0,141011,9.0,9132.0,0.0
360000.0,,,,,1,14,6.0,141011,8.0,8273.0,0.0
250000.0,,,,,2,14,12.0,141011,9.0,9131.0,0.0
276000.0,,,,,1,14,12.0,141011,7.0,7423.0,0.0
320000.0,,,,,1,14,12.0,141011,8.0,8273.0,0.0
360000.0,,,,,1,14,12.0,141011,8.0,8271.0,0.0
276000.0,,,,,1,14,12.0,141011,9.0,9313.0,0.0
,0.0,,200000.0,,2,14,1.0,141011,,,200000.0
,0.0,,160000.0,,2,14,4.0,141011,,,160000.0
300000.0,,,,,1,14,5.0,141011,7.0,7124.0,0.0
,0.0,,100000.0,,2,14,5.0,141011,,,100000.0
99.0,,,,104646.0,1,14,0.0,141011,4.0,4132.0,104646.0
,0.0,,,,2,14,8.0,141011,,,0.0
99.0,,,,,1,14,9.0,141011,4.0,4131.0,0.0
,0.0,,105000.0,,2,14,4.0,141011,,,105000.0
,,,,,1,14,8.0,141011,9.0,9152.0,0.0
,0.0,,,104646.0,2,14,3.0,141011,,,104646.0
400000.0,,,,,1,14,11.0,141011,8.0,8323.0,0.0
,0.0,,,,1,14,,141011,,,0.0
,0.0,,,,2,14,,141011,,,0.0
,0.0,,,104646.0,1,14,0.0,141011,,,104646.0
,0.0,,,104646.0,2,14,0.0,141011,,,104646.0
280000.0,,,,,1,14,3.0,141011,8.0,8332.0,0.0
,0.0,,,,2,14,11.0,141011,,,0.0
336000.0,,,,,2,14,12.0,141011,5.0,5220.0,0.0
410000.0,,,,,1,14,12.0,141011,9.0,9133.0,0.0
170000.0,,,,,2,14,12.0,141011,4.0,4211.0,0.0
,,,,104646.0,1,14,7.0,141011,1.0,1314.0,104646.0
,0.0,,,,2,14,7.0,141011,,,0.0
,0.0,,,,2,14,14.0,141011,,,0.0
400000.0,,,,,1,14,12.0,141011,9.0,9132.0,0.0
400000.0,,,,,2,14,12.0,141011,9.0,9132.0,0.0
,0.0,,,,1,14,14.0,141011,,,0.0
276000.0,,,,,1,14,2.0,141011,9.0,9131.0,0.0
,0.0,,,104646.0,2,14,2.0,141011,,,104646.0
150000.0,,,,,2,14,8.0,141011,9.0,9131.0,0.0
240000.0,,,,,1,14,0.0,141011,7.0,7214.0,0.0
,0.0,,,,1,14,11.0,141011,,,0.0
,0.0,,,,2,14,9.0,141011,,,0.0
276000.0,,,,,1,14,5.0,141011,7.0,7411.0,0.0
,0.0,,,,2,14,5.0,141011,,,0.0
,,,,,1,14,,141011,,,0.0
,,,,,2,14,,141011,,,0.0
,0.0,,,,2,14,,141011,,,0.0
,0.0,,,,2,14,12.0,141011,,,0.0
,,,,,2,14,,141011,,,0.0
,0.0,,,,2,14,12.0,141011,,,0.0
150000.0,,,,,1,14,17.0,141011,5.0,5123.0,0.0
,0.0,,,,2,14,17.0,141011,,,0.0
,,,,,2,14,,141011,,,0.0
,0.0,,,,2,14,12.0,141011,,,0.0
270000.0,,,,,2,14,12.0,141011,7.0,7412.0,0.0
,0.0,,,,2,14,10.0,141011,,,0.0
,,,,,2,14,,141011,,,0.0
,,,,,2,14,,141011,,,0.0
300000.0,,,,,1,14,6.0,141011,9.0,9313.0,0.0
200000.0,,,,,2,14,6.0,141011,9.0,9131.0,0.0
210000.0,,,,,2,14,4.0,141011,9.0,9131.0,0.0
,,,,,1,14,12.0,141011,8.0,8324.0,0.0
,,11091.0,,,2,14,,141011,,,0.0
,,,,,2,14,8.0,141011,9.0,9131.0,0.0
,0.0,,,,2,14,4.0,141011,,,0.0
,,,,,1,14,12.0,141011,8.0,8322.0,0.0
99.0,,,,,1,14,11.0,141011,9.0,9333.0,0.0
430000.0,,,,,1,14,12.0,141011,4.0,4131.0,0.0
320000.0,,,,,2,14,14.0,141011,5.0,5122.0,0.0
,0.0,,,,2,14,8.0,141011,,,0.0
,0.0,,,,1,14,12.0,141011,,,0.0
,0.0,11091.0,,,2,14,10.0,141011,,,0.0
,,,,,2,14,,141011,,,0.0
,0.0,,,,2,14,12.0,141011,,,0.0
,0.0,,,,2,14,17.0,141011,,,0.0
,,,,,1,14,,141011,,,0.0
,,,,,2,14,,141011,,,0.0
340000.0,,,,,2,14,12.0,141011,9.0,9132.0,0.0
300000.0,,,,,1,14,8.0,141011,5.0,5220.0,0.0
,0.0,,,,2,14,9.0,141011,,,0.0
,,,,,2,14,,141011,,,0.0
,,,,,1,14,,141011,,,0.0
450000.0,,,,,2,14,12.0,141011,4.0,4121.0,0.0
,,,,,2,14,,141011,,,0.0
256000.0,,,,,2,14,10.0,141011,9.0,9132.0,0.0
256000.0,,,,,1,14,12.0,141011,8.0,8290.0,0.0
350000.0,,,,,1,14,17.0,141011,2.0,2139.0,0.0
,0.0,,,,2,14,14.0,141011,,,0.0
,0.0,,132000.0,,2,14,9.0,141011,,,132000.0
,0.0,,,,1,14,,141011,,,0.0
,0.0,,,,1,14,12.0,141011,,,0.0
,0.0,,,,2,14,12.0,141011,,,0.0
300000.0,,,,,2,14,15.0,141011,3.0,3231.0,0.0
,0.0,,,,1,14,9.0,141011,,,0.0
,0.0,,,,2,14,10.0,141011,,,0.0
,0.0,,,,2,14,3.0,141011,,,0.0
,,,,,1,14,13.0,141011,5.0,5220.0,0.0
,0.0,,,,2,14,13.0,141011,,,0.0
,,,,,1,14,,141011,,,0.0
,,,,,1,14,,141011,,,0.0
400000.0,,,,,2,14,12.0,141011,4.0,4211.0,0.0
180000.0,,,,,1,14,12.0,141011,5.0,5220.0,0.0
,0.0,,,,1,14,8.0,141011,,,0.0
600000.0,,,,,1,14,12.0,141011,8.0,8322.0,0.0
400000.0,,,,,2,14,15.0,141011,4.0,4190.0,0.0
,0.0,,,,1,14,10.0,141011,,,0.0
,,,,,2,14,,141011,,,0.0
,0.0,,,,2,14,15.0,141011,,,0.0
,,,,,1,14,15.0,141011,3.0,3121.0,0.0
,,,,,2,14,,141011,,,0.0
,,,,,2,14,,141011,,,0.0
,,,,,2,14,,141011,,,0.0
,0.0,,,,2,14,10.0,141011,,,0.0
,0.0,,,,1,14,10.0,141011,,,0.0
767000.0,,,,,2,14,17.0,141011,2.0,2320.0,0.0
,0.0,,,,2,14,11.0,141011,,,0.0
,,,,,1,14,,141011,,,0.0
,,,,,1,14,,141011,,,0.0
400000.0,,,,,1,14,12.0,141011,9.0,9313.0,0.0
90000.0,,,,,2,14,6.0,141011,9.0,9131.0,0.0
,0.0,,,104646.0,1,14,12.0,141011,,,104646.0
,0.0,,,104646.0,2,14,12.0,141011,,,104646.0
,0.0,,,,2,14,7.0,141011,,,0.0
,0.0,,,,2,14,12.0,141011,,,0.0
,0.0,,,,2,14,9.0,141011,,,0.0
,,,,,2,14,,141011,,,0.0
270000.0,,,,,2,14,12.0,141011,4.0,4211.0,0.0
250000.0,,,,,2,14,12.0,141011,7.0,7412.0,0.0
280000.0,,,,,1,14,11.0,141011,5.0,5220.0,0.0
,0.0,,,,2,14,12.0,141011,,,0.0
,,,,,2,14,,141011,,,0.0
300000.0,,,,,2,14,17.0,141011,2.0,2331.0,0.0
475000.0,,,,,1,14,16.0,141011,4.0,4131.0,0.0
,0.0,,,,2,14,14.0,141011,,,0.0
0.0,,,,,1,14,12.0,141011,5.0,5220.0,0.0
270000.0,,,,,1,14,12.0,141011,5.0,5220.0,0.0
270000.0,,,,,2,14,12.0,141011,5.0,5220.0,0.0
,0.0,,,,2,14,6.0,141011,,,0.0
,,,,,2,14,,141011,,,0.0
,,,,,1,14,,141011,,,0.0
,0.0,,486000.0,,1,14,17.0,141011,,,486000.0
,0.0,,,,2,14,12.0,141011,,,0.0
400000.0,,,,,1,14,10.0,141011,8.0,8141.0,0.0
,,,,,2,14,10.0,141011,5.0,5133.0,0.0
140000.0,,,,,2,14,16.0,141011,5.0,5220.0,0.0
,0.0,,,,1,14,16.0,141011,,,0.0
,0.0,,,,2,14,16.0,141011,,,0.0
270000.0,,,,,2,14,9.0,141011,7.0,7142.0,0.0
,,,,,1,14,12.0,141011,7.0,7137.0,0.0
,0.0,,,,1,14,10.0,141011,,,0.0
,0.0,,,,2,14,10.0,141011,,,0.0
,0.0,,,104646.0,1,14,6.0,141011,,,104646.0
,80000.0,,,,1,14,16.0,141011,,,0.0
,99.0,,,,1,14,15.0,141011,,,0.0
270000.0,,,,,2,14,7.0,141011,9.0,9132.0,0.0
,,,,,1,14,12.0,141011,7.0,7124.0,0.0
,0.0,11091.0,,,1,14,10.0,141011,,,0.0
270000.0,,,,,2,14,8.0,141011,5.0,5122.0,0.0
,,,,,2,14,15.0,141011,5.0,5230.0,0.0
,,11091.0,,,1,14,,141011,,,0.0
275000.0,,,,,2,14,8.0,141011,9.0,9132.0,0.0
,,,,,2,14,,141011,,,0.0
,0.0,,,,2,14,12.0,141011,,,0.0
550000.0,,,,,1,14,12.0,141011,7.0,7137.0,0.0
,0.0,,,,1,14,12.0,141011,,,0.0
,,,,,2,14,,141011,,,0.0
,0.0,,154300.0,,2,14,2.0,141011,,,154300.0
720000.0,,,,,1,14,12.0,141011,5.0,5139.0,0.0
480000.0,,,,,2,14,12.0,141011,5.0,5139.0,0.0
40000.0,,,,,1,14,13.0,141011,8.0,8264.0,0.0
,,,,,1,14,,141011,,,0.0
300000.0,,,,,1,14,12.0,141011,7.0,7214.0,0.0
,0.0,,,,2,14,14.0,141011,,,0.0
,,,,,1,14,13.0,141011,1.0,1314.0,0.0
,,,,,2,14,13.0,141011,9.0,9112.0,0.0
,0.0,,,,1,14,12.0,141011,,,0.0
400000.0,,,,,2,14,12.0,141011,3.0,3439.0,0.0
,,,,,1,14,,141011,,,0.0
,,,,,2,14,,141011,,,0.0
,,,,,2,14,,141011,,,0.0
,0.0,,,,2,14,12.0,141011,,,0.0
,0.0,,,,1,14,14.0,141011,,,0.0
,0.0,,,,2,14,10.0,141011,,,0.0
0.0,,,,,1,14,8.0,141011,6.0,6152.0,0.0
,700000.0,,,,1,14,12.0,141011,,,0.0
,0.0,,,,2,14,12.0,141011,,,0.0
99.0,,,,,2,14,17.0,141011,2.0,2419.0,0.0
,,,,,1,14,,141011,,,0.0
,,,,,1,14,17.0,141011,8.0,8324.0,0.0
,0.0,,,,2,14,12.0,141011,,,0.0
,0.0,,,,1,14,14.0,141011,,,0.0
,0.0,,,,1,14,14.0,141011,,,0.0
,0.0,11091.0,,,1,14,12.0,141011,,,0.0
,,,,,1,14,12.0,141011,5.0,5230.0,0.0
,0.0,,,,2,14,13.0,141011,,,0.0
270000.0,,,,,1,14,17.0,141011,5.0,5220.0,0.0
,,11091.0,,,1,14,,141011,,,0.0
,0.0,,280000.0,,1,14,12.0,141011,,,280000.0
,0.0,,,104646.0,2,14,12.0,141011,,,104646.0
,,,,,2,14,17.0,141011,7.0,7412.0,0.0
,,,,,1,14,12.0,141011,7.0,7412.0,0.0
320000.0,,,,,2,14,17.0,141011,5.0,5220.0,0.0
300000.0,,,,,1,14,17.0,141011,2.0,2445.0,0.0
450000.0,,,,,1,14,12.0,141011,7.0,7214.0,0.0
,0.0,,,,2,14,12.0,141011,,,0.0
,,11091.0,,,2,14,,141011,,,0.0
300000.0,,,,,2,14,12.0,141011,9.0,9132.0,0.0
290000.0,,,,,1,14,14.0,141011,7.0,7233.0,0.0
150000.0,,,,,1,14,16.0,141011,9.0,9322.0,0.0
250000.0,,,,,1,14,15.0,141011,9.0,9322.0,0.0
100000.0,,,,,2,14,15.0,141011,5.0,5122.0,0.0
,,,,,2,14,12.0,141011,1.0,1314.0,0.0
,,,,,1,14,12.0,141011,1.0,1314.0,0.0
500000.0,,,,,1,14,15.0,141011,7.0,7233.0,0.0
200000.0,,,,,2,14,12.0,141011,4.0,4223.0,0.0
,,,,,1,14,,141011,,,0.0
,,,,,1,14,,141011,,,0.0
350000.0,,,,,2,14,12.0,141011,5.0,5220.0,0.0
320000.0,,,,,2,14,12.0,141011,5.0,5169.0,0.0
200000.0,,,,,2,14,12.0,141011,5.0,5123.0,0.0
200000.0,,,,,2,14,12.0,141011,5.0,5123.0,0.0
,0.0,,,104646.0,2,14,6.0,141011,,,104646.0
,0.0,,,,1,14,3.0,141011,,,0.0
,0.0,,,104646.0,2,14,5.0,141011,,,104646.0
,,,,,1,14,12.0,141011,7.0,7442.0,0.0
240000.0,,,,,2,14,12.0,141011,5.0,5131.0,0.0
,,,,,1,14,12.0,141011,1.0,1312.0,0.0
,,,,,2,14,12.0,141011,4.0,4211.0,0.0
,,,,,1,14,13.0,141011,3.0,3122.0,0.0
700000.0,,,,,1,14,17.0,141011,2.0,2419.0,0.0
,,,,,2,14,12.0,141011,5.0,5220.0,0.0
12000.0,,,,,2,14,11.0,141011,9.0,9132.0,0.0
290000.0,,,,,1,14,14.0,141011,9.0,9333.0,0.0
280000.0,,,,,2,14,13.0,141011,9.0,9132.0,0.0
,0.0,,150000.0,,1,14,8.0,141011,,,150000.0
274000.0,,,,,2,14,12.0,141011,9.0,9333.0,0.0
370000.0,,,,,1,14,12.0,141011,7.0,7412.0,0.0
380000.0,,,,,2,14,15.0,141011,3.0,3320.0,0.0
40000.0,,,,,1,14,14.0,141011,4.0,4222.0,0.0
0.0,,,,,1,14,14.0,141011,3.0,3414.0,0.0
,0.0,,133400.0,,2,14,0.0,141011,,,133400.0
300000.0,,,,,2,14,17.0,141011,2.0,2412.0,0.0
200000.0,,,,,2,14,15.0,141011,9.0,9322.0,0.0
160000.0,,,,,1,14,15.0,141011,9.0,9322.0,0.0
,0.0,,99560.0,,2,14,10.0,141011,,,99560.0
,0.0,,120000.0,,1,14,11.0,141011,,,120000.0
200000.0,,,,,1,14,14.0,141011,4.0,4211.0,0.0
180000.0,,,,,2,14,15.0,141011,9.0,9151.0,0.0
500000.0,,,,,2,14,19.0,141011,3.0,3119.0,0.0
,0.0,,99.0,,1,14,8.0,141011,,,99.0
,0.0,,,,2,14,8.0,141011,,,0.0
99.0,,,,,2,14,15.0,141011,3.0,3152.0,0.0
99.0,,,,,1,14,15.0,141011,3.0,3122.0,0.0
,30000.0,,,,1,14,14.0,141011,,,0.0
,,,,,1,14,12.0,141011,1.0,1315.0,0.0
135000.0,,,,,1,14,12.0,141011,9.0,9132.0,0.0
,0.0,,,,1,14,9.0,141011,,,0.0
,0.0,,,,1,14,15.0,141011,,,0.0
,0.0,,,,2,14,10.0,141011,,,0.0
230000.0,,,,,2,14,12.0,141011,3.0,3439.0,0.0
180000.0,,,,,2,14,14.0,141011,9.0,9152.0,0.0
70000.0,,,,,1,14,15.0,141011,9.0,9152.0,0.0
300000.0,,,,,1,14,15.0,141011,9.0,9313.0,0.0
,,,,,1,14,17.0,141011,2.0,2421.0,0.0
,,,,,2,14,17.0,141011,2.0,2421.0,0.0
335000.0,,,,,1,14,12.0,141011,5.0,5122.0,0.0
,0.0,,,,2,14,10.0,141011,,,0.0
480000.0,,,,,2,14,12.0,141011,5.0,5220.0,0.0
,,,,,1,14,12.0,141011,8.0,8324.0,0.0
400000.0,,,,,2,14,15.0,141011,3.0,3225.0,0.0
,,,,,1,14,,141011,,,0.0
,0.0,,,,2,14,6.0,141011,,,0.0
250000.0,,,,,1,14,12.0,141011,7.0,7124.0,0.0
450000.0,,,,,1,14,12.0,141011,8.0,8162.0,0.0
350000.0,,,106000.0,,1,14,9.0,141011,7.0,7233.0,106000.0
,0.0,,,,1,14,14.0,141011,,,0.0
,0.0,,,,1,14,13.0,141011,,,0.0
600000.0,,,,,1,14,12.0,141011,3.0,3471.0,0.0
99.0,,,,,2,14,12.0,141011,4.0,4211.0,0.0
300000.0,,,,,1,14,12.0,141011,8.0,8332.0,0.0
,,,,,2,14,15.0,141011,5.0,5133.0,0.0
,,,,,1,14,,141011,,,0.0
150000.0,,,,,2,14,12.0,141011,9.0,9131.0,0.0
,0.0,,,,1,14,9.0,141011,,,0.0
,,,,,2,14,,141011,,,0.0
,0.0,,,,1,14,14.0,141011,,,0.0
,0.0,,,,1,14,14.0,141011,,,0.0
,0.0,,,,2,14,6.0,141011,,,0.0
300000.0,,,,,1,14,15.0,141011,4.0,4223.0,0.0
,0.0,,,,2,14,12.0,141011,,,0.0
,,,,,1,14,3.0,141011,7.0,7124.0,0.0
450000.0,,,,,1,14,17.0,141011,3.0,3226.0,0.0
,0.0,,,,1,14,15.0,141011,,,0.0
,0.0,,,,2,14,10.0,141011,,,0.0
,,,,,2,14,9.0,141011,7.0,7412.0,0.0
380000.0,,,,,1,14,12.0,141011,9.0,9152.0,0.0
380000.0,,,,,2,14,12.0,141011,5.0,5220.0,0.0
,0.0,,,,1,14,15.0,141011,,,0.0
120000.0,,,,,2,14,14.0,141011,4.0,4211.0,0.0
400000.0,,,,,1,14,14.0,141011,5.0,5122.0,0.0
,,,,,1,14,,141011,,,0.0
,0.0,,,,2,14,8.0,141011,,,0.0
,0.0,,,,1,14,15.0,141011,,,0.0
,140000.0,,,,2,14,12.0,141011,,,0.0
0.0,,,,,2,14,12.0,141011,5.0,5131.0,0.0
,0.0,,,,2,14,12.0,141011,,,0.0
,0.0,,,,2,14,10.0,141011,,,0.0
,0.0,,,,1,14,12.0,141011,,,0.0
,0.0,,,,1,14,10.0,141011,,,0.0
,,,,,1,14,,141011,,,0.0
,,,,,1,14,,141011,,,0.0
270000.0,,,,,2,14,12.0,141011,9.0,9333.0,0.0
,,,,,1,14,,141011,,,0.0
,,,,,1,14,,141011,,,0.0
400000.0,,,,,1,14,10.0,141011,7.0,7124.0,0.0
,0.0,,,,2,14,8.0,141011,,,0.0
,0.0,,,,1,14,18.0,141011,,,0.0
,0.0,,,,2,14,13.0,141011,,,0.0
,,11091.0,,,1,14,,141011,,,0.0
,,,,,1,14,8.0,141011,7.0,7124.0,0.0
240000.0,,,,,1,14,8.0,141011,9.0,9312.0,0.0
,0.0,,,,1,14,6.0,141011,,,0.0
,,,,,1,14,13.0,141011,7.0,7231.0,0.0
,0.0,,,,1,14,9.0,141011,,,0.0
,0.0,,,,2,14,15.0,141011,,,0.0
,0.0,,,,2,14,17.0,141011,,,0.0
,0.0,,,104646.0,2,14,10.0,141011,,,104646.0
,0.0,,,,1,14,17.0,141011,,,0.0
,0.0,,,,2,14,17.0,141011,,,0.0
,0.0,,,,2,14,17.0,141011,,,0.0
,0.0,,,,2,14,13.0,141011,,,0.0
150000.0,,,198000.0,,1,14,10.0,141011,3.0,3472.0,198000.0
,0.0,,,,2,14,8.0,141011,,,0.0
,,,,,1,14,12.0,141011,9.0,9113.0,0.0
1000000.0,,,,,1,14,17.0,141011,2.0,2142.0,0.0
99.0,,,99.0,,1,14,14.0,141011,4.0,4131.0,99.0
,99.0,,,,2,14,10.0,141011,,,0.0
,99.0,,,,2,14,16.0,141011,,,0.0
400000.0,,,,,1,14,17.0,141011,2.0,2331.0,0.0
270000.0,,,,,1,14,12.0,141011,7.0,7231.0,0.0
300000.0,,,,,2,14,12.0,141011,4.0,4211.0,0.0
,,,,,2,14,,141011,,,0.0
500000.0,,,,,2,14,14.0,141011,3.0,3431.0,0.0
,,,,,1,14,12.0,141011,7.0,7141.0,0.0
,0.0,,,,1,14,11.0,141011,,,0.0
,0.0,,,,1,14,9.0,141011,,,0.0
,,,,,1,14,,141011,,,0.0
630000.0,,,,,1,14,12.0,141011,4.0,4212.0,0.0
,0.0,,,,2,14,14.0,141011,,,0.0
,,,,,1,14,,141011,,,0.0
340000.0,,,,,1,14,12.0,141011,4.0,4222.0,0.0
,,,,104646.0,2,14,5.0,141011,7.0,7433.0,104646.0
,,,,,1,14,1.0,141011,1.0,1314.0,0.0
,0.0,,,,2,14,5.0,141011,,,0.0
,0.0,,,,1,14,17.0,141011,,,0.0
,0.0,,,,1,14,16.0,141011,,,0.0
,,,,,2,14,17.0,141011,1.0,1318.0,0.0
,,,,,1,14,13.0,141011,8.0,8264.0,0.0
,,,,,2,14,14.0,141011,8.0,8264.0,0.0
,,,,,2,14,,141011,,,0.0
,0.0,,,,2,14,15.0,141011,,,0.0
1000000.0,,,,,1,14,18.0,141011,2.0,2310.0,0.0
,0.0,,,,2,14,14.0,141011,,,0.0
600000.0,,,,,2,14,18.0,141011,2.0,2411.0,0.0
,0.0,,,,2,14,17.0,141011,,,0.0
,0.0,,,,2,14,17.0,141011,,,0.0
1400000.0,,,,,1,14,16.0,141011,2.0,2419.0,0.0
,0.0,,,,2,14,16.0,141011,,,0.0
,,,,,2,14,,141011,,,0.0
,99.0,,,,1,14,17.0,141011,,,0.0
,99.0,,,,2,14,17.0,141011,,,0.0
,,,,,1,14,20.0,141011,1.0,1316.0,0.0
860000.0,,,,,2,14,16.0,141011,2.0,2332.0,0.0
,,,,,1,14,6.0,141011,3.0,3432.0,0.0
,0.0,,,,1,14,13.0,141011,,,0.0
,,,,,1,14,6.0,141011,3.0,3432.0,0.0
,0.0,,,,1,14,17.0,141011,,,0.0
,,,,,2,14,12.0,141011,1.0,1315.0,0.0
,0.0,,,104646.0,1,14,12.0,141011,,,104646.0
,0.0,,,,2,14,6.0,141011,,,0.0
500000.0,,,,,1,14,17.0,141011,1.0,1315.0,0.0
350000.0,,,,,2,14,12.0,141011,9.0,9333.0,0.0
380000.0,,,,,1,14,12.0,141011,5.0,5169.0,0.0
300000.0,,,,,1,14,12.0,141011,8.0,8323.0,0.0
,0.0,,,104646.0,1,14,6.0,141011,,,104646.0
,,,,,1,14,17.0,141011,1.0,1312.0,0.0
,,,300000.0,,1,14,17.0,141011,1.0,1314.0,300000.0
,0.0,,800000.0,,2,14,16.0,141011,,,800000.0
800000.0,,,,,1,14,15.0,141011,2.0,2419.0,0.0
,0.0,,,,2,14,6.0,141011,,,0.0
300000.0,,,,,2,14,12.0,141011,7.0,7412.0,0.0
,0.0,,,104646.0,1,14,4.0,141011,,,104646.0
,0.0,,,104646.0,2,14,0.0,141011,,,104646.0
,,,,,1,14,,141011,,,0.0
,,,,,2,14,,141011,,,0.0
,,,,,2,14,,141011,,,0.0
,,,,,1,14,,141011,,,0.0
0.0,,,,,2,14,16.0,141011,3.0,3231.0,0.0
250000.0,,,,,2,14,16.0,141011,5.0,5220.0,0.0
99.0,,,,,2,14,14.0,141011,5.0,5123.0,0.0
1000000.0,,,,,1,14,17.0,141011,2.0,2419.0,0.0
1000000.0,,,,,2,14,17.0,141011,2.0,2419.0,0.0
,,,,,1,14,6.0,141011,7.0,7124.0,0.0
,0.0,,,,2,14,6.0,141011,,,0.0
99.0,,,,,1,14,17.0,141011,2.0,2310.0,0.0
99.0,,,,,2,14,17.0,141011,2.0,2331.0,0.0
,,,,,2,14,,141011,,,0.0
,,,,,2,14,6.0,141011,7.0,7436.0,0.0
,0.0,,130000.0,,1,14,4.0,141011,,,130000.0
400000.0,,,,,1,14,17.0,141011,2.0,2320.0,0.0
200000.0,,,,,2,14,16.0,141011,2.0,2331.0,0.0
,,,,,2,14,,141011,,,0.0
,,,,,2,14,17.0,141011,1.0,1315.0,0.0
,,,285000.0,,1,14,16.0,141011,1.0,1315.0,285000.0
,0.0,,,,1,14,16.0,141011,,,0.0
600000.0,,,,,2,14,16.0,141011,4.0,4223.0,0.0
,0.0,,,104646.0,2,14,12.0,141011,,,104646.0
150000.0,,,,,1,14,17.0,141011,7.0,7412.0,0.0
,,,,,1,14,2.0,141011,7.0,7231.0,0.0
,0.0,,,,2,14,1.0,141011,,,0.0
,0.0,,,,1,14,11.0,141011,,,0.0
,0.0,,,,2,14,12.0,141011,,,0.0
,,,,,1,14,,141011,,,0.0
,,,,,2,14,,141011,,,0.0
,0.0,,220000.0,,2,14,8.0,141011,,,220000.0
,0.0,,180000.0,,1,14,12.0,141011,,,180000.0
350000.0,,,,,1,14,3.0,141011,8.0,8162.0,0.0
,0.0,,,,2,14,12.0,141011,,,0.0
,0.0,11091.0,,,1,14,9.0,141011,,,0.0
,0.0,11091.0,,,1,14,9.0,141011,,,0.0
600000.0,,,,,1,14,15.0,141011,2.0,2411.0,0.0
300000.0,,,,,2,14,13.0,141011,4.0,4222.0,0.0
,0.0,,,,1,14,10.0,141011,,,0.0
,,,,,2,14,15.0,141011,5.0,5141.0,0.0
,0.0,,,,1,14,5.0,141011,,,0.0
200000.0,,,,,1,14,11.0,141011,5.0,5162.0,0.0
,0.0,,190000.0,,2,14,17.0,141011,,,190000.0
,0.0,,0.0,,1,14,12.0,141011,,,0.0
,,,80000.0,,2,14,12.0,141011,1.0,1315.0,80000.0
200000.0,,,,,1,14,13.0,141011,9.0,9313.0,0.0
600000.0,,,,,1,14,12.0,141011,4.0,4131.0,0.0
650000.0,,,,,1,14,12.0,141011,8.0,8324.0,0.0
,,,,,2,14,12.0,141011,1.0,1315.0,0.0
99.0,,,,,2,14,20.0,141011,2.0,2230.0,0.0
,0.0,,,,2,14,12.0,141011,,,0.0
,0.0,,600000.0,,1,14,12.0,141011,,,600000.0
,,,,,1,14,15.0,141011,6.0,6141.0,0.0
400000.0,,,,,2,14,12.0,141011,5.0,5220.0,0.0
270000.0,,,,,2,14,12.0,141011,9.0,9132.0,0.0
,,,,,1,14,,141011,,,0.0
,0.0,,380000.0,,1,14,1.0,141011,,,380000.0
,0.0,,,,2,14,1.0,141011,,,0.0
350000.0,,,,,1,14,12.0,141011,7.0,7124.0,0.0
350000.0,,,,,1,14,12.0,141011,7.0,7124.0,0.0
,,,,,2,14,,141011,,,0.0
,0.0,,270000.0,,2,14,13.0,141011,,,270000.0
,,,,,1,14,14.0,141011,7.0,7231.0,0.0
250000.0,,,,,2,14,14.0,141011,3.0,3225.0,0.0
,0.0,,,,2,14,13.0,141011,,,0.0
,,,,,2,14,,141011,,,0.0
,,,,,1,14,,141011,,,0.0
800000.0,,,,,1,14,12.0,141011,0.0,110.0,0.0
250000.0,,,,,2,14,12.0,141011,4.0,4212.0,0.0
,0.0,,,,2,14,10.0,141011,,,0.0
,,,,,2,14,,141011,,,0.0
600000.0,,,280000.0,,1,14,16.0,141011,5.0,5123.0,280000.0
230000.0,,,245000.0,,2,14,15.0,141011,5.0,5123.0,245000.0
600000.0,,,,,1,14,16.0,141011,5.0,5123.0,0.0
230000.0,,,,,1,14,15.0,141011,5.0,5123.0,0.0
230000.0,,,,,2,14,16.0,141011,5.0,5123.0,0.0
,0.0,,,,2,14,10.0,141011,,,0.0
,0.0,,,,1,14,12.0,141011,,,0.0
,0.0,,200000.0,,1,14,10.0,141011,,,200000.0
,0.0,,,,1,14,12.0,141011,,,0.0
250000.0,,,,,1,14,11.0,141011,9.0,9141.0,0.0
,0.0,,,,2,14,12.0,141011,,,0.0
,0.0,,,,2,14,16.0,141011,,,0.0
,,,,,1,14,,141011,,,0.0
500000.0,,,,,2,14,16.0,141011,3.0,3431.0,0.0
,0.0,,,,2,14,14.0,141011,,,0.0
,0.0,,,,1,14,17.0,141011,,,0.0
,0.0,,,104646.0,2,14,8.0,141011,,,104646.0
300000.0,,,,,2,14,17.0,141011,4.0,4190.0,0.0
,0.0,,,,2,14,17.0,141011,,,0.0
,0.0,,,,1,14,12.0,141011,,,0.0
,0.0,,,,2,14,11.0,141011,,,0.0
560000.0,,,,,2,14,14.0,141011,3.0,3221.0,0.0
,,,,,1,14,12.0,141011,9.0,9313.0,0.0
,,,,,1,14,,141011,,,0.0
,0.0,,,104646.0,2,14,12.0,141011,,,104646.0
,0.0,,,104646.0,1,14,12.0,141011,,,104646.0
,0.0,,250000.0,,2,14,17.0,141011,,,250000.0
,0.0,,,,2,14,17.0,141011,,,0.0
,,,,,1,14,,141011,,,0.0
250000.0,,,,,2,14,12.0,141011,5.0,5220.0,0.0
,0.0,,,,1,14,12.0,141011,,,0.0
,0.0,,,,2,14,10.0,141011,,,0.0
,,,,,1,14,,141011,,,0.0
400000.0,,,,,1,14,15.0,141011,3.0,3221.0,0.0
322000.0,,,,,1,14,12.0,141011,9.0,9152.0,0.0
280000.0,,,,,1,14,5.0,141011,9.0,9141.0,0.0
,0.0,,,,2,14,4.0,141011,,,0.0
,0.0,,,,1,14,12.0,141011,,,0.0
1300000.0,,,,,1,14,17.0,141011,2.0,2320.0,0.0
1100000.0,,,,,2,14,17.0,141011,2.0,2331.0,0.0
,0.0,,300000.0,,2,14,12.0,141011,,,300000.0
270000.0,,,,,2,14,12.0,141011,5.0,5132.0,0.0
270000.0,,,,,1,14,17.0,141011,7.0,7122.0,0.0
,0.0,,,,1,14,13.0,141011,,,0.0
600000.0,,,,,1,14,17.0,141011,2.0,2331.0,0.0
350000.0,,,,,2,14,14.0,141011,3.0,3122.0,0.0
,,,,,2,14,,141011,,,0.0
,,,,,1,14,,141011,,,0.0
1000000.0,,,,,2,14,17.0,141011,2.0,2320.0,0.0
,,,,,1,14,15.0,141011,3.0,3434.0,0.0
,,,700000.0,,2,14,16.0,141011,2.0,2320.0,700000.0
,,,,,2,14,14.0,141011,1.0,1315.0,0.0
,0.0,,,,1,14,15.0,141011,,,0.0
,0.0,,,,2,14,14.0,141011,,,0.0
,0.0,,90000.0,,2,14,12.0,141011,,,90000.0
800000.0,,,,,1,14,17.0,141011,2.0,2145.0,0.0
600000.0,,,,,2,14,17.0,141011,2.0,2331.0,0.0
,0.0,,,,1,14,17.0,141011,,,0.0
,0.0,,,,2,14,12.0,141011,,,0.0
720000.0,,,,,1,14,17.0,141011,2.0,2310.0,0.0
,,,,,1,14,15.0,141011,7.0,7422.0,0.0
,0.0,,530000.0,,2,14,16.0,141011,,,530000.0
,0.0,,,,1,14,17.0,141011,,,0.0
,0.0,,,,1,14,18.0,141011,,,0.0
,0.0,,,,2,14,14.0,141011,,,0.0
99.0,,,,,1,14,15.0,141011,5.0,5230.0,0.0
900000.0,,,,,1,14,12.0,141011,5.0,5220.0,0.0
0.0,,,,,2,14,12.0,141011,5.0,5220.0,0.0
350000.0,,,,,2,14,12.0,141011,5.0,5220.0,0.0
,,11091.0,,,1,14,,141011,,,0.0
,,11091.0,,,2,14,,141011,,,0.0
,,11091.0,,,2,14,,141011,,,0.0
,,11091.0,,,2,14,,141011,,,0.0
400000.0,,,,,1,14,12.0,141011,7.0,7124.0,0.0
,0.0,,,,2,14,12.0,141011,,,0.0
,,,,,2,14,,141011,,,0.0
600000.0,,,,,2,14,12.0,141011,4.0,4211.0,0.0
350000.0,,,,,1,14,16.0,141011,3.0,3151.0,0.0
,0.0,,,,2,14,14.0,141011,,,0.0
1000000.0,,,,,1,14,17.0,141011,2.0,2419.0,0.0
,99.0,,,,2,14,15.0,141011,,,0.0
,,,,,1,14,,141011,,,0.0
,,,,,1,14,12.0,141011,8.0,8322.0,0.0
,0.0,,,104646.0,2,14,4.0,141011,,,104646.0
,0.0,,,104646.0,2,14,5.0,141011,,,104646.0
60000.0,,,,,2,14,14.0,141011,4.0,4211.0,0.0
,0.0,,,,2,14,4.0,141011,,,0.0
,0.0,,,104646.0,1,14,10.0,141011,,,104646.0
,0.0,,,104646.0,2,14,11.0,141011,,,104646.0
,0.0,,,,2,14,8.0,141011,,,0.0
270000.0,,,,,1,14,12.0,141011,9.0,9333.0,0.0
250000.0,,,,,2,14,10.0,141011,7.0,7436.0,0.0
,0.0,,,,1,14,10.0,141011,,,0.0
,0.0,,,,2,14,17.0,141011,,,0.0
,,,,,1,14,,141011,,,0.0
,,,,,2,14,7.0,141011,5.0,5230.0,0.0
,,,,,1,14,4.0,141011,5.0,5230.0,0.0
270000.0,,,,,1,14,12.0,141011,4.0,4131.0,0.0
,0.0,,,104646.0,2,14,4.0,141011,,,104646.0
,0.0,,120000.0,,1,14,1.0,141011,,,120000.0
,,,,,1,14,5.0,141011,7.0,7331.0,0.0
,0.0,,,104646.0,2,14,12.0,141011,,,104646.0
500000.0,,,,,1,14,12.0,141011,7.0,7122.0,0.0
320000.0,,,,,2,14,12.0,141011,5.0,5122.0,0.0
,0.0,,,,2,14,12.0,141011,,,0.0
275000.0,,,,,2,14,12.0,141011,9.0,9333.0,0.0
,0.0,,,,2,14,11.0,141011,,,0.0
,0.0,,,,1,14,14.0,141011,,,0.0
800000.0,,,,,1,14,17.0,141011,2.0,2142.0,0.0
300000.0,,,,,2,14,14.0,141011,3.0,3231.0,0.0
,0.0,,,,2,14,15.0,141011,,,0.0
400000.0,,,,,1,14,12.0,141011,9.0,9151.0,0.0
60000.0,,,,,2,14,12.0,141011,9.0,9132.0,0.0
,,,,,1,14,,141011,,,0.0
,,,,,1,14,,141011,,,0.0
,0.0,,220000.0,,1,14,12.0,141011,,,220000.0
350000.0,,,,,1,14,12.0,141011,9.0,9152.0,0.0
,,,,,1,14,15.0,141011,2.0,2148.0,0.0
,0.0,,,,2,14,14.0,141011,,,0.0
,,,,,1,14,,141011,,,0.0
,,,,104646.0,1,14,12.0,141011,1.0,1314.0,104646.0
,0.0,,,,2,14,12.0,141011,5.0,5220.0,0.0
500000.0,,,,,2,14,15.0,141011,2.0,2332.0,0.0
450000.0,,,,,1,14,12.0,141011,9.0,9152.0,0.0
,,,,,2,14,,141011,,,0.0
300000.0,,,,,1,14,12.0,141011,9.0,9152.0,0.0
,,,,,2,14,12.0,141011,5.0,5141.0,0.0
,0.0,,,,2,14,9.0,141011,,,0.0
,,,,,1,14,,141011,,,0.0
,,,,,2,14,,141011,,,0.0
300000.0,,,,,1,14,12.0,141011,7.0,7411.0,0.0
700000.0,,,,,2,14,14.0,141011,2.0,2419.0,0.0
,,,,,2,14,,141011,,,0.0
,,,,,1,14,,141011,,,0.0
,,,,,2,14,,141011,,,0.0
,0.0,,,104646.0,2,14,9.0,141011,,,104646.0
,0.0,,120000.0,,2,14,12.0,141011,,,120000.0
415000.0,,,,,1,14,12.0,141011,5.0,5122.0,0.0
,,,,,1,14,12.0,141011,7.0,7124.0,0.0
99.0,,,,,2,14,17.0,141011,2.0,2320.0,0.0
,,,,,2,14,,141011,,,0.0
250000.0,,,,,2,14,10.0,141011,5.0,5122.0,0.0
,0.0,,,,2,14,10.0,141011,,,0.0
,0.0,,,,2,14,3.0,141011,,,0.0
500000.0,,,,,2,14,14.0,141011,3.0,3439.0,0.0
,0.0,,,,1,14,13.0,141011,,,0.0
,0.0,,,,2,14,6.0,141011,,,0.0
,100000.0,,,,2,14,7.0,141011,,,0.0
550000.0,,,,,1,14,15.0,141011,3.0,3212.0,0.0
0.0,,,,,2,14,13.0,141011,5.0,5122.0,0.0
,,,,,2,14,,141011,,,0.0
,0.0,,,,2,14,15.0,141011,,,0.0
,0.0,,,,1,14,12.0,141011,,,0.0
,,,,,1,14,15.0,141011,1.0,1314.0,0.0
600000.0,,,,,1,14,14.0,141011,2.0,2310.0,0.0
200000.0,,,,,2,14,12.0,141011,3.0,3434.0,0.0
,0.0,,170000.0,,2,14,6.0,141011,,,170000.0
,,,,,2,14,,141011,,,0.0
,,,,,2,14,,141011,,,0.0
,0.0,,,,1,14,9.0,141011,,,0.0
,0.0,,,104646.0,2,14,3.0,141011,,,104646.0
,0.0,,,,1,14,10.0,141011,,,0.0
,0.0,,,,2,14,0.0,141011,,,0.0
,0.0,,,,2,14,0.0,141011,,,0.0
,0.0,,,104646.0,1,14,8.0,141011,,,104646.0
,,,,,1,14,14.0,141011,7.0,7212.0,0.0
,0.0,,,,2,14,12.0,141013,,,0.0
309000.0,,,,,1,14,12.0,141013,8.0,8331.0,0.0
,,,,,1,14,,141013,,,0.0
,0.0,,,,2,14,14.0,141013,,,0.0
320000.0,,,,,2,14,12.0,141013,9.0,9152.0,0.0
270000.0,,,,,1,14,8.0,141013,4.0,4211.0,0.0
,0.0,,,,2,14,12.0,141013,,,0.0
,,,,,1,14,,141013,,,0.0
690000.0,,,,,2,14,15.0,141013,3.0,3231.0,0.0
700000.0,,,,,1,14,17.0,141013,2.0,2419.0,0.0
,,,,,1,14,,141013,,,0.0
340000.0,,,,,1,14,4.0,141013,6.0,6113.0,0.0
,0.0,,93000.0,,2,14,3.0,141013,,,93000.0
340000.0,,,,,1,14,12.0,141013,6.0,6113.0,0.0
270000.0,,,,,2,14,12.0,141013,5.0,5220.0,0.0
400000.0,,,,,1,14,12.0,141013,9.0,9211.0,0.0
,0.0,,,,2,14,12.0,141013,,,0.0
0.0,,,,,2,14,15.0,141013,9.0,9211.0,0.0
,0.0,,,,1,14,11.0,141013,,,0.0
,0.0,,,,1,14,6.0,141013,,,0.0
,0.0,,,,2,14,1.0,141013,,,0.0
220000.0,,,,,2,14,12.0,141013,5.0,5131.0,0.0
,0.0,,,,2,14,12.0,141013,,,0.0
,0.0,,,,2,14,6.0,141013,,,0.0
,0.0,11091.0,,,1,14,6.0,141013,,,0.0
,,,,,1,14,,141013,,,0.0
200000.0,,,,,2,14,9.0,141013,9.0,9132.0,0.0
,0.0,,,,2,14,14.0,141013,,,0.0
,,,,,2,14,,141013,,,0.0
,,,,,1,14,,141013,,,0.0
350000.0,,,,,1,14,10.0,141013,7.0,7413.0,0.0
320000.0,,,,,2,14,12.0,141013,7.0,7413.0,0.0
,0.0,,,,2,14,13.0,141013,,,0.0
,,,,,2,14,,141013,,,0.0
,,,,,2,14,,141013,,,0.0
1300000.0,,,460000.0,,1,14,6.0,141013,7.0,7413.0,460000.0
,0.0,,,,2,14,12.0,141013,,,0.0
99.0,,,,,1,14,12.0,141013,4.0,4131.0,0.0
640000.0,,,,,2,14,17.0,141013,2.0,2320.0,0.0
,,,,,2,14,,141013,,,0.0
300000.0,,,,,1,14,12.0,141013,7.0,7413.0,0.0
350000.0,,,,,2,14,15.0,141013,3.0,3152.0,0.0
,0.0,,,,2,14,9.0,141013,,,0.0
,150000.0,,,,2,14,12.0,141013,,,0.0
250000.0,,,,,1,14,12.0,141013,4.0,4131.0,0.0
500000.0,,,,,2,14,12.0,141013,5.0,5131.0,0.0
,,,,,1,14,,141013,,,0.0
300000.0,,,,,1,14,9.0,141013,7.0,7242.0,0.0
250000.0,,,,,2,14,12.0,141013,5.0,5122.0,0.0
250000.0,,,,,2,14,17.0,141013,2.0,2419.0,0.0
,,,,,1,14,,141013,,,0.0
,0.0,,,,2,14,14.0,141013,,,0.0
350000.0,,,,,1,14,10.0,141013,7.0,7124.0,0.0
260000.0,,,,,2,14,8.0,141013,5.0,5122.0,0.0
240000.0,,,,,1,14,3.0,141013,9.0,9313.0,0.0
,0.0,,,,2,14,3.0,141013,,,0.0
,0.0,,,,1,14,9.0,141013,,,0.0
,0.0,,,,2,14,4.0,141013,,,0.0
,0.0,,,,1,14,0.0,141013,,,0.0
270000.0,,,,,1,14,8.0,141013,7.0,7124.0,0.0
,0.0,,,,2,14,8.0,141013,,,0.0
,0.0,,,,2,14,12.0,141013,,,0.0
220000.0,,,,,1,14,12.0,141013,9.0,9312.0,0.0
,0.0,,,,1,14,12.0,141013,,,0.0
,0.0,,,,1,14,8.0,141013,,,0.0
,,11091.0,,,2,14,,141013,,,0.0
,,11091.0,,,1,14,,141013,,,0.0
,,11091.0,,,1,14,,141013,,,0.0
285000.0,,,,,2,14,12.0,141013,4.0,4115.0,0.0
,0.0,,,,1,14,12.0,141013,,,0.0
,0.0,,,,2,14,4.0,141013,,,0.0
,0.0,,,104646.0,2,14,5.0,141013,,,104646.0
,,,,,2,14,3.0,141013,7.0,7331.0,0.0
,0.0,,,,2,14,15.0,141013,,,0.0
,0.0,,,,2,14,14.0,141013,,,0.0
,,,,,1,14,,141013,,,0.0
,,,,,1,14,,141013,,,0.0
,0.0,,,,2,14,8.0,141013,,,0.0
450000.0,,,,,1,14,12.0,141013,8.0,8322.0,0.0
,0.0,,99000.0,,2,14,10.0,141013,,,99000.0
,,,,,1,14,0.0,141013,6.0,6141.0,0.0
270000.0,,,,,1,14,4.0,141013,9.0,9152.0,0.0
,0.0,,150000.0,,1,14,3.0,141013,,,150000.0
,0.0,,,104646.0,2,14,4.0,141013,,,104646.0
,,,,,1,14,10.0,141013,7.0,7141.0,0.0
,0.0,,,,2,14,9.0,141013,,,0.0
,,11091.0,,,1,14,,141013,,,0.0
,,11091.0,,,2,14,,141013,,,0.0
,,11091.0,,,1,14,,141013,,,0.0
,0.0,,,,2,14,11.0,141013,,,0.0
300000.0,,,,,1,14,9.0,141013,7.0,7122.0,0.0
,0.0,,,104646.0,1,14,4.0,141013,,,104646.0
,0.0,,,,2,14,1.0,141013,,,0.0
,,,,,1,14,6.0,141013,9.0,9212.0,0.0
250000.0,,,,,1,14,6.0,141013,9.0,9211.0,0.0
,0.0,,,,2,14,7.0,141013,,,0.0
,,,,,1,14,8.0,141013,9.0,9211.0,0.0
,0.0,,,,2,14,8.0,141013,,,0.0
,0.0,,,,1,14,11.0,141013,,,0.0
,0.0,,,104646.0,1,14,3.0,141013,,,104646.0
,0.0,,,104646.0,2,14,6.0,141013,,,104646.0
,,,,,1,14,17.0,141013,1.0,1313.0,0.0
1300000.0,,,,,2,14,17.0,141013,2.0,2230.0,0.0
,,,,,1,14,,141013,,,0.0
,,,,,2,14,,141013,,,0.0
,,,,,2,14,,141013,,,0.0
,,,,,2,14,8.0,141013,9.0,9131.0,0.0
,0.0,,,104646.0,1,14,0.0,141013,,,104646.0
,,,,,1,14,8.0,141013,7.0,7124.0,0.0
0.0,,,,,2,14,15.0,141013,3.0,3152.0,0.0
,,,,,1,14,,141013,,,0.0
,0.0,,,,2,14,18.0,141013,,,0.0
,,,,,1,14,17.0,141013,2.0,2142.0,0.0
1300000.0,,,,,2,14,17.0,141013,2.0,2230.0,0.0
,,,,,1,14,,141013,,,0.0
,,,,,2,14,,141013,,,0.0
,,,,,2,14,,141013,,,0.0
,0.0,,,,1,14,12.0,141013,,,0.0
,0.0,,,,2,14,13.0,141013,,,0.0
,,,,,1,14,,141013,,,0.0
99.0,,,,,1,14,17.0,141013,2.0,2412.0,0.0
,0.0,,,,2,14,15.0,141013,,,0.0
,0.0,,,,1,14,11.0,141013,,,0.0
,,,,,1,14,,141013,,,0.0
,,,,,1,14,,141013,,,0.0
1400000.0,,,,,1,14,17.0,141013,2.0,2419.0,0.0
850000.0,,,,,2,14,17.0,141013,2.0,2320.0,0.0
,,,,,1,14,,141013,,,0.0
,,,,,1,14,,141013,,,0.0
,,,,,2,14,,141013,,,0.0
350000.0,,,,,1,14,12.0,141013,7.0,7214.0,0.0
,0.0,,,,2,14,12.0,141013,,,0.0
,,,,,1,14,5.0,141013,7.0,7124.0,0.0
,,,,,2,14,8.0,141013,1.0,1314.0,0.0
,,,,,1,14,8.0,141013,6.0,6124.0,0.0
,0.0,,,,2,14,5.0,141013,,,0.0
,0.0,11091.0,,,2,14,9.0,141013,,,0.0
,,,96000.0,,1,14,6.0,141013,6.0,6121.0,96000.0
,0.0,,,,2,14,6.0,141013,,,0.0
500000.0,,,,,1,14,13.0,141013,7.0,7233.0,0.0
,0.0,,,,2,14,12.0,141013,,,0.0
220000.0,,,,,1,14,11.0,141013,7.0,7231.0,0.0
,,,,,1,14,,141013,,,0.0
280000.0,,,,,1,14,11.0,141013,6.0,6121.0,0.0
,0.0,,,,2,14,8.0,141013,,,0.0
,,11091.0,,,2,14,,141013,,,0.0
280000.0,,,,,1,14,6.0,141013,6.0,6121.0,0.0
,0.0,,,,2,14,10.0,141013,,,0.0
,0.0,11091.0,,,1,14,10.0,141013,,,0.0
,,11091.0,,,1,14,,141013,,,0.0
,0.0,,160000.0,,1,14,2.0,141013,,,160000.0
,0.0,,,104646.0,2,14,0.0,141013,,,104646.0
,0.0,,,,2,14,4.0,141013,,,0.0
240000.0,,,,,2,14,12.0,141013,9.0,9131.0,0.0
,0.0,,,,2,14,12.0,141013,,,0.0
99.0,,,,,1,14,8.0,141013,8.0,8324.0,0.0
,,11091.0,,,1,14,,141013,,,0.0
,,,,,1,14,,141013,,,0.0
,0.0,,,,1,14,12.0,141013,,,0.0
,0.0,,,,2,14,12.0,141013,,,0.0
250000.0,,,,,1,14,12.0,141013,6.0,6121.0,0.0
,0.0,,,,2,14,12.0,141013,,,0.0
,,,,,1,14,,141013,,,0.0
,,11091.0,,,2,14,,141013,,,0.0
,0.0,,,,2,14,2.0,141013,,,0.0
,0.0,,,,1,14,5.0,141013,,,0.0
,,,,,1,14,8.0,141013,6.0,6141.0,0.0
,0.0,,400000.0,,1,14,17.0,141013,,,400000.0
500000.0,,,,,2,14,17.0,141013,2.0,2332.0,0.0
,0.0,,,104646.0,1,14,8.0,141013,,,104646.0
,0.0,,,,1,14,8.0,141013,,,0.0
,0.0,,,,2,14,12.0,141013,,,0.0
,,11091.0,,,1,14,,141013,,,0.0
,,11091.0,,,1,14,,141013,,,0.0
,0.0,,,104646.0,1,14,6.0,141013,,,104646.0
80000.0,,,,,2,14,6.0,141013,9.0,9211.0,0.0
,0.0,,,,1,14,11.0,141013,,,0.0
,0.0,,,,2,14,6.0,141013,,,0.0
350000.0,,,,,1,14,12.0,141013,9.0,9141.0,0.0
280000.0,,,,,2,14,12.0,141013,5.0,5131.0,0.0
280000.0,,,,,2,14,12.0,141013,5.0,5122.0,0.0
280000.0,,,,,1,14,12.0,141013,8.0,8322.0,0.0
,0.0,,140000.0,,1,14,6.0,141013,,,140000.0
,0.0,,,104646.0,2,14,5.0,141013,,,104646.0
,,,,,1,14,11.0,141013,9.0,9313.0,0.0
,,,,,1,14,11.0,141013,7.0,7212.0,0.0
,,,,,2,14,15.0,141013,5.0,5230.0,0.0
,,,,,1,14,13.0,141013,9.0,9112.0,0.0
,,,,,2,14,,141013,,,0.0
,,,,,1,14,8.0,141013,7.0,7124.0,0.0
275000.0,,,,,2,14,9.0,141013,9.0,9131.0,0.0
,0.0,,,,1,14,16.0,141013,,,0.0
270000.0,,,,,2,14,8.0,141013,5.0,5122.0,0.0
270000.0,,,,,1,14,8.0,141013,9.0,9141.0,0.0
270000.0,,,,,2,14,12.0,141013,5.0,5220.0,0.0
200000.0,,,,,2,14,12.0,141013,5.0,5131.0,0.0
,,,,,2,14,,141013,,,0.0
,,,,,1,14,,141013,,,0.0
,0.0,,,,2,14,8.0,141013,,,0.0
,10000.0,,,,2,14,12.0,141013,,,0.0
,,11091.0,,,2,14,,141013,,,0.0
300000.0,,,,,1,14,6.0,141013,9.0,9152.0,0.0
,0.0,,,,2,14,6.0,141013,,,0.0
320000.0,,,,,1,14,12.0,141013,7.0,7242.0,0.0
,0.0,,,,2,14,10.0,141013,,,0.0
,0.0,11091.0,,,2,14,9.0,141013,,,0.0
,,11091.0,,,1,14,,141013,,,0.0
270000.0,,,,,1,14,6.0,141013,9.0,9212.0,0.0
,0.0,,,,2,14,6.0,141013,,,0.0
270000.0,,,,,1,14,12.0,141013,3.0,3142.0,0.0
270000.0,,,,,1,14,12.0,141013,9.0,9312.0,0.0
,0.0,,,,2,14,9.0,141013,,,0.0
,,11091.0,,,1,14,,141013,,,0.0
,,11091.0,,,2,14,,141013,,,0.0
230000.0,,,,,2,14,12.0,141013,9.0,9132.0,0.0
320000.0,,,,,1,14,8.0,141013,8.0,8324.0,0.0
,,11091.0,,,1,14,,141013,,,0.0
,,11091.0,,,2,14,,141013,,,0.0
,0.0,,,,2,14,0.0,141013,,,0.0
,0.0,,,104646.0,1,14,6.0,141013,,,104646.0
250000.0,,,,,1,14,7.0,141013,8.0,8331.0,0.0
260000.0,,,,,2,14,3.0,141013,9.0,9211.0,0.0
348000.0,,,,,1,14,9.0,141013,9.0,9212.0,0.0
,,,,,1,14,,141013,,,0.0
,0.0,,,,1,14,0.0,141013,,,0.0
,0.0,,,,2,14,0.0,141013,,,0.0
,270000.0,,,,1,14,12.0,141013,,,0.0
270000.0,,,,,2,14,12.0,141013,7.0,7137.0,0.0
,,,,,1,14,,141013,,,0.0
,,,,,1,14,12.0,141013,6.0,6121.0,0.0
300000.0,,,,,2,14,12.0,141013,5.0,5131.0,0.0
,0.0,,,,1,14,10.0,141013,,,0.0
250000.0,,,,,2,14,8.0,141013,9.0,9322.0,0.0
,,,,,1,14,,141013,,,0.0
250000.0,,,,,2,14,12.0,141013,9.0,9131.0,0.0
250000.0,,,,,1,14,12.0,141013,8.0,8323.0,0.0
,0.0,,,,2,14,12.0,141013,,,0.0
170000.0,,,,,2,14,17.0,141013,2.0,2331.0,0.0
,,,,,1,14,,141013,,,0.0
,,,,,1,14,8.0,141013,7.0,7141.0,0.0
,0.0,,,,2,14,4.0,141013,,,0.0
,0.0,,,,2,14,12.0,141013,,,0.0
600000.0,,,,,1,14,17.0,141013,5.0,5122.0,0.0
,0.0,,120000.0,,1,14,4.0,141013,,,120000.0
,,,,,1,14,12.0,141013,1.0,1314.0,0.0
,0.0,,,,2,14,8.0,141013,,,0.0
,0.0,,,,2,14,15.0,141013,,,0.0
,0.0,,,,2,14,14.0,141013,,,0.0
,,,,,1,14,,141013,,,0.0
,,,,,1,14,12.0,141013,7.0,7214.0,0.0
,0.0,,,,2,14,12.0,141013,,,0.0
,0.0,,,,2,14,16.0,141013,,,0.0
,,,,,1,14,,141013,,,0.0
350000.0,,,,,1,14,12.0,141013,4.0,4131.0,0.0
450000.0,,,,,2,14,12.0,141013,4.0,4223.0,0.0
,,,,,1,14,,141013,,,0.0
,,,,,2,14,8.0,141013,6.0,6113.0,0.0
50000.0,,,,,2,14,12.0,141013,9.0,9132.0,0.0
99.0,,,,,2,14,15.0,141013,3.0,3439.0,0.0
99.0,,,,,1,14,12.0,141013,8.0,8322.0,0.0
,0.0,,,,2,14,12.0,141013,,,0.0
,0.0,,,,1,14,10.0,141013,,,0.0
400000.0,,,,,1,14,12.0,141013,7.0,7214.0,0.0
240000.0,,,,,2,14,15.0,141013,4.0,4211.0,0.0
,0.0,,,,2,14,6.0,141013,,,0.0
300000.0,,,,,2,14,12.0,141013,4.0,4121.0,0.0
,0.0,,,,2,14,10.0,141013,,,0.0
800000.0,,,,,1,14,12.0,141013,7.0,7214.0,0.0
,0.0,,,,2,14,14.0,141013,,,0.0
,,,,,2,14,,141013,,,0.0
,,,,,2,14,,141013,,,0.0
270000.0,,,,,1,14,8.0,141013,7.0,7124.0,0.0
,0.0,,,,2,14,8.0,141013,,,0.0
,0.0,,,,1,14,12.0,141013,,,0.0
,,,,,1,14,,141013,,,0.0
,,,,,2,14,,141013,,,0.0
,,,,,1,14,,141013,,,0.0
250000.0,,,,,1,14,9.0,141013,9.0,9151.0,0.0
,0.0,,,,2,14,8.0,141013,,,0.0
0.0,,,,,1,14,10.0,141013,7.0,7141.0,0.0
600000.0,,,,,2,14,14.0,141013,7.0,7233.0,0.0
,,,,,2,14,,141013,,,0.0
,,,,,1,14,15.0,141013,9.0,9162.0,0.0
120000.0,,,,,2,14,17.0,141013,4.0,4222.0,0.0
,0.0,,,,1,14,14.0,141013,,,0.0
,0.0,,,,2,14,17.0,141013,,,0.0
,0.0,,,,1,14,15.0,141013,,,0.0
,,,,,2,14,,141013,,,0.0
,0.0,,,104646.0,1,14,1.0,141013,,,104646.0
,0.0,,,104646.0,2,14,4.0,141013,,,104646.0
,,,,,1,14,12.0,141013,2.0,2145.0,0.0
320000.0,,,,,2,14,12.0,141013,4.0,4223.0,0.0
160000.0,,,,,1,14,9.0,141013,9.0,9333.0,0.0
,,,,,1,14,,141013,,,0.0
265000.0,,,,,1,14,2.0,141013,9.0,9151.0,0.0
,0.0,,,,2,14,8.0,141013,,,0.0
250000.0,,,,,1,14,10.0,141013,9.0,9313.0,0.0
,,,,,1,14,12.0,141013,2.0,2222.0,0.0
,,,,,2,14,12.0,141013,1.0,1315.0,0.0
800000.0,,,,,1,14,17.0,141013,2.0,2310.0,0.0
1300000.0,,,,,1,14,17.0,141013,3.0,3142.0,0.0
400000.0,,,,,1,14,12.0,141013,6.0,6113.0,0.0
80000.0,,,,,2,14,8.0,141013,9.0,9131.0,0.0
400000.0,,,,,2,14,17.0,141013,4.0,4211.0,0.0
,0.0,,120000.0,,1,14,8.0,141013,,,120000.0
,,,,,2,14,8.0,141013,9.0,9131.0,0.0
,0.0,,,,1,14,12.0,141013,,,0.0
,,,,,1,14,,141013,,,0.0
275000.0,,,,,1,14,8.0,141013,9.0,9152.0,0.0
,0.0,,,,2,14,16.0,141013,,,0.0
,,,,,2,14,,141013,,,0.0
,,,,,1,14,,141013,,,0.0
,,,,,2,14,,141013,,,0.0
,0.0,,118000.0,,1,14,12.0,141013,,,118000.0
,0.0,,,104646.0,2,14,12.0,141013,,,104646.0
,,,,,1,14,12.0,141013,3.0,3415.0,0.0
,0.0,,,104646.0,2,14,3.0,141013,,,104646.0
,,,,,1,14,8.0,141013,8.0,8141.0,0.0
,0.0,,,,2,14,8.0,141013,,,0.0
,,,,,2,14,12.0,141013,9.0,9212.0,0.0
,,11091.0,,,1,14,,141013,,,0.0
,,11091.0,,,2,14,,141013,,,0.0
,,,,,1,14,6.0,141013,9.0,9211.0,0.0
,0.0,,,,2,14,8.0,141013,,,0.0
,0.0,,,,2,14,12.0,141013,,,0.0
,,,,,1,14,,141013,,,0.0
,,,,,1,14,,141013,,,0.0
,,,,,1,14,8.0,141013,6.0,6121.0,0.0
250000.0,,,,,2,14,12.0,141013,5.0,5122.0,0.0
,0.0,,,,1,14,13.0,141013,,,0.0
,,,,,2,14,,141013,,,0.0
,,,,,2,14,,141013,,,0.0
,,,,,1,14,8.0,141013,7.0,7124.0,0.0
,0.0,,,104646.0,2,14,3.0,141013,,,104646.0
150000.0,,,,,2,14,3.0,141013,9.0,9161.0,0.0
,0.0,,,,1,14,12.0,141013,,,0.0
,0.0,,,,1,14,12.0,141013,,,0.0
,0.0,,,,2,14,3.0,141013,,,0.0
,,,,,2,14,,141013,,,0.0
,,,,,1,14,8.0,141013,8.0,8324.0,0.0
,,,,,2,14,12.0,141013,5.0,5122.0,0.0
,0.0,,,,1,14,11.0,141013,,,0.0
,0.0,,,104646.0,2,14,12.0,141013,,,104646.0
,0.0,,,,2,14,6.0,141013,,,0.0
,,,,,1,14,4.0,141013,6.0,6141.0,0.0
,0.0,,,,1,14,11.0,141013,,,0.0
,,,,,2,14,,141013,,,0.0
,,,,,2,14,2.0,141013,9.0,9211.0,0.0
,,,,,1,14,4.0,141013,9.0,9211.0,0.0
130000.0,,,,,2,14,2.0,141013,9.0,9161.0,0.0
,,,,,1,14,19.0,141013,7.0,7137.0,0.0
,,,,,2,14,19.0,141013,7.0,7332.0,0.0
,,,,,1,14,,141013,,,0.0
,0.0,,,,2,14,0.0,141013,,,0.0
,0.0,,,,1,14,4.0,141013,,,0.0
,0.0,,,,2,14,12.0,141013,,,0.0
,,,,,2,14,,141013,,,0.0
280000.0,,,,,1,14,12.0,141013,9.0,9153.0,0.0
,,,,,1,14,2.0,141013,6.0,6152.0,0.0
,0.0,,,,2,14,4.0,141013,,,0.0
,,,,,1,14,8.0,141013,6.0,6152.0,0.0
300000.0,,,,,2,14,12.0,141013,5.0,5122.0,0.0
,,,,,1,14,6.0,141013,6.0,6152.0,0.0
,0.0,,,,2,14,8.0,141013,,,0.0
,,11091.0,,,1,14,,141013,,,0.0
,,11091.0,,,2,14,,141013,,,0.0
,,,,,1,14,0.0,141013,6.0,6152.0,0.0
,0.0,,,,2,14,4.0,141013,,,0.0
,,,,,2,14,15.0,141013,5.0,5230.0,0.0
,,,,,2,14,8.0,141013,6.0,6152.0,0.0
,,,,,1,14,12.0,141013,6.0,6152.0,0.0
,,11091.0,,,1,14,,141013,,,0.0
,,,,,1,14,8.0,141013,6.0,6152.0,0.0
,,,,,1,14,3.0,141013,6.0,6152.0,0.0
,,,,,2,14,3.0,141013,6.0,6152.0,0.0
,,,,,1,14,8.0,141013,6.0,6152.0,0.0
,0.0,,,,2,14,11.0,141013,,,0.0
,,11091.0,,,1,14,,141013,,,0.0
,,11091.0,,,1,14,,141013,,,0.0
,,11091.0,,,2,14,,141013,,,0.0
,0.0,,400000.0,,2,14,17.0,141013,,,400000.0
,0.0,,,104646.0,1,14,3.0,141013,,,104646.0
,0.0,,,104646.0,2,14,0.0,141013,,,104646.0
,,,,,1,14,6.0,141013,6.0,6123.0,0.0
,,,,,1,14,8.0,141013,6.0,6152.0,0.0
,,11091.0,,,2,14,,141013,,,0.0
,,11091.0,,,2,14,,141013,,,0.0
,0.0,,,,2,14,12.0,141013,,,0.0
,0.0,,,,1,14,9.0,141013,,,0.0
,,,,,2,14,0.0,141013,9.0,9213.0,0.0
,,,,,1,14,12.0,141013,6.0,6152.0,0.0
,0.0,,,,2,14,6.0,141013,,,0.0
,,11091.0,,,1,14,,141013,,,0.0
,,11091.0,,,2,14,,141013,,,0.0
400000.0,,,,,1,14,5.0,141013,6.0,6113.0,0.0
,0.0,,,,2,14,2.0,141013,,,0.0
,,,,,1,14,,141013,,,0.0
277000.0,,,,,1,14,12.0,141013,9.0,9152.0,0.0
277000.0,,,,,2,14,12.0,141013,9.0,9113.0,0.0
,,,,,1,14,,141013,,,0.0
300000.0,,,,,2,14,16.0,141013,5.0,5220.0,0.0
,0.0,,,104646.0,1,14,4.0,141013,,,104646.0
,0.0,,,104646.0,2,14,4.0,141013,,,104646.0
,0.0,,,,1,14,15.0,141013,,,0.0
,,,,,1,14,1.0,141013,6.0,6113.0,0.0
,,,,,2,14,5.0,141013,6.0,6113.0,0.0
,0.0,,,,2,14,0.0,141013,,,0.0
280000.0,,,,,1,14,8.0,141013,9.0,9152.0,0.0
,0.0,,,,2,14,5.0,141013,,,0.0
,,11091.0,,,1,14,,141013,,,0.0
330000.0,,,150000.0,,1,14,12.0,141013,9.0,9152.0,150000.0
,0.0,,,,2,14,10.0,141013,,,0.0
,0.0,,,,1,14,12.0,141013,,,0.0
,0.0,,,,2,14,8.0,141013,,,0.0
,0.0,,,104646.0,1,14,1.0,141013,,,104646.0
,0.0,,,104646.0,2,14,1.0,141013,,,104646.0
500000.0,,,,,1,14,17.0,141013,2.0,2320.0,0.0
370000.0,,,,,2,14,9.0,141013,5.0,5122.0,0.0
,0.0,,400000.0,,1,14,14.0,141013,,,400000.0
,0.0,,100000.0,,2,14,12.0,141013,,,100000.0
250000.0,,,,,2,14,12.0,141013,9.0,9132.0,0.0
,0.0,,,,2,14,2.0,141013,,,0.0
0.0,,,,,1,14,14.0,141013,5.0,5169.0,0.0
,0.0,,,104646.0,2,14,5.0,141013,,,104646.0
,,,,,1,14,5.0,141013,6.0,6152.0,0.0
,,,,,1,14,5.0,141013,6.0,6152.0,0.0
500000.0,,,,,1,14,8.0,141013,7.0,7124.0,0.0
300000.0,,,,,2,14,12.0,141013,9.0,9131.0,0.0
300000.0,,,,,1,14,12.0,141013,5.0,5220.0,0.0
300000.0,,,,,2,14,12.0,141013,5.0,5220.0,0.0
,0.0,,250000.0,,1,14,11.0,141013,,,250000.0
,0.0,,300000.0,,2,14,16.0,141013,,,300000.0
,0.0,,,,2,14,16.0,141013,,,0.0
,,,,,1,14,4.0,141013,9.0,9213.0,0.0
,,,,104646.0,1,14,4.0,141013,9.0,9213.0,104646.0
,,,,,1,14,8.0,141013,6.0,6152.0,0.0
,0.0,,,,2,14,0.0,141013,,,0.0
,0.0,,,,2,14,13.0,141013,,,0.0
,,11091.0,,,1,14,,141013,,,0.0
,0.0,,115000.0,,1,14,5.0,141013,,,115000.0
,0.0,,,,2,14,8.0,141013,,,0.0
,,,,,1,14,10.0,141013,1.0,1314.0,0.0
,0.0,,180000.0,,1,14,7.0,141013,,,180000.0
600000.0,,,,,1,14,17.0,141013,2.0,2445.0,0.0
300000.0,,,,,2,14,17.0,141013,2.0,2446.0,0.0
,,,,,2,14,,141013,,,0.0
,0.0,,,104646.0,2,14,4.0,141013,,,104646.0
,0.0,,180000.0,,1,14,4.0,141013,,,180000.0
,,,,,1,14,4.0,141013,9.0,9111.0,0.0
,,,,,2,14,5.0,141013,9.0,9111.0,0.0
,0.0,,,,1,14,11.0,141013,,,0.0
,,,,,1,14,5.0,141013,7.0,7124.0,0.0
,,,,,2,14,8.0,141013,7.0,7436.0,0.0
,,11091.0,,,2,14,,141013,,,0.0
155000.0,,,,,2,14,8.0,141013,9.0,9162.0,0.0
,,,,,1,14,8.0,141013,6.0,6152.0,0.0
90000.0,,,,,2,14,12.0,141013,5.0,5123.0,0.0
,,,,,2,14,,141013,,,0.0
,,,,,1,14,,141013,,,0.0
,,,,,1,14,10.0,141013,5.0,5230.0,0.0
,0.0,,,,2,14,12.0,141013,,,0.0
,0.0,,,,1,14,17.0,141013,,,0.0
2000000.0,,,,,2,14,17.0,141013,2.0,2421.0,0.0
3000000.0,,,,,1,14,17.0,141013,2.0,2310.0,0.0
100000.0,,,,,1,14,12.0,141013,7.0,7124.0,0.0
150000.0,,,,,2,14,8.0,141013,6.0,6113.0,0.0
,0.0,,,,2,14,11.0,141013,,,0.0
,0.0,,240000.0,,2,14,11.0,141013,,,240000.0
550000.0,,,,,1,14,10.0,141013,7.0,7124.0,0.0
,0.0,,,,2,14,12.0,141013,,,0.0
,,11091.0,,,1,14,,141013,,,0.0
,0.0,,,104646.0,2,14,0.0,141013,,,104646.0
,,,,,1,14,8.0,141013,7.0,7124.0,0.0
,0.0,,,104646.0,2,14,6.0,141013,,,104646.0
,,,,,2,14,6.0,141013,7.0,7332.0,0.0
0.0,,,,,2,14,12.0,141013,9.0,9132.0,0.0
0.0,,,,,1,14,15.0,141013,9.0,9132.0,0.0
0.0,,,,,2,14,12.0,141013,9.0,9333.0,0.0
0.0,,,,,1,14,10.0,141013,3.0,3414.0,0.0
,,,,,2,14,,141013,,,0.0
,,,,,1,14,12.0,141013,7.0,7124.0,0.0
,,,,,2,14,8.0,141013,1.0,1314.0,0.0
,,,,,2,14,,141013,,,0.0
,,,,,1,14,,141013,,,0.0
,0.0,,150000.0,,2,14,12.0,141013,,,150000.0
,,,,104646.0,1,14,1.0,141013,6.0,6153.0,104646.0
288000.0,,,,,2,14,1.0,141013,5.0,5122.0,0.0
288000.0,,,,,2,14,12.0,141013,5.0,5122.0,0.0
180000.0,,,,,1,14,12.0,141013,5.0,5220.0,0.0
,,,,,1,14,12.0,141013,6.0,6153.0,0.0
500000.0,,,,,1,14,12.0,141013,8.0,8334.0,0.0
,0.0,,,,2,14,12.0,141013,,,0.0
125000.0,,,,,2,14,3.0,141013,9.0,9162.0,0.0
125000.0,,,,,2,14,14.0,141013,5.0,5122.0,0.0
500000.0,,,,,1,14,10.0,141013,7.0,7242.0,0.0
,,,,,2,14,11.0,141013,7.0,7412.0,0.0
480000.0,,,,,1,14,1.0,141013,7.0,7122.0,0.0
,0.0,,,,2,14,7.0,141013,,,0.0
,0.0,,,,1,14,11.0,141013,,,0.0
,0.0,,120000.0,,1,14,3.0,141013,,,120000.0
,0.0,,120000.0,,2,14,0.0,141013,,,120000.0
,0.0,,180000.0,,1,14,6.0,141013,,,180000.0
,0.0,,,,2,14,10.0,141013,,,0.0
,,,,,1,14,4.0,141013,9.0,9111.0,0.0
,0.0,,,,2,14,3.0,141013,,,0.0
250000.0,,,,,2,14,3.0,141013,5.0,5122.0,0.0
300000.0,,,,,1,14,9.0,141013,5.0,5123.0,0.0
,,,,,2,14,9.0,141013,9.0,9111.0,0.0
250000.0,,,,,1,14,12.0,141013,6.0,6121.0,0.0
,,11091.0,,,2,14,,141013,,,0.0
,,11091.0,,,1,14,,141013,,,0.0
,,,,,1,14,2.0,141013,7.0,7124.0,0.0
105000.0,,,,,2,14,4.0,141013,9.0,9132.0,0.0
270000.0,,,,,2,14,12.0,141013,4.0,4222.0,0.0
270000.0,,,,,2,14,11.0,141013,7.0,7412.0,0.0
,50000.0,,,,1,14,12.0,141013,9.0,9313.0,0.0
,,11091.0,,,1,14,,141013,,,0.0
,,11091.0,,,1,14,,141013,,,0.0
,,,,,2,14,6.0,141013,7.0,7412.0,0.0
,0.0,,,104646.0,1,14,1.0,141013,,,104646.0
,0.0,,,104646.0,2,14,1.0,141013,,,104646.0
900000.0,,,,,1,14,19.0,141013,2.0,2331.0,0.0
,,,,,2,14,12.0,141013,7.0,7412.0,0.0
,0.0,,,,2,14,13.0,141013,,,0.0
,0.0,,,,2,14,9.0,141013,,,0.0
,0.0,,,,1,14,12.0,141013,,,0.0
99.0,,,,,2,14,12.0,141013,5.0,5122.0,0.0
,0.0,,,,2,14,12.0,141013,,,0.0
,,,,,2,14,,141013,,,0.0
,,,,,1,14,,141013,,,0.0
,,,,,1,14,,141013,,,0.0
,0.0,,180000.0,,2,14,4.0,141013,,,180000.0
500000.0,,,,,1,14,10.0,141013,8.0,8271.0,0.0
,0.0,,,,2,14,5.0,141013,,,0.0
,,,,,2,14,,141013,,,0.0
,,,,,1,14,8.0,141013,6.0,6152.0,0.0
,,,,,2,14,17.0,141013,1.0,1314.0,0.0
500000.0,,,,,1,14,17.0,141013,2.0,2419.0,0.0
270000.0,,,,,2,14,12.0,141013,5.0,5122.0,0.0
,0.0,,124000.0,,1,14,7.0,141013,,,124000.0
264000.0,,,,,2,14,5.0,141013,9.0,9131.0,0.0
,0.0,,,,2,14,11.0,141013,,,0.0
,0.0,,,,1,14,12.0,141013,,,0.0
,,11091.0,,,1,14,,141013,,,0.0
,,11091.0,,,1,14,,141013,,,0.0
380000.0,,,,,2,14,12.0,141013,3.0,3320.0,0.0
,,,,,1,14,10.0,141013,7.0,7124.0,0.0
,0.0,11091.0,,,2,14,9.0,141013,,,0.0
,,11091.0,,,2,14,,141013,,,0.0
,,11091.0,,,2,14,,141013,,,0.0
,,,,,1,14,0.0,141013,7.0,7124.0,0.0
,,,,,1,14,10.0,141013,1.0,1317.0,0.0
250000.0,,,,,2,14,12.0,141013,4.0,4142.0,0.0
,,,,,2,14,,141013,,,0.0
,0.0,,,,2,14,15.0,141013,,,0.0
,0.0,,,,1,14,9.0,141013,,,0.0
80000.0,,,,,2,14,12.0,141013,9.0,9131.0,0.0
,,,,,1,14,8.0,141013,6.0,6152.0,0.0
,0.0,,120000.0,,2,14,12.0,141013,,,120000.0
,,,,,1,14,8.0,141013,6.0,6152.0,0.0
,0.0,,,,2,14,12.0,141013,,,0.0
,,11091.0,,,1,14,,141013,,,0.0
,,11091.0,,,1,14,,141013,,,0.0
,,11091.0,,,2,14,,141013,,,0.0
300000.0,,,,,2,14,12.0,141013,9.0,9151.0,0.0
,0.0,,422389.0,,1,14,12.0,141013,,,422389.0
,0.0,,,,2,14,12.0,141013,,,0.0
,0.0,,,,2,14,3.0,141013,,,0.0
,,,,,1,14,10.0,141013,6.0,6152.0,0.0
,,,,,1,14,12.0,141013,6.0,6152.0,0.0
277000.0,,,,,2,14,8.0,141013,9.0,9131.0,0.0
277000.0,,,,,2,14,12.0,141013,5.0,5220.0,0.0
,0.0,,,,2,14,7.0,141013,,,0.0
500000.0,,,,,2,14,12.0,141013,6.0,6151.0,0.0
,0.0,,,,2,14,15.0,141013,,,0.0
,0.0,11091.0,,,2,14,10.0,141013,,,0.0
550000.0,,,,,2,14,15.0,141013,3.0,3221.0,0.0
,,,,,1,14,12.0,141013,6.0,6152.0,0.0
,0.0,,,,2,14,16.0,141013,,,0.0
,0.0,,,,2,14,14.0,141013,,,0.0
800000.0,,,,,1,14,15.0,141013,3.0,3415.0,0.0
1200000.0,,,,,2,14,17.0,141013,1.0,1229.0,0.0
,0.0,,,,1,14,10.0,141013,,,0.0
,,,,,1,14,12.0,141013,1.0,1316.0,0.0
,,,,,1,14,18.0,141013,3.0,3118.0,0.0
,0.0,,,,2,14,16.0,141013,,,0.0
,,,,,1,14,,141013,,,0.0
,,,,,1,14,,141013,,,0.0
600000.0,,,,,2,14,17.0,141013,2.0,2141.0,0.0
250000.0,,,,,1,14,15.0,141013,4.0,4222.0,0.0
400000.0,,,,,1,14,15.0,141013,3.0,3340.0,0.0
,0.0,,,104646.0,1,14,1.0,141013,,,104646.0
270000.0,,,,,2,14,12.0,141013,9.0,9132.0,0.0
2000000.0,,,,,1,14,17.0,141013,3.0,3152.0,0.0
400000.0,,,,,2,14,17.0,141013,2.0,2310.0,0.0
,,,,,1,14,16.0,141013,6.0,6121.0,0.0
700000.0,,,,,2,14,16.0,141013,2.0,2351.0,0.0
,0.0,,,,2,14,15.0,141013,,,0.0
6000000.0,,,,,1,14,18.0,141013,1.0,1317.0,0.0
,0.0,,,,2,14,17.0,141013,,,0.0
,,,,,2,14,,141013,,,0.0
,,,,,2,14,16.0,141013,5.0,5139.0,0.0
,,,,,1,14,19.0,141013,2.0,2419.0,0.0
,0.0,,,,2,14,17.0,141013,,,0.0
,,,,,2,14,,141013,,,0.0
,,,,,2,14,,141013,,,0.0
3000000.0,,,,,1,14,17.0,141013,1.0,1313.0,0.0
1000000.0,,,,,2,14,16.0,141013,2.0,2451.0,0.0
,0.0,,,,2,14,9.0,141013,,,0.0
,,,,,1,14,,141013,,,0.0
,,,,,2,14,,141013,,,0.0
2500000.0,,,,,1,14,17.0,141013,2.0,2149.0,0.0
2000000.0,,,,,2,14,17.0,141013,1.0,1229.0,0.0
,,,,,1,14,,141013,,,0.0
,,,,,1,14,,141013,,,0.0
400000.0,,,,,2,14,12.0,141013,9.0,9131.0,0.0
,,,,,1,14,16.0,141013,1.0,1319.0,0.0
700000.0,,,,,2,14,17.0,141013,2.0,2451.0,0.0
1000000.0,,,,,1,14,17.0,141013,2.0,2131.0,0.0
1000000.0,,,,,2,14,17.0,141013,2.0,2352.0,0.0
271000.0,,,,,1,14,12.0,141013,6.0,6113.0,0.0
,0.0,,,,2,14,12.0,141013,,,0.0
340000.0,,,,,1,14,12.0,141013,4.0,4131.0,0.0
250000.0,,,,,2,14,12.0,141013,4.0,4115.0,0.0
,0.0,,,,1,14,16.0,141013,,,0.0
,0.0,,,,2,14,9.0,141013,,,0.0
,0.0,,202000.0,,1,14,17.0,141013,,,202000.0
,,,,,1,14,12.0,141013,7.0,7231.0,0.0
130000.0,,,,,1,14,5.0,141013,9.0,9152.0,0.0
,0.0,,,104646.0,2,14,7.0,141013,,,104646.0
,,,,,1,14,12.0,141013,1.0,1314.0,0.0
,0.0,,,,2,14,12.0,141013,,,0.0
,0.0,,,104646.0,1,14,12.0,141013,,,104646.0
,0.0,,,,1,14,11.0,141013,,,0.0
340000.0,,,,,1,14,4.0,141013,9.0,9152.0,0.0
630000.0,,,,,1,14,12.0,141013,5.0,5161.0,0.0
220000.0,,,,,2,14,11.0,141013,9.0,9131.0,0.0
,0.0,,,,2,14,11.0,141013,,,0.0
,,,,,1,14,12.0,141013,5.0,5220.0,0.0
,0.0,,,,2,14,12.0,141013,,,0.0
600000.0,,,,,2,14,15.0,141013,3.0,3231.0,0.0
400000.0,,,,,1,14,12.0,141013,9.0,9333.0,0.0
,,,,,2,14,,141013,,,0.0
,,,,,1,14,8.0,141013,6.0,6113.0,0.0
,0.0,,,,2,14,5.0,141013,,,0.0
,0.0,,,,1,14,0.0,141013,,,0.0
290000.0,,,,,1,14,6.0,141013,4.0,4133.0,0.0
,,,180000.0,,1,14,6.0,141013,1.0,1315.0,180000.0
,0.0,,,,2,14,6.0,141013,,,0.0
,,,,,2,14,12.0,141013,1.0,1315.0,0.0
,,,,,1,14,15.0,141013,1.0,1315.0,0.0
300000.0,,,,,1,14,12.0,141013,8.0,8322.0,0.0
,0.0,,,,2,14,12.0,141013,,,0.0
,,,,,2,14,,141013,,,0.0
,,,,,1,14,9.0,141013,6.0,6113.0,0.0
,0.0,,,,2,14,11.0,141013,,,0.0
,,,,,2,14,12.0,141013,9.0,9113.0,0.0
,,,,,1,14,,141013,,,0.0
,0.0,,,,2,14,,141013,,,0.0
350000.0,,,,,1,14,8.0,141013,9.0,9312.0,0.0
,0.0,,,,1,14,10.0,141013,,,0.0
,,,,,1,14,6.0,141013,6.0,6142.0,0.0
,0.0,,,,2,14,2.0,141013,,,0.0
,0.0,,1800000.0,,1,14,19.0,141013,,,1800000.0
,0.0,,,,1,14,16.0,141013,,,0.0
,0.0,,,104646.0,2,14,9.0,141013,,,104646.0
,0.0,,,,2,14,6.0,141013,,,0.0
,0.0,,,,1,14,0.0,141013,,,0.0
,,,,,1,14,,141013,,,0.0
,,,,,1,14,4.0,141013,6.0,6142.0,0.0
,,,,,2,14,5.0,141013,6.0,6142.0,0.0
,,,,,1,14,4.0,141013,6.0,6142.0,0.0
,0.0,,,,2,14,4.0,141013,,,0.0
,,,,,1,14,11.0,141013,6.0,6141.0,0.0
,0.0,,,,2,14,12.0,141013,,,0.0
,,11091.0,,,2,14,,141013,,,0.0
,,,,,1,14,4.0,141013,6.0,6142.0,0.0
,,,,,1,14,3.0,141013,6.0,6141.0,0.0
,0.0,,,,2,14,3.0,141013,,,0.0
,,,,,1,14,8.0,141013,6.0,6141.0,0.0
,,,,,1,14,6.0,141013,6.0,6142.0,0.0
,0.0,,,,2,14,6.0,141013,,,0.0
,,,,,1,14,12.0,141013,8.0,8324.0,0.0
,0.0,11091.0,,,2,14,10.0,141013,,,0.0
,,11091.0,,,1,14,,141013,,,0.0
,0.0,,,104646.0,1,14,5.0,141013,,,104646.0
240000.0,,,,,1,14,5.0,141013,9.0,9152.0,0.0
120000.0,,,,,2,14,5.0,141013,9.0,9131.0,0.0
,0.0,,,,2,14,8.0,141013,,,0.0
,0.0,,,,1,14,7.0,141013,,,0.0
,,,,,2,14,10.0,141013,9.0,9113.0,0.0
,0.0,,,,2,14,5.0,141013,,,0.0
440000.0,,,,,2,14,12.0,141013,4.0,4223.0,0.0
,,,,,1,14,,141013,,,0.0
400000.0,,,,,2,14,17.0,141013,2.0,2331.0,0.0
400000.0,,,,,1,14,17.0,141013,2.0,2331.0,0.0
,,,,,1,14,8.0,141013,7.0,7137.0,0.0
,0.0,,,,2,14,9.0,141013,,,0.0
240000.0,,,,,2,14,12.0,141013,4.0,4211.0,0.0
,0.0,,,,2,14,12.0,141013,,,0.0
,,,,,2,14,11.0,141013,7.0,7412.0,0.0
150000.0,,,,,1,14,17.0,141013,9.0,9313.0,0.0
,,,,,1,14,,141013,,,0.0
,0.0,,,,2,14,2.0,141013,,,0.0
,0.0,,,,2,14,8.0,141013,,,0.0
,0.0,,,,1,14,3.0,141013,,,0.0
210000.0,,,,,2,14,4.0,141013,6.0,6112.0,0.0
360000.0,,,,,1,14,9.0,141013,8.0,8323.0,0.0
290000.0,,,,,2,14,9.0,141013,9.0,9211.0,0.0
,0.0,,,,2,14,11.0,141013,,,0.0
400000.0,,,,,1,14,12.0,141013,7.0,7224.0,0.0
,0.0,,112000.0,,1,14,1.0,141013,,,112000.0
,110000.0,,,,2,14,12.0,141013,,,0.0
250000.0,,,,,1,14,12.0,141013,9.0,9161.0,0.0
,,11091.0,,,1,14,,141013,,,0.0
,,11091.0,,,1,14,,141013,,,0.0
400000.0,,,,,1,14,12.0,141013,8.0,8331.0,0.0
,0.0,,,,2,14,12.0,141013,,,0.0
,,,,,2,14,,141013,,,0.0
,0.0,,,,2,14,12.0,141013,,,0.0
300000.0,,,,,1,14,12.0,141013,7.0,7233.0,0.0
,0.0,,,,2,14,9.0,141013,,,0.0
,,11091.0,,,2,14,,141013,,,0.0
,,11091.0,,,2,14,,141013,,,0.0
,,,,,1,14,8.0,141013,9.0,9211.0,0.0
,0.0,,,,2,14,0.0,141013,,,0.0
300000.0,,,,,1,14,10.0,141013,9.0,9142.0,0.0
,0.0,,,,2,14,8.0,141013,,,0.0
,,,,,2,14,,141013,,,0.0
,,11091.0,,,2,14,,141013,,,0.0
110000.0,,,,,2,14,3.0,141013,9.0,9162.0,0.0
,0.0,,,,1,14,6.0,141013,,,0.0
,0.0,,160000.0,,2,14,5.0,141013,,,160000.0
,0.0,,,104646.0,2,14,9.0,141013,,,104646.0
,0.0,,,,2,14,4.0,141013,,,0.0
270000.0,,,,,1,14,8.0,141013,9.0,9313.0,0.0
,0.0,,,,2,14,8.0,141013,,,0.0
326000.0,,,,,2,14,6.0,141013,9.0,9131.0,0.0
300000.0,,,,,1,14,12.0,141013,6.0,6121.0,0.0
,,,,,1,14,12.0,141013,7.0,7331.0,0.0
,0.0,,,,2,14,15.0,141013,,,0.0
,0.0,,,,2,14,14.0,141013,,,0.0
,0.0,,105000.0,,1,14,4.0,141013,,,105000.0
,0.0,,,,2,14,6.0,141013,,,0.0
,0.0,,,,2,14,0.0,141013,,,0.0
,,,,,1,14,12.0,141013,9.0,9212.0,0.0
360000.0,,,,,1,14,10.0,141013,7.0,7423.0,0.0
280000.0,,,,,2,14,9.0,141013,5.0,5122.0,0.0
,99.0,,,,2,14,14.0,141013,,,0.0
,,11091.0,,,1,14,,141013,,,0.0
,,11091.0,,,1,14,,141013,,,0.0
,,,,,1,14,12.0,141013,1.0,1314.0,0.0
,,,,,2,14,12.0,141013,1.0,1314.0,0.0
,,,,,2,14,,141013,,,0.0
,,,,,1,14,8.0,141013,1.0,1314.0,0.0
270000.0,,,,,1,14,11.0,141013,9.0,9152.0,0.0
,0.0,,,,2,14,15.0,141013,,,0.0
300000.0,,,,,1,14,12.0,141013,9.0,9132.0,0.0
99.0,,,,,2,14,9.0,141013,9.0,9131.0,0.0
300000.0,,,,,1,14,13.0,141013,9.0,9132.0,0.0
,0.0,,,,2,14,11.0,141013,,,0.0
,0.0,,,,2,14,4.0,141013,,,0.0
,0.0,,,,1,14,5.0,141013,,,0.0
,0.0,,,,1,14,10.0,141013,,,0.0
,0.0,11091.0,,,2,14,10.0,141013,,,0.0
400000.0,,,,,1,14,12.0,141013,8.0,8113.0,0.0
,0.0,,,,2,14,10.0,141013,,,0.0
,0.0,,,,2,14,14.0,141013,,,0.0
,0.0,,,,2,14,3.0,141013,,,0.0
250000.0,,,,,2,14,8.0,141013,5.0,5122.0,0.0
250000.0,,,,,1,14,10.0,141013,6.0,6141.0,0.0
,0.0,,,,1,14,8.0,141013,,,0.0
,0.0,,,,2,14,10.0,141013,,,0.0
,0.0,,120000.0,,1,14,2.0,141013,,,120000.0
,0.0,,,,2,14,2.0,141013,,,0.0
,,,,,2,14,12.0,141013,6.0,6130.0,0.0
,0.0,,,,1,14,16.0,141013,,,0.0
,0.0,,300000.0,,1,14,12.0,141013,,,300000.0
,0.0,,,104646.0,2,14,6.0,141013,,,104646.0
,0.0,,430000.0,,1,14,12.0,141013,,,430000.0
,,,,,2,14,16.0,141013,2.0,2222.0,0.0
250000.0,,,,,1,14,8.0,141013,6.0,6121.0,0.0
150000.0,,,,,2,14,2.0,141013,6.0,6121.0,0.0
,,,,,2,14,12.0,141013,1.0,1315.0,0.0
,0.0,,,,1,14,10.0,141013,,,0.0
,,,,,1,14,15.0,141013,6.0,6141.0,0.0
,,,,,1,14,2.0,141013,6.0,6141.0,0.0
,,,,,2,14,5.0,141013,6.0,6122.0,0.0
800000.0,,,,104646.0,1,14,12.0,141013,5.0,5162.0,104646.0
,0.0,,,,2,14,10.0,141013,,,0.0
,,,,,1,14,,141013,,,0.0
,,,,,1,14,,141013,,,0.0
,,,,,1,14,,141013,,,0.0
,0.0,,,104646.0,1,14,4.0,141013,,,104646.0
,0.0,,,104646.0,2,14,4.0,141013,,,104646.0
,,,,,1,14,9.0,141013,3.0,3114.0,0.0
500000.0,,,,,2,14,12.0,141013,5.0,5220.0,0.0
500000.0,,,,,2,14,15.0,141013,3.0,3221.0,0.0
,,,,,1,14,12.0,141013,3.0,3114.0,0.0
,0.0,,,104646.0,2,14,2.0,141013,,,104646.0
,0.0,,,,2,14,8.0,141013,,,0.0
,0.0,,,,2,14,8.0,141013,,,0.0
280000.0,,,,,1,14,5.0,141013,9.0,9152.0,0.0
,0.0,,,104646.0,1,14,3.0,141013,,,104646.0
,0.0,,,104646.0,2,14,4.0,141013,,,104646.0
,0.0,,112000.0,,1,14,6.0,141013,,,112000.0
,0.0,,,104646.0,2,14,7.0,141013,,,104646.0
,0.0,,114000.0,,1,14,4.0,141013,,,114000.0
,0.0,,,,2,14,8.0,141013,,,0.0
,,11091.0,,,1,14,,141013,,,0.0
270000.0,,,132000.0,,1,14,6.0,141013,9.0,9132.0,132000.0
,0.0,,,104646.0,2,14,6.0,141013,,,104646.0
,,,,,1,14,12.0,141013,7.0,7214.0,0.0
,,,,,1,14,,141013,5.0,5122.0,0.0
,,,,,2,14,12.0,141013,5.0,5230.0,0.0
,,,,,1,14,,141013,,,0.0
,,,,,1,14,,141013,,,0.0
180000.0,,,,,2,14,13.0,141013,3.0,3416.0,0.0
,,,,,1,14,,141013,,,0.0
,,,,,1,14,6.0,141013,8.0,8324.0,0.0
,,,,,1,14,12.0,141013,1.0,1315.0,0.0
,,,,,2,14,12.0,141013,1.0,1315.0,0.0
,0.0,,,,1,14,17.0,141013,,,0.0
370000.0,,,,,1,14,5.0,141013,9.0,9152.0,0.0
99.0,,,,,1,14,12.0,141022,8.0,8340.0,0.0
99.0,,,,,2,14,12.0,141022,4.0,4211.0,0.0
250000.0,,,,,1,14,16.0,141022,4.0,4223.0,0.0
300000.0,,,,,1,14,8.0,141022,8.0,8333.0,0.0
600000.0,,,,,1,14,12.0,141022,8.0,8333.0,0.0
350000.0,,,,,1,14,10.0,141022,7.0,7141.0,0.0
540000.0,,,,,2,14,14.0,141022,2.0,2351.0,0.0
540000.0,,,,,1,14,10.0,141022,8.0,8340.0,0.0
,0.0,,,,1,14,11.0,141022,,,0.0
,0.0,,,,1,14,9.0,141022,,,0.0
,,,,,1,14,8.0,141022,6.0,6152.0,0.0
,0.0,,,,2,14,10.0,141022,,,0.0
,0.0,,,,1,14,8.0,141022,,,0.0
,,,,,2,14,12.0,141022,1.0,1314.0,0.0
550000.0,,,,,1,14,12.0,141022,8.0,8340.0,0.0
,,,,,1,14,,141022,,,0.0
,0.0,,,,1,14,15.0,141022,,,0.0
,,,,,1,14,,141022,,,0.0
,0.0,,,104646.0,1,14,4.0,141022,,,104646.0
270000.0,,,,,2,14,11.0,141022,9.0,9132.0,0.0
99.0,,,,,1,14,12.0,141022,9.0,9152.0,0.0
,0.0,,,,2,14,3.0,141022,,,0.0
,0.0,,300000.0,,1,14,6.0,141022,,,300000.0
270000.0,,,,,1,14,8.0,141022,8.0,8340.0,0.0
,,,,,2,14,9.0,141022,7.0,7411.0,0.0
99.0,,,,,1,14,11.0,141022,2.0,2455.0,0.0
,,,,,2,14,,141022,,,0.0
,,,,,1,14,4.0,141022,6.0,6152.0,0.0
,0.0,,,,2,14,3.0,141022,,,0.0
,0.0,,,104646.0,1,14,0.0,141022,,,104646.0
,,,,,1,14,10.0,141022,1.0,1314.0,0.0
,,,,,1,14,,141022,,,0.0
,,,,,1,14,,141022,,,0.0
,,,,,2,14,12.0,141022,5.0,5122.0,0.0
110000.0,,,111000.0,,2,14,0.0,141022,9.0,9211.0,111000.0
600000.0,,,,,1,14,12.0,141022,8.0,8340.0,0.0
,0.0,,,,2,14,12.0,141022,,,0.0
,0.0,,,,2,14,14.0,141022,,,0.0
,0.0,,,,1,14,14.0,141022,,,0.0
,0.0,,,,2,14,12.0,141022,,,0.0
,,,,,2,14,,141022,,,0.0
99.0,,,,,1,14,12.0,141022,8.0,8163.0,0.0
,0.0,,,,2,14,12.0,141022,,,0.0
,,,,,2,14,,141022,,,0.0
200000.0,,,,,1,14,12.0,141022,6.0,6152.0,0.0
,0.0,,,,2,14,6.0,141022,,,0.0
,0.0,,,,1,14,12.0,141022,,,0.0
,0.0,,,,2,14,12.0,141022,,,0.0
,,,,,1,14,,141022,,,0.0
,,,,,2,14,,141022,,,0.0
365000.0,,,,,1,14,12.0,141022,5.0,5123.0,0.0
,0.0,,,,2,14,12.0,141022,,,0.0
,,,,,2,14,,141022,,,0.0
,,,,,1,14,,141022,,,0.0
,0.0,,,,2,14,8.0,141022,,,0.0
276000.0,,,,,1,14,12.0,141022,6.0,6152.0,0.0
276000.0,,,,,1,14,17.0,141022,5.0,5220.0,0.0
,,,,,1,14,,141022,,,0.0
,,,,,2,14,8.0,141022,9.0,9113.0,0.0
300000.0,,,,,1,14,9.0,141022,3.0,3142.0,0.0
270000.0,,,,,2,14,9.0,141022,5.0,5123.0,0.0
,0.0,11091.0,,,2,14,11.0,141022,,,0.0
,,11091.0,,,2,14,,141022,,,0.0
130000.0,,,,,2,14,12.0,141022,3.0,3320.0,0.0
,,,,,2,14,10.0,141022,1.0,1314.0,0.0
,,,,,2,14,11.0,141022,1.0,1314.0,0.0
,,,,,2,14,,141022,,,0.0
600000.0,,,,,1,14,12.0,141022,8.0,8340.0,0.0
450000.0,,,,,2,14,12.0,141022,3.0,3416.0,0.0
,0.0,,,,2,14,14.0,141022,,,0.0
,,,,,2,14,,141022,,,0.0
,0.0,,118173.0,,1,14,8.0,141022,,,118173.0
,0.0,,,,2,14,12.0,141022,,,0.0
,0.0,,,,1,14,14.0,141022,,,0.0
,,,,,2,14,,141022,,,0.0
600000.0,,,,,1,14,17.0,141022,2.0,2320.0,0.0
600000.0,,,,,2,14,17.0,141022,3.0,3229.0,0.0
,,,,,1,14,,141022,,,0.0
,0.0,,,,2,14,15.0,141022,,,0.0
276000.0,,,,,1,14,12.0,141022,9.0,9152.0,0.0
,0.0,,,,1,14,8.0,141022,,,0.0
,120000.0,,,,2,14,10.0,141022,,,0.0
,0.0,,,,1,14,12.0,141022,,,0.0
,0.0,,,,2,14,12.0,141022,,,0.0
,0.0,,,,1,14,8.0,141022,,,0.0
,0.0,,,,2,14,12.0,141022,,,0.0
,0.0,,,,2,14,12.0,141022,,,0.0
,0.0,,,,2,14,12.0,141022,,,0.0
,,11091.0,,,2,14,,141022,,,0.0
,,11091.0,,,1,14,,141022,,,0.0
,,11091.0,,,1,14,,141022,,,0.0
,600000.0,,,,1,14,11.0,141022,,,0.0
,0.0,,,,2,14,8.0,141022,,,0.0
,0.0,,,,1,14,11.0,141022,,,0.0
110000.0,,,,,2,14,12.0,141022,9.0,9132.0,0.0
500000.0,,,,,1,14,5.0,141022,8.0,8340.0,0.0
,0.0,,,,2,14,12.0,141022,,,0.0
,0.0,,,,1,14,13.0,141022,,,0.0
,,,,,1,14,,141022,,,0.0
,0.0,,158000.0,,2,14,6.0,141022,,,158000.0
,0.0,,,,1,14,12.0,141022,,,0.0
400000.0,,,,,2,14,12.0,141022,4.0,4190.0,0.0
,,,,,1,14,,141022,,,0.0
,0.0,,,,2,14,6.0,141022,,,0.0
400000.0,,,,,2,14,12.0,141022,5.0,5220.0,0.0
,,,,,1,14,,141022,,,0.0
,0.0,,,104646.0,1,14,4.0,141022,,,104646.0
,0.0,,,104646.0,2,14,8.0,141022,,,104646.0
,0.0,,,,1,14,12.0,141022,,,0.0
,0.0,,,,1,14,10.0,141022,,,0.0
,,,,,2,14,12.0,141022,3.0,3439.0,0.0
,0.0,,,,1,14,14.0,141022,,,0.0
,,,,,1,14,,141022,,,0.0
,,,,,2,14,,141022,,,0.0
,0.0,,180000.0,,1,14,4.0,141022,,,180000.0
99.0,,,,,1,14,11.0,141022,8.0,8324.0,0.0
,0.0,,,,2,14,12.0,141022,,,0.0
,0.0,,,,2,14,12.0,141022,,,0.0
275000.0,,,,,2,14,12.0,141022,5.0,5220.0,0.0
,,,,,2,14,,141022,,,0.0
,,,,,1,14,12.0,141022,8.0,8323.0,0.0
,0.0,,,,2,14,12.0,141022,,,0.0
,0.0,,,,2,14,16.0,141022,,,0.0
,0.0,,,,2,14,15.0,141022,,,0.0
,0.0,,,,1,14,11.0,141022,,,0.0
,,,,,2,14,,141022,,,0.0
,,,,,1,14,,141022,,,0.0
270000.0,,,,,1,14,8.0,141022,9.0,9333.0,0.0
110000.0,,,,,2,14,12.0,141022,9.0,9212.0,0.0
,0.0,,,,2,14,12.0,141022,,,0.0
,0.0,,,,2,14,10.0,141022,,,0.0
,,11091.0,,,1,14,,141022,,,0.0
275000.0,,,,,1,14,8.0,141022,9.0,9312.0,0.0
110000.0,,,,,2,14,4.0,141022,9.0,9162.0,0.0
300000.0,,,,,2,14,8.0,141022,9.0,9131.0,0.0
600000.0,,,,,1,14,12.0,141022,6.0,6152.0,0.0
,0.0,11091.0,,,1,14,11.0,141022,,,0.0
,0.0,,,,1,14,10.0,141022,,,0.0
,0.0,,130000.0,,1,14,3.0,141022,,,130000.0
,0.0,,,,2,14,9.0,141022,,,0.0
,0.0,,,,1,14,8.0,141022,,,0.0
168000.0,,,,,2,14,10.0,141022,9.0,9131.0,0.0
,,11091.0,,,2,14,,141022,,,0.0
,,11091.0,,,1,14,,141022,,,0.0
,99.0,,117000.0,,1,14,3.0,141022,,,117000.0
,99.0,,,,2,14,7.0,141022,,,0.0
400000.0,,,,,1,14,8.0,141022,7.0,7124.0,0.0
,0.0,,,,2,14,12.0,141022,,,0.0
,,11091.0,,,2,14,,141022,,,0.0
,,,,,1,14,10.0,141022,5.0,5230.0,0.0
,0.0,,,,2,14,10.0,141022,,,0.0
400000.0,,,,,1,14,16.0,141022,5.0,5220.0,0.0
,,,,,1,14,,141022,,,0.0
,,,,,2,14,8.0,141022,7.0,7412.0,0.0
,0.0,,,,1,14,11.0,141022,,,0.0
270000.0,,,,,2,14,12.0,141022,9.0,9213.0,0.0
270000.0,,,,,1,14,12.0,141022,9.0,9162.0,0.0
,0.0,,,,2,14,12.0,141022,,,0.0
,0.0,,,,1,14,5.0,141022,,,0.0
,0.0,,,,2,14,11.0,141022,,,0.0
,0.0,,,,2,14,13.0,141022,,,0.0
,0.0,11091.0,,,1,14,11.0,141022,,,0.0
,,,,,2,14,,141022,,,0.0
,,11091.0,,,1,14,,141022,,,0.0
99.0,,,,,1,14,15.0,141022,2.0,2211.0,0.0
,0.0,,,,2,14,13.0,141022,,,0.0
,,,,,2,14,,141022,,,0.0
,,,,,2,14,,141022,,,0.0
,,,,,1,14,,141022,,,0.0
,0.0,,,,2,14,5.0,141022,,,0.0
190000.0,,,,,1,14,8.0,141022,9.0,9313.0,0.0
,0.0,,,104646.0,1,14,6.0,141022,,,104646.0
,0.0,,,104646.0,2,14,2.0,141022,,,104646.0
270000.0,,,,,2,14,9.0,141022,9.0,9132.0,0.0
,,,,,2,14,,141022,,,0.0
270000.0,,,,,2,14,12.0,141022,9.0,9132.0,0.0
700000.0,,,,,1,14,17.0,141022,2.0,2331.0,0.0
,,,,,1,14,,141022,,,0.0
,,,,,2,14,,141022,,,0.0
300000.0,,,,,1,14,15.0,141022,3.0,3310.0,0.0
,0.0,,,,2,14,15.0,141022,,,0.0
,,11091.0,,,2,14,,141022,,,0.0
,,11091.0,,,2,14,,141022,,,0.0
,0.0,,,104646.0,2,14,5.0,141022,,,104646.0
170000.0,,,,,2,14,8.0,141022,9.0,9131.0,0.0
278000.0,,,,,1,14,12.0,141022,9.0,9313.0,0.0
,0.0,,,,2,14,9.0,141022,,,0.0
,0.0,,,,2,14,9.0,141022,,,0.0
,0.0,,180000.0,,1,14,3.0,141022,,,180000.0
,0.0,,,,2,14,6.0,141022,,,0.0
,0.0,,,,1,14,11.0,141022,,,0.0
99.0,,,,,1,14,12.0,141022,7.0,7124.0,0.0
,0.0,,,104646.0,2,14,0.0,141023,,,104646.0
,0.0,,,,2,14,5.0,141023,,,0.0
,,,,,1,14,,141023,,,0.0
,,,,,1,14,0.0,141023,6.0,6152.0,0.0
,,,,,2,14,0.0,141023,6.0,6152.0,0.0
,,,,,2,14,,141023,,,0.0
,,,,,2,14,,141023,,,0.0
,0.0,,,104646.0,2,14,1.0,141023,,,104646.0
,0.0,,,,2,14,6.0,141023,,,0.0
,0.0,,,,2,14,15.0,141023,,,0.0
,0.0,,,,2,14,11.0,141023,,,0.0
,,,,,1,14,12.0,141023,7.0,7124.0,0.0
,0.0,,,,2,14,9.0,141023,5.0,5220.0,0.0
,0.0,,,,1,14,11.0,141023,,,0.0
,0.0,,,,2,14,14.0,141023,,,0.0
,,,,,1,14,11.0,141023,6.0,6152.0,0.0
,,,,,1,14,,141023,,,0.0
,,,,,1,14,,141023,,,0.0
,,,,,2,14,6.0,141023,7.0,7412.0,0.0
,,,,,2,14,0.0,141023,1.0,1315.0,0.0
,,,,,1,14,12.0,141023,1.0,1311.0,0.0
400000.0,,,,,1,14,12.0,141023,8.0,8322.0,0.0
,0.0,,,,2,14,8.0,141023,,,0.0
,0.0,,,,1,14,10.0,141023,,,0.0
,,,,,1,14,,141023,,,0.0
,,,,,1,14,,141023,,,0.0
,0.0,,,104646.0,1,14,4.0,141023,,,104646.0
,0.0,,,104646.0,2,14,6.0,141023,,,104646.0
350000.0,,,,,1,14,8.0,141023,8.0,8332.0,0.0
,0.0,,,,2,14,15.0,141023,,,0.0
,0.0,11091.0,,,2,14,10.0,141023,,,0.0
,,11091.0,,,2,14,,141023,,,0.0
,,11091.0,,,2,14,,141023,,,0.0
,,,,,2,14,7.0,141023,9.0,9213.0,0.0
,0.0,,,,1,14,4.0,141023,,,0.0
,0.0,,,,2,14,4.0,141023,,,0.0
,0.0,,,104646.0,2,14,3.0,141023,,,104646.0
275000.0,,,,,1,14,9.0,141023,6.0,6141.0,0.0
276000.0,,,,,1,14,5.0,141023,6.0,6151.0,0.0
276000.0,,,,,1,14,8.0,141023,5.0,5169.0,0.0
,0.0,,,,2,14,5.0,141023,,,0.0
,0.0,,,,1,14,16.0,141023,,,0.0
,,,,,2,14,,141023,,,0.0
,,,,,1,14,2.0,141023,6.0,6152.0,0.0
,0.0,,,104646.0,1,14,4.0,141023,,,104646.0
,0.0,,,104646.0,2,14,4.0,141023,,,104646.0
,0.0,,,,1,14,6.0,141023,,,0.0
,0.0,,,104646.0,1,14,5.0,141023,,,104646.0
,0.0,,,104646.0,2,14,2.0,141023,,,104646.0
,,,,,2,14,12.0,141023,9.0,9152.0,0.0
,,,,,1,14,8.0,141023,6.0,6152.0,0.0
,0.0,,,,2,14,9.0,141023,,,0.0
,,,,,1,14,,141023,,,0.0
,0.0,,,,2,14,5.0,141023,,,0.0
,0.0,,,104646.0,1,14,2.0,141023,,,104646.0
,,,,,1,14,8.0,141023,7.0,7124.0,0.0
,0.0,,,104646.0,2,14,8.0,141023,,,104646.0
270000.0,,,,,2,14,11.0,141023,4.0,4222.0,0.0
450000.0,,,,,2,14,3.0,141023,9.0,9131.0,0.0
240000.0,,,,,1,14,8.0,141023,1.0,1130.0,0.0
,0.0,,,104646.0,2,14,4.0,141023,,,104646.0
,0.0,,,104646.0,2,14,2.0,141031,,,104646.0
300000.0,,,,,2,14,12.0,141031,5.0,5131.0,0.0
,0.0,,,,2,14,15.0,141031,,,0.0
0.0,,,,,1,14,14.0,141031,2.0,2412.0,0.0
,,,,,2,14,,141031,,,0.0
1200000.0,,,,,2,14,17.0,141031,3.0,3419.0,0.0
,,,,,1,14,,141031,,,0.0
292000.0,,,,,1,14,11.0,141031,5.0,5220.0,0.0
,0.0,,,,2,14,12.0,141031,,,0.0
,,,,,1,14,12.0,141031,7.0,7422.0,0.0
500000.0,,,,,1,14,12.0,141031,9.0,9112.0,0.0
550000.0,,,,,2,14,15.0,141031,3.0,3221.0,0.0
,0.0,,,,2,14,9.0,141031,,,0.0
,,,,,1,14,,141031,,,0.0
,0.0,,,104646.0,1,14,8.0,141031,,,104646.0
,,,,104646.0,1,14,10.0,141031,7.0,7124.0,104646.0
,0.0,,,,1,14,8.0,141031,,,0.0
,,,,,2,14,10.0,141031,5.0,5141.0,0.0
,0.0,,,,1,14,4.0,141031,,,0.0
,0.0,,,,2,14,7.0,141031,,,0.0
,0.0,,,,2,14,13.0,141031,,,0.0
,0.0,,,,2,14,10.0,141031,,,0.0
,,,,,1,14,,141031,,,0.0
,0.0,,150000.0,,2,14,18.0,141031,,,150000.0
,0.0,,,,2,14,10.0,141031,,,0.0
99.0,,,,,2,14,17.0,141031,2.0,2320.0,0.0
200000.0,,,,,1,14,12.0,141031,7.0,7132.0,0.0
270000.0,,,,,1,14,12.0,141031,7.0,7132.0,0.0
,0.0,,92000.0,,2,14,12.0,141031,,,92000.0
,0.0,,120000.0,,2,14,10.0,141031,,,120000.0
,,,,,1,14,8.0,141031,9.0,9112.0,0.0
150000.0,,,117000.0,,1,14,6.0,141031,9.0,9211.0,117000.0
,0.0,,137000.0,,2,14,7.0,141031,,,137000.0
,0.0,,,,2,14,1.0,141031,,,0.0
200000.0,,,,,1,14,12.0,141031,7.0,7124.0,0.0
270000.0,,,,,2,14,12.0,141031,5.0,5220.0,0.0
200000.0,,,,,1,14,9.0,141031,7.0,7124.0,0.0
,,,,,2,14,,141031,,,0.0
,0.0,,,,2,14,8.0,141031,,,0.0
250000.0,,,,,1,14,8.0,141031,9.0,9313.0,0.0
,0.0,,,,2,14,12.0,141031,,,0.0
250000.0,,,,,2,14,12.0,141031,5.0,5220.0,0.0
,,,,,2,14,,141031,,,0.0
,,,,,1,14,,141031,,,0.0
400000.0,,,,,1,14,12.0,141031,7.0,7421.0,0.0
1700000.0,,,,,1,14,17.0,141031,2.0,2320.0,0.0
,,,,,2,14,15.0,141031,9.0,9113.0,0.0
450000.0,,,,,1,14,12.0,141031,8.0,8162.0,0.0
320000.0,,,,,2,14,12.0,141031,8.0,8290.0,0.0
,0.0,,,104646.0,2,14,6.0,141031,,,104646.0
,0.0,,,104646.0,1,14,3.0,141031,,,104646.0
,0.0,,,,1,14,11.0,141031,,,0.0
,,,,,2,14,,141031,,,0.0
,,,121000.0,,2,14,12.0,141031,1.0,1314.0,121000.0
170000.0,,,,,2,14,12.0,141031,5.0,5220.0,0.0
550000.0,,,,,1,14,15.0,141031,2.0,2132.0,0.0
,,,,,1,14,,141031,,,0.0
,,,,,1,14,,141031,,,0.0
,0.0,,,,2,14,12.0,141031,,,0.0
700000.0,,,,,1,14,17.0,141031,1.0,1229.0,0.0
,0.0,,,,2,14,12.0,141031,,,0.0
600000.0,,,,,2,14,16.0,141031,1.0,1229.0,0.0
48000.0,,,,,2,14,15.0,141031,5.0,5230.0,0.0
400000.0,,,,,1,14,12.0,141031,8.0,8331.0,0.0
,0.0,,,,2,14,12.0,141031,,,0.0
,,,,,1,14,,141031,,,0.0
,0.0,,,,2,14,12.0,141031,,,0.0
270000.0,,,,,2,14,15.0,141031,4.0,4115.0,0.0
270000.0,,,,,2,14,15.0,141031,3.0,3221.0,0.0
270000.0,,,,,1,14,12.0,141031,5.0,5220.0,0.0
,,,,,2,14,,141031,,,0.0
,0.0,,,,1,14,12.0,141031,,,0.0
,0.0,,,104646.0,2,14,12.0,141031,,,104646.0
400000.0,,,,,1,14,12.0,141031,8.0,8334.0,0.0
,0.0,,,,2,14,12.0,141031,,,0.0
,,,,,2,14,,141031,,,0.0
,,,,,1,14,,141031,,,0.0
,0.0,,,,2,14,8.0,141031,,,0.0
,0.0,,,,2,14,12.0,141031,,,0.0
,,,,104646.0,1,14,8.0,141031,8.0,8322.0,104646.0
,,,,,1,14,,141031,,,0.0
,,,,,1,14,12.0,141031,3.0,3439.0,0.0
300000.0,,,,,2,14,12.0,141031,9.0,9132.0,0.0
834000.0,,,,,2,14,17.0,141031,2.0,2340.0,0.0
,0.0,,,,2,14,10.0,141031,,,0.0
,,,,,1,14,,141031,,,0.0
,,,,,2,14,,141031,,,0.0
,0.0,,,,2,14,6.0,141031,,,0.0
270000.0,,,,,1,14,9.0,141031,9.0,9313.0,0.0
,0.0,,,,1,14,8.0,141031,,,0.0
300000.0,,,,,1,14,8.0,141031,7.0,7124.0,0.0
,185000.0,,,,2,14,12.0,141031,,,0.0
,,,,,1,14,,141031,,,0.0
270000.0,,,,,1,14,3.0,141031,9.0,9161.0,0.0
,0.0,,,,1,14,3.0,141031,,,0.0
99.0,,,,,1,14,9.0,141031,4.0,4223.0,0.0
,0.0,,,,2,14,3.0,141031,,,0.0
,0.0,,,,1,14,12.0,141031,,,0.0
,0.0,,,104646.0,1,14,0.0,141031,,,104646.0
,0.0,,,104646.0,2,14,1.0,141031,,,104646.0
500000.0,,,,,1,14,8.0,141031,7.0,7141.0,0.0
,,,,,2,14,12.0,141031,5.0,5122.0,0.0
,,,,,2,14,,141031,,,0.0
,0.0,,150000.0,,1,14,8.0,141031,,,150000.0
,0.0,,,104646.0,2,14,8.0,141031,,,104646.0
450000.0,,,,,1,14,8.0,141031,8.0,8324.0,0.0
,,,,,1,14,10.0,141031,8.0,8324.0,0.0
,0.0,,,104646.0,2,14,5.0,141031,,,104646.0
,0.0,,,,1,14,15.0,141031,,,0.0
20000.0,,,,,1,14,8.0,141031,9.0,9151.0,0.0
,,,,,2,14,14.0,141031,5.0,5230.0,0.0
,,11091.0,,,1,14,,141031,,,0.0
,0.0,,,,2,14,0.0,141031,,,0.0
400000.0,,,,,1,14,10.0,141031,8.0,8331.0,0.0
,0.0,,,,2,14,12.0,141031,,,0.0
,,,,,1,14,,141031,,,0.0
,0.0,,,104646.0,2,14,1.0,141031,,,104646.0
,0.0,,,,1,14,10.0,141031,,,0.0
,0.0,,,,2,14,5.0,141031,,,0.0
190000.0,,,,,2,14,12.0,141031,5.0,5131.0,0.0
270000.0,,,,,1,14,12.0,141031,8.0,8322.0,0.0
270000.0,,,,,1,14,8.0,141031,7.0,7421.0,0.0
,0.0,,,,2,14,6.0,141031,,,0.0
,0.0,,,,2,14,14.0,141031,,,0.0
,,,,,1,14,,141031,,,0.0
,,,,,1,14,4.0,141031,7.0,7422.0,0.0
,0.0,,,104646.0,2,14,1.0,141031,,,104646.0
800000.0,,,,,1,14,17.0,141031,2.0,2211.0,0.0
250000.0,,,,104646.0,2,14,8.0,141031,9.0,9131.0,104646.0
215000.0,,,,,2,14,12.0,141031,5.0,5122.0,0.0
140000.0,,,,,2,14,14.0,141031,3.0,3320.0,0.0
,,11091.0,,,2,14,,141031,,,0.0
270000.0,,,,,1,14,10.0,141031,9.0,9152.0,0.0
,0.0,,,,1,14,6.0,141031,,,0.0
,,,157788.0,,1,14,3.0,141031,6.0,6113.0,157788.0
270000.0,,,,,1,14,0.0,141031,9.0,9162.0,0.0
,0.0,,,,2,14,8.0,141031,,,0.0
100000.0,,,,,1,14,12.0,141031,7.0,7214.0,0.0
,0.0,,,104646.0,1,14,6.0,141031,,,104646.0
,0.0,,,104646.0,2,14,5.0,141031,,,104646.0
,0.0,,,,1,14,15.0,141031,,,0.0
900000.0,,,,,1,14,17.0,141031,6.0,6151.0,0.0
,,,,,2,14,14.0,141031,1.0,1314.0,0.0
,,,,,2,14,,141031,,,0.0
,,,,,1,14,,141031,,,0.0
,,,,,2,14,14.0,141031,1.0,1314.0,0.0
,,,,,2,14,8.0,141031,1.0,1314.0,0.0
,0.0,,,104646.0,2,14,0.0,141031,,,104646.0
,0.0,,,,2,14,0.0,141031,,,0.0
,0.0,,,,2,14,4.0,141031,,,0.0
0.0,,,,,1,14,8.0,141031,8.0,8324.0,0.0
,0.0,,,,2,14,10.0,141031,,,0.0
,,,,,2,14,8.0,141031,5.0,5141.0,0.0
,,,,,1,14,8.0,141031,6.0,6111.0,0.0
,0.0,,,,2,14,14.0,141031,,,0.0
,,,,,1,14,,141031,,,0.0
,,,,,1,14,15.0,141031,2.0,2331.0,0.0
,,,,,2,14,15.0,141031,5.0,5141.0,0.0
,,,,,1,14,,141031,,,0.0
,,,,,2,14,,141031,,,0.0
,,,,,2,14,,141031,,,0.0
380000.0,,,235000.0,,1,14,6.0,141031,9.0,9132.0,235000.0
,0.0,,207000.0,,2,14,7.0,141031,,,207000.0
380000.0,,,,,1,14,8.0,141031,9.0,9151.0,0.0
1000000.0,,,,,1,14,14.0,141033,5.0,5162.0,0.0
,0.0,,,,2,14,13.0,141033,,,0.0
,0.0,,,,2,14,12.0,141033,,,0.0
,,,,,1,14,,141033,,,0.0
,0.0,,120000.0,,1,14,6.0,141033,,,120000.0
,0.0,,,,2,14,12.0,141033,,,0.0
,,,,,1,14,6.0,141033,9.0,9111.0,0.0
,0.0,,,104646.0,2,14,6.0,141033,,,104646.0
,0.0,,,104646.0,1,14,4.0,141033,,,104646.0
,0.0,,,104646.0,2,14,4.0,141033,,,104646.0
150000.0,,,,,1,14,8.0,141033,9.0,9313.0,0.0
,0.0,,,,2,14,12.0,141033,,,0.0
,0.0,,,,1,14,13.0,141033,,,0.0
,,11091.0,,,2,14,,141033,,,0.0
,0.0,,,,1,14,12.0,141033,,,0.0
,0.0,,,,2,14,12.0,141033,,,0.0
,0.0,,,,2,14,16.0,141033,,,0.0
99.0,,,,,1,14,11.0,141033,9.0,9211.0,0.0
,,,,,1,14,8.0,141033,7.0,7124.0,0.0
,0.0,,,,2,14,12.0,141033,,,0.0
,0.0,,,,1,14,14.0,141033,,,0.0
,,,,,2,14,,141033,,,0.0
,0.0,,,,2,14,0.0,141033,,,0.0
,0.0,,,104646.0,1,14,3.0,141033,,,104646.0
,0.0,,,104646.0,2,14,3.0,141033,,,104646.0
,,,,,1,14,8.0,141033,8.0,8324.0,0.0
,0.0,,,,1,14,12.0,141033,,,0.0
,0.0,,,,1,14,6.0,141033,,,0.0
,0.0,,,,2,14,6.0,141033,,,0.0
265000.0,,,,,2,14,12.0,141033,5.0,5131.0,0.0
290000.0,,,,,2,14,12.0,141033,5.0,5220.0,0.0
,,,,,2,14,,141033,,,0.0
,,,,,1,14,,141033,,,0.0
,0.0,,,104646.0,2,14,3.0,141033,,,104646.0
,,,,,1,14,10.0,141033,999.0,9999.0,0.0
,0.0,,,,2,14,12.0,141033,,,0.0
,,,,,2,14,,141033,,,0.0
400000.0,,,,,1,14,9.0,141033,9.0,9132.0,0.0
,0.0,,,,2,14,12.0,141033,,,0.0
300000.0,,,,,2,14,12.0,141033,5.0,5122.0,0.0
,,,,,1,14,,141033,,,0.0
,,,,,1,14,,141033,,,0.0
450000.0,,,,,1,14,12.0,141033,8.0,8331.0,0.0
,0.0,,,,2,14,12.0,141033,,,0.0
,,,,,1,14,,141033,,,0.0
270000.0,,,,,1,14,8.0,141033,6.0,6141.0,0.0
,0.0,,,,2,14,8.0,141033,,,0.0
270000.0,,,,,2,14,14.0,141033,3.0,3320.0,0.0
,0.0,11091.0,,,1,14,12.0,141033,,,0.0
,,,,,2,14,,141033,,,0.0
330000.0,,,,,1,14,12.0,141033,6.0,6111.0,0.0
320000.0,,,,,2,14,6.0,141033,6.0,6111.0,0.0
,0.0,,,,1,14,16.0,141033,,,0.0
270000.0,,,,,2,14,12.0,141033,3.0,3439.0,0.0
,0.0,,,,2,14,8.0,141033,,,0.0
,0.0,,,,2,14,12.0,141033,,,0.0
,0.0,,,104646.0,1,14,13.0,141033,,,104646.0
,,,,,2,14,,141033,,,0.0
,,,,,1,14,,141033,,,0.0
230000.0,,,,,1,14,6.0,141033,4.0,4131.0,0.0
,0.0,,,,2,14,12.0,141033,,,0.0
,,,,,2,14,,141033,,,0.0
,0.0,,,104646.0,2,14,4.0,141033,,,104646.0
,,,,,1,14,10.0,141033,6.0,6111.0,0.0
380000.0,,,,,1,14,8.0,141033,8.0,8332.0,0.0
100000.0,,,,,2,14,8.0,141033,9.0,9211.0,0.0
,0.0,,,,1,14,9.0,141033,,,0.0
,,,,,1,14,,141033,,,0.0
,,,,,1,14,,141033,,,0.0
,,,,,1,14,,141033,,,0.0
,,,,,2,14,12.0,141033,9.0,9211.0,0.0
,,,,,1,14,12.0,141033,9.0,9211.0,0.0
,0.0,,,,2,14,3.0,141033,,,0.0
,,,,,1,14,3.0,141033,6.0,6210.0,0.0
,0.0,,,,2,14,3.0,141033,,,0.0
,0.0,,,104646.0,2,14,,141033,,,104646.0
,,,,,2,14,12.0,141033,7.0,7437.0,0.0
,,,,,1,14,12.0,141033,7.0,7422.0,0.0
,,,,,1,14,,141033,,,0.0
,,,,,1,14,,141033,,,0.0
500000.0,,,,,1,14,12.0,141033,8.0,8331.0,0.0
,0.0,,,,2,14,12.0,141033,,,0.0
,,,,,1,14,,141033,,,0.0
500000.0,,,,,1,14,12.0,141033,5.0,5161.0,0.0
350000.0,,,,,2,14,15.0,141033,3.0,3320.0,0.0
,0.0,,,,2,14,12.0,141033,,,0.0
,,,,,2,14,,141033,,,0.0
550000.0,,,,,1,14,12.0,141033,6.0,6151.0,0.0
,0.0,,,,2,14,12.0,141033,,,0.0
,,,,,1,14,,141033,,,0.0
,,,,,2,14,,141033,,,0.0
,,,,,1,14,12.0,141033,7.0,7124.0,0.0
,0.0,,,,2,14,12.0,141033,,,0.0
320000.0,,,,,2,14,12.0,141033,4.0,4211.0,0.0
400000.0,,,,,2,14,11.0,141033,9.0,9211.0,0.0
,0.0,,,,2,14,3.0,141033,,,0.0
,,,,,1,14,16.0,141033,1.0,1312.0,0.0
,0.0,,,,2,14,12.0,141033,,,0.0
,0.0,,,,1,14,13.0,141033,,,0.0
,0.0,,,,1,14,15.0,141033,,,0.0
,0.0,,,,1,14,18.0,141033,,,0.0
,0.0,,,,2,14,12.0,141033,,,0.0
,,,,,1,14,,141033,,,0.0
,0.0,,,,1,14,8.0,141033,,,0.0
99.0,,,,,2,14,6.0,141033,9.0,9211.0,0.0
,400000.0,,,,1,14,10.0,141033,,,0.0
,,,,,1,14,12.0,141033,7.0,7124.0,0.0
128000.0,,,,,2,14,13.0,141033,9.0,9211.0,0.0
128000.0,,,,,2,14,11.0,141033,9.0,9211.0,0.0
500000.0,,,,,1,14,12.0,141033,8.0,8324.0,0.0
,0.0,,,,2,14,12.0,141033,,,0.0
,,,,,1,14,,141033,,,0.0
450000.0,,,,,1,14,14.0,141033,7.0,7233.0,0.0
,0.0,,,,2,14,7.0,141033,,,0.0
,0.0,,,,1,14,14.0,141033,,,0.0
,,,,,2,14,,141033,,,0.0
,,,,,2,14,,141033,,,0.0
,,,,,2,14,,141033,,,0.0
,0.0,,,,2,14,8.0,141033,,,0.0
,,,,,1,14,10.0,141033,9.0,9212.0,0.0
,0.0,,,,1,14,15.0,141033,,,0.0
430000.0,,,,,1,14,10.0,141033,6.0,6113.0,0.0
,0.0,,,,2,14,10.0,141033,,,0.0
,0.0,,,,2,14,14.0,141033,,,0.0
,0.0,,,104646.0,2,14,8.0,141033,,,104646.0
,0.0,,,,2,14,2.0,141033,,,0.0
,0.0,,,,1,14,6.0,141033,,,0.0
,0.0,,,,2,14,12.0,141033,,,0.0
,,,,,1,14,,141033,,,0.0
,,,,,2,14,,141033,,,0.0
,,,,,2,14,,141033,,,0.0
,,,,,1,14,10.0,141033,9.0,9113.0,0.0
,0.0,,,,2,14,10.0,141033,,,0.0
,0.0,,,,1,14,13.0,141033,,,0.0
,,,,,1,14,,141033,,,0.0
,0.0,,158000.0,,1,14,6.0,141033,,,158000.0
,0.0,,,104646.0,2,14,3.0,141033,,,104646.0
,0.0,,,,1,14,12.0,141033,,,0.0
,0.0,,,104646.0,1,14,6.0,141033,,,104646.0
,0.0,,,,2,14,6.0,141033,,,0.0
,0.0,,,,1,14,3.0,141033,,,0.0
,0.0,,,,2,14,3.0,141033,,,0.0
,0.0,,,,1,14,6.0,141033,,,0.0
250000.0,,,,,1,14,6.0,141033,9.0,9211.0,0.0
250000.0,,,,,2,14,11.0,141033,9.0,9131.0,0.0
,,,,,1,14,8.0,141033,8.0,8322.0,0.0
,0.0,,,,2,14,11.0,141033,,,0.0
99.0,,,,,2,14,12.0,141033,9.0,9211.0,0.0
,,,,,1,14,,141033,,,0.0
,,11091.0,,,2,14,,141033,,,0.0
,,11091.0,,,2,14,,141033,,,0.0
,0.0,,,,2,14,6.0,141033,,,0.0
,,,,,1,14,2.0,141033,6.0,6210.0,0.0
,0.0,,,,2,14,14.0,141033,,,0.0
,0.0,,,,2,14,11.0,141033,,,0.0
,,,,,2,14,,141033,,,0.0
,,,,,1,14,,141033,,,0.0
,,,,,1,14,,141033,,,0.0
,0.0,,,,1,14,7.0,141033,,,0.0
,0.0,,,104646.0,2,14,0.0,141033,,,104646.0
,,,,,1,14,8.0,141033,6.0,6111.0,0.0
,0.0,,,,2,14,10.0,141033,,,0.0
,0.0,,,,2,14,11.0,141033,,,0.0
,,,,,2,14,,141033,,,0.0
,,,,,1,14,,141033,,,0.0
,0.0,,,104646.0,2,14,3.0,141033,,,104646.0
,0.0,,,104646.0,1,14,2.0,141033,,,104646.0
,0.0,,,104646.0,2,14,2.0,141033,,,104646.0
,,,,,1,14,8.0,141033,6.0,6121.0,0.0
,0.0,,,104646.0,2,14,0.0,141033,,,104646.0
,0.0,,200000.0,,2,14,0.0,141033,,,200000.0
,0.0,,,104646.0,2,14,3.0,141033,,,104646.0
,0.0,,200000.0,,2,14,3.0,141033,,,200000.0
,0.0,,,104646.0,1,14,6.0,141033,,,104646.0
,0.0,,,,2,14,3.0,141033,,,0.0
260000.0,,,,,1,14,10.0,141033,9.0,9211.0,0.0
,0.0,,,,2,14,12.0,141033,,,0.0
,0.0,,,104646.0,1,14,6.0,141033,,,104646.0
,0.0,,,104646.0,2,14,4.0,141033,,,104646.0
,0.0,,,,1,14,8.0,141033,,,0.0
280000.0,,,,,1,14,12.0,141033,9.0,9211.0,0.0
,0.0,,,,1,14,14.0,141033,,,0.0
337000.0,,,,,1,14,12.0,141033,7.0,7421.0,0.0
240000.0,,,,,2,14,9.0,141033,4.0,4211.0,0.0
,,,,,2,14,,141033,,,0.0
,,,,,2,14,,141033,,,0.0
,,,,104646.0,1,14,9.0,141033,6.0,6111.0,104646.0
,,,,,2,14,8.0,141033,6.0,6111.0,0.0
,,,,,1,14,10.0,141033,6.0,6111.0,0.0
250000.0,,,,,2,14,10.0,141033,9.0,9211.0,0.0
,,,,,2,14,,141033,,,0.0
,0.0,,,104646.0,1,14,4.0,141033,,,104646.0
,0.0,,,,2,14,6.0,141033,,,0.0
280000.0,,,,,1,14,12.0,141033,9.0,9211.0,0.0
,,,,,1,14,6.0,141033,6.0,6111.0,0.0
,,,,,2,14,12.0,141033,6.0,6111.0,0.0
418000.0,,,,,1,14,6.0,141033,8.0,8331.0,0.0
,0.0,,,104646.0,2,14,6.0,141033,,,104646.0
270000.0,,,126000.0,,1,14,8.0,141041,9.0,9152.0,126000.0
420000.0,,,,,1,14,12.0,141041,8.0,8272.0,0.0
,0.0,,,,2,14,12.0,141041,,,0.0
,,,,,1,14,,141041,,,0.0
,,,,,2,14,,141041,,,0.0
,,,,,1,14,8.0,141041,9.0,9152.0,0.0
120000.0,,,,,2,14,10.0,141041,9.0,9151.0,0.0
,0.0,,,,2,14,0.0,141041,,,0.0
376000.0,,,,,1,14,12.0,141041,8.0,8331.0,0.0
,0.0,,,,2,14,12.0,141041,,,0.0
,,,,,1,14,,141041,,,0.0
,0.0,,,,1,14,12.0,141041,,,0.0
,,,,,2,14,8.0,141041,5.0,5230.0,0.0
120000.0,,,,,2,14,12.0,141041,5.0,5123.0,0.0
,0.0,,,,1,14,12.0,141041,,,0.0
600000.0,,,,,1,14,12.0,141041,8.0,8332.0,0.0
145000.0,,,,,2,14,12.0,141041,9.0,9211.0,0.0
,0.0,,,,1,14,12.0,141041,,,0.0
,0.0,,,,2,14,10.0,141041,,,0.0
400000.0,,,,,2,14,12.0,141041,3.0,3431.0,0.0
,0.0,,90000.0,,1,14,12.0,141041,,,90000.0
370000.0,,,,,2,14,12.0,141041,3.0,3472.0,0.0
,0.0,,,,1,14,11.0,141041,,,0.0
,0.0,,,,1,14,15.0,141041,,,0.0
,0.0,,,,2,14,2.0,141041,,,0.0
,,,,,2,14,8.0,141041,7.0,7332.0,0.0
450000.0,,,,,1,14,12.0,141041,8.0,8324.0,0.0
,,,,,2,14,11.0,141041,5.0,5230.0,0.0
,0.0,,,,1,14,13.0,141041,,,0.0
,0.0,,,,1,14,8.0,141041,,,0.0
,30000.0,,,,2,14,8.0,141041,,,0.0
,0.0,,,104646.0,1,14,3.0,141041,,,104646.0
400000.0,,,,,1,14,12.0,141041,7.0,7413.0,0.0
,0.0,,,,2,14,12.0,141041,,,0.0
,0.0,,,,2,14,2.0,141041,,,0.0
,,,,,2,14,,141041,,,0.0
,,11091.0,,,2,14,,141041,,,0.0
,0.0,,,,2,14,7.0,141041,,,0.0
285000.0,,,,,1,14,12.0,141041,9.0,9313.0,0.0
,,,,,2,14,,141041,,,0.0
380000.0,,,,,1,14,10.0,141041,8.0,8272.0,0.0
503000.0,,,,,2,14,15.0,141041,3.0,3320.0,0.0
,,11091.0,,,2,14,,141041,,,0.0
,0.0,,,,2,14,12.0,141041,,,0.0
450000.0,,,,,1,14,8.0,141041,6.0,6141.0,0.0
,,11091.0,,,1,14,,141041,,,0.0
,,11091.0,,,1,14,,141041,,,0.0
380000.0,,,,,1,14,12.0,141041,8.0,8272.0,0.0
350000.0,,,,,2,14,12.0,141041,5.0,5132.0,0.0
,,11091.0,,,2,14,,141041,,,0.0
,,11091.0,,,1,14,,141041,,,0.0
,,11091.0,,,1,14,,141041,,,0.0
270000.0,,,,,2,14,11.0,141041,9.0,9132.0,0.0
,0.0,,,,2,14,16.0,141041,,,0.0
275000.0,,,,,1,14,9.0,141041,7.0,7122.0,0.0
,0.0,,,,1,14,3.0,141041,,,0.0
,0.0,,,,2,14,3.0,141041,,,0.0
180000.0,,,,,2,14,8.0,141041,9.0,9211.0,0.0
,,11091.0,,,2,14,,141041,,,0.0
,,11091.0,,,1,14,,141041,,,0.0
,0.0,,,,2,14,4.0,141041,,,0.0
,,11091.0,,,2,14,,141041,,,0.0
,,11091.0,,,2,14,,141041,,,0.0
,0.0,,,,2,14,12.0,141041,,,0.0
,,11091.0,,,1,14,,141041,,,0.0
,,,,,2,14,12.0,141041,9.0,9131.0,0.0
,,,,,2,14,12.0,141041,9.0,9133.0,0.0
,0.0,,,,2,14,12.0,141041,,,0.0
,0.0,,,,2,14,13.0,141041,,,0.0
,0.0,11091.0,,,1,14,10.0,141041,,,0.0
,0.0,,,,2,14,9.0,141041,,,0.0
270000.0,,,,,1,14,12.0,141041,9.0,9312.0,0.0
,,11091.0,,,1,14,,141041,,,0.0
,,11091.0,,,1,14,,141041,,,0.0
,0.0,,,104646.0,1,14,6.0,141041,,,104646.0
,0.0,,,104646.0,2,14,5.0,141041,,,104646.0
,0.0,,,,2,14,12.0,141041,,,0.0
,0.0,,,,2,14,12.0,141041,,,0.0
270000.0,,,,,1,14,12.0,141041,5.0,5122.0,0.0
,,,,,1,14,,141041,,,0.0
,480000.0,,,,2,14,6.0,141041,,,0.0
,0.0,,160000.0,,1,14,0.0,141041,,,160000.0
,0.0,,,104646.0,2,14,0.0,141041,,,104646.0
99.0,,,,,1,14,8.0,141041,9.0,9312.0,0.0
300000.0,,,,,1,14,8.0,141041,7.0,7423.0,0.0
,0.0,,,104646.0,2,14,0.0,141041,,,104646.0
,0.0,,,,1,14,11.0,141041,,,0.0
264000.0,,,,,2,14,12.0,141041,4.0,4115.0,0.0
,,,,,1,14,,141041,,,0.0
,,,,,1,14,,141041,,,0.0
,,,,,1,14,,141041,,,0.0
,,,,,1,14,17.0,141041,2.0,2429.0,0.0
,,,,,1,14,13.0,141041,7.0,7137.0,0.0
,0.0,,,,2,14,13.0,141041,,,0.0
,0.0,11091.0,,,2,14,8.0,141041,,,0.0
,,11091.0,,,1,14,,141041,,,0.0
,,11091.0,,,1,14,,141041,,,0.0
195000.0,,,,,2,14,12.0,141041,5.0,5122.0,0.0
750000.0,,,,,1,14,10.0,141041,7.0,7122.0,0.0
600000.0,,,,,1,14,12.0,141041,8.0,8290.0,0.0
,,,,,1,14,,141041,,,0.0
,0.0,,180000.0,,2,14,12.0,141041,,,180000.0
700000.0,,,,,2,14,,141041,2.0,2331.0,0.0
,0.0,,,,1,14,9.0,141041,,,0.0
,0.0,,,,2,14,8.0,141041,,,0.0
,0.0,,450000.0,,1,14,12.0,141041,,,450000.0
276000.0,,,,,1,14,12.0,141041,9.0,9312.0,0.0
,0.0,,,,1,14,16.0,141041,,,0.0
,0.0,,200000.0,,2,14,0.0,141041,,,200000.0
,,,,,1,14,6.0,141041,7.0,7422.0,0.0
,0.0,,,104646.0,2,14,2.0,141041,,,104646.0
2000000.0,,,,,1,14,,141041,2.0,2351.0,0.0
1000000.0,,,,,2,14,,141041,2.0,2122.0,0.0
,0.0,,,,2,14,,141041,,,0.0
,0.0,,,,2,14,12.0,141041,,,0.0
,,,,,2,14,19.0,141041,2.0,2419.0,0.0
1600000.0,,,,,1,14,19.0,141041,1.0,1120.0,0.0
,0.0,,,,2,14,2.0,141041,,,0.0
,,,,,1,14,6.0,141041,6.0,6141.0,0.0
,0.0,,,,2,14,5.0,141041,,,0.0
270000.0,,,,,1,14,8.0,141041,8.0,8141.0,0.0
270000.0,,,,,2,14,8.0,141041,9.0,9132.0,0.0
,,,,,2,14,,141041,,,0.0
,,,,,2,14,,141041,,,0.0
,,,,,1,14,,141041,,,0.0
,0.0,,,104646.0,2,14,4.0,141041,,,104646.0
,0.0,,,,1,14,3.0,141041,,,0.0
270000.0,,,,,1,14,4.0,141041,6.0,6121.0,0.0
270000.0,,,,,1,14,12.0,141041,9.0,9312.0,0.0
,,,,,1,14,10.0,141041,1.0,1314.0,0.0
,,,,,2,14,11.0,141041,1.0,1314.0,0.0
,0.0,11091.0,,,1,14,12.0,141041,,,0.0
,,11091.0,,,2,14,,141041,,,0.0
,,,,,1,14,,141041,,,0.0
,0.0,,,,1,14,13.0,141041,5.0,5220.0,0.0
280000.0,,,,,2,14,12.0,141041,9.0,9333.0,0.0
,,,,,1,14,,141041,,,0.0
,0.0,,,104646.0,2,14,4.0,141041,,,104646.0
,0.0,,,,1,14,3.0,141041,,,0.0
,0.0,,,,1,14,8.0,141041,,,0.0
,,,,,2,14,12.0,141041,5.0,5122.0,0.0
450000.0,,,,,1,14,12.0,141041,7.0,7413.0,0.0
,0.0,,,,2,14,12.0,141041,,,0.0
,,11091.0,,,2,14,,141041,,,0.0
,0.0,,,,2,14,10.0,141041,,,0.0
,0.0,,,,2,14,15.0,141041,,,0.0
,,,,,1,14,10.0,141041,9.0,9313.0,0.0
,,11091.0,,,2,14,,141041,,,0.0
,0.0,,205336.0,,1,14,2.0,141041,,,205336.0
,0.0,,,,1,14,4.0,141041,,,0.0
,,,,,2,14,8.0,141041,1.0,1314.0,0.0
,0.0,,,,2,14,12.0,141041,,,0.0
,,,,,1,14,,141041,,,0.0
450000.0,,,,,1,14,12.0,141041,8.0,8332.0,0.0
650000.0,,,,,2,14,6.0,141041,9.0,9131.0,0.0
,0.0,,,,2,14,12.0,141041,,,0.0
,0.0,,,,1,14,17.0,141041,,,0.0
600000.0,,,,,2,14,17.0,141041,2.0,2142.0,0.0
,,11091.0,,,1,14,,141041,,,0.0
270000.0,,,,,1,14,12.0,141041,8.0,8324.0,0.0
270000.0,,,,,2,14,12.0,141041,7.0,7411.0,0.0
,0.0,11091.0,,,2,14,10.0,141041,,,0.0
,,11091.0,,,2,14,,141041,,,0.0
,,,,,1,14,12.0,141041,7.0,7122.0,0.0
,0.0,,,,2,14,12.0,141041,,,0.0
,,11091.0,,,2,14,,141041,,,0.0
,,11091.0,,,1,14,,141041,,,0.0
300000.0,,,,,1,14,6.0,141043,6.0,6121.0,0.0
300000.0,,,,,2,14,3.0,141043,6.0,6121.0,0.0
,,,,,1,14,,141043,,,0.0
,0.0,,140000.0,,1,14,3.0,141043,,,140000.0
,0.0,,,,2,14,3.0,141043,,,0.0
2000000.0,,,,,1,14,17.0,141043,2.0,2223.0,0.0
,,,,,1,14,12.0,141043,7.0,7124.0,0.0
,0.0,,,,2,14,8.0,141043,,,0.0
,,11091.0,,,1,14,,141043,,,0.0
160000.0,,,,,2,14,6.0,141043,9.0,9131.0,0.0
,0.0,,,,2,14,11.0,141043,,,0.0
280000.0,,,,,1,14,12.0,141043,3.0,3142.0,0.0
,0.0,,,,2,14,10.0,141043,,,0.0
,,11091.0,,,1,14,,141043,,,0.0
,,,,,2,14,3.0,141043,6.0,6130.0,0.0
,,,,,1,14,8.0,141043,9.0,9111.0,0.0
276000.0,,,,,1,14,12.0,141043,8.0,8340.0,0.0
,0.0,,,,2,14,11.0,141043,,,0.0
,,11091.0,,,2,14,,141043,,,0.0
,,,,,1,14,,141043,,,0.0
270000.0,,,,,1,14,7.0,141043,6.0,6111.0,0.0
,0.0,,,,2,14,8.0,141043,,,0.0
,0.0,,,,2,14,12.0,141043,,,0.0
,,11091.0,,,2,14,,141043,,,0.0
,0.0,,,,1,14,10.0,141043,,,0.0
,0.0,,,,2,14,4.0,141043,,,0.0
,,,,,1,14,10.0,141043,6.0,6121.0,0.0
,0.0,,,,2,14,8.0,141043,,,0.0
,0.0,,,,1,14,5.0,141043,,,0.0
,,11091.0,,,1,14,,141043,,,0.0
,,,,,2,14,,141043,,,0.0
,,,,,1,14,8.0,141043,6.0,6111.0,0.0
,0.0,,,,2,14,3.0,141043,,,0.0
,0.0,,,,1,14,0.0,141043,,,0.0
,,,,,2,14,12.0,141043,7.0,7412.0,0.0
,,,,,1,14,12.0,141043,7.0,7124.0,0.0
,,11091.0,,,1,14,,141043,,,0.0
,,11091.0,,,2,14,,141043,,,0.0
,0.0,,,104646.0,1,14,4.0,141043,,,104646.0
,,,,,2,14,4.0,141043,1.0,1314.0,0.0
,0.0,,,,1,14,12.0,141043,,,0.0
370000.0,,,,,2,14,15.0,141043,3.0,3320.0,0.0
,,11091.0,,,1,14,,141043,,,0.0
,,11091.0,,,1,14,,141043,,,0.0
,,11091.0,,,2,14,,141043,,,0.0
,,11091.0,,,2,14,,141043,,,0.0
,0.0,,,,2,14,8.0,141043,,,0.0
,,,,,1,14,8.0,141043,6.0,6141.0,0.0
,0.0,,,104646.0,1,14,2.0,141043,,,104646.0
,0.0,,,104646.0,2,14,0.0,141043,,,104646.0
270000.0,,,120000.0,,1,14,6.0,141043,8.0,8331.0,120000.0
,0.0,,,,2,14,0.0,141043,,,0.0
280000.0,,,,,1,14,5.0,141043,6.0,6129.0,0.0
,0.0,,,,2,14,8.0,141043,,,0.0
,0.0,,,,2,14,3.0,141043,,,0.0
,,,,,1,14,15.0,141043,6.0,6113.0,0.0
,0.0,,,104646.0,2,14,3.0,141043,,,104646.0
,0.0,,,,2,14,3.0,141043,,,0.0
,,,,,1,14,15.0,141043,1.0,1311.0,0.0
,0.0,,,104646.0,2,14,3.0,141043,,,104646.0
,0.0,,,104646.0,1,14,4.0,141043,,,104646.0
,0.0,,,,2,14,6.0,141043,,,0.0
,,,,,2,14,12.0,141043,7.0,7413.0,0.0
,,,,,2,14,12.0,141043,7.0,7413.0,0.0
,,11091.0,,,1,14,,141043,,,0.0
,,,,,1,14,11.0,141043,9.0,9211.0,0.0
,,11091.0,,,1,14,,141043,,,0.0
,99.0,,,,2,14,12.0,141043,,,0.0
,0.0,,130000.0,,1,14,0.0,141043,,,130000.0
,,,,,1,14,3.0,141043,9.0,9212.0,0.0
,,,,,1,14,12.0,141043,1.0,1311.0,0.0
,0.0,,,,2,14,12.0,141043,,,0.0
,0.0,,,,2,14,12.0,141043,,,0.0
,,11091.0,,,1,14,,141043,,,0.0
,0.0,,190000.0,,2,14,1.0,141043,,,190000.0
180000.0,,,,,2,14,8.0,141043,5.0,5133.0,0.0
,0.0,,,,2,14,7.0,141043,,,0.0
,0.0,,,,1,14,12.0,141043,,,0.0
,,,,,2,14,,141043,,,0.0
270000.0,,,,,1,14,5.0,141043,6.0,6121.0,0.0
,0.0,,,,1,14,0.0,141043,,,0.0
,,,,,1,14,8.0,141043,9.0,9211.0,0.0
,0.0,,,104646.0,1,14,3.0,141043,,,104646.0
,0.0,,,104646.0,2,14,1.0,141043,,,104646.0
260000.0,,,,,2,14,12.0,141043,5.0,5122.0,0.0
280000.0,,,,,1,14,14.0,141043,7.0,7233.0,0.0
277000.0,,,,,1,14,13.0,141043,8.0,8332.0,0.0
,0.0,,,,2,14,10.0,141043,,,0.0
,,,,,2,14,,141043,,,0.0
,,,,,2,14,,141043,,,0.0
,,,,,1,14,12.0,141043,6.0,6121.0,0.0
,0.0,,,,2,14,8.0,141043,,,0.0
,0.0,11091.0,,,1,14,10.0,141043,,,0.0
,,11091.0,,,2,14,,141043,,,0.0
612000.0,,,,,1,14,11.0,141043,6.0,6111.0,0.0
315000.0,,,,,1,14,4.0,141043,6.0,6121.0,0.0
,0.0,,,,2,14,4.0,141043,,,0.0
270000.0,,,,,1,14,13.0,141043,9.0,9211.0,0.0
,,,,,2,14,,141043,,,0.0
276000.0,,,,,1,14,11.0,141043,6.0,6121.0,0.0
,0.0,,,,2,14,12.0,141043,,,0.0
270000.0,,,,,1,14,10.0,141043,7.0,7124.0,0.0
300000.0,,,,,2,14,12.0,141043,9.0,9131.0,0.0
,0.0,,,,2,14,16.0,141043,,,0.0
,0.0,11091.0,,,1,14,10.0,141043,,,0.0
,,11091.0,,,2,14,,141043,,,0.0
,0.0,,,104646.0,2,14,13.0,141043,,,104646.0
,,,,,1,14,12.0,141043,7.0,7241.0,0.0
,0.0,,,,2,14,12.0,141043,,,0.0
180000.0,,,,,2,14,8.0,141043,5.0,5123.0,0.0
200000.0,,,,,2,14,12.0,141043,9.0,9131.0,0.0
270000.0,,,,,2,14,12.0,141043,9.0,9131.0,0.0
,,11091.0,,,1,14,,141043,,,0.0
99.0,,,,,1,14,3.0,141043,8.0,8331.0,0.0
,,,,,2,14,12.0,141043,1.0,1314.0,0.0
,,,,,2,14,14.0,141043,5.0,5230.0,0.0
260000.0,,,,,2,14,12.0,141043,8.0,8333.0,0.0
,0.0,,,,1,14,8.0,141043,,,0.0
,,11091.0,,,2,14,,141043,,,0.0
,,11091.0,,,2,14,,141043,,,0.0
,0.0,,,,2,14,12.0,141043,,,0.0
500000.0,,,,,1,14,8.0,141043,7.0,7124.0,0.0
,0.0,,,,2,14,9.0,141043,,,0.0
260000.0,,,,,2,14,12.0,141043,5.0,5131.0,0.0
,0.0,,,,2,14,10.0,141043,,,0.0
130000.0,,,,,2,14,16.0,141043,3.0,3416.0,0.0
380000.0,,,,,2,14,15.0,141043,3.0,3228.0,0.0
,,,,,1,14,,141043,,,0.0
234000.0,,,,,1,14,7.0,141043,8.0,8163.0,0.0
,0.0,,,,1,14,10.0,141043,,,0.0
,,,,,1,14,8.0,141043,7.0,7122.0,0.0
,,,,,2,14,11.0,141043,5.0,5230.0,0.0
,0.0,,,,1,14,12.0,141043,,,0.0
,,11091.0,,,2,14,,141043,,,0.0
,,11091.0,,,1,14,,141043,,,0.0
,,,,,1,14,7.0,141043,9.0,9211.0,0.0
,0.0,,,,2,14,3.0,141043,,,0.0
,0.0,,,,1,14,9.0,141043,,,0.0
,,,,,1,14,12.0,141043,9.0,9211.0,0.0
,,,,,1,14,7.0,141043,1.0,1315.0,0.0
,,,,104646.0,2,14,3.0,141043,1.0,1315.0,104646.0
277000.0,,,,,2,14,12.0,141043,5.0,5123.0,0.0
320000.0,,,,,1,14,10.0,141043,3.0,3142.0,0.0
,,,,,1,14,8.0,141043,9.0,9212.0,0.0
320000.0,,,,,1,14,12.0,141043,8.0,8324.0,0.0
,,,,,2,14,10.0,141043,9.0,9131.0,0.0
400000.0,,,,,1,14,12.0,141043,9.0,9132.0,0.0
330000.0,,,,,1,14,6.0,141043,7.0,7124.0,0.0
,0.0,,,,2,14,8.0,141043,,,0.0
,0.0,11091.0,,,1,14,12.0,141043,,,0.0
,,11091.0,,,2,14,,141043,,,0.0
570000.0,,,,,1,14,8.0,141043,7.0,7214.0,0.0
,0.0,,,,2,14,12.0,141043,,,0.0
430000.0,,,,,1,14,14.0,141043,9.0,9152.0,0.0
,,,,,1,14,,141043,,,0.0
,0.0,,130000.0,,1,14,1.0,141043,,,130000.0
99.0,,,,,2,14,2.0,141043,9.0,9131.0,0.0
260000.0,,,,,1,14,14.0,141043,9.0,9333.0,0.0
,0.0,,80000.0,,1,14,12.0,141043,,,80000.0
,0.0,,,,2,14,10.0,141043,,,0.0
325000.0,,,,,1,14,16.0,141043,4.0,4223.0,0.0
,,,,,1,14,,141043,,,0.0
270000.0,,,,,1,14,9.0,141043,9.0,9162.0,0.0
,0.0,,,,2,14,14.0,141043,,,0.0
,0.0,,,,2,14,12.0,141043,,,0.0
,0.0,,,,2,14,10.0,141043,,,0.0
270000.0,,,,,1,14,9.0,141043,7.0,7124.0,0.0
,,,,,2,14,9.0,141043,5.0,5141.0,0.0
350000.0,,,,,1,14,9.0,141043,6.0,6121.0,0.0
,0.0,,,,1,14,8.0,141043,,,0.0
,0.0,,120000.0,,2,14,1.0,141043,,,120000.0
,,,,,1,14,7.0,141043,1.0,1315.0,0.0
,,,,104646.0,2,14,3.0,141043,1.0,1315.0,104646.0
277000.0,,,,,2,14,12.0,141043,5.0,5123.0,0.0
290000.0,,,,,1,14,12.0,141043,8.0,8331.0,0.0
,0.0,,,,2,14,12.0,141043,,,0.0
,0.0,,,,1,14,16.0,141043,,,0.0
,,,,,1,14,,141043,,,0.0
,,,,,2,14,,141043,,,0.0
,0.0,,,104646.0,1,14,6.0,141043,,,104646.0
,0.0,,,,2,14,4.0,141043,,,0.0
,0.0,,,,1,14,8.0,141043,,,0.0
270000.0,,,,,1,14,8.0,141043,6.0,6121.0,0.0
,0.0,,,,2,14,5.0,141043,,,0.0
200000.0,,,,,2,14,15.0,141043,4.0,4115.0,0.0
,,11091.0,,,1,14,,141043,,,0.0
,0.0,,,,2,14,8.0,141043,,,0.0
,0.0,,,,1,14,11.0,141043,,,0.0
,,11091.0,,,1,14,,141043,,,0.0
,,11091.0,,,2,14,,141043,,,0.0
,,,,,1,14,9.0,141043,8.0,8324.0,0.0
,0.0,,,,2,14,8.0,141043,,,0.0
,,,,,1,14,,141043,,,0.0
276000.0,,,,,1,14,8.0,141043,9.0,9211.0,0.0
30000.0,,,,,2,14,2.0,141043,9.0,9211.0,0.0
,,11091.0,,,1,14,,141043,,,0.0
,,11091.0,,,1,14,,141043,,,0.0
,0.0,,,104646.0,2,14,0.0,141043,,,104646.0
,0.0,,,,1,14,12.0,141043,,,0.0
,0.0,,182000.0,,2,14,8.0,141043,,,182000.0
270000.0,,,,,1,14,6.0,141043,6.0,6113.0,0.0
270000.0,,,,,2,14,8.0,141043,9.0,9131.0,0.0
,99.0,,,,1,14,12.0,141043,,,0.0
,99.0,,,,2,14,12.0,141043,,,0.0
,99.0,,,,2,14,15.0,141043,,,0.0
,99.0,,,,2,14,15.0,141043,,,0.0
,,,,,1,14,,141043,,,0.0
270000.0,,,,,2,14,8.0,141043,5.0,5133.0,0.0
400000.0,,,,,1,14,12.0,141043,6.0,6121.0,0.0
,,,,,1,14,,141043,,,0.0
270000.0,,,,,1,14,9.0,141043,6.0,6151.0,0.0
,0.0,,,,2,14,8.0,141043,,,0.0
,0.0,,,,2,14,13.0,141043,,,0.0
300000.0,,,,,1,14,3.0,141043,6.0,6121.0,0.0
,0.0,,,,2,14,10.0,141043,,,0.0
270000.0,,,,,1,14,10.0,141043,9.0,9211.0,0.0
,,,,,1,14,,141043,,,0.0
240000.0,,,,,1,14,4.0,141043,6.0,6141.0,0.0
,0.0,,,,2,14,1.0,141043,,,0.0
0.0,,,,,1,14,7.0,141043,8.0,8331.0,0.0
,0.0,,,,1,14,10.0,141043,,,0.0
,,,,,2,14,12.0,141043,3.0,3340.0,0.0
,0.0,,,,1,14,12.0,141043,,,0.0
,,,,,1,14,6.0,141043,6.0,6112.0,0.0
294000.0,,,,,2,14,7.0,141043,9.0,9211.0,0.0
,,11091.0,,,2,14,,141043,,,0.0
,,11091.0,,,1,14,,141043,,,0.0
275000.0,,,,,1,14,8.0,141043,6.0,6121.0,0.0
,0.0,,,,2,14,7.0,141043,,,0.0
,0.0,,,,1,14,13.0,141043,,,0.0
,,,,,1,14,11.0,141043,6.0,6121.0,0.0
,0.0,,,,2,14,5.0,141043,,,0.0
,0.0,,,,2,14,12.0,141043,,,0.0
,0.0,11091.0,,,2,14,10.0,141043,,,0.0
,,,,,2,14,,141043,,,0.0
320000.0,,,,,1,14,12.0,141043,8.0,8331.0,0.0
,0.0,,,,2,14,12.0,141043,,,0.0
,0.0,,143000.0,,1,14,6.0,141043,,,143000.0
270000.0,,,,,2,14,8.0,141043,5.0,5122.0,0.0
,0.0,,,,1,14,1.0,141043,,,0.0
,0.0,,127000.0,,1,14,8.0,141043,,,127000.0
,0.0,,,,2,14,7.0,141043,,,0.0
,0.0,,,,2,14,0.0,141043,,,0.0
,0.0,,,,1,14,12.0,141043,,,0.0
200000.0,,,120000.0,,1,14,0.0,141043,6.0,6113.0,120000.0
,0.0,,,,2,14,0.0,141043,,,0.0
,,,,,1,14,8.0,141043,3.0,3416.0,0.0
,0.0,,,,2,14,9.0,141043,,,0.0
350000.0,,,,,2,14,12.0,141043,3.0,3431.0,0.0
,,,,,2,14,,141043,,,0.0
,,,,104646.0,1,14,6.0,141043,1.0,1311.0,104646.0
,0.0,,,104646.0,2,14,3.0,141043,,,104646.0
,0.0,,,,2,14,12.0,141043,,,0.0
,,,,,1,14,4.0,141043,9.0,9211.0,0.0
,,,,,1,14,12.0,141043,1.0,1311.0,0.0
,0.0,,,,2,14,10.0,141043,,,0.0
,0.0,,130000.0,,2,14,8.0,141043,,,130000.0
90000.0,,,,,1,14,4.0,141043,9.0,9211.0,0.0
457000.0,,,,,1,14,17.0,141043,2.0,2331.0,0.0
390000.0,,,,,2,14,17.0,141043,2.0,2331.0,0.0
,0.0,,,,1,14,17.0,141043,,,0.0
,,,,,1,14,3.0,141043,6.0,6121.0,0.0
,0.0,,,,2,14,8.0,141043,,,0.0
400000.0,,,,,1,14,14.0,141043,3.0,3231.0,0.0
,0.0,,,,2,14,14.0,141043,,,0.0
,,11091.0,,,1,14,,141043,,,0.0
,,11091.0,,,1,14,,141043,,,0.0
,,,,,1,14,0.0,141043,1.0,1130.0,0.0
,0.0,,,,2,14,5.0,141043,,,0.0
,0.0,,,,2,14,14.0,141043,,,0.0
350000.0,,,,,1,14,12.0,141043,6.0,6151.0,0.0
,,,,,1,14,4.0,141043,6.0,6141.0,0.0
320000.0,,,,,1,14,9.0,141043,6.0,6151.0,0.0
,0.0,,,,2,14,9.0,141043,,,0.0
,,11091.0,,,2,14,,141043,,,0.0
,,11091.0,,,2,14,,141043,,,0.0
,,11091.0,,,1,14,,141043,,,0.0
,0.0,,,,1,14,4.0,141043,,,0.0
,0.0,,,104646.0,2,14,3.0,141043,,,104646.0
,,,,,1,14,9.0,141043,6.0,6130.0,0.0
,0.0,,,,2,14,8.0,141043,,,0.0
,,11091.0,,,2,14,,141043,,,0.0
,0.0,,,104646.0,2,14,0.0,141043,,,104646.0
273000.0,,,,,2,14,15.0,141052,2.0,2332.0,0.0
,0.0,,,,2,14,14.0,141052,,,0.0
,0.0,,,,1,14,13.0,141052,,,0.0
,,,,,2,14,,141052,,,0.0
,,,,,1,14,9.0,141052,1.0,1314.0,0.0
,,,,,2,14,9.0,141052,1.0,1314.0,0.0
,0.0,,,104646.0,2,14,3.0,141052,,,104646.0
,0.0,,,104646.0,2,14,2.0,141052,,,104646.0
276000.0,,,,,2,14,12.0,141052,5.0,5131.0,0.0
,0.0,,,,2,14,10.0,141052,,,0.0
,,,,,1,14,,141052,,,0.0
,0.0,,,,1,14,11.0,141052,,,0.0
,0.0,,,,2,14,8.0,141052,,,0.0
600000.0,,,,,1,14,17.0,141052,2.0,2331.0,0.0
270000.0,,,,,1,14,12.0,141052,9.0,9161.0,0.0
,0.0,,,,2,14,12.0,141052,,,0.0
270000.0,,,,,1,14,12.0,141052,9.0,9211.0,0.0
,0.0,,,,2,14,10.0,141052,,,0.0
,,,,,1,14,,141052,,,0.0
,,,,,1,14,,141052,,,0.0
,,,,,2,14,,141052,,,0.0
270000.0,,,,,2,14,9.0,141052,9.0,9132.0,0.0
,,,,,1,14,,141052,,,0.0
,,,,,1,14,,141052,,,0.0
300000.0,,,,,1,14,5.0,141052,9.0,9211.0,0.0
,0.0,,,,2,14,5.0,141052,,,0.0
270000.0,,,,,1,14,12.0,141052,9.0,9152.0,0.0
450000.0,,,,,1,14,12.0,141052,5.0,5220.0,0.0
270000.0,,,,,1,14,12.0,141052,9.0,9162.0,0.0
270000.0,,,,,1,14,7.0,141052,7.0,7122.0,0.0
,,,,,1,14,10.0,141052,7.0,7124.0,0.0
,0.0,,118000.0,,2,14,3.0,141052,,,118000.0
130000.0,,,,,2,14,8.0,141052,5.0,5133.0,0.0
,0.0,,,,1,14,3.0,141052,,,0.0
200000.0,,,,,1,14,8.0,141052,6.0,6141.0,0.0
600000.0,,,,,1,14,11.0,141052,7.0,7124.0,0.0
350000.0,,,,,1,14,12.0,141052,6.0,6121.0,0.0
,0.0,,,,2,14,3.0,141052,,,0.0
450000.0,,,,,1,14,3.0,141052,7.0,7122.0,0.0
,0.0,,,104646.0,2,14,6.0,141052,,,104646.0
,0.0,,,,2,14,12.0,141052,,,0.0
,,,,,1,14,,141052,,,0.0
,,,,,2,14,,141052,,,0.0
,0.0,,120000.0,,2,14,12.0,141052,,,120000.0
,0.0,,,,1,14,10.0,141052,,,0.0
,,,,,1,14,12.0,141052,8.0,8141.0,0.0
200000.0,,,,,2,14,7.0,141052,5.0,5220.0,0.0
,0.0,,,,2,14,15.0,141052,,,0.0
,0.0,,,,2,14,4.0,141052,,,0.0
300000.0,,,,,1,14,8.0,141052,9.0,9211.0,0.0
450000.0,,,,,2,14,14.0,141052,3.0,3320.0,0.0
500000.0,,,,,2,14,12.0,141052,4.0,4211.0,0.0
500000.0,,,,104646.0,1,14,12.0,141052,5.0,5220.0,104646.0
,,,,,1,14,,141052,,,0.0
,,,,,2,14,,141052,,,0.0
,,,,,1,14,14.0,141052,8.0,8324.0,0.0
600000.0,,,,,2,14,17.0,141052,2.0,2411.0,0.0
,0.0,,,,1,14,16.0,141052,,,0.0
,0.0,,,,2,14,14.0,141052,,,0.0
,0.0,,210000.0,,2,14,12.0,141052,,,210000.0
,0.0,,,,2,14,12.0,141052,,,0.0
112000.0,,,,,2,14,10.0,141052,9.0,9132.0,0.0
270000.0,,,,,1,14,12.0,141052,9.0,9312.0,0.0
,,,,,2,14,,141052,,,0.0
,0.0,,,104646.0,2,14,1.0,141052,,,104646.0
500000.0,,,,,2,14,12.0,141052,5.0,5131.0,0.0
,0.0,,,,1,14,17.0,141052,,,0.0
,0.0,,,,2,14,17.0,141052,,,0.0
,0.0,,,,1,14,10.0,141052,,,0.0
600000.0,,,,,1,14,12.0,141052,8.0,8163.0,0.0
,0.0,,,,2,14,8.0,141052,,,0.0
,,,,,1,14,15.0,141052,7.0,7423.0,0.0
,,,,,1,14,,141052,,,0.0
,0.0,,,,2,14,0.0,141052,,,0.0
200000.0,,,,,1,14,2.0,141052,9.0,9211.0,0.0
,0.0,,,,1,14,0.0,141052,,,0.0
,0.0,,,,2,14,0.0,141052,,,0.0
,0.0,,,,2,14,0.0,141052,,,0.0
120000.0,,,,,2,14,8.0,141052,7.0,7422.0,0.0
280000.0,,,,,1,14,8.0,141052,9.0,9333.0,0.0
,,,,,1,14,13.0,141052,3.0,3433.0,0.0
,,,,,2,14,12.0,141052,7.0,7433.0,0.0
350000.0,,,,,1,14,13.0,141052,9.0,9211.0,0.0
900000.0,,,,,1,14,17.0,141052,2.0,2419.0,0.0
,0.0,,,,2,14,16.0,141052,,,0.0
,0.0,,,,1,14,11.0,141052,,,0.0
,0.0,,,,1,14,13.0,141052,,,0.0
,,,,,1,14,,141052,,,0.0
,,,,,1,14,8.0,141052,9.0,9212.0,0.0
,0.0,,650000.0,,1,14,12.0,141052,,,650000.0
,,,,,2,14,12.0,141052,5.0,5122.0,0.0
200000.0,,,,,1,14,12.0,141052,7.0,7214.0,0.0
,0.0,,,,1,14,16.0,141052,,,0.0
,,,,,1,14,15.0,141052,5.0,5122.0,0.0
360000.0,,,,,1,14,6.0,141052,9.0,9312.0,0.0
,0.0,,,,2,14,5.0,141052,,,0.0
,,,,,1,14,13.0,141052,1.0,1314.0,0.0
,0.0,,,,2,14,12.0,141052,,,0.0
,0.0,,,,1,14,14.0,141052,,,0.0
300000.0,,,,,2,14,17.0,141052,2.0,2331.0,0.0
,0.0,,,,1,14,16.0,141052,,,0.0
,0.0,,,104646.0,2,14,6.0,141052,,,104646.0
400000.0,,,,,1,14,12.0,141052,1.0,1314.0,0.0
180000.0,,,,,2,14,12.0,141052,7.0,7433.0,0.0
500000.0,,,,,2,14,17.0,141052,2.0,2320.0,0.0
475000.0,,,,,1,14,12.0,141052,8.0,8324.0,0.0
,0.0,,,,2,14,12.0,141052,,,0.0
,,,,,2,14,,141052,,,0.0
,,,,,2,14,,141052,,,0.0
,,,,,1,14,,141052,,,0.0
,,,,,2,14,,141052,,,0.0
1200000.0,,,,,1,14,17.0,141052,2.0,2331.0,0.0
,0.0,,,,2,14,12.0,141052,,,0.0
600000.0,,,,,2,14,17.0,141052,2.0,2332.0,0.0
,,,,,1,14,,141052,,,0.0
,,,,,1,14,13.0,141052,1.0,1315.0,0.0
,,,,,2,14,12.0,141052,5.0,5122.0,0.0
,,,,,1,14,12.0,141052,8.0,8324.0,0.0
,,,,,2,14,12.0,141052,1.0,1314.0,0.0
,0.0,,,,2,14,18.0,141052,,,0.0
,0.0,,,104646.0,1,14,10.0,141052,,,104646.0
,0.0,,,,1,14,8.0,141052,,,0.0
266000.0,,,,,2,14,8.0,141052,5.0,5220.0,0.0
,,,,,2,14,,141052,,,0.0
,,,,,1,14,,141052,,,0.0
,0.0,,,,1,14,12.0,141052,,,0.0
400000.0,,,,,2,14,12.0,141052,6.0,6111.0,0.0
600000.0,,,,,1,14,12.0,141052,8.0,8324.0,0.0
400000.0,,,,,1,14,12.0,141052,5.0,5162.0,0.0
,0.0,,,,2,14,15.0,141052,,,0.0
,,,,,2,14,,141052,,,0.0
,,,,,1,14,21.0,141052,7.0,7233.0,0.0
390000.0,,,,,1,14,12.0,141052,8.0,8331.0,0.0
120000.0,,,,,2,14,12.0,141052,5.0,5220.0,0.0
,0.0,,,,2,14,17.0,141052,,,0.0
,,,,,2,14,,141052,,,0.0
,0.0,,,,2,14,13.0,141052,,,0.0
,0.0,,,,2,14,8.0,141052,,,0.0
,,,,,2,14,12.0,141052,7.0,7436.0,0.0
450000.0,,,,,2,14,12.0,141052,3.0,3460.0,0.0
200000.0,,,,,1,14,15.0,141052,4.0,4115.0,0.0
370000.0,,,,,1,14,12.0,141053,6.0,6112.0,0.0
265000.0,,,,,1,14,2.0,141053,8.0,8331.0,0.0
,0.0,,,,2,14,11.0,141053,,,0.0
,,11091.0,,,1,14,,141053,,,0.0
,,11091.0,,,1,14,,141053,,,0.0
,,11091.0,,,1,14,,141053,,,0.0
,0.0,,140000.0,,1,14,0.0,141053,,,140000.0
,0.0,,,104646.0,2,14,12.0,141053,,,104646.0
,0.0,,,,2,14,7.0,141053,,,0.0
,0.0,,,104646.0,2,14,4.0,141053,,,104646.0
240000.0,,,,,1,14,12.0,141053,9.0,9211.0,0.0
240000.0,,,,,1,14,4.0,141053,9.0,9211.0,0.0
2100000.0,,,,,1,14,17.0,141053,2.0,2419.0,0.0
,,,160000.0,,2,14,17.0,141053,1.0,1313.0,160000.0
,,,,,1,14,6.0,141053,6.0,6121.0,0.0
,0.0,,,104646.0,2,14,0.0,141053,,,104646.0
,0.0,,,,1,14,10.0,141053,,,0.0
750000.0,,,,,1,14,12.0,141053,7.0,7233.0,0.0
320000.0,,,,,2,14,12.0,141053,5.0,5122.0,0.0
,,,,,2,14,,141053,,,0.0
,,,,,2,14,,141053,,,0.0
400000.0,,,,,1,14,6.0,141053,6.0,6111.0,0.0
,0.0,,,,2,14,6.0,141053,,,0.0
300000.0,,,,,1,14,6.0,141053,6.0,6121.0,0.0
,0.0,,,,2,14,12.0,141053,,,0.0
,,11091.0,,,2,14,,141053,,,0.0
,,11091.0,,,2,14,,141053,,,0.0
400000.0,,,,,1,14,8.0,141053,6.0,6111.0,0.0
,0.0,,,,2,14,7.0,141053,,,0.0
150000.0,,,,,2,14,6.0,141053,9.0,9211.0,0.0
0.0,,,,,1,14,3.0,141053,9.0,9211.0,0.0
,,11091.0,,,1,14,,141053,,,0.0
,,,,,2,14,,141053,,,0.0
,,,,,2,14,,141053,,,0.0
260000.0,,,,,1,14,8.0,141053,8.0,8331.0,0.0
,0.0,,,,2,14,7.0,141053,,,0.0
,0.0,,,,2,14,12.0,141053,,,0.0
,,11091.0,,,1,14,,141053,,,0.0
,,11091.0,,,1,14,,141053,,,0.0
,0.0,,200000.0,,2,14,3.0,141053,,,200000.0
,0.0,,,104646.0,2,14,3.0,141053,,,104646.0
900000.0,,,,,1,14,15.0,141053,2.0,2419.0,0.0
,0.0,,,,2,14,16.0,141053,,,0.0
,,,,,1,14,,141053,,,0.0
270000.0,,,,,1,14,2.0,141053,6.0,6121.0,0.0
,0.0,,,,2,14,6.0,141053,,,0.0
,,,,,1,14,,141053,,,0.0
,0.0,,,,2,14,0.0,141053,,,0.0
,,,,,1,14,2.0,141053,9.0,9211.0,0.0
370000.0,,,,,1,14,11.0,141053,7.0,7413.0,0.0
740000.0,,,,,1,14,17.0,141053,2.0,2320.0,0.0
130000.0,,,,,2,14,13.0,141053,5.0,5220.0,0.0
,,,,,2,14,,141053,,,0.0
800000.0,,,,,1,14,17.0,141053,2.0,2320.0,0.0
,0.0,,,,2,14,15.0,141053,,,0.0
,,,,,2,14,,141053,,,0.0
,0.0,,,104646.0,1,14,0.0,141053,,,104646.0
,0.0,,,104646.0,2,14,0.0,141053,,,104646.0
,0.0,,127000.0,,2,14,6.0,141053,,,127000.0
270000.0,,,,,1,14,3.0,141053,9.0,9152.0,0.0
,0.0,,,104646.0,2,14,3.0,141053,,,104646.0
,,,,,1,14,6.0,141053,6.0,6121.0,0.0
270000.0,,,,,1,14,6.0,141053,6.0,6121.0,0.0
,0.0,,,,2,14,6.0,141053,,,0.0
,0.0,11091.0,,,2,14,11.0,141053,,,0.0
,0.0,11091.0,,,1,14,10.0,141053,,,0.0
,0.0,,,,2,14,0.0,141053,,,0.0
,,,,,1,14,6.0,141053,6.0,6111.0,0.0
,,,,,1,14,8.0,141053,6.0,6141.0,0.0
,0.0,,,,2,14,7.0,141053,,,0.0
,,11091.0,,,2,14,,141053,,,0.0
,,11091.0,,,2,14,,141053,,,0.0
,0.0,,,,2,14,1.0,141053,,,0.0
,0.0,,,104646.0,2,14,5.0,141053,,,104646.0
,,,,,1,14,8.0,141053,6.0,6111.0,0.0
110000.0,,,,,2,14,6.0,141053,9.0,9132.0,0.0
,0.0,11091.0,,,2,14,12.0,141053,,,0.0
,0.0,11091.0,,,1,14,10.0,141053,,,0.0
,,11091.0,,,1,14,,141053,,,0.0
,0.0,,,,2,14,8.0,141053,,,0.0
,,,,,1,14,3.0,141053,6.0,6121.0,0.0
,,,,,1,14,3.0,141053,9.0,9212.0,0.0
,0.0,,,,2,14,6.0,141053,,,0.0
,0.0,,,,1,14,6.0,141053,,,0.0
,0.0,,,104646.0,2,14,6.0,141053,,,104646.0
,80000.0,,,,1,14,8.0,141053,,,0.0
,0.0,,,,2,14,11.0,141053,,,0.0
,0.0,11091.0,,,1,14,8.0,141053,,,0.0
,,11091.0,,,2,14,,141053,,,0.0
,,,,,1,14,6.0,141053,6.0,6121.0,0.0
,0.0,,,,2,14,12.0,141053,,,0.0
,0.0,11091.0,,,2,14,9.0,141053,,,0.0
,,11091.0,,,1,14,,141053,,,0.0
,,11091.0,,,2,14,,141053,,,0.0
,,11091.0,,,1,14,,141053,,,0.0
,,,157107.0,,1,14,8.0,141053,6.0,6121.0,157107.0
,0.0,,109000.0,,2,14,10.0,141053,,,109000.0
,20000.0,,,104646.0,1,14,6.0,141053,,,104646.0
,0.0,,,,1,14,2.0,141053,,,0.0
,0.0,,,104646.0,2,14,5.0,141053,,,104646.0
,100000.0,,,104646.0,1,14,3.0,141053,,,104646.0
,0.0,,,104646.0,2,14,3.0,141053,,,104646.0
450000.0,,,,,1,14,12.0,141053,8.0,8323.0,0.0
,0.0,,196616.0,,1,14,0.0,141053,,,196616.0
,0.0,,,104646.0,2,14,2.0,141053,,,104646.0
,0.0,,,,2,14,3.0,141053,,,0.0
,,,,,1,14,12.0,141053,6.0,6121.0,0.0
,0.0,,,104646.0,2,14,1.0,141053,,,104646.0
,0.0,,,104646.0,1,14,6.0,141061,,,104646.0
,0.0,,,104646.0,2,14,9.0,141061,,,104646.0
,0.0,,,104646.0,1,14,10.0,141061,,,104646.0
,0.0,,,104646.0,2,14,6.0,141061,,,104646.0
0.0,,,,,1,14,10.0,141061,8.0,8322.0,0.0
0.0,,,,,2,14,12.0,141061,5.0,5220.0,0.0
,,,99.0,,1,14,4.0,141061,5.0,5220.0,99.0
,0.0,,,,2,14,9.0,141061,,,0.0
800000.0,,,,,2,14,17.0,141061,2.0,2230.0,0.0
,,,,,1,14,8.0,141061,7.0,7422.0,0.0
,0.0,,,,2,14,12.0,141061,,,0.0
0.0,,,,,2,14,12.0,141061,7.0,7412.0,0.0
,,,,,2,14,,141061,,,0.0
,,,,,2,14,,141061,,,0.0
,,,,,2,14,12.0,141061,1.0,1316.0,0.0
,0.0,,,,1,14,11.0,141061,,,0.0
,,,140000.0,,1,14,12.0,141061,8.0,8324.0,140000.0
,0.0,,,,2,14,9.0,141061,,,0.0
530000.0,,,,,1,14,13.0,141061,8.0,8332.0,0.0
,0.0,,,,2,14,11.0,141061,,,0.0
,,,,,1,14,12.0,141061,1.0,1314.0,0.0
,0.0,,,,1,14,10.0,141061,,,0.0
,,,,,1,14,,141061,,,0.0
,0.0,,99.0,,1,14,17.0,141061,,,99.0
,0.0,,,104646.0,2,14,6.0,141061,,,104646.0
,,,,,2,14,,141061,,,0.0
,0.0,,,,1,14,8.0,141061,,,0.0
,0.0,,,,2,14,13.0,141061,,,0.0
,,,,,2,14,,141061,,,0.0
,0.0,,134000.0,,1,14,2.0,141061,,,134000.0
400000.0,,,,,1,14,8.0,141061,6.0,6141.0,0.0
,0.0,,,,2,14,12.0,141061,,,0.0
,0.0,,,,1,14,12.0,141061,,,0.0
480000.0,,,,,2,14,14.0,141061,2.0,2419.0,0.0
,0.0,,,104646.0,2,14,2.0,141061,,,104646.0
,,,,,2,14,4.0,141061,9.0,9131.0,0.0
,0.0,,,,2,14,12.0,141061,,,0.0
900000.0,,,,,2,14,17.0,141061,2.0,2331.0,0.0
600000.0,,,,,2,14,17.0,141061,2.0,2332.0,0.0
,0.0,,,104646.0,1,14,3.0,141061,,,104646.0
,0.0,,,,2,14,11.0,141061,,,0.0
300000.0,,,,,2,14,15.0,141061,3.0,3320.0,0.0
310000.0,,,,,2,14,10.0,141061,4.0,4211.0,0.0
400000.0,,,,,1,14,11.0,141061,9.0,9333.0,0.0
,,,,,1,14,,141061,,,0.0
,,,,,1,14,,141061,,,0.0
450000.0,,,,,1,14,5.0,141061,8.0,8331.0,0.0
,0.0,,,,2,14,3.0,141061,,,0.0
,,,,,2,14,,141061,,,0.0
,,,,,2,14,,141061,,,0.0
150000.0,,,,,2,14,8.0,141061,9.0,9131.0,0.0
,0.0,,,,1,14,13.0,141061,,,0.0
,0.0,,,,1,14,15.0,141061,,,0.0
1000000.0,,,,,1,14,16.0,141061,6.0,6151.0,0.0
510000.0,,,,,2,14,18.0,141061,2.0,2340.0,0.0
,,,,,2,14,,141061,,,0.0
,,,,,2,14,,141061,,,0.0
,0.0,,,,2,14,10.0,141061,,,0.0
,250000.0,,,,1,14,12.0,141061,,,0.0
256000.0,,,,,1,14,15.0,141061,9.0,9322.0,0.0
,0.0,,,,2,14,0.0,141061,,,0.0
400000.0,,,,,2,14,12.0,141061,5.0,5132.0,0.0
400000.0,,,,,1,14,11.0,141061,3.0,3211.0,0.0
,0.0,,,,1,14,1.0,141061,,,0.0
,,,,,2,14,,141061,,,0.0
,,,,,2,14,,141061,,,0.0
,0.0,,,,1,14,3.0,141061,,,0.0
,0.0,,,,2,14,8.0,141061,,,0.0
,,,,,1,14,10.0,141061,1.0,1314.0,0.0
,0.0,,,,1,14,15.0,141061,,,0.0
720000.0,,,,,1,14,17.0,141061,2.0,2331.0,0.0
,,,,,1,14,,141061,,,0.0
,0.0,,150000.0,,1,14,6.0,141061,,,150000.0
,0.0,,,104646.0,2,14,6.0,141061,,,104646.0
,0.0,,,,1,14,12.0,141061,,,0.0
,,,,,1,14,12.0,141061,8.0,8322.0,0.0
,0.0,,,,2,14,12.0,141061,,,0.0
,,,,,2,14,,141061,,,0.0
,0.0,,,,1,14,6.0,141061,,,0.0
,0.0,,,104646.0,2,14,3.0,141061,,,104646.0
256000.0,,,,,2,14,12.0,141061,5.0,5220.0,0.0
,0.0,,,,2,14,8.0,141061,,,0.0
900000.0,,,,,1,14,13.0,141061,8.0,8331.0,0.0
,0.0,,,,2,14,12.0,141061,,,0.0
,,,,,2,14,,141061,,,0.0
,,,,,2,14,,141061,,,0.0
450000.0,,,,,1,14,12.0,141061,7.0,7423.0,0.0
274000.0,,,,,2,14,12.0,141061,5.0,5122.0,0.0
274000.0,,,,,1,14,17.0,141061,3.0,3213.0,0.0
133000.0,,,,,2,14,8.0,141061,9.0,9131.0,0.0
0.0,,,,,1,14,15.0,141061,5.0,5220.0,0.0
70000.0,,,,,2,14,13.0,141061,4.0,4211.0,0.0
,0.0,,,,2,14,9.0,141061,,,0.0
,0.0,,,,1,14,10.0,141061,,,0.0
270000.0,,,160000.0,,1,14,12.0,141061,9.0,9211.0,160000.0
,0.0,,,,2,14,11.0,141061,,,0.0
150000.0,,,,,1,14,0.0,141061,9.0,9151.0,0.0
,0.0,,,,1,14,0.0,141061,,,0.0
,0.0,,,,1,14,15.0,141061,,,0.0
250000.0,,,,,1,14,12.0,141061,7.0,7214.0,0.0
,0.0,,,,1,14,10.0,141061,,,0.0
,0.0,,,104646.0,2,14,10.0,141061,,,104646.0
500000.0,,,,,1,14,8.0,141061,8.0,8322.0,0.0
,0.0,,,,2,14,6.0,141061,,,0.0
0.0,,,,,2,14,4.0,141061,9.0,9211.0,0.0
0.0,,,,,1,14,11.0,141061,9.0,9211.0,0.0
,0.0,,,,1,14,4.0,141061,,,0.0
,0.0,,,,2,14,4.0,141061,,,0.0
256000.0,,,,,1,14,9.0,141061,9.0,9313.0,0.0
,0.0,,,,2,14,12.0,141061,,,0.0
350000.0,,,,,1,14,17.0,141061,2.0,2331.0,0.0
,0.0,,,,2,14,12.0,141061,,,0.0
,0.0,,,,2,14,15.0,141061,,,0.0
600000.0,,,,,1,14,8.0,141061,2.0,2419.0,0.0
140000.0,,,,,2,14,12.0,141061,5.0,5131.0,0.0
300000.0,,,,,2,14,15.0,141061,2.0,2332.0,0.0
66000.0,,,,,1,14,13.0,141061,9.0,9211.0,0.0
256000.0,,,,,2,14,8.0,141061,9.0,9211.0,0.0
,0.0,,,,1,14,12.0,141061,,,0.0
,0.0,,,,1,14,10.0,141061,,,0.0
,60000.0,,,,1,14,12.0,141061,,,0.0
,0.0,,170000.0,,2,14,0.0,141061,,,170000.0
256000.0,,,170000.0,,1,14,0.0,141061,9.0,9152.0,170000.0
,80000.0,,,,2,14,10.0,141061,,,0.0
,,,,,2,14,,141061,,,0.0
,,,,,2,14,,141061,,,0.0
230000.0,,,,,1,14,8.0,141061,9.0,9211.0,0.0
,0.0,,,104646.0,1,14,0.0,141061,,,104646.0
,0.0,,,104646.0,2,14,0.0,141061,,,104646.0
,,,,,2,14,12.0,141061,7.0,7412.0,0.0
,0.0,,,,2,14,12.0,141061,,,0.0
,,,,,2,14,,141061,,,0.0
,,,,,1,14,,141061,,,0.0
,,,,,1,14,,141061,,,0.0
300000.0,,,,,1,14,12.0,141061,9.0,9152.0,0.0
,0.0,,,,2,14,12.0,141061,,,0.0
,,,,,2,14,,141061,,,0.0
,,,,,1,14,,141061,,,0.0
256000.0,,,,,1,14,6.0,141061,9.0,9211.0,0.0
256000.0,,,,,2,14,6.0,141061,9.0,9211.0,0.0
,0.0,,,,2,14,12.0,141061,,,0.0
,,,,,2,14,,141061,,,0.0
350000.0,,,,,2,14,12.0,141061,4.0,4115.0,0.0
600000.0,,,,,1,14,12.0,141061,8.0,8334.0,0.0
,,,,,2,14,,141061,,,0.0
,,,,,1,14,,141061,,,0.0
257000.0,,,,,2,14,12.0,141061,7.0,7124.0,0.0
,,,,,1,14,6.0,141061,4.0,4211.0,0.0
,0.0,,,,2,14,15.0,141061,,,0.0
,0.0,,,,2,14,14.0,141061,,,0.0
,0.0,,,,1,14,11.0,141061,,,0.0
,,,,,1,14,,141061,,,0.0
99.0,,,,,1,14,12.0,141061,8.0,8323.0,0.0
256000.0,,,,,2,14,12.0,141061,5.0,5123.0,0.0
,0.0,,,,2,14,10.0,141061,,,0.0
,,,,,2,14,,141061,,,0.0
,,,,,1,14,,141061,,,0.0
256000.0,,,,,1,14,8.0,141061,9.0,9211.0,0.0
,0.0,,,,2,14,0.0,141061,,,0.0
0.0,,,,,1,14,8.0,141061,7.0,7124.0,0.0
400000.0,,,,,2,14,6.0,141061,9.0,9211.0,0.0
,,,,,2,14,,141061,,,0.0
600000.0,,,,,1,14,12.0,141061,6.0,6152.0,0.0
300000.0,,,,,2,14,12.0,141061,5.0,5122.0,0.0
,,,,,2,14,,141061,,,0.0
,,,,,1,14,,141061,,,0.0
,,,,,2,14,,141061,,,0.0
30000.0,,,,,1,14,8.0,141061,7.0,7212.0,0.0
,0.0,,,104646.0,2,14,1.0,141061,,,104646.0
176000.0,,,,,2,14,8.0,141061,9.0,9132.0,0.0
,0.0,,,,2,14,12.0,141061,,,0.0
,,,,,1,14,,141061,,,0.0
,0.0,,,,1,14,1.0,141061,,,0.0
,0.0,,,,2,14,1.0,141061,,,0.0
280000.0,,,,,2,14,14.0,141061,2.0,2351.0,0.0
270000.0,,,,,1,14,12.0,141061,9.0,9132.0,0.0
,0.0,,,,1,14,14.0,141061,,,0.0
,0.0,,,,2,14,11.0,141061,,,0.0
,,,,,2,14,,141061,,,0.0
,,,,104646.0,1,14,2.0,141061,9.0,9112.0,104646.0
,,,,104646.0,2,14,4.0,141061,9.0,9112.0,104646.0
,0.0,,,,2,14,1.0,141061,,,0.0
,0.0,,,,2,14,8.0,141061,,,0.0
,0.0,,,,1,14,12.0,141061,,,0.0
,0.0,,198000.0,,1,14,4.0,141061,,,198000.0
,0.0,,,104646.0,2,14,3.0,141061,,,104646.0
,15000.0,,,,1,14,12.0,141061,,,0.0
,0.0,,,,2,14,15.0,141061,,,0.0
,,,,,1,14,,141061,,,0.0
,,,,,1,14,,141061,,,0.0
,0.0,,170000.0,,1,14,2.0,141061,,,170000.0
,0.0,,,104646.0,2,14,2.0,141061,,,104646.0
300000.0,,,,,1,14,11.0,141061,6.0,6141.0,0.0
250000.0,,,,,2,14,12.0,141061,5.0,5123.0,0.0
,,,,,2,14,,141061,,,0.0
400000.0,,,,,1,14,12.0,141061,5.0,5161.0,0.0
300000.0,,,,,2,14,8.0,141061,5.0,5220.0,0.0
,,,,,2,14,,141061,,,0.0
275000.0,,,,,2,14,12.0,141061,9.0,9211.0,0.0
275000.0,,,,,2,14,12.0,141061,9.0,9211.0,0.0
99.0,,,,,2,14,12.0,141061,5.0,5131.0,0.0
,,,,,2,14,,141061,,,0.0
,0.0,,,,2,14,8.0,141061,,,0.0
250000.0,,,,,1,14,7.0,141061,6.0,6141.0,0.0
250000.0,,,,,2,14,9.0,141061,9.0,9211.0,0.0
,0.0,,,,2,14,12.0,141061,,,0.0
300000.0,,,,,2,14,0.0,141061,9.0,9211.0,0.0
250000.0,,,,,1,14,12.0,141061,9.0,9211.0,0.0
,0.0,,100000.0,,1,14,7.0,141061,,,100000.0
,0.0,,,,2,14,5.0,141061,,,0.0
200000.0,,,,,1,14,10.0,141061,7.0,7212.0,0.0
,0.0,,,104646.0,2,14,6.0,141061,,,104646.0
,,,,,1,14,12.0,141061,9.0,9313.0,0.0
,0.0,,,,1,14,8.0,141061,,,0.0
,,,,,1,14,,141061,,,0.0
300000.0,,,,,1,14,6.0,141061,6.0,6141.0,0.0
,0.0,,,,2,14,7.0,141061,,,0.0
250000.0,,,,,2,14,12.0,141061,5.0,5131.0,0.0
,0.0,,,,2,14,12.0,141061,,,0.0
290000.0,,,,,1,14,12.0,141061,6.0,6141.0,0.0
,0.0,,,,2,14,12.0,141061,,,0.0
,0.0,,,,1,14,11.0,141061,,,0.0
270000.0,,,,,1,14,8.0,141061,9.0,9313.0,0.0
,0.0,,,,2,14,10.0,141061,,,0.0
,0.0,,,,1,14,4.0,141061,,,0.0
275000.0,,,,,2,14,4.0,141061,5.0,5122.0,0.0
,0.0,,,104646.0,1,14,3.0,141061,,,104646.0
250000.0,,,,,1,14,12.0,141061,5.0,5122.0,0.0
,0.0,,,,2,14,7.0,141061,,,0.0
,,,,,2,14,,141061,,,0.0
,,,,,1,14,,141061,,,0.0
,0.0,,,,2,14,6.0,141061,,,0.0
,,,,,1,14,4.0,141061,9.0,9313.0,0.0
,0.0,,,104646.0,2,14,4.0,141061,,,104646.0
,0.0,,,,2,14,6.0,141061,,,0.0
,0.0,,,104646.0,1,14,0.0,141061,,,104646.0
,0.0,,,104646.0,2,14,2.0,141061,,,104646.0
,0.0,,,104646.0,2,14,0.0,141061,,,104646.0
,,,,,1,14,4.0,141061,9.0,9313.0,0.0
,0.0,,,,1,14,0.0,141061,,,0.0
,0.0,,,,2,14,10.0,141061,,,0.0
,342000.0,,,,1,14,8.0,141061,,,0.0
,0.0,,,,2,14,6.0,141061,,,0.0
,0.0,,,,2,14,11.0,141061,,,0.0
,0.0,,,,2,14,10.0,141061,,,0.0
,0.0,,,,2,14,3.0,141061,,,0.0
200000.0,,,,,2,14,12.0,141061,9.0,9211.0,0.0
,,,,,2,14,,141061,,,0.0
,,,,,2,14,14.0,141061,3.0,3416.0,0.0
900000.0,,,,,2,14,17.0,141061,2.0,2331.0,0.0
530000.0,,,,,2,14,17.0,141061,2.0,2320.0,0.0
,320000.0,,,,1,14,12.0,141061,,,0.0
,,,,,1,14,,141061,,,0.0
350000.0,,,80000.0,,1,14,12.0,141061,8.0,8322.0,80000.0
,0.0,,,,2,14,12.0,141061,,,0.0
,0.0,,145000.0,,1,14,8.0,141061,,,145000.0
270000.0,,,,104646.0,2,14,8.0,141061,9.0,9131.0,104646.0
350000.0,,,,,1,14,12.0,141061,8.0,8331.0,0.0
,0.0,,,,2,14,12.0,141061,,,0.0
,,,,,1,14,,141061,,,0.0
,,,,,2,14,,141061,,,0.0
,,,,,2,14,,141061,,,0.0
550000.0,,,,,1,14,6.0,141061,7.0,7129.0,0.0
900000.0,,,,,2,14,16.0,141061,2.0,2331.0,0.0
,0.0,,,,1,14,14.0,141061,,,0.0
,,,,,1,14,12.0,141061,8.0,8322.0,0.0
,0.0,,,,2,14,10.0,141061,,,0.0
,,,,,1,14,,141061,,,0.0
,0.0,,110000.0,,1,14,8.0,141061,,,110000.0
,0.0,,,,2,14,5.0,141061,,,0.0
270000.0,,,,,1,14,12.0,141061,3.0,3472.0,0.0
1000000.0,,,,,1,14,17.0,141061,2.0,2419.0,0.0
2000000.0,,,,,2,14,17.0,141061,1.0,1229.0,0.0
,,,,,2,14,,141061,,,0.0
,,,,,1,14,,141061,,,0.0
,,,,,1,14,,141061,,,0.0
,,,,,2,14,9.0,141061,5.0,5141.0,0.0
400000.0,,,,,1,14,13.0,141061,5.0,5161.0,0.0
270000.0,,,,,2,14,12.0,141061,3.0,3226.0,0.0
,0.0,,,,2,14,12.0,141061,,,0.0
,0.0,,,,2,14,15.0,141061,,,0.0
,,,,,1,14,,141061,,,0.0
,0.0,,300000.0,,1,14,16.0,141061,,,300000.0
450000.0,,,,,2,14,14.0,141061,3.0,3431.0,0.0
350000.0,,,,,1,14,15.0,141061,8.0,8332.0,0.0
950000.0,,,,,1,14,15.0,141061,7.0,7233.0,0.0
1000000.0,,,,,2,14,17.0,141061,2.0,2332.0,0.0
99.0,,,,,1,14,13.0,141061,4.0,4131.0,0.0
,0.0,,,,1,14,0.0,141061,,,0.0
300000.0,,,,,1,14,12.0,141061,8.0,8324.0,0.0
,0.0,,,,2,14,12.0,141061,,,0.0
,,,,,2,14,,141061,,,0.0
,,,,,2,14,,141061,,,0.0
,0.0,,,,2,14,12.0,141061,,,0.0
1000000.0,,,,,1,14,12.0,141061,8.0,8324.0,0.0
,0.0,,,,2,14,12.0,141061,,,0.0
,,,,,2,14,,141061,,,0.0
,,,,,2,14,,141061,,,0.0
90000.0,,,,,2,14,6.0,141061,9.0,9131.0,0.0
360000.0,,,,,1,14,12.0,141061,7.0,7421.0,0.0
200000.0,,,,,1,14,6.0,141061,7.0,7421.0,0.0
,0.0,,,,2,14,6.0,141061,,,0.0
,,,,,1,14,,141061,,,0.0
270000.0,,,,,2,14,8.0,141061,9.0,9211.0,0.0
160000.0,,,,,2,14,10.0,141061,9.0,9132.0,0.0
,,,,,2,14,,141061,,,0.0
285000.0,,,,,1,14,8.0,141061,7.0,7136.0,0.0
99.0,,,,,2,14,12.0,141061,5.0,5122.0,0.0
99.0,,,,,2,14,12.0,141061,5.0,5141.0,0.0
0.0,,,,,1,14,12.0,141061,5.0,5141.0,0.0
550000.0,,,,,1,14,12.0,141061,8.0,8332.0,0.0
,0.0,,,,2,14,12.0,141061,,,0.0
,0.0,,,,2,14,9.0,141061,,,0.0
,,,,,1,14,,141061,,,0.0
,,,,,2,14,,141061,,,0.0
260000.0,,,,,2,14,12.0,141061,9.0,9211.0,0.0
300000.0,,,,,1,14,10.0,141061,9.0,9313.0,0.0
,0.0,,,,1,14,12.0,141061,,,0.0
,0.0,,,,2,14,12.0,141061,,,0.0
,,,,,1,14,,141061,,,0.0
,,,,,2,14,,141061,,,0.0
420000.0,,,,,1,14,10.0,141061,8.0,8324.0,0.0
80000.0,,,,,2,14,6.0,141061,9.0,9132.0,0.0
0.0,,,,,2,14,13.0,141061,5.0,5122.0,0.0
,0.0,,,104646.0,2,14,2.0,141063,,,104646.0
,,,,,1,14,10.0,141063,6.0,6152.0,0.0
,0.0,,,,2,14,10.0,141063,,,0.0
,0.0,11091.0,,,1,14,9.0,141063,,,0.0
,,11091.0,,,2,14,,141063,,,0.0
,,,,104646.0,1,14,6.0,141063,6.0,6152.0,104646.0
,0.0,,,,2,14,10.0,141063,,,0.0
,0.0,,,,1,14,16.0,141063,,,0.0
,0.0,,,,1,14,15.0,141063,,,0.0
256000.0,,,,,1,14,10.0,141063,9.0,9312.0,0.0
,0.0,,,,2,14,12.0,141063,,,0.0
,,,,,1,14,,141063,,,0.0
,0.0,,,,1,14,12.0,141063,,,0.0
,0.0,,,,2,14,12.0,141063,,,0.0
,,,,,2,14,,141063,,,0.0
,0.0,,,104646.0,1,14,6.0,141063,,,104646.0
,0.0,,,104646.0,2,14,0.0,141063,,,104646.0
,0.0,,,104646.0,2,14,6.0,141063,,,104646.0
,0.0,,,,1,14,1.0,141063,,,0.0
,0.0,,,,2,14,12.0,141063,,,0.0
,0.0,,,104646.0,2,14,2.0,141063,,,104646.0
,0.0,,,,2,14,1.0,141063,,,0.0
,,,,,1,14,5.0,141063,6.0,6152.0,0.0
,,,,,2,14,8.0,141063,6.0,6152.0,0.0
,0.0,,,,2,14,10.0,141063,,,0.0
120000.0,,,,,2,14,12.0,141063,5.0,5131.0,0.0
,,,,,1,14,,141063,,,0.0
400000.0,,,,,1,14,12.0,141063,6.0,6152.0,0.0
0.0,,,,,2,14,12.0,141063,9.0,9211.0,0.0
,,11091.0,,,2,14,,141063,,,0.0
,0.0,,,,2,14,11.0,141063,,,0.0
,,,,,1,14,8.0,141063,6.0,6152.0,0.0
,0.0,,,,2,14,8.0,141063,,,0.0
,0.0,,,,1,14,9.0,141063,,,0.0
,,,,,2,14,,141063,,,0.0
,,,,,1,14,,141063,,,0.0
,,,,,1,14,8.0,141063,6.0,6152.0,0.0
,0.0,,,,2,14,6.0,141063,,,0.0
,,,,,1,14,8.0,141063,6.0,6152.0,0.0
,,,,,2,14,8.0,141063,1.0,1314.0,0.0
,0.0,,,,1,14,9.0,141063,,,0.0
,,,,,2,14,,141063,,,0.0
,,,,,1,14,,141063,,,0.0
,,,,,1,14,8.0,141063,6.0,6152.0,0.0
256000.0,,,,,2,14,8.0,141063,9.0,9211.0,0.0
,,,,,2,14,,141063,,,0.0
,0.0,,,,1,14,11.0,141063,,,0.0
900000.0,,,,,1,14,15.0,141063,3.0,3231.0,0.0
,0.0,,,,2,14,9.0,141063,,,0.0
,0.0,,,,2,14,12.0,141063,,,0.0
,,,,,2,14,,141063,,,0.0
,,,,,2,14,,141063,,,0.0
,,,,,1,14,6.0,141063,6.0,6152.0,0.0
294000.0,,,,,2,14,8.0,141063,6.0,6113.0,0.0
,,,,,2,14,,141063,,,0.0
,0.0,,,,1,14,2.0,141063,,,0.0
,0.0,,,,2,14,8.0,141063,,,0.0
,0.0,,,,2,14,13.0,141063,,,0.0
,0.0,,,,2,14,12.0,141063,,,0.0
,,,,,1,14,8.0,141063,6.0,6152.0,0.0
,0.0,,,,2,14,5.0,141063,,,0.0
,,,,,1,14,8.0,141063,6.0,6152.0,0.0
,,,,,1,14,,141063,,,0.0
,,,,,1,14,12.0,141063,6.0,6152.0,0.0
,0.0,,,,2,14,6.0,141063,,,0.0
,,,,,1,14,12.0,141063,6.0,6152.0,0.0
50000.0,,,,,2,14,8.0,141063,9.0,9111.0,0.0
,,,,,2,14,,141063,,,0.0
,,,,,1,14,,141063,,,0.0
,,,,,1,14,,141063,,,0.0
260000.0,,,,104646.0,1,14,6.0,141063,9.0,9211.0,104646.0
,0.0,,,,2,14,7.0,141063,,,0.0
,0.0,,,104646.0,2,14,3.0,141063,,,104646.0
,,,,,1,14,8.0,141063,7.0,7332.0,0.0
,0.0,,,,2,14,8.0,141063,,,0.0
,0.0,,,,1,14,14.0,141063,,,0.0
,0.0,,,104646.0,1,14,1.0,141063,,,104646.0
,0.0,,102000.0,,2,14,9.0,141063,,,102000.0
94000.0,,,,,1,14,8.0,141063,9.0,9211.0,0.0
,0.0,,,,2,14,0.0,141063,,,0.0
0.0,,,,,1,14,10.0,141063,9.0,9211.0,0.0
,,11091.0,,,1,14,,141063,,,0.0
800000.0,,,,,1,14,12.0,141063,6.0,6152.0,0.0
,0.0,,,,1,14,6.0,141063,,,0.0
,0.0,,,104646.0,2,14,0.0,141063,,,104646.0
,,,,,1,14,8.0,141063,9.0,9111.0,0.0
,99.0,,,,2,14,10.0,141063,,,0.0
,0.0,,,104646.0,2,14,0.0,141063,,,104646.0
,0.0,,,,1,14,0.0,141063,,,0.0
,0.0,,,,1,14,8.0,141063,,,0.0
,0.0,,,104646.0,2,14,6.0,141063,,,104646.0
,0.0,,,104646.0,2,14,6.0,141063,,,104646.0
400000.0,,,,,2,14,6.0,141063,9.0,9211.0,0.0
400000.0,,,,,2,14,11.0,141063,9.0,9211.0,0.0
,,,,,1,14,,141063,,,0.0
,,,,,2,14,,141063,,,0.0
,0.0,,,104646.0,2,14,6.0,141063,,,104646.0
,0.0,,,,1,14,6.0,141063,,,0.0
276000.0,,,,,1,14,8.0,141063,9.0,9211.0,0.0
,0.0,,,,2,14,6.0,141063,,,0.0
99.0,,,,,1,14,14.0,141063,7.0,7231.0,0.0
,0.0,,,,1,14,12.0,141063,,,0.0
,,,,,2,14,,141063,,,0.0
,0.0,,,104646.0,2,14,0.0,141063,,,104646.0
,,,,,1,14,6.0,141063,9.0,9211.0,0.0
,0.0,,,104646.0,1,14,16.0,141063,,,104646.0
,0.0,,,104646.0,2,14,3.0,141063,,,104646.0
,0.0,,,,2,14,10.0,141063,,,0.0
,0.0,,,104646.0,2,14,2.0,141063,,,104646.0
,0.0,,,104646.0,1,14,2.0,141063,,,104646.0
,,,,,1,14,0.0,141063,9.0,9211.0,0.0
,0.0,,,,1,14,0.0,141063,,,0.0
,0.0,,,,2,14,5.0,141063,,,0.0
0.0,,,,,1,14,3.0,141063,9.0,9211.0,0.0
0.0,,,,,1,14,11.0,141063,9.0,9211.0,0.0
,,,,,2,14,,141063,,,0.0
,0.0,,,,1,14,6.0,141063,,,0.0
,0.0,,,104646.0,2,14,6.0,141063,,,104646.0
,0.0,,,104646.0,1,14,4.0,141063,,,104646.0
,0.0,,,104646.0,2,14,8.0,141063,,,104646.0
,0.0,,,,2,14,0.0,141063,,,0.0
,,,,,1,14,10.0,141063,9.0,9212.0,0.0
,0.0,,,,2,14,11.0,141063,,,0.0
,0.0,,,,2,14,13.0,141063,,,0.0
,,,,,1,14,,141063,,,0.0
,,,,,2,14,,141063,,,0.0
,0.0,,,,2,14,2.0,141063,,,0.0
,0.0,,,,1,14,0.0,141063,,,0.0
,0.0,,,,2,14,10.0,141063,,,0.0
,,,,,1,14,12.0,141063,7.0,7331.0,0.0
,0.0,,,,2,14,13.0,141063,,,0.0
,,,,,2,14,16.0,141063,6.0,6111.0,0.0
,0.0,,,,2,14,14.0,141063,,,0.0
,0.0,,,,2,14,17.0,141063,,,0.0
,,,,,1,14,,141063,,,0.0
,,,,,2,14,,141063,,,0.0
,,,,,1,14,,141063,,,0.0
,0.0,,,,2,14,8.0,141063,,,0.0
,,,,,1,14,,141063,,,0.0
,,,,,2,14,,141063,,,0.0
,,,,,1,14,6.0,141063,6.0,6121.0,0.0
,0.0,,,104646.0,2,14,3.0,141063,,,104646.0
,,,,,1,14,12.0,141063,9.0,9211.0,0.0
,0.0,,,,1,14,6.0,141063,,,0.0
,0.0,,,,2,14,6.0,141063,,,0.0
99.0,,,,,1,14,17.0,141063,2.0,2419.0,0.0
99.0,,,,,1,14,8.0,141063,9.0,9312.0,0.0
,0.0,,,,2,14,10.0,141063,,,0.0
,0.0,,,,1,14,12.0,141063,,,0.0
,0.0,,,,2,14,17.0,141063,,,0.0
,0.0,,,,1,14,10.0,141063,,,0.0
,0.0,,,,2,14,10.0,141063,,,0.0
180000.0,,,,,2,14,11.0,141063,5.0,5131.0,0.0
100000.0,,,,,2,14,14.0,141063,9.0,9322.0,0.0
,,,,,2,14,,141063,,,0.0
,,,,,1,14,,141063,,,0.0
,,,,,1,14,12.0,141063,1.0,1314.0,0.0
,,,,,2,14,10.0,141063,1.0,1314.0,0.0
,0.0,,,104646.0,1,14,3.0,141063,,,104646.0
,0.0,,,,1,14,12.0,141063,,,0.0
330000.0,,,,,2,14,12.0,141063,5.0,5122.0,0.0
,0.0,,,,1,14,13.0,141063,,,0.0
350000.0,,,,,1,14,8.0,141063,6.0,6141.0,0.0
,0.0,,,,2,14,8.0,141063,,,0.0
,0.0,,,,2,14,14.0,141063,,,0.0
,,,,,2,14,,141063,,,0.0
,,,,,2,14,,141063,,,0.0
,,,,,1,14,,141063,,,0.0
,,,,,1,14,12.0,141063,7.0,7124.0,0.0
,0.0,,,,2,14,10.0,141063,,,0.0
,,,,,1,14,,141063,,,0.0
,,,,,1,14,,141063,,,0.0
,,,,,2,14,,141063,,,0.0
,,,,,2,14,10.0,141063,6.0,6111.0,0.0
,,,,,1,14,15.0,141063,6.0,6153.0,0.0
160000.0,,,,,2,14,12.0,141063,9.0,9132.0,0.0
380000.0,,,,,1,14,12.0,141063,8.0,8141.0,0.0
,0.0,,,,2,14,14.0,141063,,,0.0
,,,,,2,14,,141063,,,0.0
,0.0,,,104646.0,2,14,2.0,141063,,,104646.0
99.0,,,,,1,14,6.0,141063,9.0,9313.0,0.0
,0.0,,,104646.0,2,14,4.0,141063,,,104646.0
,0.0,,,,1,14,5.0,141063,,,0.0
250000.0,,,,,2,14,12.0,141063,5.0,5122.0,0.0
250000.0,,,,,1,14,10.0,141063,8.0,8322.0,0.0
250000.0,,,,,1,14,8.0,141063,9.0,9312.0,0.0
,,,,,1,14,,141063,,,0.0
,0.0,,,,2,14,12.0,141063,,,0.0
,0.0,,,,1,14,12.0,141063,,,0.0
0.0,,,,,2,14,5.0,141063,6.0,6113.0,0.0
,,,,,2,14,,141063,,,0.0
276000.0,,,,,1,14,12.0,141063,7.0,7136.0,0.0
430000.0,,,,,1,14,15.0,141063,8.0,8332.0,0.0
250000.0,,,,,2,14,15.0,141063,3.0,3320.0,0.0
600000.0,,,,,1,14,8.0,141063,8.0,8332.0,0.0
150000.0,,,,,2,14,10.0,141063,5.0,5122.0,0.0
,0.0,,,,2,14,17.0,141063,,,0.0
1100000.0,,,,,1,14,12.0,141063,8.0,8332.0,0.0
,0.0,,,,2,14,12.0,141063,,,0.0
,,,,,1,14,,141063,,,0.0
,,,,,1,14,,141063,,,0.0
450000.0,,,,,1,14,12.0,141063,4.0,4131.0,0.0
,99.0,,,,1,14,,141063,,,0.0
250000.0,,,,,2,14,12.0,141063,5.0,5131.0,0.0
,99.0,,,,1,14,12.0,141063,,,0.0
,99.0,,,,1,14,12.0,141063,,,0.0
,99.0,,,,1,14,12.0,141063,,,0.0
,99.0,,,,1,14,10.0,141063,,,0.0
,99.0,,,,2,14,12.0,141063,,,0.0
,,,,,2,14,,141063,,,0.0
400000.0,,,,,2,14,12.0,141063,4.0,4113.0,0.0
,,,,,2,14,,141063,,,0.0
,,,,,2,14,,141063,,,0.0
,0.0,,140000.0,,1,14,6.0,141063,,,140000.0
,0.0,,120000.0,,2,14,6.0,141063,,,120000.0
300000.0,,,,,2,14,12.0,141063,4.0,4211.0,0.0
,,,,,1,14,,141063,,,0.0
,0.0,,120000.0,,1,14,4.0,141063,,,120000.0
,0.0,,,,2,14,5.0,141063,,,0.0
,,,,,1,14,10.0,141063,7.0,7137.0,0.0
,0.0,,,,2,14,12.0,141063,,,0.0
,0.0,,,,2,14,12.0,141063,,,0.0
,,,,,2,14,,141063,,,0.0
,0.0,,,,2,14,6.0,141063,,,0.0
,0.0,,,,1,14,12.0,141063,,,0.0
,0.0,,123000.0,,1,14,7.0,141063,,,123000.0
280000.0,,,,,1,14,8.0,141063,9.0,9313.0,0.0
,0.0,,,,2,14,7.0,141063,,,0.0
,0.0,,,,1,14,8.0,141063,,,0.0
400000.0,,,,,1,14,12.0,141063,9.0,9152.0,0.0
,0.0,,,,2,14,12.0,141063,,,0.0
,0.0,,,,1,14,15.0,141063,,,0.0
,,,,,1,14,12.0,141063,7.0,7412.0,0.0
,,,,,2,14,10.0,141063,7.0,7331.0,0.0
,,,,,1,14,12.0,141063,7.0,7245.0,0.0
,0.0,,,,2,14,8.0,141063,,,0.0
,,,,,2,14,,141063,,,0.0
,,,,,1,14,,141063,,,0.0
,,,,,1,14,,141063,,,0.0
,,,,,1,14,12.0,141063,1.0,1311.0,0.0
,,,,,2,14,12.0,141063,1.0,1311.0,0.0
270000.0,,,,,1,14,8.0,141063,6.0,6121.0,0.0
600000.0,,,,,1,14,12.0,141063,8.0,8340.0,0.0
100000.0,,,,,2,14,8.0,141063,9.0,9131.0,0.0
1500000.0,,,,,1,14,17.0,141063,1.0,1221.0,0.0
,,,,,2,14,14.0,141063,1.0,1315.0,0.0
,0.0,,,,2,14,4.0,141063,,,0.0
270000.0,,,,,1,14,8.0,141063,9.0,9313.0,0.0
270000.0,,,,,1,14,8.0,141063,9.0,9313.0,0.0
270000.0,,,,,1,14,9.0,141063,9.0,9313.0,0.0
136000.0,,,,,2,14,8.0,141063,9.0,9211.0,0.0
270000.0,,,,,1,14,6.0,141063,9.0,9211.0,0.0
,0.0,,,,2,14,8.0,141063,,,0.0
138000.0,,,,,1,14,4.0,141063,9.0,9313.0,0.0
300000.0,,,,,1,14,8.0,141063,9.0,9313.0,0.0
180000.0,,,,,2,14,8.0,141063,9.0,9211.0,0.0
,0.0,,,,2,14,12.0,141063,,,0.0
,,,149000.0,,1,14,4.0,141063,1.0,1315.0,149000.0
,,,,,2,14,6.0,141063,1.0,1315.0,0.0
280000.0,,,,,1,14,11.0,141063,9.0,9152.0,0.0
500000.0,,,,,1,14,12.0,141063,8.0,8331.0,0.0
,0.0,,,,2,14,14.0,141063,,,0.0
,0.0,,,,2,14,8.0,141063,,,0.0
,,,,,1,14,,141063,,,0.0
,,,,,2,14,,141063,,,0.0
,0.0,,,,2,14,12.0,141063,,,0.0
270000.0,,,,,1,14,12.0,141063,8.0,8211.0,0.0
,,,,,2,14,,141063,,,0.0
,0.0,,,,2,14,12.0,141063,,,0.0
350000.0,,,,,2,14,17.0,141063,4.0,4133.0,0.0
1800000.0,,,,,1,14,12.0,141063,1.0,1221.0,0.0
,,,,,1,14,12.0,141063,1.0,1315.0,0.0
,,,,,2,14,12.0,141063,1.0,1315.0,0.0
,0.0,,,,1,14,12.0,141063,,,0.0
,,,,,2,14,,141063,,,0.0
450000.0,,,,,1,14,9.0,141063,6.0,6121.0,0.0
0.0,,,,,2,14,12.0,141063,9.0,9211.0,0.0
0.0,,11091.0,,,1,14,10.0,141063,9.0,9211.0,0.0
,,11091.0,,,2,14,,141063,,,0.0
,,11091.0,,,1,14,,141063,,,0.0
150000.0,,,,,1,14,8.0,141063,6.0,6152.0,0.0
,0.0,,,,2,14,6.0,141063,,,0.0
99.0,,11091.0,,,2,14,13.0,141063,9.0,9211.0,0.0
,0.0,,,104646.0,2,14,9.0,141063,,,104646.0
,,,,,1,14,12.0,141063,8.0,8324.0,0.0
,0.0,,,,2,14,12.0,141063,,,0.0
,,,,,2,14,,141063,,,0.0
,,,,,2,14,,141063,,,0.0
,,,,,2,14,,141063,,,0.0
,0.0,,350000.0,,1,14,18.0,141063,,,350000.0
,0.0,,300000.0,,2,14,18.0,141063,,,300000.0
,0.0,,,,1,14,15.0,141063,,,0.0
,,,72000.0,,1,14,12.0,141063,1.0,1312.0,72000.0
,0.0,,,,2,14,6.0,141063,,,0.0
400000.0,,,,,2,14,16.0,141063,2.0,2331.0,0.0
,,,,,1,14,,141063,,,0.0
0.0,,,,,1,14,13.0,141063,9.0,9322.0,0.0
,0.0,,,,1,14,2.0,141063,,,0.0
,,,,,1,14,8.0,141063,5.0,5230.0,0.0
,0.0,,,,2,14,8.0,141063,,,0.0
260000.0,,,,,1,14,4.0,141063,9.0,9313.0,0.0
,0.0,,,,1,14,0.0,141063,,,0.0
,0.0,,,,2,14,0.0,141063,,,0.0
,,,,,1,14,17.0,141063,3.0,3113.0,0.0
,0.0,,,,2,14,17.0,141063,,,0.0
,0.0,,,,2,14,13.0,141063,,,0.0
,,,,,2,14,,141063,,,0.0
,,,,,1,14,,141063,,,0.0
,0.0,,,,2,14,12.0,141063,,,0.0
1000000.0,,,,,1,14,12.0,141063,7.0,7214.0,0.0
,0.0,,,,2,14,15.0,141063,,,0.0
400000.0,,,,,1,14,16.0,141063,4.0,4223.0,0.0
,,,,,1,14,,141063,,,0.0
,,,,,2,14,,141063,,,0.0
500000.0,,,,,1,14,10.0,141063,6.0,6111.0,0.0
,0.0,,,,2,14,10.0,141063,,,0.0
,0.0,,,,2,14,9.0,141063,,,0.0
,,,,,2,14,,141063,,,0.0
,0.0,,,,1,14,4.0,141063,,,0.0
,0.0,,99.0,,2,14,7.0,141063,,,99.0
280000.0,,,,,1,14,13.0,141063,8.0,8331.0,0.0
250000.0,,,,,2,14,13.0,141063,3.0,3310.0,0.0
,0.0,,,,1,14,12.0,141063,,,0.0
,,,,,2,14,,141063,,,0.0
315000.0,,,,,1,14,8.0,141063,5.0,5220.0,0.0
300000.0,,,,,2,14,8.0,141063,5.0,5122.0,0.0
,,,,,1,14,,141063,,,0.0
,,,,,1,14,,141063,,,0.0
,0.0,,,,2,14,5.0,141063,,,0.0
,0.0,,,,1,14,15.0,141063,,,0.0
,0.0,,,,1,14,6.0,141063,,,0.0
,0.0,,,104646.0,2,14,1.0,141063,,,104646.0
780000.0,,,,,1,14,8.0,141063,8.0,8324.0,0.0
415000.0,,,,,1,14,8.0,141063,6.0,6111.0,0.0
,0.0,,,,2,14,9.0,141063,,,0.0
180000.0,,,,,2,14,12.0,141063,4.0,4211.0,0.0
300000.0,,,,,1,14,12.0,141063,8.0,8331.0,0.0
,,,,,1,14,,141063,,,0.0
,,,,,1,14,,141063,,,0.0
,,,,104646.0,1,14,6.0,141063,9.0,9113.0,104646.0
,0.0,,,,2,14,10.0,141063,,,0.0
520000.0,,,,,2,14,15.0,141063,3.0,3231.0,0.0
,,,,,2,14,12.0,141063,1.0,1314.0,0.0
,,,,,2,14,,141063,,,0.0
,,,,,2,14,,141063,,,0.0
,,,,,2,14,,141063,,,0.0
0.0,,,,,1,14,12.0,141063,9.0,9211.0,0.0
274000.0,,,,,2,14,12.0,141063,5.0,5220.0,0.0
,,,,,2,14,,141063,,,0.0
276000.0,,,,,1,14,8.0,141063,8.0,8331.0,0.0
276000.0,,,,,2,14,7.0,141063,5.0,5122.0,0.0
,0.0,,,,1,14,12.0,141063,,,0.0
,,,,,1,14,,141063,,,0.0
,0.0,,,,1,14,6.0,141063,,,0.0
,0.0,,,,2,14,5.0,141063,,,0.0
,0.0,,,104646.0,1,14,2.0,141063,,,104646.0
,0.0,,,,2,14,6.0,141063,,,0.0
99.0,,,,,1,14,6.0,141063,6.0,6141.0,0.0
99.0,,,,,1,14,8.0,141063,6.0,6141.0,0.0
,,,,,1,14,7.0,141063,7.0,7123.0,0.0
,0.0,,,104646.0,2,14,0.0,141063,,,104646.0
,0.0,,110000.0,,2,14,12.0,141063,,,110000.0
,0.0,,,104646.0,2,14,8.0,141063,,,104646.0
,,,,,1,14,8.0,141071,8.0,8322.0,0.0
,0.0,,,,2,14,12.0,141071,,,0.0
,,,,,2,14,,141071,,,0.0
200000.0,,,,,2,14,7.0,141071,9.0,9131.0,0.0
,,11091.0,,,2,14,,141071,,,0.0
,,,,,1,14,12.0,141071,7.0,7231.0,0.0
,0.0,,,,2,14,9.0,141071,,,0.0
,0.0,,,,2,14,12.0,141071,,,0.0
300000.0,,,,,1,14,11.0,141071,5.0,5163.0,0.0
300000.0,,,,,1,14,4.0,141071,8.0,8331.0,0.0
200000.0,,,,,2,14,4.0,141071,9.0,9211.0,0.0
300000.0,,,,,1,14,12.0,141071,9.0,9162.0,0.0
,0.0,,,104646.0,2,14,4.0,141071,,,104646.0
,,,,,1,14,4.0,141071,9.0,9333.0,0.0
,,,,,2,14,10.0,141071,9.0,9212.0,0.0
,,11091.0,,,1,14,,141071,,,0.0
,0.0,,,,1,14,6.0,141071,,,0.0
,0.0,,,104646.0,1,14,6.0,141071,,,104646.0
,0.0,,,104646.0,2,14,0.0,141071,,,104646.0
,0.0,,,,1,14,11.0,141071,,,0.0
,0.0,,,,1,14,16.0,141071,,,0.0
,,,,,2,14,,141071,,,0.0
,0.0,,,,2,14,3.0,141071,,,0.0
,0.0,,,,2,14,11.0,141071,,,0.0
,,,,,2,14,6.0,141071,1.0,1314.0,0.0
,0.0,,130000.0,,1,14,9.0,141071,,,130000.0
260000.0,,,,,1,14,7.0,141071,9.0,9211.0,0.0
100000.0,,,,,2,14,3.0,141071,5.0,5122.0,0.0
,0.0,,224000.0,,1,14,8.0,141071,,,224000.0
,0.0,,,,2,14,8.0,141071,,,0.0
276000.0,,,,,1,14,12.0,141071,6.0,6141.0,0.0
,0.0,,,,1,14,12.0,141071,,,0.0
,0.0,11091.0,,,2,14,11.0,141071,,,0.0
,,11091.0,,,2,14,,141071,,,0.0
,,11091.0,,,2,14,,141071,,,0.0
,,11091.0,,,2,14,,141071,,,0.0
270000.0,,,,,1,14,8.0,141071,8.0,8240.0,0.0
,0.0,,,,2,14,8.0,141071,,,0.0
,0.0,,,,2,14,12.0,141071,,,0.0
,0.0,,,,2,14,11.0,141071,,,0.0
,,,,,2,14,,141071,,,0.0
,,,,,2,14,,141071,,,0.0
,,,,,2,14,,141071,,,0.0
,,,,,2,14,14.0,141071,1.0,1314.0,0.0
,0.0,,,,2,14,14.0,141071,,,0.0
,0.0,,,,1,14,13.0,141071,,,0.0
,0.0,,,,2,14,9.0,141071,,,0.0
,,,,,1,14,,141071,,,0.0
,0.0,,,104646.0,1,14,11.0,141071,,,104646.0
100000.0,,,,,2,14,10.0,141071,9.0,9211.0,0.0
,,,,,1,14,,141071,,,0.0
100000.0,,,,,2,14,12.0,141071,9.0,9131.0,0.0
80000.0,,,120000.0,,1,14,8.0,141071,7.0,7136.0,120000.0
,0.0,,114000.0,,2,14,8.0,141071,,,114000.0
230000.0,,,,,1,14,12.0,141071,9.0,9132.0,0.0
,0.0,,,,2,14,10.0,141071,,,0.0
326000.0,,,,,2,14,14.0,141071,4.0,4222.0,0.0
,0.0,,140000.0,,1,14,0.0,141071,,,140000.0
,0.0,,,104646.0,2,14,0.0,141071,,,104646.0
,,,,,1,14,11.0,141071,7.0,7124.0,0.0
,0.0,,,,1,14,12.0,141071,,,0.0
,0.0,,,104646.0,2,14,7.0,141071,,,104646.0
0.0,,,,,1,14,13.0,141071,8.0,8324.0,0.0
,0.0,,,,1,14,15.0,141071,,,0.0
400000.0,,,,,1,14,8.0,141071,9.0,9152.0,0.0
,0.0,,,,2,14,6.0,141071,,,0.0
,0.0,,,,2,14,15.0,141071,,,0.0
,0.0,,208000.0,,1,14,12.0,141071,,,208000.0
,,,,,1,14,12.0,141071,8.0,8324.0,0.0
,0.0,,,,2,14,4.0,141071,,,0.0
350000.0,,,,,1,14,12.0,141071,8.0,8272.0,0.0
,0.0,,,,2,14,12.0,141071,,,0.0
,,,,,2,14,,141071,,,0.0
,,,,,1,14,,141071,,,0.0
500000.0,,,,,1,14,8.0,141071,8.0,8324.0,0.0
270000.0,,,,,2,14,12.0,141071,5.0,5220.0,0.0
100000.0,,,,,2,14,12.0,141071,5.0,5220.0,0.0
,,,,,2,14,,141071,,,0.0
,,,,,2,14,,141071,,,0.0
,0.0,,,,2,14,2.0,141071,,,0.0
,0.0,,,,2,14,3.0,141071,,,0.0
800000.0,,,,,1,14,16.0,141071,5.0,5220.0,0.0
,0.0,,,,2,14,14.0,141071,,,0.0
,,,,,2,14,,141071,,,0.0
,0.0,,,,2,14,2.0,141071,,,0.0
276000.0,,,,,1,14,16.0,141071,4.0,4122.0,0.0
,,,700000.0,,1,14,12.0,141071,6.0,6121.0,700000.0
300000.0,,,,,2,14,15.0,141071,3.0,3320.0,0.0
,0.0,,,,1,14,11.0,141071,,,0.0
,0.0,,,104646.0,2,14,3.0,141071,,,104646.0
,0.0,,,,1,14,8.0,141071,,,0.0
,0.0,,,,2,14,8.0,141071,,,0.0
350000.0,,,,,1,14,6.0,141071,8.0,8324.0,0.0
300000.0,,,,,1,14,10.0,141071,9.0,9152.0,0.0
,,,,,1,14,,141071,,,0.0
,,,,,2,14,,141071,,,0.0
,,,,,2,14,,141071,,,0.0
,,,,,1,14,17.0,141071,999.0,9999.0,0.0
,,,,,2,14,17.0,141071,999.0,9999.0,0.0
,,,,,2,14,17.0,141071,999.0,9999.0,0.0
,,,,,1,14,17.0,141071,999.0,9999.0,0.0
,0.0,,,,2,14,14.0,141071,,,0.0
,0.0,,,,1,14,2.0,141071,,,0.0
,,,,,1,14,12.0,141071,999.0,9999.0,0.0
,0.0,,,,1,14,10.0,141071,,,0.0
,,,,,2,14,12.0,141071,9.0,9112.0,0.0
,,,,,1,14,,141071,,,0.0
,,,,,2,14,,141071,,,0.0
,0.0,,,,2,14,11.0,141071,,,0.0
,0.0,,,,1,14,12.0,141071,,,0.0
,,,,,1,14,,141071,,,0.0
,0.0,,,,1,14,4.0,141071,,,0.0
450000.0,,,,,1,14,10.0,141071,8.0,8324.0,0.0
,0.0,,,,2,14,11.0,141071,,,0.0
120000.0,,,,,1,14,16.0,141071,5.0,5220.0,0.0
,0.0,,,,2,14,15.0,141071,,,0.0
,0.0,,,,2,14,12.0,141071,,,0.0
,,,,,1,14,3.0,141071,1.0,1314.0,0.0
,,,,,2,14,7.0,141071,1.0,1314.0,0.0
99.0,,,,,1,14,16.0,141071,2.0,2419.0,0.0
,0.0,,,,2,14,16.0,141071,,,0.0
,,,,,1,14,15.0,141071,2.0,2144.0,0.0
,0.0,,,,2,14,15.0,141071,,,0.0
,,,,,1,14,,141071,,,0.0
,,,,,1,14,,141071,,,0.0
190000.0,,,,,2,14,14.0,141071,9.0,9333.0,0.0
350000.0,,,,,1,14,8.0,141071,9.0,9152.0,0.0
,,,,,1,14,,141071,,,0.0
,,,,,1,14,,141071,,,0.0
,0.0,,,,2,14,9.0,141071,,,0.0
,0.0,,,,2,14,12.0,141071,,,0.0
,,,,,1,14,,141071,,,0.0
,,,,,1,14,,141071,,,0.0
,,,,,2,14,,141071,,,0.0
,,,,,1,14,9.0,141071,7.0,7124.0,0.0
270000.0,,,,,2,14,12.0,141071,5.0,5220.0,0.0
300000.0,,,,,2,14,12.0,141071,2.0,2320.0,0.0
,0.0,,,,1,14,12.0,141071,,,0.0
,0.0,,,,2,14,12.0,141071,,,0.0
270000.0,,,,,1,14,12.0,141071,4.0,4131.0,0.0
,,,,,2,14,,141071,,,0.0
,,,,,1,14,,141071,,,0.0
,,11091.0,,,2,14,,141071,,,0.0
,,,,,2,14,12.0,141071,1.0,1314.0,0.0
,,,,,1,14,,141071,,,0.0
,0.0,,,,2,14,10.0,141071,,,0.0
,,,,,1,14,10.0,141071,7.0,7141.0,0.0
225000.0,,,,,2,14,12.0,141071,5.0,5122.0,0.0
,0.0,,160000.0,,2,14,5.0,141071,,,160000.0
,,,,104646.0,2,14,6.0,141071,1.0,1314.0,104646.0
,0.0,,,104646.0,2,14,6.0,141071,,,104646.0
820000.0,,,,,2,14,17.0,141071,2.0,2331.0,0.0
300000.0,,,,,1,14,14.0,141071,3.0,3231.0,0.0
,0.0,,,,2,14,6.0,141071,,,0.0
408000.0,,,,,2,14,14.0,141071,3.0,3431.0,0.0
,0.0,,,,2,14,15.0,141071,,,0.0
,0.0,,,,2,14,8.0,141071,,,0.0
275000.0,,,,,1,14,12.0,141071,7.0,7241.0,0.0
275000.0,,,,,2,14,12.0,141071,4.0,4115.0,0.0
,,,,,2,14,,141071,,,0.0
,,,,,1,14,,141071,,,0.0
,,,,,1,14,12.0,141071,7.0,7137.0,0.0
,0.0,,,,2,14,12.0,141071,,,0.0
,,,,,1,14,,141071,,,0.0
,,,,,1,14,,141071,,,0.0
80000.0,,,,104646.0,1,14,3.0,141071,9.0,9212.0,104646.0
,0.0,,,,2,14,3.0,141071,,,0.0
,,,,,1,14,14.0,141071,1.0,1312.0,0.0
,0.0,,,,2,14,14.0,141071,,,0.0
192114.0,,,,,1,14,12.0,141071,7.0,7412.0,0.0
,0.0,,,,1,14,0.0,141071,,,0.0
,0.0,,,,2,14,0.0,141071,,,0.0
,0.0,,,,2,14,0.0,141071,,,0.0
,0.0,,,,2,14,0.0,141071,,,0.0
,,,124000.0,,2,14,8.0,141071,5.0,5122.0,124000.0
,0.0,,,,1,14,9.0,141071,,,0.0
,0.0,,,104646.0,1,14,2.0,141071,,,104646.0
,0.0,,,104646.0,1,14,6.0,141071,,,104646.0
,0.0,,,,2,14,6.0,141071,,,0.0
,,,,,1,14,12.0,141071,5.0,5230.0,0.0
,0.0,,,,2,14,8.0,141071,,,0.0
,0.0,,,,2,14,17.0,141071,,,0.0
198000.0,,,,,2,14,15.0,141071,3.0,3320.0,0.0
,0.0,,,,1,14,12.0,141071,,,0.0
,,,,,1,14,15.0,141071,1.0,1314.0,0.0
300000.0,,,,,2,14,15.0,141071,3.0,3434.0,0.0
,0.0,,,,2,14,17.0,141071,,,0.0
,,,,,1,14,,141071,,,0.0
280000.0,,,,,1,14,3.0,141071,9.0,9211.0,0.0
,0.0,,,104646.0,2,14,6.0,141071,,,104646.0
,0.0,,,104646.0,1,14,10.0,141071,,,104646.0
180000.0,,,,,2,14,6.0,141071,9.0,9131.0,0.0
,,,,,1,14,,141071,,,0.0
115000.0,,,,,1,14,12.0,141071,9.0,9313.0,0.0
,0.0,,,,2,14,9.0,141071,,,0.0
,,,,,1,14,,141071,,,0.0
270000.0,,,,,1,14,11.0,141071,8.0,8324.0,0.0
,0.0,,,,2,14,12.0,141071,,,0.0
,0.0,,,104646.0,1,14,9.0,141071,,,104646.0
,0.0,,,104646.0,2,14,4.0,141071,,,104646.0
,,,,,2,14,12.0,141071,1.0,1314.0,0.0
,,,,,1,14,12.0,141071,8.0,8322.0,0.0
,0.0,,,,2,14,13.0,141071,,,0.0
,,,,104646.0,2,14,12.0,141071,1.0,1314.0,104646.0
,0.0,,,,2,14,12.0,141071,,,0.0
,0.0,,,,2,14,12.0,141071,,,0.0
500000.0,,,,,1,14,12.0,141071,7.0,7137.0,0.0
,0.0,,,,2,14,12.0,141071,,,0.0
,,,,,2,14,,141071,,,0.0
,0.0,,,,2,14,8.0,141071,,,0.0
,,,,,1,14,,141071,,,0.0
,,,,,2,14,,141071,,,0.0
,,,,,2,14,,141071,,,0.0
,0.0,,,,1,14,8.0,141071,,,0.0
,0.0,,,104646.0,2,14,6.0,141071,,,104646.0
,0.0,,,104646.0,2,14,5.0,141071,,,104646.0
,0.0,,,,2,14,6.0,141071,,,0.0
,0.0,,,,2,14,12.0,141071,,,0.0
,0.0,,,,2,14,8.0,141071,,,0.0
,0.0,,,,2,14,12.0,141071,,,0.0
200000.0,,,,,1,14,12.0,141071,7.0,7412.0,0.0
,,,,,1,14,,141071,,,0.0
,,,,,2,14,,141071,,,0.0
,,,,,2,14,,141071,,,0.0
,,,,,1,14,,141071,,,0.0
300000.0,,,,,1,14,12.0,141071,8.0,8322.0,0.0
,0.0,,,,1,14,12.0,141071,,,0.0
,0.0,,,,1,14,9.0,141071,,,0.0
,,,,,1,14,10.0,141071,7.0,7124.0,0.0
,0.0,,,,2,14,10.0,141071,,,0.0
,,,,,1,14,,141071,,,0.0
500000.0,,,,,2,14,15.0,141071,3.0,3231.0,0.0
600000.0,,,,,1,14,12.0,141071,5.0,5162.0,0.0
,0.0,,,,2,14,12.0,141071,,,0.0
,,,,,1,14,,141071,,,0.0
309000.0,,,,,1,14,10.0,141071,999.0,9999.0,0.0
,0.0,,,,2,14,12.0,141071,,,0.0
,0.0,,,,1,14,13.0,141071,,,0.0
,,,,,2,14,,141071,,,0.0
,0.0,,,,2,14,8.0,141071,,,0.0
400000.0,,,,,1,14,8.0,141071,7.0,7231.0,0.0
,0.0,,,,2,14,8.0,141071,,,0.0
,0.0,,,,1,14,13.0,141071,,,0.0
,0.0,,,,1,14,14.0,141071,,,0.0
,,,,,1,14,,141071,,,0.0
,,,,,1,14,8.0,141071,2.0,2460.0,0.0
,0.0,,,,2,14,11.0,141071,,,0.0
,0.0,,,,1,14,11.0,141071,,,0.0
,0.0,,,,2,14,17.0,141071,,,0.0
,,,,,1,14,8.0,141071,8.0,8324.0,0.0
,0.0,,,,2,14,8.0,141071,,,0.0
,0.0,,,,2,14,15.0,141071,,,0.0
,0.0,,,,1,14,15.0,141071,,,0.0
,,,,,1,14,,141071,,,0.0
,0.0,,,,1,14,10.0,141071,,,0.0
,0.0,,108000.0,,2,14,10.0,141071,,,108000.0
450000.0,,,,,1,14,15.0,141071,3.0,3221.0,0.0
,0.0,,,,1,14,14.0,141071,,,0.0
,0.0,,,,1,14,12.0,141071,,,0.0
,0.0,,,104646.0,2,14,12.0,141071,,,104646.0
400000.0,,,,,1,14,18.0,141073,9.0,9152.0,0.0
300000.0,,,,,2,14,12.0,141073,6.0,6112.0,0.0
,0.0,,,,2,14,10.0,141073,,,0.0
,0.0,,,,1,14,13.0,141073,,,0.0
440000.0,,,,,1,14,12.0,141073,7.0,7245.0,0.0
,,,,,2,14,,141073,,,0.0
,,,,,1,14,,141073,,,0.0
280000.0,,,,,2,14,4.0,141073,9.0,9211.0,0.0
220000.0,,,,,1,14,5.0,141073,9.0,9212.0,0.0
,0.0,,,,1,14,15.0,141073,,,0.0
,0.0,,,104646.0,1,14,8.0,141073,,,104646.0
,0.0,,170000.0,,2,14,8.0,141073,,,170000.0
,0.0,,,104646.0,1,14,5.0,141073,,,104646.0
,0.0,,,104646.0,2,14,5.0,141073,,,104646.0
,0.0,,,,2,14,12.0,141073,,,0.0
300000.0,,,,,1,14,12.0,141073,1.0,1313.0,0.0
,0.0,,,,2,14,2.0,141073,,,0.0
300000.0,,,,,1,14,12.0,141073,7.0,7423.0,0.0
350000.0,,,,,1,14,12.0,141073,4.0,4142.0,0.0
,0.0,,,,2,14,9.0,141073,,,0.0
400000.0,,,,,1,14,17.0,141073,3.0,3431.0,0.0
250000.0,,,,,2,14,12.0,141073,4.0,4211.0,0.0
,,,,,1,14,,141073,,,0.0
,,,,,1,14,,141073,,,0.0
275000.0,,,,,2,14,10.0,141073,5.0,5122.0,0.0
,,11091.0,,,1,14,,141073,,,0.0
,0.0,,,,2,14,3.0,141073,,,0.0
,0.0,,,,2,14,6.0,141073,,,0.0
,,11091.0,,,1,14,,141073,,,0.0
,0.0,,,,2,14,9.0,141073,,,0.0
,0.0,,,,1,14,18.0,141073,,,0.0
350000.0,,,,,2,14,15.0,141073,2.0,2351.0,0.0
,,,,,2,14,,141073,,,0.0
110000.0,,,,,2,14,8.0,141073,9.0,9132.0,0.0
,0.0,,,,2,14,10.0,141073,,,0.0
,,,,,2,14,,141073,,,0.0
110000.0,,,,,2,14,8.0,141073,9.0,9131.0,0.0
0.0,,,,,1,14,10.0,141073,9.0,9211.0,0.0
,,11091.0,,,2,14,,141073,,,0.0
1000000.0,,,,,1,14,11.0,141073,8.0,8324.0,0.0
,0.0,,,,2,14,9.0,141073,,,0.0
,0.0,,,,2,14,9.0,141073,,,0.0
,,11091.0,,,2,14,,141073,,,0.0
,0.0,,,,2,14,0.0,141073,,,0.0
,0.0,,,,2,14,8.0,141073,,,0.0
270000.0,,,120000.0,,1,14,8.0,141073,6.0,6111.0,120000.0
,0.0,,,104646.0,1,14,7.0,141073,,,104646.0
,0.0,,,,2,14,4.0,141073,,,0.0
,,,,,1,14,17.0,141073,7.0,7422.0,0.0
,0.0,,100000.0,,2,14,15.0,141073,,,100000.0
276000.0,,,,,1,14,12.0,141073,8.0,8322.0,0.0
,0.0,,,,2,14,5.0,141073,,,0.0
,,11091.0,,,1,14,,141073,,,0.0
,,11091.0,,,1,14,,141073,,,0.0
256000.0,,,,,1,14,4.0,141073,9.0,9211.0,0.0
50000.0,,,,,2,14,1.0,141073,5.0,5131.0,0.0
,0.0,,,104646.0,1,14,4.0,141073,,,104646.0
,,,,,1,14,12.0,141073,5.0,5122.0,0.0
,0.0,,,,2,14,17.0,141073,,,0.0
,,,,,1,14,,141073,,,0.0
,0.0,,,104646.0,2,14,8.0,141073,,,104646.0
,0.0,,,,1,14,8.0,141073,,,0.0
,0.0,,,,2,14,8.0,141073,,,0.0
250000.0,,,,,2,14,10.0,141073,5.0,5122.0,0.0
99.0,,,,,2,14,15.0,141073,3.0,3212.0,0.0
,,,,,1,14,,141073,,,0.0
,,,,,1,14,,141073,,,0.0
276000.0,,,,,2,14,12.0,141073,4.0,4115.0,0.0
,0.0,,,,1,14,9.0,141073,,,0.0
,0.0,,,104646.0,2,14,2.0,141073,,,104646.0
,,,,,1,14,14.0,141073,7.0,7124.0,0.0
,0.0,,,,2,14,12.0,141073,,,0.0
,,,,,1,14,,141073,,,0.0
,,,,,2,14,,141073,,,0.0
,,,,,1,14,0.0,141073,9.0,9212.0,0.0
,0.0,,,,1,14,12.0,141073,,,0.0
,0.0,11091.0,,,1,14,7.0,141073,,,0.0
612000.0,,,,,2,14,15.0,141073,3.0,3231.0,0.0
300000.0,,,,,1,14,1.0,141073,6.0,6141.0,0.0
,0.0,,280000.0,,1,14,12.0,141073,,,280000.0
,0.0,,,,2,14,10.0,141073,,,0.0
,0.0,,,,2,14,9.0,141073,,,0.0
,0.0,,,104646.0,2,14,0.0,141073,,,104646.0
276000.0,,,,,1,14,0.0,141073,9.0,9212.0,0.0
,0.0,,,104646.0,1,14,9.0,141073,,,104646.0
,0.0,,,104646.0,1,14,9.0,141073,,,104646.0
270000.0,,,,,1,14,3.0,141073,6.0,6141.0,0.0
270000.0,,,,,2,14,6.0,141073,4.0,4133.0,0.0
,,11091.0,,,2,14,,141073,,,0.0
,0.0,,,,1,14,12.0,141073,,,0.0
250000.0,,,,,1,14,2.0,141073,6.0,6113.0,0.0
,0.0,,,,2,14,3.0,141073,,,0.0
,,,,,2,14,3.0,141073,9.0,9131.0,0.0
,,,,,1,14,16.0,141073,1.0,1314.0,0.0
,,,,,1,14,6.0,141073,9.0,9113.0,0.0
,,,,,2,14,11.0,141073,9.0,9111.0,0.0
,,,,,1,14,16.0,141073,3.0,3151.0,0.0
,,,,,2,14,12.0,141073,5.0,5141.0,0.0
120000.0,,,,,2,14,8.0,141073,5.0,5133.0,0.0
200000.0,,,,,1,14,8.0,141073,9.0,9211.0,0.0
,,,,,1,14,,141073,,,0.0
,0.0,,,,2,14,6.0,141073,,,0.0
,0.0,,,104646.0,2,14,6.0,141073,,,104646.0
,0.0,,200000.0,,1,14,8.0,141073,,,200000.0
700000.0,,,,,2,14,15.0,141073,3.0,3431.0,0.0
270000.0,,,200000.0,,1,14,8.0,141073,8.0,8163.0,200000.0
,0.0,,,104646.0,2,14,8.0,141073,,,104646.0
,0.0,,140000.0,,2,14,5.0,141073,,,140000.0
,0.0,,,,2,14,13.0,141073,,,0.0
,0.0,,,,2,14,11.0,141073,,,0.0
,0.0,,,,2,14,9.0,141073,,,0.0
,,,,,2,14,,141073,,,0.0
,0.0,,,,2,14,0.0,141073,,,0.0
,0.0,,,,2,14,4.0,141073,,,0.0
240000.0,,,,,2,14,16.0,141073,5.0,5131.0,0.0
,0.0,,,,1,14,8.0,141073,,,0.0
346000.0,,,,,2,14,12.0,141073,8.0,8290.0,0.0
,0.0,,,,2,14,14.0,141073,,,0.0
,,11091.0,,,2,14,,141073,,,0.0
,,11091.0,,,1,14,,141073,,,0.0
,100000.0,,,,1,14,8.0,141073,,,0.0
,,,,,1,14,5.0,141073,3.0,3416.0,0.0
,0.0,,,,2,14,13.0,141073,,,0.0
,0.0,,,,2,14,12.0,141073,,,0.0
,0.0,11091.0,,,1,14,10.0,141073,,,0.0
,,11091.0,,,1,14,,141073,,,0.0
276000.0,,,,,1,14,12.0,141073,8.0,8163.0,0.0
,0.0,,,,2,14,11.0,141073,,,0.0
,,11091.0,,,1,14,,141073,,,0.0
,,11091.0,,,1,14,,141073,,,0.0
,,11091.0,,,1,14,,141073,,,0.0
,,,,,1,14,12.0,141073,6.0,6113.0,0.0
,0.0,,,,2,14,5.0,141073,,,0.0
,,,,,2,14,,141073,,,0.0
,,,,,2,14,,141073,,,0.0
,0.0,,,104646.0,1,14,4.0,141073,,,104646.0
,0.0,,112000.0,,1,14,6.0,141073,,,112000.0
,0.0,,121000.0,,2,14,6.0,141073,,,121000.0
,0.0,,,,1,14,8.0,141073,,,0.0
,0.0,,,,1,14,12.0,141073,,,0.0
,0.0,,,104646.0,2,14,3.0,141073,,,104646.0
,0.0,,200000.0,,1,14,7.0,141073,,,200000.0
,0.0,,,,2,14,2.0,141073,,,0.0
150000.0,,,,,1,14,15.0,141073,3.0,3439.0,0.0
622000.0,,,,,1,14,8.0,141073,6.0,6121.0,0.0
,0.0,,,,2,14,8.0,141073,,,0.0
380000.0,,,,,1,14,17.0,141073,6.0,6112.0,0.0
,,,,,2,14,8.0,141073,9.0,9111.0,0.0
,,,,,2,14,,141073,,,0.0
,,11091.0,,,2,14,,141073,,,0.0
250000.0,,,,,2,14,7.0,141073,9.0,9211.0,0.0
,,11091.0,,,1,14,,141073,,,0.0
,0.0,,,104646.0,1,14,3.0,141073,,,104646.0
,0.0,,,104646.0,2,14,12.0,141073,,,104646.0
,,,,,1,14,15.0,141073,3.0,3212.0,0.0
,0.0,,,,2,14,12.0,141073,,,0.0
,,11091.0,,,1,14,,141073,,,0.0
,,11091.0,,,1,14,,141073,,,0.0
,,11091.0,,,2,14,,141073,,,0.0
,,,,,2,14,,141073,,,0.0
240000.0,,,,,1,14,5.0,141073,9.0,9162.0,0.0
,0.0,,,,2,14,8.0,141073,,,0.0
,0.0,,,,2,14,6.0,141073,,,0.0
,0.0,,,,1,14,8.0,141073,,,0.0
,0.0,,,,1,14,7.0,141073,,,0.0
430000.0,,,,,1,14,10.0,141073,6.0,6121.0,0.0
,0.0,,,,2,14,6.0,141073,,,0.0
,0.0,,,,1,14,9.0,141073,,,0.0
,,,,,1,14,,141073,,,0.0
500000.0,,,,,1,14,12.0,141073,8.0,8322.0,0.0
300000.0,,,,,2,14,12.0,141073,5.0,5131.0,0.0
,0.0,,,104646.0,1,14,0.0,141073,,,104646.0
,0.0,,,104646.0,1,14,3.0,141073,,,104646.0
,,,,,2,14,10.0,141073,6.0,6113.0,0.0
,,,,,1,14,11.0,141073,6.0,6130.0,0.0
,,11091.0,,,2,14,,141073,,,0.0
,0.0,,,,2,14,4.0,141073,,,0.0
276000.0,,,,,1,14,12.0,141073,9.0,9211.0,0.0
,,,,,2,14,,141073,,,0.0
276000.0,,,,,1,14,18.0,141073,6.0,6121.0,0.0
,0.0,,,,2,14,9.0,141073,,,0.0
,,11091.0,,,2,14,,141073,,,0.0
,,11091.0,,,2,14,,141073,,,0.0
,0.0,,,,2,14,4.0,141073,,,0.0
270000.0,,,,,1,14,4.0,141073,7.0,7124.0,0.0
270000.0,,,,,1,14,12.0,141073,7.0,7124.0,0.0
400000.0,,,,,1,14,12.0,141073,6.0,6121.0,0.0
276000.0,,,,,2,14,12.0,141073,3.0,3415.0,0.0
,0.0,,,,2,14,10.0,141073,,,0.0
,,,,,1,14,,141073,,,0.0
,,,90000.0,,1,14,14.0,141073,6.0,6121.0,90000.0
,,,,,2,14,15.0,141073,7.0,7321.0,0.0
,99.0,,,,1,14,16.0,141073,,,0.0
,99.0,,,,1,14,15.0,141073,,,0.0
,0.0,,60000.0,,2,14,0.0,141073,,,60000.0
,0.0,,,,1,14,12.0,141073,,,0.0
,0.0,,,,1,14,5.0,141073,,,0.0
276000.0,,,,,1,14,8.0,141073,9.0,9211.0,0.0
,0.0,,,104646.0,1,14,3.0,141073,,,104646.0
,0.0,,,,2,14,12.0,141073,,,0.0
300000.0,,,,,1,14,8.0,141073,9.0,9211.0,0.0
,0.0,11091.0,,,1,14,9.0,141073,,,0.0
,,11091.0,,,1,14,,141073,,,0.0
,,11091.0,,,2,14,,141073,,,0.0
,,,,,1,14,5.0,141073,9.0,9212.0,0.0
,0.0,,,,2,14,4.0,141073,,,0.0
,0.0,,,,2,14,6.0,141081,,,0.0
,,,,,1,14,,141081,,,0.0
,,,,,1,14,12.0,141081,7.0,7123.0,0.0
,0.0,,,104646.0,2,14,12.0,141081,,,104646.0
,0.0,,,,2,14,12.0,141081,,,0.0
,0.0,,,,1,14,8.0,141081,,,0.0
,0.0,,162000.0,,2,14,10.0,141081,,,162000.0
,0.0,,,,1,14,12.0,141081,,,0.0
500000.0,,,,,2,14,17.0,141081,2.0,2412.0,0.0
,0.0,,,,2,14,17.0,141081,,,0.0
,0.0,,,104646.0,2,14,10.0,141081,,,104646.0
,0.0,,,104646.0,2,14,7.0,141081,,,104646.0
,0.0,,,104646.0,2,14,3.0,141081,,,104646.0
,0.0,,,104646.0,1,14,3.0,141081,,,104646.0
,0.0,,700000.0,,1,14,11.0,141081,,,700000.0
,0.0,,,,2,14,11.0,141081,,,0.0
,0.0,,,,1,14,14.0,141081,,,0.0
,,,,,2,14,12.0,141081,7.0,7433.0,0.0
,0.0,,,,2,14,12.0,141081,,,0.0
,0.0,,,104646.0,2,14,0.0,141081,,,104646.0
480000.0,,,,,1,14,11.0,141081,4.0,4133.0,0.0
,0.0,,,,1,14,8.0,141081,,,0.0
,0.0,,,,2,14,10.0,141081,,,0.0
,150000.0,,,104646.0,1,14,8.0,141081,,,104646.0
,0.0,,,104646.0,2,14,6.0,141081,,,104646.0
,0.0,,,104646.0,2,14,11.0,141081,,,104646.0
,0.0,,,,1,14,11.0,141081,,,0.0
1000000.0,,,,,1,14,12.0,141081,5.0,5162.0,0.0
,0.0,,,,2,14,12.0,141081,,,0.0
,0.0,,,,1,14,12.0,141081,,,0.0
,0.0,,,,2,14,3.0,141081,,,0.0
200000.0,,,,,2,14,9.0,141081,9.0,9131.0,0.0
,,,,,1,14,,141081,,,0.0
,,,,,2,14,,141081,,,0.0
,,,,,2,14,,141081,,,0.0
,0.0,,,104646.0,2,14,2.0,141081,,,104646.0
,,,,,1,14,12.0,141081,7.0,7123.0,0.0
,0.0,,,,2,14,12.0,141081,,,0.0
,0.0,,,,2,14,12.0,141081,,,0.0
,,,,,1,14,12.0,141081,8.0,8322.0,0.0
,,,,,1,14,,141081,,,0.0
100000.0,,,,,2,14,12.0,141081,9.0,9131.0,0.0
200000.0,,,,,2,14,12.0,141081,5.0,5123.0,0.0
,,,,,2,14,,141081,,,0.0
,,,,,1,14,,141081,,,0.0
,0.0,,,104646.0,2,14,9.0,141081,,,104646.0
,0.0,,,,2,14,6.0,141081,,,0.0
200000.0,,,,,2,14,12.0,141081,5.0,5220.0,0.0
,,,,,1,14,,141081,,,0.0
,,,,,1,14,,141081,,,0.0
900000.0,,,,,1,14,16.0,141081,2.0,2446.0,0.0
,0.0,,,,2,14,16.0,141081,,,0.0
,0.0,,,,1,14,17.0,141081,,,0.0
,0.0,,,,1,14,13.0,141081,,,0.0
700000.0,,,,,1,14,17.0,141081,2.0,2331.0,0.0
,0.0,,,,2,14,12.0,141081,,,0.0
,0.0,,,,1,14,10.0,141081,,,0.0
,0.0,,,,1,14,14.0,141081,,,0.0
600000.0,,,,,2,14,12.0,141081,5.0,5131.0,0.0
,,,,,1,14,12.0,141081,999.0,9999.0,0.0
,0.0,,,104646.0,2,14,8.0,141081,,,104646.0
,0.0,,,104646.0,2,14,12.0,141081,,,104646.0
,0.0,,,104646.0,2,14,5.0,141081,,,104646.0
,0.0,,,104646.0,1,14,5.0,141081,,,104646.0
,0.0,,,,2,14,14.0,141081,,,0.0
600000.0,,,,,1,14,12.0,141081,4.0,4190.0,0.0
600000.0,,,,,1,14,17.0,141081,2.0,2142.0,0.0
400000.0,,,,,1,14,12.0,141081,4.0,4131.0,0.0
,0.0,,,,2,14,12.0,141081,,,0.0
,0.0,,,,1,14,10.0,141081,,,0.0
,,,,,2,14,,141081,,,0.0
800000.0,,,,,2,14,16.0,141081,2.0,2320.0,0.0
,,,,,2,14,12.0,141081,1.0,1314.0,0.0
,0.0,,,,2,14,9.0,141081,,,0.0
,0.0,,,104646.0,2,14,8.0,141081,,,104646.0
,,,,,2,14,,141081,,,0.0
270000.0,,,,,2,14,6.0,141081,6.0,6113.0,0.0
270000.0,,,,,1,14,12.0,141081,6.0,6113.0,0.0
,0.0,,,,1,14,12.0,141081,,,0.0
,0.0,,,,1,14,10.0,141081,,,0.0
,0.0,,,104646.0,2,14,2.0,141081,,,104646.0
,0.0,,,,2,14,5.0,141081,,,0.0
,0.0,,,,1,14,9.0,141081,,,0.0
270000.0,,,,,2,14,8.0,141081,6.0,6113.0,0.0
270000.0,,,,,1,14,11.0,141081,7.0,7212.0,0.0
,0.0,,,,2,14,10.0,141081,,,0.0
,,,,,1,14,,141081,,,0.0
,,,,,1,14,6.0,141081,7.0,7124.0,0.0
30000.0,,,,,2,14,5.0,141081,9.0,9131.0,0.0
,,,,,1,14,9.0,141081,7.0,7124.0,0.0
,0.0,,,,2,14,8.0,141081,,,0.0
,0.0,,,,1,14,11.0,141081,,,0.0
,,,,,2,14,,141081,,,0.0
,,,,,1,14,,141081,,,0.0
,0.0,,,,1,14,17.0,141081,,,0.0
,,,,,1,14,7.0,141081,7.0,7124.0,0.0
,,,,,2,14,12.0,141081,5.0,5230.0,0.0
270000.0,,,,,1,14,11.0,141081,9.0,9313.0,0.0
,,,,,1,14,,141081,,,0.0
,,,,,2,14,,141081,,,0.0
,,,,,1,14,8.0,141081,7.0,7231.0,0.0
,0.0,,,,1,14,12.0,141081,,,0.0
272000.0,,,,,2,14,12.0,141081,5.0,5122.0,0.0
,0.0,,,,2,14,11.0,141081,,,0.0
400000.0,,,,,2,14,17.0,141081,2.0,2446.0,0.0
,,,,,2,14,,141081,,,0.0
,,,,,2,14,,141081,,,0.0
400000.0,,,,,1,14,12.0,141081,8.0,8324.0,0.0
275000.0,,,,,2,14,12.0,141081,5.0,5220.0,0.0
,0.0,,97000.0,,2,14,10.0,141081,,,97000.0
,0.0,,,,1,14,15.0,141081,,,0.0
,0.0,,,,2,14,11.0,141081,,,0.0
700000.0,,,,,1,14,17.0,141081,2.0,2320.0,0.0
,,,,,1,14,12.0,141081,8.0,8323.0,0.0
,0.0,,,,2,14,12.0,141081,,,0.0
99.0,,,,,1,14,12.0,141081,5.0,5162.0,0.0
,0.0,,,,1,14,11.0,141081,,,0.0
,0.0,,,,1,14,11.0,141081,,,0.0
270000.0,,,,,2,14,12.0,141081,5.0,5131.0,0.0
280000.0,,,,,1,14,7.0,141081,6.0,6151.0,0.0
,0.0,,,,2,14,10.0,141081,,,0.0
,,,,,1,14,,141081,,,0.0
,0.0,,,,2,14,12.0,141081,,,0.0
400000.0,,,,,1,14,12.0,141081,9.0,9313.0,0.0
,,,,,2,14,,141081,,,0.0
,,,,,2,14,,141081,,,0.0
250000.0,,,,,2,14,12.0,141081,5.0,5220.0,0.0
99.0,,,,,1,14,16.0,141081,2.0,2320.0,0.0
,,,,104646.0,2,14,15.0,141081,1.0,1314.0,104646.0
,60000.0,,,104646.0,2,14,8.0,141081,,,104646.0
600000.0,,,,,1,14,12.0,141081,3.0,3151.0,0.0
99.0,,,,,1,14,15.0,141081,3.0,3433.0,0.0
,,,,,1,14,12.0,141081,1.0,1314.0,0.0
210000.0,,,,,2,14,12.0,141081,7.0,7411.0,0.0
,,,,,2,14,,141081,,,0.0
,0.0,,205000.0,,2,14,6.0,141081,,,205000.0
700000.0,,,,,2,14,14.0,141081,3.0,3320.0,0.0
,0.0,,,,2,14,14.0,141081,,,0.0
,,,,,2,14,,141081,,,0.0
,0.0,,,,2,14,2.0,141081,,,0.0
60000.0,,,,,1,14,9.0,141081,5.0,5112.0,0.0
60000.0,,,,,1,14,5.0,141081,5.0,5112.0,0.0
,0.0,,,,2,14,11.0,141081,,,0.0
,,,,,1,14,,141081,,,0.0
,,,,,1,14,12.0,141081,1.0,1314.0,0.0
,0.0,,,,2,14,12.0,141081,,,0.0
450000.0,,,,,1,14,16.0,141081,2.0,2411.0,0.0
,,,,,2,14,,141081,,,0.0
500000.0,,,,,2,14,16.0,141081,2.0,2446.0,0.0
,0.0,,,,2,14,12.0,141081,,,0.0
,0.0,,,,2,14,6.0,141081,,,0.0
,,,,,2,14,12.0,141081,5.0,5141.0,0.0
,0.0,,,,2,14,14.0,141081,,,0.0
,0.0,,,104646.0,1,14,12.0,141081,,,104646.0
,0.0,,,104646.0,2,14,12.0,141081,,,104646.0
,,,,,2,14,12.0,141081,5.0,5141.0,0.0
99.0,,,,,1,14,17.0,141081,2.0,2320.0,0.0
99.0,,,,,2,14,17.0,141081,2.0,2320.0,0.0
,0.0,,,104646.0,1,14,8.0,141081,,,104646.0
,0.0,,,104646.0,2,14,8.0,141081,,,104646.0
,,,,,2,14,6.0,141081,1.0,1315.0,0.0
450000.0,,,,,1,14,17.0,141081,2.0,2320.0,0.0
,0.0,,,,2,14,12.0,141081,,,0.0
,,,,,1,14,,141081,,,0.0
,,,,,1,14,,141081,,,0.0
,,,,,1,14,,141081,,,0.0
,,,,,2,14,12.0,141081,1.0,1316.0,0.0
,0.0,,,,1,14,12.0,141081,,,0.0
,,,,,1,14,,141081,,,0.0
,0.0,,,,2,14,16.0,141081,,,0.0
,,,,,2,14,10.0,141081,1.0,1314.0,0.0
,,,,,1,14,16.0,141081,2.0,2131.0,0.0
800000.0,,,,,1,14,17.0,141081,2.0,2142.0,0.0
,0.0,,,,2,14,17.0,141081,,,0.0
,,,,,1,14,,141081,,,0.0
,,,,,2,14,,141081,,,0.0
1000000.0,,,,,1,14,17.0,141081,5.0,5113.0,0.0
,0.0,,,104646.0,2,14,3.0,141081,,,104646.0
,,,,,2,14,15.0,141081,9.0,9113.0,0.0
200000.0,,,,,1,14,15.0,141081,8.0,8332.0,0.0
,,,,,1,14,,141081,,,0.0
700000.0,,,,,2,14,15.0,141081,2.0,2332.0,0.0
700000.0,,,,,1,14,16.0,141081,2.0,2320.0,0.0
,,,,,2,14,12.0,141081,7.0,7331.0,0.0
,0.0,,,,2,14,12.0,141081,,,0.0
270000.0,,,,,1,14,12.0,141081,9.0,9313.0,0.0
,,,,,1,14,,141081,,,0.0
,,,,,1,14,,141081,,,0.0
99.0,,,,,1,14,14.0,141081,3.0,3112.0,0.0
,0.0,,,,2,14,12.0,141081,,,0.0
,,,,,1,14,12.0,141081,8.0,8324.0,0.0
,,,,,1,14,12.0,141081,1.0,1317.0,0.0
,0.0,,,,2,14,12.0,141081,,,0.0
,,,,,1,14,,141081,,,0.0
,,,,,2,14,12.0,141081,1.0,1315.0,0.0
350000.0,,,,,1,14,12.0,141081,8.0,8324.0,0.0
270000.0,,,,,1,14,3.0,141083,9.0,9312.0,0.0
,,,,,1,14,6.0,141083,9.0,9212.0,0.0
,0.0,,,,2,14,8.0,141083,,,0.0
300000.0,,,,,1,14,12.0,141083,9.0,9312.0,0.0
,0.0,,,104646.0,1,14,12.0,141083,,,104646.0
,0.0,,,104646.0,2,14,0.0,141083,,,104646.0
,,,,,1,14,12.0,141083,7.0,7422.0,0.0
,0.0,,,104646.0,2,14,8.0,141083,,,104646.0
,0.0,,,,2,14,12.0,141083,,,0.0
,,11091.0,,,2,14,,141083,,,0.0
,,,,,2,14,,141083,,,0.0
,0.0,,,104646.0,1,14,8.0,141083,,,104646.0
,0.0,,,,2,14,2.0,141083,,,0.0
350000.0,,,,,1,14,16.0,141083,8.0,8324.0,0.0
300000.0,,,,,2,14,15.0,141083,3.0,3152.0,0.0
95000.0,,,,,2,14,12.0,141083,4.0,4143.0,0.0
,,,,,2,14,12.0,141083,7.0,7436.0,0.0
,,,,,1,14,12.0,141083,7.0,7122.0,0.0
,0.0,,,,2,14,10.0,141083,,,0.0
275000.0,,,,,2,14,9.0,141083,5.0,5122.0,0.0
270000.0,,,,,1,14,12.0,141083,5.0,5169.0,0.0
,,,,,1,14,12.0,141083,5.0,5122.0,0.0
,0.0,,,,2,14,12.0,141083,,,0.0
0.0,,,,,2,14,12.0,141083,5.0,5112.0,0.0
,,,,,2,14,,141083,,,0.0
,0.0,,,104646.0,1,14,0.0,141083,,,104646.0
430000.0,,,,,1,14,12.0,141083,3.0,3111.0,0.0
70000.0,,,,,2,14,12.0,141083,5.0,5220.0,0.0
,,11091.0,,,1,14,,141083,,,0.0
,,11091.0,,,2,14,,141083,,,0.0
400000.0,,,,,1,14,15.0,141083,8.0,8323.0,0.0
750000.0,,,,,2,14,17.0,141083,2.0,2332.0,0.0
,,,,,1,14,,141083,,,0.0
280000.0,,,,,1,14,3.0,141083,9.0,9312.0,0.0
,0.0,,,,2,14,8.0,141083,,,0.0
,0.0,,,,2,14,9.0,141083,,,0.0
,0.0,,,,2,14,9.0,141083,,,0.0
,,11091.0,,,2,14,,141083,,,0.0
,,11091.0,,,2,14,,141083,,,0.0
,,11091.0,,,1,14,,141083,,,0.0
250000.0,,,,,1,14,8.0,141083,9.0,9211.0,0.0
,0.0,,,,2,14,8.0,141083,,,0.0
,0.0,,,,1,14,12.0,141083,,,0.0
,0.0,,,,2,14,11.0,141083,,,0.0
,0.0,,,,2,14,11.0,141083,,,0.0
400000.0,,,,,1,14,,141083,7.0,7124.0,0.0
,0.0,,,,2,14,10.0,141083,,,0.0
550000.0,,,,,1,14,12.0,141083,7.0,7422.0,0.0
750000.0,,,,,2,14,17.0,141083,2.0,2320.0,0.0
,,,,,1,14,,141083,,,0.0
,,,,,1,14,,141083,,,0.0
240000.0,,,,,1,14,12.0,141083,7.0,7124.0,0.0
,0.0,,,,2,14,12.0,141083,,,0.0
,,11091.0,,,1,14,,141083,,,0.0
,,11091.0,,,1,14,,141083,,,0.0
,0.0,,,104646.0,2,14,11.0,141083,,,104646.0
,0.0,,,104646.0,2,14,6.0,141083,,,104646.0
240000.0,,,,,2,14,16.0,141083,2.0,2331.0,0.0
,,,,,1,14,12.0,141083,6.0,6111.0,0.0
,0.0,,,,2,14,12.0,141083,,,0.0
,,,,,1,14,,141083,,,0.0
,,,,,1,14,,141083,,,0.0
,,,,,1,14,,141083,,,0.0
,,,,,1,14,6.0,141083,7.0,7124.0,0.0
270000.0,,,,,2,14,6.0,141083,9.0,9131.0,0.0
,0.0,,,,2,14,12.0,141083,,,0.0
400000.0,,,,,1,14,12.0,141083,7.0,7124.0,0.0
,,,,,2,14,,141083,,,0.0
80000.0,,,,,1,14,6.0,141083,6.0,6113.0,0.0
,0.0,,,,2,14,6.0,141083,,,0.0
270000.0,,,,,2,14,12.0,141083,4.0,4211.0,0.0
,,,,,1,14,12.0,141083,7.0,7124.0,0.0
,,,,,2,14,,141083,,,0.0
,,,,,1,14,,141083,,,0.0
,0.0,,,104646.0,1,14,0.0,141083,,,104646.0
160000.0,,,,,1,14,12.0,141083,9.0,9132.0,0.0
230000.0,,,,,1,14,8.0,141083,7.0,7124.0,0.0
,0.0,,,,2,14,5.0,141083,,,0.0
,,11091.0,,,2,14,,141083,,,0.0
,0.0,,,,1,14,10.0,141083,,,0.0
,,,,,1,14,12.0,141083,1.0,1314.0,0.0
400000.0,,,,,1,14,8.0,141083,6.0,6151.0,0.0
400000.0,,,,,2,14,5.0,141083,9.0,9131.0,0.0
,0.0,,,,2,14,13.0,141083,,,0.0
,0.0,,170000.0,,1,14,7.0,141083,,,170000.0
,0.0,,,104646.0,2,14,2.0,141083,,,104646.0
,0.0,,,104646.0,1,14,0.0,141083,,,104646.0
,0.0,,,,2,14,8.0,141083,,,0.0
,0.0,,,,2,14,0.0,141083,,,0.0
99.0,,,,,2,14,12.0,141083,5.0,5131.0,0.0
,0.0,,,,2,14,11.0,141083,,,0.0
99.0,,,,,1,14,12.0,141083,7.0,7137.0,0.0
,,,,,2,14,2.0,141083,9.0,9113.0,0.0
,0.0,,,,2,14,10.0,141083,,,0.0
,,,,,2,14,,141083,,,0.0
230000.0,,,,,1,14,7.0,141083,6.0,6113.0,0.0
230000.0,,,,,2,14,7.0,141083,5.0,5122.0,0.0
350000.0,,,,,1,14,12.0,141083,5.0,5132.0,0.0
,,,,,2,14,8.0,141083,5.0,5220.0,0.0
300000.0,,,85000.0,,1,14,0.0,141083,9.0,9211.0,85000.0
230000.0,,,,,1,14,11.0,141083,9.0,9313.0,0.0
,0.0,,,104646.0,1,14,4.0,141083,,,104646.0
,0.0,,,104646.0,2,14,0.0,141083,,,104646.0
200000.0,,,,,1,14,8.0,141083,9.0,9333.0,0.0
300000.0,,,,,2,14,12.0,141083,5.0,5122.0,0.0
150000.0,,,,,1,14,12.0,141083,9.0,9313.0,0.0
300000.0,,,,,2,14,6.0,141083,9.0,9131.0,0.0
,0.0,,,,1,14,8.0,141083,,,0.0
,0.0,,,,2,14,0.0,141083,,,0.0
,0.0,,,,2,14,3.0,141083,,,0.0
270000.0,,,,,1,14,11.0,141083,9.0,9211.0,0.0
,0.0,,170000.0,,1,14,0.0,141083,,,170000.0
,0.0,,,,2,14,4.0,141083,,,0.0
,0.0,,,,2,14,0.0,141083,,,0.0
,0.0,,,,2,14,8.0,141083,,,0.0
,0.0,,,,1,14,8.0,141083,,,0.0
,0.0,,,,1,14,8.0,141083,,,0.0
,,11091.0,,,1,14,,141083,,,0.0
,,,,,1,14,8.0,141083,6.0,6130.0,0.0
,0.0,,,,2,14,7.0,141083,,,0.0
200000.0,,,115000.0,,2,14,4.0,141083,9.0,9131.0,115000.0
,,,,,1,14,12.0,141083,6.0,6113.0,0.0
,0.0,,,,2,14,6.0,141083,,,0.0
,0.0,,,,1,14,12.0,141083,,,0.0
,,,,,1,14,9.0,141083,9.0,9152.0,0.0
190000.0,,,,,2,14,13.0,141083,5.0,5131.0,0.0
,0.0,,,,2,14,14.0,141083,,,0.0
,,,,,1,14,,141083,,,0.0
400000.0,,,,,1,14,10.0,141083,7.0,7123.0,0.0
,0.0,,,,2,14,10.0,141083,,,0.0
,,11091.0,,,1,14,,141083,,,0.0
,,,90000.0,,1,14,15.0,141083,3.0,3112.0,90000.0
,0.0,,,,2,14,12.0,141083,,,0.0
,0.0,,,,1,14,0.0,141083,,,0.0
99.0,,,,,2,14,17.0,141083,2.0,2445.0,0.0
,0.0,,,,2,14,17.0,141083,,,0.0
,0.0,,,,2,14,15.0,141083,,,0.0
,,,,,2,14,,141083,,,0.0
,,,,,1,14,,141083,,,0.0
280000.0,,,,,1,14,12.0,141083,6.0,6113.0,0.0
,0.0,,,,2,14,12.0,141083,,,0.0
,0.0,,,,2,14,14.0,141083,,,0.0
,0.0,,143000.0,,1,14,2.0,141083,,,143000.0
,0.0,,80000.0,,2,14,8.0,141083,,,80000.0
,0.0,,,104646.0,2,14,2.0,141083,,,104646.0
,,,,,1,14,5.0,141083,9.0,9212.0,0.0
,,,,,2,14,12.0,141083,6.0,6113.0,0.0
,,11091.0,,,1,14,,141083,,,0.0
270000.0,,,,,1,14,15.0,141083,3.0,3112.0,0.0
,0.0,,,,2,14,12.0,141083,,,0.0
,,11091.0,,,1,14,,141083,,,0.0
,,11091.0,,,1,14,,141083,,,0.0
,,,144000.0,,1,14,2.0,141083,7.0,7124.0,144000.0
,0.0,,,,2,14,0.0,141083,,,0.0
,,,,,1,14,18.0,141083,2.0,2340.0,0.0
,,,,,1,14,6.0,141083,6.0,6113.0,0.0
,0.0,,,,2,14,12.0,141083,,,0.0
,0.0,,,,2,14,0.0,141083,,,0.0
,0.0,,,,2,14,8.0,141083,,,0.0
,,,,,1,14,,141083,,,0.0
,,,,,1,14,,141083,,,0.0
,0.0,,,,1,14,10.0,141083,,,0.0
,0.0,,,,2,14,10.0,141083,,,0.0
,,,,,1,14,14.0,141083,7.0,7124.0,0.0
,,,,,1,14,6.0,141083,9.0,9211.0,0.0
,0.0,,,104646.0,2,14,5.0,141083,,,104646.0
,0.0,,160000.0,,1,14,6.0,141083,,,160000.0
277000.0,,,,,1,14,6.0,141083,9.0,9211.0,0.0
277000.0,,,,,2,14,5.0,141083,9.0,9211.0,0.0
,,,,,2,14,,141083,,,0.0
,,,,,1,14,12.0,141083,6.0,6111.0,0.0
250000.0,,,,,2,14,6.0,141083,9.0,9211.0,0.0
,,11091.0,,,1,14,,141083,,,0.0
250000.0,,,,,2,14,8.0,141083,9.0,9131.0,0.0
300000.0,,,,,2,14,15.0,141083,4.0,4115.0,0.0
,,,,,1,14,15.0,141083,1.0,1314.0,0.0
,,,,,2,14,,141083,,,0.0
,,,,,1,14,,141083,,,0.0
350000.0,,,,,1,14,12.0,141083,6.0,6113.0,0.0
,0.0,,,,2,14,12.0,141083,,,0.0
,,11091.0,,,1,14,,141083,,,0.0
,,11091.0,,,1,14,,141083,,,0.0
,,11091.0,,,2,14,,141083,,,0.0
0.0,,,,,1,14,8.0,141083,9.0,9211.0,0.0
,0.0,,,,2,14,12.0,141083,,,0.0
,0.0,,,,1,14,17.0,141083,,,0.0
,0.0,,,,1,14,16.0,141083,,,0.0
280000.0,,,,,1,14,8.0,141083,6.0,6121.0,0.0
,0.0,,,,2,14,6.0,141083,,,0.0
,0.0,,,,2,14,17.0,141083,,,0.0
277000.0,,,,,1,14,6.0,141083,6.0,6121.0,0.0
,0.0,,,,2,14,5.0,141083,,,0.0
,0.0,,,,2,14,14.0,141083,,,0.0
277000.0,,,,,1,14,5.0,141083,9.0,9211.0,0.0
,0.0,,,,2,14,5.0,141083,,,0.0
,0.0,11091.0,,,1,14,11.0,141083,,,0.0
,,,,,1,14,,141083,,,0.0
290000.0,,,,,1,14,4.0,141083,9.0,9211.0,0.0
,0.0,,,,2,14,8.0,141083,,,0.0
,,11091.0,,,1,14,,141083,,,0.0
,,11091.0,,,1,14,,141083,,,0.0
,,,,,1,14,12.0,141083,6.0,6130.0,0.0
,,,,,2,14,12.0,141083,6.0,6111.0,0.0
,0.0,,,104646.0,2,14,0.0,141083,,,104646.0
,,,,,2,14,,141083,,,0.0
277000.0,,,,,1,14,12.0,141083,6.0,6121.0,0.0
,0.0,,,,2,14,12.0,141083,,,0.0
,0.0,,200000.0,,1,14,6.0,141083,,,200000.0
,0.0,,,104646.0,2,14,4.0,141083,,,104646.0
300000.0,,,,,1,14,12.0,141083,8.0,8331.0,0.0
,,,,,2,14,12.0,141083,6.0,6113.0,0.0
400000.0,,,,,2,14,15.0,141083,3.0,3231.0,0.0
,,,,,1,14,7.0,141083,9.0,9313.0,0.0
,0.0,,,,2,14,11.0,141083,,,0.0
,0.0,,,,1,14,12.0,141083,,,0.0
277000.0,,,,,1,14,12.0,141083,8.0,8323.0,0.0
,0.0,,,,2,14,12.0,141083,,,0.0
300000.0,,,,,1,14,12.0,141083,8.0,8324.0,0.0
,0.0,,,,2,14,12.0,141083,,,0.0
,,,,,2,14,,141083,,,0.0
,0.0,,,,1,14,12.0,141083,,,0.0
,0.0,,,,2,14,9.0,141083,,,0.0
300000.0,,,,,2,14,17.0,141083,2.0,2213.0,0.0
270000.0,,,,,1,14,10.0,141083,9.0,9312.0,0.0
240000.0,,,,,1,14,8.0,141083,9.0,9333.0,0.0
,0.0,,,,2,14,8.0,141083,,,0.0
300000.0,,,,,1,14,8.0,141083,8.0,8334.0,0.0
300000.0,,,,,1,14,8.0,141083,6.0,6121.0,0.0
,0.0,,,,2,14,4.0,141083,,,0.0
400000.0,,,,,1,14,11.0,141083,6.0,6112.0,0.0
230000.0,,,,,2,14,8.0,141083,9.0,9211.0,0.0
,,11091.0,,,2,14,,141083,,,0.0
,,11091.0,,,1,14,,141083,,,0.0
,,,,104646.0,1,14,7.0,141083,6.0,6210.0,104646.0
99.0,,,,,2,14,12.0,141083,9.0,9211.0,0.0
,0.0,,,,2,14,0.0,141083,,,0.0
,0.0,,,,1,14,10.0,141083,,,0.0
,,,,104646.0,2,14,6.0,141083,7.0,7332.0,104646.0
100000.0,,,,,1,14,13.0,141083,6.0,6113.0,0.0
,,,,,1,14,8.0,141083,6.0,6130.0,0.0
,0.0,,,,2,14,5.0,141083,,,0.0
100000.0,,,,,2,14,12.0,141083,4.0,4211.0,0.0
,,11091.0,,,2,14,,141083,,,0.0
230000.0,,,,,2,14,4.0,141083,5.0,5122.0,0.0
230000.0,,,,,2,14,12.0,141083,5.0,5122.0,0.0
,,11091.0,,,1,14,,141083,,,0.0
,,11091.0,,,2,14,,141083,,,0.0
280000.0,,,,,1,14,7.0,141083,6.0,6121.0,0.0
,0.0,,,,2,14,8.0,141083,,,0.0
10000.0,,,,,1,14,8.0,141083,9.0,9211.0,0.0
450000.0,,,,,1,14,13.0,141083,3.0,3113.0,0.0
,,,,,2,14,12.0,141083,7.0,7433.0,0.0
,0.0,,,,1,14,13.0,141083,,,0.0
,0.0,,,,1,14,8.0,141083,,,0.0
,0.0,,,,1,14,11.0,141083,,,0.0
,0.0,,,,2,14,15.0,141083,,,0.0
,0.0,,,,1,14,11.0,141083,,,0.0
270000.0,,,,,1,14,12.0,141083,9.0,9162.0,0.0
120000.0,,,,,2,14,12.0,141083,9.0,9132.0,0.0
,0.0,,,,2,14,15.0,141083,,,0.0
,0.0,,,,1,14,10.0,141083,,,0.0
,,,,,2,14,,141083,,,0.0
250000.0,,,,,1,14,8.0,141083,9.0,9211.0,0.0
,0.0,,,,2,14,6.0,141083,,,0.0
,,11091.0,,,2,14,,141083,,,0.0
300000.0,,,,,1,14,7.0,141083,6.0,6141.0,0.0
,0.0,,,,2,14,8.0,141083,,,0.0
,0.0,11091.0,,,2,14,12.0,141083,,,0.0
,,11091.0,,,2,14,,141083,,,0.0
,,11091.0,,,1,14,,141083,,,0.0
,0.0,,,,2,14,4.0,141083,,,0.0
,180000.0,,,,2,14,7.0,141083,,,0.0
300000.0,,,,,1,14,7.0,141083,7.0,7124.0,0.0
,0.0,,,,2,14,8.0,141083,,,0.0
,0.0,11091.0,,,2,14,11.0,141083,,,0.0
,,11091.0,,,1,14,,141083,,,0.0
350000.0,,,,,2,14,3.0,141083,9.0,9131.0,0.0
,0.0,,,,2,14,15.0,141083,,,0.0
,0.0,,,,2,14,11.0,141083,,,0.0
,,11091.0,,,1,14,,141083,,,0.0
800000.0,,,,,2,14,17.0,141083,2.0,2340.0,0.0
500000.0,,,,,1,14,17.0,141083,2.0,2320.0,0.0
230000.0,,,,,2,14,17.0,141083,5.0,5131.0,0.0
,0.0,,,,2,14,11.0,141083,,,0.0
,,11091.0,,,2,14,,141083,,,0.0
,0.0,,,,2,14,1.0,141083,,,0.0
0.0,,,,,1,14,7.0,141083,9.0,9211.0,0.0
,0.0,,,,1,14,5.0,141083,,,0.0
,,,,,1,14,10.0,141083,6.0,6121.0,0.0
230000.0,,,,,1,14,8.0,141083,6.0,6121.0,0.0
,0.0,,,,2,14,4.0,141083,,,0.0
,0.0,,,,1,14,12.0,141083,,,0.0
,0.0,,,,1,14,14.0,141083,,,0.0
,0.0,,,,2,14,12.0,141083,,,0.0
2300000.0,,,,,1,14,9.0,141083,6.0,6121.0,0.0
,0.0,,,,2,14,11.0,141083,,,0.0
,0.0,,,,1,14,17.0,141083,,,0.0
,,,,,1,14,9.0,141083,6.0,6121.0,0.0
,0.0,,,,2,14,12.0,141083,,,0.0
,0.0,,,,2,14,8.0,141083,,,0.0
,0.0,,,104646.0,2,14,4.0,141083,,,104646.0
,,,,,1,14,8.0,141083,9.0,9333.0,0.0
,,,,,1,14,4.0,141083,6.0,6130.0,0.0
,0.0,,,,2,14,5.0,141083,,,0.0
,0.0,,,,1,14,6.0,141083,,,0.0
,0.0,,,,2,14,2.0,141083,,,0.0
,0.0,,,,1,14,12.0,141083,,,0.0
,,,,,2,14,12.0,141083,1.0,1314.0,0.0
,0.0,,,,2,14,13.0,141083,,,0.0
,0.0,,,,2,14,12.0,141083,,,0.0
,,,,,1,14,,141083,,,0.0
0.0,,,,,1,14,8.0,141083,9.0,9312.0,0.0
,0.0,,,,2,14,8.0,141083,,,0.0
,0.0,,,,1,14,6.0,141083,,,0.0
,0.0,,,,2,14,6.0,141083,,,0.0
,0.0,,,,2,14,4.0,141083,,,0.0
150000.0,,,,,2,14,10.0,141083,9.0,9131.0,0.0
,,,,,2,14,,141083,,,0.0
230000.0,,,,,1,14,12.0,141083,4.0,4131.0,0.0
,0.0,,,,2,14,9.0,141083,,,0.0
,,,,,1,14,10.0,141083,7.0,7124.0,0.0
,0.0,,,,2,14,10.0,141083,,,0.0
,,11091.0,,,1,14,,141083,,,0.0
,,,,,1,14,8.0,141083,6.0,6123.0,0.0
,0.0,,,,2,14,12.0,141083,,,0.0
300000.0,,,,,1,14,12.0,141083,5.0,5220.0,0.0
,,11091.0,,,1,14,,141083,,,0.0
230000.0,,,,,1,14,8.0,141083,8.0,8331.0,0.0
,0.0,,,,2,14,11.0,141083,,,0.0
300000.0,,,,,1,14,8.0,141083,6.0,6121.0,0.0
,0.0,,,,2,14,10.0,141083,,,0.0
,0.0,,,,1,14,13.0,141083,,,0.0
,0.0,11091.0,,,1,14,9.0,141083,,,0.0
,,11091.0,,,1,14,,141083,,,0.0
,0.0,,,104646.0,2,14,6.0,141083,,,104646.0
300000.0,,,,,2,14,9.0,141083,5.0,5122.0,0.0
,0.0,,,,2,14,12.0,141083,,,0.0
,,,,,2,14,,141083,,,0.0
750000.0,,,,,1,14,17.0,141083,2.0,2331.0,0.0
,0.0,,168000.0,,1,14,0.0,141083,,,168000.0
,0.0,,,,2,14,11.0,141083,,,0.0
,0.0,,,,1,14,0.0,141083,,,0.0
,0.0,,300000.0,,2,14,4.0,141083,,,300000.0
,0.0,,,,1,14,6.0,141083,,,0.0
,,,,,1,14,12.0,141083,7.0,7141.0,0.0
,0.0,,,,1,14,2.0,141083,,,0.0
,0.0,,,,2,14,4.0,141083,,,0.0
380000.0,,,,,1,14,8.0,141083,8.0,8324.0,0.0
,0.0,,,,1,14,10.0,141083,,,0.0
,,,,,1,14,,141083,,,0.0
,,,,,1,14,8.0,141083,7.0,7135.0,0.0
,0.0,,,,2,14,8.0,141083,,,0.0
,0.0,,,,1,14,9.0,141083,,,0.0
,,,,,1,14,12.0,141083,7.0,7136.0,0.0
,0.0,,,,2,14,12.0,141083,,,0.0
,,11091.0,,,2,14,,141083,,,0.0
,0.0,,130000.0,,1,14,2.0,141083,,,130000.0
,0.0,,200000.0,,2,14,3.0,141083,,,200000.0
270000.0,,,,,1,14,6.0,141083,7.0,7124.0,0.0
,,,,,2,14,6.0,141083,7.0,7332.0,0.0
,0.0,,,,2,14,0.0,141083,,,0.0
,0.0,,,,1,14,12.0,141083,,,0.0
350000.0,,,,,1,14,11.0,141083,7.0,7124.0,0.0
,0.0,,,,2,14,6.0,141083,,,0.0
,,11091.0,,,1,14,,141083,,,0.0
,,11091.0,,,2,14,,141083,,,0.0
99.0,,,,,1,14,12.0,141083,9.0,9313.0,0.0
99.0,,,,,2,14,12.0,141083,4.0,4222.0,0.0
,,,,,2,14,,141083,,,0.0
,,,,,2,14,,141083,,,0.0
140000.0,,,,,2,14,12.0,141083,9.0,9131.0,0.0
270000.0,,,,,1,14,9.0,141083,7.0,7124.0,0.0
,0.0,,,,2,14,9.0,141083,,,0.0
,,,,,1,14,,141083,,,0.0
,,11091.0,,,1,14,,141083,,,0.0
,0.0,,150000.0,,1,14,0.0,141083,,,150000.0
,,,,,1,14,8.0,141083,7.0,7124.0,0.0
,0.0,,,,2,14,8.0,141083,,,0.0
,,11091.0,,,2,14,,141083,,,0.0
,0.0,,,104646.0,1,14,0.0,141083,,,104646.0
,0.0,,,,2,14,7.0,141083,,,0.0
,0.0,11091.0,,,2,14,10.0,141083,,,0.0
,0.0,,,,2,14,5.0,141083,,,0.0
270000.0,,,,,1,14,4.0,141083,6.0,6141.0,0.0
,0.0,,,,2,14,4.0,141083,,,0.0
270000.0,,,,,1,14,10.0,141083,7.0,7124.0,0.0
,0.0,,,,2,14,11.0,141083,,,0.0
,,,,,2,14,,141083,,,0.0
,,,,,2,14,,141083,,,0.0
520000.0,,,,,1,14,6.0,141083,7.0,7124.0,0.0
,0.0,,,,2,14,6.0,141083,,,0.0
520000.0,,,,,1,14,12.0,141083,7.0,7124.0,0.0
,0.0,,99.0,,2,14,3.0,141083,,,99.0
,0.0,,,,1,14,12.0,141083,,,0.0
,0.0,,,,2,14,10.0,141083,,,0.0
,0.0,,,,2,14,12.0,141083,,,0.0
290000.0,,,,,2,14,12.0,141083,5.0,5131.0,0.0
270000.0,,,,,1,14,12.0,141083,9.0,9313.0,0.0
,,,,,2,14,,141083,,,0.0
250000.0,,,,,1,14,4.0,141083,9.0,9313.0,0.0
,0.0,,,,2,14,4.0,141083,,,0.0
300000.0,,,,,1,14,15.0,141083,7.0,7124.0,0.0
300000.0,,,,,1,14,12.0,141083,7.0,7124.0,0.0
,0.0,,,,2,14,12.0,141083,,,0.0
0.0,,,,,1,14,4.0,141083,7.0,7124.0,0.0
,0.0,,,,2,14,4.0,141083,,,0.0
110000.0,,,,,2,14,4.0,141083,9.0,9132.0,0.0
260000.0,,,,,1,14,6.0,141083,9.0,9152.0,0.0
,0.0,,,,2,14,6.0,141083,,,0.0
280000.0,,,,,1,14,12.0,141083,9.0,9313.0,0.0
,0.0,,,,2,14,8.0,141083,,,0.0
,,,,,2,14,,141083,,,0.0
280000.0,,,,,1,14,10.0,141083,9.0,9313.0,0.0
290000.0,,,,,2,14,12.0,141083,5.0,5131.0,0.0
,0.0,,105000.0,,1,14,8.0,141083,,,105000.0
,0.0,,,104646.0,2,14,11.0,141083,,,104646.0
,,,,,2,14,7.0,141083,7.0,7412.0,0.0
,0.0,,,,1,14,10.0,141083,,,0.0
,,11091.0,,,1,14,,141083,,,0.0
,,11091.0,,,1,14,,141083,,,0.0
,,11091.0,,,2,14,,141083,,,0.0
380000.0,,,,,1,14,12.0,141083,7.0,7124.0,0.0
,0.0,,,,2,14,13.0,141083,,,0.0
,,,,,1,14,,141083,,,0.0
,,,,,2,14,,141083,,,0.0
,,,,,1,14,7.0,141083,1.0,1314.0,0.0
,0.0,,,,2,14,8.0,141083,,,0.0
490000.0,,,,,2,14,17.0,141083,2.0,2331.0,0.0
,,,,,1,14,,141083,,,0.0
,,,,,2,14,,141083,,,0.0
,0.0,,,,2,14,14.0,141083,,,0.0
,0.0,,,,2,14,12.0,141083,,,0.0
,0.0,,,,2,14,8.0,141083,,,0.0
270099.0,,,,,1,14,10.0,141083,7.0,7124.0,0.0
290000.0,,,,,1,14,12.0,141083,9.0,9152.0,0.0
290000.0,,,,,2,14,0.0,141083,9.0,9132.0,0.0
,0.0,,,,2,14,14.0,141083,,,0.0
450000.0,,,,,1,14,8.0,141083,8.0,8340.0,0.0
,0.0,,,,2,14,12.0,141083,,,0.0
,0.0,,,,2,14,13.0,141083,,,0.0
270000.0,,,,,1,14,4.0,141083,9.0,9162.0,0.0
,0.0,,,,2,14,8.0,141083,,,0.0
,,,,,2,14,,141083,,,0.0
400000.0,,,,,1,14,5.0,141083,7.0,7124.0,0.0
,0.0,,,,2,14,7.0,141083,,,0.0
277000.0,,,,,1,14,7.0,141083,6.0,6113.0,0.0
,0.0,,,,2,14,7.0,141083,,,0.0
,0.0,,,,1,14,12.0,141083,,,0.0
,0.0,,,,2,14,9.0,141083,,,0.0
,,11091.0,,,2,14,,141083,,,0.0
277000.0,,,,,1,14,12.0,141083,9.0,9313.0,0.0
,0.0,,,,2,14,12.0,141083,,,0.0
,,11091.0,,,2,14,,141083,,,0.0
350000.0,,,,,1,14,6.0,141083,6.0,6113.0,0.0
,0.0,,,,2,14,6.0,141083,,,0.0
,0.0,,,,2,14,12.0,141083,,,0.0
450000.0,,,,,1,14,11.0,141083,8.0,8332.0,0.0
,,11091.0,,,2,14,,141083,,,0.0
300000.0,,,,,1,14,8.0,141083,9.0,9151.0,0.0
,0.0,,,,2,14,8.0,141083,,,0.0
,0.0,,,,2,14,15.0,141083,,,0.0
,0.0,,,,1,14,10.0,141083,,,0.0
,,,,,1,14,4.0,141083,6.0,6121.0,0.0
,0.0,,,,2,14,4.0,141083,,,0.0
,0.0,,,,1,14,14.0,141083,,,0.0
,0.0,,,,1,14,3.0,141083,,,0.0
,0.0,,,,2,14,2.0,141083,,,0.0
,0.0,,,,1,14,6.0,141083,,,0.0
,,,,,1,14,17.0,141083,1.0,1315.0,0.0
,,,,,2,14,17.0,141083,1.0,1315.0,0.0
,,,,,2,14,0.0,141083,7.0,7332.0,0.0
,0.0,,,,1,14,7.0,141083,,,0.0
300000.0,,,,,1,14,8.0,141083,6.0,6121.0,0.0
,0.0,,,,2,14,7.0,141083,,,0.0
,0.0,,,,1,14,12.0,141083,,,0.0
,,,,,1,14,,141083,,,0.0
,,,,,2,14,,141083,,,0.0
,0.0,,,,2,14,10.0,141083,,,0.0
,,11091.0,,,2,14,,141083,,,0.0
,,,,,1,14,8.0,141083,7.0,7124.0,0.0
,,,,,1,14,0.0,141083,7.0,7422.0,0.0
,,,,,2,14,12.0,141083,1.0,1315.0,0.0
,0.0,,,,2,14,0.0,141083,,,0.0
,0.0,,,,2,14,1.0,141083,,,0.0
,0.0,,,,1,14,3.0,142011,,,0.0
,0.0,,,,2,14,7.0,142011,,,0.0
,,,,,2,14,12.0,142011,8.0,8322.0,0.0
,,,,,1,14,,142011,,,0.0
,0.0,,230000.0,,2,14,12.0,142011,,,230000.0
,,,140000.0,,1,14,6.0,142011,6.0,6141.0,140000.0
,0.0,,,104646.0,2,14,7.0,142011,,,104646.0
,0.0,,,104646.0,2,14,3.0,142011,,,104646.0
400000.0,,,,,2,14,12.0,142011,5.0,5132.0,0.0
400000.0,,,,,1,14,12.0,142011,5.0,5162.0,0.0
,0.0,,,,2,14,8.0,142011,,,0.0
328000.0,,,,,1,14,14.0,142011,8.0,8272.0,0.0
,0.0,,,,2,14,12.0,142011,,,0.0
,,,,,1,14,,142011,,,0.0
,,,,,1,14,,142011,,,0.0
250000.0,,,,,1,14,6.0,142011,8.0,8322.0,0.0
700000.0,,,,,2,14,17.0,142011,2.0,2331.0,0.0
,,,,,1,14,11.0,142011,7.0,7136.0,0.0
,0.0,,,,2,14,7.0,142011,,,0.0
210000.0,,,,,2,14,14.0,142011,5.0,5131.0,0.0
300000.0,,,,,1,14,13.0,142011,3.0,3212.0,0.0
,,,,,1,14,,142011,,,0.0
,,,,,2,14,16.0,142011,9.0,9322.0,0.0
280000.0,,,,,1,14,14.0,142011,9.0,9152.0,0.0
,,,,,1,14,,142011,,,0.0
,,,,,2,14,6.0,142011,9.0,9131.0,0.0
,0.0,,,,2,14,4.0,142011,,,0.0
,0.0,,,104646.0,2,14,1.0,142011,,,104646.0
216000.0,,,,,2,14,1.0,142011,9.0,9131.0,0.0
,0.0,,,,2,14,12.0,142011,,,0.0
99.0,,,,,1,14,12.0,142011,9.0,9313.0,0.0
,0.0,,,,2,14,9.0,142011,,,0.0
,,11091.0,,,2,14,,142011,,,0.0
,,11091.0,,,1,14,,142011,,,0.0
,,,,,1,14,,142011,,,0.0
,0.0,,,,2,14,2.0,142011,,,0.0
99.0,,,,,1,14,8.0,142011,7.0,7233.0,0.0
200000.0,,,,,2,14,15.0,142011,4.0,4115.0,0.0
,,,,,2,14,8.0,142011,5.0,5230.0,0.0
,0.0,,300000.0,,1,14,12.0,142011,,,300000.0
,0.0,,,104646.0,2,14,6.0,142011,,,104646.0
,99.0,,,,2,14,7.0,142011,,,0.0
180000.0,,,,,1,14,12.0,142011,7.0,7137.0,0.0
900000.0,,,,,1,14,17.0,142011,2.0,2132.0,0.0
1200000.0,,,,,2,14,17.0,142011,2.0,2230.0,0.0
,,,,,2,14,,142011,,,0.0
1800000.0,,,,,1,14,17.0,142011,2.0,2139.0,0.0
900000.0,,,,,2,14,16.0,142011,2.0,2320.0,0.0
,,,,,2,14,,142011,,,0.0
,,,,,2,14,,142011,,,0.0
1200000.0,,,,,1,14,17.0,142011,2.0,2132.0,0.0
600000.0,,,,,2,14,15.0,142011,2.0,2419.0,0.0
,0.0,,,,2,14,17.0,142011,,,0.0
,0.0,,,,1,14,17.0,142011,,,0.0
,0.0,,,,2,14,14.0,142011,,,0.0
,0.0,,,104646.0,2,14,6.0,142011,,,104646.0
,,,99.0,,1,14,12.0,142011,8.0,8322.0,99.0
,0.0,,120000.0,,1,14,2.0,142011,,,120000.0
,,,,,1,14,15.0,142011,2.0,2419.0,0.0
270000.0,,,,,2,14,15.0,142011,3.0,3439.0,0.0
99.0,,,,,2,14,12.0,142011,4.0,4211.0,0.0
,,,,,2,14,15.0,142011,9.0,9322.0,0.0
,0.0,,,,1,14,12.0,142011,,,0.0
,0.0,,,,2,14,10.0,142011,,,0.0
,,,,,2,14,12.0,142011,7.0,7412.0,0.0
,,,,,2,14,16.0,142011,2.0,2320.0,0.0
,0.0,,320000.0,,1,14,12.0,142011,,,320000.0
,0.0,,320000.0,,2,14,12.0,142011,,,320000.0
216000.0,,,,,1,14,12.0,142011,4.0,4211.0,0.0
216000.0,,,,,1,14,15.0,142011,4.0,4190.0,0.0
,0.0,,,,1,14,0.0,142011,,,0.0
,0.0,,,,2,14,0.0,142011,,,0.0
360000.0,,,,,1,14,15.0,142011,4.0,4190.0,0.0
,0.0,,,,2,14,8.0,142011,,,0.0
216000.0,,,,,1,14,8.0,142011,9.0,9313.0,0.0
,,,,,1,14,,142011,,,0.0
,,,,,1,14,,142011,,,0.0
,,,,,1,14,,142011,,,0.0
,0.0,,,,2,14,4.0,142011,,,0.0
,0.0,,,104646.0,1,14,3.0,142011,,,104646.0
,0.0,,,,2,14,0.0,142011,,,0.0
337000.0,,,,,1,14,12.0,142011,8.0,8333.0,0.0
,0.0,,,,2,14,12.0,142011,,,0.0
,,,,,2,14,,142011,,,0.0
,,,103000.0,,1,14,10.0,142011,1.0,1314.0,103000.0
,,,120000.0,,2,14,12.0,142011,1.0,1314.0,120000.0
,0.0,,120000.0,,1,14,12.0,142011,,,120000.0
,0.0,,120000.0,,2,14,17.0,142011,,,120000.0
,0.0,,,,2,14,8.0,142011,,,0.0
300000.0,,,,,2,14,12.0,142011,4.0,4222.0,0.0
,0.0,,215000.0,,2,14,4.0,142011,,,215000.0
,0.0,,,,1,14,14.0,142011,,,0.0
,0.0,,,,2,14,11.0,142011,,,0.0
,,,,,1,14,12.0,142011,7.0,7243.0,0.0
,0.0,,,,1,14,16.0,142011,,,0.0
600000.0,,,,,1,14,14.0,142011,0.0,110.0,0.0
,0.0,,,,2,14,12.0,142011,,,0.0
,0.0,,,,2,14,6.0,142011,,,0.0
,,,,,2,14,,142011,,,0.0
,,,,,1,14,,142011,,,0.0
1200000.0,,,,,1,14,19.0,142011,2.0,2320.0,0.0
,0.0,,,,2,14,20.0,142011,,,0.0
,0.0,,,,1,14,17.0,142011,,,0.0
,0.0,,,104646.0,2,14,5.0,142011,,,104646.0
,0.0,,,,1,14,4.0,142011,,,0.0
,0.0,,430000.0,,1,14,12.0,142011,,,430000.0
,0.0,,,,2,14,10.0,142011,,,0.0
0.0,,,,,1,14,17.0,142011,9.0,9322.0,0.0
,0.0,,,,1,14,8.0,142011,,,0.0
,0.0,,115000.0,,1,14,1.0,142011,,,115000.0
,0.0,,,104646.0,2,14,8.0,142011,,,104646.0
550000.0,,,,,1,14,12.0,142011,7.0,7212.0,0.0
450000.0,,,,,2,14,12.0,142011,4.0,4115.0,0.0
,,,,,1,14,,142011,,,0.0
,0.0,,,,2,14,7.0,142011,,,0.0
,0.0,,,,1,14,14.0,142011,,,0.0
,,,,104646.0,2,14,8.0,142011,7.0,7332.0,104646.0
,0.0,,450000.0,,1,14,0.0,142011,,,450000.0
,0.0,,,,1,14,12.0,142011,,,0.0
300000.0,,,,,1,14,8.0,142011,8.0,8322.0,0.0
,0.0,,,,2,14,8.0,142011,,,0.0
,,,,,1,14,12.0,142011,9.0,9131.0,0.0
,,,,,1,14,,142011,,,0.0
,0.0,,,,2,14,6.0,142011,,,0.0
500000.0,,,,,1,14,6.0,142011,8.0,8324.0,0.0
,,,,,2,14,7.0,142011,9.0,9131.0,0.0
,0.0,,,,2,14,12.0,142011,,,0.0
350000.0,,,,,1,14,12.0,142011,6.0,6141.0,0.0
,0.0,,,,2,14,12.0,142011,,,0.0
250000.0,,,,,1,14,12.0,142011,7.0,7134.0,0.0
,,,160000.0,,1,14,4.0,142011,1.0,1314.0,160000.0
,,,,104646.0,2,14,6.0,142011,1.0,1314.0,104646.0
200000.0,,,,,2,14,15.0,142011,4.0,4115.0,0.0
,0.0,,,,2,14,12.0,142011,,,0.0
,,,,,1,14,,142011,,,0.0
600000.0,,,,,1,14,13.0,142011,3.0,3439.0,0.0
300000.0,,,,,2,14,15.0,142011,3.0,3231.0,0.0
,0.0,,,,2,14,15.0,142011,,,0.0
,,,,,2,14,,142011,,,0.0
,,,,,2,14,10.0,142011,5.0,5230.0,0.0
,0.0,,,,1,14,14.0,142011,,,0.0
,0.0,,,,2,14,12.0,142011,,,0.0
,0.0,,,,2,14,3.0,142011,,,0.0
,40000.0,,,,1,14,5.0,142011,,,0.0
,0.0,11091.0,,,1,14,10.0,142011,,,0.0
,,,,,2,14,8.0,142011,9.0,9112.0,0.0
230000.0,,,,,1,14,6.0,142011,4.0,4131.0,0.0
,,,,,2,14,,142011,,,0.0
,,,,,1,14,,142011,,,0.0
,,,,,2,14,,142011,,,0.0
480000.0,,,,,1,14,16.0,142011,4.0,4190.0,0.0
,99.0,,,,2,14,13.0,142011,,,0.0
,,,,,1,14,,142011,,,0.0
,0.0,,150000.0,,1,14,17.0,142011,,,150000.0
,0.0,,200000.0,,2,14,17.0,142011,,,200000.0
,0.0,,,,2,14,17.0,142011,,,0.0
800000.0,,,,,1,14,16.0,142011,2.0,2419.0,0.0
240000.0,,,,,2,14,15.0,142011,3.0,3320.0,0.0
,,,,,1,14,,142011,,,0.0
,,,,,2,14,,142011,,,0.0
,,,,,2,14,12.0,142011,1.0,1316.0,0.0
,,,,,1,14,16.0,142011,1.0,1316.0,0.0
,0.0,,,,1,14,14.0,142011,,,0.0
700000.0,,,,,1,14,12.0,142011,8.0,8322.0,0.0
,0.0,,,,2,14,15.0,142011,,,0.0
,,,,,1,14,,142011,,,0.0
,,,,,1,14,8.0,142011,1.0,1314.0,0.0
,0.0,,,,2,14,10.0,142011,,,0.0
,0.0,,,,2,14,8.0,142011,,,0.0
130000.0,,,,,2,14,12.0,142011,4.0,4223.0,0.0
,0.0,,202850.0,,1,14,8.0,142011,,,202850.0
,0.0,,,,2,14,2.0,142011,,,0.0
350000.0,,,,,2,14,15.0,142011,3.0,3320.0,0.0
,,,,,2,14,,142011,,,0.0
,,,,,2,14,,142011,,,0.0
,0.0,,500000.0,,2,14,15.0,142011,,,500000.0
,0.0,,550000.0,,1,14,15.0,142011,,,550000.0
,0.0,,,104646.0,2,14,4.0,142011,,,104646.0
,0.0,,,104646.0,2,14,3.0,142011,,,104646.0
99.0,,,,,2,14,12.0,142011,5.0,5122.0,0.0
300000.0,,,,,2,14,12.0,142011,4.0,4190.0,0.0
,0.0,,,,1,14,10.0,142011,,,0.0
,0.0,,260000.0,,2,14,12.0,142011,,,260000.0
220000.0,,,,,1,14,8.0,142011,9.0,9211.0,0.0
,,,,,1,14,8.0,142011,1.0,1317.0,0.0
,0.0,,,,2,14,4.0,142011,,,0.0
,0.0,,,,2,14,14.0,142011,,,0.0
,,,,104646.0,1,14,6.0,142011,1.0,1314.0,104646.0
,0.0,,,,2,14,14.0,142011,,,0.0
,0.0,,,,2,14,16.0,142011,,,0.0
,0.0,,,,1,14,12.0,142011,,,0.0
,0.0,,,,2,14,15.0,142011,,,0.0
800000.0,,,,,1,14,17.0,142011,2.0,2320.0,0.0
480000.0,,,,,2,14,14.0,142011,3.0,3231.0,0.0
,,,,,1,14,,142011,,,0.0
,0.0,,,,2,14,8.0,142011,,,0.0
300000.0,,,,,1,14,12.0,142011,7.0,7141.0,0.0
500000.0,,,,,1,14,12.0,142011,8.0,8272.0,0.0
600000.0,,,,,2,14,17.0,142011,2.0,2331.0,0.0
,0.0,,,,2,14,12.0,142011,,,0.0
,0.0,,,,1,14,10.0,142011,,,0.0
230000.0,,,,,2,14,15.0,142011,5.0,5131.0,0.0
280000.0,,,,,1,14,12.0,142011,9.0,9132.0,0.0
250000.0,,,,,2,14,12.0,142011,9.0,9132.0,0.0
300000.0,,,,,2,14,12.0,142011,9.0,9132.0,0.0
,,,,,2,14,,142011,,,0.0
,0.0,,790000.0,,1,14,12.0,142011,,,790000.0
,0.0,,,,2,14,12.0,142011,,,0.0
,,,,,1,14,9.0,142011,1.0,1314.0,0.0
,,,,104646.0,2,14,6.0,142011,5.0,5220.0,104646.0
,0.0,,280000.0,,1,14,,142011,,,280000.0
220000.0,,,,,2,14,10.0,142011,5.0,5133.0,0.0
,,,,,1,14,,142011,,,0.0
580000.0,,,,,2,14,17.0,142011,3.0,3229.0,0.0
250000.0,,,,,1,14,12.0,142011,9.0,9211.0,0.0
,0.0,,,,2,14,18.0,142011,,,0.0
670000.0,,,,,1,14,16.0,142011,2.0,2359.0,0.0
,0.0,,,,2,14,15.0,142011,,,0.0
,,,,,1,14,10.0,142011,1.0,1314.0,0.0
1700000.0,,,,,1,14,18.0,142011,2.0,2142.0,0.0
,,,,,2,14,16.0,142011,5.0,5149.0,0.0
,0.0,,,,1,14,14.0,142011,,,0.0
,,,,,2,14,,142011,,,0.0
270000.0,,,,,1,14,9.0,142011,7.0,7231.0,0.0
450000.0,,,,,2,14,17.0,142011,4.0,4222.0,0.0
,0.0,,,,2,14,10.0,142011,,,0.0
,,,,,1,14,,142011,,,0.0
,,,,,2,14,,142011,,,0.0
,0.0,,,,2,14,12.0,142011,,,0.0
,0.0,,204980.0,,2,14,6.0,142011,,,204980.0
,,,,,1,14,9.0,142011,8.0,8322.0,0.0
,0.0,,,,2,14,9.0,142011,,,0.0
,0.0,,,,1,14,12.0,142011,,,0.0
,0.0,,99.0,,1,14,3.0,142011,,,99.0
,0.0,,,104646.0,2,14,6.0,142011,,,104646.0
,0.0,,,,1,14,9.0,142011,,,0.0
,0.0,,,,1,14,3.0,142011,,,0.0
,0.0,,,104646.0,2,14,5.0,142011,,,104646.0
1300000.0,,,,,2,14,15.0,142011,5.0,5163.0,0.0
700000.0,,,,,1,14,15.0,142011,3.0,3416.0,0.0
830000.0,,,,,2,14,17.0,142011,1.0,1229.0,0.0
,,,,,2,14,,142011,,,0.0
,,,,,2,14,,142011,,,0.0
,,,,,2,14,,142011,,,0.0
,0.0,,,104646.0,2,14,3.0,142011,,,104646.0
,0.0,,,104646.0,1,14,2.0,142011,,,104646.0
300000.0,,,,,2,14,12.0,142011,4.0,4115.0,0.0
400000.0,,,,,2,14,14.0,142011,3.0,3320.0,0.0
400000.0,,,,,1,14,12.0,142011,7.0,7413.0,0.0
,0.0,,79969.0,,2,14,5.0,142011,,,79969.0
,0.0,,,,1,14,5.0,142011,,,0.0
,0.0,,,,2,14,12.0,142011,,,0.0
,,,,,1,14,12.0,142011,7.0,7124.0,0.0
,,,,,1,14,,142011,,,0.0
,0.0,,,104646.0,1,14,3.0,142011,,,104646.0
280000.0,,,,,2,14,8.0,142011,9.0,9211.0,0.0
,0.0,,,,2,14,10.0,142011,,,0.0
,0.0,,,,1,14,12.0,142011,,,0.0
,0.0,,,,2,14,12.0,142011,,,0.0
400000.0,,,,,2,14,12.0,142011,5.0,5131.0,0.0
,,,,,2,14,,142011,,,0.0
1000000.0,,,,,1,14,14.0,142011,3.0,3223.0,0.0
,,,,,2,14,,142011,,,0.0
285000.0,,,,,1,14,12.0,142011,7.0,7124.0,0.0
285000.0,,,,,2,14,11.0,142011,9.0,9211.0,0.0
,0.0,,,,2,14,13.0,142011,,,0.0
,,,,,1,14,,142011,,,0.0
,,,,,1,14,,142011,,,0.0
450000.0,,,,,2,14,12.0,142011,4.0,4132.0,0.0
,,,,,1,14,12.0,142011,6.0,6141.0,0.0
500000.0,,,220000.0,,1,14,8.0,142011,8.0,8323.0,220000.0
,0.0,,,,2,14,12.0,142011,,,0.0
,0.0,,,,1,14,12.0,142011,,,0.0
,0.0,,,,2,14,3.0,142011,,,0.0
,0.0,,,,1,14,15.0,142011,,,0.0
,0.0,,,,2,14,10.0,142011,,,0.0
1200000.0,,,,,1,14,17.0,142011,2.0,2331.0,0.0
900000.0,,,,,2,14,17.0,142011,2.0,2320.0,0.0
,,,,,1,14,,142011,,,0.0
270000.0,,,,,2,14,12.0,142011,9.0,9333.0,0.0
400000.0,,,,,1,14,10.0,142011,8.0,8141.0,0.0
,0.0,,,,1,14,12.0,142011,,,0.0
,0.0,,,,2,14,10.0,142011,,,0.0
700000.0,,,,,2,14,16.0,142011,2.0,2332.0,0.0
,0.0,,,,1,14,15.0,142011,,,0.0
40000.0,,,,,2,14,14.0,142011,9.0,9322.0,0.0
450000.0,,,,,1,14,11.0,142011,8.0,8324.0,0.0
270000.0,,,,,2,14,12.0,142011,4.0,4141.0,0.0
,0.0,,,,1,14,13.0,142011,,,0.0
,0.0,,220000.0,,1,14,1.0,142011,,,220000.0
,0.0,,,,2,14,2.0,142011,,,0.0
460000.0,,,,,1,14,17.0,142011,2.0,2310.0,0.0
99.0,,,,,2,14,15.0,142011,3.0,3225.0,0.0
,,,,,1,14,,142011,,,0.0
280000.0,,,,,2,14,10.0,142011,9.0,9131.0,0.0
,0.0,,,,2,14,11.0,142011,,,0.0
,,,,,2,14,,142011,,,0.0
,,,,,2,14,,142011,,,0.0
30000.0,,,,104646.0,2,14,8.0,142011,9.0,9211.0,104646.0
99.0,,,,,1,14,11.0,142011,8.0,8272.0,0.0
,0.0,,,,2,14,8.0,142011,,,0.0
,0.0,,,,1,14,10.0,142011,,,0.0
107000.0,,,,,2,14,12.0,142011,4.0,4211.0,0.0
,,,,,2,14,,142011,,,0.0
320000.0,,,,,1,14,12.0,142011,9.0,9211.0,0.0
480000.0,,,,,1,14,9.0,142011,8.0,8272.0,0.0
,0.0,,,,2,14,12.0,142011,,,0.0
,0.0,,,,2,14,16.0,142011,,,0.0
,,,,,1,14,6.0,142011,6.0,6113.0,0.0
,0.0,,,,2,14,6.0,142011,,,0.0
300000.0,,,,,2,14,12.0,142011,3.0,3416.0,0.0
,,,,,2,14,,142011,,,0.0
30000.0,,,,,2,14,8.0,142011,9.0,9131.0,0.0
,0.0,,,,2,14,14.0,142011,,,0.0
270000.0,,,,,2,14,8.0,142011,7.0,7412.0,0.0
,,,,,1,14,13.0,142011,7.0,7212.0,0.0
,,,,,2,14,,142011,,,0.0
,,,,,1,14,10.0,142011,7.0,7141.0,0.0
350000.0,,,,,1,14,12.0,142011,9.0,9333.0,0.0
350000.0,,,,,2,14,12.0,142011,9.0,9333.0,0.0
,,,,,1,14,,142011,,,0.0
,0.0,,,104646.0,2,14,8.0,142011,,,104646.0
,0.0,,,,2,14,8.0,142011,,,0.0
315000.0,,,,,2,14,15.0,142011,5.0,5131.0,0.0
,0.0,,,,2,14,6.0,142011,,,0.0
290000.0,,,,,1,14,12.0,142011,7.0,7143.0,0.0
,0.0,,,,2,14,12.0,142011,,,0.0
,,,,,2,14,,142011,,,0.0
350000.0,,,,,1,14,6.0,142011,9.0,9212.0,0.0
,0.0,,,,1,14,11.0,142011,,,0.0
,0.0,,,104646.0,2,14,10.0,142011,,,104646.0
150000.0,,,,,2,14,12.0,142011,4.0,4211.0,0.0
,,,,,2,14,,142011,,,0.0
500000.0,,,,,1,14,15.0,142011,7.0,7129.0,0.0
,,,,,2,14,12.0,142011,7.0,7433.0,0.0
,,,,,2,14,,142011,,,0.0
,,,,,1,14,,142011,,,0.0
270000.0,,,,,2,14,8.0,142011,9.0,9211.0,0.0
270000.0,,,,,1,14,11.0,142011,9.0,9211.0,0.0
,,,,,1,14,,142011,,,0.0
,,,,,2,14,,142011,,,0.0
,,,,,1,14,,142011,,,0.0
,0.0,,,,1,14,3.0,142011,,,0.0
437000.0,,,,,1,14,8.0,142011,7.0,7212.0,0.0
300000.0,,,,,1,14,12.0,142011,8.0,8272.0,0.0
350000.0,,,,,1,14,7.0,142011,8.0,8323.0,0.0
,0.0,,,,2,14,7.0,142011,,,0.0
,0.0,,,,2,14,15.0,142011,,,0.0
,0.0,,,,1,14,10.0,142011,,,0.0
,0.0,,,,2,14,9.0,142011,,,0.0
,,,700000.0,,1,14,12.0,142011,8.0,8322.0,700000.0
,0.0,,,,2,14,8.0,142011,,,0.0
,0.0,,,,2,14,7.0,142011,,,0.0
80000.0,,,,,1,14,12.0,142011,8.0,8322.0,0.0
,,,,,1,14,,142011,,,0.0
300000.0,,,,,1,14,13.0,142011,7.0,7123.0,0.0
,0.0,,,,2,14,13.0,142011,,,0.0
,,,,,1,14,,142011,,,0.0
400000.0,,,,,1,14,8.0,142011,9.0,9211.0,0.0
,0.0,,,,2,14,7.0,142011,,,0.0
,,,,,2,14,,142011,,,0.0
,0.0,,99.0,,1,14,11.0,142011,,,99.0
,0.0,,,,2,14,8.0,142011,,,0.0
,0.0,,,,1,14,6.0,142011,,,0.0
300000.0,,,,,1,14,8.0,142011,7.0,7124.0,0.0
25000.0,,,,,2,14,10.0,142011,9.0,9211.0,0.0
230000.0,,,,,1,14,12.0,142011,7.0,7124.0,0.0
230000.0,,,,,1,14,12.0,142011,9.0,9313.0,0.0
250000.0,,,,,1,14,8.0,142011,9.0,9212.0,0.0
,0.0,,,,2,14,5.0,142011,,,0.0
0.0,,,,,1,14,13.0,142011,9.0,9312.0,0.0
,0.0,,,,2,14,10.0,142011,,,0.0
,0.0,,140000.0,,1,14,8.0,142011,,,140000.0
,0.0,,,,2,14,1.0,142011,,,0.0
320000.0,,,,,1,14,12.0,142011,7.0,7212.0,0.0
,0.0,,,,2,14,12.0,142011,,,0.0
,0.0,,,,2,14,13.0,142011,,,0.0
250000.0,,,,,1,14,12.0,142011,9.0,9132.0,0.0
240000.0,,,,,2,14,10.0,142011,5.0,5169.0,0.0
,0.0,,217163.0,,1,14,2.0,142011,,,217163.0
,0.0,,180000.0,,1,14,3.0,142011,,,180000.0
235000.0,,,,,1,14,6.0,142011,7.0,7423.0,0.0
450000.0,,,,,1,14,14.0,142011,3.0,3231.0,0.0
,0.0,,,,2,14,12.0,142011,,,0.0
,,,,,1,14,,142011,,,0.0
,,,,,2,14,,142011,,,0.0
,,,,,2,14,,142011,,,0.0
,0.0,,,,2,14,5.0,142011,,,0.0
,0.0,,,,2,14,6.0,142011,,,0.0
,,,,,1,14,12.0,142011,8.0,8323.0,0.0
,0.0,,,,2,14,11.0,142011,,,0.0
320000.0,,,,,2,14,15.0,142011,3.0,3320.0,0.0
370000.0,,,,,1,14,12.0,142011,9.0,9151.0,0.0
180000.0,,,,,2,14,1.0,142011,9.0,9333.0,0.0
70000.0,,,,,1,14,0.0,142011,9.0,9211.0,0.0
10000.0,,,,,2,14,0.0,142011,9.0,9211.0,0.0
230000.0,,,,,1,14,8.0,142011,8.0,8275.0,0.0
,0.0,,,,2,14,12.0,142011,,,0.0
,,,,,1,14,1.0,142011,5.0,5230.0,0.0
,0.0,,,,2,14,1.0,142011,,,0.0
,0.0,,432450.0,,1,14,12.0,142011,,,432450.0
,0.0,,,,2,14,12.0,142011,,,0.0
,0.0,,200000.0,,2,14,6.0,142011,,,200000.0
99.0,,,,,2,14,15.0,142011,3.0,3320.0,0.0
,,,,,1,14,,142011,,,0.0
348000.0,,,,,1,14,12.0,142011,8.0,8272.0,0.0
,0.0,,220000.0,,1,14,2.0,142011,,,220000.0
,0.0,,,104646.0,2,14,7.0,142011,,,104646.0
,0.0,,,,1,14,10.0,142011,,,0.0
,0.0,,130000.0,,1,14,4.0,142011,,,130000.0
0.0,,,,,2,14,12.0,142011,5.0,5220.0,0.0
,0.0,,,,1,14,8.0,142011,,,0.0
,,,,,1,14,,142011,,,0.0
,,,,,1,14,,142011,,,0.0
,,,,,1,14,,142011,,,0.0
,0.0,,350000.0,,2,14,16.0,142011,,,350000.0
50000.0,,,,,1,14,12.0,142011,8.0,8322.0,0.0
,0.0,,,,2,14,3.0,142011,,,0.0
,0.0,,,,2,14,7.0,142011,,,0.0
,0.0,,,,1,14,0.0,142011,,,0.0
350000.0,,,,,1,14,12.0,142011,7.0,7137.0,0.0
,0.0,,,,1,14,7.0,142011,,,0.0
270000.0,,,,,1,14,8.0,142011,4.0,4131.0,0.0
,0.0,,,,2,14,12.0,142011,,,0.0
0.0,,,,,2,14,12.0,142011,9.0,9211.0,0.0
,,,,,1,14,,142011,,,0.0
,,,,,2,14,,142011,,,0.0
99.0,,,,,2,14,12.0,142011,5.0,5122.0,0.0
480000.0,,,,,1,14,12.0,142011,9.0,9152.0,0.0
280000.0,,,,,1,14,10.0,142011,5.0,5112.0,0.0
,,,,,1,14,,142011,,,0.0
,,,,,2,14,,142011,,,0.0
,,,,,1,14,,142011,,,0.0
,,,,,2,14,,142011,,,0.0
270000.0,,,,,1,14,10.0,142011,9.0,9211.0,0.0
,0.0,,,,2,14,2.0,142011,,,0.0
200000.0,,,,,2,14,12.0,142011,3.0,3231.0,0.0
,0.0,,,,1,14,12.0,142011,,,0.0
,,,,,1,14,,142011,,,0.0
230000.0,,,,,1,14,12.0,142011,9.0,9152.0,0.0
,,,,,2,14,12.0,142011,5.0,5230.0,0.0
,0.0,11091.0,,,2,14,10.0,142011,,,0.0
,,11091.0,,,1,14,,142011,,,0.0
,,11091.0,,,1,14,,142011,,,0.0
200000.0,,,,,1,14,8.0,142011,8.0,8324.0,0.0
,0.0,,,,2,14,8.0,142011,,,0.0
,0.0,,,,1,14,10.0,142011,,,0.0
2700000.0,,,,,2,14,4.0,142011,9.0,9211.0,0.0
,0.0,,,,1,14,8.0,142011,,,0.0
,0.0,,,,2,14,9.0,142011,,,0.0
,,,,,1,14,,142011,,,0.0
,0.0,,,,1,14,15.0,142011,,,0.0
,0.0,,,,2,14,12.0,142011,,,0.0
99.0,,,,,1,14,13.0,142011,4.0,4190.0,0.0
,0.0,,,,2,14,17.0,142011,,,0.0
99.0,,,,,1,14,16.0,142011,3.0,3152.0,0.0
,,,,,1,14,,142011,,,0.0
,,,,,1,14,,142011,,,0.0
270000.0,,,,,1,14,8.0,142011,9.0,9152.0,0.0
,0.0,,,,2,14,8.0,142011,,,0.0
270000.0,,,,,2,14,14.0,142011,3.0,3223.0,0.0
,,,,,1,14,,142011,,,0.0
,0.0,,,,2,14,12.0,142011,,,0.0
,0.0,,,,1,14,10.0,142011,,,0.0
,,,,,1,14,10.0,142011,7.0,7124.0,0.0
,0.0,,,,2,14,6.0,142011,,,0.0
,,,,,2,14,,142011,,,0.0
,0.0,,,,2,14,12.0,142011,,,0.0
,,,,,2,14,,142011,,,0.0
,0.0,,,,2,14,12.0,142011,,,0.0
,0.0,,,,1,14,12.0,142011,,,0.0
,,,,,1,14,,142011,,,0.0
,,,,,1,14,,142011,,,0.0
,0.0,,,,2,14,11.0,142011,,,0.0
,,11091.0,,,2,14,,142011,,,0.0
,,11091.0,,,1,14,,142011,,,0.0
235000.0,,,,,1,14,9.0,142011,9.0,9211.0,0.0
,0.0,,,,2,14,8.0,142011,,,0.0
63000.0,,,,,2,14,17.0,142011,3.0,3152.0,0.0
,,,,,1,14,,142011,,,0.0
,0.0,,0.0,,1,14,9.0,142011,,,0.0
,0.0,,,,2,14,12.0,142011,,,0.0
,0.0,,,,1,14,0.0,142011,,,0.0
,0.0,,200000.0,,1,14,12.0,142011,,,200000.0
300000.0,,,,,1,14,12.0,142011,9.0,9313.0,0.0
0.0,,,,,2,14,12.0,142011,9.0,9211.0,0.0
,,11091.0,,,2,14,,142011,,,0.0
,,11091.0,,,2,14,,142011,,,0.0
,,11091.0,,,2,14,,142011,,,0.0
235000.0,,,,,2,14,10.0,142011,9.0,9333.0,0.0
,0.0,,,,2,14,13.0,142011,,,0.0
,,,,,2,14,,142011,,,0.0
380000.0,,,,,1,14,12.0,142011,8.0,8324.0,0.0
,0.0,,,,2,14,12.0,142011,,,0.0
,,11091.0,,,1,14,,142011,,,0.0
,,,,,1,14,9.0,142011,9.0,9131.0,0.0
,0.0,,,104646.0,2,14,11.0,142011,,,104646.0
,0.0,,,,1,14,0.0,142011,,,0.0
,0.0,,60000.0,,2,14,1.0,142011,,,60000.0
270000.0,,,,,1,14,3.0,142011,5.0,5169.0,0.0
356000.0,,,,104646.0,2,14,8.0,142011,5.0,5122.0,104646.0
99.0,,,,,1,14,12.0,142011,9.0,9132.0,0.0
400000.0,,,,,1,14,15.0,142011,3.0,3228.0,0.0
,0.0,,140000.0,,1,14,6.0,142011,,,140000.0
,0.0,,,104646.0,2,14,12.0,142011,,,104646.0
423000.0,,,,,2,14,17.0,142011,3.0,3475.0,0.0
,0.0,,240000.0,,2,14,1.0,142011,,,240000.0
,0.0,,800000.0,,1,14,12.0,142011,,,800000.0
,0.0,,240000.0,,2,14,17.0,142011,,,240000.0
,,,,,2,14,17.0,142011,5.0,5230.0,0.0
,,,,,1,14,14.0,142011,5.0,5230.0,0.0
,,11091.0,,,1,14,,142011,,,0.0
,,11091.0,,,1,14,,142011,,,0.0
,,11091.0,,,1,14,,142011,,,0.0
350000.0,,,,,1,14,12.0,142011,3.0,3439.0,0.0
270000.0,,,,,2,14,12.0,142011,5.0,5220.0,0.0
300000.0,,,,,1,14,12.0,142011,9.0,9333.0,0.0
,,,,,2,14,,142011,,,0.0
,0.0,,,,2,14,10.0,142011,,,0.0
,,,,,1,14,,142011,,,0.0
,0.0,,190000.0,,1,14,0.0,142011,,,190000.0
300000.0,,,,,1,14,8.0,142011,5.0,5230.0,0.0
600000.0,,,,,1,14,5.0,142013,6.0,6121.0,0.0
,0.0,,,,2,14,12.0,142013,,,0.0
,,,,,1,14,17.0,142013,7.0,7331.0,0.0
,0.0,,,,2,14,16.0,142013,,,0.0
,,,,,1,14,,142013,,,0.0
,,,,,1,14,,142013,,,0.0
260000.0,,,,,1,14,11.0,142013,6.0,6121.0,0.0
300000.0,,,,,1,14,13.0,142013,8.0,8331.0,0.0
,0.0,,,,2,14,7.0,142013,,,0.0
,0.0,,124000.0,,2,14,3.0,142013,,,124000.0
,0.0,,,104646.0,2,14,0.0,142013,,,104646.0
,0.0,,,,1,14,6.0,142013,,,0.0
,0.0,,,,2,14,8.0,142013,,,0.0
,0.0,,,104646.0,2,14,0.0,142013,,,104646.0
,0.0,,,,2,14,17.0,142013,,,0.0
,0.0,,,,1,14,17.0,142013,,,0.0
,,,,,1,14,,142013,,,0.0
,,,,,1,14,9.0,142013,8.0,8324.0,0.0
,0.0,,,,2,14,10.0,142013,,,0.0
,0.0,,,,1,14,8.0,142013,,,0.0
,0.0,,,,2,14,12.0,142013,,,0.0
500000.0,,,,,1,14,8.0,142013,6.0,6129.0,0.0
300000.0,,,,,2,14,12.0,142013,5.0,5131.0,0.0
,,,,,1,14,,142013,,,0.0
,,,,,2,14,,142013,,,0.0
400000.0,,,,,1,14,8.0,142013,6.0,6129.0,0.0
290000.0,,,,,2,14,12.0,142013,5.0,5131.0,0.0
,,,,,1,14,,142013,,,0.0
,,,,,2,14,,142013,,,0.0
,,,,104646.0,1,14,6.0,142013,6.0,6121.0,104646.0
,0.0,,,,2,14,6.0,142013,,,0.0
,,,120000.0,,1,14,12.0,142013,6.0,6130.0,120000.0
,0.0,,,,2,14,8.0,142013,,,0.0
,,,,,1,14,12.0,142013,6.0,6130.0,0.0
,0.0,,,,1,14,2.0,142013,,,0.0
,0.0,,,,2,14,3.0,142013,,,0.0
,,,,,1,14,,142013,6.0,6210.0,0.0
300000.0,,,,,1,14,8.0,142013,6.0,6121.0,0.0
,0.0,,,,2,14,7.0,142013,,,0.0
300000.0,,,,,1,14,12.0,142013,8.0,8323.0,0.0
,0.0,,,,2,14,12.0,142013,,,0.0
,,11091.0,,,1,14,,142013,,,0.0
,0.0,,200000.0,,2,14,3.0,142013,,,200000.0
,0.0,,,104646.0,2,14,3.0,142013,,,104646.0
400000.0,,,,,1,14,4.0,142013,6.0,6121.0,0.0
,99.0,,,,2,14,12.0,142013,,,0.0
,,,,,1,14,,142013,,,0.0
,99.0,,,,2,14,12.0,142013,,,0.0
,,11091.0,,,1,14,,142013,,,0.0
,0.0,,,104646.0,1,14,6.0,142013,,,104646.0
,0.0,,,104646.0,2,14,4.0,142013,,,104646.0
550000.0,,,,,1,14,12.0,142013,6.0,6121.0,0.0
,0.0,,200000.0,,2,14,0.0,142013,,,200000.0
450000.0,,,,,1,14,12.0,142013,6.0,6121.0,0.0
,0.0,,,,2,14,12.0,142013,,,0.0
,0.0,,,,2,14,11.0,142013,,,0.0
140000.0,,,,104646.0,1,14,2.0,142013,6.0,6124.0,104646.0
,0.0,,,104646.0,2,14,2.0,142013,,,104646.0
420000.0,,,,,1,14,12.0,142013,8.0,8331.0,0.0
,0.0,,,,2,14,14.0,142013,,,0.0
,0.0,,,,1,14,13.0,142013,,,0.0
,,11091.0,,,2,14,,142013,,,0.0
,,11091.0,,,2,14,,142013,,,0.0
,0.0,,,104646.0,1,14,7.0,142013,,,104646.0
,0.0,,,,2,14,5.0,142013,,,0.0
,,,,,1,14,7.0,142013,6.0,6130.0,0.0
300000.0,,,,,1,14,6.0,142013,6.0,6121.0,0.0
,0.0,,98000.0,,2,14,6.0,142013,,,98000.0
280000.0,,,,,1,14,12.0,142013,6.0,6121.0,0.0
320000.0,,,,,1,14,4.0,142013,9.0,9211.0,0.0
,0.0,,,,2,14,5.0,142013,,,0.0
,0.0,,,,2,14,17.0,142013,,,0.0
270000.0,,,,,1,14,8.0,142013,9.0,9151.0,0.0
,0.0,,,,2,14,8.0,142013,,,0.0
,,,,,2,14,,142013,,,0.0
,,,,,2,14,,142013,,,0.0
,0.0,,,,2,14,1.0,142013,,,0.0
300000.0,,,,,1,14,8.0,142013,6.0,6121.0,0.0
,0.0,,,,2,14,10.0,142013,,,0.0
300000.0,,,,,1,14,12.0,142013,6.0,6121.0,0.0
280000.0,,,,,1,14,6.0,142013,8.0,8332.0,0.0
,0.0,,200000.0,,1,14,2.0,142013,,,200000.0
,0.0,,,104646.0,2,14,3.0,142013,,,104646.0
,,,,,1,14,10.0,142013,9.0,9211.0,0.0
,0.0,,,,2,14,12.0,142013,,,0.0
,,,,,1,14,8.0,142013,6.0,6210.0,0.0
,0.0,,,,1,14,14.0,142013,,,0.0
,,,,,1,14,5.0,142013,6.0,6121.0,0.0
,0.0,,,,2,14,8.0,142013,,,0.0
300000.0,,,,,1,14,8.0,142013,6.0,6121.0,0.0
,0.0,,,,2,14,12.0,142013,,,0.0
,,,,,1,14,,142013,,,0.0
,,,,,2,14,12.0,142013,1.0,1314.0,0.0
300000.0,,,,,1,14,12.0,142013,4.0,4141.0,0.0
,,,,,2,14,12.0,142013,6.0,6113.0,0.0
,0.0,,,,1,14,12.0,142013,,,0.0
275000.0,,,,,1,14,8.0,142013,9.0,9211.0,0.0
,0.0,,,,2,14,6.0,142013,,,0.0
,0.0,,,,2,14,10.0,142013,,,0.0
,,,,,1,14,8.0,142013,7.0,7124.0,0.0
,0.0,,,,2,14,13.0,142013,,,0.0
,0.0,,200000.0,,1,14,0.0,142013,,,200000.0
,0.0,,116000.0,,2,14,3.0,142013,,,116000.0
99.0,,,,,1,14,8.0,142013,8.0,8331.0,0.0
,0.0,,,,2,14,8.0,142013,,,0.0
,,11091.0,,,1,14,,142013,,,0.0
,0.0,,,,2,14,3.0,142013,,,0.0
,0.0,,,,2,14,3.0,142013,,,0.0
,0.0,,,,2,14,12.0,142013,,,0.0
,0.0,,,,2,14,17.0,142013,,,0.0
,,,,,1,14,9.0,142013,7.0,7231.0,0.0
,,,,,1,14,,142013,,,0.0
,,,,,1,14,2.0,142013,9.0,9211.0,0.0
,0.0,,,,2,14,8.0,142013,,,0.0
,0.0,,,104646.0,2,14,0.0,142013,,,104646.0
270000.0,,,,,1,14,3.0,142013,6.0,6141.0,0.0
,0.0,,,,2,14,6.0,142013,,,0.0
,0.0,,,,1,14,0.0,142013,,,0.0
,0.0,,,,2,14,1.0,142013,,,0.0
,,,,,1,14,11.0,142013,1.0,1311.0,0.0
,0.0,,,,2,14,8.0,142013,,,0.0
,0.0,,,,1,14,12.0,142013,,,0.0
,,,,,2,14,,142013,,,0.0
,0.0,,,104646.0,2,14,3.0,142013,,,104646.0
,,,,,1,14,12.0,142013,6.0,6112.0,0.0
,,,,,2,14,12.0,142013,8.0,8275.0,0.0
,0.0,,,,1,14,5.0,142013,,,0.0
,0.0,,,104646.0,2,14,1.0,142013,,,104646.0
,0.0,,,,1,14,8.0,142013,,,0.0
,0.0,,112000.0,,2,14,4.0,142013,,,112000.0
280000.0,,,,,1,14,6.0,142013,9.0,9211.0,0.0
,0.0,,,,2,14,10.0,142013,,,0.0
,,,,,2,14,,142013,,,0.0
,,,,,2,14,,142013,,,0.0
,,,,,1,14,8.0,142013,7.0,7124.0,0.0
,0.0,,,,2,14,8.0,142013,,,0.0
,,,,,1,14,12.0,142013,7.0,7124.0,0.0
0.0,,,,,2,14,15.0,142013,3.0,3211.0,0.0
,,11091.0,,,2,14,,142013,,,0.0
,,11091.0,,,1,14,,142013,,,0.0
,0.0,,,,2,14,12.0,142013,,,0.0
,,11091.0,,,2,14,,142013,,,0.0
200000.0,,,,,1,14,0.0,142013,6.0,6210.0,0.0
,0.0,,,,2,14,6.0,142013,,,0.0
300000.0,,,,,2,14,12.0,142013,5.0,5131.0,0.0
,,,,,1,14,6.0,142013,6.0,6111.0,0.0
,,,,,2,14,8.0,142013,6.0,6111.0,0.0
400000.0,,,,,1,14,14.0,142013,9.0,9312.0,0.0
400000.0,,,,,2,14,14.0,142013,3.0,3211.0,0.0
,,,,,1,14,,142013,,,0.0
240000.0,,,,,1,14,15.0,142013,8.0,8331.0,0.0
,0.0,,,,2,14,10.0,142013,,,0.0
650000.0,,,,,1,14,12.0,142013,6.0,6151.0,0.0
150000.0,,,,,2,14,11.0,142013,9.0,9211.0,0.0
400000.0,,,,,1,14,12.0,142013,5.0,5131.0,0.0
,,,,,1,14,,142013,,,0.0
,,,,,2,14,,142013,,,0.0
400000.0,,,,,1,14,8.0,142013,6.0,6151.0,0.0
,0.0,,,,2,14,12.0,142013,,,0.0
,0.0,,,,2,14,8.0,142013,,,0.0
,,,,,1,14,12.0,142013,7.0,7141.0,0.0
,,,,,1,14,5.0,142013,6.0,6141.0,0.0
,0.0,,,,2,14,0.0,142013,,,0.0
,,,80000.0,,2,14,8.0,142013,5.0,5230.0,80000.0
100000.0,,,,,2,14,12.0,142013,9.0,9212.0,0.0
,,,,,1,14,,142013,,,0.0
200000.0,,,,,1,14,5.0,142013,8.0,8141.0,0.0
230000.0,,,,,2,14,12.0,142013,5.0,5131.0,0.0
470000.0,,,,,1,14,12.0,142013,8.0,8271.0,0.0
,0.0,,,,2,14,12.0,142013,,,0.0
,,11091.0,,,1,14,,142013,,,0.0
,,11091.0,,,1,14,,142013,,,0.0
420000.0,,,,,1,14,12.0,142013,9.0,9132.0,0.0
,,,,,2,14,8.0,142013,1.0,1315.0,0.0
,0.0,,,,1,14,13.0,142013,,,0.0
,,,,,2,14,,142013,,,0.0
,0.0,,,104646.0,2,14,8.0,142013,,,104646.0
,0.0,,168000.0,,1,14,2.0,142013,,,168000.0
,0.0,,,104646.0,2,14,1.0,142013,,,104646.0
99.0,,,,,2,14,12.0,142013,4.0,4122.0,0.0
,,,,,1,14,,142013,,,0.0
,0.0,,,,2,14,0.0,142013,,,0.0
,0.0,,,,1,14,10.0,142013,,,0.0
,0.0,,,,2,14,8.0,142013,,,0.0
,0.0,,,,1,14,12.0,142013,,,0.0
150000.0,,,,,1,14,,142013,9.0,9211.0,0.0
,0.0,,,104646.0,1,14,3.0,142013,,,104646.0
,0.0,,,,2,14,5.0,142013,,,0.0
,0.0,,,104646.0,2,14,0.0,142013,,,104646.0
,0.0,,,,2,14,5.0,142013,,,0.0
,0.0,,,104646.0,2,14,2.0,142013,,,104646.0
99.0,,,,,1,14,8.0,142013,9.0,9211.0,0.0
99.0,,,,,1,14,8.0,142013,9.0,9211.0,0.0
,0.0,,,104646.0,2,14,9.0,142013,,,104646.0
,200000.0,,,,2,14,15.0,142013,,,0.0
,,,,,2,14,,142013,,,0.0
,,,,,2,14,,142013,,,0.0
,0.0,,,104646.0,1,14,3.0,142013,,,104646.0
,0.0,,,104646.0,2,14,2.0,142013,,,104646.0
270000.0,,,,,1,14,17.0,142013,2.0,2213.0,0.0
,0.0,,,,2,14,14.0,142013,,,0.0
,,,,,1,14,,142013,,,0.0
,,,,,1,14,,142013,,,0.0
300000.0,,,,,1,14,8.0,142013,8.0,8331.0,0.0
,0.0,,,,2,14,8.0,142013,,,0.0
270000.0,,,,,1,14,8.0,142013,6.0,6121.0,0.0
,0.0,,,,2,14,15.0,142013,,,0.0
270000.0,,,,,1,14,11.0,142013,9.0,9211.0,0.0
,0.0,,,,2,14,12.0,142013,,,0.0
270000.0,,,,,1,14,12.0,142013,4.0,4131.0,0.0
,0.0,,,,1,14,11.0,142013,,,0.0
99.0,,,,,2,14,14.0,142013,2.0,2320.0,0.0
,,,,,2,14,,142013,,,0.0
,0.0,,,,1,14,11.0,142013,,,0.0
,,,300000.0,,1,14,14.0,142013,6.0,6114.0,300000.0
,0.0,,200000.0,,2,14,11.0,142013,,,200000.0
600000.0,,,,,1,14,8.0,142013,8.0,8334.0,0.0
40000.0,,,,,2,14,6.0,142013,9.0,9131.0,0.0
,0.0,,,,2,14,10.0,142013,,,0.0
,,,,,2,14,,142013,,,0.0
320000.0,,,,,1,14,9.0,142013,6.0,6129.0,0.0
,0.0,,,,2,14,8.0,142013,,,0.0
,,,,,2,14,,142013,,,0.0
,,,,,2,14,,142013,,,0.0
,,,,,1,14,,142013,,,0.0
,,,,,1,14,10.0,142013,7.0,7141.0,0.0
,0.0,,,,2,14,8.0,142013,,,0.0
276000.0,,,,,2,14,12.0,142013,5.0,5220.0,0.0
,,11091.0,,,1,14,,142013,,,0.0
,,11091.0,,,2,14,,142013,,,0.0
,0.0,,,,1,14,2.0,142013,,,0.0
400000.0,,,,,1,14,17.0,142013,2.0,2213.0,0.0
,0.0,,,104646.0,1,14,3.0,142013,,,104646.0
,0.0,,130000.0,,1,14,3.0,142013,,,130000.0
,0.0,,,104646.0,2,14,5.0,142013,,,104646.0
,0.0,,130000.0,,2,14,6.0,142013,,,130000.0
,0.0,,,104646.0,2,14,6.0,142013,,,104646.0
,0.0,,,104646.0,1,14,2.0,142013,,,104646.0
270000.0,,,,,1,14,8.0,142013,9.0,9212.0,0.0
,,,,,1,14,6.0,142013,5.0,5220.0,0.0
,,11091.0,,,1,14,,142013,,,0.0
,0.0,11091.0,,,2,14,10.0,142013,,,0.0
,,11091.0,,,2,14,,142013,,,0.0
,0.0,,,,2,14,8.0,142013,,,0.0
,,,,,1,14,12.0,142013,5.0,5220.0,0.0
,0.0,,,,1,14,6.0,142013,,,0.0
,0.0,,,,2,14,7.0,142013,,,0.0
,0.0,,,104646.0,1,14,6.0,142013,,,104646.0
,0.0,,,104646.0,2,14,3.0,142013,,,104646.0
,0.0,,,,2,14,3.0,142013,,,0.0
,0.0,,,,1,14,6.0,142013,,,0.0
,0.0,,,,1,14,5.0,142013,,,0.0
,0.0,,,104646.0,1,14,6.0,142013,,,104646.0
,0.0,,,104646.0,2,14,3.0,142013,,,104646.0
,,,,,1,14,6.0,142013,6.0,6141.0,0.0
,,,,,1,14,6.0,142013,6.0,6114.0,0.0
,0.0,,,,2,14,5.0,142013,,,0.0
,0.0,,,104646.0,1,14,3.0,142013,,,104646.0
,0.0,,,104646.0,2,14,5.0,142013,,,104646.0
270000.0,,,,,1,14,8.0,142013,6.0,6121.0,0.0
,0.0,,,,2,14,8.0,142013,,,0.0
,0.0,,,,2,14,10.0,142013,,,0.0
,,,,,2,14,9.0,142013,9.0,9211.0,0.0
,,,,,1,14,7.0,142013,9.0,9211.0,0.0
,,,,,1,14,8.0,142013,6.0,6130.0,0.0
350000.0,,,,,2,14,6.0,142013,9.0,9211.0,0.0
,0.0,,,,1,14,9.0,142013,,,0.0
,0.0,,,104646.0,2,14,5.0,142013,,,104646.0
,0.0,,,,2,14,3.0,142013,,,0.0
230000.0,,,,,1,14,12.0,142013,5.0,5131.0,0.0
,0.0,,,104646.0,2,14,0.0,142013,,,104646.0
,0.0,,,,2,14,15.0,142013,,,0.0
,,,,,1,14,5.0,142013,6.0,6111.0,0.0
,,,,,1,14,3.0,142013,9.0,9211.0,0.0
,0.0,,,,2,14,2.0,142013,,,0.0
,0.0,,,104646.0,1,14,2.0,142013,,,104646.0
,0.0,,,,2,14,4.0,142013,,,0.0
,0.0,,,,1,14,8.0,142013,,,0.0
230000.0,,,121000.0,,2,14,8.0,142013,5.0,5122.0,121000.0
,,,,,1,14,8.0,142013,6.0,6121.0,0.0
,,,,,1,14,8.0,142013,6.0,6121.0,0.0
,0.0,,,,2,14,,142013,,,0.0
,0.0,,141000.0,,1,14,0.0,142013,,,141000.0
,0.0,,141000.0,,2,14,0.0,142013,,,141000.0
,0.0,,,,1,14,6.0,142013,,,0.0
,0.0,,,,2,14,6.0,142013,,,0.0
,,,,,2,14,8.0,142013,5.0,5133.0,0.0
,0.0,,,,1,14,7.0,142013,,,0.0
,0.0,,,,2,14,4.0,142013,,,0.0
99.0,,,,,2,14,8.0,142013,5.0,5133.0,0.0
,0.0,,,,1,14,4.0,142013,,,0.0
276000.0,,,,,2,14,5.0,142013,5.0,5122.0,0.0
,0.0,,,104646.0,2,14,0.0,142013,,,104646.0
,0.0,,,104646.0,2,14,5.0,142013,,,104646.0
,,,,,1,14,,142013,,,0.0
270000.0,,,,,2,14,0.0,142013,9.0,9211.0,0.0
,0.0,,,104646.0,1,14,0.0,142013,,,104646.0
300000.0,,,,,1,14,6.0,142021,6.0,6112.0,0.0
,0.0,,,,2,14,8.0,142021,,,0.0
,0.0,,,,1,14,0.0,142021,,,0.0
,0.0,,,,2,14,16.0,142021,,,0.0
,,11091.0,,,1,14,,142021,,,0.0
,,,,,1,14,6.0,142021,7.0,7124.0,0.0
,0.0,,,,2,14,8.0,142021,,,0.0
400000.0,,,,,1,14,12.0,142021,7.0,7212.0,0.0
,0.0,,,104646.0,1,14,1.0,142021,,,104646.0
,0.0,,,104646.0,1,14,6.0,142021,,,104646.0
276000.0,,,,,1,14,8.0,142021,9.0,9333.0,0.0
,0.0,,,,2,14,6.0,142021,,,0.0
,0.0,,,,1,14,12.0,142021,,,0.0
,0.0,,,,2,14,8.0,142021,,,0.0
350000.0,,,,,1,14,12.0,142021,9.0,9152.0,0.0
305000.0,,,,,2,14,12.0,142021,5.0,5122.0,0.0
,0.0,,,,2,14,11.0,142021,,,0.0
,0.0,,,104646.0,2,14,0.0,142021,,,104646.0
,0.0,,205000.0,,1,14,2.0,142021,,,205000.0
99.0,,,,,2,14,12.0,142021,5.0,5131.0,0.0
,,,,,1,14,12.0,142021,8.0,8211.0,0.0
,,,,,2,14,,142021,,,0.0
,,,,,1,14,,142021,,,0.0
,0.0,,,,1,14,12.0,142021,,,0.0
275000.0,,,,,2,14,12.0,142021,9.0,9132.0,0.0
,,,,,1,14,,142021,,,0.0
,0.0,,118000.0,,1,14,3.0,142021,,,118000.0
,0.0,,117000.0,,2,14,3.0,142021,,,117000.0
,0.0,,131000.0,,2,14,3.0,142021,,,131000.0
,,,,,2,14,8.0,142021,1.0,1314.0,0.0
,0.0,,,,1,14,8.0,142021,,,0.0
,0.0,,,,2,14,15.0,142021,5.0,5220.0,0.0
,0.0,,,,1,14,9.0,142021,,,0.0
,,,,,2,14,,142021,,,0.0
,0.0,,,,1,14,2.0,142021,,,0.0
,,,,,2,14,8.0,142021,1.0,1314.0,0.0
,0.0,,,,2,14,12.0,142021,,,0.0
,0.0,,,,2,14,9.0,142021,,,0.0
,,,,,1,14,,142021,,,0.0
,0.0,,,,2,14,5.0,142021,,,0.0
0.0,,,,,1,14,11.0,142021,9.0,9211.0,0.0
,0.0,,,,1,14,0.0,142021,,,0.0
,,,,,1,14,6.0,142021,7.0,7212.0,0.0
,,,,104646.0,2,14,8.0,142021,1.0,1314.0,104646.0
,,,,,2,14,6.0,142021,5.0,5230.0,0.0
,,,,,1,14,17.0,142021,2.0,2142.0,0.0
450000.0,,,,,2,14,15.0,142021,4.0,4132.0,0.0
,0.0,,,,1,14,16.0,142021,,,0.0
,,,,,2,14,,142021,,,0.0
,0.0,,200000.0,,1,14,5.0,142021,,,200000.0
,0.0,,,104646.0,2,14,9.0,142021,,,104646.0
,,,,,2,14,12.0,142021,7.0,7313.0,0.0
,0.0,,,,2,14,0.0,142021,,,0.0
,0.0,,,,2,14,0.0,142021,,,0.0
,,,,,1,14,12.0,142021,1.0,1314.0,0.0
,0.0,,,,2,14,12.0,142021,5.0,5220.0,0.0
,0.0,,,,2,14,12.0,142021,,,0.0
230000.0,,,,,2,14,14.0,142021,4.0,4115.0,0.0
0.0,,,,,1,14,15.0,142021,8.0,8324.0,0.0
,0.0,,,,1,14,13.0,142021,,,0.0
,,,,,1,14,,142021,,,0.0
,,,,,2,14,,142021,,,0.0
320000.0,,,,,2,14,10.0,142021,9.0,9132.0,0.0
,,,,,1,14,3.0,142021,6.0,6113.0,0.0
,,,,,2,14,12.0,142021,5.0,5141.0,0.0
276000.0,,,,,2,14,12.0,142021,9.0,9211.0,0.0
270000.0,,,,,1,14,8.0,142021,7.0,7124.0,0.0
,0.0,,,,2,14,8.0,142021,,,0.0
,0.0,,,,1,14,13.0,142021,,,0.0
,,,,,2,14,,142021,,,0.0
270000.0,,,,,1,14,5.0,142021,9.0,9152.0,0.0
,,,,,1,14,4.0,142021,1.0,1313.0,0.0
276000.0,,,,,2,14,8.0,142021,5.0,5122.0,0.0
,0.0,,,,1,14,13.0,142021,,,0.0
,0.0,,,,2,14,2.0,142021,,,0.0
,,,,,1,14,10.0,142021,8.0,8322.0,0.0
,0.0,,,,2,14,12.0,142021,,,0.0
270000.0,,,,,2,14,14.0,142021,3.0,3320.0,0.0
,0.0,,,,1,14,11.0,142021,,,0.0
,,,,,2,14,,142021,,,0.0
,,,,,1,14,10.0,142021,8.0,8322.0,0.0
700000.0,,,,,2,14,15.0,142021,3.0,3231.0,0.0
700000.0,,,,,2,14,13.0,142021,2.0,2351.0,0.0
,,,,,1,14,15.0,142021,1.0,1229.0,0.0
270000.0,,,,,1,14,12.0,142021,5.0,5220.0,0.0
,0.0,,,,2,14,12.0,142021,,,0.0
,,11091.0,,,1,14,,142021,,,0.0
,0.0,,,,2,14,6.0,142021,,,0.0
,0.0,,135000.0,,1,14,17.0,142021,,,135000.0
,0.0,,,,2,14,12.0,142021,,,0.0
270000.0,,,,,1,14,12.0,142021,6.0,6113.0,0.0
,0.0,,,,2,14,15.0,142021,,,0.0
,,,,,1,14,8.0,142021,6.0,6121.0,0.0
275000.0,,,,,2,14,12.0,142021,4.0,4133.0,0.0
,,,,,1,14,,142021,,,0.0
,,,,,2,14,,142021,,,0.0
220000.0,,,200000.0,,1,14,2.0,142021,8.0,8331.0,200000.0
220000.0,,,,,2,14,4.0,142021,6.0,6112.0,0.0
620000.0,,,,,1,14,17.0,142021,2.0,2320.0,0.0
,,,,,2,14,12.0,142021,1.0,1314.0,0.0
,,,,,1,14,12.0,142021,8.0,8324.0,0.0
430000.0,,,,,2,14,17.0,142021,2.0,2332.0,0.0
,0.0,,,,2,14,15.0,142021,,,0.0
,,,,,1,14,,142021,,,0.0
1500000.0,,,,,1,14,17.0,142021,2.0,2320.0,0.0
,0.0,,100000.0,,2,14,12.0,142021,,,100000.0
350000.0,,,,,1,14,9.0,142021,7.0,7124.0,0.0
276000.0,,,,,2,14,12.0,142021,9.0,9211.0,0.0
,,11091.0,,,2,14,,142021,,,0.0
,,11091.0,,,2,14,,142021,,,0.0
,,,,,2,14,12.0,142021,9.0,9111.0,0.0
,0.0,,,,2,14,13.0,142021,,,0.0
,0.0,11091.0,,,1,14,10.0,142021,,,0.0
,,11091.0,,,2,14,,142021,,,0.0
850000.0,,,,,1,14,17.0,142021,2.0,2223.0,0.0
276000.0,,,,,2,14,12.0,142021,5.0,5122.0,0.0
,,,,,1,14,12.0,142021,7.0,7137.0,0.0
,0.0,,,,2,14,10.0,142021,,,0.0
,,,,,1,14,,142021,,,0.0
,0.0,,,,2,14,10.0,142021,,,0.0
200000.0,,,,,1,14,12.0,142021,8.0,8141.0,0.0
,,11091.0,,,2,14,,142021,,,0.0
276000.0,,,,,2,14,12.0,142021,9.0,9132.0,0.0
,0.0,,,,1,14,0.0,142021,,,0.0
,0.0,,120500.0,,2,14,0.0,142021,,,120500.0
,,,,,2,14,6.0,142021,5.0,5141.0,0.0
,,,,,1,14,12.0,142021,8.0,8324.0,0.0
,,,,,2,14,4.0,142021,9.0,9131.0,0.0
300000.0,,,,,1,14,14.0,142021,9.0,9131.0,0.0
276000.0,,,,,1,14,9.0,142021,9.0,9211.0,0.0
,0.0,,,,2,14,7.0,142021,,,0.0
,,11091.0,,,2,14,,142021,,,0.0
,,11091.0,,,1,14,,142021,,,0.0
,,11091.0,,,1,14,,142021,,,0.0
,0.0,,,104646.0,1,14,0.0,142021,,,104646.0
,0.0,,,,2,14,0.0,142021,,,0.0
,,,,,2,14,12.0,142021,7.0,7412.0,0.0
600000.0,,,,,1,14,12.0,142021,8.0,8323.0,0.0
,,,,,2,14,,142021,,,0.0
,0.0,,,,2,14,12.0,142021,,,0.0
,0.0,,,,2,14,5.0,142021,,,0.0
,0.0,,93866.0,,1,14,0.0,142021,,,93866.0
276000.0,,,,,1,14,9.0,142021,6.0,6113.0,0.0
,0.0,,,,2,14,1.0,142021,,,0.0
300000.0,,,,,1,14,4.0,142021,7.0,7124.0,0.0
,,11091.0,,,1,14,,142021,,,0.0
,,,,,1,14,8.0,142021,7.0,7124.0,0.0
,0.0,,,,2,14,4.0,142021,,,0.0
,0.0,,,,1,14,8.0,142021,,,0.0
,,,,,1,14,,142021,,,0.0
,0.0,,400000.0,,1,14,19.0,142021,,,400000.0
,0.0,,,104646.0,2,14,8.0,142021,,,104646.0
,,,,,1,14,7.0,142021,6.0,6113.0,0.0
350000.0,,,,,1,14,10.0,142021,8.0,8323.0,0.0
200000.0,,,,,2,14,12.0,142021,9.0,9113.0,0.0
276000.0,,11091.0,,,2,14,9.0,142021,9.0,9211.0,0.0
,,,,,1,14,8.0,142021,5.0,5113.0,0.0
,0.0,,,104646.0,2,14,3.0,142021,,,104646.0
,0.0,,,,2,14,8.0,142021,,,0.0
,,,,,1,14,10.0,142021,7.0,7124.0,0.0
,,,,,1,14,12.0,142021,9.0,9313.0,0.0
,,11091.0,,,2,14,,142021,,,0.0
270000.0,,,,,1,14,10.0,142023,6.0,6121.0,0.0
270000.0,,,,,2,14,11.0,142023,9.0,9211.0,0.0
270000.0,,,,,1,14,12.0,142023,9.0,9211.0,0.0
,,,,,1,14,,142023,,,0.0
500000.0,,,,,1,14,12.0,142023,2.0,2412.0,0.0
320000.0,,,,,2,14,12.0,142023,5.0,5121.0,0.0
,0.0,,,,2,14,15.0,142023,,,0.0
,0.0,,,,2,14,13.0,142023,,,0.0
,,,,,2,14,,142023,,,0.0
300000.0,,,,,1,14,12.0,142023,9.0,9131.0,0.0
,0.0,,,,2,14,8.0,142023,,,0.0
,0.0,,,,2,14,10.0,142023,,,0.0
,,,,,1,14,,142023,,,0.0
280000.0,,,,,1,14,8.0,142023,9.0,9152.0,0.0
,0.0,,,,2,14,15.0,142023,,,0.0
,0.0,,,,2,14,12.0,142023,,,0.0
,,,,,1,14,12.0,142023,6.0,6121.0,0.0
270000.0,,,,,2,14,12.0,142023,4.0,4211.0,0.0
,0.0,,,,1,14,12.0,142023,,,0.0
,,,,,2,14,,142023,,,0.0
,,,,,1,14,8.0,142023,7.0,7123.0,0.0
,0.0,,,,2,14,11.0,142023,,,0.0
,0.0,,,,2,14,12.0,142023,,,0.0
,,,,,1,14,,142023,,,0.0
,,,,,1,14,12.0,142023,7.0,7141.0,0.0
,,,,,2,14,12.0,142023,1.0,1314.0,0.0
,,11091.0,,,1,14,,142023,,,0.0
,,,,,1,14,10.0,142023,8.0,8141.0,0.0
300000.0,,,,,1,14,10.0,142023,6.0,6121.0,0.0
300000.0,,,,,2,14,15.0,142023,3.0,3222.0,0.0
,,,,,2,14,,142023,,,0.0
,,,,,2,14,,142023,,,0.0
350000.0,,,,,1,14,8.0,142023,6.0,6121.0,0.0
100000.0,,,,,2,14,12.0,142023,9.0,9132.0,0.0
,0.0,,,,2,14,14.0,142023,,,0.0
,0.0,,,,1,14,10.0,142023,,,0.0
,,,,,1,14,,142023,,,0.0
,,,,,1,14,12.0,142023,7.0,7124.0,0.0
265000.0,,,,,2,14,12.0,142023,5.0,5122.0,0.0
,,,,,1,14,15.0,142023,5.0,5230.0,0.0
99.0,,,,,1,14,9.0,142023,7.0,7124.0,0.0
,0.0,,,,2,14,8.0,142023,,,0.0
,0.0,,,,2,14,6.0,142023,,,0.0
,,11091.0,,,1,14,,142023,,,0.0
360000.0,,,,,1,14,6.0,142023,8.0,8331.0,0.0
,0.0,,,,2,14,2.0,142023,,,0.0
,0.0,,,104646.0,1,14,4.0,142023,,,104646.0
,0.0,,,104646.0,2,14,4.0,142023,,,104646.0
,0.0,,,104646.0,1,14,4.0,142023,,,104646.0
,0.0,,,,2,14,0.0,142023,,,0.0
276000.0,,,,104646.0,1,14,8.0,142023,7.0,7124.0,104646.0
,0.0,,,,2,14,6.0,142023,,,0.0
276000.0,,,,,1,14,12.0,142023,8.0,8332.0,0.0
,0.0,,,,2,14,4.0,142023,,,0.0
270000.0,,,,,1,14,2.0,142023,6.0,6113.0,0.0
0.0,,,,,1,14,12.0,142023,9.0,9211.0,0.0
225000.0,,,,,1,14,8.0,142023,6.0,6113.0,0.0
38000.0,,,,,2,14,8.0,142023,9.0,9211.0,0.0
,0.0,11091.0,,,1,14,10.0,142023,,,0.0
,,11091.0,,,2,14,,142023,,,0.0
277000.0,,,,,1,14,8.0,142023,5.0,5220.0,0.0
,0.0,,,,2,14,5.0,142023,,,0.0
,0.0,,,,2,14,12.0,142023,,,0.0
240000.0,,,,,1,14,6.0,142023,6.0,6113.0,0.0
,0.0,,,,2,14,9.0,142023,,,0.0
,,11091.0,,,2,14,,142023,,,0.0
240000.0,,,,,1,14,12.0,142023,7.0,7124.0,0.0
,0.0,,,,2,14,12.0,142023,,,0.0
,,,,,2,14,,142023,,,0.0
,,,,,1,14,,142023,,,0.0
,0.0,,,,2,14,2.0,142023,,,0.0
280000.0,,,,,1,14,12.0,142023,9.0,9313.0,0.0
250000.0,,,,,2,14,7.0,142023,5.0,5122.0,0.0
,0.0,,,,2,14,12.0,142023,,,0.0
,,,,,1,14,,142023,,,0.0
,0.0,,,104646.0,1,14,9.0,142023,,,104646.0
,0.0,,180000.0,,2,14,0.0,142023,,,180000.0
400000.0,,,,,1,14,8.0,142023,7.0,7124.0,0.0
,0.0,,,,2,14,3.0,142023,,,0.0
240000.0,,,,,2,14,12.0,142023,5.0,5122.0,0.0
,,11091.0,,,1,14,,142023,,,0.0
,,11091.0,,,1,14,,142023,,,0.0
,,,,,1,14,1.0,142023,6.0,6111.0,0.0
200000.0,,,,,1,14,9.0,142023,6.0,6113.0,0.0
,0.0,,,,2,14,9.0,142023,,,0.0
,,11091.0,,,1,14,,142023,,,0.0
,,11091.0,,,2,14,,142023,,,0.0
,,11091.0,,,1,14,,142023,,,0.0
280000.0,,,,,1,14,6.0,142023,6.0,6121.0,0.0
,,,,,2,14,8.0,142023,5.0,5230.0,0.0
,0.0,,,,2,14,12.0,142023,,,0.0
,,11091.0,,,2,14,,142023,,,0.0
,0.0,,,104646.0,2,14,5.0,142023,,,104646.0
,0.0,,,,2,14,5.0,142023,,,0.0
,,,,,1,14,6.0,142023,7.0,7124.0,0.0
,0.0,,,,2,14,6.0,142023,,,0.0
300000.0,,,,,1,14,12.0,142023,7.0,7124.0,0.0
276000.0,,,,,2,14,15.0,142023,3.0,3320.0,0.0
,0.0,,,,2,14,15.0,142023,,,0.0
99.0,,,,,1,14,8.0,142023,8.0,8331.0,0.0
,0.0,,,,2,14,8.0,142023,,,0.0
220000.0,,,,,2,14,12.0,142023,5.0,5123.0,0.0
,,11091.0,,,1,14,,142023,,,0.0
,0.0,,,104646.0,2,14,8.0,142023,,,104646.0
,,,,,1,14,14.0,142023,2.0,2411.0,0.0
,0.0,,,,2,14,12.0,142023,,,0.0
,0.0,,,,1,14,12.0,142023,,,0.0
,0.0,,,,1,14,12.0,142023,,,0.0
280000.0,,,,,1,14,8.0,142023,9.0,9152.0,0.0
,0.0,,,,2,14,12.0,142023,,,0.0
276000.0,,,139000.0,,1,14,12.0,142023,8.0,8324.0,139000.0
,0.0,,,,2,14,16.0,142023,,,0.0
250000.0,,,,,1,14,9.0,142023,9.0,9333.0,0.0
60000.0,,,,,2,14,8.0,142023,9.0,9131.0,0.0
,0.0,,,,2,14,12.0,142023,,,0.0
,0.0,,,,2,14,12.0,142023,,,0.0
,0.0,11091.0,,,2,14,11.0,142023,,,0.0
,0.0,11091.0,,,1,14,10.0,142023,,,0.0
,,,,,1,14,5.0,142023,7.0,7231.0,0.0
380000.0,,,,,1,14,8.0,142023,6.0,6113.0,0.0
,0.0,,,,2,14,8.0,142023,,,0.0
,0.0,,,,2,14,0.0,142023,,,0.0
455000.0,,,,,1,14,10.0,142023,9.0,9152.0,0.0
,0.0,,,,2,14,8.0,142023,,,0.0
99.0,,,,,1,14,16.0,142023,2.0,2145.0,0.0
,0.0,,,,2,14,12.0,142023,,,0.0
360000.0,,,,,1,14,14.0,142023,7.0,7124.0,0.0
400000.0,,,,,1,14,16.0,142023,3.0,3213.0,0.0
,0.0,,,,2,14,16.0,142023,,,0.0
,,,,,2,14,,142023,,,0.0
,,,,,2,14,,142023,,,0.0
,0.0,,,,1,14,4.0,142023,,,0.0
,0.0,,,,2,14,2.0,142023,,,0.0
,,,,,1,14,9.0,142023,6.0,6121.0,0.0
,0.0,,,,2,14,9.0,142023,,,0.0
,0.0,,,,2,14,12.0,142023,,,0.0
,0.0,11091.0,,,1,14,10.0,142023,,,0.0
,,11091.0,,,1,14,,142023,,,0.0
,0.0,,,,1,14,2.0,142023,,,0.0
277000.0,,,,,1,14,12.0,142023,9.0,9132.0,0.0
,0.0,,,,2,14,9.0,142023,,,0.0
277000.0,,,,,1,14,12.0,142023,4.0,4131.0,0.0
,0.0,,,,2,14,12.0,142023,,,0.0
,,11091.0,,,1,14,,142023,,,0.0
,,11091.0,,,1,14,,142023,,,0.0
300000.0,,,,,1,14,6.0,142023,6.0,6113.0,0.0
,0.0,,,,2,14,3.0,142023,,,0.0
,0.0,,,,2,14,12.0,142023,,,0.0
270000.0,,,,,1,14,5.0,142023,6.0,6111.0,0.0
,0.0,,,,2,14,0.0,142023,,,0.0
400000.0,,,,,1,14,8.0,142023,7.0,7124.0,0.0
300000.0,,,,,1,14,12.0,142023,9.0,9313.0,0.0
,0.0,,,,2,14,12.0,142023,,,0.0
,,11091.0,,,2,14,,142023,,,0.0
280000.0,,,,,1,14,6.0,142023,6.0,6113.0,0.0
,0.0,,,,2,14,3.0,142023,,,0.0
,0.0,,,,1,14,8.0,142023,,,0.0
99.0,,,,,1,14,5.0,142023,9.0,9211.0,0.0
,0.0,,,,2,14,0.0,142023,,,0.0
,,,,,2,14,10.0,142023,999.0,9999.0,0.0
,0.0,,104000.0,,1,14,10.0,142032,,,104000.0
,,,372000.0,,2,14,16.0,142032,1.0,1315.0,372000.0
60000.0,,,,,1,14,12.0,142032,7.0,7124.0,0.0
310000.0,,,,,2,14,12.0,142032,9.0,9132.0,0.0
,0.0,,,,2,14,15.0,142032,,,0.0
,0.0,,,,1,14,10.0,142032,,,0.0
,,,,,2,14,,142032,,,0.0
,0.0,,,,1,14,18.0,142032,,,0.0
650000.0,,,,,2,14,16.0,142032,2.0,2331.0,0.0
,0.0,,,,2,14,15.0,142032,,,0.0
,20000.0,,,,1,14,12.0,142032,,,0.0
,0.0,,243000.0,,2,14,17.0,142032,,,243000.0
,,,1560000.0,,1,14,17.0,142032,1.0,1315.0,1560000.0
50000.0,,,,,2,14,12.0,142032,9.0,9132.0,0.0
,0.0,,150000.0,,2,14,4.0,142032,,,150000.0
99.0,,,,,2,14,17.0,142032,2.0,2340.0,0.0
,,,,,2,14,3.0,142032,9.0,9133.0,0.0
300000.0,,,,,2,14,12.0,142032,9.0,9211.0,0.0
,,,,,2,14,,142032,,,0.0
,0.0,,,,1,14,,142032,,,0.0
380000.0,,,,,1,14,8.0,142032,7.0,7124.0,0.0
,0.0,,,104646.0,2,14,5.0,142032,,,104646.0
,0.0,,,,2,14,12.0,142032,,,0.0
,,11091.0,,,1,14,,142032,,,0.0
,,11091.0,,,1,14,,142032,,,0.0
,,,,,1,14,4.0,142032,1.0,1314.0,0.0
,0.0,,,,2,14,8.0,142032,,,0.0
300000.0,,,,,2,14,12.0,142032,5.0,5131.0,0.0
300000.0,,,,,1,14,12.0,142032,5.0,5220.0,0.0
,,,,,1,14,,142032,,,0.0
,0.0,,,,2,14,1.0,142032,,,0.0
,0.0,,800000.0,,1,14,12.0,142032,,,800000.0
,0.0,,120000.0,,2,14,12.0,142032,,,120000.0
,,,,,1,14,16.0,142032,5.0,5220.0,0.0
,,,,,2,14,14.0,142032,5.0,5220.0,0.0
,,,,,2,14,,142032,,,0.0
,,,,,2,14,,142032,,,0.0
550000.0,,,,,2,14,12.0,142032,4.0,4190.0,0.0
275000.0,,,,,1,14,12.0,142032,7.0,7124.0,0.0
,0.0,,,,2,14,3.0,142032,,,0.0
,,11091.0,,,2,14,,142032,,,0.0
,,,,104646.0,1,14,2.0,142032,7.0,7124.0,104646.0
,0.0,,,,2,14,4.0,142032,,,0.0
,0.0,,,,2,14,12.0,142032,,,0.0
250000.0,,,,,1,14,13.0,142032,7.0,7412.0,0.0
,,11091.0,,,1,14,,142032,,,0.0
,0.0,,220000.0,,1,14,0.0,142032,,,220000.0
,0.0,,,,2,14,7.0,142032,,,0.0
,,,,,1,14,12.0,142032,7.0,7124.0,0.0
,0.0,,,104646.0,2,14,9.0,142032,,,104646.0
380000.0,,,,,2,14,12.0,142032,4.0,4223.0,0.0
450000.0,,,,,2,14,16.0,142032,2.0,2446.0,0.0
,0.0,,,,2,14,16.0,142032,,,0.0
,,,,,2,14,,142032,,,0.0
320000.0,,,,,1,14,8.0,142032,6.0,6113.0,0.0
,0.0,,,,2,14,7.0,142032,,,0.0
,0.0,,,,2,14,14.0,142032,,,0.0
700000.0,,,,,1,14,8.0,142032,8.0,8332.0,0.0
291000.0,,,,,2,14,12.0,142032,5.0,5122.0,0.0
,0.0,,,,1,14,12.0,142032,,,0.0
,,,,,1,14,,142032,,,0.0
,0.0,,,,2,14,0.0,142032,,,0.0
,0.0,,,,1,14,10.0,142032,,,0.0
,,,,,1,14,12.0,142032,8.0,8324.0,0.0
,,,,,2,14,8.0,142032,6.0,6141.0,0.0
,,11091.0,,,1,14,,142032,,,0.0
,,11091.0,,,1,14,,142032,,,0.0
,,11091.0,,,1,14,,142032,,,0.0
275000.0,,,,,1,14,11.0,142032,8.0,8323.0,0.0
,0.0,,,,2,14,11.0,142032,,,0.0
,0.0,,150000.0,,2,14,12.0,142032,,,150000.0
,,,,,1,14,8.0,142032,9.0,9211.0,0.0
,,,,,2,14,6.0,142032,7.0,7332.0,0.0
600000.0,,,,,2,14,15.0,142032,3.0,3416.0,0.0
,0.0,,,,1,14,14.0,142032,,,0.0
,0.0,,,,2,14,11.0,142032,,,0.0
,0.0,,,104646.0,2,14,8.0,142032,,,104646.0
400000.0,,,,,1,14,8.0,142032,8.0,8324.0,0.0
726000.0,,,,,2,14,15.0,142032,1.0,1120.0,0.0
380000.0,,,,,1,14,11.0,142032,7.0,7124.0,0.0
99.0,,,,,2,14,15.0,142032,3.0,3320.0,0.0
,,11091.0,,,2,14,,142032,,,0.0
,,11091.0,,,2,14,,142032,,,0.0
,,,,,1,14,13.0,142032,5.0,5122.0,0.0
,,,,,2,14,12.0,142032,5.0,5122.0,0.0
,,,,,2,14,,142032,,,0.0
,,,320000.0,,2,14,8.0,142032,1.0,1314.0,320000.0
480000.0,,,,,2,14,15.0,142032,3.0,3439.0,0.0
800000.0,,,,,1,14,17.0,142032,3.0,3151.0,0.0
,,,,,1,14,,142032,,,0.0
,,,,,2,14,,142032,,,0.0
,0.0,,,,2,14,5.0,142032,,,0.0
,0.0,,,,2,14,12.0,142032,,,0.0
450000.0,,,,,1,14,12.0,142032,8.0,8324.0,0.0
275000.0,,,,,2,14,12.0,142032,5.0,5131.0,0.0
,0.0,,,,1,14,11.0,142032,,,0.0
,0.0,,,,2,14,8.0,142032,,,0.0
250000.0,,,,,2,14,12.0,142032,3.0,3310.0,0.0
,0.0,,,,1,14,14.0,142032,,,0.0
,0.0,,,,2,14,8.0,142032,,,0.0
,,,,,1,14,8.0,142032,5.0,5230.0,0.0
,,,,,2,14,8.0,142032,5.0,5230.0,0.0
275000.0,,,,,2,14,16.0,142032,4.0,4190.0,0.0
,0.0,11091.0,,,2,14,10.0,142032,,,0.0
,,,,,2,14,,142032,,,0.0
,0.0,,,104646.0,2,14,2.0,142032,,,104646.0
,,,,,1,14,8.0,142032,7.0,7124.0,0.0
500000.0,,,,,1,14,17.0,142032,7.0,7413.0,0.0
,0.0,,,,2,14,12.0,142032,,,0.0
,0.0,,,,1,14,10.0,142032,,,0.0
,,,,,2,14,,142032,,,0.0
,,,,,2,14,12.0,142032,7.0,7412.0,0.0
,0.0,11091.0,,104646.0,1,14,11.0,142032,,,104646.0
,,11091.0,,,1,14,,142032,,,0.0
400000.0,,,,,1,14,7.0,142033,6.0,6121.0,0.0
,0.0,,,,2,14,10.0,142033,,,0.0
,0.0,,,,2,14,4.0,142033,,,0.0
,0.0,,,,2,14,8.0,142033,,,0.0
,0.0,,,104646.0,2,14,4.0,142033,,,104646.0
,0.0,,,,2,14,1.0,142033,,,0.0
,0.0,,120000.0,,1,14,1.0,142033,,,120000.0
150000.0,,,,,1,14,4.0,142033,9.0,9211.0,0.0
,0.0,,,,2,14,8.0,142033,,,0.0
,0.0,,,,2,14,13.0,142033,,,0.0
,,,,,2,14,,142033,,,0.0
,0.0,,,,2,14,12.0,142033,,,0.0
120000.0,,,,,1,14,11.0,142033,8.0,8141.0,0.0
,,,,104646.0,2,14,12.0,142033,7.0,7332.0,104646.0
280000.0,,,,,1,14,8.0,142033,6.0,6121.0,0.0
,0.0,,,,2,14,8.0,142033,,,0.0
,,11091.0,,,1,14,,142033,,,0.0
,,,,,1,14,7.0,142033,6.0,6130.0,0.0
,0.0,,,,2,14,8.0,142033,,,0.0
230000.0,,,,,1,14,12.0,142033,9.0,9312.0,0.0
,,11091.0,,,2,14,,142033,,,0.0
,0.0,,,104646.0,2,14,3.0,142033,,,104646.0
,,,,,1,14,8.0,142033,6.0,6130.0,0.0
,,,,,1,14,8.0,142033,6.0,6111.0,0.0
300000.0,,,,,2,14,8.0,142033,9.0,9132.0,0.0
,0.0,,,,2,14,12.0,142033,,,0.0
360000.0,,,,,1,14,12.0,142033,6.0,6121.0,0.0
,,11091.0,,,2,14,,142033,,,0.0
,,11091.0,,,2,14,,142033,,,0.0
,0.0,,,104646.0,2,14,2.0,142033,,,104646.0
,,,,,1,14,4.0,142033,6.0,6112.0,0.0
,,,,,2,14,8.0,142033,6.0,6112.0,0.0
,,11091.0,,,2,14,,142033,,,0.0
,0.0,,,,1,14,5.0,142033,,,0.0
,0.0,,,,2,14,5.0,142033,,,0.0
230000.0,,,,,1,14,8.0,142033,6.0,6121.0,0.0
230000.0,,,,,1,14,12.0,142033,6.0,6121.0,0.0
,0.0,,,,2,14,12.0,142033,,,0.0
,,11091.0,,,1,14,,142033,,,0.0
,,11091.0,,,2,14,,142033,,,0.0
252000.0,,,,,1,14,8.0,142033,9.0,9152.0,0.0
,30000.0,,,,2,14,7.0,142033,,,0.0
,0.0,11091.0,,,2,14,11.0,142033,,,0.0
,,11091.0,,,2,14,,142033,,,0.0
,0.0,,,,1,14,8.0,142033,,,0.0
100000.0,,,,,2,14,,142033,5.0,5133.0,0.0
230000.0,,,,,1,14,8.0,142033,6.0,6121.0,0.0
,0.0,,,,2,14,4.0,142033,,,0.0
,,,,,1,14,8.0,142033,6.0,6130.0,0.0
300000.0,,,,,2,14,8.0,142033,9.0,9211.0,0.0
,0.0,,,,2,14,11.0,142033,,,0.0
,,11091.0,,,1,14,,142033,,,0.0
,,11091.0,,,2,14,,142033,,,0.0
,0.0,,110000.0,,1,14,3.0,142033,,,110000.0
,0.0,,,104646.0,2,14,12.0,142033,,,104646.0
,0.0,,,,1,14,7.0,142033,,,0.0
,0.0,,,104646.0,2,14,0.0,142033,,,104646.0
,0.0,,,,2,14,10.0,142033,,,0.0
290000.0,,,,,1,14,8.0,142033,9.0,9211.0,0.0
,0.0,11091.0,,,1,14,12.0,142033,,,0.0
,,11091.0,,,2,14,,142033,,,0.0
,,11091.0,,,2,14,,142033,,,0.0
,0.0,,,,1,14,3.0,142033,,,0.0
,0.0,,,,2,14,0.0,142033,,,0.0
,0.0,,,104646.0,2,14,2.0,142033,,,104646.0
,,,,,1,14,12.0,142033,7.0,7231.0,0.0
,,,,,1,14,4.0,142033,7.0,7124.0,0.0
,0.0,,200000.0,,2,14,3.0,142033,,,200000.0
300000.0,,,,,1,14,12.0,142033,9.0,9313.0,0.0
350000.0,,,,,1,14,12.0,142033,7.0,7136.0,0.0
250000.0,,,,104646.0,1,14,6.0,142033,6.0,6113.0,104646.0
,0.0,,,,2,14,5.0,142033,,,0.0
300000.0,,,120000.0,,1,14,8.0,142033,9.0,9152.0,120000.0
,0.0,,,,2,14,7.0,142033,,,0.0
,0.0,,,,2,14,14.0,142033,,,0.0
,,,,,2,14,,142033,,,0.0
450000.0,,,,,1,14,8.0,142033,9.0,9152.0,0.0
,0.0,,,,2,14,8.0,142033,,,0.0
,0.0,,,,2,14,14.0,142033,,,0.0
,0.0,,,,1,14,14.0,142033,,,0.0
,0.0,,,,1,14,15.0,142033,,,0.0
,,,,,1,14,8.0,142033,6.0,6111.0,0.0
,0.0,,,,2,14,6.0,142033,,,0.0
,0.0,,,,1,14,10.0,142033,,,0.0
,,,,,2,14,10.0,142033,1.0,1314.0,0.0
,,11091.0,,,2,14,,142033,,,0.0
,,,,,1,14,,142033,,,0.0
250000.0,,,,,1,14,8.0,142033,9.0,9211.0,0.0
,0.0,,,,2,14,7.0,142033,,,0.0
,0.0,11091.0,,,2,14,10.0,142033,,,0.0
,,11091.0,,,1,14,,142033,,,0.0
,,,,,1,14,,142033,,,0.0
,,,,,2,14,11.0,142033,5.0,5220.0,0.0
,,,,,1,14,11.0,142033,9.0,9111.0,0.0
,,11091.0,,,1,14,,142033,,,0.0
,,11091.0,,,2,14,,142033,,,0.0
270000.0,,,,,1,14,5.0,142033,6.0,6121.0,0.0
,0.0,,,,2,14,2.0,142033,,,0.0
270000.0,,,,,1,14,8.0,142033,8.0,8331.0,0.0
,0.0,,,,2,14,15.0,142033,,,0.0
,0.0,,,,2,14,9.0,142033,,,0.0
350000.0,,,,,1,14,8.0,142033,9.0,9152.0,0.0
0.0,,,,,2,14,13.0,142033,5.0,5122.0,0.0
225000.0,,,,,2,14,12.0,142033,3.0,3212.0,0.0
350000.0,,,,,1,14,12.0,142033,9.0,9152.0,0.0
220000.0,,,,,2,14,12.0,142033,5.0,5131.0,0.0
,0.0,,,,2,14,14.0,142033,,,0.0
,0.0,,,,1,14,9.0,142033,,,0.0
,0.0,,,104646.0,2,14,8.0,142033,,,104646.0
,0.0,,,104646.0,2,14,0.0,142033,,,104646.0
275000.0,,,,,1,14,11.0,142033,5.0,5169.0,0.0
,0.0,,,,2,14,13.0,142033,,,0.0
220000.0,,,,,1,14,12.0,142033,9.0,9211.0,0.0
220000.0,,,,,2,14,12.0,142033,4.0,4190.0,0.0
,0.0,,,,2,14,12.0,142033,,,0.0
,,,,,1,14,,142033,,,0.0
277000.0,,,,,1,14,8.0,142033,9.0,9152.0,0.0
,0.0,,,,2,14,7.0,142033,,,0.0
,,11091.0,,,1,14,,142033,,,0.0
,0.0,,,,2,14,13.0,142033,,,0.0
550000.0,,,,,1,14,8.0,142033,9.0,9152.0,0.0
,0.0,,,,2,14,8.0,142033,,,0.0
,,,,,1,14,,142033,,,0.0
,,,,,2,14,,142033,,,0.0
400000.0,,,,,1,14,5.0,142033,6.0,6121.0,0.0
540000.0,,,,,2,14,9.0,142033,9.0,9131.0,0.0
,0.0,,,,2,14,13.0,142033,,,0.0
350000.0,,,,,1,14,15.0,142033,6.0,6113.0,0.0
,0.0,,,,2,14,15.0,142033,,,0.0
,,,,,2,14,,142033,,,0.0
,,,,,1,14,8.0,142041,6.0,6151.0,0.0
,0.0,,,,2,14,4.0,142041,,,0.0
,,,,104646.0,1,14,2.0,142041,7.0,7442.0,104646.0
,0.0,,,,2,14,4.0,142041,,,0.0
275000.0,,,,,2,14,16.0,142041,2.0,2230.0,0.0
,0.0,11091.0,,,2,14,11.0,142041,,,0.0
,,11091.0,,,1,14,,142041,,,0.0
100000.0,,,,,2,14,13.0,142041,4.0,4211.0,0.0
,,11091.0,,,2,14,,142041,,,0.0
100000.0,,,,,2,14,10.0,142041,9.0,9131.0,0.0
150000.0,,,,,1,14,8.0,142041,9.0,9312.0,0.0
,0.0,,,,2,14,12.0,142041,,,0.0
150000.0,,,,,1,14,12.0,142041,6.0,6121.0,0.0
,,,,,1,14,,142041,,,0.0
270000.0,,,,,1,14,12.0,142041,9.0,9132.0,0.0
,0.0,,,,2,14,7.0,142041,,,0.0
,0.0,,,,2,14,8.0,142041,,,0.0
,0.0,,,,2,14,12.0,142041,,,0.0
,,11091.0,,,1,14,,142041,,,0.0
,,,,,2,14,8.0,142041,5.0,5230.0,0.0
,0.0,,,,2,14,8.0,142041,,,0.0
,0.0,,,,1,14,10.0,142041,,,0.0
300000.0,,,,,1,14,10.0,142041,7.0,7124.0,0.0
,0.0,,,,2,14,10.0,142041,,,0.0
,0.0,,,,2,14,12.0,142041,,,0.0
,,,,,2,14,,142041,,,0.0
,,,,,2,14,,142041,,,0.0
,0.0,,,104646.0,2,14,4.0,142041,,,104646.0
,0.0,,,104646.0,2,14,4.0,142041,,,104646.0
,0.0,,,,1,14,8.0,142041,,,0.0
,0.0,,,,1,14,8.0,142041,,,0.0
300000.0,,,,,1,14,12.0,142041,9.0,9132.0,0.0
300000.0,,,,,2,14,12.0,142041,9.0,9132.0,0.0
,0.0,,,,1,14,16.0,142041,,,0.0
,,,,,2,14,,142041,,,0.0
,,,,,2,14,,142041,,,0.0
,0.0,,,,2,14,8.0,142041,,,0.0
,0.0,,,,1,14,12.0,142041,,,0.0
100000.0,,,,,1,14,14.0,142041,9.0,9322.0,0.0
,0.0,,,,2,14,6.0,142041,,,0.0
,0.0,,189000.0,,2,14,1.0,142041,,,189000.0
,0.0,,132000.0,,2,14,8.0,142041,,,132000.0
,0.0,,135000.0,,1,14,12.0,142041,,,135000.0
99.0,,,,,2,14,17.0,142041,2.0,2340.0,0.0
,0.0,,,,2,14,17.0,142041,,,0.0
,,,,104646.0,2,14,2.0,142041,5.0,5230.0,104646.0
,0.0,,600000.0,,1,14,17.0,142041,,,600000.0
,0.0,,,,2,14,12.0,142041,,,0.0
,,,,,2,14,12.0,142041,7.0,7436.0,0.0
,0.0,11091.0,,,1,14,11.0,142041,,,0.0
,0.0,,200000.0,,1,14,2.0,142041,,,200000.0
,0.0,,,104646.0,2,14,3.0,142041,,,104646.0
,0.0,,,,1,14,9.0,142041,,,0.0
420000.0,,,,,1,14,14.0,142041,3.0,3211.0,0.0
,0.0,,,,2,14,13.0,142041,,,0.0
,0.0,,,,2,14,10.0,142041,,,0.0
600000.0,,,,,1,14,12.0,142041,5.0,5163.0,0.0
,0.0,,,,2,14,12.0,142041,,,0.0
,0.0,,,,2,14,15.0,142041,,,0.0
,,,,,1,14,,142041,,,0.0
300000.0,,,,,2,14,12.0,142041,5.0,5220.0,0.0
200000.0,,,,,2,14,12.0,142041,5.0,5220.0,0.0
,,,,,1,14,,142041,,,0.0
,0.0,,,,2,14,12.0,142041,,,0.0
,,11091.0,,,1,14,,142041,,,0.0
,,11091.0,,,1,14,,142041,,,0.0
,,11091.0,,,1,14,,142041,,,0.0
,,,,,1,14,12.0,142041,7.0,7136.0,0.0
40000.0,,,,,2,14,12.0,142041,9.0,9131.0,0.0
,0.0,,,,1,14,15.0,142041,,,0.0
,,11091.0,,,2,14,,142041,,,0.0
,0.0,,,,2,14,15.0,142041,,,0.0
600000.0,,,,,2,14,17.0,142041,2.0,2340.0,0.0
,0.0,,,,2,14,15.0,142041,,,0.0
230000.0,,,,,2,14,8.0,142041,9.0,9131.0,0.0
,0.0,,,,1,14,18.0,142041,,,0.0
,0.0,,,,2,14,15.0,142041,,,0.0
,20000.0,,,,1,14,13.0,142041,,,0.0
,0.0,,,,2,14,,142041,,,0.0
,,,,,1,14,,142041,,,0.0
,,,,,1,14,14.0,142041,1.0,1314.0,0.0
500000.0,,,,,1,14,18.0,142041,2.0,2331.0,0.0
300000.0,,,,,2,14,14.0,142041,4.0,4211.0,0.0
,0.0,,,104646.0,2,14,6.0,142041,,,104646.0
,,,,,1,14,12.0,142041,8.0,8323.0,0.0
270000.0,,,,,2,14,12.0,142041,9.0,9211.0,0.0
270000.0,,,,,1,14,12.0,142041,5.0,5123.0,0.0
,0.0,,,104646.0,2,14,4.0,142041,,,104646.0
,0.0,,,,1,14,12.0,142041,,,0.0
,0.0,,,,1,14,12.0,142041,,,0.0
,0.0,,,,2,14,8.0,142041,,,0.0
,,,,,2,14,,142041,,,0.0
,0.0,,,,2,14,4.0,142041,,,0.0
,,,160000.0,,1,14,12.0,142041,7.0,7442.0,160000.0
,0.0,,400000.0,,1,14,17.0,142041,,,400000.0
,,,,,1,14,17.0,142041,2.0,2419.0,0.0
,,,,,1,14,12.0,142041,7.0,7231.0,0.0
210000.0,,,,,2,14,13.0,142041,5.0,5132.0,0.0
,0.0,,,,2,14,13.0,142041,,,0.0
,,,,,2,14,,142041,,,0.0
,,,120000.0,,1,14,7.0,142041,1.0,1316.0,120000.0
,,,,,2,14,7.0,142041,8.0,8322.0,0.0
550000.0,,,,,1,14,12.0,142041,8.0,8324.0,0.0
,0.0,,,,1,14,11.0,142041,,,0.0
1050000.0,,,,,1,14,18.0,142041,2.0,2310.0,0.0
356000.0,,,,,2,14,12.0,142041,3.0,3415.0,0.0
,0.0,,,,2,14,14.0,142041,,,0.0
,0.0,,,,2,14,12.0,142041,,,0.0
,0.0,,,,1,14,0.0,142041,,,0.0
,,,,,2,14,,142041,,,0.0
,,,,,1,14,12.0,142041,7.0,7124.0,0.0
300000.0,,,,,2,14,12.0,142041,5.0,5122.0,0.0
,0.0,,,,1,14,12.0,142041,,,0.0
,0.0,,,,2,14,12.0,142041,,,0.0
,0.0,,,,2,14,12.0,142041,,,0.0
,,,,,1,14,15.0,142041,1.0,1314.0,0.0
,0.0,,,,1,14,10.0,142041,,,0.0
200000.0,,,,,1,14,10.0,142041,8.0,8332.0,0.0
,0.0,,,,2,14,12.0,142041,,,0.0
,0.0,,250000.0,,2,14,18.0,142041,,,250000.0
170000.0,,,,,2,14,12.0,142041,5.0,5220.0,0.0
,,,,,1,14,4.0,142041,7.0,7124.0,0.0
,0.0,,,,2,14,15.0,142041,,,0.0
,,,,,1,14,15.0,142041,3.0,3113.0,0.0
320000.0,,,,,2,14,15.0,142041,3.0,3439.0,0.0
,,,,,1,14,,142041,,,0.0
,99.0,,,,2,14,12.0,142041,,,0.0
186000.0,,,,,1,14,14.0,142041,5.0,5123.0,0.0
,0.0,,,104646.0,2,14,12.0,142041,,,104646.0
,0.0,,,,2,14,14.0,142041,,,0.0
,0.0,,,,1,14,10.0,142041,,,0.0
,,,,,2,14,,142041,,,0.0
690000.0,,,,,2,14,15.0,142041,3.0,3320.0,0.0
,,,,,2,14,,142041,,,0.0
,,,,,1,14,,142041,,,0.0
350000.0,,,,,1,14,8.0,142041,5.0,5161.0,0.0
280000.0,,,,,2,14,8.0,142041,4.0,4211.0,0.0
,,,,,2,14,,142041,,,0.0
,,,,,1,14,,142041,,,0.0
580000.0,,,,,2,14,15.0,142041,3.0,3231.0,0.0
420000.0,,,,,1,14,15.0,142041,7.0,7233.0,0.0
,,,,,1,14,,142041,,,0.0
300000.0,,,,,1,14,12.0,142041,5.0,5169.0,0.0
,0.0,,,,2,14,15.0,142041,,,0.0
,,,,,2,14,,142041,,,0.0
,0.0,,,,1,14,9.0,142041,,,0.0
,,,,104646.0,2,14,9.0,142041,3.0,3242.0,104646.0
170000.0,,,,,2,14,12.0,142041,5.0,5133.0,0.0
,0.0,,,,1,14,11.0,142041,,,0.0
275000.0,,,,,1,14,12.0,142041,3.0,3415.0,0.0
200000.0,,,,,2,14,12.0,142041,3.0,3320.0,0.0
,,,,,2,14,,142041,,,0.0
,,,,,1,14,,142041,,,0.0
,0.0,,,104646.0,1,14,5.0,142041,,,104646.0
,0.0,,,,2,14,2.0,142041,,,0.0
270000.0,,,,,1,14,2.0,142041,9.0,9312.0,0.0
,0.0,,180000.0,,2,14,5.0,142041,,,180000.0
,,,,,1,14,17.0,142041,2.0,2143.0,0.0
140000.0,,,,,1,14,12.0,142041,7.0,7412.0,0.0
,,,,,2,14,12.0,142041,1.0,1314.0,0.0
,0.0,,,,2,14,16.0,142041,,,0.0
,0.0,,,,2,14,14.0,142041,,,0.0
,,,,,1,14,,142041,,,0.0
500000.0,,,,,1,14,8.0,142041,1.0,1311.0,0.0
,0.0,,,,2,14,12.0,142041,,,0.0
1800000.0,,,,,1,14,17.0,142041,2.0,2223.0,0.0
,0.0,,,,1,14,16.0,142041,,,0.0
300000.0,,,,,2,14,17.0,142041,2.0,2411.0,0.0
270000.0,,,,,1,14,11.0,142041,8.0,8324.0,0.0
270000.0,,,,,2,14,12.0,142041,5.0,5131.0,0.0
,0.0,,,,1,14,11.0,142041,,,0.0
,,,,,2,14,,142041,,,0.0
,0.0,,150000.0,,1,14,12.0,142041,,,150000.0
,40000.0,,,,2,14,10.0,142041,,,0.0
0.0,,,,,2,14,12.0,142041,9.0,9211.0,0.0
0.0,,,,,2,14,12.0,142041,9.0,9211.0,0.0
,,,,,1,14,,142041,,,0.0
230000.0,,,,,2,14,12.0,142041,5.0,5131.0,0.0
,0.0,,,,2,14,13.0,142041,,,0.0
,,,,,2,14,7.0,142041,7.0,7432.0,0.0
,,,,,2,14,12.0,142041,7.0,7432.0,0.0
274000.0,,,,,1,14,13.0,142041,8.0,8322.0,0.0
,0.0,,,,2,14,0.0,142041,,,0.0
270000.0,,,,,2,14,12.0,142041,9.0,9211.0,0.0
,0.0,,,104646.0,2,14,12.0,142041,,,104646.0
,0.0,,,,1,14,0.0,142041,,,0.0
,,,,,2,14,3.0,142041,5.0,5131.0,0.0
,0.0,,,104646.0,1,14,6.0,142041,,,104646.0
,0.0,,,104646.0,2,14,5.0,142041,,,104646.0
400000.0,,,,,1,14,12.0,142041,8.0,8323.0,0.0
,0.0,,,,2,14,12.0,142041,,,0.0
,,,,,1,14,,142041,,,0.0
,,,,,2,14,,142041,,,0.0
400000.0,,,,,2,14,15.0,142041,3.0,3231.0,0.0
,0.0,,,,1,14,9.0,142041,,,0.0
,,,,104646.0,2,14,,142041,,,104646.0
,,,180000.0,,1,14,6.0,142041,1.0,1315.0,180000.0
,0.0,,,,2,14,6.0,142041,,,0.0
,0.0,,,,2,14,0.0,142041,,,0.0
,,,,,2,14,,142041,,,0.0
328000.0,,,,,1,14,12.0,142041,9.0,9213.0,0.0
250000.0,,,,,2,14,12.0,142041,9.0,9131.0,0.0
500000.0,,,,104646.0,1,14,12.0,142041,7.0,7124.0,104646.0
500000.0,,,,,2,14,12.0,142041,7.0,7412.0,0.0
,0.0,,500000.0,,2,14,17.0,142041,,,500000.0
,100000.0,,,,1,14,15.0,142041,,,0.0
350000.0,,,,,1,14,14.0,142041,1.0,1314.0,0.0
,0.0,,,104646.0,2,14,12.0,142041,,,104646.0
,,,,,1,14,17.0,142041,1.0,1314.0,0.0
,,,,,2,14,14.0,142041,5.0,5141.0,0.0
,,,,,2,14,,142041,,,0.0
,0.0,,,,1,14,15.0,142041,,,0.0
240000.0,,,,,2,14,12.0,142041,5.0,5132.0,0.0
,0.0,,,,2,14,12.0,142041,,,0.0
,0.0,,670000.0,,2,14,12.0,142041,,,670000.0
275000.0,,,,,1,14,10.0,142041,8.0,8324.0,0.0
,0.0,,,,2,14,11.0,142041,,,0.0
259000.0,,,,,2,14,15.0,142041,2.0,2230.0,0.0
200000.0,,,,,1,14,8.0,142041,9.0,9211.0,0.0
,150000.0,,,,2,14,12.0,142041,,,0.0
99.0,,,,,2,14,12.0,142041,4.0,4211.0,0.0
270000.0,,,,,1,14,8.0,142041,7.0,7124.0,0.0
,0.0,,,,2,14,7.0,142041,,,0.0
270000.0,,,,,1,14,12.0,142041,9.0,9312.0,0.0
,0.0,,,104646.0,2,14,0.0,142041,,,104646.0
300000.0,,,,,1,14,8.0,142041,6.0,6121.0,0.0
,0.0,,,,2,14,8.0,142041,,,0.0
,0.0,,,,2,14,16.0,142041,,,0.0
,,,,,1,14,,142041,,,0.0
,0.0,,,104646.0,2,14,8.0,142041,,,104646.0
538176.0,,,,,1,14,12.0,142041,5.0,5220.0,0.0
,0.0,,,,2,14,12.0,142041,,,0.0
,0.0,,,,2,14,9.0,142041,,,0.0
,,,,,1,14,,142041,,,0.0
99.0,,,,,1,14,12.0,142041,8.0,8323.0,0.0
,0.0,,,,2,14,12.0,142041,,,0.0
,0.0,,,,2,14,12.0,142041,,,0.0
,,,,,2,14,,142041,,,0.0
500000.0,,,,,2,14,14.0,142041,3.0,3320.0,0.0
,,,,,2,14,,142041,,,0.0
900000.0,,,,,1,14,14.0,142041,3.0,3114.0,0.0
,0.0,,,,1,14,16.0,142041,,,0.0
,0.0,,,,2,14,12.0,142041,,,0.0
,0.0,,,104646.0,2,14,6.0,142041,,,104646.0
,0.0,,,,2,14,13.0,142041,,,0.0
,0.0,,150000.0,,2,14,4.0,142041,,,150000.0
500000.0,,,,,1,14,12.0,142041,2.0,2460.0,0.0
500000.0,,,,,2,14,17.0,142041,2.0,2331.0,0.0
,,,,104646.0,1,14,6.0,142041,9.0,9133.0,104646.0
,0.0,,,,2,14,0.0,142041,,,0.0
,,,,,2,14,8.0,142041,9.0,9112.0,0.0
,0.0,,,,1,14,14.0,142041,,,0.0
,0.0,,,,1,14,11.0,142041,,,0.0
850000.0,,,,,1,14,12.0,142041,5.0,5162.0,0.0
,0.0,,,,2,14,12.0,142041,,,0.0
,,,,,1,14,,142041,,,0.0
,0.0,,,,2,14,12.0,142041,,,0.0
100000.0,,,,,2,14,13.0,142041,9.0,9322.0,0.0
,0.0,,,,1,14,11.0,142041,,,0.0
,,,,,1,14,6.0,142041,7.0,7332.0,0.0
,0.0,,,104646.0,2,14,2.0,142041,,,104646.0
130000.0,,,,,2,14,14.0,142041,5.0,5220.0,0.0
,,,,,1,14,,142041,,,0.0
,,,,,1,14,12.0,142041,8.0,8322.0,0.0
99.0,,,,,2,14,12.0,142041,999.0,9999.0,0.0
200000.0,,,,,2,14,8.0,142041,999.0,9999.0,0.0
,99.0,,,,1,14,12.0,142041,,,0.0
,,,,,1,14,,142041,,,0.0
,,,,,2,14,,142041,,,0.0
,,,,104646.0,1,14,6.0,142041,7.0,7422.0,104646.0
,0.0,,,104646.0,2,14,3.0,142041,,,104646.0
700000.0,,,,,2,14,13.0,142041,2.0,2351.0,0.0
,,,,,2,14,,142041,,,0.0
270000.0,,,,,2,14,6.0,142041,6.0,6113.0,0.0
,0.0,,,,1,14,8.0,142041,,,0.0
,0.0,,,,2,14,2.0,142041,,,0.0
,,,,,1,14,,142041,,,0.0
276000.0,,,,,2,14,12.0,142041,7.0,7411.0,0.0
,,11091.0,,,1,14,,142041,,,0.0
,,11091.0,,,1,14,,142041,,,0.0
200000.0,,,,,2,14,6.0,142041,9.0,9131.0,0.0
272000.0,,,,,1,14,12.0,142041,7.0,7132.0,0.0
,0.0,,,,1,14,12.0,142041,,,0.0
110000.0,,,,,2,14,12.0,142041,9.0,9131.0,0.0
200000.0,,,,,2,14,12.0,142041,9.0,9211.0,0.0
200000.0,,,,,1,14,12.0,142041,9.0,9313.0,0.0
,,11091.0,,,1,14,,142041,,,0.0
,,11091.0,,,1,14,,142041,,,0.0
,,,,,1,14,12.0,142041,9.0,9111.0,0.0
,,,,,2,14,12.0,142041,1.0,1314.0,0.0
,0.0,,,,2,14,12.0,142041,,,0.0
,,,,,2,14,,142041,,,0.0
,,,,,1,14,,142041,,,0.0
,,,,,1,14,,142041,,,0.0
500000.0,,,,,2,14,15.0,142041,3.0,3225.0,0.0
295000.0,,,,,1,14,15.0,142041,3.0,3449.0,0.0
,0.0,,,,1,14,15.0,142041,,,0.0
500000.0,,,,,1,14,12.0,142041,8.0,8323.0,0.0
300000.0,,,,,2,14,15.0,142041,3.0,3433.0,0.0
,0.0,,,,1,14,12.0,142041,,,0.0
,0.0,,,,2,14,11.0,142041,,,0.0
,,,,,1,14,12.0,142041,1.0,1314.0,0.0
99.0,,,,,1,14,12.0,142041,5.0,5169.0,0.0
99.0,,,,,2,14,12.0,142041,5.0,5220.0,0.0
99.0,,,,,1,14,17.0,142041,2.0,2331.0,0.0
,0.0,,,,2,14,12.0,142041,,,0.0
1000000.0,,,,,1,14,14.0,142041,3.0,3119.0,0.0
800000.0,,,,,2,14,18.0,142041,2.0,2331.0,0.0
,,,,,1,14,,142041,,,0.0
,,,,,2,14,,142041,,,0.0
400000.0,,,,,1,14,14.0,142041,9.0,9333.0,0.0
500000.0,,,,,2,14,17.0,142041,2.0,2331.0,0.0
,,,,,2,14,,142041,,,0.0
290000.0,,,,,1,14,13.0,142041,9.0,9322.0,0.0
,0.0,,,,2,14,13.0,142041,,,0.0
,,11091.0,,,2,14,,142041,,,0.0
640000.0,,,,,1,14,12.0,142041,5.0,5163.0,0.0
,0.0,,,,2,14,12.0,142041,,,0.0
,,,,,1,14,,142041,,,0.0
275000.0,,,,,1,14,8.0,142041,8.0,8324.0,0.0
,0.0,,,,2,14,12.0,142041,,,0.0
,,,,,2,14,,142041,,,0.0
,0.0,,,104646.0,2,14,3.0,142041,,,104646.0
,0.0,,180000.0,,1,14,5.0,142041,,,180000.0
275000.0,,,,,1,14,12.0,142041,8.0,8272.0,0.0
,0.0,,,104646.0,1,14,4.0,142041,,,104646.0
,0.0,,,,2,14,4.0,142041,,,0.0
,0.0,,,,2,14,12.0,142041,,,0.0
275000.0,,,,,1,14,8.0,142041,9.0,9313.0,0.0
,0.0,,,,2,14,16.0,142041,,,0.0
,,,,,1,14,,142041,,,0.0
,0.0,,,,1,14,0.0,142041,,,0.0
,0.0,,135000.0,,2,14,8.0,142041,,,135000.0
,0.0,,,104646.0,1,14,3.0,142041,,,104646.0
,0.0,,,104646.0,2,14,3.0,142041,,,104646.0
400000.0,,,,,1,14,12.0,142041,8.0,8211.0,0.0
,0.0,,,,2,14,16.0,142041,,,0.0
,,,,,1,14,12.0,142041,7.0,7231.0,0.0
,0.0,,,,2,14,12.0,142041,,,0.0
,,,,,1,14,,142041,,,0.0
,,,,,2,14,,142041,,,0.0
,0.0,,,,2,14,5.0,142041,,,0.0
200000.0,,,,,2,14,8.0,142041,9.0,9131.0,0.0
,0.0,,,,1,14,12.0,142041,,,0.0
,,,,,2,14,4.0,142041,9.0,9131.0,0.0
300000.0,,,,,1,14,12.0,142041,5.0,5131.0,0.0
500000.0,,,135000.0,,2,14,11.0,142041,3.0,3432.0,135000.0
,,,150000.0,,1,14,10.0,142041,5.0,5230.0,150000.0
,,,,,1,14,14.0,142041,1.0,1314.0,0.0
280000.0,,,,,2,14,12.0,142041,5.0,5220.0,0.0
,0.0,,,,2,14,16.0,142041,,,0.0
280000.0,,,,,1,14,9.0,142041,9.0,9152.0,0.0
,0.0,,,,2,14,12.0,142041,,,0.0
250000.0,,,,,1,14,10.0,142041,8.0,8323.0,0.0
,,,,,2,14,,142041,,,0.0
,,,,,2,14,,142041,,,0.0
,,,,,1,14,,142041,,,0.0
,0.0,,,104646.0,2,14,3.0,142041,,,104646.0
,,,,,2,14,12.0,142041,7.0,7412.0,0.0
691000.0,,,,,1,14,15.0,142041,3.0,3212.0,0.0
,,,,,2,14,,142041,,,0.0
,0.0,,145000.0,,1,14,7.0,142041,,,145000.0
,0.0,,,104646.0,2,14,5.0,142041,,,104646.0
250000.0,,,,,1,14,11.0,142041,5.0,5220.0,0.0
,,,,,2,14,12.0,142041,1.0,1316.0,0.0
,,,,,1,14,10.0,142041,1.0,1316.0,0.0
1200000.0,,,,,1,14,16.0,142041,3.0,3450.0,0.0
200000.0,,,,,1,14,6.0,142041,9.0,9211.0,0.0
,0.0,,,,2,14,6.0,142041,,,0.0
,,,,,1,14,,142041,,,0.0
250000.0,,,,,2,14,4.0,142041,9.0,9131.0,0.0
,0.0,,,104646.0,1,14,6.0,142041,,,104646.0
,0.0,,,104646.0,2,14,6.0,142041,,,104646.0
,,,,,1,14,12.0,142041,7.0,7124.0,0.0
,,,,,2,14,15.0,142041,5.0,5141.0,0.0
,,,220000.0,,1,14,3.0,142041,7.0,7422.0,220000.0
,,,,,2,14,14.0,142041,5.0,5122.0,0.0
,,,,104646.0,1,14,12.0,142041,7.0,7124.0,104646.0
,0.0,,,,2,14,12.0,142041,,,0.0
,0.0,,,,2,14,11.0,142041,,,0.0
,,11091.0,,,2,14,,142041,,,0.0
,,11091.0,,,1,14,,142041,,,0.0
,,,,,1,14,12.0,142041,7.0,7132.0,0.0
400000.0,,,,,2,14,12.0,142041,4.0,4115.0,0.0
,,,,,1,14,,142041,,,0.0
,,,,,1,14,,142041,,,0.0
180000.0,,,,,2,14,12.0,142041,5.0,5131.0,0.0
,,,,,2,14,,142041,,,0.0
,,,,,1,14,12.0,142041,7.0,7124.0,0.0
,,,,,1,14,20.0,142041,2.0,2222.0,0.0
800000.0,,,,,2,14,21.0,142041,2.0,2445.0,0.0
500000.0,,,,,1,14,8.0,142041,8.0,8332.0,0.0
180000.0,,,,,2,14,15.0,142041,2.0,2332.0,0.0
,0.0,,,,2,14,15.0,142041,,,0.0
,,,,,2,14,,142041,,,0.0
400000.0,,,,,1,14,12.0,142041,3.0,3413.0,0.0
800000.0,,,,,2,14,16.0,142041,2.0,2332.0,0.0
250000.0,,,,,1,14,14.0,142041,8.0,8331.0,0.0
,,,,,1,14,8.0,142041,7.0,7311.0,0.0
,,,,,1,14,7.0,142041,5.0,5230.0,0.0
270000.0,,,,,2,14,14.0,142041,5.0,5220.0,0.0
,,,,,2,14,,142041,,,0.0
,100000.0,,,104646.0,1,14,2.0,142041,,,104646.0
,,,,,1,14,13.0,142041,3.0,3439.0,0.0
,,,,,2,14,13.0,142041,5.0,5122.0,0.0
,,11091.0,,,2,14,,142041,,,0.0
700000.0,,,,,2,14,12.0,142041,3.0,3460.0,0.0
,0.0,,,,2,14,12.0,142041,,,0.0
,,,,,2,14,,142041,,,0.0
1000000.0,,,,,2,14,17.0,142041,1.0,1120.0,0.0
1600000.0,,,,,2,14,18.0,142041,2.0,2113.0,0.0
,0.0,,,,1,14,13.0,142041,,,0.0
,0.0,,,,2,14,10.0,142041,,,0.0
,0.0,,,,1,14,10.0,142041,,,0.0
900000.0,,,,,2,14,17.0,142041,2.0,2332.0,0.0
,,,98000.0,,1,14,12.0,142041,8.0,8323.0,98000.0
,0.0,,,,2,14,15.0,142041,,,0.0
,0.0,,,,2,14,15.0,142041,,,0.0
,0.0,,145000.0,,2,14,3.0,142043,,,145000.0
,0.0,,,,1,14,8.0,142043,,,0.0
,0.0,,,,2,14,7.0,142043,,,0.0
,,11091.0,,,2,14,,142043,,,0.0
280000.0,,,,,1,14,8.0,142043,8.0,8331.0,0.0
,0.0,,,,2,14,8.0,142043,,,0.0
600000.0,,,,,1,14,12.0,142043,3.0,3433.0,0.0
,0.0,,,,2,14,0.0,142043,,,0.0
,0.0,,,,2,14,8.0,142043,,,0.0
230000.0,,,,,1,14,6.0,142043,6.0,6121.0,0.0
,0.0,,,,2,14,5.0,142043,,,0.0
,0.0,11091.0,,,1,14,11.0,142043,,,0.0
,,11091.0,,,1,14,,142043,,,0.0
275000.0,,,,,1,14,10.0,142043,8.0,8331.0,0.0
,0.0,,,,2,14,7.0,142043,,,0.0
,,11091.0,,,2,14,,142043,,,0.0
,,11091.0,,,2,14,,142043,,,0.0
,0.0,,150000.0,,2,14,0.0,142043,,,150000.0
270000.0,,,,104646.0,1,14,8.0,142043,6.0,6121.0,104646.0
,0.0,,,,2,14,2.0,142043,,,0.0
,0.0,,,,2,14,1.0,142043,,,0.0
300000.0,,,,,1,14,5.0,142043,6.0,6112.0,0.0
380000.0,,,,,1,14,4.0,142043,6.0,6111.0,0.0
260000.0,,,,,2,14,7.0,142043,9.0,9131.0,0.0
260000.0,,,,,2,14,8.0,142043,9.0,9211.0,0.0
,0.0,,,,1,14,14.0,142043,,,0.0
,,11091.0,,,2,14,,142043,,,0.0
,,11091.0,,,2,14,,142043,,,0.0
50000.0,,,,,2,14,6.0,142043,9.0,9131.0,0.0
,0.0,,,,1,14,10.0,142043,,,0.0
99.0,,11091.0,,,2,14,12.0,142043,9.0,9211.0,0.0
,0.0,11091.0,,,2,14,11.0,142043,,,0.0
,,11091.0,,,1,14,,142043,,,0.0
330000.0,,,,,2,14,8.0,142043,5.0,5122.0,0.0
270000.0,,,,,1,14,12.0,142043,8.0,8331.0,0.0
,0.0,,,,1,14,5.0,142043,,,0.0
230000.0,,,,,1,14,12.0,142043,9.0,9211.0,0.0
230000.0,,,,,2,14,10.0,142043,9.0,9211.0,0.0
,,11091.0,,,2,14,,142043,,,0.0
,,11091.0,,,1,14,,142043,,,0.0
,,11091.0,,,1,14,,142043,,,0.0
400000.0,,,,,1,14,12.0,142043,5.0,5162.0,0.0
,0.0,,,,2,14,12.0,142043,,,0.0
,0.0,,,,2,14,10.0,142043,,,0.0
,,,,,1,14,,142043,,,0.0
,,,,,1,14,,142043,,,0.0
,,,,,1,14,6.0,142043,7.0,7124.0,0.0
,0.0,,,,2,14,8.0,142043,,,0.0
,,11091.0,,,1,14,,142043,,,0.0
350000.0,,,,,1,14,5.0,142043,8.0,8331.0,0.0
,0.0,,,,2,14,10.0,142043,,,0.0
,0.0,,,,1,14,11.0,142043,,,0.0
,,11091.0,,,2,14,,142043,,,0.0
,,11091.0,,,2,14,,142043,,,0.0
,,,,,1,14,10.0,142043,6.0,6141.0,0.0
,0.0,,,,2,14,4.0,142043,,,0.0
,,11091.0,,,2,14,,142043,,,0.0
,0.0,,,104646.0,2,14,4.0,142043,,,104646.0
264000.0,,,,,1,14,8.0,142043,6.0,6121.0,0.0
,0.0,,,,2,14,6.0,142043,,,0.0
,0.0,,,,2,14,13.0,142043,,,0.0
,,11091.0,,,1,14,,142043,,,0.0
,,11091.0,,,2,14,,142043,,,0.0
,,,,,1,14,9.0,142043,7.0,7124.0,0.0
300000.0,,,,,2,14,12.0,142043,5.0,5122.0,0.0
,,,,,2,14,,142043,,,0.0
,0.0,,,104646.0,1,14,3.0,142043,,,104646.0
,0.0,,,104646.0,2,14,3.0,142043,,,104646.0
,0.0,,,,1,14,4.0,142043,,,0.0
,0.0,,,,2,14,10.0,142043,,,0.0
,0.0,,,,1,14,12.0,142043,,,0.0
,,11091.0,,,1,14,,142043,,,0.0
,0.0,,180000.0,,1,14,6.0,142043,,,180000.0
,0.0,,,,2,14,6.0,142043,,,0.0
,0.0,,,,2,14,13.0,142043,,,0.0
,,11091.0,,,1,14,,142043,,,0.0
,,11091.0,,,2,14,,142043,,,0.0
,,,,,1,14,8.0,142043,7.0,7422.0,0.0
,0.0,,,,2,14,10.0,142043,,,0.0
,0.0,,,,2,14,15.0,142043,,,0.0
,,,,,2,14,,142043,,,0.0
,,,,,2,14,8.0,142043,5.0,5122.0,0.0
300000.0,,,,,1,14,12.0,142043,7.0,7136.0,0.0
,,,,,2,14,10.0,142043,8.0,8322.0,0.0
,,11091.0,,,1,14,,142043,,,0.0
,,11091.0,,,1,14,,142043,,,0.0
274000.0,,,,,1,14,12.0,142043,8.0,8331.0,0.0
,0.0,,,,2,14,10.0,142043,,,0.0
,0.0,,175000.0,,1,14,3.0,142043,,,175000.0
,0.0,,,104646.0,2,14,2.0,142043,,,104646.0
,0.0,,,,2,14,7.0,142043,,,0.0
277000.0,,,,104646.0,1,14,6.0,142043,9.0,9152.0,104646.0
,0.0,,,,2,14,6.0,142043,,,0.0
,0.0,,,,2,14,8.0,142043,,,0.0
,,11091.0,,,1,14,,142043,,,0.0
,0.0,,,,2,14,10.0,142043,,,0.0
300000.0,,,,,1,14,8.0,142043,8.0,8332.0,0.0
,,11091.0,,,1,14,,142043,,,0.0
,,,,104646.0,1,14,3.0,142043,1.0,1314.0,104646.0
,,,,104646.0,2,14,18.0,142043,1.0,1314.0,104646.0
,0.0,,,104646.0,1,14,4.0,142043,,,104646.0
,0.0,,,104646.0,2,14,4.0,142043,,,104646.0
,,,,,1,14,12.0,142043,7.0,7136.0,0.0
,0.0,,,,2,14,12.0,142043,,,0.0
350000.0,,,,,1,14,4.0,142043,7.0,7231.0,0.0
,0.0,,,,2,14,4.0,142043,,,0.0
,,,,,1,14,,142043,,,0.0
,0.0,,,,1,14,7.0,142043,,,0.0
,,,,,2,14,,142043,,,0.0
,0.0,,,,2,14,15.0,142043,,,0.0
,,,,,1,14,,142043,,,0.0
,,,,,2,14,,142043,,,0.0
,0.0,,,,2,14,12.0,142043,,,0.0
,,,,,2,14,,142043,,,0.0
274000.0,,,,,1,14,5.0,142043,9.0,9211.0,0.0
,0.0,,,,2,14,4.0,142043,,,0.0
,0.0,,,,2,14,4.0,142043,,,0.0
99.0,,,,,2,14,12.0,142043,9.0,9211.0,0.0
,0.0,,,,1,14,12.0,142043,,,0.0
,0.0,,,,2,14,11.0,142043,,,0.0
,,,,,1,14,,142043,,,0.0
450000.0,,,,,1,14,8.0,142043,999.0,9999.0,0.0
,0.0,,,,2,14,12.0,142043,,,0.0
500000.0,,,,,1,14,12.0,142043,999.0,9999.0,0.0
,0.0,,,,2,14,17.0,142043,,,0.0
,0.0,,,104646.0,2,14,6.0,142043,,,104646.0
270000.0,,,,,1,14,0.0,142043,9.0,9211.0,0.0
270000.0,,,,,2,14,8.0,142043,9.0,9131.0,0.0
,0.0,,,,1,14,10.0,142043,,,0.0
,0.0,11091.0,,,1,14,10.0,142043,,,0.0
,0.0,,,,1,14,5.0,142043,,,0.0
,0.0,,,104646.0,2,14,3.0,142043,,,104646.0
,0.0,,,104646.0,1,14,3.0,142043,,,104646.0
,0.0,,,104646.0,2,14,3.0,142043,,,104646.0
300000.0,,,99.0,,1,14,7.0,142043,6.0,6121.0,99.0
,0.0,,,,2,14,3.0,142043,,,0.0
,0.0,,,,2,14,0.0,142043,,,0.0
390000.0,,,,,1,14,0.0,142043,8.0,8331.0,0.0
,0.0,,,,2,14,12.0,142043,,,0.0
275000.0,,,,,1,14,8.0,142043,6.0,6121.0,0.0
,0.0,,,,2,14,12.0,142043,,,0.0
,0.0,11091.0,,,1,14,12.0,142043,,,0.0
,,,,104646.0,1,14,5.0,142043,6.0,6111.0,104646.0
,,,,104646.0,2,14,6.0,142043,6.0,6113.0,104646.0
,0.0,,,,2,14,13.0,142043,,,0.0
280000.0,,,,,1,14,12.0,142043,6.0,6111.0,0.0
,,,,,1,14,6.0,142043,6.0,6111.0,0.0
,,,,,2,14,8.0,142043,6.0,6111.0,0.0
,0.0,,155000.0,,1,14,4.0,142043,,,155000.0
,0.0,,,104646.0,2,14,3.0,142043,,,104646.0
,0.0,,,104646.0,1,14,4.0,142043,,,104646.0
,0.0,,,,2,14,8.0,142043,,,0.0
,0.0,,,104646.0,1,14,,142043,,,104646.0
,0.0,,,,2,14,6.0,142043,,,0.0
,0.0,11091.0,,,1,14,10.0,142043,,,0.0
,0.0,,,,2,14,0.0,142043,,,0.0
,20000.0,,,,2,14,9.0,142043,6.0,6121.0,0.0
,,,,,1,14,,142043,,,0.0
,0.0,,,,1,14,10.0,142043,,,0.0
,,,,,1,14,5.0,142043,6.0,6121.0,0.0
,0.0,,,,2,14,8.0,142043,,,0.0
,0.0,,,,2,14,11.0,142043,,,0.0
,0.0,,,,2,14,10.0,142043,,,0.0
,,,,,1,14,,142043,,,0.0
,0.0,,,,2,14,5.0,142043,,,0.0
,,,,,1,14,8.0,142043,6.0,6111.0,0.0
,,,,,2,14,,142043,,,0.0
,,,,,1,14,8.0,142043,9.0,9211.0,0.0
250000.0,,,,,2,14,12.0,142043,9.0,9211.0,0.0
,0.0,11091.0,,,1,14,11.0,142043,,,0.0
,,11091.0,,,2,14,,142043,,,0.0
,0.0,,,,2,14,3.0,142043,,,0.0
,20000.0,,,,2,14,7.0,142043,,,0.0
230000.0,,,,,1,14,12.0,142043,8.0,8322.0,0.0
,,11091.0,,,1,14,,142043,,,0.0
,,11091.0,,,2,14,,142043,,,0.0
,,,,,1,14,6.0,142043,6.0,6121.0,0.0
,0.0,,,,2,14,2.0,142043,,,0.0
,99.0,,,104646.0,1,14,7.0,142043,,,104646.0
,99.0,,,104646.0,2,14,3.0,142043,,,104646.0
99.0,,,,,1,14,9.0,142043,8.0,8331.0,0.0
400000.0,,,,,2,14,12.0,142043,2.0,2331.0,0.0
280000.0,,,,,1,14,3.0,142043,9.0,9211.0,0.0
,0.0,,,,2,14,6.0,142043,,,0.0
,,,,,1,14,,142043,,,0.0
260000.0,,,,,1,14,8.0,142043,6.0,6121.0,0.0
,0.0,,,,2,14,7.0,142043,,,0.0
,0.0,,,,1,14,12.0,142043,,,0.0
,,,,,1,14,8.0,142043,7.0,7124.0,0.0
,0.0,,191000.0,,2,14,10.0,142043,,,191000.0
300000.0,,,,,1,14,8.0,142043,6.0,6121.0,0.0
,0.0,,,,2,14,8.0,142043,,,0.0
,,,,104646.0,1,14,11.0,142043,6.0,6121.0,104646.0
270000.0,,,,,2,14,9.0,142043,5.0,5122.0,0.0
,0.0,,,104646.0,1,14,5.0,142043,,,104646.0
,,,,,2,14,,142043,,,0.0
,,,,,2,14,,142043,,,0.0
,,,,,2,14,12.0,142043,1.0,1311.0,0.0
275000.0,,,,,1,14,12.0,142043,6.0,6121.0,0.0
,,,,,1,14,,142043,,,0.0
400000.0,,,,,1,14,3.0,142043,6.0,6121.0,0.0
,0.0,,,,2,14,10.0,142043,,,0.0
260000.0,,,,,1,14,12.0,142043,9.0,9211.0,0.0
,,,,,1,14,,142043,,,0.0
,0.0,,,,2,14,12.0,142043,,,0.0
,,,,,2,14,,142043,,,0.0
,100000.0,,,,1,14,10.0,142043,,,0.0
,0.0,,,,2,14,12.0,142043,,,0.0
,,11091.0,,,2,14,,142043,,,0.0
450000.0,,,,,1,14,8.0,142043,6.0,6121.0,0.0
,0.0,,,,2,14,8.0,142043,,,0.0
,,,,,1,14,12.0,142043,7.0,7124.0,0.0
,,,,,2,14,,142043,,,0.0
,,,,,1,14,12.0,142043,6.0,6130.0,0.0
,0.0,,,,2,14,11.0,142043,,,0.0
350000.0,,,,,1,14,8.0,142043,8.0,8323.0,0.0
270000.0,,,,,1,14,8.0,142043,9.0,9211.0,0.0
,0.0,,,,2,14,12.0,142043,,,0.0
,0.0,,,,1,14,12.0,142043,,,0.0
,0.0,,,,1,14,10.0,142043,,,0.0
,,,,,2,14,12.0,142043,6.0,6124.0,0.0
500000.0,,,,,1,14,12.0,142043,6.0,6121.0,0.0
300000.0,,,,,1,14,8.0,142043,8.0,8331.0,0.0
,0.0,,,,2,14,11.0,142043,,,0.0
,,11091.0,,,1,14,,142043,,,0.0
,,11091.0,,,1,14,,142043,,,0.0
320000.0,,,,,2,14,12.0,142043,5.0,5122.0,0.0
290000.0,,,,,1,14,3.0,142043,8.0,8331.0,0.0
,0.0,,,,2,14,11.0,142043,,,0.0
360000.0,,,,,1,14,8.0,142043,8.0,8331.0,0.0
,0.0,,,,2,14,12.0,142043,,,0.0
,,11091.0,,,1,14,,142043,,,0.0
,,,,,1,14,,142043,,,0.0
,,11091.0,,,1,14,,142043,,,0.0
,,11091.0,,,2,14,,142043,,,0.0
275000.0,,,,,1,14,10.0,142043,8.0,8331.0,0.0
,0.0,,,,2,14,10.0,142043,,,0.0
,,11091.0,,,1,14,,142043,,,0.0
,,,,,1,14,11.0,142043,6.0,6121.0,0.0
,0.0,,,,2,14,13.0,142043,,,0.0
,,11091.0,,,2,14,,142043,,,0.0
420000.0,,,,,1,14,8.0,142043,6.0,6121.0,0.0
240000.0,,,,,1,14,8.0,142043,9.0,9152.0,0.0
,0.0,,,,2,14,5.0,142043,,,0.0
,,11091.0,,,2,14,,142043,,,0.0
,,11091.0,,,2,14,,142043,,,0.0
150000.0,,,,,1,14,4.0,142043,9.0,9211.0,0.0
,0.0,,,,2,14,0.0,142043,,,0.0
380000.0,,,,,1,14,9.0,142043,8.0,8324.0,0.0
,0.0,,164000.0,,1,14,0.0,142043,,,164000.0
,0.0,,,,2,14,0.0,142043,,,0.0
,0.0,,,,2,14,12.0,142043,,,0.0
,,,,,2,14,6.0,142043,6.0,6121.0,0.0
270000.0,,,,,2,14,12.0,142043,4.0,4115.0,0.0
,0.0,,,,1,14,9.0,142043,,,0.0
230000.0,,,,,1,14,8.0,142043,8.0,8331.0,0.0
,0.0,,,,2,14,8.0,142043,,,0.0
,,,,,2,14,,142043,,,0.0
270000.0,,,,,1,14,11.0,142043,6.0,6121.0,0.0
,0.0,,,104646.0,2,14,4.0,142043,,,104646.0
,,,,,1,14,5.0,142043,7.0,7124.0,0.0
,0.0,,,,2,14,12.0,142043,,,0.0
,,,,,1,14,,142043,,,0.0
,0.0,,,,2,14,3.0,142043,,,0.0
350000.0,,,,,1,14,8.0,142043,8.0,8331.0,0.0
,0.0,,,,2,14,6.0,142043,,,0.0
,0.0,,,,2,14,8.0,142043,,,0.0
80000.0,,,,,1,14,6.0,142043,9.0,9212.0,0.0
,0.0,,,,2,14,10.0,142043,,,0.0
,,11091.0,,,2,14,,142043,,,0.0
,,11091.0,,,2,14,,142043,,,0.0
270000.0,,,,,1,14,6.0,142043,9.0,9211.0,0.0
230000.0,,,,,1,14,8.0,142043,6.0,6121.0,0.0
,0.0,,,,2,14,8.0,142043,,,0.0
230000.0,,,,,1,14,12.0,142043,6.0,6121.0,0.0
,0.0,,,104646.0,1,14,1.0,142043,,,104646.0
230000.0,,,,,1,14,8.0,142043,6.0,6121.0,0.0
,0.0,,,104646.0,2,14,6.0,142043,,,104646.0
230000.0,,,,,1,14,8.0,142043,6.0,6121.0,0.0
0.0,,,,,2,14,6.0,142043,9.0,9211.0,0.0
,0.0,11091.0,,,1,14,10.0,142043,,,0.0
,0.0,,,104646.0,1,14,3.0,142043,,,104646.0
,0.0,,,104646.0,2,14,5.0,142043,,,104646.0
100000.0,,,,,1,14,3.0,142043,9.0,9211.0,0.0
270000.0,,,,,1,14,6.0,142043,7.0,7233.0,0.0
270000.0,,,,,2,14,12.0,142043,5.0,5122.0,0.0
,0.0,,,,2,14,12.0,142043,,,0.0
,,,,,2,14,,142043,,,0.0
,,,,,1,14,,142043,,,0.0
,0.0,,,,2,14,12.0,142043,,,0.0
,,,,,1,14,8.0,142043,9.0,9211.0,0.0
,0.0,,,,1,14,13.0,142043,,,0.0
,0.0,,,,1,14,10.0,142043,,,0.0
,0.0,,,,2,14,3.0,142043,,,0.0
300000.0,,,,,1,14,8.0,142043,8.0,8331.0,0.0
,0.0,,,,2,14,8.0,142043,,,0.0
,0.0,,,,2,14,14.0,142043,,,0.0
,,,,,1,14,,142043,,,0.0
,,,,,1,14,,142043,,,0.0
,0.0,,,104646.0,2,14,5.0,142043,,,104646.0
,,,,,1,14,8.0,142043,9.0,9212.0,0.0
,0.0,,,104646.0,2,14,2.0,142043,,,104646.0
,,,,,1,14,8.0,142043,6.0,6121.0,0.0
,0.0,,,104646.0,1,14,0.0,142043,,,104646.0
,0.0,,,104646.0,2,14,3.0,142043,,,104646.0
,,,,,2,14,6.0,142043,5.0,5230.0,0.0
,,,,,1,14,10.0,142043,5.0,5230.0,0.0
,,,,,2,14,12.0,142043,5.0,5230.0,0.0
,,,,,2,14,,142043,,,0.0
,,,,,1,14,12.0,142043,6.0,6130.0,0.0
,0.0,,,,2,14,12.0,142043,,,0.0
,0.0,,,,2,14,11.0,142043,,,0.0
,0.0,,75000.0,,2,14,8.0,142043,,,75000.0
270000.0,,,,,1,14,10.0,142043,9.0,9312.0,0.0
,0.0,,,,2,14,8.0,142043,,,0.0
300000.0,,,,,1,14,8.0,142043,6.0,6121.0,0.0
,0.0,,,,2,14,8.0,142043,,,0.0
,,11091.0,,,1,14,,142043,,,0.0
,,11091.0,,,2,14,,142043,,,0.0
,,11091.0,,,2,14,,142043,,,0.0
348000.0,,,,,1,14,12.0,142043,6.0,6113.0,0.0
,0.0,,,,2,14,12.0,142043,,,0.0
,0.0,,,,2,14,10.0,142043,,,0.0
,,,,,2,14,,142043,,,0.0
,,,,,2,14,,142043,,,0.0
270000.0,,,,,1,14,4.0,142043,9.0,9211.0,0.0
,0.0,,,,2,14,5.0,142043,,,0.0
,,,,,1,14,,142043,,,0.0
,0.0,,,,2,14,10.0,142043,,,0.0
400000.0,,,,,1,14,9.0,142043,6.0,6151.0,0.0
,,,,,1,14,7.0,142043,6.0,6121.0,0.0
,0.0,,,,2,14,7.0,142043,,,0.0
,,,,,1,14,12.0,142043,4.0,4131.0,0.0
,,,,,1,14,8.0,142043,6.0,6121.0,0.0
,0.0,,,104646.0,2,14,8.0,142043,,,104646.0
,0.0,,,,2,14,12.0,142043,,,0.0
277000.0,,,,,2,14,12.0,142043,9.0,9131.0,0.0
,,,,,1,14,,142043,,,0.0
,,,,,2,14,,142043,,,0.0
360000.0,,,,,1,14,4.0,142043,6.0,6121.0,0.0
,0.0,,,,2,14,8.0,142043,,,0.0
,,,,,2,14,,142043,,,0.0
280000.0,,,,,1,14,4.0,142043,6.0,6121.0,0.0
,0.0,,,,2,14,6.0,142043,,,0.0
350000.0,,,,,1,14,6.0,142043,6.0,6121.0,0.0
,0.0,,,,2,14,10.0,142043,,,0.0
350000.0,,,,,2,14,14.0,142043,3.0,3320.0,0.0
,0.0,,,,2,14,13.0,142043,,,0.0
,,11091.0,,,2,14,,142043,,,0.0
,,11091.0,,,1,14,,142043,,,0.0
,,,,,1,14,8.0,142043,6.0,6130.0,0.0
380000.0,,,,,1,14,11.0,142043,6.0,6111.0,0.0
280000.0,,,,,2,14,8.0,142043,9.0,9131.0,0.0
,0.0,,,,1,14,11.0,142043,,,0.0
300000.0,,,,,1,14,10.0,142043,6.0,6121.0,0.0
,0.0,,,,2,14,3.0,142043,,,0.0
,,,,,2,14,,142043,,,0.0
,,,,,2,14,,142043,,,0.0
,,,,,2,14,,142043,,,0.0
300000.0,,,,,1,14,8.0,142043,6.0,6121.0,0.0
,0.0,,,,2,14,8.0,142043,,,0.0
,0.0,,,,1,14,11.0,142043,,,0.0
,0.0,,,,1,14,9.0,142043,,,0.0
,,,,,1,14,4.0,142043,1.0,1314.0,0.0
,0.0,,,,2,14,8.0,142043,,,0.0
300000.0,,,,,1,14,10.0,142043,6.0,6111.0,0.0
,,,,,1,14,,142043,,,0.0
,,,,,2,14,,142043,,,0.0
,,,,,1,14,4.0,142043,6.0,6130.0,0.0
,0.0,,,104646.0,2,14,12.0,142043,,,104646.0
,0.0,,,,1,14,13.0,142043,,,0.0
360000.0,,,,,1,14,8.0,142043,7.0,7124.0,0.0
,0.0,,,,2,14,8.0,142043,,,0.0
,0.0,11091.0,,,2,14,12.0,142043,,,0.0
,,11091.0,,,1,14,,142043,,,0.0
,,11091.0,,,1,14,,142043,,,0.0
300000.0,,,,,1,14,8.0,142043,7.0,7124.0,0.0
,0.0,,,,2,14,8.0,142043,,,0.0
,0.0,,,,2,14,13.0,142043,,,0.0
,,,,,1,14,5.0,142043,6.0,6121.0,0.0
,0.0,,,,2,14,1.0,142043,,,0.0
,,,,,1,14,8.0,142043,6.0,6130.0,0.0
,,,,,2,14,12.0,142043,1.0,1314.0,0.0
,0.0,,,,1,14,8.0,142043,,,0.0
400000.0,,,,,2,14,8.0,142043,9.0,9131.0,0.0
,,11091.0,,,1,14,,142043,,,0.0
300000.0,,,,,1,14,8.0,142043,6.0,6121.0,0.0
270000.0,,,,,1,14,7.0,142043,6.0,6121.0,0.0
250000.0,,,,,1,14,9.0,142043,9.0,9211.0,0.0
,0.0,,,,2,14,7.0,142043,,,0.0
,0.0,,,,2,14,1.0,142043,,,0.0
,,,,,1,14,6.0,142043,6.0,6111.0,0.0
,,,,,1,14,17.0,142043,2.0,2213.0,0.0
,0.0,,,104646.0,1,14,3.0,142043,,,104646.0
,0.0,,,,2,14,9.0,142043,,,0.0
,,,,,1,14,8.0,142043,6.0,6121.0,0.0
270000.0,,,,,2,14,12.0,142043,9.0,9132.0,0.0
,,,,,1,14,3.0,142043,6.0,6130.0,0.0
,0.0,,,,2,14,8.0,142043,,,0.0
,0.0,,,,2,14,0.0,142043,,,0.0
320000.0,,,,,1,14,6.0,142043,6.0,6121.0,0.0
,0.0,,,,2,14,3.0,142043,,,0.0
,0.0,,,,2,14,12.0,142043,,,0.0
,,,,,1,14,8.0,142043,1.0,1313.0,0.0
,,11091.0,,,1,14,,142043,,,0.0
290000.0,,,,,1,14,8.0,142043,8.0,8331.0,0.0
,0.0,,,,2,14,8.0,142043,,,0.0
,,11091.0,,,2,14,,142043,,,0.0
,,11091.0,,,2,14,,142043,,,0.0
600000.0,,,,,1,14,7.0,142043,6.0,6121.0,0.0
,0.0,,,,2,14,3.0,142043,,,0.0
270000.0,,,,,1,14,9.0,142043,6.0,6121.0,0.0
,,,,,2,14,,142043,,,0.0
360000.0,,,,,1,14,9.0,142043,8.0,8331.0,0.0
275000.0,,,,,1,14,12.0,142043,9.0,9211.0,0.0
,0.0,,,,2,14,8.0,142043,,,0.0
,,,,,1,14,,142043,,,0.0
,,,,,1,14,,142043,,,0.0
,,,,,2,14,,142043,,,0.0
,,,,,1,14,12.0,142043,6.0,6121.0,0.0
,0.0,,,,2,14,12.0,142043,,,0.0
,0.0,,,104646.0,1,14,8.0,142043,,,104646.0
270000.0,,,,,2,14,12.0,142043,6.0,6151.0,0.0
,,,,,2,14,7.0,142043,6.0,6210.0,0.0
,0.0,,,104646.0,1,14,0.0,142043,,,104646.0
,0.0,,,104646.0,1,14,0.0,142043,,,104646.0
,0.0,,,,2,14,6.0,142043,,,0.0
,0.0,,,104646.0,2,14,0.0,142043,,,104646.0
99.0,,,,,2,14,12.0,142043,9.0,9132.0,0.0
499000.0,,,,,1,14,12.0,142043,9.0,9152.0,0.0
180000.0,,,,,2,14,12.0,142043,9.0,9211.0,0.0
,0.0,,,,1,14,17.0,142043,,,0.0
,0.0,,,,1,14,13.0,142043,,,0.0
,,,,,1,14,8.0,142043,6.0,6130.0,0.0
,,,,,2,14,,142043,,,0.0
,0.0,,130000.0,,1,14,5.0,142043,,,130000.0
,0.0,,,,2,14,4.0,142043,,,0.0
,0.0,,,,1,14,15.0,142043,,,0.0
,0.0,,,,1,14,11.0,142043,,,0.0
249000.0,,,,,2,14,12.0,142043,5.0,5131.0,0.0
,,,,,1,14,,142043,,,0.0
270000.0,,,,,1,14,8.0,142043,9.0,9312.0,0.0
,,,,,1,14,,142043,,,0.0
,0.0,,,,2,14,1.0,142043,,,0.0
,0.0,,,,1,14,2.0,142043,,,0.0
,0.0,,,104646.0,2,14,0.0,142043,,,104646.0
,0.0,,,,2,14,12.0,142043,,,0.0
270000.0,,,,,1,14,11.0,142043,6.0,6151.0,0.0
,0.0,,,,2,14,8.0,142043,,,0.0
,0.0,,,,1,14,13.0,142043,,,0.0
,0.0,11091.0,,,2,14,11.0,142043,,,0.0
,0.0,11091.0,,,2,14,9.0,142043,,,0.0
,0.0,,,,2,14,8.0,142043,,,0.0
230000.0,,,,,1,14,6.0,142043,9.0,9313.0,0.0
250000.0,,,,,1,14,12.0,142043,9.0,9213.0,0.0
250000.0,,,,,1,14,12.0,142043,9.0,9213.0,0.0
,0.0,,220000.0,,2,14,7.0,142043,,,220000.0
270000.0,,,,,1,14,8.0,142043,9.0,9211.0,0.0
,0.0,,,,2,14,4.0,142043,,,0.0
99.0,,,,,2,14,12.0,142043,9.0,9132.0,0.0
