id,tipo,modalidad,comuna,precio,m2_utiles,ubicacion
1,casa,arriendo,Valdivia,1.100.000,200 m² útiles,"Hernando De Rivera 300 - 600, Valdivia, Sur De Valdivia, Valdivia"
2,casa,arriendo,Valdivia,640.000,73 m² útiles,"6W62+5H, Valdivia, Valdivia"
3,casa,arriendo,Valdivia,3000000,300 m² útiles,"Carampangue, Valdivia, Centro De Valdivia, Valdivia"
4,casa,arriendo,Valdivia,1.350.000,172 m² útiles,"Nebuco 1 - 300, Valdivia, Sur De Valdivia, Valdivia"
5,casa,arriendo,Valdivia,2000000,170 m² útiles,"O'Higgins 234, Valdivia, Centro De Valdivia, Valdivia"
6,casa,arriendo,Valdivia,850.000,114 m² útiles,"6W62+5H, Valdivia, Valdivia"
7,casa,arriendo,Valdivia,1.750.000,240 m² útiles,"Chabelita, Valdivia, Valdivia"
8,casa,arriendo,Valdivia,350.000,65 m² útiles,"Chabelita, Valdivia, Valdivia"
9,casa,arriendo,Valdivia,1.400.000,260 m² útiles,"Frente A Clinica Alemana, Centro De Valdivia, Valdivia"
10,casa,arriendo,Valdivia,800.000,220 m² útiles,"Punucapa Alto, Valdivia"
11,casa,arriendo,Valdivia,550.000,40 m² útiles,"Lourdes, Valdivia, Las Animas, Valdivia"
12,casa,arriendo,Valdivia,450.000,60 m² útiles,"Lourdes, Valdivia, Las Animas, Valdivia"
13,casa,arriendo,Valdivia,3200000,205 m² útiles,"Los Helechos, 570, Isla Teja, Valdivia"
14,casa,arriendo,Valdivia,500.000,70 m² útiles,"Reserva De Calfuco, Valdivia"
15,casa,arriendo,Valdivia,1.700.000,140 m² útiles,"Lemoniz, 25, Torobayo, Valdivia"
16,casa,arriendo,Valdivia,1.500.000,185 m² útiles,"Carpe Diem, Valdivia, Chile, Torobayo, Valdivia"
17,casa,arriendo,Valdivia,2.800.000,225 m² útiles,"Carlos Anwandter 1 - 300, Centro De Valdivia, Valdivia"
18,casa,arriendo,Valdivia,600.000,N/D,"Carampangue, Centro De Valdivia, Valdivia"
19,casa,arriendo,Valdivia,600.000,55 m² útiles,"Rudloff 1 - 300, Sur De Valdivia, Valdivia"
20,casa,arriendo,Valdivia,1480000,346 m² útiles,"Valdivia, Campo Militar De Valdivia"
21,casa,arriendo,Valdivia,3600000,230 m² útiles,"Los Robles , 071, Isla Teja, Valdivia"
22,casa,arriendo,Valdivia,3600000,203 m² útiles,"Valdivia, Isla Teja"
23,casa,arriendo,Valdivia,1800000,110 m² útiles,"Cabo Blanco, Valdivia"
24,casa,arriendo,Valdivia,1.200.000,130 m² útiles,"Picarte N°4027, Valdivia"
25,casa,arriendo,Valdivia,1.200.000,150 m² útiles,"COMPLEJO DEPORTIVO ANFA, Valdivia"
26,casa,arriendo,Valdivia,1.200.000,236 m² útiles,"Pichoy, Valdivia, Valdivia"
27,casa,arriendo,Valdivia,1.500.000,270 m² útiles,"Camino A Calfuco, Valdivia"
28,casa,arriendo,Valdivia,10000000,630 m² útiles,"Barrio Residencial, Isla Teja, Valdivia"
29,casa,arriendo,Valdivia,3.800.000,150 m² útiles,"Aníbal Pinto, Campo Militar De Valdivia, Valdivia"
30,casa,arriendo,Valdivia,950.000,150 m² útiles,"Cabo Blanco, S/n, Valdivia"
31,casa,arriendo,Valdivia,600.000,64 m² útiles,"Conde De Castellar, 221, Niebla, Valdivia"
32,casa,arriendo,Valdivia,530.000,60 m² útiles,"Las Gaviotas, Centro De Valdivia, Valdivia"
33,casa,arriendo,Valdivia,1200000,140 m² útiles,"Italia 1770, 5090241 Valdivia, Los Ríos, Chile, Sur De Valdivia, Valdivia"
34,casa,arriendo,Valdivia,690.000,80 m² útiles,"Punucapa, Valdivia, Valdivia"
35,casa,arriendo,Valdivia,550.000,45 m² útiles,"Potreros ´punucapa, Sn, Valdivia"
36,casa,arriendo,Valdivia,4200000,300 m² útiles,"Valdivia, Centro De Valdivia"
37,casa,arriendo,Valdivia,2.300.000,220 m² útiles,"Torobayo, Valdivia"
38,casa,arriendo,Valdivia,800.000,130 m² útiles,"Niebla, Niebla, Valdivia"
39,casa,arriendo,Valdivia,1240000,103 m² útiles,"Valdivia, Torobayo"
40,casa,arriendo,Valdivia,500.000,30 m² útiles,"SECTOR SANTO DOMINGO, Valdivia"
41,casa,arriendo,Valdivia,650.000,70 m² útiles,"Pasaje Ostolaza 111, Valdivia, Chile, Las Animas, Valdivia"
42,casa,arriendo,Valdivia,5160000,783 m² útiles,Valdivia
43,casa,arriendo,Valdivia,1.500.000,220 m² útiles,"Av. Torobayo 100, Valdivia, Chile, Torobayo, Valdivia"
44,casa,arriendo,Valdivia,1.200.000,N/D,"Las Gaviotas 1 - 300, Valdivia"
45,casa,arriendo,Valdivia,550.000,60 m² útiles,"EL ARENAL, LAS ANIMAS, Valdivia"
46,casa,arriendo,Valdivia,1.700.000,168 m² útiles,"Condominio Los Aromos, Isla Teja, Valdivia"
47,casa,arriendo,Valdivia,470.000,N/D,"José Ignacio Valdés 1 - 300, Niebla, Valdivia"
48,casa,arriendo,Valdivia,2.500.000,N/D,"Los Alerces 10, Isla Teja, Valdivia"
49,casa,arriendo,Valdivia,420.000,36 m² útiles,"BAQUENADO ESQUINA ERRAZURIZ, Campo Militar De Valdivia, Valdivia"
50,casa,arriendo,Valdivia,1800000,240 m² útiles,"Valdivia, Campo Militar De Valdivia"
51,casa,arriendo,Valdivia,530.000,60 m² útiles,"DEPARTAMENTO AV. CIRCUNVALACIÓN, Sur De Valdivia, Valdivia"
52,casa,arriendo,Valdivia,400.000,35 m² útiles,"Fundo El Colmenar, 1 - 300, Valdivia"
53,casa,arriendo,Valdivia,4840000,190 m² útiles,"Sector Regional, Campo Militar De Valdivia, Valdivia"
54,casa,arriendo,Valdivia,750.000,80 m² útiles,"Elena Uno, 211, Sur De Valdivia, Valdivia"
55,casa,arriendo,Valdivia,1.100.000,140 m² útiles,"Rucahue, Campo Militar De Valdivia, Valdivia"
56,casa,arriendo,Valdivia,640000,45 m² útiles,"Valdivia, Niebla"
57,casa,arriendo,Valdivia,1200000,148 m² útiles,"Avenida Simpson, 979, Sur De Valdivia, Valdivia"
58,casa,arriendo,Valdivia,890.000,126 m² útiles,"Aníbal Pinto 1 - 300, Campo Militar De Valdivia, Valdivia"
59,casa,arriendo,Valdivia,700.000,124 m² útiles,"Niebla, Niebla, Valdivia"
60,casa,arriendo,Valdivia,1.200.000,109 m² útiles,"Valdivia, Sur De Valdivia"
61,casa,arriendo,Valdivia,345.000,40 m² útiles,"Av. Siete 1000, Valdivia, Chile, Torobayo, Valdivia"
62,casa,arriendo,Valdivia,450.000,59 m² útiles,"Curiñanco, Valdivia, Chile, Valdivia"
63,casa,arriendo,Valdivia,500.000,45.500 m² útiles,"Playa Chica NIEBLA, Niebla, Valdivia"
64,casa,arriendo,Valdivia,980.000,85 m² útiles,"Camino El Arenal, Valdivia, Chile, Valdivia"
65,casa,arriendo,Valdivia,10000000,622 m² útiles,Valdivia
66,casa,arriendo,Valdivia,950.000,127 m² útiles,"Los Pelues 885, Valdivia, Chile, Isla Teja, Valdivia"
67,casa,arriendo,Valdivia,1.650.000,136 m² útiles,"Silos De Torobayo, Valdivia, Torobayo, Valdivia"
68,casa,arriendo,Valdivia,1.500.000,122 m² útiles,"Camilo Henríquez 1 - 300, Centro De Valdivia, Valdivia"
69,casa,arriendo,Valdivia,830.000,1.200 m² útiles,"SALIDA SUR VALDIVIA, Valdivia"
70,casa,arriendo,Valdivia,450.000,60 m² útiles,"Avenida Pedro Aguirre Cerda 1321, Valdivia, Chile, Las Animas, Valdivia"
71,casa,arriendo,Valdivia,1.200.000,103 m² útiles,"Avenida Torobayo, Valdivia, Torobayo, Valdivia"
72,casa,arriendo,Valdivia,1.000.000,140 m² útiles,"Sector Regional, Sur De Valdivia, Valdivia"
73,casa,arriendo,Valdivia,850.000,95 m² útiles,"Carlos Krahmer Richter, 2460, Sur De Valdivia, Valdivia"
74,casa,arriendo,Valdivia,350.000,30 m² útiles,"VILLA PORTAL DEL SOL, Sur De Valdivia, Valdivia"
75,casa,arriendo,Valdivia,1.000.000,220 m² útiles,"Italia 2220, Valdivia, Sur De Valdivia, Valdivia"
76,casa,arriendo,Valdivia,750.000,160 m² útiles,"4MX3+MP Valdivia, Chile, Valdivia"
77,casa,arriendo,Valdivia,1.100.000,115 m² útiles,"Carelmapu 2031, Valdivia, Sur De Valdivia, Valdivia"
78,casa,arriendo,Valdivia,400.000,64 m² útiles,"Chancoyan Alto, Valdivia"
79,casa,arriendo,Valdivia,550.000,70 m² útiles,"Pasaje Lautaro 1 - 300, Valdivia"
80,casa,arriendo,Valdivia,300.000,45 m² útiles,"Av. Circunvalación Sur 2656, Valdivia, Sur De Valdivia, Valdivia"
81,casa,arriendo,Valdivia,1.550.000,136 m² útiles,"Los Ciruelos 44, Valdivia, Chile, Isla Teja, Valdivia"
82,casa,arriendo,Valdivia,800.000,80 m² útiles,"Isla Guacamayo 2271, Valdivia, Chile, Sur De Valdivia, Valdivia"
83,casa,arriendo,Valdivia,900.000,120 m² útiles,"Guillermo Lunecke Gatica 1156, 5090232 Valdivia, Los Ríos, Chile, Sur De Valdivia, Valdivia"
84,casa,arriendo,Valdivia,580.000,65 m² útiles,"RÍO LOA, Sur De Valdivia, Valdivia"
85,casa,arriendo,Valdivia,600.000,65 m² útiles,"Pasaje Líbano 445, Valdivia, Chile, Sur De Valdivia, Valdivia"
86,casa,arriendo,Valdivia,1.200.000,131 m² útiles,"Los Coigües 300 - 600, Valdivia, Isla Teja, Valdivia"
87,casa,arriendo,Valdivia,800.000,210 m² útiles,"Sta. María 733, 5110855 Valdivia, Los Ríos, Chile, Campo Militar De Valdivia, Valdivia"
88,casa,arriendo,Valdivia,1.800.000,220 m² útiles,"General Lagos, Campo Militar De Valdivia, Valdivia"
89,casa,arriendo,Valdivia,950.000,159 m² útiles,"Valle Cordillera 439, Valdivia, Sur De Valdivia, Valdivia"
90,casa,arriendo,Valdivia,400.000,70 m² útiles,"5J5G+JW Valdivia, Chile, Valdivia"
91,casa,arriendo,Valdivia,650.000,180 m² útiles,"6PG4+5F Valdivia, Chile, Valdivia"
92,casa,arriendo,Valdivia,550.000,75 m² útiles,"Av. Circunvalación Nueva Región 1345, Valdivia, Sur De Valdivia, Valdivia"
93,casa,arriendo,Valdivia,2.300.000,220 m² útiles,"Rio Calle Calle 1 - 300, Valdivia, Los Ríos, Chile, Torobayo, Valdivia"
94,casa,arriendo,Valdivia,1.500.000,340 m² útiles,"Loteo Los Hualles, Valdivia"
95,casa,arriendo,Valdivia,1.300.000,108 m² útiles,"Villa Bosque Sur, Sur De Valdivia, Valdivia"
96,casa,arriendo,Valdivia,700.000,70 m² útiles,"Riberas Del Calle-Calle, Valdivia"
97,casa,arriendo,Valdivia,650.000,130 m² útiles,"T-352, Valdivia, Valdivia"
98,casa,arriendo,Valdivia,600.000,63 m² útiles,"Valdivia, Centro De Valdivia"
99,casa,arriendo,Valdivia,1.400.000,220 m² útiles,"Condominio Los Cisnes, Valdivia, Las Animas, Valdivia"
100,casa,arriendo,Valdivia,750.000,144 m² útiles,"7VV7+29 Pichoy, Valdivia, Chile, Valdivia"
101,casa,arriendo,Valdivia,500.000,63 m² útiles,"T-352 195, Valdivia, Los Ríos, Chile, Niebla, Valdivia"
102,casa,arriendo,Valdivia,520.000,85 m² útiles,"T-352, Valdivia, Los Ríos, Chile, Valdivia"
103,casa,arriendo,Valdivia,360.000,500 m² útiles,"P537-Ruta T-350, Valdivia, Los Ríos, Chile, Niebla, Valdivia"
104,casa,arriendo,Valdivia,440.000,55 m² útiles,"Pje. Lovera 152, Valdivia, Los Ríos, Chile, Valdivia"
105,casa,arriendo,Valdivia,830.000,85 m² útiles,"Andalién 531, 5090923 Valdivia, Los Ríos, Chile, Sur De Valdivia, Valdivia"
106,casa,arriendo,Valdivia,850.000,150 m² útiles,"Ruta 1 - 300, Valdivia, Valdivia"
107,casa,arriendo,Valdivia,800.000,85 m² útiles,"Reina Carlota 170, Angachilla, Valdivia, Los Ríos, Chile, Valdivia"
108,casa,arriendo,Lanco,400.000,140 m² útiles,"MALALHUE-LANCO, Lanco"
109,casa,arriendo,Los Lagos,350.000,80 m² útiles,Los Lagos
110,casa,arriendo,Los Lagos,550.000,100 m² útiles,"Osorno, Los Lagos, Los Lagos"
111,casa,arriendo,Máfil,380.000,54 m² útiles,"Iñaque, Máfil, Máfil"
112,casa,arriendo,Corral,400.000,72 m² útiles,"4GJH+4J Corral, Chile, Corral"
113,casa,arriendo,Futrono,400000,160 m² útiles,"LLIFÉN / RÍO CALCURRUPE / VALOR POR CADA NOCHE, Futrono"
114,casa,arriendo,Futrono,350.000,125 m² útiles,"Futrono, Lago Ranco"
115,casa,arriendo,Futrono,350.000,270 m² útiles,"Futrono, Lago Ranco"
116,casa,arriendo,Futrono,500.000,400 m² útiles,Futrono
117,casa,arriendo,Futrono,1120000,160 m² útiles,"Fundo Leona, Futrono, Futrono"
118,casa,arriendo,Futrono,350.000,180 m² útiles,"Futrono, Lago Ranco"
119,casa,arriendo,Futrono,750.000,62 m² útiles,"Fundo Leona, Futrono, Futrono"
120,casa,arriendo,Futrono,480.000,300 m² útiles,Futrono
121,casa,arriendo,Futrono,300.000,200 m² útiles,"Llifén, Lago Ranco, Futrono"
122,casa,arriendo,Futrono,1.500.000,350 m² útiles,Futrono
123,casa,arriendo,Futrono,450.000,120 m² útiles,"Futrono, Lago Ranco"
124,casa,arriendo,Futrono,490.000,200 m² útiles,Futrono
125,casa,arriendo,Futrono,450.000,85 m² útiles,"Lumaco, Localidad De Futrono, Futrono"
126,casa,arriendo,Futrono,1.500.000,250 m² útiles,"Cun Cun, Localidad De Futrono, Futrono"
127,casa,arriendo,Futrono,350.000,186 m² útiles,Futrono
128,casa,arriendo,Futrono,450.000,270 m² útiles,"Futrono, Localidad De Futrono"
129,casa,arriendo,Futrono,400.000,N/D,"Futrono, Localidad De Futrono"
130,casa,arriendo,Futrono,600.000,290 m² útiles,Futrono
131,casa,arriendo,La Unión,500.000,95 m² útiles,"Q6V5+83 Los Esteros, La Unión, Chile, La Unión"
132,casa,arriendo,Río Bueno,1.450.000,243 m² útiles,"Pedro Lagos 317, Rio Bueno, Río Bueno, Río Bueno"
133,casa,arriendo,Río Bueno,300.000,50 m² útiles,"AVENIDA LOS LAURELES, RÍO BUENO, Río Bueno"
134,casa,arriendo,Río Bueno,900.000,233 m² útiles,"H37X+W7 Trafun, Río Bueno, Chile, Río Bueno"
135,casa,arriendo,Río Bueno,600.000,70 m² útiles,"T-851 - 300 1, Río Bueno"
136,casa,arriendo,Panguipulli,350.000,50 m² útiles,"Panguipulli, Lago Panguipulli"
137,casa,arriendo,Panguipulli,2000000,222 m² útiles,"Chile, Lago Panguipulli, Panguipulli"
138,casa,arriendo,Panguipulli,400.000,80 m² útiles,"Plaza Bernardo O'Higgins, Panguipulli, Chile, Lago Panguipulli, Panguipulli"
139,casa,arriendo,Panguipulli,600.000,380 m² útiles,"Panguipulli, Lago Calafquén"
140,casa,arriendo,Panguipulli,320.000,273 m² útiles,"Panguipulli, Lago Calafquén"
141,casa,arriendo,Panguipulli,350.000,180 m² útiles,"Panguipulli, Lago Panguipulli"
142,casa,arriendo,Panguipulli,380.000,298 m² útiles,"Chile, Panguipulli"
143,casa,arriendo,Panguipulli,600.000,600 m² útiles,"Panguipulli, Lago Panguipulli"
144,casa,arriendo,Panguipulli,240000,26 m² útiles,Panguipulli
145,casa,arriendo,Panguipulli,370.000,160 m² útiles,"Panguipulli, Lago Panguipulli"
146,casa,arriendo,Panguipulli,490.000,360 m² útiles,"Panguipulli, Lago Panguipulli"
147,casa,arriendo,Panguipulli,330.000,260 m² útiles,"Panguipulli, Lago Panguipulli"
148,casa,arriendo,Paillaco,550.000,120 m² útiles,"T-625, Santa Laura, Futrono, Chile, Paillaco"
149,casa,venta,Valdivia,660000000,155 m² útiles,"6QH2+5Q Cabo Blanco, Valdivia, Chile, Valdivia"
150,casa,venta,Valdivia,420000000,275 m² útiles,"Andalién 469, 5090683 Valdivia, Los Ríos, Chile, Sur De Valdivia, Valdivia"
151,casa,venta,Valdivia,354000000,155 m² útiles,"Valdivia, Chile, Centro De Valdivia, Valdivia"
152,casa,venta,Valdivia,560000000,200 m² útiles,"Los Helechos 735, 5110171 Valdivia, Los Ríos, Chile, Isla Teja, Valdivia"
153,casa,venta,Valdivia,295.000.000,N/D,"Angachilla, Valdivia, Valdivia"
154,casa,venta,Valdivia,756000000,280 m² útiles,"Valdivia, Centro De Valdivia"
155,casa,venta,Valdivia,296000000,218 m² útiles,"7WH2+MR, Valdivia, Valdivia"
156,casa,venta,Valdivia,759800000,350 m² útiles,"Cam. De Luna 250, 5110062 Valdivia, Los Ríos, Chile, Isla Teja, Valdivia"
157,casa,venta,Valdivia,532000000,280 m² útiles,"Torobayo, Torobayo, Valdivia"
158,casa,venta,Valdivia,67.500.000,88 m² útiles,"POBLACIÓN SAN PABLO, Sur De Valdivia, Valdivia"
159,casa,venta,Valdivia,496000000,190 m² útiles,"Condominio El Bayo 23, Valdivia, Los Ríos, Chile, Torobayo, Valdivia"
160,casa,venta,Valdivia,343600000,165 m² útiles,"Rebellín, Valdivia, Valdivia"
161,casa,venta,Valdivia,320.000.000,N/D,"Vicente Caballero, Niebla, Valdivia"
162,casa,venta,Valdivia,244000000,105 m² útiles,"19 De Junio, Valdivia, Las Animas, Valdivia"
163,casa,venta,Valdivia,145.000.000,190 m² útiles,"Colo Colo, Sur De Valdivia, Valdivia"
164,casa,venta,Valdivia,260000000,125 m² útiles,"Carlos Anwandter, Centro De Valdivia, Valdivia"
165,casa,venta,Valdivia,520000000,230 m² útiles,"P519 - Ruta - T-350, Valdivia, Los Ríos, Chile, Torobayo, Valdivia"
166,casa,venta,Valdivia,290.000.000,160 m² útiles,"Santa Ana Cayumapu, Valdivia"
167,casa,venta,Valdivia,400.000.000,5.000 m² útiles,"Av. Balmaceda 8500, Valdivia, Los Ríos, Chile, Valdivia"
168,casa,venta,Valdivia,380000000,186 m² útiles,"Torobayo, Torobayo, Valdivia"
169,casa,venta,Valdivia,315.000.000,150 m² útiles,"7VHW+4R Cayumapu, Valdivia, Chile, Valdivia"
170,casa,venta,Valdivia,400.000.000,340 m² útiles,"Altos Del Rebellín, Parcela 7, Valdivia"
171,casa,venta,Valdivia,1000000000,825 m² útiles,"Gral Lagos 1845, Valdivia, Sur De Valdivia, Valdivia"
172,casa,venta,Valdivia,381600000,139 m² útiles,"Ruta T.350 4800 - 5100 Valdivia, Valdivia"
173,casa,venta,Valdivia,520000000,145 m² útiles,"Condominio El Bayo, Valdivia, Torobayo, Valdivia"
174,casa,venta,Valdivia,1000000000,380 m² útiles,"Angachilla, Valdivia"
175,casa,venta,Valdivia,75.000.000,48 m² útiles,"Raul Carabantes_Raul Prado, Sur De Valdivia, Valdivia"
176,casa,venta,Valdivia,446000000,100 m² útiles,"Italia 2230, Sur De Valdivia, Valdivia"
177,casa,venta,Valdivia,352000000,180 m² útiles,"Vicente Caballero 255, Niebla, Valdivia, Niebla, Valdivia"
178,casa,venta,Valdivia,150.000.000,130 m² útiles,"La Goleta 1742, Valdivia, Las Animas, Valdivia"
179,casa,venta,Valdivia,250.000.000,100 m² útiles,"San Martin, Valdivia"
180,casa,venta,Valdivia,120.000.000,91 m² útiles,"Piedra Blanca, Valdivia, Valdivia"
181,casa,venta,Valdivia,180.000.000,N/D,"Avda Errázuriz, Campo Militar De Valdivia, Valdivia"
182,casa,venta,Valdivia,556000000,217 m² útiles,"Avda Errázuriz 1586, Campo Militar De Valdivia, Valdivia"
183,casa,venta,Valdivia,150.000.000,80 m² útiles,"Collipulli Sur 102, Valdivia, Valdivia"
184,casa,venta,Valdivia,290.000.000,256 m² útiles,"Av. Simpson 1492, Villa Del Rey, Valdivia, Sur De Valdivia, Valdivia"
185,casa,venta,Valdivia,265.000.000,N/D,"Constantino Vasconcelos, Niebla, Valdivia"
186,casa,venta,Valdivia,550.000.000,N/D,"Rio Bio Bio 4075 Valdivia, Sur De Valdivia, Valdivia"
187,casa,venta,Valdivia,1600000000,480 m² útiles,"Los Castaños 1 - 300, Valdivia, Isla Teja, Valdivia"
188,casa,venta,Valdivia,359600000,140 m² útiles,"Teja Market, Isla Teja, Valdivia"
189,casa,venta,Valdivia,165.000.000,161 m² útiles,"Collico, Valdivia"
190,casa,venta,Valdivia,290.000.000,156 m² útiles,"Esquina Estocolmo V Europa, Sur De Valdivia, Valdivia"
191,casa,venta,Valdivia,244000000,220 m² útiles,"Conde De Castellar, Niebla, Valdivia, Niebla, Valdivia"
192,casa,venta,Valdivia,416000000,200 m² útiles,"Pasaje Doctor Jorge Sabat G., Valdivia"
193,casa,venta,Valdivia,396000000,128 m² útiles,"Bueras 309, Sur De Valdivia, Valdivia"
194,casa,venta,Valdivia,63.000.000,69 m² útiles,"Santa Rebeca/ Santa Adela ( Gimnasio San Pedro )., Sur De Valdivia, Valdivia"
195,casa,venta,Valdivia,88.000.000,36 m² útiles,"7W77+H7, Valdivia, Valdivia"
196,casa,venta,Valdivia,480.000.000,500 m² útiles,"T-301 25, Valdivia, Los Ríos, Chile, Valdivia"
197,casa,venta,Valdivia,610000000,342 m² útiles,"T-302 17, Valdivia, Los Ríos, Chile, Valdivia"
198,casa,venta,Valdivia,960000000,345 m² útiles,"Pintora Irma Meisner, Valdivia, Isla Teja, Valdivia"
199,casa,venta,Valdivia,380000000,140 m² útiles,"Condominio Los Arrayanes, Isla Teja, Valdivia"
200,casa,venta,Valdivia,364000000,140 m² útiles,"Pintor Ricardo Anwandter, Isla Teja, Isla Teja, Valdivia"
201,casa,venta,Valdivia,230.000.000,150 m² útiles,"Las Mulatas 360, Valdivia, Sur De Valdivia, Valdivia"
202,casa,venta,Valdivia,388800000,200 m² útiles,"Caleta El Piojo, Niebla, Valdivia"
203,casa,venta,Valdivia,130.000.000,110 m² útiles,"Parque Torreones, Valdivia"
204,casa,venta,Valdivia,80.000.000,N/D,"Pasaje Santa Beatriz, Sur De Valdivia, Valdivia"
205,casa,venta,Valdivia,500.000.000,214 m² útiles,"Errázuriz N°1948 Valdivia, Campo Militar De Valdivia, Valdivia"
206,casa,venta,Valdivia,320.000.000,140 m² útiles,"Los Robles 985, Isla Teja, Valdivia"
207,casa,venta,Valdivia,125.000.000,64 m² útiles,Valdivia
208,casa,venta,Valdivia,290.000.000,219 m² útiles,"Estacionamiento - Av. Simpson 1502, 5090126 Valdivia, Los Ríos, Chile, Campo Militar De Valdivia, Valdivia"
209,casa,venta,Valdivia,175.000.000,180 m² útiles,"Casa Blanca, Valdivia"
210,casa,venta,Valdivia,225.000.000,110 m² útiles,"Gastón Da Bove Olave 611, Valdivia, Sur De Valdivia, Valdivia"
211,casa,venta,Valdivia,227.000.000,137 m² útiles,"C. Gregorio Henríquez Y Santillán 769, Valdivia, Sur De Valdivia, Valdivia"
212,casa,venta,Valdivia,130.000.000,75 m² útiles,"Brisas De La Ribera, Valdivia, Las Animas, Valdivia"
213,casa,venta,Valdivia,261200000,250 m² útiles,"Av. España 703, Valdivia, Las Animas, Valdivia"
214,casa,venta,Valdivia,225.000.000,188 m² útiles,"Aguas Del Obispo, Valdivia"
215,casa,venta,Valdivia,548000000,294 m² útiles,"Camino Valdivia A Niebla, Niebla, Valdivia"
216,casa,venta,Valdivia,125.000.000,70 m² útiles,"María Isabel Riquelme, Valdivia, Las Animas, Valdivia"
217,casa,venta,Valdivia,480000000,146 m² útiles,"Isla Teja - Los Robles, Isla Teja, Valdivia"
218,casa,venta,Valdivia,65.000.000,50 m² útiles,"San Martín 2760, Valdivia, Sur De Valdivia, Valdivia"
219,casa,venta,Valdivia,158.000.000,118 m² útiles,"Sector Tres Espinos, Valdivia"
220,casa,venta,Valdivia,756000000,250 m² útiles,"5M3Q+57 Valdivia, Chile, Valdivia"
221,casa,venta,Valdivia,130.000.000,200 m² útiles,"Errázuriz 2661, Sur De Valdivia, Valdivia"
222,casa,venta,Valdivia,226.000.000,137 m² útiles,"Bosque Sur, Centro De Valdivia, Valdivia"
223,casa,venta,Valdivia,80.000.000,42 m² útiles,"Las Minas, Valdivia"
224,casa,venta,Valdivia,150.000.000,198 m² útiles,"Costanera Heroes Navales, S/n, Niebla, Valdivia"
225,casa,venta,Valdivia,290.000.000,141 m² útiles,"Angel Muñoz, 900 - 1200, Sur De Valdivia, Valdivia"
226,casa,venta,Valdivia,460000000,200 m² útiles,"Condominio El Bayo, Valdivia, Torobayo, Valdivia"
227,casa,venta,Valdivia,310000000,117 m² útiles,"Janequeo, 380, Centro De Valdivia, Valdivia"
228,casa,venta,Valdivia,260000000,100 m² útiles,"Veintidós De Mayo, 1873, Campo Militar De Valdivia, Valdivia"
229,casa,venta,Valdivia,290.000.000,148 m² útiles,"Avenida Simpson, 979, Sur De Valdivia, Valdivia"
230,casa,venta,Valdivia,198.000.000,75 m² útiles,"Isla Del Rey, 2184, Sur De Valdivia, Valdivia"
231,casa,venta,Valdivia,480000000,411 m² útiles,"Altos De Quitacalzón, Valdivia"
232,casa,venta,Valdivia,150.000.000,180 m² útiles,"Valle Hondo 1 - 300, Sur De Valdivia, Valdivia"
233,casa,venta,Valdivia,190.000.000,174 m² útiles,"Avenida Francia, 1720, Sur De Valdivia, Valdivia"
234,casa,venta,Valdivia,350.000.000,300 m² útiles,"Federico Hettich 1 - 300, Campo Militar De Valdivia, Valdivia"
235,casa,venta,Valdivia,88.000.000,110 m² útiles,"Avenida Argentina 1 - 300, Sur De Valdivia, Valdivia"
236,casa,venta,Valdivia,368000000,220 m² útiles,"Los Robles , 76, Valdivia"
237,casa,venta,Valdivia,292800000,275 m² útiles,"Camino A Paillaco, S/n, Valdivia"
238,casa,venta,Valdivia,500000000,220 m² útiles,"Los Aromos , S/n, Valdivia"
239,casa,venta,Valdivia,360.000.000,280 m² útiles,"Camino Cuesta De Soto, 2, Valdivia"
240,casa,venta,Valdivia,236000000,72 m² útiles,"T-302, 300, Valdivia"
241,casa,venta,Valdivia,756000000,249 m² útiles,"T-302, 302, Valdivia"
242,casa,venta,Valdivia,600000000,230 m² útiles,"El Arboreto, Valdivia, Isla Teja, Valdivia"
243,casa,venta,Valdivia,680000000,180 m² útiles,"San Sebastián 152, Valdivia, Torobayo, Valdivia"
244,casa,venta,Valdivia,552000000,284 m² útiles,Valdivia
245,casa,venta,Valdivia,348000000,102 m² útiles,"Los Silos, 151, Torobayo, Valdivia"
246,casa,venta,Valdivia,452000000,190 m² útiles,"Condominio El Bayo, 12, Torobayo, Valdivia"
247,casa,venta,Valdivia,359600000,140 m² útiles,"Isla Teja, Isla Teja, Valdivia"
248,casa,venta,Valdivia,230.000.000,200 m² útiles,"René Schneider & Avenida Circunvalación Sur, Valdivia, Chile, Sur De Valdivia, Valdivia"
249,casa,venta,Valdivia,740000000,392 m² útiles,"Pintor Ricardo Anwandter, 200, Isla Teja, Valdivia"
250,casa,venta,Valdivia,260.000.000,155 m² útiles,"Luxemburgo 1880, 5090462 Valdivia, Los Ríos, Chile, Sur De Valdivia, Valdivia"
251,casa,venta,Valdivia,230.000.000,160 m² útiles,"Intendente Luis Damann Asenjo 1 - 300, Sur De Valdivia, Valdivia"
252,casa,venta,Valdivia,350.000.000,155 m² útiles,"Los Robles, Isla Teja, Valdivia"
253,casa,venta,Valdivia,512000000,230 m² útiles,"Camino Principal 1 - 300, Valdivia"
254,casa,venta,Valdivia,185.000.000,139 m² útiles,"Ruta 202 1 - 300, Centro De Valdivia, Valdivia"
255,casa,venta,Valdivia,160.000.000,127 m² útiles,"Piedra Blanca, Valdivia, Chile, Valdivia"
256,casa,venta,Valdivia,95.000.000,115 m² útiles,"Pasaje Uno 1 - 300, Sur De Valdivia, Valdivia"
257,casa,venta,Valdivia,98.000.000,60 m² útiles,"Arabia Saudita, 137, Sur De Valdivia, Valdivia"
258,casa,venta,Valdivia,150.000.000,120 m² útiles,"Isla Guacamayo 1 - 300, Sur De Valdivia, Valdivia"
259,casa,venta,Valdivia,205.000.000,99 m² útiles,"Sur De Valdivia, Valdivia"
260,casa,venta,Valdivia,223.000.000,115 m² útiles,"Avenida Simpson 1 - 300, Sur De Valdivia, Valdivia"
261,casa,venta,Valdivia,148.000.000,52 m² útiles,"El Bergantín 1 - 300, Las Animas, Valdivia"
262,casa,venta,Valdivia,1500000000,364 m² útiles,"Rudloff, Campo Militar De Valdivia, Valdivia"
263,casa,venta,Valdivia,528000000,279 m² útiles,"Beauchef, 35, Centro De Valdivia, Valdivia"
264,casa,venta,Valdivia,250400000,136 m² útiles,"Pasaje Tres, 2025, Campo Militar De Valdivia, Valdivia"
265,casa,venta,Valdivia,130.000.000,104 m² útiles,"Alonso Villanueva, 3296, Sur De Valdivia, Valdivia"
266,casa,venta,Valdivia,600000000,240 m² útiles,"Isla Teja, Isla Teja, Valdivia"
267,casa,venta,Valdivia,586000000,355 m² útiles,"LOS MANZANOS / ISLA TEJA, Isla Teja, Valdivia"
268,casa,venta,Valdivia,135.000.000,81 m² útiles,"C. Cuncumen, Valdivia, Valdivia"
269,casa,venta,Valdivia,480000000,284 m² útiles,"Santa Rita Lote 3, Las Animas, Valdivia"
270,casa,venta,Valdivia,130.000.000,56 m² útiles,"Fuerte San Rosendo 1515, Valdivia, Chile, Las Animas, Valdivia"
271,casa,venta,Valdivia,448000000,200 m² útiles,"Isla Teja, Isla Teja, Valdivia"
272,casa,venta,Valdivia,135600000,76 m² útiles,"Eugenio Matte 70, Valdivia, Sur De Valdivia, Valdivia"
273,casa,venta,Valdivia,1115360000,736 m² útiles,Valdivia
274,casa,venta,Valdivia,510000000,250 m² útiles,"Valdivia, Campo Militar De Valdivia"
275,casa,venta,Valdivia,381200000,133 m² útiles,"Calle Nueva 240, Los Encinos Valdivia., Sur De Valdivia, Valdivia"
276,casa,venta,Valdivia,341200000,125 m² útiles,"Silos De Torobayo 1759, Valdivia, Los Ríos, Chile, Torobayo, Valdivia"
277,casa,venta,Valdivia,359600000,137 m² útiles,"Isla Teja, Valdivia"
278,casa,venta,Valdivia,380000000,160 m² útiles,"Los Silos 120, 5112130 Valdivia, Los Ríos, Chile, Torobayo, Valdivia"
279,casa,venta,Valdivia,364000000,133 m² útiles,"Las Araucarias 355, 5110145 Valdivia, Los Ríos, Chile, Isla Teja, Valdivia"
280,casa,venta,Valdivia,196000000,52 m² útiles,"Intendente Luis Damann Asenjo 1034, Valdivia, Sur De Valdivia, Valdivia"
281,casa,venta,Valdivia,195.000.000,83 m² útiles,"C. Gregorio Henríquez Y Santillán, Valdivia, Sur De Valdivia, Valdivia"
282,casa,venta,Valdivia,320.000.000,130 m² útiles,"Isla Teja, Valdivia"
283,casa,venta,Valdivia,350000000,5.000 m² útiles,"Parcela 1, Quitacalzon, Valdivia, Los Ríos, Chile, Valdivia"
284,casa,venta,Valdivia,446000000,190 m² útiles,Valdivia
285,casa,venta,Valdivia,251000000,93 m² útiles,"Valdivia, Sur De Valdivia"
286,casa,venta,Valdivia,720000000,360 m² útiles,"Pintor Pablo Burchard 171, Valdivia, Isla Teja, Valdivia"
287,casa,venta,Valdivia,384000000,278 m² útiles,"Altos De Quitacalzón, Valdivia"
288,casa,venta,Valdivia,120.000.000,120 m² útiles,"CASA EN PLAYA GRANDE DE NIEBLA, CON INSUPERABLE VISTA AL MAR, Niebla, Valdivia"
289,casa,venta,Valdivia,586000000,335 m² útiles,"Isla Teja, Valdivia"
290,casa,venta,Valdivia,480000000,230 m² útiles,"Quitacalzon, Valdivia"
291,casa,venta,Valdivia,740000000,392 m² útiles,"Valdivia, Isla Teja"
292,casa,venta,Valdivia,500000000,160 m² útiles,Valdivia
293,casa,venta,Valdivia,125.000.000,124 m² útiles,"Oportunidad, Sector Niebla, Niebla, Valdivia"
294,casa,venta,Valdivia,400.000.000,305 m² útiles,"Los Laureles 310, Valdivia, Isla Teja, Valdivia"
295,casa,venta,Valdivia,760000000,310 m² útiles,"Torobayo, Valdivia"
296,casa,venta,Valdivia,491960000,391 m² útiles,"Valdivia, Las Animas"
297,casa,venta,Valdivia,316000000,139 m² útiles,Valdivia
298,casa,venta,Valdivia,460000000,160 m² útiles,"Condominio El Bayo, Valdivia, Torobayo, Valdivia"
299,casa,venta,Valdivia,119600000,134 m² útiles,Valdivia
300,casa,venta,Valdivia,888360000,500 m² útiles,"Condominio Riberas Del Estancilla - T-350, Torobayo, Valdivia"
301,casa,venta,Valdivia,594000000,180 m² útiles,"6RC6+4C Valdivia, Chile, Valdivia"
302,casa,venta,Valdivia,290.000.000,240 m² útiles,"AVDA. CIRCUNVALACIÓN SUR, Sur De Valdivia, Valdivia"
303,casa,venta,Valdivia,600000000,300 m² útiles,"Justus Schuler 138, Valdivia, Los Ríos, Chile, Isla Teja, Valdivia"
304,casa,venta,Valdivia,512000000,231 m² útiles,"VALDIVIA, CONDOMINIO MIRAFLORES. AMPLIA CASA, Valdivia"
305,casa,venta,Valdivia,343600000,136 m² útiles,"El Rebellin, Valdivia"
306,casa,venta,Valdivia,492000000,200 m² útiles,Valdivia
307,casa,venta,Valdivia,170.000.000,150 m² útiles,"Las Animas, Valdivia"
308,casa,venta,Valdivia,180.000.000,78 m² útiles,"Avenida Pedro Montt, 400, Sur De Valdivia, Valdivia"
309,casa,venta,Valdivia,319600000,140 m² útiles,"Camino A Paillao 1 - 300, Valdivia"
310,casa,venta,Valdivia,396000000,250 m² útiles,"Loncoyen 1 - 300, Valdivia"
311,casa,venta,Valdivia,480000000,200 m² útiles,"Condominio El Bayo, Valdivia, Torobayo, Valdivia"
312,casa,venta,Valdivia,370.000.000,760 m² útiles,"Toribio Medina, 600 - 900, Campo Militar De Valdivia, Valdivia"
313,casa,venta,Valdivia,1400000000,583 m² útiles,"Torobayo, Valdivia"
314,casa,venta,Valdivia,592400000,650 m² útiles,"Beauchef, 600 - 900, Centro De Valdivia, Valdivia"
315,casa,venta,Valdivia,204000000,270 m² útiles,"Camino Costero, 1 - 300, Valdivia"
316,casa,venta,Valdivia,540000000,400 m² útiles,"Isla Teja, Isla Teja, Valdivia"
317,casa,venta,Valdivia,640000000,450 m² útiles,"Isla Teja, Valdivia"
318,casa,venta,Valdivia,160000000,67 m² útiles,"CASA EN VENTA DE 3 DORM. SECTOR LOS FUNDADORES EN VALDIVIA, Sur De Valdivia, Valdivia"
319,casa,venta,Valdivia,135.000.000,90 m² útiles,"VILLA GALILEA, Valdivia"
320,casa,venta,Valdivia,65.000.000,92 m² útiles,"Angamos 1 - 300, Las Animas, Valdivia"
321,casa,venta,Valdivia,352000000,137 m² útiles,"Valdivia, Isla Teja"
322,casa,venta,Valdivia,320.000.000,256 m² útiles,Valdivia
323,casa,venta,Valdivia,225.000.000,183 m² útiles,"Avenida Pedro Montt 1 - 300, Sur De Valdivia, Valdivia"
324,casa,venta,Valdivia,720000000,220 m² útiles,"Torobayo, Valdivia"
325,casa,venta,Valdivia,480000000,230 m² útiles,Valdivia
326,casa,venta,Valdivia,600000000,330 m² útiles,"El MANZANO 1 - 300, Isla Teja, Valdivia"
327,casa,venta,Valdivia,380.000.000,385 m² útiles,"Loncoyen 1516, Torobayo, Valdivia"
328,casa,venta,Valdivia,520000000,145 m² útiles,"Condominio El Bayo, Valdivia, Torobayo, Valdivia"
329,casa,venta,Valdivia,150.000.000,77 m² útiles,"4JQV+WF Valdivia, Chile, Valdivia"
330,casa,venta,Valdivia,218.000.000,112 m² útiles,"Avenida España 1 - 300, Las Animas, Valdivia"
331,casa,venta,Valdivia,280000000,270 m² útiles,"Camino A Calfuco, Valdivia"
332,casa,venta,Valdivia,181400000,67 m² útiles,"Juan José De La Carrera 212, 5112181 Valdivia, Los Ríos, Chile, Valdivia"
333,casa,venta,Valdivia,1200000000,600 m² útiles,"Costanera De Valdivia, Valdivia"
334,casa,venta,Valdivia,518400000,160 m² útiles,"Torobayo, Valdivia"
335,casa,venta,Valdivia,280.000.000,140 m² útiles,"Torobayo, Valdivia"
336,casa,venta,Valdivia,512000000,500 m² útiles,"Altos De Quitacalzón, Valdivia"
337,casa,venta,Valdivia,364000000,224 m² útiles,"Niebla, Niebla, Valdivia"
338,casa,venta,Valdivia,350.000.000,180 m² útiles,"Carlos Anwandter 617, Valdivia, Centro De Valdivia, Valdivia"
339,casa,venta,Valdivia,460000000,200 m² útiles,"Torobayo, Valdivia"
340,casa,venta,Valdivia,160.000.000,150 m² útiles,"Pino Huacho, Valdivia"
341,casa,venta,Valdivia,440000000,230 m² útiles,"T-352, Valdivia, Los Ríos, Chile, Valdivia"
342,casa,venta,Valdivia,520000000,335 m² útiles,"Valdivia, Isla Teja"
343,casa,venta,Valdivia,380000000,160 m² útiles,"Los Silos 120, Valdivia, Torobayo, Valdivia"
344,casa,venta,Valdivia,740000000,392 m² útiles,"Isla Teja, Valdivia"
345,casa,venta,Valdivia,350.000.000,140 m² útiles,"Condominio Fundo La Esperanza, Valdivia"
346,casa,venta,Valdivia,248000000,107 m² útiles,"Valdivia, Sur De Valdivia"
347,casa,venta,Valdivia,528600000,250 m² útiles,"Isla Teja, Isla Teja, Valdivia"
348,casa,venta,Valdivia,300.000.000,381 m² útiles,"Collico, Valdivia, Chile, Valdivia"
349,casa,venta,Valdivia,380000000,140 m² útiles,"Los Arrayanes 300, Valdivia, Chile, Isla Teja, Valdivia"
350,casa,venta,Valdivia,400000000,144 m² útiles,"Carpe Diem, Valdivia, Chile, Torobayo, Valdivia"
351,casa,venta,Valdivia,248000000,130 m² útiles,"Niebla, Niebla, Valdivia"
352,casa,venta,Valdivia,360000000,120 m² útiles,"TOROBAYO, VALDIVIA, Torobayo, Valdivia"
353,casa,venta,Valdivia,480000000,208 m² útiles,"Torobayo, Valdivia, Chile, Valdivia"
354,casa,venta,Valdivia,518000000,240 m² útiles,"Apart Hotel Mirador De Estancilla, Valdivia, Chile, Valdivia"
355,casa,venta,Valdivia,73.000.000,75 m² útiles,"San Pedro Siete 1 - 300, Sur De Valdivia, Valdivia"
356,casa,venta,Valdivia,136.000.000,150 m² útiles,"VENTA DE CASA EN VALDIVIA USO HABITACIONAL/COMERCIAL, Sur De Valdivia, Valdivia"
357,casa,venta,Valdivia,560000000,200 m² útiles,Valdivia
358,casa,venta,Valdivia,240.000.000,200 m² útiles,"Niebla, Niebla, Valdivia"
359,casa,venta,Valdivia,320.000.000,123 m² útiles,"Isla Teja, Isla Teja, Valdivia"
360,casa,venta,Valdivia,568000000,180 m² útiles,"TORO BAYO. Condomino El Bayo, Valdivia"
361,casa,venta,Valdivia,131040000,120 m² útiles,"ERRAZURIZ, Sur De Valdivia, Valdivia"
362,casa,venta,Valdivia,269.000.000,242 m² útiles,"Chancoyan Bajo, Valdivia, Chile, Valdivia"
363,casa,venta,Valdivia,200.000.000,90 m² útiles,"Carelmapu, Sur De Valdivia, Valdivia"
364,casa,venta,Valdivia,250.000.000,6.570 m² útiles,"Terminal L2, Valdivia, Los Ríos, Chile, Valdivia"
365,casa,venta,Valdivia,288000000,130 m² útiles,"Niebla, Niebla, Valdivia"
366,casa,venta,Valdivia,400000000,90 m² útiles,"Centro De Valdivia, Valdivia"
367,casa,venta,Valdivia,460000000,200 m² útiles,"Valdivia, Torobayo"
368,casa,venta,Valdivia,316000000,140 m² útiles,"Marina Estancilla, Torobayo, Valdivia"
369,casa,venta,Valdivia,285.000.000,229 m² útiles,"Parque Krahmer, Sur De Valdivia, Valdivia"
370,casa,venta,Valdivia,215.000.000,200 m² útiles,"Chancoyán, Valdivia"
371,casa,venta,Valdivia,348000000,101 m² útiles,"Torobayo, Valdivia, Chile, Torobayo, Valdivia"
372,casa,venta,Valdivia,170.000.000,75 m² útiles,"Avenida Circunvalación Sur 1 - 300, Sur De Valdivia, Valdivia"
373,casa,venta,Valdivia,290.000.000,126 m² útiles,"Villa Del Rey, Valdivia, Chile, Sur De Valdivia, Valdivia"
374,casa,venta,Valdivia,148.000.000,120 m² útiles,"Avenida Pedro Aguirre Cerda, Las Animas, Valdivia"
375,casa,venta,Valdivia,288000000,103 m² útiles,"Los Silos, 151, Torobayo, Valdivia"
376,casa,venta,Valdivia,221400000,191 m² útiles,"Ernesto Riquelme, Centro De Valdivia, Valdivia"
377,casa,venta,Valdivia,270.000.000,100 m² útiles,"Italia 1 - 300, Sur De Valdivia, Valdivia"
378,casa,venta,Valdivia,699600000,440 m² útiles,"Paillao HJ3 LOTE 7, 0, Centro De Valdivia, Valdivia"
379,casa,venta,Valdivia,276000000,124 m² útiles,"Niebla, Niebla, Valdivia"
380,casa,venta,Valdivia,265.000.000,182 m² útiles,"Las Gaviotas 1 - 300, Valdivia"
381,casa,venta,Valdivia,250.000.000,115 m² útiles,"El Bosque, Sur De Valdivia, Valdivia"
382,casa,venta,Valdivia,490.000.000,210 m² útiles,"Mirador De Estancilla, Valdivia, Chile, Valdivia"
383,casa,venta,Valdivia,420.000.000,350 m² útiles,"Sector De Pichihuapi, Valdivia"
384,casa,venta,Valdivia,140.000.000,52 m² útiles,"Pasaje Líbano 1 - 300, Sur De Valdivia, Valdivia"
385,casa,venta,Valdivia,260.000.000,130 m² útiles,"Avenida Francia 1 - 300, Sur De Valdivia, Valdivia"
386,casa,venta,Valdivia,210.000.000,114 m² útiles,"BARRIO EL ESTANQUE, Sur De Valdivia, Valdivia"
387,casa,venta,Valdivia,175.000.000,120 m² útiles,"René Schneider 1 - 300, Sur De Valdivia, Valdivia"
388,casa,venta,Valdivia,518000000,238 m² útiles,"T-350, Torobayo, Valdivia"
389,casa,venta,Valdivia,360.000.000,385 m² útiles,"VILLA LOS NOTROS, Torobayo, Valdivia"
390,casa,venta,Valdivia,372000000,262 m² útiles,"Pichihuape, Valdivia, Valdivia"
391,casa,venta,Valdivia,521920000,612 m² útiles,"Aníbal Pinto 1076, Valdivia, Centro De Valdivia, Valdivia"
392,casa,venta,Valdivia,200000000,139 m² útiles,"Pasaje Tres, 3155, Sur De Valdivia, Valdivia"
393,casa,venta,Valdivia,150.000.000,63 m² útiles,"El Romance 1 - 300, Las Animas, Valdivia"
394,casa,venta,Valdivia,740000000,N/D,"Camino De Luna 1 - 300, Isla Teja, Valdivia"
395,casa,venta,Valdivia,300000000,5.117 m² útiles,"7WQV+VP Catripulli, Valdivia, Chile, Valdivia"
396,casa,venta,Valdivia,131000000,62 m² útiles,"MAHUIZA, Sur De Valdivia, Valdivia"
397,casa,venta,Valdivia,424000000,253 m² útiles,"Paillao, Valdivia"
398,casa,venta,Valdivia,1320000000,240 m² útiles,"General Lagos, Centro De Valdivia, Valdivia"
399,casa,venta,Valdivia,190.000.000,174 m² útiles,"Coronel Santiago Bueras 1 - 300, Sur De Valdivia, Valdivia"
400,casa,venta,Valdivia,356000000,120 m² útiles,"Los Silos 1 - 300, Torobayo, Valdivia"
401,casa,venta,Valdivia,480000000,146 m² útiles,"Isla Teja, Valdivia"
402,casa,venta,Valdivia,150800000,64 m² útiles,"EL ROMANCE, Las Animas, Valdivia"
403,casa,venta,Valdivia,290.000.000,210 m² útiles,"Av. Simpson, Valdivia, Sur De Valdivia, Valdivia"
404,casa,venta,Valdivia,248000000,N/D,"Pidenco 1 - 300, Sur De Valdivia, Valdivia"
405,casa,venta,Valdivia,480000000,175 m² útiles,"Isla Teja, Isla Teja, Valdivia"
406,casa,venta,Valdivia,960000000,600 m² útiles,Valdivia
407,casa,venta,Valdivia,260.000.000,120 m² útiles,"Cabo Blanco, Valdivia"
408,casa,venta,Valdivia,135.000.000,111 m² útiles,"Avenida Circunvalación Sur 1 - 300, Sur De Valdivia, Valdivia"
409,casa,venta,Valdivia,309320000,118 m² útiles,"Valdivia, Centro De Valdivia"
410,casa,venta,Valdivia,518000000,238 m² útiles,"Niebla, Valdivia"
411,casa,venta,Valdivia,476000000,215 m² útiles,"Condominio El Bayo 1 - 300, Torobayo, Valdivia"
412,casa,venta,Valdivia,1600000000,600 m² útiles,"Av. Torobayo, Valdivia, Torobayo, Valdivia"
413,casa,venta,Valdivia,230.000.000,65 m² útiles,"Niebla, Niebla, Valdivia"
414,casa,venta,Valdivia,1280000000,630 m² útiles,"Barrio Residencial, Isla Teja, Valdivia"
415,casa,venta,Valdivia,150.000.000,80 m² útiles,"Avenida Circunvalación Nueva Región 1 - 300, Sur De Valdivia, Valdivia"
416,casa,venta,Valdivia,160000000,62 m² útiles,"VILA PARQUE LOS TORREONES 5, Valdivia"
417,casa,venta,Valdivia,285.000.000,300 m² útiles,"VILLA LOS ENCINOS, Valdivia"
418,casa,venta,Valdivia,230.000.000,190 m² útiles,"Av. Italia, Sur De Valdivia, Valdivia"
419,casa,venta,Valdivia,220.000.000,100 m² útiles,"Sector Cayumapu, Valdivia"
420,casa,venta,Valdivia,150.000.000,N/D,"Pasaje E 1 - 300, Sur De Valdivia, Valdivia"
421,casa,venta,Valdivia,265.000.000,140 m² útiles,"T-351 - 300 2, Valdivia"
422,casa,venta,Valdivia,265000000,216 m² útiles,"Calle Nueva 1 - 300, Sur De Valdivia, Valdivia"
423,casa,venta,Valdivia,578000000,307 m² útiles,"Sector Centro, Centro De Valdivia, Valdivia"
424,casa,venta,Valdivia,446000000,110 m² útiles,"VILLA EUROPA, Sur De Valdivia, Valdivia"
425,casa,venta,Valdivia,496000000,190 m² útiles,"Condominio El Bayo 1 - 300, Torobayo, Valdivia"
426,casa,venta,Valdivia,239.000.000,130 m² útiles,"Carlos Krahmer Richter 1 - 300, Sur De Valdivia, Valdivia"
427,casa,venta,Valdivia,456000000,262 m² útiles,"Rudloff 1 - 300, Sur De Valdivia, Valdivia"
428,casa,venta,Valdivia,640000000,500 m² útiles,"Sector Las Mulatas, Sur De Valdivia, Valdivia"
429,casa,venta,Valdivia,124000000,106 m² útiles,"MAHUIZA IV, Sur De Valdivia, Valdivia"
430,casa,venta,Valdivia,550.000.000,360 m² útiles,"Picarte, Valdivia"
431,casa,venta,Valdivia,140.000.000,140 m² útiles,"Valdivia, Chile, Centro De Valdivia, Valdivia"
432,casa,venta,Valdivia,360.000.000,389 m² útiles,"Valdivia, Chile, Torobayo, Valdivia"
433,casa,venta,Valdivia,446000000,100 m² útiles,"Sector Regional, Sur De Valdivia, Valdivia"
434,casa,venta,Valdivia,131720000,N/D,"Avenida Circunvalación Sur 1 - 300, Sur De Valdivia, Valdivia"
435,casa,venta,Valdivia,145.000.000,75 m² útiles,"Las Chinchillas 1 - 300, Sur De Valdivia, Valdivia"
436,casa,venta,Valdivia,180.000.000,N/D,"Avenida Circunvalación Sur 1 - 300, Sur De Valdivia, Valdivia"
437,casa,venta,Valdivia,340.000.000,150 m² útiles,"Alvaro Covarrubias 1 - 300, Centro De Valdivia, Valdivia"
438,casa,venta,Valdivia,600.000.000,190 m² útiles,"Sector Regional, Campo Militar De Valdivia, Valdivia"
439,casa,venta,Valdivia,135.000.000,90 m² útiles,"Avenida Pedro Castelblanco 1 - 300, Sur De Valdivia, Valdivia"
440,casa,venta,Valdivia,152000000,115 m² útiles,"Topacio 181, Las Animas, Valdivia"
441,casa,venta,Valdivia,124000000,106 m² útiles,"Pasaje Las Güiñas 1 - 300, Sur De Valdivia, Valdivia"
442,casa,venta,Valdivia,180.000.000,78 m² útiles,"Intendente Luis Damann Asenjo 1 - 300, Sur De Valdivia, Valdivia"
443,casa,venta,Valdivia,340.000.000,150 m² útiles,"Álvaro Cobarrubias 1 - 300, Centro De Valdivia, Valdivia"
444,casa,venta,Valdivia,720000000,533 m² útiles,"Valdivia, Centro De Valdivia"
445,casa,venta,Valdivia,359920000,140 m² útiles,"Los Arrayanes 300, Valdivia, Isla Teja, Valdivia"
446,casa,venta,Valdivia,150.000.000,160 m² útiles,"Villa Los Ediles, Sur De Valdivia, Valdivia"
447,casa,venta,Valdivia,257.000.000,140 m² útiles,"Av. Italia 1 - 300, Sur De Valdivia, Valdivia"
448,casa,venta,Valdivia,120.000.000,120 m² útiles,"Errázuriz 1 - 300, Sur De Valdivia, Valdivia"
449,casa,venta,Valdivia,1600000000,497 m² útiles,"Isla Teja, Valdivia"
450,casa,venta,Valdivia,316000000,145 m² útiles,"Cayumapu, Valdivia"
451,casa,venta,Valdivia,454000000,400 m² útiles,"Sector Las Mulatas, Sur De Valdivia, Valdivia"
452,casa,venta,Valdivia,600.000.000,496 m² útiles,"Sector Centro, Centro De Valdivia, Valdivia"
453,casa,venta,Valdivia,300.000.000,341 m² útiles,Valdivia
454,casa,venta,Valdivia,380000000,160 m² útiles,"Las Araucarias, 800, Isla Teja, Valdivia"
455,casa,venta,Valdivia,472000000,98 m² útiles,"Valdivia, Centro De Valdivia"
456,casa,venta,Valdivia,140.000.000,49 m² útiles,"Intendente Narciso Carvallo 4368, Valdivia, Chile, Sur De Valdivia, Valdivia"
457,casa,venta,Valdivia,287800000,222 m² útiles,"Valdivia, Centro De Valdivia"
458,casa,venta,Valdivia,317080000,108 m² útiles,"Las Animas, Valdivia"
459,casa,venta,Valdivia,384000000,140 m² útiles,"Isla Teja, Isla Teja, Valdivia"
460,casa,venta,Valdivia,250.000.000,342 m² útiles,"Casablanca, Valdivia, Chile, Valdivia"
461,casa,venta,Valdivia,180.000.000,130 m² útiles,"Santiago Dervis Ojeda 1 - 300, Sur De Valdivia, Valdivia"
462,casa,venta,Valdivia,288000000,405 m² útiles,"Austria 1800 - 2100, Valdivia, Sur De Valdivia, Valdivia"
463,casa,venta,Valdivia,242400000,160 m² útiles,Valdivia
464,casa,venta,Valdivia,281760000,169 m² útiles,Valdivia
465,casa,venta,Valdivia,120.000.000,44 m² útiles,"Pasaje Tunez, 1 - 300, Sur De Valdivia, Valdivia"
466,casa,venta,Valdivia,400000000,200 m² útiles,"Valdivia, Torobayo"
467,casa,venta,Valdivia,376000000,160 m² útiles,"Isla Teja, Valdivia"
468,casa,venta,Valdivia,400000000,200 m² útiles,"Isla Teja, Valdivia"
469,casa,venta,Valdivia,226920000,140 m² útiles,"Valdivia, Sur De Valdivia"
470,casa,venta,Valdivia,359920000,140 m² útiles,"Los Arrayanes 330, Valdivia, Isla Teja, Valdivia"
471,casa,venta,Valdivia,600000000,105 m² útiles,"Valdivia, Centro De Valdivia"
472,casa,venta,Valdivia,150.000.000,100 m² útiles,"Volcán Sollipulli  2000, Sur De Valdivia, Valdivia"
473,casa,venta,Valdivia,150.000.000,178 m² útiles,"Francisco Herrera Sotomayor, Niebla, Valdivia, Chile, Niebla, Valdivia"
474,casa,venta,Valdivia,70.000.000,100 m² útiles,"Sta. Laura 728, Valdivia, Sur De Valdivia, Valdivia"
475,casa,venta,Valdivia,1600000000,482 m² útiles,"Isla Teja, Isla Teja, Valdivia"
476,casa,venta,Valdivia,250.000.000,304 m² útiles,"Coronel Santiago Bueras 272, Valdivia, Campo Militar De Valdivia, Valdivia"
477,casa,venta,Valdivia,230.000.000,126 m² útiles,"CASA EN VENTA DE 3 DORM. SECTOR TORNAGALEONES VALDIVIA, Sur De Valdivia, Valdivia"
478,casa,venta,Valdivia,280.000.000,N/D,"Bucalemu El Bosque, Valdivia, Chile, Sur De Valdivia, Valdivia"
479,casa,venta,Valdivia,170.000.000,83 m² útiles,"Torobayo, Valdivia"
480,casa,venta,Valdivia,131000000,70 m² útiles,"Maria Graham 1, Valdivia, Chile, Valdivia"
481,casa,venta,Valdivia,220.000.000,240 m² útiles,"Isla Guacamayo 1 - 300, Sur De Valdivia, Valdivia"
482,casa,venta,Valdivia,720.000.000,187 m² útiles,"Isla Teja, Valdivia"
483,casa,venta,Valdivia,210800000,115 m² útiles,"Valdivia, Sur De Valdivia"
484,casa,venta,Valdivia,452000000,220 m² útiles,"Torobayo, Valdivia"
485,casa,venta,Valdivia,489760000,168 m² útiles,Valdivia
486,casa,venta,Valdivia,319600000,147 m² útiles,"Condominio El Bayo, Valdivia, Torobayo, Valdivia"
487,casa,venta,Valdivia,286000000,286 m² útiles,"Valdivia, Campo Militar De Valdivia"
488,casa,venta,Valdivia,128000000,66 m² útiles,"CASA EN VENTA DE 2 DORM. EN VALDIVIA, Las Animas, Valdivia"
489,casa,venta,Valdivia,400000000,140 m² útiles,"Valdivia, Torobayo"
490,casa,venta,Valdivia,356000000,105 m² útiles,"Valdivia, Torobayo"
491,casa,venta,Valdivia,432000000,140 m² útiles,"Lemoniz, 09, Torobayo, Valdivia"
492,casa,venta,Valdivia,480000000,160 m² útiles,"Avenida Torobayo 584, 5111176 Valdivia, Los Ríos, Chile, Torobayo, Valdivia"
493,casa,venta,Valdivia,364000000,139 m² útiles,"Valdivia, Isla Teja"
494,casa,venta,Valdivia,240000000,115 m² útiles,"Altos De Punucapa, Valdivia"
495,casa,venta,Valdivia,240000000,115 m² útiles,"5PW4+X4 Valdivia, Chile, Valdivia"
496,casa,venta,Valdivia,52.000.000,N/D,"Santo Domingo, Sur De Valdivia, Valdivia"
497,casa,venta,Valdivia,95.000.000,131 m² útiles,"Andres Bello 1 - 300, Sur De Valdivia, Valdivia"
498,casa,venta,Valdivia,150.000.000,54 m² útiles,"Isla Guacamayo, Valdivia, Sur De Valdivia, Valdivia"
499,casa,venta,Valdivia,220.000.000,126 m² útiles,"Campo Militar De Valdivia, Valdivia"
500,casa,venta,Valdivia,480000000,120 m² útiles,"Las Arauacarias N°285 , Isla Teja, Isla Teja, Valdivia"
501,casa,venta,Valdivia,540000000,160 m² útiles,"Silos De Torobayo 1 - 300, Torobayo, Valdivia"
502,casa,venta,Valdivia,90.000.000,86 m² útiles,"SE VENDE PROPIEDAD, Sur De Valdivia, Valdivia"
503,casa,venta,Valdivia,148000000,80 m² útiles,"VILLA MAHUIZA, Sur De Valdivia, Valdivia"
504,casa,venta,Valdivia,77.000.000,62 m² útiles,"San Pedro 1 - 300, Sur De Valdivia, Valdivia"
505,casa,venta,Valdivia,228000000,165 m² útiles,"BOSQUE SUR, Sur De Valdivia, Valdivia"
506,casa,venta,Valdivia,632000000,450 m² útiles,"Isla Teja, Isla Teja, Valdivia"
507,casa,venta,Valdivia,93.000.000,66 m² útiles,"Hevia, Valdivia, Campo Militar De Valdivia, Valdivia"
508,casa,venta,Valdivia,75.000.000,48 m² útiles,"Raúl Carabantes 3000 - 3300, Valdivia, Sur De Valdivia, Valdivia"
509,casa,venta,Valdivia,220.000.000,125 m² útiles,"Aníbal Pinto 1 - 300, Campo Militar De Valdivia, Valdivia"
510,casa,venta,Valdivia,180.000.000,152 m² útiles,"Francisco Encina, Valdivia, Sur De Valdivia, Valdivia"
511,casa,venta,Valdivia,359920000,140 m² útiles,"Isla Teja, Valdivia"
512,casa,venta,Valdivia,195.000.000,83 m² útiles,"El Bosque, Sur De Valdivia, Valdivia"
513,casa,venta,Valdivia,190.000.000,120 m² útiles,"Valdivia, Chile, Campo Militar De Valdivia, Valdivia"
514,casa,venta,Valdivia,516000000,250 m² útiles,Valdivia
515,casa,venta,Valdivia,150.000.000,79 m² útiles,"Villa Cau Cau, Sur De Valdivia, Valdivia"
516,casa,venta,Valdivia,250.000.000,140 m² útiles,"Austria 1 - 300, Sur De Valdivia, Valdivia"
517,casa,venta,Valdivia,600000000,425 m² útiles,"Valdivia, Las Animas"
518,casa,venta,Valdivia,119600000,140 m² útiles,"Pedro Montt N°1786, Campo Militar De Valdivia, Valdivia"
519,casa,venta,Valdivia,396000000,157 m² útiles,"Los Helechos 635, 5110177 Valdivia, Los Ríos, Chile, Isla Teja, Valdivia"
520,casa,venta,Valdivia,230.000.000,180 m² útiles,"COCHRANE 171, Centro De Valdivia, Valdivia"
521,casa,venta,Valdivia,250.000.000,210 m² útiles,"Centro De Valdivia, Centro De Valdivia, Valdivia"
522,casa,venta,Valdivia,400000000,300 m² útiles,"Sector Costanera, Centro De Valdivia, Valdivia"
523,casa,venta,Valdivia,130.000.000,70 m² útiles,"Barrio Alto Mahuiza, Sur De Valdivia, Valdivia"
524,casa,venta,Valdivia,95.000.000,41 m² útiles,"Pje. Dos 1334, 5090057 Valdivia, Los Ríos, Chile, Campo Militar De Valdivia, Valdivia"
525,casa,venta,Valdivia,364000000,100 m² útiles,"Las Araucarias #335, Isla Teja., Isla Teja, Valdivia"
526,casa,venta,Valdivia,295.000.000,160 m² útiles,"VILLA EUROPA, Sur De Valdivia, Valdivia"
527,casa,venta,Valdivia,420000000,178 m² útiles,"Valdivia, Isla Teja"
528,casa,venta,Valdivia,110.000.000,60 m² útiles,"Ruta 206, Valdivia, Chile, Sur De Valdivia, Valdivia"
529,casa,venta,Valdivia,800000000,264 m² útiles,"Isla Teja, Valdivia"
530,casa,venta,Valdivia,700000000,360 m² útiles,"Isla Teja, Isla Teja, Valdivia"
531,casa,venta,Valdivia,456000000,215 m² útiles,"Valdivia, Campo Militar De Valdivia"
532,casa,venta,Valdivia,161000000,66 m² útiles,Valdivia
533,casa,venta,Valdivia,133.000.000,114 m² útiles,"Seis Pte. 387, Valdivia, Sur De Valdivia, Valdivia"
534,casa,venta,Valdivia,140.000.000,131 m² útiles,"Pasaje Oman 650, Valdivia, Chile, Sur De Valdivia, Valdivia"
535,casa,venta,Valdivia,370000000,140 m² útiles,"Valdivia, Isla Teja"
536,casa,venta,Valdivia,188000000,139 m² útiles,"MARIQUINA, Valdivia"
537,casa,venta,Valdivia,148.000.000,135 m² útiles,"Pasaje Elena 4 1 - 300, Sur De Valdivia, Valdivia"
538,casa,venta,Valdivia,136000000,70 m² útiles,"Aníbal Pinto 913, 5110731 Valdivia, Los Ríos, Chile, Centro De Valdivia, Valdivia"
539,casa,venta,Valdivia,248000000,225 m² útiles,Valdivia
540,casa,venta,Valdivia,288000000,103 m² útiles,"Los Silos 151, Valdivia, Chile, Torobayo, Valdivia"
541,casa,venta,Valdivia,301480000,123 m² útiles,"Avenida Los Robles 700, Valdivia, Chile, Isla Teja, Valdivia"
542,casa,venta,Valdivia,150.000.000,68 m² útiles,"Altos Del Calle Calle, Valdivia"
543,casa,venta,Valdivia,399200000,275 m² útiles,"Arica 1 - 300, Valdivia"
544,casa,venta,Valdivia,149.000.000,95 m² útiles,"Panitao 370, Valdivia, Sur De Valdivia, Valdivia"
545,casa,venta,Valdivia,147.000.000,96 m² útiles,"Pasaje Ostolaza, Las Animas, Valdivia"
546,casa,venta,Valdivia,700000000,310 m² útiles,"Valdivia, Torobayo"
547,casa,venta,Valdivia,140.000.000,100 m² útiles,"P563-Ruta T-350, Valdivia, Chile, Niebla, Valdivia"
548,casa,venta,Valdivia,560000000,140 m² útiles,Valdivia
549,casa,venta,Valdivia,181400000,90 m² útiles,"Laguna San Rafael Nte. 396, Valdivia, Los Ríos, Chile, Valdivia"
550,casa,venta,Valdivia,205.000.000,140 m² útiles,"Manuel Montt 1 - 300, Sur De Valdivia, Valdivia"
551,casa,venta,Valdivia,360000000,146 m² útiles,"Cam. A Paillao 69, Angachilla, Valdivia, Los Ríos, Chile, Valdivia"
552,casa,venta,Valdivia,280000000,194 m² útiles,"El Romance 540, Valdivia, Los Ríos, Chile, Las Animas, Valdivia"
553,casa,venta,Valdivia,75.000.000,60 m² útiles,"Oscar Cristi 1 - 300, Sur De Valdivia, Valdivia"
554,casa,venta,Valdivia,165.000.000,N/D,"Alonso Villanueva 1 - 300, Sur De Valdivia, Valdivia"
555,casa,venta,Valdivia,161200000,68 m² útiles,"Luisa Recabarren De Marin, 52, Valdivia"
556,casa,venta,Valdivia,400000000,140 m² útiles,"C. Lumbrera 1421, Valdivia, Los Ríos, Chile, Torobayo, Valdivia"
557,casa,venta,Valdivia,232000000,108 m² útiles,"P510-Ruta T-350/Cruce T-340, Valdivia, Los Ríos, Chile, Torobayo, Valdivia"
558,casa,venta,Valdivia,130.000.000,142 m² útiles,"Los Traros 1844, Valdivia, Sur De Valdivia, Valdivia"
559,casa,venta,Valdivia,130.000.000,420 m² útiles,"T-354, Cutipai, Valdivia, Valdivia"
560,casa,venta,Valdivia,226800000,149 m² útiles,"C. Gregorio Henríquez Y Santillán, Valdivia, Sur De Valdivia, Valdivia"
561,casa,venta,Valdivia,173200000,75 m² útiles,"Valdivia, Sur De Valdivia"
562,casa,venta,Valdivia,140.000.000,160 m² útiles,"Valdivia, Centro De Valdivia"
563,casa,venta,Valdivia,80.000.000,85 m² útiles,"Av. Nueva Región, Valdivia, Sur De Valdivia, Valdivia"
564,casa,venta,Valdivia,115.000.000,81 m² útiles,"Avenida Ramón Picarte 1 - 300, Sur De Valdivia, Valdivia"
565,casa,venta,Valdivia,95.000.000,122 m² útiles,"AVENIDA ARGENTINA, Valdivia"
566,casa,venta,Valdivia,95.000.000,120 m² útiles,"LOS EDILES, Sur De Valdivia, Valdivia"
567,casa,venta,Valdivia,150.000.000,70 m² útiles,"Parque Los Torreones, Las Animas, Valdivia"
568,casa,venta,Valdivia,218.000.000,112 m² útiles,"Avenida España 1 - 300, Las Animas, Valdivia"
569,casa,venta,Valdivia,280.000.000,143 m² útiles,"Villa Europa, Sur De Valdivia, Valdivia"
570,casa,venta,Valdivia,170.000.000,140 m² útiles,"Pino Huacho 1, Valdivia, Chile, Niebla, Valdivia"
571,casa,venta,Valdivia,135.000.000,180 m² útiles,"NIEBLA, Niebla, Valdivia"
572,casa,venta,Valdivia,130.000.000,76 m² útiles,"Pje. Francisco Gil 385, Valdivia, Sur De Valdivia, Valdivia"
573,casa,venta,Valdivia,85.000.000,150 m² útiles,"Playa Rosada, Valdivia, Valdivia"
574,casa,venta,Valdivia,200.000.000,260 m² útiles,"Pishuinco, Valdivia"
575,casa,venta,Valdivia,164000000,121 m² útiles,"Av. Pedro Montt 4591, Valdivia, Sur De Valdivia, Valdivia"
576,casa,venta,Valdivia,73.000.000,80 m² útiles,"T-35 1 - 300, Valdivia"
577,casa,venta,Valdivia,170.000.000,134 m² útiles,"Avenida Simpson 1 - 300, Sur De Valdivia, Valdivia"
578,casa,venta,Valdivia,264000000,130 m² útiles,"Del Castillo 1010, Valdivia, Los Ríos, Chile, Niebla, Valdivia"
579,casa,venta,Valdivia,176000000,228 m² útiles,"1 CASA PRINCIPAL 2 CABAÑAS 2 ESTACIONAMIENTOS, Centro De Valdivia, Valdivia"
580,casa,venta,Valdivia,95.000.000,120 m² útiles,"CONJUNTO LOS CONQUISTADORES, Sur De Valdivia, Valdivia"
581,casa,venta,Valdivia,150.000.000,85 m² útiles,"Volcán Hudson 3505, Valdivia"
582,casa,venta,Valdivia,220000000,123 m² útiles,"Valdivia, Sur De Valdivia"
583,casa,venta,Valdivia,516000000,250 m² útiles,"Ruta T-344, Valdivia, Las Animas, Valdivia"
584,casa,venta,Valdivia,115600000,106 m² útiles,"MAHUIZA, Sur De Valdivia, Valdivia"
585,casa,venta,Valdivia,106000000,90 m² útiles,"Las Alpacas 1 - 300, Sur De Valdivia, Valdivia"
586,casa,venta,Valdivia,98.000.000,60 m² útiles,"Sudán 1 - 300, Sur De Valdivia, Valdivia"
587,casa,venta,Valdivia,130.000.000,90 m² útiles,"Piedra Blanca, Valdivia, Chile, Valdivia"
588,casa,venta,Valdivia,250.000.000,115 m² útiles,"Carelmapu 2031, Valdivia, Sur De Valdivia, Valdivia"
589,casa,venta,Valdivia,170.000.000,140 m² útiles,"Quitacalzón, Valdivia"
590,casa,venta,Valdivia,89.000.000,90 m² útiles,"Regidor Feliciano González 878, Valdivia, Sur De Valdivia, Valdivia"
591,casa,venta,Valdivia,177200000,99 m² útiles,"Carlos Hilker, Valdivia, Sur De Valdivia, Valdivia"
592,casa,venta,Valdivia,73.000.000,60 m² útiles,"Ocho De Octubre 1 - 300, Campo Militar De Valdivia, Valdivia"
593,casa,venta,Valdivia,140.000.000,128 m² útiles,"Sector Centro, Campo Militar De Valdivia, Valdivia"
594,casa,venta,Valdivia,78.000.000,95 m² útiles,"Cutipay 1 - 300, Valdivia"
595,casa,venta,Valdivia,62.000.000,67 m² útiles,"Los Abetos 2001, Sur De Valdivia, Valdivia"
596,casa,venta,Valdivia,740000000,392 m² útiles,"Valdivia, Isla Teja"
597,casa,venta,Valdivia,632000000,450 m² útiles,"Isla Teja, Isla Teja, Valdivia"
598,casa,venta,Valdivia,260.000.000,112 m² útiles,"Carampangue 566, Centro De Valdivia, Valdivia"
599,casa,venta,Valdivia,1424280000,400 m² útiles,"Valdivia, Campo Militar De Valdivia"
600,casa,venta,Valdivia,1000000000,296 m² útiles,"Valdivia, Torobayo"
601,casa,venta,Valdivia,217000000,137 m² útiles,Valdivia
602,casa,venta,Valdivia,380000000,160 m² útiles,"Valdivia, Torobayo"
603,casa,venta,Valdivia,720000000,360 m² útiles,"Valdivia, Isla Teja"
604,casa,venta,Valdivia,1680000000,300 m² útiles,"Valdivia, Campo Militar De Valdivia"
605,casa,venta,Valdivia,245.000.000,480 m² útiles,"Sector Niebla, Valdivia, Niebla, Valdivia"
606,casa,venta,Valdivia,416000000,217 m² útiles,"Altos De Quitacalzón, Valdivia"
607,casa,venta,Valdivia,380000000,160 m² útiles,"Silos De Torobayo, Valdivia, Torobayo, Valdivia"
608,casa,venta,Valdivia,380000000,288 m² útiles,Valdivia
609,casa,venta,Valdivia,720000000,250 m² útiles,"Toro Bayo, Torobayo, Valdivia"
610,casa,venta,Valdivia,363120000,170 m² útiles,"Cayumapu, Valdivia, Valdivia"
611,casa,venta,Valdivia,317840000,323 m² útiles,Valdivia
612,casa,venta,Valdivia,496000000,184 m² útiles,"Ruta T - Niebla 350, Valdivia, Torobayo, Valdivia"
613,casa,venta,Valdivia,676000000,491 m² útiles,"Propiedad En Renta Sector Coronel Santiago Bueras, Campo Militar De Valdivia, Valdivia"
614,casa,venta,Valdivia,155.000.000,150 m² útiles,"CHANCOYAN BAJO, Valdivia"
615,casa,venta,Valdivia,400000000,140 m² útiles,"C. Lumbrera 1390, 5111961 Valdivia, Los Ríos, Chile, Torobayo, Valdivia"
616,casa,venta,Valdivia,560000000,364 m² útiles,"Valdivia, Campo Militar De Valdivia"
617,casa,venta,Valdivia,534000000,285 m² útiles,"Valdivia, Las Animas"
618,casa,venta,Valdivia,1000000000,440 m² útiles,"Valdivia, Campo Militar De Valdivia"
619,casa,venta,Valdivia,484000000,202 m² útiles,"Los Alerces 40, Isla Teja, Valdivia"
620,casa,venta,Valdivia,130.000.000,96 m² útiles,"Camino A Antilhue, Las Animas, Valdivia"
621,casa,venta,Valdivia,208000000,110 m² útiles,Valdivia
622,casa,venta,Valdivia,1600000000,747 m² útiles,Valdivia
623,casa,venta,Valdivia,284000000,181 m² útiles,"Av. Pedro Montt 2461, Valdivia, Sur De Valdivia, Valdivia"
624,casa,venta,Valdivia,368000000,105 m² útiles,"Los Silos 151, Valdivia, Los Ríos, Chile, Torobayo, Valdivia"
625,casa,venta,Valdivia,186400000,100 m² útiles,"PASAJE ALICANTE N°343 LAS ANIMAS, Las Animas, Valdivia"
626,casa,venta,Valdivia,516000000,200 m² útiles,"Valdivia, Torobayo"
627,casa,venta,Valdivia,346000000,120 m² útiles,"El Castillo 985, Niebla., Niebla, Valdivia"
628,casa,venta,Valdivia,420000000,289 m² útiles,"Valdivia, Sur De Valdivia"
629,casa,venta,Valdivia,295.000.000,220 m² útiles,"Villa Del Rey Pasaje N°9,Casa #1495, Centro De Valdivia, Valdivia"
630,casa,venta,Valdivia,150.000.000,119 m² útiles,"Alonso Siete 5100 - 5400, Sur De Valdivia, Valdivia"
631,casa,venta,Valdivia,1468000000,350 m² útiles,"Valdivia, Centro De Valdivia"
632,casa,venta,Valdivia,200.000.000,234 m² útiles,Valdivia
633,casa,venta,Valdivia,460000000,275 m² útiles,Valdivia
634,casa,venta,Valdivia,556000000,280 m² útiles,"Avenida Torobayo 2655, Valdivia, Los Ríos, Chile, Torobayo, Valdivia"
635,casa,venta,Valdivia,384000000,240 m² útiles,"T-301 25, Valdivia, Los Ríos, Chile, Valdivia"
636,casa,venta,Valdivia,638000000,4.500 m² útiles,"T-302 17, Valdivia, Los Ríos, Chile, Valdivia"
637,casa,venta,Valdivia,150.000.000,60 m² útiles,"Intendente Félix García Videla 1115, Valdivia, Los Ríos, Chile, Sur De Valdivia, Valdivia"
638,casa,venta,Valdivia,1320000000,240 m² útiles,"Valdivia, Campo Militar De Valdivia"
639,casa,venta,Valdivia,290.000.000,156 m² útiles,"Suecia 102, 5090403 Valdivia, Los Ríos, Chile, Valdivia"
640,casa,venta,Valdivia,162000000,77 m² útiles,Valdivia
641,casa,venta,Valdivia,396000000,128 m² útiles,"Bueras 309, Valdivia, Chile, Sur De Valdivia, Valdivia"
642,casa,venta,Valdivia,350.000.000,140 m² útiles,"Andalién 45, Angachilla, Valdivia, Los Ríos, Chile, Valdivia"
643,casa,venta,Valdivia,359600000,140 m² útiles,"Los Maquis N°495, Isla Teja, Valdivia"
644,casa,venta,Valdivia,511120000,300 m² útiles,Valdivia
645,casa,venta,Valdivia,596000000,290 m² útiles,Valdivia
646,casa,venta,Valdivia,150.000.000,110 m² útiles,"Curiñanco, Valdivia"
647,casa,venta,Valdivia,319600000,140 m² útiles,"El Bayo  8, Torobayo, Valdivia"
648,casa,venta,Valdivia,740000000,280 m² útiles,"Janequeo 470, 5110240 Valdivia, Los Ríos, Chile, Centro De Valdivia, Valdivia"
649,casa,venta,Valdivia,1600000000,747 m² útiles,"T-301 17, Valdivia"
650,casa,venta,Valdivia,204040000,90 m² útiles,Valdivia
651,casa,venta,Valdivia,1564000000,500 m² útiles,Valdivia
652,casa,venta,Valdivia,326400000,265 m² útiles,"Intendente Luis Damann Asenjo 1066, 5091243 Valdivia, Los Ríos, Chile, Sur De Valdivia, Valdivia"
653,casa,venta,Valdivia,529000000,400 m² útiles,"Avenida Ramón Picarte 4205, Valdivia"
654,casa,venta,Valdivia,205.000.000,137 m² útiles,"Cayumapu, Valdivia"
655,casa,venta,Valdivia,415.000.000,278 m² útiles,"Janequeo 479, 5110279 Valdivia, Los Ríos, Chile, Centro De Valdivia, Valdivia"
656,casa,venta,Valdivia,232000000,240 m² útiles,"ARIQUE, Valdivia"
657,casa,venta,Valdivia,500000000,296 m² útiles,"Niebla, Niebla, Valdivia"
658,casa,venta,Valdivia,460.000.000,200 m² útiles,"Los Robles N°750, Isla Teja, Isla Teja, Valdivia"
659,casa,venta,Valdivia,496000000,180 m² útiles,"Valdivia, Torobayo"
660,casa,venta,Valdivia,1480000000,140 m² útiles,Valdivia
661,casa,venta,Valdivia,350.000.000,135 m² útiles,"Los Robles N°985, Valdivia"
662,casa,venta,Valdivia,320720000,323 m² útiles,"6M9V+MP Valdivia, Chile, Valdivia"
663,casa,venta,Valdivia,694000000,224 m² útiles,Valdivia
664,casa,venta,Valdivia,366000000,250 m² útiles,"Av. Italia 2230, Sur De Valdivia, Valdivia"
665,casa,venta,Valdivia,369200000,246 m² útiles,"Cam. Cta. De Soto, Valdivia, Valdivia"
666,casa,venta,Valdivia,532000000,280 m² útiles,"Torobayo N°2870, Torobayo, Valdivia"
667,casa,venta,Valdivia,958000000,797 m² útiles,Valdivia
668,casa,venta,Valdivia,1395120000,400 m² útiles,"Lago Riñihue, Centro De Valdivia, Valdivia"
669,casa,venta,Valdivia,140.000.000,83 m² útiles,"LOS CONQUISTADORES, Sur De Valdivia, Valdivia"
670,casa,venta,Valdivia,452000000,200 m² útiles,"Toro Bayo, Torobayo, Valdivia"
671,casa,venta,Valdivia,520000000,335 m² útiles,"Los Manzanos, Valdivia, Isla Teja, Valdivia"
672,casa,venta,Valdivia,290.000.000,250 m² útiles,"Sector Regional, Sur De Valdivia, Valdivia"
673,casa,venta,Valdivia,528600000,325 m² útiles,"Los Manzanos, Isla Teja, Valdivia"
674,casa,venta,Valdivia,427600000,170 m² útiles,"CASA EN VENTA CALLE BUERAS A CUADRAS DEL CENTRO DE VALDIVIA, Sur De Valdivia, Valdivia"
675,casa,venta,Valdivia,518000000,240 m² útiles,"Estancilla Ruta T350 N°4251, Torobayo, Valdivia"
676,casa,venta,Valdivia,350.000.000,245 m² útiles,"Valdivia, Campo Militar De Valdivia"
677,casa,venta,Valdivia,400000000,120 m² útiles,"Los Helechos, Isla Teja., Valdivia"
678,casa,venta,Valdivia,340000000,140 m² útiles,"Rincón De La Piedra, Valdivia, Chile, Valdivia"
679,casa,venta,Valdivia,392000000,104 m² útiles,"Valdivia, Centro De Valdivia"
680,casa,venta,Valdivia,640000000,202 m² útiles,Valdivia
681,casa,venta,Valdivia,516000000,230 m² útiles,"Ruta T350 N°4251 Altos De Torobayo, Torobayo, Valdivia"
682,casa,venta,Valdivia,313200000,183 m² útiles,"Valdivia, Centro De Valdivia"
683,casa,venta,Valdivia,848000000,268 m² útiles,"Valdivia, Torobayo"
684,casa,venta,Valdivia,356000000,190 m² útiles,"Los Silos N°151, Torobayo, Valdivia"
685,casa,venta,Valdivia,500000000,355 m² útiles,"Valdivia, Centro De Valdivia"
686,casa,venta,Valdivia,300000000,230 m² útiles,"Sector Catripulli Parcela N°63, Valdivia"
687,casa,venta,Valdivia,456000000,138 m² útiles,Valdivia
688,casa,venta,Valdivia,380000000,133 m² útiles,"Valdivia, Sur De Valdivia"
689,casa,venta,Valdivia,360.000.000,389 m² útiles,"Loncoyen, Valdivia, Torobayo, Valdivia"
690,casa,venta,Valdivia,100.000.000,117 m² útiles,"Corvi 2 N°419, Sur De Valdivia, Valdivia"
691,casa,venta,Valdivia,578000000,268 m² útiles,"Valdivia, Centro De Valdivia"
692,casa,venta,Valdivia,680000000,200 m² útiles,"Valdivia, Centro De Valdivia"
693,casa,venta,Valdivia,420000000,156 m² útiles,"Valdivia, Centro De Valdivia"
694,casa,venta,Valdivia,524800000,483 m² útiles,"Rene Schneider N°3350, Valdivia"
695,casa,venta,Valdivia,305.000.000,767 m² útiles,"Centro De Valdivia, Las Animas, Valdivia"
696,casa,venta,Valdivia,332000000,287 m² útiles,"Valdivia, Centro De Valdivia"
697,casa,venta,Valdivia,344000000,157 m² útiles,"Valdivia, Las Animas"
698,casa,venta,Valdivia,1200000000,307 m² útiles,"Torobayo Alto Condominio San Carlos De Curiñanco Lote 8, Torobayo, Valdivia"
699,casa,venta,Valdivia,240.000.000,230 m² útiles,"Chancoyán Alto, Valdivia"
700,casa,venta,Valdivia,360000000,120 m² útiles,"Yerbas Buenas 479, Centro De Valdivia, Valdivia"
701,casa,venta,Valdivia,760000000,264 m² útiles,"Isla Teja, Isla Teja, Valdivia"
702,casa,venta,Valdivia,1436000000,258 m² útiles,"Costanera De Valdivia, Sur De Valdivia, Valdivia"
703,casa,venta,Valdivia,416000000,195 m² útiles,"Altos De Quitacalzón, Valdivia, Valdivia"
704,casa,venta,Valdivia,366480000,190 m² útiles,"Valdivia, Centro De Valdivia"
705,casa,venta,Valdivia,300000000,229 m² útiles,Valdivia
706,casa,venta,Valdivia,410.000.000,280 m² útiles,"Niebla, Niebla, Valdivia"
707,casa,venta,Valdivia,1200000000,374 m² útiles,"Silos De Torobayo, Valdivia, Chile, Torobayo, Valdivia"
708,casa,venta,Valdivia,227000000,138 m² útiles,"Bucalemu, Valdivia, Sur De Valdivia, Valdivia"
709,casa,venta,Valdivia,600000000,106 m² útiles,"Av. Arturo Prat 1559, Valdivia, Centro De Valdivia, Valdivia"
710,casa,venta,Valdivia,600000000,300 m² útiles,"Los Manzanos, Valdivia, Isla Teja, Valdivia"
711,casa,venta,Valdivia,531600000,275 m² útiles,"Avenida Torobayo, Valdivia, Torobayo, Valdivia"
712,casa,venta,Valdivia,361720000,389 m² útiles,"Loncoyen 1516, Valdivia, Torobayo, Valdivia"
713,casa,venta,Valdivia,490.000.000,202 m² útiles,"Los Alerces 40, Valdivia, Isla Teja, Valdivia"
714,casa,venta,Valdivia,518000000,2.850 m² útiles,"Condominio Riberas Del Estancilla - T-350 4151, Valdivia, Torobayo, Valdivia"
715,casa,venta,Valdivia,524800000,483 m² útiles,"René Schneider 3350, Valdivia, Sur De Valdivia, Valdivia"
716,casa,venta,Valdivia,212000000,85 m² útiles,"Av. Pedro Montt 2500, Sur De Valdivia, Valdivia"
717,casa,venta,Valdivia,600000000,282 m² útiles,"Isla Teja, Valdivia"
718,casa,venta,Valdivia,205.000.000,230 m² útiles,"Barros Arana, Valdivia, Chile, Campo Militar De Valdivia, Valdivia"
719,casa,venta,Valdivia,264600000,130 m² útiles,"Valdivia, Centro De Valdivia"
720,casa,venta,Valdivia,446160000,108 m² útiles,"Valdivia, Centro De Valdivia"
721,casa,venta,Valdivia,579280000,273 m² útiles,"Valdivia, Centro De Valdivia"
722,casa,venta,Valdivia,940000000,N/D,"Valdivia, Centro De Valdivia"
723,casa,venta,Valdivia,396000000,128 m² útiles,"Valdivia, Campo Militar De Valdivia"
724,casa,venta,Valdivia,366800000,587 m² útiles,"Las Animas, Las Animas, Valdivia"
725,casa,venta,Valdivia,836000000,120 m² útiles,"Isla Teja, Isla Teja, Valdivia"
726,casa,venta,Valdivia,759080000,485 m² útiles,Valdivia
727,casa,venta,Valdivia,760000000,400 m² útiles,"Isla Teja, Isla Teja, Valdivia"
728,casa,venta,Valdivia,729000000,200 m² útiles,"Isla Teja, Isla Teja, Valdivia"
729,casa,venta,Valdivia,276000000,200 m² útiles,"Valdivia, Campo Militar De Valdivia"
730,casa,venta,Valdivia,400000000,139 m² útiles,"Valdivia, Centro De Valdivia"
731,casa,venta,Valdivia,330.000.000,80 m² útiles,"Picarte, Valdivia"
732,casa,venta,Valdivia,222000000,241 m² útiles,Valdivia
733,casa,venta,Valdivia,302400000,155 m² útiles,"Valdivia, Sur De Valdivia"
734,casa,venta,Valdivia,1600000000,880 m² útiles,"Valdivia, Campo Militar De Valdivia"
735,casa,venta,Valdivia,432000000,360 m² útiles,Valdivia
736,casa,venta,Valdivia,600000000,230 m² útiles,"Valdivia, Isla Teja"
737,casa,venta,Valdivia,552000000,279 m² útiles,"Valdivia, Torobayo"
738,casa,venta,Valdivia,600000000,207 m² útiles,"Valdivia, Isla Teja"
739,casa,venta,Valdivia,200000000,139 m² útiles,"Isla Teja, Valdivia"
740,casa,venta,Valdivia,488000000,250 m² útiles,Valdivia
741,casa,venta,Valdivia,180.000.000,218 m² útiles,"Baquedano, 900 - 1200, Campo Militar De Valdivia, Valdivia"
742,casa,venta,Valdivia,414320000,220 m² útiles,Valdivia
743,casa,venta,Valdivia,532000000,277 m² útiles,"Toro Bayo, Torobayo, Valdivia"
744,casa,venta,Valdivia,516000000,156 m² útiles,"Valdivia, Niebla"
745,casa,venta,Valdivia,250.000.000,228 m² útiles,"Cayumapu, Valdivia, Chile, Valdivia"
746,casa,venta,Valdivia,352000000,101 m² útiles,"Valdivia, Torobayo"
747,casa,venta,Valdivia,432960000,205 m² útiles,Valdivia
748,casa,venta,Valdivia,184000000,100 m² útiles,"Valdivia, Las Animas"
749,casa,venta,Valdivia,616800000,250 m² útiles,"Av. España 710, Valdivia, Las Animas, Valdivia"
750,casa,venta,Valdivia,372000000,360 m² útiles,"Conde De Castellar 363, Niebla, Valdivia, Chile, Niebla, Valdivia"
751,casa,venta,Valdivia,520000000,146 m² útiles,"Valdivia, Torobayo"
752,casa,venta,Valdivia,350000000,189 m² útiles,"SANTA BARBARA PARCELA 1, Valdivia"
753,casa,venta,Valdivia,386800000,278 m² útiles,"T-301 16, Valdivia, Los Ríos, Chile, Valdivia"
754,casa,venta,Valdivia,372000000,262 m² útiles,Valdivia
755,casa,venta,Valdivia,440000000,192 m² útiles,Valdivia
756,casa,venta,Valdivia,320.000.000,254 m² útiles,"Pje. José Miguel Varela, Valdivia, Centro De Valdivia, Valdivia"
757,casa,venta,Valdivia,664920000,486 m² útiles,"Valdivia, Campo Militar De Valdivia"
758,casa,venta,Valdivia,420000000,314 m² útiles,"Valdivia, Isla Teja"
759,casa,venta,Valdivia,536000000,370 m² útiles,"Tornagaleones 979, Valdivia, Sur De Valdivia, Valdivia"
760,casa,venta,Valdivia,400000000,163 m² útiles,"Av. Simpson 1053, Valdivia, Sur De Valdivia, Valdivia"
761,casa,venta,Valdivia,680000000,221 m² útiles,"Altos De Quitacalzón, Valdivia"
762,casa,venta,Valdivia,356000000,140 m² útiles,Valdivia
763,casa,venta,Valdivia,179200000,80 m² útiles,"Niebla, Niebla, Valdivia"
764,casa,venta,Valdivia,580000000,140 m² útiles,"Rio Calle Calle 355, Valdivia, Torobayo, Valdivia"
765,casa,venta,Valdivia,280.000.000,125 m² útiles,"Valdivia, Sur De Valdivia"
766,casa,venta,Valdivia,232000000,240 m² útiles,Valdivia
767,casa,venta,Valdivia,288800000,126 m² útiles,"Valdivia, Sur De Valdivia"
768,casa,venta,Valdivia,332000000,160 m² útiles,Valdivia
769,casa,venta,Valdivia,384000000,200 m² útiles,"Centro De Valdivia, Valdivia"
770,casa,venta,Valdivia,118.000.000,106 m² útiles,"ALTOS DE MAHUIZA, Sur De Valdivia, Valdivia"
771,casa,venta,Valdivia,396040000,135 m² útiles,Valdivia
772,casa,venta,Valdivia,150.000.000,245 m² útiles,"Las Ánimas, Las Animas, Valdivia"
773,casa,venta,Valdivia,178000000,60 m² útiles,"Valdivia, Las Animas"
774,casa,venta,Valdivia,549200000,344 m² útiles,"Pintor Westermeyer, Isla Teja, Valdivia"
775,casa,venta,Valdivia,118.000.000,52 m² útiles,"VILLA BOSQUE ENTRE RIOS, Valdivia"
776,casa,venta,Valdivia,225.000.000,120 m² útiles,"El Bosque, Valdivia"
777,casa,venta,Valdivia,98.000.000,66 m² útiles,"Coronel Santiago Bueras 1 - 300, Campo Militar De Valdivia, Valdivia"
778,casa,venta,Valdivia,55.000.000,168 m² útiles,"Pje. A 11, Valdivia, Sur De Valdivia, Valdivia"
779,casa,venta,Valdivia,160.000.000,160 m² útiles,"Corvi Tres, Valdivia, Sur De Valdivia, Valdivia"
780,casa,venta,Valdivia,700000000,360 m² útiles,"Valdivia, Isla Teja"
781,casa,venta,Valdivia,200.000.000,99 m² útiles,"Vicente Carvallo Goyeneche, Valdivia, Las Animas, Valdivia"
782,casa,venta,Valdivia,142.000.000,171 m² útiles,"C. Reina Sofía, Valdivia, Sur De Valdivia, Valdivia"
783,casa,venta,Valdivia,208000000,83 m² útiles,"Gastón Da Bove Olave 647, 5111954 Valdivia, Los Ríos, Chile, Sur De Valdivia, Valdivia"
784,casa,venta,Valdivia,159.000.000,167 m² útiles,"Valdivia, Centro De Valdivia"
785,casa,venta,Valdivia,105.000.000,N/D,"Valdivia, Centro De Valdivia"
786,casa,venta,Valdivia,220.000.000,257 m² útiles,"Valdivia, Centro De Valdivia"
787,casa,venta,Valdivia,663200000,236 m² útiles,"Valdivia, Isla Teja"
788,casa,venta,Valdivia,150.000.000,130 m² útiles,"Valdivia, Centro De Valdivia"
789,casa,venta,Valdivia,70.000.000,90 m² útiles,"Las Himalayas, Valdivia, Valdivia"
790,casa,venta,Valdivia,320.000.000,N/D,"Luxemburgo  1890, Sur De Valdivia, Valdivia"
791,casa,venta,Valdivia,180.000.000,98 m² útiles,"Valdivia, Sur De Valdivia"
792,casa,venta,Valdivia,1200000000,460 m² útiles,"Pintora Clara Werkmeister Martin 1135, 5110070 Valdivia, Los Ríos, Chile, Isla Teja, Valdivia"
793,casa,venta,Valdivia,299.000.000,50.000 m² útiles,"6PH3+M7 Valdivia, Chile, Valdivia"
794,casa,venta,Valdivia,250.000.000,165 m² útiles,"Fernando De Aragón 122, Valdivia, Sur De Valdivia, Valdivia"
795,casa,venta,Valdivia,1320000000,240 m² útiles,"General Lagos, Valdivia, Chile, Campo Militar De Valdivia, Valdivia"
796,casa,venta,Valdivia,496000000,184 m² útiles,"I - Ruta T-350, Valdivia, Los Ríos, Chile, Torobayo, Valdivia"
797,casa,venta,Valdivia,1000000000,737 m² útiles,"6R5H+G6 Valdivia, Chile, Valdivia"
798,casa,venta,Valdivia,400000000,200 m² útiles,"C. Nueva 215, Valdivia, Sur De Valdivia, Valdivia"
799,casa,venta,Valdivia,356000000,130 m² útiles,"Los Maquis, Valdivia, Chile, Isla Teja, Valdivia"
800,casa,venta,Valdivia,480000000,130 m² útiles,"I - Ruta T-350 / Condominio Estancilla, Valdivia, Los Ríos, Chile, Torobayo, Valdivia"
801,casa,venta,Valdivia,160.000.000,90 m² útiles,"T-352, Valdivia, Valdivia"
802,casa,venta,Valdivia,105.000.000,54 m² útiles,"Sta Carolina 891, 5091024 Valdivia, Los Ríos, Chile, Sur De Valdivia, Valdivia"
803,casa,venta,Valdivia,1000000000,296 m² útiles,"Avenida Torobayo 2405, Valdivia, Torobayo, Valdivia"
804,casa,venta,Valdivia,472000000,215 m² útiles,"Condominio El Bayo, Valdivia, Torobayo, Valdivia"
805,casa,venta,Valdivia,210800000,102 m² útiles,"Gastón Da Bove Olave 636, Valdivia, Sur De Valdivia, Valdivia"
806,casa,venta,Valdivia,339200000,181 m² útiles,"Andalien 101 , Lt 1, Mz, Valdivia"
807,casa,venta,Valdivia,155.000.000,150 m² útiles,"Valdivia, Centro De Valdivia"
808,casa,venta,Valdivia,160.000.000,132 m² útiles,"Sur De Valdivia, Valdivia"
809,casa,venta,Valdivia,270.000.000,216 m² útiles,"C. Nueva 192, Valdivia, Sur De Valdivia, Valdivia"
810,casa,venta,Valdivia,153.000.000,162 m² útiles,"Parque Torreones - Collico SN, Sur De Valdivia, Valdivia"
811,casa,venta,Valdivia,1808000000,560 m² útiles,"Avenida Torobayo, Valdivia, Los Ríos, Chile, Torobayo, Valdivia"
812,casa,venta,Valdivia,85.000.000,42 m² útiles,"Valdivia, Niebla"
813,casa,venta,Valdivia,135.000.000,105 m² útiles,"Guacolda 639, Valdivia, Campo Militar De Valdivia, Valdivia"
814,casa,venta,Valdivia,170.000.000,N/D,"Infanta Elena 3575, Sur De Valdivia, Valdivia"
815,casa,venta,Valdivia,200.000.000,242 m² útiles,"Carelmapu 2158, Valdivia, Sur De Valdivia, Valdivia"
816,casa,venta,Valdivia,225.000.000,139 m² útiles,"C. Gregorio Henríquez Y Santillán, Valdivia, Sur De Valdivia, Valdivia"
817,casa,venta,Valdivia,195.000.000,108 m² útiles,"C. Gregorio Henríquez Y Santillán, Valdivia, Sur De Valdivia, Valdivia"
818,casa,venta,Valdivia,160.000.000,150 m² útiles,"Ayquina 462, Valdivia, Valdivia"
819,casa,venta,Valdivia,65.000.000,5.000 m² útiles,"Chancoyan, Valdivia, Valdivia"
820,casa,venta,Valdivia,195.000.000,87 m² útiles,"C. Gregorio Henríquez Y Santillán, Valdivia, Sur De Valdivia, Valdivia"
821,casa,venta,Valdivia,142.000.000,93 m² útiles,"Reina Sofia SN, Sur De Valdivia, Valdivia"
822,casa,venta,Valdivia,130.000.000,180 m² útiles,"Toribio Medina 875, 5.1108e+06 - 5.1111e+06 Valdivia, Los Ríos, Chile, Campo Militar De Valdivia, Valdivia"
823,casa,venta,Valdivia,512000000,230 m² útiles,"6R3Q+J4 Valdivia, Chile, Valdivia"
824,casa,venta,Valdivia,280.000.000,180 m² útiles,"Bueras SN, Sur De Valdivia, Valdivia"
825,casa,venta,Valdivia,125.000.000,110 m² útiles,"Valdivia, Sur De Valdivia"
826,casa,venta,Valdivia,596000000,290 m² útiles,"Cam. A Angachilla, Valdivia, Valdivia"
827,casa,venta,Valdivia,316000000,140 m² útiles,"Isla Teja, Isla Teja, Valdivia"
828,casa,venta,Valdivia,275.000.000,224 m² útiles,"ERRAZURIZ SN, Campo Militar De Valdivia, Valdivia"
829,casa,venta,Valdivia,291600000,161 m² útiles,"ANIBAL PINTO  SN, Campo Militar De Valdivia, Valdivia"
830,casa,venta,Valdivia,165.000.000,120 m² útiles,"VILLA GALILEA SN, Sur De Valdivia, Valdivia"
831,casa,venta,Valdivia,360.000.000,389 m² útiles,"Loncoyen 1516, Valdivia, Torobayo, Valdivia"
832,casa,venta,Valdivia,360000000,140 m² útiles,"Los Arrayanes 300, 5112046 Valdivia, Los Ríos, Chile, Isla Teja, Valdivia"
833,casa,venta,Valdivia,480000000,210 m² útiles,"P840 - Ruta T-350 / Residencial Estancilla, Valdivia, Los Ríos, Chile, Valdivia"
834,casa,venta,Valdivia,480000000,130 m² útiles,"Rio San Pedro 120, Valdivia, Los Ríos, Chile, Torobayo, Valdivia"
835,casa,venta,Valdivia,980000000,250 m² útiles,"Calle Beauchef Sector Clínica Comercial, Centro De Valdivia, Valdivia"
836,casa,venta,Valdivia,359920000,272 m² útiles,"Los Manzanos 355, 5110590 Valdivia, Los Ríos, Chile, Isla Teja, Valdivia"
837,casa,venta,Valdivia,1400000000,583 m² útiles,"Avenida Torobayo 2601, Valdivia, Los Ríos, Chile, Torobayo, Valdivia"
838,casa,venta,Valdivia,160.000.000,91 m² útiles,"Riberas Del Calle Calle, Valdivia"
839,casa,venta,Valdivia,460000000,200 m² útiles,"Avenida Torobayo 584, 5111176 Valdivia, Los Ríos, Chile, Torobayo, Valdivia"
840,casa,venta,Valdivia,672000000,200 m² útiles,"Los Manzanos 315, 5110590 Valdivia, Los Ríos, Chile, Isla Teja, Valdivia"
841,casa,venta,Valdivia,400000000,140 m² útiles,"Los Manzanos 415, Valdivia, Los Ríos, Chile, Isla Teja, Valdivia"
842,casa,venta,Valdivia,740000000,392 m² útiles,"El Arboreto 1148, 5.1099e+06 - 5.1102e+06 Valdivia, Los Ríos, Chile, Isla Teja, Valdivia"
843,casa,venta,Valdivia,368000000,155 m² útiles,"I - Los Robles / Los Raulíes, Valdivia, Los Ríos, Chile, Isla Teja, Valdivia"
844,casa,venta,Valdivia,860000000,500 m² útiles,"Rio Calle Calle 300 - 600, Valdivia, Los Ríos, Chile, Torobayo, Valdivia"
845,casa,venta,Valdivia,640000000,340 m² útiles,"Loteo Los Hualles, Valdivia"
846,casa,venta,Valdivia,300000000,246 m² útiles,"4MW2+H4 Valdivia, Chile, Valdivia"
847,casa,venta,Valdivia,504000000,220 m² útiles,"P519 - Ruta - T-350, Valdivia, Los Ríos, Chile, Torobayo, Valdivia"
848,casa,venta,Valdivia,380000000,400 m² útiles,"Los Abedules 601, 5.1099e+06 - 5.1102e+06 Valdivia, Los Ríos, Chile, Isla Teja, Valdivia"
849,casa,venta,Valdivia,740000000,400 m² útiles,"De Luna 200, Valdivia, Los Ríos, Chile, Isla Teja, Valdivia"
850,casa,venta,Valdivia,420000000,120 m² útiles,"El Arboreto 1145, 5.1099e+06 - 5.1102e+06 Valdivia, Los Ríos, Chile, Isla Teja, Valdivia"
851,casa,venta,Valdivia,470.000.000,245 m² útiles,"Cabo Blanco, Valdivia"
852,casa,venta,Valdivia,660000000,140 m² útiles,"Las Encinas 431, Valdivia, Los Ríos, Chile, Isla Teja, Valdivia"
853,casa,venta,Valdivia,320.000.000,100 m² útiles,"Madrid / Luxemburgo, Sur De Valdivia, Valdivia"
854,casa,venta,Valdivia,600000000,191 m² útiles,"Pintor Mauricio Rugendas 1178, 5.1099e+06 - 5.1102e+06 Valdivia, Los Ríos, Chile, Isla Teja, Valdivia"
855,casa,venta,Valdivia,356000000,280 m² útiles,"Las Lengas 605, 5110113 Valdivia, Los Ríos, Chile, Isla Teja, Valdivia"
856,casa,venta,Valdivia,197760000,69 m² útiles,"Villa Los Castaños, Sur De Valdivia, Valdivia"
857,casa,venta,Valdivia,150.000.000,124 m² útiles,"Oportunidad, Sector Niebla, Niebla, Valdivia"
858,casa,venta,Valdivia,139.000.000,160 m² útiles,"Rodolfo Beckdorf 1789, 5091502 Valdivia, Los Ríos, Chile, Sur De Valdivia, Valdivia"
859,casa,venta,Valdivia,70.000.000,106 m² útiles,"T-352 195, Niebla, Valdivia, Niebla, Valdivia"
860,casa,venta,Valdivia,120.000.000,77 m² útiles,"T-352 195, Niebla, Valdivia, Niebla, Valdivia"
861,casa,venta,Valdivia,428000000,210 m² útiles,"Los Ciruelos 125, 5110728 Valdivia, Los Ríos, Chile, Isla Teja, Valdivia"
862,casa,venta,Valdivia,610000000,342 m² útiles,"Quitacalzón, Centro De Valdivia, Valdivia"
863,casa,venta,Valdivia,420000000,286 m² útiles,"Beaucheff/Arauco/Errázuriz, Centro De Valdivia, Valdivia"
864,casa,venta,Valdivia,1120000000,350 m² útiles,"San Sebastián 161, Valdivia, Los Ríos, Chile, Torobayo, Valdivia"
865,casa,venta,Valdivia,440000000,200 m² útiles,"Los Arrayanes 348, Valdivia, Chile, Isla Teja, Valdivia"
866,casa,venta,Valdivia,340000000,101 m² útiles,"Los Silos 120, 5112130 Valdivia, Los Ríos, Chile, Torobayo, Valdivia"
867,casa,venta,Valdivia,480000000,160 m² útiles,"Avenida Torobayo 584, 5111176 Valdivia, Los Ríos, Chile, Torobayo, Valdivia"
868,casa,venta,Valdivia,1000000000,296 m² útiles,"San Sebastián 155, 5111940 Valdivia, Los Ríos, Chile, Torobayo, Valdivia"
869,casa,venta,Valdivia,359600000,140 m² útiles,"Isla Teja, Isla Teja, Valdivia"
870,casa,venta,Valdivia,472000000,130 m² útiles,"7QCX+QR Valdivia, Chile, Valdivia"
871,casa,venta,Valdivia,520000000,146 m² útiles,"Avenida Torobayo 2800, 5111176 Valdivia, Los Ríos, Chile, Torobayo, Valdivia"
872,casa,venta,Valdivia,496000000,180 m² útiles,"Avenida Torobayo 584, 5111176 Valdivia, Los Ríos, Chile, Torobayo, Valdivia"
873,casa,venta,Valdivia,452000000,200 m² útiles,"SECTOR TOROBAYO, Torobayo, Valdivia"
874,casa,venta,Valdivia,420.000.000,200 m² útiles,"Cuesta Soto, Valdivia"
875,casa,venta,Valdivia,386800000,278 m² útiles,"Quitacalzon, Valdivia"
876,casa,venta,Valdivia,147720000,70 m² útiles,"Chancoyan Alto, Valdivia"
877,casa,venta,Valdivia,380000000,160 m² útiles,"Avenida Torobayo 2575, 5111176 Valdivia, Los Ríos, Chile, Torobayo, Valdivia"
878,casa,venta,Valdivia,420000000,173 m² útiles,"Av. Los Robles 2, 5111431 Valdivia, Los Ríos, Chile, Isla Teja, Valdivia"
879,casa,venta,Valdivia,440000000,246 m² útiles,"Condominio Santa Emilia, Valdivia"
880,casa,venta,Valdivia,532000000,280 m² útiles,"Avenida Torobayo 2655, Valdivia, Los Ríos, Chile, Torobayo, Valdivia"
881,casa,venta,Valdivia,720000000,250 m² útiles,"Condominio Silos De Torobayo - Pamplona 60, 5090000 Valdivia, Los Ríos, Chile, Torobayo, Valdivia"
882,casa,venta,Valdivia,720000000,276 m² útiles,"San Sebastián 1 - 300, Valdivia, Los Ríos, Chile, Torobayo, Valdivia"
883,casa,venta,Valdivia,100.000.000,98 m² útiles,"Errázuriz Con Perú, Campo Militar De Valdivia, Valdivia"
884,casa,venta,Valdivia,134600000,99 m² útiles,"Victoria 1450, Valdivia, Las Animas, Valdivia"
885,casa,venta,Valdivia,195.000.000,105 m² útiles,"Dr. Marcelo Serra Soyer 775, 5.1117e+06 - 5.112e+06 Valdivia, Los Ríos, Chile, Sur De Valdivia, Valdivia"
886,casa,venta,Valdivia,175.000.000,120 m² útiles,"A Guacamayo 100, Valdivia, Los Ríos, Chile, Sur De Valdivia, Valdivia"
887,casa,venta,Valdivia,250.000.000,1.220 m² útiles,"6QH3+6V Cabo Blanco, Valdivia, Chile, Valdivia"
888,casa,venta,Valdivia,450.000.000,250 m² útiles,"Cam. A Paillao 69, Angachilla, Valdivia, Los Ríos, Chile, Valdivia"
889,casa,venta,Valdivia,251920000,1.200 m² útiles,"El Arrayan, Cabo Blanco, Valdivia, Los Ríos, Chile, Valdivia"
890,casa,venta,Valdivia,235.000.000,102 m² útiles,"Gastón Da Bove Olave, Valdivia, Sur De Valdivia, Valdivia"
891,casa,venta,Valdivia,105.000.000,89 m² útiles,"Pje. Once 583, 5100726 Valdivia, Los Ríos, Chile, Sur De Valdivia, Valdivia"
892,casa,venta,Valdivia,396000000,N/D,"Arica 2260, Valdivia, Valdivia"
893,casa,venta,Valdivia,260.000.000,5.800 m² útiles,"6R6P+56 Valdivia, Chile, Valdivia"
894,casa,venta,Valdivia,460000000,195 m² útiles,"Torobayo, Valdivia, Torobayo, Valdivia"
895,casa,venta,Valdivia,260.000.000,200 m² útiles,"Luxemburgo 1800 - 2100, Valdivia, Sur De Valdivia, Valdivia"
896,casa,venta,Valdivia,120.000.000,58 m² útiles,"Av. Ramón Picarte 3475, 5.0898e+06 - 5.0901e+06 Valdivia, Los Ríos, Chile, Sur De Valdivia, Valdivia"
897,casa,venta,Valdivia,135.000.000,70 m² útiles,"Río Copiapo  SN, Las Animas, Valdivia"
898,casa,venta,Valdivia,260.000.000,125 m² útiles,"Av. Simpson 300 - 600, Valdivia, Sur De Valdivia, Valdivia"
899,casa,venta,Valdivia,250.000.000,6.570 m² útiles,"Pje. Cudico, Valdivia, Valdivia"
900,casa,venta,Valdivia,49.000.000,70 m² útiles,"P564-Ruta T-350, Valdivia, Los Ríos, Chile, Niebla, Valdivia"
901,casa,venta,Valdivia,165.000.000,67 m² útiles,"C. Qatar, Valdivia, Sur De Valdivia, Valdivia"
902,casa,venta,Valdivia,251000000,180 m² útiles,"COIGUE QUITACALZON - RUTA T, Valdivia, Chile, Valdivia"
903,casa,venta,Valdivia,120840000,120 m² útiles,"San Luis 3512, Valdivia, Chile, Sur De Valdivia, Valdivia"
904,casa,venta,Valdivia,396000000,157 m² útiles,"Pintor Ricardo Anwandter 122, 5111192 Valdivia, Los Ríos, Chile, Isla Teja, Valdivia"
905,casa,venta,Mariquina,280000000,304 m² útiles,"Garcia Reyes, Mariquina"
906,casa,venta,Mariquina,185.000.000,139 m² útiles,"8WC3+FG Pufudi, Mariquina, Chile, Mariquina"
907,casa,venta,Mariquina,290000000,320 m² útiles,"Fundo Santa Julia , 11, Mariquina"
908,casa,venta,Mariquina,202000000,153 m² útiles,"Pelchuquín, Mariquina, Mariquina"
909,casa,venta,Mariquina,96.000.000,261 m² útiles,"Juan Manqueante 227, San José De Mariquina, Valdivia, Mariquina"
910,casa,venta,Mariquina,252000000,254 m² útiles,Mariquina
911,casa,venta,Mariquina,420000000,246 m² útiles,"Ruta 202, Mariquina, Mariquina"
912,casa,venta,Mariquina,85.000.000,61 m² útiles,"PUFUDI, Mariquina"
913,casa,venta,Mariquina,260000000,127 m² útiles,"C2VC+FV Asque, Mariquina, Chile, Mariquina"
914,casa,venta,Mariquina,110.000.000,100 m² útiles,"Mehuín, Mariquina, Mariquina"
915,casa,venta,Mariquina,312.000.000,50.000 m² útiles,"9WWH+9J Paico, Mariquina, Chile, Mariquina"
916,casa,venta,Mariquina,90.000.000,187 m² útiles,"Juan Manqueante 227, San José De Mariquina, Valdivia, Mariquina"
917,casa,venta,Mariquina,185.000.000,139 m² útiles,"Pufudi, Mariquina"
918,casa,venta,Mariquina,60.000.000,N/D,"Localidad De Mehuin/Comuna De Mariquina, Mariquina"
919,casa,venta,Mariquina,220000000,122 m² útiles,"C2R9+5H Asque, Mariquina, Chile, Mariquina"
920,casa,venta,Mariquina,288000000,165 m² útiles,"GX4P+C7 Puringe Rico, Mariquina, Chile, Mariquina"
921,casa,venta,Lanco,120.000.000,167 m² útiles,"Porvenir 360, Lanco, Valdivia, Lanco"
922,casa,venta,Lanco,380000000,210 m² útiles,"Parcela De 6.110m2 Mas Casa De 140m2, Galpon De 100m2, Jardines De 500m2, Lanco"
923,casa,venta,Lanco,120.000.000,140 m² útiles,"URBANO CON 2 CASAS EN MALALHUE - LANCO, Lanco"
924,casa,venta,Lanco,1360000000,840 m² útiles,"Chile, Lanco"
925,casa,venta,Lanco,380000000,220 m² útiles,"Chile, Lanco"
926,casa,venta,Lanco,148000000,180 m² útiles,Lanco
927,casa,venta,Lanco,153840000,150 m² útiles,Lanco
928,casa,venta,Lanco,122000000,100 m² útiles,"RUTA 203, KM16, Lanco"
929,casa,venta,Lanco,96000000,85 m² útiles,"Manuel Rodríguez 484, Malalhue, Lanco, Lanco"
930,casa,venta,Los Lagos,260000000,90 m² útiles,"Oportunidad, Los Lagos"
931,casa,venta,Los Lagos,130.000.000,135 m² útiles,"Purey, Los Lagos"
932,casa,venta,Los Lagos,153.000.000,164 m² útiles,Los Lagos
933,casa,venta,Los Lagos,125.000.000,138 m² útiles,"Los Guapes, Los Lagos, Los Lagos"
934,casa,venta,Los Lagos,210560000,230 m² útiles,"Centro Los Lagos, Los Lagos"
935,casa,venta,Los Lagos,60.000.000,80 m² útiles,"Lipingue, Los Lagos"
936,casa,venta,Los Lagos,276000000,340 m² útiles,"Caupolican 138, Los Lagos, Valdivia, Los Lagos"
937,casa,venta,Los Lagos,230.000.000,240 m² útiles,"Camino Antilhue, Sector Arique, Los Lagos"
938,casa,venta,Los Lagos,152000000,180 m² útiles,"Riñihue, Los Lagos, Los Lagos"
939,casa,venta,Los Lagos,78.000.000,75 m² útiles,"Osorno, 1, Los Lagos"
940,casa,venta,Los Lagos,118.000.000,126 m² útiles,"Antilhue, Los Lagos, Chile, Los Lagos"
941,casa,venta,Los Lagos,165.000.000,128 m² útiles,"Camino A Futrono Por Los Lagos, Los Lagos"
942,casa,venta,Los Lagos,75.000.000,64 m² útiles,"COMUNA DE LOS LAGOS, Los Lagos"
943,casa,venta,Los Lagos,50.000.000,60 m² útiles,"Linea De Tren, Los Lagos"
944,casa,venta,Los Lagos,167.000.000,200 m² útiles,"52XJ+RQ Antilhue, Los Lagos, Chile, Los Lagos"
945,casa,venta,Los Lagos,250.000.000,250 m² útiles,"Antilhue, Los Lagos, Chile, Los Lagos"
946,casa,venta,Los Lagos,252000000,272 m² útiles,"45XV+VR Los Lagos, Chile, Los Lagos"
947,casa,venta,Los Lagos,250.000.000,199 m² útiles,Los Lagos
948,casa,venta,Los Lagos,70.000.000,42 m² útiles,"Sector Tomén, Los Lagos"
949,casa,venta,Los Lagos,400.000.000,125 m² útiles,Los Lagos
950,casa,venta,Los Lagos,65.000.000,51 m² útiles,"Osorno, Los Lagos, Los Lagos"
951,casa,venta,Los Lagos,105.000.000,160 m² útiles,"Huidif, Los Lagos, Los Lagos"
952,casa,venta,Los Lagos,151400000,279 m² útiles,"Tarapacá 206, 5170015 Valdivia, Los Lagos, Los Ríos, Chile, Los Lagos"
953,casa,venta,Los Lagos,940000000,300 m² útiles,Los Lagos
954,casa,venta,Los Lagos,100000000,104 m² útiles,"Los Lagos, Los Lagos"
955,casa,venta,Los Lagos,74480000,54 m² útiles,Los Lagos
956,casa,venta,Los Lagos,900000000,438 m² útiles,Los Lagos
957,casa,venta,Los Lagos,260000000,220 m² útiles,"Región De Los Ríos. Feria Zomonewenche., Los Lagos"
958,casa,venta,Los Lagos,377960000,10.000 m² útiles,Los Lagos
959,casa,venta,Los Lagos,120.000.000,60 m² útiles,"FUNDO COLO - COLO, Los Lagos"
960,casa,venta,Los Lagos,252000000,70 m² útiles,"Riñihue, Los Lagos"
961,casa,venta,Los Lagos,784000000,388 m² útiles,Los Lagos
962,casa,venta,Los Lagos,270.000.000,249 m² útiles,"Osorno, Los Lagos, Los Lagos"
963,casa,venta,Los Lagos,152.000.000,131 m² útiles,"45XR+99, Los Lagos, Los Lagos"
964,casa,venta,Los Lagos,146.000.000,200 m² útiles,"4859+GW Folilco, Los Lagos, Chile, Los Lagos"
965,casa,venta,Los Lagos,115.000.000,55 m² útiles,"Osorno, Los Lagos, Los Lagos"
966,casa,venta,Los Lagos,175.000.000,124 m² útiles,"Estero Cuni, Los Lagos"
967,casa,venta,Los Lagos,250000000,200 m² útiles,"Sector Bellavista - Los Lagos, Los Lagos"
968,casa,venta,Los Lagos,115.000.000,200 m² útiles,Los Lagos
969,casa,venta,Máfil,180.000.000,109 m² útiles,"Chiguao, Máfil, Máfil"
970,casa,venta,Máfil,432000000,340 m² útiles,"Condominio Los Arrayanes, Máfil"
971,casa,venta,Máfil,200.000.000,144 m² útiles,"Sector Runca, Máfil"
972,casa,venta,Máfil,76.000.000,85 m² útiles,"Runca, Máfil, Chile, Máfil"
973,casa,venta,Corral,720000000,200 m² útiles,"Caleta Huiro Lote 4 CORRAL, Corral"
974,casa,venta,Futrono,460000000,336 m² útiles,"RPFJ+C2 Llifén, Futrono, Chile, Lago Ranco, Futrono"
975,casa,venta,Futrono,520000000,242 m² útiles,"Condominio En Lago Ranco Ribera Norte, Lago Ranco, Futrono"
976,casa,venta,Futrono,1200000000,487 m² útiles,"Condominio Mirador, Ranco, Lago Ranco, Futrono"
977,casa,venta,Futrono,800000000,247 m² útiles,"Condominio Cercano A Futrono, Futrono"
978,casa,venta,Futrono,200.000.000,N/D,"Pumol, Futrono"
979,casa,venta,Futrono,1280000000,490 m² útiles,"LLIFEN / LAGO RANCO, Lago Ranco, Futrono"
980,casa,venta,Futrono,1000000000,435 m² útiles,"HOTEL BOUTIQUE / FUTRONO / RANCO, Localidad De Futrono, Futrono"
981,casa,venta,Futrono,250000000,170 m² útiles,Futrono
982,casa,venta,Futrono,996000000,450 m² útiles,"VH79+QJ Puerto Squella, Futrono, Chile, Lago Ranco, Futrono"
983,casa,venta,Futrono,195.000.000,220 m² útiles,"Futrono, Futrono"
984,casa,venta,Futrono,420000000,286 m² útiles,"Llifén - Futrono - Los Ríos - Lago Ranco - SUBDIVISIBLE, Lago Ranco, Futrono"
985,casa,venta,Futrono,999600000,487 m² útiles,"VH99+WM Puerto Squella, Futrono, Chile, Lago Ranco, Futrono"
986,casa,venta,Futrono,880000000,270 m² útiles,"Futrono, Lago Ranco"
987,casa,venta,Futrono,1040000000,350 m² útiles,Futrono
988,casa,venta,Futrono,2480000000,115 m² útiles,"Lago Ranco, Futrono"
989,casa,venta,Futrono,65.000.000,138 m² útiles,"Llifen, Futrono, Chile, Lago Ranco, Futrono"
990,casa,venta,Futrono,900000000,271 m² útiles,"RJWR+7Q Futrono, Chile, Lago Ranco, Futrono"
991,casa,venta,Futrono,996000000,440 m² útiles,Futrono
992,casa,venta,Futrono,720000000,330 m² útiles,"Futrono, Los Ríos, 5180000, Chile, Lago Ranco, Futrono"
993,casa,venta,Futrono,980000000,418 m² útiles,"Chile, Localidad De Futrono, Futrono"
994,casa,venta,Futrono,184000000,98 m² útiles,"Localidad De Futrono, Futrono"
995,casa,venta,Futrono,520000000,243 m² útiles,"Localidad De Futrono, Futrono"
996,casa,venta,Futrono,560000000,200 m² útiles,"Lago Ranco, Futrono"
997,casa,venta,Futrono,400000000,350 m² útiles,Futrono
998,casa,venta,Futrono,1440000000,5.000 m² útiles,"Chile, Localidad De Futrono, Futrono"
999,casa,venta,Futrono,280.000.000,135 m² útiles,"Localidad De Futrono, Futrono"
1000,casa,venta,Futrono,110.000.000,120 m² útiles,"Lago Ranco, Futrono"
1001,casa,venta,Futrono,460000000,250 m² útiles,"Cun Cun, Localidad De Futrono, Futrono"
1002,casa,venta,Futrono,130.000.000,85 m² útiles,"Lumaco, Localidad De Futrono, Futrono"
1003,casa,venta,Futrono,105.000.000,121 m² útiles,"Nva Uno, Futrono, Localidad De Futrono, Futrono"
1004,casa,venta,Futrono,350.000.000,100 m² útiles,"Localidad De Futrono, Futrono"
1005,casa,venta,Futrono,800000000,320 m² útiles,"Altos Del Lago Ranco, Futrono"
1006,casa,venta,Futrono,540000000,243 m² útiles,"Condominio Golfo Azul, 1 - 300, Lago Ranco, Futrono"
1007,casa,venta,Futrono,552000000,200 m² útiles,Futrono
1008,casa,venta,Futrono,180000000,171 m² útiles,"Chile, Futrono"
1009,casa,venta,Futrono,996000000,604 m² útiles,"Futrono, Lago Ranco"
1010,casa,venta,Futrono,460000000,200 m² útiles,"Localidad De Futrono, Futrono"
1011,casa,venta,Futrono,556000000,236 m² útiles,"Bahia Coiquue, Localidad De Futrono, Futrono"
1012,casa,venta,Futrono,608000000,180 m² útiles,"Neltume, Futrono"
1013,casa,venta,Futrono,440000000,186 m² útiles,Futrono
1014,casa,venta,Futrono,1000000000,290 m² útiles,Futrono
1015,casa,venta,Futrono,1112000000,580 m² útiles,"Futrono, Lago Ranco"
1016,casa,venta,Futrono,1600000000,500 m² útiles,"Futrono, Localidad De Futrono"
1017,casa,venta,Futrono,720000000,260 m² útiles,"Futrono, Localidad De Futrono"
1018,casa,venta,Futrono,1280000000,600 m² útiles,"Futrono, Lago Ranco"
1019,casa,venta,Futrono,500000000,199 m² útiles,"Futrono, Lago Ranco"
1020,casa,venta,Futrono,544000000,382 m² útiles,Futrono
1021,casa,venta,Futrono,440000000,140 m² útiles,"Chile, Localidad De Futrono, Futrono"
1022,casa,venta,Futrono,150.000.000,110 m² útiles,"EN VENTA DERECHOS DE PROPIEDAD CASA EN FUTRONO, Localidad De Futrono, Futrono"
1023,casa,venta,Futrono,668000000,350 m² útiles,"Futrono, Lago Ranco"
1024,casa,venta,Futrono,120.000.000,63 m² útiles,"Sector Los Castaños, Localidad De Futrono, Futrono"
1025,casa,venta,Futrono,680000000,340 m² útiles,Futrono
1026,casa,venta,Futrono,400.000.000,160 m² útiles,"Futrono, Localidad De Futrono"
1027,casa,venta,Futrono,620000000,200 m² útiles,"Puerto De Rosas, Futrono"
1028,casa,venta,Futrono,440000000,139 m² útiles,Futrono
1029,casa,venta,Futrono,680000000,N/D,"Ubicada En El Condominio En Bahía Coique, Lago Ranco, Futrono"
1030,casa,venta,Futrono,440000000,260 m² útiles,"Futrono Fundo Leona Ranco, Futrono"
1031,casa,venta,Futrono,180000000,N/D,"Futrono, Localidad De Futrono"
1032,casa,venta,Futrono,520000000,242 m² útiles,"Futrono, Localidad De Futrono"
1033,casa,venta,Futrono,1520000000,520 m² útiles,Futrono
1034,casa,venta,Futrono,640000000,435 m² útiles,"Chile, Localidad De Futrono, Futrono"
1035,casa,venta,Futrono,120000000,N/D,"Futrono, Lago Ranco"
1036,casa,venta,Futrono,540000000,120 m² útiles,"Chile, Localidad De Futrono, Futrono"
1037,casa,venta,Futrono,560000000,160 m² útiles,"Fundo Leona, Futrono, Futrono"
1038,casa,venta,Futrono,2264000000,N/D,"Futrono, Lago Ranco"
1039,casa,venta,Futrono,175.000.000,120 m² útiles,"Juan Luis Sanfuentes 55, Futrono, Chile, Localidad De Futrono, Futrono"
1040,casa,venta,Futrono,280000000,185 m² útiles,Futrono
1041,casa,venta,Futrono,820000000,310 m² útiles,"Marina Ranco, Futrono, Los Ríos, Lago Ranco, Futrono"
1042,casa,venta,Futrono,712000000,410 m² útiles,Futrono
1043,casa,venta,Futrono,554000000,200 m² útiles,"Neltume, Futrono"
1044,casa,venta,Futrono,800000000,5.000 m² útiles,"Chile, Localidad De Futrono, Futrono"
1045,casa,venta,Futrono,560000000,286 m² útiles,"Futrono, Lago Ranco"
1046,casa,venta,Futrono,1680000000,415 m² útiles,"Llifén, Lago Ranco, Futrono"
1047,casa,venta,Futrono,700000000,350 m² útiles,"Futrono, Localidad De Futrono"
1048,casa,venta,Futrono,872000000,300 m² útiles,"Futrono, Localidad De Futrono"
1049,casa,venta,Futrono,140000000,110 m² útiles,"Chile, Localidad De Futrono, Futrono"
1050,casa,venta,Futrono,178880000,160 m² útiles,"Futrono, Localidad De Futrono"
1051,casa,venta,Futrono,70.000.000,48 m² útiles,"Villa Volcanes, Localidad De Futrono, Futrono"
1052,casa,venta,Futrono,500000000,199 m² útiles,Futrono
1053,casa,venta,Futrono,370.000.000,139 m² útiles,"Futrono, Localidad De Futrono"
1054,casa,venta,Futrono,360000000,139 m² útiles,"Fundo El Mirador, Futrono, Futrono"
1055,casa,venta,Futrono,720000000,300 m² útiles,"Bahia Coique, Ranco, Futrono"
1056,casa,venta,Futrono,440000000,139 m² útiles,Futrono
1057,casa,venta,Futrono,360000000,100 m² útiles,"Los Nogales 243, Futrono, Los Ríos, Chile, Futrono"
1058,casa,venta,Futrono,130.000.000,202 m² útiles,"Nva Uno 1200 - 1500, Futrono, Localidad De Futrono, Futrono"
1059,casa,venta,Futrono,49600000,36 m² útiles,"QPXW+PH, Llifén, Futrono, Los Ríos, Chile, Lago Ranco, Futrono"
1060,casa,venta,Futrono,740000000,400 m² útiles,"Bahía Coique, Futrono, Lago Ranco, Futrono"
1061,casa,venta,Futrono,560000000,243 m² útiles,"Futrono, Localidad De Futrono"
1062,casa,venta,Futrono,880000000,270 m² útiles,"Futrono, Localidad De Futrono"
1063,casa,venta,La Unión,115.000.000,78 m² útiles,"Villa Los Parques #520, La Unión"
1064,casa,venta,La Unión,372760000,200 m² útiles,"CAUPÓLICAN, La Unión"
1065,casa,venta,La Unión,240000000,190 m² útiles,La Unión
1066,casa,venta,La Unión,266000000,200 m² útiles,"Sector Pampa Negrón, La Unión"
1067,casa,venta,La Unión,388000000,342 m² útiles,"Riquelme 1004, La Unión, La Unión"
1068,casa,venta,La Unión,220000000,225 m² útiles,"Villa Verde 1 - 300, La Unión"
1069,casa,venta,La Unión,400000000,303 m² útiles,La Unión
1070,casa,venta,La Unión,151840000,150 m² útiles,"CASA CAMPESTRE DE 150 M2 EN PARCELA DE 5000M2, La Unión"
1071,casa,venta,La Unión,36.000.000,50 m² útiles,"SECTOR TRUMAO, La Unión"
1072,casa,venta,La Unión,160.000.000,180 m² útiles,"Serrano 845, Ranco, La Unión, La Unión"
1073,casa,venta,La Unión,234120000,225 m² útiles,"Eleuterio Ramírez 1473, La Unión, Chile, La Unión"
1074,casa,venta,La Unión,392000000,320 m² útiles,La Unión
1075,casa,venta,La Unión,180400000,138 m² útiles,"Arturo Prat 1187, La Unión, Chile, La Unión"
1076,casa,venta,La Unión,250.000.000,305 m² útiles,"Cam. La Flor, La Unión, La Unión"
1077,casa,venta,La Unión,75.000.000,95 m² útiles,"Meliton Montesinos, La Unión"
1078,casa,venta,La Unión,130.000.000,140 m² útiles,"RAPACO, La Unión"
1079,casa,venta,La Unión,270.000.000,278 m² útiles,La Unión
1080,casa,venta,La Unión,150.000.000,165 m² útiles,"Pasaje Las Dalias, La Unión"
1081,casa,venta,La Unión,140.000.000,190 m² útiles,"La Unión, Chile, La Unión"
1082,casa,venta,La Unión,260.000.000,230 m² útiles,La Unión
1083,casa,venta,La Unión,1720000000,420 m² útiles,La Unión
1084,casa,venta,La Unión,250.000.000,330 m² útiles,"La Unión, Chile, La Unión"
1085,casa,venta,La Unión,308800000,120 m² útiles,"Arturo Prat N°447, La Unión"
1086,casa,venta,La Unión,220.000.000,130 m² útiles,"Manuel Rodriguez 946, La Unión"
1087,casa,venta,La Unión,95.000.100,53 m² útiles,"T-210, La Unión"
1088,casa,venta,La Unión,62.000.000,50 m² útiles,"Los Esteros S/n°, La Unión"
1089,casa,venta,La Unión,1520000000,540 m² útiles,La Unión
1090,casa,venta,La Unión,180.000.000,126 m² útiles,La Unión
1091,casa,venta,La Unión,190.000.000,140 m² útiles,"T-75 1 - 300, Puerto Nuevo, La Unión, Los Ríos, Chile, La Unión"
1092,casa,venta,La Unión,314000000,208 m² útiles,La Unión
1093,casa,venta,La Unión,336000000,6.700 m² útiles,La Unión
1094,casa,venta,La Unión,180.000.000,185 m² útiles,"LA UNION, La Unión"
1095,casa,venta,La Unión,120.000.000,51 m² útiles,"Arturo Prat 1 - 300, La Unión, La Unión"
1096,casa,venta,La Unión,75.000.000,53 m² útiles,"Pje. Nueva Esperanza 300 - 600, La Unión, La Unión"
1097,casa,venta,La Unión,100.000.000,72 m² útiles,La Unión
1098,casa,venta,La Unión,110400000,136 m² útiles,"Javiera Carrera 1 - 300, La Unión, La Unión"
1099,casa,venta,La Unión,380000000,250 m² útiles,"PXP5+87 La Unión, Chile, La Unión"
1100,casa,venta,La Unión,130.000.000,138 m² útiles,"PVQ3+6G La Unión, Chile, La Unión"
1101,casa,venta,La Unión,140.000.000,100 m² útiles,"Eleuterio Ramírez 1625, 5220459 La Unión, Los Ríos, Chile, La Unión"
1102,casa,venta,La Unión,220.000.000,211 m² útiles,"MVX8+85 Vista Hermosa, La Unión, Chile, La Unión"
1103,casa,venta,La Unión,316000000,260 m² útiles,"Puerto Nuevo, La Unión, La Unión"
1104,casa,venta,La Unión,340000000,285 m² útiles,La Unión
1105,casa,venta,La Unión,130.000.000,137 m² útiles,"PVQ3+4M La Unión, Chile, La Unión"
1106,casa,venta,La Unión,260.000.000,133 m² útiles,"Camino La Flor, La Unión, La Unión"
1107,casa,venta,La Unión,221080000,179 m² útiles,"Altos San Isidro Parcela 11 Sector Rapaco La Unión, La Unión"
1108,casa,venta,La Unión,2.500.000.000,500 m² útiles,"VENTA PARCELA 1HA + CASA + GALPON 1.300MT2 - RIO BUENO, La Unión"
1109,casa,venta,La Unión,250.000.000,175 m² útiles,"Rapaco - Alto San Isidro, La Unión"
1110,casa,venta,La Unión,280.000.000,260 m² útiles,"Puente Presidente Ibañez, La Unión"
1111,casa,venta,La Unión,340000000,285 m² útiles,"Lomas De Cudico, La Unión"
1112,casa,venta,La Unión,160.000.000,161 m² útiles,"Caupolicán 1092, La Unión, La Unión"
1113,casa,venta,La Unión,180.000.000,10.000 m² útiles,"Q595+J9, Los Esteros, La Unión, La Unión"
1114,casa,venta,La Unión,65.000.000,32 m² útiles,"Puerto Nuevo, La Unión, La Unión"
1115,casa,venta,La Unión,108.000.000,198 m² útiles,"Rio Bueno  SN, La Unión"
1116,casa,venta,La Unión,320000000,285 m² útiles,La Unión
1117,casa,venta,Río Bueno,70.000.000,64 m² útiles,"Sector Rucatayo Alto, A 20 Min. De Entre Lagos Y Playa Mantilhue, Río Bueno"
1118,casa,venta,Río Bueno,455840000,150 m² útiles,"La Florida, Río Bueno"
1119,casa,venta,Río Bueno,690.000.000,300 m² útiles,"Excelente Conectividad A Ruta 5 Sur, A 10 Min. De Rio Bueno Y 20 Min. De Osorno, Río Bueno"
1120,casa,venta,Río Bueno,89.000.000,71 m² útiles,"Lisandro Acevedo, Condominio La Cantera., Río Bueno"
1121,casa,venta,Río Bueno,85.000.000,120 m² útiles,"Parque Y Plaza De Juegos Villa Bicentenario, Rio Bueno, Río Bueno, Chile, Río Bueno"
1122,casa,venta,Río Bueno,85.000.000,46 m² útiles,"Margot Duhalde 1 - 300, Río Bueno"
1123,casa,venta,Río Bueno,87.000.000,53 m² útiles,"Piruco 1 - 300, Río Bueno"
1124,casa,venta,Río Bueno,165.000.000,132 m² útiles,"18 DE SEPTIEMBRE RÍO BUENO, Río Bueno"
1125,casa,venta,Río Bueno,260000000,233 m² útiles,"H37M+6V, Trafun, Río Bueno, Los Ríos, Chile, Río Bueno"
1126,casa,venta,Río Bueno,230.000.000,300 m² útiles,"Blanco Encalada 638, Rio Bueno, Río Bueno, Río Bueno"
1127,casa,venta,Río Bueno,144000000,252 m² útiles,"RIO BUENO CASA, Río Bueno"
1128,casa,venta,Río Bueno,250.000.000,124 m² útiles,"Independencia 1436, Rio Bueno, Río Bueno, Río Bueno"
1129,casa,venta,Río Bueno,70.000.000,64 m² útiles,Río Bueno
1130,casa,venta,Río Bueno,95.000.000,50 m² útiles,"Diego Portales, 750, Río Bueno"
1131,casa,venta,Río Bueno,90.000.000,91 m² útiles,"Crucero, Río Bueno, Chile, Río Bueno"
1132,casa,venta,Río Bueno,175.000.000,106 m² útiles,"Trafun, Rio Bueno, Río Bueno"
1133,casa,venta,Río Bueno,68760000,60 m² útiles,"Trapi, Rio Bueno, Río Bueno"
1134,casa,venta,Río Bueno,150.000.000,120 m² útiles,"T-99-U, Trafun, Río Bueno, Río Bueno"
1135,casa,venta,Río Bueno,165.000.000,120 m² útiles,"T-99-U, Trafun, Río Bueno, Río Bueno"
1136,casa,venta,Río Bueno,192000000,91 m² útiles,Río Bueno
1137,casa,venta,Río Bueno,230.000.000,255 m² útiles,"San Martín 1665, Rio Bueno, Río Bueno, Río Bueno"
1138,casa,venta,Río Bueno,325.000.000,205 m² útiles,"P55W+88 Las Golondrinas, Río Bueno, Chile, Río Bueno"
1139,casa,venta,Río Bueno,68760000,60 m² útiles,"Trapi SN, Río Bueno, Río Bueno"
1140,casa,venta,Río Bueno,900000000,1.315 m² útiles,"ESQUINA CON OHIGGINS, Río Bueno"
1141,casa,venta,Río Bueno,48360000,38 m² útiles,"Mackenna 1918, Rio Bueno, Río Bueno, Río Bueno"
1142,casa,venta,Río Bueno,80.000.000,110 m² útiles,"Mansun (Bueyes), Rio Bueno, Río Bueno, Río Bueno"
1143,casa,venta,Río Bueno,164.000.000,130 m² útiles,"Rio Bueno, Río Bueno"
1144,casa,venta,Panguipulli,180000000,108 m² útiles,Panguipulli
1145,casa,venta,Panguipulli,1114000000,280 m² útiles,"A Cinco Minutos Del Pueblo De De Panguipulli, Lago Panguipulli, Panguipulli"
1146,casa,venta,Panguipulli,1940000000,767 m² útiles,"A 7km De Playa Monje, Lago Panguipulli, Panguipulli"
1147,casa,venta,Panguipulli,680000000,250 m² útiles,"Condominio Cercano Al Pueblo De Panguipulli, Lago Panguipulli, Panguipulli"
1148,casa,venta,Panguipulli,296.000.000,240 m² útiles,"Km 7 Camino Internacional, Lago Calafquén, Panguipulli"
1149,casa,venta,Panguipulli,2388000000,880 m² útiles,"Sector Niltre, Lago Panguipulli, Panguipulli"
1150,casa,venta,Panguipulli,156000000,90 m² útiles,"Manuel Rodríguez, Panguipulli, Lago Panguipulli, Panguipulli"
1151,casa,venta,Panguipulli,596000000,340 m² útiles,"CWJH+MH Nomeco, Panguipulli, Chile, Lago Calafquén, Panguipulli"
1152,casa,venta,Panguipulli,920000000,250 m² útiles,Panguipulli
1153,casa,venta,Panguipulli,204000000,115 m² útiles,"Panguipulli, Lago Panguipulli"
1154,casa,venta,Panguipulli,580000000,196 m² útiles,"Sector Puyumen, Lago Panguipulli, Panguipulli"
1155,casa,venta,Panguipulli,252000000,250 m² útiles,"Panguipulli, Chile, Lago Panguipulli, Panguipulli"
1156,casa,venta,Panguipulli,640000000,225 m² útiles,"J.B. Etchegaray, Panguipulli, Lago Panguipulli, Panguipulli"
1157,casa,venta,Panguipulli,1040000000,250 m² útiles,"Panguipulli, Lago Panguipulli, Panguipulli"
1158,casa,venta,Panguipulli,222720000,180 m² útiles,Panguipulli
1159,casa,venta,Panguipulli,476000000,217 m² útiles,"Pilinhue, Panguipulli, Chile, Lago Calafquén, Panguipulli"
1160,casa,venta,Panguipulli,130.000.000,110 m² útiles,"GENERAL IBAÑEZ, Lago Panguipulli, Panguipulli"
1161,casa,venta,Panguipulli,130.000.000,81 m² útiles,"Coñaripe, 1 - 300, Panguipulli"
1162,casa,venta,Panguipulli,368000000,140 m² útiles,"Región De Los Rios, Lago Panguipulli, Panguipulli"
1163,casa,venta,Panguipulli,680000000,300 m² útiles,"Panguipulli, Lago Panguipulli"
1164,casa,venta,Panguipulli,368000000,140 m² útiles,"9RW2+7F Pullinque, Panguipulli, Chile, Panguipulli"
1165,casa,venta,Panguipulli,79000000,100 m² útiles,"Panguipulli, Lago Panguipulli"
1166,casa,venta,Panguipulli,920000000,400 m² útiles,"Panguipulli, Lago Panguipulli"
1167,casa,venta,Panguipulli,636000000,5.000 m² útiles,"Condominio Pilinhue 2 Parcela 17, 0, Lago Calafquén, Panguipulli"
1168,casa,venta,Panguipulli,90.000.000,88 m² útiles,"Panguipulli, Lago Panguipulli"
1169,casa,venta,Panguipulli,636000000,225 m² útiles,"Panguipulli, Lago Panguipulli"
1170,casa,venta,Panguipulli,200000000,200 m² útiles,"Neltume, Panguipulli"
1171,casa,venta,Panguipulli,760000000,388 m² útiles,Panguipulli
1172,casa,venta,Panguipulli,295.000.000,241 m² útiles,"Huilo-Huilo, Panguipulli, Chile, Panguipulli"
1173,casa,venta,Panguipulli,340000000,244 m² útiles,"Chile, Panguipulli"
1174,casa,venta,Panguipulli,119600000,65 m² útiles,"Lago Panguipulli, Panguipulli"
1175,casa,venta,Panguipulli,680000000,5.000 m² útiles,"9M4P+VX Panguipulli, Chile, Lago Panguipulli, Panguipulli"
1176,casa,venta,Panguipulli,180.000.000,70 m² útiles,"Lago Panguipulli, Panguipulli"
1177,casa,venta,Panguipulli,144000000,80 m² útiles,"Ramón Freire 300, Panguipulli, Lago Panguipulli, Panguipulli"
1178,casa,venta,Panguipulli,876000000,340 m² útiles,"Chile, Lago Panguipulli, Panguipulli"
1179,casa,venta,Panguipulli,50.000.000,150 m² útiles,"Pasaje El Laurel 1 - 300, Lago Panguipulli, Panguipulli"
1180,casa,venta,Panguipulli,1098000000,341 m² útiles,"ESPECTACULAR CASA - CONDOMINIO / PANGUIPULLI, Lago Panguipulli, Panguipulli"
1181,casa,venta,Panguipulli,912200000,4.135 m² útiles,"Ramon Freire, 300 - 600, Lago Panguipulli, Panguipulli"
1182,casa,venta,Panguipulli,299.000.000,140 m² útiles,Panguipulli
1183,casa,venta,Panguipulli,223600000,140 m² útiles,Panguipulli
1184,casa,venta,Panguipulli,650.000.000,75 m² útiles,"Chile, Lago Panguipulli, Panguipulli"
1185,casa,venta,Panguipulli,90.000.000,100 m² útiles,"Chile, Lago Panguipulli, Panguipulli"
1186,casa,venta,Panguipulli,70.000.000,80 m² útiles,"Panguipulli, Lago Panguipulli"
1187,casa,venta,Panguipulli,119600000,50 m² útiles,"Panguipulli, Lago Panguipulli"
1188,casa,venta,Panguipulli,560000000,298 m² útiles,"Ruta 203, Panguipulli, Los Ríos, Chile, Lago Panguipulli, Panguipulli"
1189,casa,venta,Panguipulli,74.000.000,75 m² útiles,"Panguipulli, Lago Panguipulli"
1190,casa,venta,Panguipulli,115.000.000,86 m² útiles,Panguipulli
1191,casa,venta,Panguipulli,1114000000,298 m² útiles,"Chile, Lago Panguipulli, Panguipulli"
1192,casa,venta,Panguipulli,85.000.000,85 m² útiles,Panguipulli
1193,casa,venta,Panguipulli,80720000,47 m² útiles,Panguipulli
1194,casa,venta,Panguipulli,880000000,180 m² útiles,Panguipulli
1195,casa,venta,Panguipulli,144000000,80 m² útiles,"Ramón Freire 300, Panguipulli, Lago Panguipulli, Panguipulli"
1196,casa,venta,Panguipulli,120000000,80 m² útiles,"Panguipulli, Lago Panguipulli"
1197,casa,venta,Panguipulli,166000000,83 m² útiles,"Neltume, Panguipulli"
1198,casa,venta,Panguipulli,251680000,201 m² útiles,"Panguipulli, Lago Panguipulli"
1199,casa,venta,Panguipulli,236000000,133 m² útiles,"Huilo-Huilo, Panguipulli, Chile, Panguipulli"
1200,casa,venta,Panguipulli,296000000,341 m² útiles,"LAGO PIRIHUEICO / HUILO HUILO, Panguipulli"
1201,casa,venta,Panguipulli,108000000,5.000 m² útiles,"MITRENTUE HJ 1 LOTE 9, 1 - 300, Panguipulli"
1202,casa,venta,Panguipulli,1520000000,340 m² útiles,"Panguipulli, Lago Panguipulli"
1203,casa,venta,Panguipulli,880000000,303 m² útiles,"Panguipulli, Lago Panguipulli"
1204,casa,venta,Panguipulli,580000000,196 m² útiles,"Panguipulli, Lago Panguipulli"
1205,casa,venta,Panguipulli,120000000,80 m² útiles,"Panguipulli, Lago Panguipulli"
1206,casa,venta,Panguipulli,153800000,80 m² útiles,"J.B. Etchegaray 54, Panguipulli, Valdivia, Lago Panguipulli, Panguipulli"
1207,casa,venta,Panguipulli,128320000,66 m² útiles,Panguipulli
1208,casa,venta,Panguipulli,636000000,340 m² útiles,"Panguipulli, Lago Calafquén"
1209,casa,venta,Panguipulli,792000000,500 m² útiles,"Panguipulli, Lago Panguipulli"
1210,casa,venta,Panguipulli,792000000,500 m² útiles,"Costa Panguipulli, Completamente Amoblada, Lago Panguipulli, Panguipulli"
1211,casa,venta,Panguipulli,920000000,270 m² útiles,"Coihueco, Lago Panguipulli, Panguipulli"
1212,casa,venta,Panguipulli,740000000,280 m² útiles,Panguipulli
1213,casa,venta,Panguipulli,78680000,90 m² útiles,Panguipulli
1214,casa,venta,Panguipulli,2480000000,767 m² útiles,"Panguipulli, Lago Panguipulli"
1215,casa,venta,Panguipulli,1160000000,340 m² útiles,"Panguipulli, Lago Panguipulli"
1216,casa,venta,Panguipulli,600000000,200 m² útiles,"Panguipulli, Lago Panguipulli"
1217,casa,venta,Panguipulli,195600000,105 m² útiles,"Chile, Lago Panguipulli, Panguipulli"
1218,casa,venta,Panguipulli,230000000,115 m² útiles,"Panguipulli, Lago Panguipulli"
1219,casa,venta,Panguipulli,1080000000,340 m² útiles,"Panguipulli, Lago Panguipulli"
1220,casa,venta,Panguipulli,416000000,120 m² útiles,Panguipulli
1221,casa,venta,Panguipulli,2320000000,450 m² útiles,"Lago Panguipulli, Lago Panguipulli, Panguipulli"
1222,casa,venta,Panguipulli,287320000,120 m² útiles,"Chile, Lago Panguipulli, Panguipulli"
1223,casa,venta,Panguipulli,220000000,65 m² útiles,"Panguipulli, Lago Panguipulli"
1224,casa,venta,Panguipulli,418640000,283 m² útiles,Panguipulli
1225,casa,venta,Panguipulli,180.000.000,180 m² útiles,"Gonzalez - Gabriel Gonzales 147, 5210199 Panguipulli, Los Ríos, Chile, Lago Panguipulli, Panguipulli"
1226,casa,venta,Panguipulli,484000000,264 m² útiles,Panguipulli
1227,casa,venta,Panguipulli,132640000,80 m² útiles,"CH52+2X Melefquen, Panguipulli, Chile, Panguipulli"
1228,casa,venta,Panguipulli,161120000,65 m² útiles,"Chile, Lago Panguipulli, Panguipulli"
1229,casa,venta,Panguipulli,208000000,140 m² útiles,Panguipulli
1230,casa,venta,Panguipulli,380000000,249 m² útiles,"Panguipulli, Lago Panguipulli"
1231,casa,venta,Panguipulli,340000000,136 m² útiles,"Neltume, Panguipulli"
1232,casa,venta,Panguipulli,354560000,478 m² útiles,"Chile, Lago Panguipulli, Panguipulli"
1233,casa,venta,Panguipulli,510800000,589 m² útiles,"Panguipulli, Lago Panguipulli"
1234,casa,venta,Panguipulli,264000000,110 m² útiles,Panguipulli
1235,casa,venta,Panguipulli,263920000,182 m² útiles,Panguipulli
1236,casa,venta,Panguipulli,126160000,173 m² útiles,Panguipulli
1237,casa,venta,Panguipulli,300000000,180 m² útiles,"Chile, Panguipulli"
1238,casa,venta,Panguipulli,308000000,250 m² útiles,"Chile, Panguipulli"
1239,casa,venta,Panguipulli,140000000,5.682 m² útiles,Panguipulli
1240,casa,venta,Panguipulli,180000000,130 m² útiles,"LOTEO LOS RENOVALES DE HUILO HUILO / PUERTO FUY - NELTUME, Lago Panguipulli, Panguipulli"
1241,casa,venta,Panguipulli,600.000.000,569 m² útiles,"Panguipulli, Lago Panguipulli"
1242,casa,venta,Panguipulli,180.000.000,120 m² útiles,"Panguipulli, Lago Panguipulli"
1243,casa,venta,Panguipulli,473000000,557 m² útiles,Panguipulli
1244,casa,venta,Panguipulli,230000000,115 m² útiles,"9P55+GJ Panguipulli, Chile, Lago Panguipulli, Panguipulli"
1245,casa,venta,Panguipulli,524000000,900 m² útiles,"Chile, Lago Panguipulli, Panguipulli"
1246,casa,venta,Panguipulli,756000000,273 m² útiles,"Panguipulli, Lago Calafquén"
1247,casa,venta,Panguipulli,472000000,180 m² útiles,Panguipulli
1248,casa,venta,Panguipulli,1260000000,433 m² útiles,"Panguipulli, Lago Panguipulli"
1249,casa,venta,Panguipulli,476000000,217 m² útiles,"Panguipulli, Lago Calafquén"
1250,casa,venta,Panguipulli,1140000000,293 m² útiles,"Chile, Lago Panguipulli, Panguipulli"
1251,casa,venta,Panguipulli,310680000,220 m² útiles,Panguipulli
1252,casa,venta,Panguipulli,528800000,462 m² útiles,"Panguipulli, Lago Panguipulli"
1253,casa,venta,Panguipulli,1152000000,699 m² útiles,"Panguipulli, Lago Panguipulli"
1254,casa,venta,Panguipulli,828000000,935 m² útiles,"Panguipulli, Lago Calafquén"
1255,casa,venta,Panguipulli,155600000,188 m² útiles,"Chile, Lago Panguipulli, Panguipulli"
1256,casa,venta,Panguipulli,168000000,300 m² útiles,"Los Maitenes, Lago Panguipulli, Panguipulli"
1257,casa,venta,Panguipulli,140000000,84 m² útiles,"Ramón Freire 300, Panguipulli, Los Ríos, Chile, Lago Panguipulli, Panguipulli"
1258,casa,venta,Panguipulli,800000000,380 m² útiles,"Coñaripe, Lago Calafquén, Panguipulli"
1259,casa,venta,Panguipulli,142920000,130 m² útiles,Panguipulli
1260,casa,venta,Panguipulli,128000000,140 m² útiles,"Los Lagos, Panguipulli"
1261,casa,venta,Panguipulli,120.000.000,6.300 m² útiles,"F4RJ+46 Cajón Blanco, Panguipulli, Chile, Panguipulli"
1262,casa,venta,Panguipulli,880000000,500 m² útiles,"Ramón Freire 199, 5210402 Panguipulli, Valdivia, Los Ríos, Chile, Lago Panguipulli, Panguipulli"
1263,casa,venta,Panguipulli,640000000,250 m² útiles,"FANTASTICA CASA EN CONDOMINIO EN PANGUIPULLI EN EXCELENTE SECTOR, MUY LINDA Y BIEN PUESTA, LINDA VISTA AL LAGO Y ENTORNO, Lago Panguipulli, Panguipulli"
1264,casa,venta,Panguipulli,679600000,300 m² útiles,"Panguipulli, Chile, Lago Panguipulli, Panguipulli"
1265,casa,venta,Panguipulli,220000000,140 m² útiles,Panguipulli
1266,casa,venta,Panguipulli,900000000,170 m² útiles,"FP6C+W9 Calafquén, Panguipulli, Chile, Lago Calafquén, Panguipulli"
1267,casa,venta,Panguipulli,130.000.000,85 m² útiles,"Panguipulli, Sector Huellahue, Predio Mitrentue, Panguipulli, Panguipulli"
1268,casa,venta,Panguipulli,2400000000,300 m² útiles,"8MVH+MV Panguipulli, Chile, Lago Panguipulli, Panguipulli"
1269,casa,venta,Panguipulli,116880000,248 m² útiles,"Las Palomas 158, Panguipulli, Panguipulli, Lago Panguipulli, Panguipulli"
1270,casa,venta,Panguipulli,1000000000,300 m² útiles,"Playa Coihueco, Lago Panguipulli, Panguipulli"
1271,casa,venta,Panguipulli,1520000000,320 m² útiles,"Camino A La Peninsula Puyumen, Lago Panguipulli, Panguipulli"
1272,casa,venta,Panguipulli,676000000,240 m² útiles,"Ribera Poniente Cercano Al Pueblo, Lago Panguipulli, Panguipulli"
1273,casa,venta,Panguipulli,500000000,313 m² útiles,"Exclusivo Loteo Residencial, Lago Panguipulli, Panguipulli"
1274,casa,venta,Panguipulli,482000000,200 m² útiles,"Biosfera Huilo Huilo, Panguipulli"
1275,casa,venta,Panguipulli,218400000,213 m² útiles,"Panguipulli, Lago Panguipulli"
1276,casa,venta,Panguipulli,257.000.000,114 m² útiles,"Pichidollinco, 0, Lago Panguipulli, Panguipulli"
1277,casa,venta,Panguipulli,180000000,130 m² útiles,"Huilo Huilo, Panguipulli"
1278,casa,venta,Panguipulli,120000000,98 m² útiles,"F388+WJ Los Cajones, Panguipulli, Chile, Panguipulli"
1279,casa,venta,Panguipulli,100.000.000,5.000 m² útiles,"Curaco, Panguipulli, Panguipulli"
1280,casa,venta,Panguipulli,186000000,105 m² útiles,Panguipulli
1281,casa,venta,Panguipulli,940000000,380 m² útiles,"Lago Riñihue, Los Lagos, Panguipulli"
1282,casa,venta,Panguipulli,72.000.000,100 m² útiles,"Mirador Del Lago, Panguipulli, Lago Panguipulli, Panguipulli"
1283,casa,venta,Paillaco,48.000.000,63 m² útiles,"Las Margaritas, Paillaco, Paillaco"
1284,casa,venta,Paillaco,140.000.000,160 m² útiles,"Paillaco, Paillaco"
1285,casa,venta,Paillaco,67.000.000,56 m² útiles,"Calle 12 De Octubre 267, Reumen, Paillaco"
1286,casa,venta,Paillaco,150.000.000,86 m² útiles,"Cufeo Alto, Paillaco, Chile, Paillaco"
1287,casa,venta,Paillaco,278000000,143 m² útiles,"Arturo Prat 1 - 300, Paillaco"
1288,casa,venta,Paillaco,230.000.000,104 m² útiles,"OHIGGINS PAILLACO, Paillaco"
1289,casa,venta,Paillaco,280000000,148 m² útiles,Paillaco
1290,casa,venta,Paillaco,184000000,126 m² útiles,"Carlos Winckler Paillaco, Paillaco"
1291,casa,venta,Paillaco,302560000,305 m² útiles,"Arturo Prat 534, Paillaco, Paillaco"
1292,departamento,arriendo,Valdivia,590.000,46 m² útiles,"Av. Circunvalación Sur 4883, Valdivia, Sur De Valdivia, Valdivia"
1293,departamento,arriendo,Valdivia,690.000,65 m² útiles,"Av. Arturo Prat 1733, Valdivia, Valdivia"
1294,departamento,arriendo,Valdivia,600000,50 m² útiles,"Pintor Roberto Echeñique 1017, Valdivia, Isla Teja, Valdivia"
1295,departamento,arriendo,Valdivia,640000,56 m² útiles,"Condominio Haverbeck, Campo Militar De Valdivia, Valdivia"
1296,departamento,arriendo,Valdivia,450.000,40 m² útiles,"Genaro Miranda, Niebla, Valdivia, Niebla, Valdivia"
1297,departamento,arriendo,Valdivia,800.000,59 m² útiles,"Picarte, Campo Militar De Valdivia, Valdivia"
1298,departamento,arriendo,Valdivia,480.000,38 m² útiles,"Picarte 1530, Campo Militar De Valdivia, Valdivia"
1299,departamento,arriendo,Valdivia,450.000,21 m² útiles,"Ecuador 2087, Valdivia, Valdivia"
1300,departamento,arriendo,Valdivia,600.000,39 m² útiles,"Alto Del Cruces, Torobayo, Valdivia"
1301,departamento,arriendo,Valdivia,560.000,50 m² útiles,"Jardín Urbano III, Valdivia"
1302,departamento,arriendo,Valdivia,400.000,36 m² útiles,"Av. Argentina 3612, Valdivia, Sur De Valdivia, Valdivia"
1303,departamento,arriendo,Valdivia,350.000,30 m² útiles,"Inglaterra 500, Valdivia, Sur De Valdivia, Valdivia"
1304,departamento,arriendo,Valdivia,650.000,59 m² útiles,"Ecuador, 2040, Valdivia"
1305,departamento,arriendo,Valdivia,550.000,24 m² útiles,"Los Laureles, 200, Isla Teja, Valdivia"
1306,departamento,arriendo,Valdivia,510.000,32 m² útiles,"Carampangue, 300 - 600, Centro De Valdivia, Valdivia"
1307,departamento,arriendo,Valdivia,460.000,23 m² útiles,"Los Laureles 1 - 300, Valdivia, Chile, Isla Teja, Valdivia"
1308,departamento,arriendo,Valdivia,700.000,36 m² útiles,"Av. Arturo Pratt 1571, Centro De Valdivia, Valdivia"
1309,departamento,arriendo,Valdivia,650.000,55 m² útiles,"Caupolicán 243, Valdivia, Chile, Centro De Valdivia, Valdivia"
1310,departamento,arriendo,Valdivia,480.000,55 m² útiles,"T-352 195, Niebla, Valdivia, Niebla, Valdivia"
1311,departamento,arriendo,Valdivia,1.100.000,86 m² útiles,"Manuel Montt, 1053, Sur De Valdivia, Valdivia"
1312,departamento,arriendo,Valdivia,700.000,60 m² útiles,"MANUEL MONTT N° 1053 PARQUE KRAHMER DEPARTAMENTO N°302-B, Sur De Valdivia, Valdivia"
1313,departamento,arriendo,Valdivia,400.000,50 m² útiles,"Federico Hettich, Valdivia, Valdivia"
1314,departamento,arriendo,Valdivia,1.300.000,163 m² útiles,"Carlos Anwndter N°201, Centro De Valdivia, Valdivia"
1315,departamento,arriendo,Valdivia,680.000,36 m² útiles,"Carampangue, Centro De Valdivia, Valdivia"
1316,departamento,arriendo,Valdivia,550.000,50 m² útiles,"Carpe Diem 1121, Valdivia, Chile, Torobayo, Valdivia"
1317,departamento,arriendo,Valdivia,700.000,51 m² útiles,"Caupolicán, Centro De Valdivia, Valdivia"
1318,departamento,arriendo,Valdivia,520.000,31 m² útiles,"Andres Bello 2787, 5100831 Valdivia, Los Ríos, Chile, Sur De Valdivia, Valdivia"
1319,departamento,arriendo,Valdivia,480.000,35 m² útiles,"Avenida Circunvalación Sur, 4883, Sur De Valdivia, Valdivia"
1320,departamento,arriendo,Valdivia,660.000,26 m² útiles,"COD38798 Amoblado, Nuevo, Y Excelente Ubicación, Centro De Valdivia, Valdivia"
1321,departamento,arriendo,Valdivia,470.000,40 m² útiles,"Centro De Valdivia, Valdivia"
1322,departamento,arriendo,Valdivia,720000,84 m² útiles,"Valdivia, Centro De Valdivia"
1323,departamento,arriendo,Valdivia,600.000,56 m² útiles,"Gral Lagos, Valdivia, Campo Militar De Valdivia, Valdivia"
1324,departamento,arriendo,Valdivia,1400000,140 m² útiles,"Valdivia, Centro De Valdivia"
1325,departamento,arriendo,Valdivia,650.000,41 m² útiles,"Oettinger 61, Valdivia, Isla Teja, Valdivia"
1326,departamento,arriendo,Valdivia,750.000,67 m² útiles,"Carlos Krahmer Richter 2660, Valdivia, Chile, Sur De Valdivia, Valdivia"
1327,departamento,arriendo,Valdivia,700.000,90 m² útiles,"O´HIGGINS N°457, DPTO 3, Centro De Valdivia, Valdivia"
1328,departamento,arriendo,Valdivia,550.000,27 m² útiles,"Caupolicán, Valdivia, Centro De Valdivia, Valdivia"
1329,departamento,arriendo,Valdivia,560000,40 m² útiles,"Valdivia, Sur De Valdivia"
1330,departamento,arriendo,Valdivia,560.000,50 m² útiles,"Errázuriz 3411, Valdivia, Sur De Valdivia, Valdivia"
1331,departamento,arriendo,Valdivia,580.000,55 m² útiles,"CONDOMINIO JARDÍN SUR, Sur De Valdivia, Valdivia"
1332,departamento,arriendo,Valdivia,700.000,69 m² útiles,"Avenida Los Robles, Isla Teja, Valdivia"
1333,departamento,arriendo,Valdivia,500.000,23 m² útiles,"Ecuador, 2049, Valdivia"
1334,departamento,arriendo,Valdivia,2400000,368 m² útiles,Valdivia
1335,departamento,arriendo,Valdivia,1.300.000,125 m² útiles,"Carlos Anwandter 1 - 300, Valdivia, Centro De Valdivia, Valdivia"
1336,departamento,arriendo,Valdivia,650.000,66 m² útiles,"Patricio Lynch 930, Valdivia, Chile, Valdivia"
1337,departamento,arriendo,Valdivia,600.000,62 m² útiles,"DEPARTAMENTO EN CONDOMINIO BRISAS DE LA RIVERA, Las Animas, Valdivia"
1338,departamento,arriendo,Valdivia,560.000,60 m² útiles,"Errázuriz 3411, Valdivia, Sur De Valdivia, Valdivia"
1339,departamento,arriendo,Valdivia,645.000,60 m² útiles,"Miraflores, Valdivia, Sur De Valdivia, Valdivia"
1340,departamento,arriendo,Valdivia,500.000,N/D,"Errázuriz, Campo Militar De Valdivia, Valdivia"
1341,departamento,arriendo,Valdivia,800000,86 m² útiles,"Valdivia, Isla Teja"
1342,departamento,arriendo,Valdivia,650.000,N/D,"García Reyes & Avenida Arturo Prat, Valdivia, Chile, Valdivia"
1343,departamento,arriendo,Valdivia,550.000,55 m² útiles,"Don Bosco 2336, 5100419 Valdivia, Los Ríos, Chile, Valdivia"
1344,departamento,arriendo,Valdivia,510.000,40 m² útiles,"Av. Ramón Picarte 1568, 5111147 Valdivia, Los Ríos, Chile, Campo Militar De Valdivia, Valdivia"
1345,departamento,arriendo,Valdivia,550.000,60 m² útiles,"Don Bosco 2389, 5090000 Valdivia, Los Ríos, Chile, Valdivia"
1346,departamento,arriendo,Valdivia,600.000,55 m² útiles,"Ecuador, 2049, Valdivia"
1347,departamento,arriendo,Valdivia,700.000,N/D,"Maipú, Centro De Valdivia, Valdivia"
1348,departamento,arriendo,Valdivia,650.000,52 m² útiles,"Los Alamos 1151, Valdivia, Chile, Isla Teja, Valdivia"
1349,departamento,arriendo,Valdivia,850.000,85 m² útiles,"Pintor Ricardo Anwandter 101, Valdivia, Chile, Isla Teja, Valdivia"
1350,departamento,arriendo,Valdivia,600.000,N/D,"Los Alamos, Isla Teja, Valdivia"
1351,departamento,arriendo,Valdivia,650.000,65 m² útiles,"Patricio Lynch, Valdivia"
1352,departamento,arriendo,Valdivia,550.000,N/D,"Vicente Carvallo Goyeneche, Las Animas, Valdivia"
1353,departamento,arriendo,Valdivia,640000,44 m² útiles,"Valdivia, Sur De Valdivia"
1354,departamento,arriendo,Valdivia,530.000,50 m² útiles,"Avenida Circunvalación Nueva Región, Sur De Valdivia, Valdivia"
1355,departamento,arriendo,Valdivia,470.000,43 m² útiles,"Condominio Brisas De La Ribera, Las Animas, Valdivia"
1356,departamento,arriendo,Valdivia,600.000,60 m² útiles,"Av. Alemania 636, 5110311 Valdivia, Los Ríos, Chile, Centro De Valdivia, Valdivia"
1357,departamento,arriendo,Valdivia,830.000,95 m² útiles,"El Arboreto 900 - 1200, Valdivia, Isla Teja, Valdivia"
1358,departamento,arriendo,Valdivia,900.000,90 m² útiles,"Isla Teja Sur, Isla Teja, Valdivia"
1359,departamento,arriendo,Valdivia,480.000,34 m² útiles,"Ecuador 2049, Valdivia, Chile, Valdivia"
1360,departamento,arriendo,Valdivia,850.000,67 m² útiles,"Lomas Del Río I, Sur De Valdivia, Valdivia"
1361,departamento,arriendo,Valdivia,590.000,65 m² útiles,"Chacabuco, Valdivia, Centro De Valdivia, Valdivia"
1362,departamento,arriendo,Valdivia,580.000,68 m² útiles,"Patricio Lynch 950, Valdivia, Chile, Valdivia"
1363,departamento,arriendo,Valdivia,400.000,18 m² útiles,"Ecuador 2030-2098, 5100288 Valdivia, Los Ríos, Chile, Valdivia"
1364,departamento,arriendo,Valdivia,630.000,80 m² útiles,"Chacabuco 795, Valdivia, Centro De Valdivia, Valdivia"
1365,departamento,arriendo,Valdivia,600.000,52 m² útiles,"Los Alamos 1151, Valdivia, Chile, Isla Teja, Valdivia"
1366,departamento,arriendo,Valdivia,780.000,51 m² útiles,"Caupolicán 243, Valdivia, Centro De Valdivia, Valdivia"
1367,departamento,arriendo,Valdivia,550.000,54 m² útiles,"Patricio Lynch 950, Valdivia, Chile, Valdivia"
1368,departamento,arriendo,Valdivia,400.000,23 m² útiles,"Ecuador, 2049, Valdivia"
1369,departamento,arriendo,Valdivia,700.000,62 m² útiles,"Carelmapu 2003, 5100406 Valdivia, Los Ríos, Chile, Sur De Valdivia, Valdivia"
1370,departamento,arriendo,Valdivia,560.000,58 m² útiles,"Don Bosco 2389, Valdivia, Valdivia"
1371,departamento,arriendo,Valdivia,540.000,47 m² útiles,"Don Bosco, Valdivia, Sur De Valdivia, Valdivia"
1372,departamento,arriendo,Valdivia,550.000,49 m² útiles,"Av. Circunvalación Sur 4800 - 5100, Valdivia, Chile, Sur De Valdivia, Valdivia"
1373,departamento,arriendo,Valdivia,480.000,45 m² útiles,"1039,, Sur De Valdivia, Valdivia"
1374,departamento,arriendo,Valdivia,510.000,32 m² útiles,"Goycolea 1666, Valdivia, Campo Militar De Valdivia, Valdivia"
1375,departamento,arriendo,Valdivia,500.000,51 m² útiles,"Vicente Carvallo Goyeneche 740, Valdivia, Las Animas, Valdivia"
1376,departamento,arriendo,Valdivia,500.000,53 m² útiles,"Av. Circunvalación Sur 4800 - 5100, Valdivia, Chile, Valdivia"
1377,departamento,arriendo,Valdivia,720000,32 m² útiles,"Valdivia, Centro De Valdivia"
1378,departamento,arriendo,Valdivia,560.000,50 m² útiles,"Carlos Krahmer Richter, Valdivia, Sur De Valdivia, Valdivia"
1379,departamento,arriendo,Valdivia,340.000,25 m² útiles,"Cochrane 412, Valdivia, Centro De Valdivia, Valdivia"
1380,departamento,arriendo,Valdivia,400.000,42 m² útiles,"Avenida Ramón Picarte, Sur De Valdivia, Valdivia"
1381,departamento,arriendo,Valdivia,650.000,57 m² útiles,"Patricio Lynch 940, Valdivia, Valdivia"
1382,departamento,arriendo,Valdivia,650.000,57 m² útiles,"Carlos Krahmer Richter 2660, Valdivia, Sur De Valdivia, Valdivia"
1383,departamento,arriendo,Valdivia,1.200.000,N/D,"Torobayo, Valdivia"
1384,departamento,arriendo,Valdivia,800.000,67 m² útiles,"Ecuador 2049, Valdivia, Valdivia"
1385,departamento,arriendo,Valdivia,570.000,41 m² útiles,"Los Alamos 1121, Valdivia, Isla Teja, Valdivia"
1386,departamento,arriendo,Valdivia,440.000,34 m² útiles,"Av. Circunvalación Nueva Región, Valdivia, Sur De Valdivia, Valdivia"
1387,departamento,arriendo,Valdivia,550.000,57 m² útiles,"Isla Del Rey 2620, Valdivia, Sur De Valdivia, Valdivia"
1388,departamento,arriendo,Valdivia,530.000,34 m² útiles,"Carampangue 500, Valdivia, Centro De Valdivia, Valdivia"
1389,departamento,arriendo,Valdivia,600.000,67 m² útiles,"Ecuador 2049, Valdivia, Valdivia"
1390,departamento,arriendo,Valdivia,670.000,63 m² útiles,"Patricio Lynch 940, Valdivia, Valdivia"
1391,departamento,arriendo,Valdivia,1.000.000,107 m² útiles,"Los Arrayanes 430, 5110588 Valdivia, Los Ríos, Chile, Isla Teja, Valdivia"
1392,departamento,arriendo,Valdivia,530.000,57 m² útiles,"Errázuriz 3411, Valdivia, Sur De Valdivia, Valdivia"
1393,departamento,arriendo,Valdivia,700.000,44 m² útiles,"Carampangue 500, Valdivia, Centro De Valdivia, Valdivia"
1394,departamento,arriendo,Valdivia,760.000,50 m² útiles,"Carampangue 500, Valdivia, Centro De Valdivia, Valdivia"
1395,departamento,arriendo,Valdivia,530.000,32 m² útiles,"Carampangue 500, Valdivia, Centro De Valdivia, Valdivia"
1396,departamento,arriendo,Valdivia,630.000,47 m² útiles,"Los Alamos 1121, Valdivia, Isla Teja, Valdivia"
1397,departamento,arriendo,Valdivia,630.000,56 m² útiles,"José María Muñoz Hermosilla 2100 - 2400, Valdivia, Sur De Valdivia, Valdivia"
1398,departamento,arriendo,Valdivia,540.000,23 m² útiles,"Carampangue 500, Valdivia, Centro De Valdivia, Valdivia"
1399,departamento,arriendo,Valdivia,330.000,40 m² útiles,"Av. Ramón Picarte 2021, Valdivia, Campo Militar De Valdivia, Valdivia"
1400,departamento,arriendo,Valdivia,500.000,37 m² útiles,"Av. Arturo Prat 1733, Valdivia, Valdivia"
1401,departamento,arriendo,Valdivia,500.000,49 m² útiles,"Av. Circunvalación Nueva Región, Valdivia, Sur De Valdivia, Valdivia"
1402,departamento,arriendo,Valdivia,890.000,60 m² útiles,"Isla Teja, Valdivia"
1403,departamento,arriendo,Valdivia,520.000,30 m² útiles,"Edificio Plaza Fluvial, Centro De Valdivia, Valdivia"
1404,departamento,arriendo,Valdivia,500.000,45 m² útiles,"Condominio Brisas De La Ribera, Las Animas, Valdivia"
1405,departamento,arriendo,Valdivia,650.000,30 m² útiles,"Edificio Plaza Fluvial, Centro De Valdivia, Valdivia"
1406,departamento,arriendo,Valdivia,490.000,30 m² útiles,"Carampangue 500, Centro De Valdivia, Valdivia"
1407,departamento,arriendo,Valdivia,550.000,30 m² útiles,"Los Laureles 270, 5.1102e+06 - 5.1105e+06 Valdivia, Los Ríos, Chile, Isla Teja, Valdivia"
1408,departamento,arriendo,Valdivia,420.000,22 m² útiles,"Av. Arturo Prat 1571, Valdivia, Valdivia"
1409,departamento,arriendo,Valdivia,450.000,28 m² útiles,"Camilo Henríquez 835, Valdivia, Centro De Valdivia, Valdivia"
1410,departamento,arriendo,Valdivia,750.000,60 m² útiles,"Ecuador 1800 - 2100, Valdivia, Campo Militar De Valdivia, Valdivia"
1411,departamento,arriendo,Valdivia,430.000,45 m² útiles,"Av. Circunvalación Sur 3205, Valdivia, Sur De Valdivia, Valdivia"
1412,departamento,arriendo,Valdivia,369.000,38 m² útiles,"René Schneider 5860, Valdivia, Valdivia"
1413,departamento,arriendo,Valdivia,150.000,1 m² útiles,"Av. Pedro Aguirre Cerda 525, 5.1099e+06 - 5.1102e+06 Valdivia, Los Ríos, Chile, Las Animas, Valdivia"
1414,departamento,arriendo,Valdivia,395.000,30 m² útiles,"Gral Lagos 1621, Valdivia, Los Ríos, Chile, Sur De Valdivia, Valdivia"
1415,departamento,arriendo,Valdivia,680.000,64 m² útiles,"Patricio Lynch 950, Valdivia, Valdivia"
1416,departamento,arriendo,Valdivia,500.000,50 m² útiles,"Av. Circunvalación Sur 4880, Valdivia, Sur De Valdivia, Valdivia"
1417,departamento,arriendo,Valdivia,780.000,58 m² útiles,"Av. Arturo Prat 1571, Valdivia, Valdivia"
1418,departamento,arriendo,Valdivia,330.000,20 m² útiles,"Italia 1750, Valdivia, Sur De Valdivia, Valdivia"
1419,departamento,arriendo,Valdivia,470.000,60 m² útiles,"Vicente Carvallo Goyeneche 740, Valdivia, Las Animas, Valdivia"
1420,departamento,arriendo,Valdivia,850.000,73 m² útiles,"Pintor Ricardo Anwandter 101, Valdivia, Isla Teja, Valdivia"
1421,departamento,arriendo,Valdivia,200.000,18 m² útiles,"Valdivia, Centro De Valdivia"
1422,departamento,arriendo,Valdivia,480.000,45 m² útiles,"Av. Circunvalación Sur 4900, 5.1015e+06 - 5.1018e+06 Valdivia, Los Ríos, Chile, Sur De Valdivia, Valdivia"
1423,departamento,arriendo,Valdivia,400.000,55 m² útiles,"Federico Hettich 435, Valdivia, Valdivia"
1424,departamento,arriendo,Valdivia,128000000,31 m² útiles,"Aníbal Pinto 1747, Valdivia, Campo Militar De Valdivia, Valdivia"
1425,departamento,arriendo,Futrono,390.000,113 m² útiles,"Futrono, Lago Ranco"
1426,departamento,arriendo,La Unión,350.000,55 m² útiles,"Francisco Hoch 435, La Unión, La Unión"
1427,departamento,arriendo,La Unión,450.000,40 m² útiles,"Serrano 628, La Unión, La Unión"
1428,departamento,arriendo,Río Bueno,480000,85 m² útiles,"Comercio 569, Rio Bueno, Río Bueno, Río Bueno"
1429,departamento,arriendo,Río Bueno,360000,65 m² útiles,"Comercio 569, Rio Bueno, Río Bueno, Río Bueno"
1430,departamento,venta,Valdivia,87600000,23 - 65 m² útiles,"Av. Circunvalación Sur 4883, Sur De Valdivia, Valdivia"
1431,departamento,venta,Valdivia,110880000,26 - 62 m² útiles,"Anfión Muñoz 313, Valdivia, Centro De Valdivia, Valdivia"
1432,departamento,venta,Valdivia,115480000,21 - 62 m² útiles,"Janequeo 355, Centro De Valdivia, Valdivia"
1433,departamento,venta,Valdivia,75920000,18 - 101 m² útiles,"Arturo Prat 1571, Centro De Valdivia, Valdivia"
1434,departamento,venta,Valdivia,102000000,23 - 70 m² útiles,"Av. Arturo Prat 855, Centro De Valdivia, Valdivia"
1435,departamento,venta,Valdivia,86400000,23 - 65 m² útiles,"Circunvalación Sur 4883, Sur De Valdivia, Valdivia"
1436,departamento,venta,Valdivia,89600000,32 m² útiles,"Av. Pedro Aguirre Cerda 1581, Valdivia, Las Animas, Valdivia"
1437,departamento,venta,Valdivia,110400000,23 - 60 m² útiles,"Av. Arturo Prat 1002, Valdivia, Centro De Valdivia, Valdivia"
1438,departamento,venta,Valdivia,151480000,30 - 63 m² útiles,"Chacabuco 637, Centro De Valdivia, Valdivia"
1439,departamento,venta,Valdivia,203080000,74 - 89 m² útiles,"Aníbal Pinto 1747, Campo Militar De Valdivia, Valdivia"
1440,departamento,venta,Valdivia,115360000,45 - 56 m² útiles,"Av. Pedro Aguirre Cerda 1313, Valdivia, Las Animas, Valdivia"
1441,departamento,venta,Valdivia,126400000,20 - 63 m² útiles,"García Reyes 253, Centro De Valdivia, Valdivia"
1442,departamento,venta,Valdivia,84440000,22 - 65 m² útiles,"Av. Circunvalación Sur 4883, Valdivia, Sur De Valdivia, Valdivia"
1443,departamento,venta,Valdivia,208000000,64 m² útiles,"Av. Arturo Prat 1733, Valdivia, Valdivia"
1444,departamento,venta,Valdivia,189440000,84 m² útiles,"Centro De Valdivia, Centro De Valdivia, Valdivia"
1445,departamento,venta,Valdivia,400000000,148 m² útiles,"Av. Arturo Prat 295, Centro De Valdivia, Valdivia"
1446,departamento,venta,Valdivia,220000000,50 m² útiles,"Condominio Parque Río Cruces, Isla Teja, Valdivia"
1447,departamento,venta,Valdivia,79.000.000,52 m² útiles,"Av. Circunvalación Sur 3015, Valdivia, Sur De Valdivia, Valdivia"
1448,departamento,venta,Valdivia,153.000.000,67 m² útiles,"Isla Del Rey 2620, Valdivia, Sur De Valdivia, Valdivia"
1449,departamento,venta,Valdivia,224000000,62 m² útiles,"Condominio Parque Krahmer, Sur De Valdivia, Valdivia"
1450,departamento,venta,Valdivia,284000000,95 m² útiles,"Av. Los Robles 1100, Isla Teja, Valdivia"
1451,departamento,venta,Valdivia,486000000,219 m² útiles,"Pje. Dos 251, Valdivia, Las Animas, Valdivia"
1452,departamento,venta,Valdivia,288000000,92 m² útiles,"Valdivia, Isla Teja"
1453,departamento,venta,Valdivia,208000000,80 m² útiles,"Los Robles 1100, Isla Teja, Valdivia"
1454,departamento,venta,Valdivia,132000000,37 m² útiles,"Av. Ramón Picarte 1568, 5111147 Valdivia, Los Ríos, Chile, Campo Militar De Valdivia, Valdivia"
1455,departamento,venta,Valdivia,192000000,64 m² útiles,"AVENIDA RAMON PICARTE, Sur De Valdivia, Valdivia"
1456,departamento,venta,Valdivia,180000000,35 m² útiles,"Carampangue 500, Valdivia, Centro De Valdivia, Valdivia"
1457,departamento,venta,Valdivia,236000000,70 m² útiles,"Manuel Montt 1053, Villa Del Rey, Valdivia, Sur De Valdivia, Valdivia"
1458,departamento,venta,Valdivia,212000000,61 m² útiles,"Condominio Parque Krahmer, Sur De Valdivia, Valdivia"
1459,departamento,venta,Valdivia,272000000,90 m² útiles,"Parque Krahmer, Sur De Valdivia, Valdivia"
1460,departamento,venta,Valdivia,132000000,42 m² útiles,"Ramon Picarte, Campo Militar De Valdivia, Valdivia"
1461,departamento,venta,Valdivia,255.000.000,N/D,"Condominio Parque Krahmer, Sur De Valdivia, Valdivia"
1462,departamento,venta,Valdivia,140.000.000,56 m² útiles,"Condominio Jardin Urbano Valdivia, Valdivia, Valdivia"
1463,departamento,venta,Valdivia,160.000.000,104 m² útiles,"Av. Simpson 1053, Valdivia, Sur De Valdivia, Valdivia"
1464,departamento,venta,Valdivia,188000000,60 m² útiles,"Avenida Arturo Prat, 1733, Valdivia"
1465,departamento,venta,Valdivia,96000000,39 m² útiles,"Rocura, 153, Las Animas, Valdivia"
1466,departamento,venta,Valdivia,117600000,24 m² útiles,"Los Laureles, 270, Isla Teja, Valdivia"
1467,departamento,venta,Valdivia,232000000,55 m² útiles,"Los Laureles, 270, Isla Teja, Valdivia"
1468,departamento,venta,Valdivia,360000000,N/D,"Maipú, Centro De Valdivia, Valdivia"
1469,departamento,venta,Valdivia,252000000,90 m² útiles,"Aníbal Pinto 1747, Valdivia, Campo Militar De Valdivia, Valdivia"
1470,departamento,venta,Valdivia,102120000,51 m² útiles,"Vicente Carvallo Goyeneche 740, Valdivia, Las Animas, Valdivia"
1471,departamento,venta,Valdivia,475200000,140 m² útiles,"Lautaro N°172 Edificio Calle Calle, Centro De Valdivia, Valdivia"
1472,departamento,venta,Valdivia,120000000,27 m² útiles,"Avenida Alemania, 243, Centro De Valdivia, Valdivia"
1473,departamento,venta,Valdivia,161200000,56 m² útiles,"General Lagos, 1681, Campo Militar De Valdivia, Valdivia"
1474,departamento,venta,Valdivia,132000000,37 m² útiles,"Avenida Ramón Picarte, Campo Militar De Valdivia, Valdivia"
1475,departamento,venta,Valdivia,154000000,N/D,"Manuel Montt, Sur De Valdivia, Valdivia"
1476,departamento,venta,Valdivia,75280000,52 m² útiles,"Avenida Circunvalación 3225, 1 - 300, Sur De Valdivia, Valdivia"
1477,departamento,venta,Valdivia,144000000,33 m² útiles,"., Centro De Valdivia, Valdivia"
1478,departamento,venta,Valdivia,400000000,100 m² útiles,"Calle Carampangue N°649, Centro De Valdivia, Valdivia"
1479,departamento,venta,Valdivia,79.000.000,52 m² útiles,"Sur De Valdivia, Valdivia"
1480,departamento,venta,Valdivia,432000000,136 m² útiles,"Valdivia, Isla Teja"
1481,departamento,venta,Valdivia,156400000,66 m² útiles,"Patricio Lynch 930, Valdivia, Chile, Valdivia"
1482,departamento,venta,Valdivia,136000000,37 m² útiles,"Los Alamos, Isla Teja, Valdivia"
1483,departamento,venta,Valdivia,233000000,86 m² útiles,"Valdivia, Campo Militar De Valdivia"
1484,departamento,venta,Valdivia,280000000,94 m² útiles,"Av. Los Robles 1100, Valdivia, Isla Teja, Valdivia"
1485,departamento,venta,Valdivia,232000000,86 m² útiles,"Valdivia, Chile, Centro De Valdivia, Valdivia"
1486,departamento,venta,Valdivia,116000000,51 m² útiles,"Vicente Carvallo Goyeneche 740, Valdivia, Las Animas, Valdivia"
1487,departamento,venta,Valdivia,400000000,126 m² útiles,"Valdivia, Centro De Valdivia"
1488,departamento,venta,Valdivia,188000000,61 m² útiles,"Avenida Arturo Prat, Valdivia"
1489,departamento,venta,Valdivia,172000000,76 m² útiles,"Valdivia, Torobayo"
1490,departamento,venta,Valdivia,600000000,368 m² útiles,Valdivia
1491,departamento,venta,Valdivia,153.000.000,67 m² útiles,"LOMAS DEL RÍO II - VALDIVIA, Sur De Valdivia, Valdivia"
1492,departamento,venta,Valdivia,291600000,103 m² útiles,"Janequeo, Valdivia, Centro De Valdivia, Valdivia"
1493,departamento,venta,Valdivia,201480000,60 m² útiles,"Oettinger 61, Valdivia, Isla Teja, Valdivia"
1494,departamento,venta,Valdivia,320000000,94 m² útiles,"Av. Los Robles 1100, Valdivia, Isla Teja, Valdivia"
1495,departamento,venta,Valdivia,324000000,140 m² útiles,"Centro De Valdivia, Valdivia"
1496,departamento,venta,Valdivia,192000000,57 m² útiles,"COSTANERA DE VALDIVIA, Valdivia"
1497,departamento,venta,Valdivia,114000000,27 m² útiles,"Caupolicán 243, Centro De Valdivia, Valdivia"
1498,departamento,venta,Valdivia,390000000,163 m² útiles,"Valdivia, Centro De Valdivia"
1499,departamento,venta,Valdivia,340000000,N/D,"Avenida Los Robles, Isla Teja, Valdivia"
1500,departamento,venta,Valdivia,208000000,N/D,"Las Encinas, Isla Teja, Valdivia"
1501,departamento,venta,Valdivia,180800000,58 m² útiles,"Valdivia, Campo Militar De Valdivia"
1502,departamento,venta,Valdivia,228000000,87 m² útiles,"Valdivia, Torobayo"
1503,departamento,venta,Valdivia,232000000,90 m² útiles,"Vicente Pérez Rosales Arauco Plaza De La República, Centro De Valdivia, Valdivia"
1504,departamento,venta,Valdivia,440000000,150 m² útiles,"Chile, Isla Teja, Valdivia"
1505,departamento,venta,Valdivia,620000000,130 m² útiles,"Valdivia, Isla Teja"
1506,departamento,venta,Valdivia,198000000,70 m² útiles,"Centro De Valdivia, Valdivia"
1507,departamento,venta,Valdivia,488000000,124 m² útiles,"Centro De Valdivia, Valdivia"
1508,departamento,venta,Valdivia,113.000.000,80 m² útiles,"CONDOMINIO BRISAS DE LA RIVERA, Las Animas, Valdivia"
1509,departamento,venta,Valdivia,158000000,38 m² útiles,"Aníbal Pinto, Campo Militar De Valdivia, Valdivia"
1510,departamento,venta,Valdivia,120000000,36 m² útiles,"Centro De Valdivia, Valdivia"
1511,departamento,venta,Valdivia,121800000,N/D,"Los Alamos, Isla Teja, Valdivia"
1512,departamento,venta,Valdivia,236000000,68 m² útiles,"Valdivia, Isla Teja"
1513,departamento,venta,Valdivia,236000000,60 m² útiles,"Valdivia, Isla Teja"
1514,departamento,venta,Valdivia,136000000,38 m² útiles,"Avenida Ramón Picarte, Sur De Valdivia, Valdivia"
1515,departamento,venta,Valdivia,136000000,37 m² útiles,"Los Alamos 1121, Isla Teja, Valdivia"
1516,departamento,venta,Valdivia,160.000.000,67 m² útiles,"General Lagos, Campo Militar De Valdivia, Valdivia"
1517,departamento,venta,Valdivia,120000000,24 m² útiles,"Caupolicán 243, Valdivia, Chile, Centro De Valdivia, Valdivia"
1518,departamento,venta,Valdivia,149.000.000,66 m² útiles,"General Lagos, Campo Militar De Valdivia, Valdivia"
1519,departamento,venta,Valdivia,160.000.000,67 m² útiles,"Carlos Krahmer, Sur De Valdivia, Valdivia"
1520,departamento,venta,Valdivia,130.000.000,39 m² útiles,"Av. Arturo Prat 1733, Valdivia, Valdivia"
1521,departamento,venta,Valdivia,132000000,37 m² útiles,"Avenida Arturo Prat, Valdivia"
1522,departamento,venta,Valdivia,82.000.000,30 m² útiles,"Av Circunvalación, Sur De Valdivia, Valdivia"
1523,departamento,venta,Valdivia,180000000,93 m² útiles,"Maipú 125, Valdivia, Centro De Valdivia, Valdivia"
1524,departamento,venta,Valdivia,284000000,70 m² útiles,"Avenida Los Robles, Isla Teja, Valdivia"
1525,departamento,venta,Valdivia,90.000.000,75 m² útiles,"VENDO DEPARTAMENTO EN VALDIVIA, Centro De Valdivia, Valdivia"
1526,departamento,venta,Valdivia,280.000.000,95 m² útiles,"Isla Teja, Valdivia"
1527,departamento,venta,Valdivia,136000000,59 m² útiles,"General Lagos, 1356, Campo Militar De Valdivia, Valdivia"
1528,departamento,venta,Valdivia,288000000,74 m² útiles,"Pleamar 1364, Valdivia, Torobayo, Valdivia"
1529,departamento,venta,Valdivia,292000000,70 m² útiles,"Valdivia, Isla Teja"
1530,departamento,venta,Valdivia,151600000,37 m² útiles,"Oettinger 51, Valdivia, Isla Teja, Valdivia"
1531,departamento,venta,Valdivia,139.000.000,55 m² útiles,"Sur De Valdivia, Valdivia"
1532,departamento,venta,Valdivia,186000000,61 m² útiles,"Manuel Montt 1053, Villa Del Rey, Valdivia, Sur De Valdivia, Valdivia"
1533,departamento,venta,Valdivia,151600000,63 m² útiles,"Ecuador, Campo Militar De Valdivia, Valdivia"
1534,departamento,venta,Valdivia,130.000.000,65 m² útiles,"San Luis, Sur De Valdivia, Valdivia"
1535,departamento,venta,Valdivia,488000000,125 m² útiles,"Valdivia, Centro De Valdivia"
1536,departamento,venta,Valdivia,122800000,56 m² útiles,"Gral Lagos 1936, Valdivia, Sur De Valdivia, Valdivia"
1537,departamento,venta,Valdivia,128000000,28 m² útiles,"Caupolicán, Valdivia, Chile, Centro De Valdivia, Valdivia"
1538,departamento,venta,Valdivia,88000000,18 m² útiles,"Ecuador 2037, 5100288 Valdivia, Los Ríos, Chile, Valdivia"
1539,departamento,venta,Valdivia,192000000,57 m² útiles,"Ruta 206 1486, Valdivia, Los Ríos, Chile, Campo Militar De Valdivia, Valdivia"
1540,departamento,venta,Valdivia,199600000,62 m² útiles,"Condominio Teja Sur - Los Arrayanes 390, Valdivia, Isla Teja, Valdivia"
1541,departamento,venta,Valdivia,428000000,141 m² útiles,"Valdivia, Centro De Valdivia"
1542,departamento,venta,Valdivia,232000000,86 m² útiles,"Aníbal Pinto, Campo Militar De Valdivia, Valdivia"
1543,departamento,venta,Valdivia,160.000.000,84 m² útiles,"O´Higgins N°457., Centro De Valdivia, Valdivia"
1544,departamento,venta,Valdivia,76000000,23 m² útiles,"Avenida Circunvalación Sur 4883, Valdivia, Chile, Sur De Valdivia, Valdivia"
1545,departamento,venta,Valdivia,132000000,40 m² útiles,"Avenida Arturo Prat 1733, Valdivia, Chile, Valdivia"
1546,departamento,venta,Valdivia,90.000.000,35 m² útiles,"Rocura, Las Animas, Valdivia"
1547,departamento,venta,Valdivia,319600000,138 m² útiles,"Isla Teja, Isla Teja, Valdivia"
1548,departamento,venta,Valdivia,236000000,65 m² útiles,Valdivia
1549,departamento,venta,Valdivia,90000000,35 m² útiles,"Valdivia, Las Animas"
1550,departamento,venta,Valdivia,92.000.000,56 m² útiles,"San Luis, Sur De Valdivia, Valdivia"
1551,departamento,venta,Valdivia,184000000,61 m² útiles,"Condominio Teja Sur - Los Arrayanes 390, Valdivia, Isla Teja, Valdivia"
1552,departamento,venta,Valdivia,208000000,49 m² útiles,Valdivia
1553,departamento,venta,Valdivia,207960000,81 m² útiles,"Av. Balmaceda, Valdivia"
1554,departamento,venta,Valdivia,188000000,63 m² útiles,"Avenida Arturo Prat, Valdivia"
1555,departamento,venta,Valdivia,900.000.000,65 m² útiles,"VILLA ROCURA, Las Animas, Valdivia"
1556,departamento,venta,Valdivia,15440000,56 m² útiles,"CHACABUCO 367, Centro De Valdivia, Valdivia"
1557,departamento,venta,Valdivia,196000000,57 m² útiles,"Av. Arturo Prat 1733, Valdivia, Valdivia"
1558,departamento,venta,Valdivia,160.000.000,104 m² útiles,"Sector Regional, Sur De Valdivia, Valdivia"
1559,departamento,venta,Valdivia,105600000,60 m² útiles,"Rocura 153, Valdivia, Las Animas, Valdivia"
1560,departamento,venta,Valdivia,105.000.000,N/D,"San Luis, Sur De Valdivia, Valdivia"
1561,departamento,venta,Valdivia,140000000,31 m² útiles,"Valdivia, Isla Teja"
1562,departamento,venta,Valdivia,128000000,52 m² útiles,"Jardín Urbano 3, Valdivia, Valdivia"
1563,departamento,venta,Valdivia,198000000,93 m² útiles,"Maipú 125, Valdivia, Centro De Valdivia, Valdivia"
1564,departamento,venta,Valdivia,160000000,36 m² útiles,"Caupolicán 243, Valdivia, Centro De Valdivia, Valdivia"
1565,departamento,venta,Valdivia,128.000.000,51 m² útiles,"Patricio Lynch 940, 5090000 Valdivia, Los Ríos, Chile, Valdivia"
1566,departamento,venta,Valdivia,159600000,40 m² útiles,"Valdivia, Isla Teja"
1567,departamento,venta,Valdivia,235.000.000,140 m² útiles,"Av. Ramón Picarte 986, 5090000 Valdivia, Los Ríos, Chile, Centro De Valdivia, Valdivia"
1568,departamento,venta,Valdivia,116.000.000,37 m² útiles,"ISLA TEJA, Isla Teja, Valdivia"
1569,departamento,venta,Valdivia,92000000,52 m² útiles,"Sta. Teresa, Valdivia, Sur De Valdivia, Valdivia"
1570,departamento,venta,Valdivia,105.000.000,51 m² útiles,"Vicente Carvallo Goyeneche 740, 5112137 Valdivia, Los Ríos, Chile, Las Animas, Valdivia"
1571,departamento,venta,Valdivia,115.000.000,57 m² útiles,"Patricio Lynch 950, Valdivia, Chile, Valdivia"
1572,departamento,venta,Valdivia,115600000,23 m² útiles,"Los Laureles 270, Valdivia, Isla Teja, Valdivia"
1573,departamento,venta,Valdivia,115080000,50 m² útiles,Valdivia
1574,departamento,venta,Valdivia,600000000,352 m² útiles,"Avenida Arturo Prato N°1001., Centro De Valdivia, Valdivia"
1575,departamento,venta,Valdivia,168000000,48 m² útiles,"Valdivia, Isla Teja"
1576,departamento,venta,Valdivia,208000000,68 m² útiles,Valdivia
1577,departamento,venta,Valdivia,259600000,60 m² útiles,"Av. Arturo Prat 711, Valdivia, Los Ríos, Chile, Valdivia"
1578,departamento,venta,Valdivia,440000000,130 m² útiles,"Condominio Riberas Del Cruce, Isla Teja, Isla Teja, Valdivia"
1579,departamento,venta,Valdivia,119200000,53 m² útiles,"LOMAS DEL RIO III, Valdivia"
1580,departamento,venta,Valdivia,256.890.463,65 m² útiles,"EDIFICIO COSTANERA, Valdivia"
1581,departamento,venta,Valdivia,159600000,42 m² útiles,"Valdivia, Isla Teja"
1582,departamento,venta,Valdivia,224000000,32 m² útiles,"Valdivia, Centro De Valdivia"
1583,departamento,venta,Valdivia,236000000,76 m² útiles,"Sur De Valdivia, Valdivia"
1584,departamento,venta,Valdivia,295.000.000,128 m² útiles,"Janequeo 313, Valdivia, Los Ríos, Chile, Centro De Valdivia, Valdivia"
1585,departamento,venta,Valdivia,152800000,55 m² útiles,"Valdivia, Sur De Valdivia"
1586,departamento,venta,Valdivia,224000000,65 m² útiles,"Los Alamos N°1121, Isla Teja, Valdivia"
1587,departamento,venta,Valdivia,160000000,37 m² útiles,Valdivia
1588,departamento,venta,Valdivia,140000000,32 m² útiles,"Valdivia, Centro De Valdivia"
1589,departamento,venta,Valdivia,115880000,43 m² útiles,"Valdivia, Sur De Valdivia"
1590,departamento,venta,Valdivia,400000000,126 m² útiles,"Avenida La Costanera, Arturo Prat N°295., Centro De Valdivia, Valdivia"
1591,departamento,venta,Valdivia,107080000,51 m² útiles,"Vicente Carvallo Goyeneche 740, Valdivia, Los Ríos, Chile, Las Animas, Valdivia"
1592,departamento,venta,Valdivia,89600000,N/D,"Rafael Fontaine, Sur De Valdivia, Valdivia"
1593,departamento,venta,Valdivia,116000000,51 m² útiles,"Vicente Carvallo Goyeneche 740, 5112137 Valdivia, Los Ríos, Chile, Las Animas, Valdivia"
1594,departamento,venta,Valdivia,158000000,38 m² útiles,"Aníbal Pinto, Campo Militar De Valdivia, Valdivia"
1595,departamento,venta,Valdivia,259200000,62 m² útiles,"García Reyes 212, Valdivia, Valdivia"
1596,departamento,venta,Valdivia,156000000,39 m² útiles,"Caupolican N°343, Centro De Valdivia, Valdivia"
1597,departamento,venta,Valdivia,125.000.000,63 m² útiles,"Ecuador 1871, Campo Militar De Valdivia, Valdivia"
1598,departamento,venta,Valdivia,270.000.000,122 m² útiles,"Calle Independencia N°628, Centro De Valdivia, Valdivia"
1599,departamento,venta,Valdivia,235.000.000,69 m² útiles,"Manuel Montt 1053, Villa Del Rey, Valdivia, Sur De Valdivia, Valdivia"
1600,departamento,venta,Valdivia,428000000,139 m² útiles,"Carampangue 330, Valdivia"
1601,departamento,venta,Valdivia,159600000,42 m² útiles,"Condominio Parque Rio Cruces, Valdivia"
1602,departamento,venta,Valdivia,147.000.000,42 m² útiles,"Aníbal Pinto 1747, Valdivia, Campo Militar De Valdivia, Valdivia"
1603,departamento,venta,Valdivia,215600000,65 m² útiles,"Valdivia, Isla Teja"
1604,departamento,venta,Valdivia,350.000.000,120 m² útiles,"Centro De Valdivia, Centro De Valdivia, Valdivia"
1605,departamento,venta,Valdivia,228000000,58 m² útiles,"Isla Teja, Isla Teja, Valdivia"
1606,departamento,venta,Valdivia,316000000,85 m² útiles,"Manuel Montt 1053, 5091717 Valdivia, Los Ríos, Chile, Sur De Valdivia, Valdivia"
1607,departamento,venta,Valdivia,150.000.000,38 m² útiles,"Caupolicán 225, 5110270 Valdivia, Los Ríos, Chile, Centro De Valdivia, Valdivia"
1608,departamento,venta,Valdivia,128000000,31 m² útiles,"Aníbal Pinto 1747, Valdivia, Campo Militar De Valdivia, Valdivia"
1609,departamento,venta,Valdivia,168000000,56 m² útiles,"Valdivia, Sur De Valdivia"
1610,departamento,venta,Valdivia,196000000,84 m² útiles,"Maipú 125, Centro De Valdivia, Valdivia"
1611,departamento,venta,Valdivia,120000000,27 m² útiles,"Caupolicán 243, Valdivia, Centro De Valdivia, Valdivia"
1612,departamento,venta,Valdivia,88000000,42 m² útiles,"Vicente Carvallo Goyeneche 740, 5112137 Valdivia, Los Ríos, Chile, Las Animas, Valdivia"
1613,departamento,venta,Valdivia,175.000.000,70 m² útiles,"Teja Sur, Isla Teja, Valdivia"
1614,departamento,venta,Valdivia,75.000.000,60 m² útiles,"Alberto Blest Gana, Valdivia, Sur De Valdivia, Valdivia"
1615,departamento,venta,Valdivia,219.000.000,65 m² útiles,"Los Raulíes 450, Los Raulies, Valdivia, Isla Teja, Valdivia"
1616,departamento,venta,Valdivia,408000000,120 m² útiles,"Carampangue 236, 5110266 Valdivia, Los Ríos, Chile, Centro De Valdivia, Valdivia"
1617,departamento,venta,Valdivia,272000000,N/D,"SECTOR KRAHMER SN, Sur De Valdivia, Valdivia"
1618,departamento,venta,Valdivia,156000000,32 m² útiles,"Caupolicán 243, Valdivia, Centro De Valdivia, Valdivia"
1619,departamento,venta,Valdivia,260000000,60 m² útiles,"Cost A Pratt 799, 5110423 Valdivia, Los Ríos, Chile, Centro De Valdivia, Valdivia"
1620,departamento,venta,Valdivia,248000000,55 m² útiles,"Carampangue, Valdivia, Centro De Valdivia, Valdivia"
1621,departamento,venta,Valdivia,131960000,40 m² útiles,"Aníbal Pinto 1685, 5110902 Valdivia, Los Ríos, Chile, Campo Militar De Valdivia, Valdivia"
1622,departamento,venta,Valdivia,488000000,125 m² útiles,"Yungay 773, Valdivia, Los Ríos, Chile, Centro De Valdivia, Valdivia"
1623,departamento,venta,Valdivia,360000000,167 m² útiles,"Maipú 125, Valdivia, Centro De Valdivia, Valdivia"
1624,departamento,venta,Valdivia,200000000,63 m² útiles,"Yungay 773, Valdivia, Centro De Valdivia, Valdivia"
1625,departamento,venta,Valdivia,340000000,90 m² útiles,"Lautaro 198, Valdivia, Centro De Valdivia, Valdivia"
1626,departamento,venta,Valdivia,144000000,57 m² útiles,"Carlos Krahmer Richter 2660, Valdivia, Sur De Valdivia, Valdivia"
1627,departamento,venta,Valdivia,232000000,55 m² útiles,"Los Alamos 1121, Valdivia, Isla Teja, Valdivia"
1628,departamento,venta,Valdivia,350.000.000,140 m² útiles,"Av. Alemania 220, Valdivia, Centro De Valdivia, Valdivia"
1629,departamento,venta,Valdivia,112440000,27 m² útiles,"Caupolicán 243, Valdivia, Centro De Valdivia, Valdivia"
1630,departamento,venta,Valdivia,188000000,80 m² útiles,"San Carlos 104, Valdivia, Centro De Valdivia, Valdivia"
1631,departamento,venta,Valdivia,90000000,35 m² útiles,"Rocura 153, Valdivia, Las Animas, Valdivia"
1632,departamento,venta,Valdivia,164000000,41 m² útiles,"Los Alamos 1121, Valdivia, Isla Teja, Valdivia"
1633,departamento,venta,Valdivia,208000000,76 m² útiles,"Av. Los Robles 1100, Valdivia, Isla Teja, Valdivia"
1634,departamento,venta,Valdivia,125.000.000,N/D,"ERRAZURIZ SN, Sur De Valdivia, Valdivia"
1635,departamento,venta,Valdivia,85.000.000,59 m² útiles,"Bulnes 1975, 5090082 Valdivia, Los Ríos, Chile, Campo Militar De Valdivia, Valdivia"
1636,departamento,venta,Valdivia,113.000.000,67 m² útiles,"Vicente Carvallo Goyeneche 740, Valdivia, Las Animas, Valdivia"
1637,departamento,venta,Valdivia,141200000,66 m² útiles,"Patricio Lynch 930, Valdivia, Valdivia"
1638,departamento,venta,Valdivia,156000000,36 m² útiles,"Caupolicán 243, Valdivia, Centro De Valdivia, Valdivia"
1639,departamento,venta,Valdivia,119.000.000,N/D,"BRISAS DE LA RIBERA SN, Las Animas, Valdivia"
1640,departamento,venta,Valdivia,232000000,69 m² útiles,"Los Alamos 1121, Valdivia, Isla Teja, Valdivia"
1641,departamento,venta,Valdivia,164000000,64 m² útiles,"Errázuriz 3411, Valdivia, Sur De Valdivia, Valdivia"
1642,departamento,venta,Valdivia,132000000,37 m² útiles,"Av. Arturo Prat 1733, Valdivia, Valdivia"
1643,departamento,venta,Valdivia,136000000,36 m² útiles,"Caupolicán 243, Valdivia, Centro De Valdivia, Valdivia"
1644,departamento,venta,Valdivia,156000000,49 m² útiles,"Av Circunvalación, Valdivia, Sur De Valdivia, Valdivia"
1645,departamento,venta,Valdivia,156000000,30 m² útiles,"Los Avellanos 328, 5110258 Valdivia, Los Ríos, Chile, Isla Teja, Valdivia"
1646,departamento,venta,Valdivia,140.000.000,38 m² útiles,"Caupolican, Centro De Valdivia, Valdivia"
1647,departamento,venta,Valdivia,160000000,30 m² útiles,"Edificio Plaza Fluvial, Centro De Valdivia, Valdivia"
1648,departamento,venta,Valdivia,215.000.000,61 m² útiles,"Av. Los Robles 1210, 5111431 Valdivia, Los Ríos, Chile, Isla Teja, Valdivia"
1649,departamento,venta,Valdivia,194000000,75 m² útiles,"Los Pelues 600 - 900, Valdivia, Los Ríos, Chile, Isla Teja, Valdivia"
1650,departamento,venta,Valdivia,140000000,37 m² útiles,"Las Encinas 220, Valdivia, Los Ríos, Chile, Isla Teja, Valdivia"
1651,departamento,venta,Valdivia,316000000,99 m² útiles,"Isla Teja, Isla Teja, Valdivia"
1652,departamento,venta,Valdivia,132000000,34 m² útiles,"Edificio AP1733, Campo Militar De Valdivia, Valdivia"
1653,departamento,venta,Valdivia,136000000,40 m² útiles,"Av. Arturo Prat 1499, Valdivia, Los Ríos, Chile, Centro De Valdivia, Valdivia"
1654,departamento,venta,Valdivia,257.000.000,60 m² útiles,"García Reyes 219, Valdivia, Los Ríos, Chile, Valdivia"
1655,departamento,venta,Valdivia,160.000.000,56 m² útiles,"Gral Lagos 1681, Valdivia, Campo Militar De Valdivia, Valdivia"
1656,departamento,venta,Valdivia,148240000,38 m² útiles,"Los Laureles 270, Valdivia, Isla Teja, Valdivia"
1657,departamento,venta,Valdivia,143.500.000,33 m² útiles,"Caupolicán 243, Valdivia, Centro De Valdivia, Valdivia"
1658,departamento,venta,Valdivia,88.000.000,39 m² útiles,"Rocura 153, Valdivia, Las Animas, Valdivia"
1659,departamento,venta,Valdivia,588000000,504 m² útiles,"Carlos Hilker 65, Valdivia, Sur De Valdivia, Valdivia"
1660,departamento,venta,Valdivia,112000000,23 m² útiles,"Los Laureles 170, Valdivia, Isla Teja, Valdivia"
1661,departamento,venta,Corral,115.000.000,60 m² útiles,"Isla Del Rey, Valdivia, Chile, Corral"
1662,departamento,venta,Futrono,32000000,140 m² útiles,"Futrono, Lago Ranco"
1663,departamento,venta,Futrono,15120000,60 m² útiles,"Bahía Coique, Futrono, Lago Ranco, Futrono"
1664,departamento,venta,Futrono,120000000,224 m² útiles,"Futrono, Lago Ranco"
1665,departamento,venta,Futrono,120000000,145 m² útiles,"Futrono, Lago Ranco"
1666,departamento,venta,Futrono,40000000,N/D,"Futrono, Lago Ranco"
1667,departamento,venta,Futrono,112000000,124 m² útiles,"Futrono, Lago Ranco"
1668,departamento,venta,Futrono,100000000,123 m² útiles,"Bahia Coique, Lago Ranco, Futrono"
1669,departamento,venta,Futrono,15120000,70 m² útiles,", Futrono, Futrono, Lago Ranco, Futrono"
1670,departamento,venta,Río Bueno,221600000,140 m² útiles,"Comercio, Río Bueno"
