id,tipo,modalidad,comuna,precio,m2_utiles,ubicacion,dormitorios_estimados,personas_hogar,indice_hacinamiento,f_A,clasificacion,precio_m2
1,casa,arriendo,Valdivia,1100000.0,200.0,"Hernando De Rivera 300 - 600, Valdivia, Sur De Valdivia, Valdivia",10,2.9,0.29,1,Sin hacinamiento,5500.0
2,casa,arriendo,Valdivia,640000.0,73.0,"6W62+5H, Valdivia, Valdivia",3,2.9,0.97,1,Sin hacinamiento,8767.123287671233
3,casa,arriendo,Valdivia,3000000.0,300.0,"Carampangue, Valdivia, Centro De Valdivia, Valdivia",15,2.9,0.19,1,Sin hacinamiento,10000.0
4,casa,arriendo,Valdivia,1350000.0,172.0,"Nebuco 1 - 300, Valdivia, Sur De Valdivia, Valdivia",8,2.9,0.36,1,Sin hacinamiento,7848.837209302325
5,casa,arriendo,Valdivia,2000000.0,170.0,"O'Higgins 234, Valdivia, Centro De Valdivia, Valdivia",8,2.9,0.36,1,Sin hacinamiento,11764.70588235294
6,casa,arriendo,Valdivia,850000.0,114.0,"6W62+5H, Valdivia, Valdivia",5,2.9,0.58,1,Sin hacinamiento,7456.140350877193
7,casa,arriendo,Valdivia,1750000.0,240.0,"Chabelita, Valdivia, Valdivia",12,2.9,0.24,1,Sin hacinamiento,7291.666666666667
8,casa,arriendo,Valdivia,350000.0,65.0,"Chabelita, Valdivia, Valdivia",3,2.9,0.97,1,Sin hacinamiento,5384.615384615385
9,casa,arriendo,Valdivia,1400000.0,260.0,"Frente A Clinica Alemana, Centro De Valdivia, Valdivia",13,2.9,0.22,1,Sin hacinamiento,5384.615384615385
10,casa,arriendo,Valdivia,800000.0,220.0,"Punucapa Alto, Valdivia",11,2.9,0.26,1,Sin hacinamiento,3636.3636363636365
11,casa,arriendo,Valdivia,550000.0,40.0,"Lourdes, Valdivia, Las Animas, Valdivia",2,2.9,1.45,1,Sin hacinamiento,13750.0
12,casa,arriendo,Valdivia,450000.0,60.0,"Lourdes, Valdivia, Las Animas, Valdivia",3,2.9,0.97,1,Sin hacinamiento,7500.0
13,casa,arriendo,Valdivia,3200000.0,205.0,"Los Helechos, 570, Isla Teja, Valdivia",10,2.9,0.29,1,Sin hacinamiento,15609.756097560976
14,casa,arriendo,Valdivia,500000.0,70.0,"Reserva De Calfuco, Valdivia",3,2.9,0.97,1,Sin hacinamiento,7142.857142857143
15,casa,arriendo,Valdivia,1700000.0,140.0,"Lemoniz, 25, Torobayo, Valdivia",7,2.9,0.41,1,Sin hacinamiento,12142.857142857143
16,casa,arriendo,Valdivia,1500000.0,185.0,"Carpe Diem, Valdivia, Chile, Torobayo, Valdivia",9,2.9,0.32,1,Sin hacinamiento,8108.108108108108
17,casa,arriendo,Valdivia,2800000.0,225.0,"Carlos Anwandter 1 - 300, Centro De Valdivia, Valdivia",11,2.9,0.26,1,Sin hacinamiento,12444.444444444445
19,casa,arriendo,Valdivia,600000.0,55.0,"Rudloff 1 - 300, Sur De Valdivia, Valdivia",2,2.9,1.45,1,Sin hacinamiento,10909.09090909091
20,casa,arriendo,Valdivia,1480000.0,346.0,"Valdivia, Campo Militar De Valdivia",17,2.9,0.17,1,Sin hacinamiento,4277.456647398844
21,casa,arriendo,Valdivia,3600000.0,230.0,"Los Robles , 071, Isla Teja, Valdivia",11,2.9,0.26,1,Sin hacinamiento,15652.173913043478
22,casa,arriendo,Valdivia,3600000.0,203.0,"Valdivia, Isla Teja",10,2.9,0.29,1,Sin hacinamiento,17733.99014778325
23,casa,arriendo,Valdivia,1800000.0,110.0,"Cabo Blanco, Valdivia",5,2.9,0.58,1,Sin hacinamiento,16363.636363636364
24,casa,arriendo,Valdivia,1200000.0,130.0,"Picarte N°4027, Valdivia",6,2.9,0.48,1,Sin hacinamiento,9230.76923076923
25,casa,arriendo,Valdivia,1200000.0,150.0,"COMPLEJO DEPORTIVO ANFA, Valdivia",7,2.9,0.41,1,Sin hacinamiento,8000.0
26,casa,arriendo,Valdivia,1200000.0,236.0,"Pichoy, Valdivia, Valdivia",11,2.9,0.26,1,Sin hacinamiento,5084.745762711865
27,casa,arriendo,Valdivia,1500000.0,270.0,"Camino A Calfuco, Valdivia",13,2.9,0.22,1,Sin hacinamiento,5555.555555555556
28,casa,arriendo,Valdivia,10000000.0,630.0,"Barrio Residencial, Isla Teja, Valdivia",31,2.9,0.09,1,Sin hacinamiento,15873.015873015873
29,casa,arriendo,Valdivia,3800000.0,150.0,"Aníbal Pinto, Campo Militar De Valdivia, Valdivia",7,2.9,0.41,1,Sin hacinamiento,25333.333333333332
30,casa,arriendo,Valdivia,950000.0,150.0,"Cabo Blanco, S/n, Valdivia",7,2.9,0.41,1,Sin hacinamiento,6333.333333333333
31,casa,arriendo,Valdivia,600000.0,64.0,"Conde De Castellar, 221, Niebla, Valdivia",3,2.9,0.97,1,Sin hacinamiento,9375.0
32,casa,arriendo,Valdivia,530000.0,60.0,"Las Gaviotas, Centro De Valdivia, Valdivia",3,2.9,0.97,1,Sin hacinamiento,8833.333333333334
33,casa,arriendo,Valdivia,1200000.0,140.0,"Italia 1770, 5090241 Valdivia, Los Ríos, Chile, Sur De Valdivia, Valdivia",7,2.9,0.41,1,Sin hacinamiento,8571.42857142857
34,casa,arriendo,Valdivia,690000.0,80.0,"Punucapa, Valdivia, Valdivia",4,2.9,0.72,1,Sin hacinamiento,8625.0
35,casa,arriendo,Valdivia,550000.0,45.0,"Potreros ´punucapa, Sn, Valdivia",2,2.9,1.45,1,Sin hacinamiento,12222.222222222223
36,casa,arriendo,Valdivia,4200000.0,300.0,"Valdivia, Centro De Valdivia",15,2.9,0.19,1,Sin hacinamiento,14000.0
37,casa,arriendo,Valdivia,2300000.0,220.0,"Torobayo, Valdivia",11,2.9,0.26,1,Sin hacinamiento,10454.545454545454
38,casa,arriendo,Valdivia,800000.0,130.0,"Niebla, Niebla, Valdivia",6,2.9,0.48,1,Sin hacinamiento,6153.846153846154
39,casa,arriendo,Valdivia,1240000.0,103.0,"Valdivia, Torobayo",5,2.9,0.58,1,Sin hacinamiento,12038.83495145631
40,casa,arriendo,Valdivia,500000.0,30.0,"SECTOR SANTO DOMINGO, Valdivia",1,2.9,2.9,2,Hacinamiento medio,16666.666666666668
41,casa,arriendo,Valdivia,650000.0,70.0,"Pasaje Ostolaza 111, Valdivia, Chile, Las Animas, Valdivia",3,2.9,0.97,1,Sin hacinamiento,9285.714285714286
42,casa,arriendo,Valdivia,5160000.0,783.0,Valdivia,39,2.9,0.07,1,Sin hacinamiento,6590.038314176245
43,casa,arriendo,Valdivia,1500000.0,220.0,"Av. Torobayo 100, Valdivia, Chile, Torobayo, Valdivia",11,2.9,0.26,1,Sin hacinamiento,6818.181818181818
45,casa,arriendo,Valdivia,550000.0,60.0,"EL ARENAL, LAS ANIMAS, Valdivia",3,2.9,0.97,1,Sin hacinamiento,9166.666666666666
46,casa,arriendo,Valdivia,1700000.0,168.0,"Condominio Los Aromos, Isla Teja, Valdivia",8,2.9,0.36,1,Sin hacinamiento,10119.047619047618
49,casa,arriendo,Valdivia,420000.0,36.0,"BAQUENADO ESQUINA ERRAZURIZ, Campo Militar De Valdivia, Valdivia",1,2.9,2.9,2,Hacinamiento medio,11666.666666666666
50,casa,arriendo,Valdivia,1800000.0,240.0,"Valdivia, Campo Militar De Valdivia",12,2.9,0.24,1,Sin hacinamiento,7500.0
51,casa,arriendo,Valdivia,530000.0,60.0,"DEPARTAMENTO AV. CIRCUNVALACIÓN, Sur De Valdivia, Valdivia",3,2.9,0.97,1,Sin hacinamiento,8833.333333333334
52,casa,arriendo,Valdivia,400000.0,35.0,"Fundo El Colmenar, 1 - 300, Valdivia",1,2.9,2.9,2,Hacinamiento medio,11428.57142857143
53,casa,arriendo,Valdivia,4840000.0,190.0,"Sector Regional, Campo Militar De Valdivia, Valdivia",9,2.9,0.32,1,Sin hacinamiento,25473.684210526317
54,casa,arriendo,Valdivia,750000.0,80.0,"Elena Uno, 211, Sur De Valdivia, Valdivia",4,2.9,0.72,1,Sin hacinamiento,9375.0
55,casa,arriendo,Valdivia,1100000.0,140.0,"Rucahue, Campo Militar De Valdivia, Valdivia",7,2.9,0.41,1,Sin hacinamiento,7857.142857142857
56,casa,arriendo,Valdivia,640000.0,45.0,"Valdivia, Niebla",2,2.9,1.45,1,Sin hacinamiento,14222.222222222223
57,casa,arriendo,Valdivia,1200000.0,148.0,"Avenida Simpson, 979, Sur De Valdivia, Valdivia",7,2.9,0.41,1,Sin hacinamiento,8108.108108108108
58,casa,arriendo,Valdivia,890000.0,126.0,"Aníbal Pinto 1 - 300, Campo Militar De Valdivia, Valdivia",6,2.9,0.48,1,Sin hacinamiento,7063.492063492064
59,casa,arriendo,Valdivia,700000.0,124.0,"Niebla, Niebla, Valdivia",6,2.9,0.48,1,Sin hacinamiento,5645.1612903225805
60,casa,arriendo,Valdivia,1200000.0,109.0,"Valdivia, Sur De Valdivia",5,2.9,0.58,1,Sin hacinamiento,11009.174311926605
61,casa,arriendo,Valdivia,345000.0,40.0,"Av. Siete 1000, Valdivia, Chile, Torobayo, Valdivia",2,2.9,1.45,1,Sin hacinamiento,8625.0
62,casa,arriendo,Valdivia,450000.0,59.0,"Curiñanco, Valdivia, Chile, Valdivia",2,2.9,1.45,1,Sin hacinamiento,7627.118644067797
63,casa,arriendo,Valdivia,500000.0,45.0,"Playa Chica NIEBLA, Niebla, Valdivia",2,2.9,1.45,1,Sin hacinamiento,11111.111111111111
64,casa,arriendo,Valdivia,980000.0,85.0,"Camino El Arenal, Valdivia, Chile, Valdivia",4,2.9,0.72,1,Sin hacinamiento,11529.411764705883
65,casa,arriendo,Valdivia,10000000.0,622.0,Valdivia,31,2.9,0.09,1,Sin hacinamiento,16077.170418006432
66,casa,arriendo,Valdivia,950000.0,127.0,"Los Pelues 885, Valdivia, Chile, Isla Teja, Valdivia",6,2.9,0.48,1,Sin hacinamiento,7480.314960629921
67,casa,arriendo,Valdivia,1650000.0,136.0,"Silos De Torobayo, Valdivia, Torobayo, Valdivia",6,2.9,0.48,1,Sin hacinamiento,12132.35294117647
68,casa,arriendo,Valdivia,1500000.0,122.0,"Camilo Henríquez 1 - 300, Centro De Valdivia, Valdivia",6,2.9,0.48,1,Sin hacinamiento,12295.081967213115
69,casa,arriendo,Valdivia,830000.0,1.0,"SALIDA SUR VALDIVIA, Valdivia",1,2.9,2.9,2,Hacinamiento medio,830000.0
70,casa,arriendo,Valdivia,450000.0,60.0,"Avenida Pedro Aguirre Cerda 1321, Valdivia, Chile, Las Animas, Valdivia",3,2.9,0.97,1,Sin hacinamiento,7500.0
71,casa,arriendo,Valdivia,1200000.0,103.0,"Avenida Torobayo, Valdivia, Torobayo, Valdivia",5,2.9,0.58,1,Sin hacinamiento,11650.485436893205
72,casa,arriendo,Valdivia,1000000.0,140.0,"Sector Regional, Sur De Valdivia, Valdivia",7,2.9,0.41,1,Sin hacinamiento,7142.857142857143
73,casa,arriendo,Valdivia,850000.0,95.0,"Carlos Krahmer Richter, 2460, Sur De Valdivia, Valdivia",4,2.9,0.72,1,Sin hacinamiento,8947.368421052632
74,casa,arriendo,Valdivia,350000.0,30.0,"VILLA PORTAL DEL SOL, Sur De Valdivia, Valdivia",1,2.9,2.9,2,Hacinamiento medio,11666.666666666666
75,casa,arriendo,Valdivia,1000000.0,220.0,"Italia 2220, Valdivia, Sur De Valdivia, Valdivia",11,2.9,0.26,1,Sin hacinamiento,4545.454545454545
76,casa,arriendo,Valdivia,750000.0,160.0,"4MX3+MP Valdivia, Chile, Valdivia",8,2.9,0.36,1,Sin hacinamiento,4687.5
77,casa,arriendo,Valdivia,1100000.0,115.0,"Carelmapu 2031, Valdivia, Sur De Valdivia, Valdivia",5,2.9,0.58,1,Sin hacinamiento,9565.217391304348
78,casa,arriendo,Valdivia,400000.0,64.0,"Chancoyan Alto, Valdivia",3,2.9,0.97,1,Sin hacinamiento,6250.0
79,casa,arriendo,Valdivia,550000.0,70.0,"Pasaje Lautaro 1 - 300, Valdivia",3,2.9,0.97,1,Sin hacinamiento,7857.142857142857
80,casa,arriendo,Valdivia,300000.0,45.0,"Av. Circunvalación Sur 2656, Valdivia, Sur De Valdivia, Valdivia",2,2.9,1.45,1,Sin hacinamiento,6666.666666666667
81,casa,arriendo,Valdivia,1550000.0,136.0,"Los Ciruelos 44, Valdivia, Chile, Isla Teja, Valdivia",6,2.9,0.48,1,Sin hacinamiento,11397.058823529413
82,casa,arriendo,Valdivia,800000.0,80.0,"Isla Guacamayo 2271, Valdivia, Chile, Sur De Valdivia, Valdivia",4,2.9,0.72,1,Sin hacinamiento,10000.0
83,casa,arriendo,Valdivia,900000.0,120.0,"Guillermo Lunecke Gatica 1156, 5090232 Valdivia, Los Ríos, Chile, Sur De Valdivia, Valdivia",6,2.9,0.48,1,Sin hacinamiento,7500.0
84,casa,arriendo,Valdivia,580000.0,65.0,"RÍO LOA, Sur De Valdivia, Valdivia",3,2.9,0.97,1,Sin hacinamiento,8923.076923076924
85,casa,arriendo,Valdivia,600000.0,65.0,"Pasaje Líbano 445, Valdivia, Chile, Sur De Valdivia, Valdivia",3,2.9,0.97,1,Sin hacinamiento,9230.76923076923
86,casa,arriendo,Valdivia,1200000.0,131.0,"Los Coigües 300 - 600, Valdivia, Isla Teja, Valdivia",6,2.9,0.48,1,Sin hacinamiento,9160.30534351145
87,casa,arriendo,Valdivia,800000.0,210.0,"Sta. María 733, 5110855 Valdivia, Los Ríos, Chile, Campo Militar De Valdivia, Valdivia",10,2.9,0.29,1,Sin hacinamiento,3809.5238095238096
88,casa,arriendo,Valdivia,1800000.0,220.0,"General Lagos, Campo Militar De Valdivia, Valdivia",11,2.9,0.26,1,Sin hacinamiento,8181.818181818182
89,casa,arriendo,Valdivia,950000.0,159.0,"Valle Cordillera 439, Valdivia, Sur De Valdivia, Valdivia",7,2.9,0.41,1,Sin hacinamiento,5974.842767295598
90,casa,arriendo,Valdivia,400000.0,70.0,"5J5G+JW Valdivia, Chile, Valdivia",3,2.9,0.97,1,Sin hacinamiento,5714.285714285715
91,casa,arriendo,Valdivia,650000.0,180.0,"6PG4+5F Valdivia, Chile, Valdivia",9,2.9,0.32,1,Sin hacinamiento,3611.1111111111113
92,casa,arriendo,Valdivia,550000.0,75.0,"Av. Circunvalación Nueva Región 1345, Valdivia, Sur De Valdivia, Valdivia",3,2.9,0.97,1,Sin hacinamiento,7333.333333333333
93,casa,arriendo,Valdivia,2300000.0,220.0,"Rio Calle Calle 1 - 300, Valdivia, Los Ríos, Chile, Torobayo, Valdivia",11,2.9,0.26,1,Sin hacinamiento,10454.545454545454
94,casa,arriendo,Valdivia,1500000.0,340.0,"Loteo Los Hualles, Valdivia",17,2.9,0.17,1,Sin hacinamiento,4411.764705882353
95,casa,arriendo,Valdivia,1300000.0,108.0,"Villa Bosque Sur, Sur De Valdivia, Valdivia",5,2.9,0.58,1,Sin hacinamiento,12037.037037037036
96,casa,arriendo,Valdivia,700000.0,70.0,"Riberas Del Calle-Calle, Valdivia",3,2.9,0.97,1,Sin hacinamiento,10000.0
97,casa,arriendo,Valdivia,650000.0,130.0,"T-352, Valdivia, Valdivia",6,2.9,0.48,1,Sin hacinamiento,5000.0
98,casa,arriendo,Valdivia,600000.0,63.0,"Valdivia, Centro De Valdivia",3,2.9,0.97,1,Sin hacinamiento,9523.809523809523
99,casa,arriendo,Valdivia,1400000.0,220.0,"Condominio Los Cisnes, Valdivia, Las Animas, Valdivia",11,2.9,0.26,1,Sin hacinamiento,6363.636363636364
100,casa,arriendo,Valdivia,750000.0,144.0,"7VV7+29 Pichoy, Valdivia, Chile, Valdivia",7,2.9,0.41,1,Sin hacinamiento,5208.333333333333
101,casa,arriendo,Valdivia,500000.0,63.0,"T-352 195, Valdivia, Los Ríos, Chile, Niebla, Valdivia",3,2.9,0.97,1,Sin hacinamiento,7936.507936507936
102,casa,arriendo,Valdivia,520000.0,85.0,"T-352, Valdivia, Los Ríos, Chile, Valdivia",4,2.9,0.72,1,Sin hacinamiento,6117.64705882353
103,casa,arriendo,Valdivia,360000.0,500.0,"P537-Ruta T-350, Valdivia, Los Ríos, Chile, Niebla, Valdivia",25,2.9,0.12,1,Sin hacinamiento,720.0
104,casa,arriendo,Valdivia,440000.0,55.0,"Pje. Lovera 152, Valdivia, Los Ríos, Chile, Valdivia",2,2.9,1.45,1,Sin hacinamiento,8000.0
105,casa,arriendo,Valdivia,830000.0,85.0,"Andalién 531, 5090923 Valdivia, Los Ríos, Chile, Sur De Valdivia, Valdivia",4,2.9,0.72,1,Sin hacinamiento,9764.70588235294
106,casa,arriendo,Valdivia,850000.0,150.0,"Ruta 1 - 300, Valdivia, Valdivia",7,2.9,0.41,1,Sin hacinamiento,5666.666666666667
107,casa,arriendo,Valdivia,800000.0,85.0,"Reina Carlota 170, Angachilla, Valdivia, Los Ríos, Chile, Valdivia",4,2.9,0.72,1,Sin hacinamiento,9411.764705882353
108,casa,arriendo,Lanco,400000.0,140.0,"MALALHUE-LANCO, Lanco",7,3.2,0.46,1,Sin hacinamiento,2857.1428571428573
109,casa,arriendo,Los Lagos,350000.0,80.0,Los Lagos,4,3.2,0.8,1,Sin hacinamiento,4375.0
110,casa,arriendo,Los Lagos,550000.0,100.0,"Osorno, Los Lagos, Los Lagos",5,3.2,0.64,1,Sin hacinamiento,5500.0
111,casa,arriendo,Máfil,380000.0,54.0,"Iñaque, Máfil, Máfil",2,3.1,1.55,1,Sin hacinamiento,7037.037037037037
112,casa,arriendo,Corral,400000.0,72.0,"4GJH+4J Corral, Chile, Corral",3,3.0,1.0,1,Sin hacinamiento,5555.555555555556
113,casa,arriendo,Futrono,400000.0,160.0,"LLIFÉN / RÍO CALCURRUPE / VALOR POR CADA NOCHE, Futrono",8,3.2,0.4,1,Sin hacinamiento,2500.0
114,casa,arriendo,Futrono,350000.0,125.0,"Futrono, Lago Ranco",6,3.2,0.53,1,Sin hacinamiento,2800.0
115,casa,arriendo,Futrono,350000.0,270.0,"Futrono, Lago Ranco",13,3.2,0.25,1,Sin hacinamiento,1296.2962962962963
116,casa,arriendo,Futrono,500000.0,400.0,Futrono,20,3.2,0.16,1,Sin hacinamiento,1250.0
117,casa,arriendo,Futrono,1120000.0,160.0,"Fundo Leona, Futrono, Futrono",8,3.2,0.4,1,Sin hacinamiento,7000.0
118,casa,arriendo,Futrono,350000.0,180.0,"Futrono, Lago Ranco",9,3.2,0.36,1,Sin hacinamiento,1944.4444444444443
119,casa,arriendo,Futrono,750000.0,62.0,"Fundo Leona, Futrono, Futrono",3,3.2,1.07,1,Sin hacinamiento,12096.774193548386
120,casa,arriendo,Futrono,480000.0,300.0,Futrono,15,3.2,0.21,1,Sin hacinamiento,1600.0
121,casa,arriendo,Futrono,300000.0,200.0,"Llifén, Lago Ranco, Futrono",10,3.2,0.32,1,Sin hacinamiento,1500.0
122,casa,arriendo,Futrono,1500000.0,350.0,Futrono,17,3.2,0.19,1,Sin hacinamiento,4285.714285714285
123,casa,arriendo,Futrono,450000.0,120.0,"Futrono, Lago Ranco",6,3.2,0.53,1,Sin hacinamiento,3750.0
124,casa,arriendo,Futrono,490000.0,200.0,Futrono,10,3.2,0.32,1,Sin hacinamiento,2450.0
125,casa,arriendo,Futrono,450000.0,85.0,"Lumaco, Localidad De Futrono, Futrono",4,3.2,0.8,1,Sin hacinamiento,5294.117647058823
126,casa,arriendo,Futrono,1500000.0,250.0,"Cun Cun, Localidad De Futrono, Futrono",12,3.2,0.27,1,Sin hacinamiento,6000.0
127,casa,arriendo,Futrono,350000.0,186.0,Futrono,9,3.2,0.36,1,Sin hacinamiento,1881.720430107527
128,casa,arriendo,Futrono,450000.0,270.0,"Futrono, Localidad De Futrono",13,3.2,0.25,1,Sin hacinamiento,1666.6666666666667
130,casa,arriendo,Futrono,600000.0,290.0,Futrono,14,3.2,0.23,1,Sin hacinamiento,2068.9655172413795
131,casa,arriendo,La Unión,500000.0,95.0,"Q6V5+83 Los Esteros, La Unión, Chile, La Unión",4,3.1,0.78,1,Sin hacinamiento,5263.1578947368425
132,casa,arriendo,Río Bueno,1450000.0,243.0,"Pedro Lagos 317, Rio Bueno, Río Bueno, Río Bueno",12,3.2,0.27,1,Sin hacinamiento,5967.078189300411
133,casa,arriendo,Río Bueno,300000.0,50.0,"AVENIDA LOS LAURELES, RÍO BUENO, Río Bueno",2,3.2,1.6,1,Sin hacinamiento,6000.0
134,casa,arriendo,Río Bueno,900000.0,233.0,"H37X+W7 Trafun, Río Bueno, Chile, Río Bueno",11,3.2,0.29,1,Sin hacinamiento,3862.6609442060085
135,casa,arriendo,Río Bueno,600000.0,70.0,"T-851 - 300 1, Río Bueno",3,3.2,1.07,1,Sin hacinamiento,8571.42857142857
136,casa,arriendo,Panguipulli,350000.0,50.0,"Panguipulli, Lago Panguipulli",2,3.2,1.6,1,Sin hacinamiento,7000.0
137,casa,arriendo,Panguipulli,2000000.0,222.0,"Chile, Lago Panguipulli, Panguipulli",11,3.2,0.29,1,Sin hacinamiento,9009.009009009009
138,casa,arriendo,Panguipulli,400000.0,80.0,"Plaza Bernardo O'Higgins, Panguipulli, Chile, Lago Panguipulli, Panguipulli",4,3.2,0.8,1,Sin hacinamiento,5000.0
139,casa,arriendo,Panguipulli,600000.0,380.0,"Panguipulli, Lago Calafquén",19,3.2,0.17,1,Sin hacinamiento,1578.9473684210527
140,casa,arriendo,Panguipulli,320000.0,273.0,"Panguipulli, Lago Calafquén",13,3.2,0.25,1,Sin hacinamiento,1172.161172161172
141,casa,arriendo,Panguipulli,350000.0,180.0,"Panguipulli, Lago Panguipulli",9,3.2,0.36,1,Sin hacinamiento,1944.4444444444443
142,casa,arriendo,Panguipulli,380000.0,298.0,"Chile, Panguipulli",14,3.2,0.23,1,Sin hacinamiento,1275.1677852348994
143,casa,arriendo,Panguipulli,600000.0,600.0,"Panguipulli, Lago Panguipulli",30,3.2,0.11,1,Sin hacinamiento,1000.0
144,casa,arriendo,Panguipulli,240000.0,26.0,Panguipulli,1,3.2,3.2,2,Hacinamiento medio,9230.76923076923
145,casa,arriendo,Panguipulli,370000.0,160.0,"Panguipulli, Lago Panguipulli",8,3.2,0.4,1,Sin hacinamiento,2312.5
146,casa,arriendo,Panguipulli,490000.0,360.0,"Panguipulli, Lago Panguipulli",18,3.2,0.18,1,Sin hacinamiento,1361.111111111111
147,casa,arriendo,Panguipulli,330000.0,260.0,"Panguipulli, Lago Panguipulli",13,3.2,0.25,1,Sin hacinamiento,1269.2307692307693
148,casa,arriendo,Paillaco,550000.0,120.0,"T-625, Santa Laura, Futrono, Chile, Paillaco",6,3.1,0.52,1,Sin hacinamiento,4583.333333333333
149,casa,venta,Valdivia,660000000.0,155.0,"6QH2+5Q Cabo Blanco, Valdivia, Chile, Valdivia",7,2.9,0.41,1,Sin hacinamiento,4258064.516129033
150,casa,venta,Valdivia,420000000.0,275.0,"Andalién 469, 5090683 Valdivia, Los Ríos, Chile, Sur De Valdivia, Valdivia",13,2.9,0.22,1,Sin hacinamiento,1527272.7272727273
151,casa,venta,Valdivia,354000000.0,155.0,"Valdivia, Chile, Centro De Valdivia, Valdivia",7,2.9,0.41,1,Sin hacinamiento,2283870.9677419355
152,casa,venta,Valdivia,560000000.0,200.0,"Los Helechos 735, 5110171 Valdivia, Los Ríos, Chile, Isla Teja, Valdivia",10,2.9,0.29,1,Sin hacinamiento,2800000.0
154,casa,venta,Valdivia,756000000.0,280.0,"Valdivia, Centro De Valdivia",14,2.9,0.21,1,Sin hacinamiento,2700000.0
155,casa,venta,Valdivia,296000000.0,218.0,"7WH2+MR, Valdivia, Valdivia",10,2.9,0.29,1,Sin hacinamiento,1357798.1651376146
156,casa,venta,Valdivia,759800000.0,350.0,"Cam. De Luna 250, 5110062 Valdivia, Los Ríos, Chile, Isla Teja, Valdivia",17,2.9,0.17,1,Sin hacinamiento,2170857.1428571427
157,casa,venta,Valdivia,532000000.0,280.0,"Torobayo, Torobayo, Valdivia",14,2.9,0.21,1,Sin hacinamiento,1900000.0
158,casa,venta,Valdivia,67500000.0,88.0,"POBLACIÓN SAN PABLO, Sur De Valdivia, Valdivia",4,2.9,0.72,1,Sin hacinamiento,767045.4545454546
159,casa,venta,Valdivia,496000000.0,190.0,"Condominio El Bayo 23, Valdivia, Los Ríos, Chile, Torobayo, Valdivia",9,2.9,0.32,1,Sin hacinamiento,2610526.3157894737
160,casa,venta,Valdivia,343600000.0,165.0,"Rebellín, Valdivia, Valdivia",8,2.9,0.36,1,Sin hacinamiento,2082424.2424242424
162,casa,venta,Valdivia,244000000.0,105.0,"19 De Junio, Valdivia, Las Animas, Valdivia",5,2.9,0.58,1,Sin hacinamiento,2323809.523809524
163,casa,venta,Valdivia,145000000.0,190.0,"Colo Colo, Sur De Valdivia, Valdivia",9,2.9,0.32,1,Sin hacinamiento,763157.8947368421
164,casa,venta,Valdivia,260000000.0,125.0,"Carlos Anwandter, Centro De Valdivia, Valdivia",6,2.9,0.48,1,Sin hacinamiento,2080000.0
165,casa,venta,Valdivia,520000000.0,230.0,"P519 - Ruta - T-350, Valdivia, Los Ríos, Chile, Torobayo, Valdivia",11,2.9,0.26,1,Sin hacinamiento,2260869.565217391
166,casa,venta,Valdivia,290000000.0,160.0,"Santa Ana Cayumapu, Valdivia",8,2.9,0.36,1,Sin hacinamiento,1812500.0
167,casa,venta,Valdivia,400000000.0,5.0,"Av. Balmaceda 8500, Valdivia, Los Ríos, Chile, Valdivia",1,2.9,2.9,2,Hacinamiento medio,80000000.0
168,casa,venta,Valdivia,380000000.0,186.0,"Torobayo, Torobayo, Valdivia",9,2.9,0.32,1,Sin hacinamiento,2043010.752688172
169,casa,venta,Valdivia,315000000.0,150.0,"7VHW+4R Cayumapu, Valdivia, Chile, Valdivia",7,2.9,0.41,1,Sin hacinamiento,2100000.0
170,casa,venta,Valdivia,400000000.0,340.0,"Altos Del Rebellín, Parcela 7, Valdivia",17,2.9,0.17,1,Sin hacinamiento,1176470.5882352942
171,casa,venta,Valdivia,1000000000.0,825.0,"Gral Lagos 1845, Valdivia, Sur De Valdivia, Valdivia",41,2.9,0.07,1,Sin hacinamiento,1212121.2121212122
172,casa,venta,Valdivia,381600000.0,139.0,"Ruta T.350 4800 - 5100 Valdivia, Valdivia",6,2.9,0.48,1,Sin hacinamiento,2745323.7410071944
173,casa,venta,Valdivia,520000000.0,145.0,"Condominio El Bayo, Valdivia, Torobayo, Valdivia",7,2.9,0.41,1,Sin hacinamiento,3586206.896551724
174,casa,venta,Valdivia,1000000000.0,380.0,"Angachilla, Valdivia",19,2.9,0.15,1,Sin hacinamiento,2631578.947368421
175,casa,venta,Valdivia,75000000.0,48.0,"Raul Carabantes_Raul Prado, Sur De Valdivia, Valdivia",2,2.9,1.45,1,Sin hacinamiento,1562500.0
176,casa,venta,Valdivia,446000000.0,100.0,"Italia 2230, Sur De Valdivia, Valdivia",5,2.9,0.58,1,Sin hacinamiento,4460000.0
177,casa,venta,Valdivia,352000000.0,180.0,"Vicente Caballero 255, Niebla, Valdivia, Niebla, Valdivia",9,2.9,0.32,1,Sin hacinamiento,1955555.5555555555
178,casa,venta,Valdivia,150000000.0,130.0,"La Goleta 1742, Valdivia, Las Animas, Valdivia",6,2.9,0.48,1,Sin hacinamiento,1153846.1538461538
179,casa,venta,Valdivia,250000000.0,100.0,"San Martin, Valdivia",5,2.9,0.58,1,Sin hacinamiento,2500000.0
180,casa,venta,Valdivia,120000000.0,91.0,"Piedra Blanca, Valdivia, Valdivia",4,2.9,0.72,1,Sin hacinamiento,1318681.3186813188
182,casa,venta,Valdivia,556000000.0,217.0,"Avda Errázuriz 1586, Campo Militar De Valdivia, Valdivia",10,2.9,0.29,1,Sin hacinamiento,2562211.9815668203
183,casa,venta,Valdivia,150000000.0,80.0,"Collipulli Sur 102, Valdivia, Valdivia",4,2.9,0.72,1,Sin hacinamiento,1875000.0
184,casa,venta,Valdivia,290000000.0,256.0,"Av. Simpson 1492, Villa Del Rey, Valdivia, Sur De Valdivia, Valdivia",12,2.9,0.24,1,Sin hacinamiento,1132812.5
187,casa,venta,Valdivia,1600000000.0,480.0,"Los Castaños 1 - 300, Valdivia, Isla Teja, Valdivia",24,2.9,0.12,1,Sin hacinamiento,3333333.3333333335
188,casa,venta,Valdivia,359600000.0,140.0,"Teja Market, Isla Teja, Valdivia",7,2.9,0.41,1,Sin hacinamiento,2568571.4285714286
189,casa,venta,Valdivia,165000000.0,161.0,"Collico, Valdivia",8,2.9,0.36,1,Sin hacinamiento,1024844.7204968944
190,casa,venta,Valdivia,290000000.0,156.0,"Esquina Estocolmo V Europa, Sur De Valdivia, Valdivia",7,2.9,0.41,1,Sin hacinamiento,1858974.358974359
191,casa,venta,Valdivia,244000000.0,220.0,"Conde De Castellar, Niebla, Valdivia, Niebla, Valdivia",11,2.9,0.26,1,Sin hacinamiento,1109090.9090909092
192,casa,venta,Valdivia,416000000.0,200.0,"Pasaje Doctor Jorge Sabat G., Valdivia",10,2.9,0.29,1,Sin hacinamiento,2080000.0
193,casa,venta,Valdivia,396000000.0,128.0,"Bueras 309, Sur De Valdivia, Valdivia",6,2.9,0.48,1,Sin hacinamiento,3093750.0
194,casa,venta,Valdivia,63000000.0,69.0,"Santa Rebeca/ Santa Adela ( Gimnasio San Pedro )., Sur De Valdivia, Valdivia",3,2.9,0.97,1,Sin hacinamiento,913043.4782608695
195,casa,venta,Valdivia,88000000.0,36.0,"7W77+H7, Valdivia, Valdivia",1,2.9,2.9,2,Hacinamiento medio,2444444.4444444445
196,casa,venta,Valdivia,480000000.0,500.0,"T-301 25, Valdivia, Los Ríos, Chile, Valdivia",25,2.9,0.12,1,Sin hacinamiento,960000.0
197,casa,venta,Valdivia,610000000.0,342.0,"T-302 17, Valdivia, Los Ríos, Chile, Valdivia",17,2.9,0.17,1,Sin hacinamiento,1783625.7309941521
198,casa,venta,Valdivia,960000000.0,345.0,"Pintora Irma Meisner, Valdivia, Isla Teja, Valdivia",17,2.9,0.17,1,Sin hacinamiento,2782608.695652174
199,casa,venta,Valdivia,380000000.0,140.0,"Condominio Los Arrayanes, Isla Teja, Valdivia",7,2.9,0.41,1,Sin hacinamiento,2714285.714285714
200,casa,venta,Valdivia,364000000.0,140.0,"Pintor Ricardo Anwandter, Isla Teja, Isla Teja, Valdivia",7,2.9,0.41,1,Sin hacinamiento,2600000.0
201,casa,venta,Valdivia,230000000.0,150.0,"Las Mulatas 360, Valdivia, Sur De Valdivia, Valdivia",7,2.9,0.41,1,Sin hacinamiento,1533333.3333333333
202,casa,venta,Valdivia,388800000.0,200.0,"Caleta El Piojo, Niebla, Valdivia",10,2.9,0.29,1,Sin hacinamiento,1944000.0
203,casa,venta,Valdivia,130000000.0,110.0,"Parque Torreones, Valdivia",5,2.9,0.58,1,Sin hacinamiento,1181818.1818181819
205,casa,venta,Valdivia,500000000.0,214.0,"Errázuriz N°1948 Valdivia, Campo Militar De Valdivia, Valdivia",10,2.9,0.29,1,Sin hacinamiento,2336448.5981308413
206,casa,venta,Valdivia,320000000.0,140.0,"Los Robles 985, Isla Teja, Valdivia",7,2.9,0.41,1,Sin hacinamiento,2285714.285714286
207,casa,venta,Valdivia,125000000.0,64.0,Valdivia,3,2.9,0.97,1,Sin hacinamiento,1953125.0
208,casa,venta,Valdivia,290000000.0,219.0,"Estacionamiento - Av. Simpson 1502, 5090126 Valdivia, Los Ríos, Chile, Campo Militar De Valdivia, Valdivia",10,2.9,0.29,1,Sin hacinamiento,1324200.9132420092
209,casa,venta,Valdivia,175000000.0,180.0,"Casa Blanca, Valdivia",9,2.9,0.32,1,Sin hacinamiento,972222.2222222222
210,casa,venta,Valdivia,225000000.0,110.0,"Gastón Da Bove Olave 611, Valdivia, Sur De Valdivia, Valdivia",5,2.9,0.58,1,Sin hacinamiento,2045454.5454545454
211,casa,venta,Valdivia,227000000.0,137.0,"C. Gregorio Henríquez Y Santillán 769, Valdivia, Sur De Valdivia, Valdivia",6,2.9,0.48,1,Sin hacinamiento,1656934.306569343
212,casa,venta,Valdivia,130000000.0,75.0,"Brisas De La Ribera, Valdivia, Las Animas, Valdivia",3,2.9,0.97,1,Sin hacinamiento,1733333.3333333333
213,casa,venta,Valdivia,261200000.0,250.0,"Av. España 703, Valdivia, Las Animas, Valdivia",12,2.9,0.24,1,Sin hacinamiento,1044800.0
214,casa,venta,Valdivia,225000000.0,188.0,"Aguas Del Obispo, Valdivia",9,2.9,0.32,1,Sin hacinamiento,1196808.5106382978
215,casa,venta,Valdivia,548000000.0,294.0,"Camino Valdivia A Niebla, Niebla, Valdivia",14,2.9,0.21,1,Sin hacinamiento,1863945.5782312925
216,casa,venta,Valdivia,125000000.0,70.0,"María Isabel Riquelme, Valdivia, Las Animas, Valdivia",3,2.9,0.97,1,Sin hacinamiento,1785714.2857142857
217,casa,venta,Valdivia,480000000.0,146.0,"Isla Teja - Los Robles, Isla Teja, Valdivia",7,2.9,0.41,1,Sin hacinamiento,3287671.2328767125
218,casa,venta,Valdivia,65000000.0,50.0,"San Martín 2760, Valdivia, Sur De Valdivia, Valdivia",2,2.9,1.45,1,Sin hacinamiento,1300000.0
219,casa,venta,Valdivia,158000000.0,118.0,"Sector Tres Espinos, Valdivia",5,2.9,0.58,1,Sin hacinamiento,1338983.0508474577
220,casa,venta,Valdivia,756000000.0,250.0,"5M3Q+57 Valdivia, Chile, Valdivia",12,2.9,0.24,1,Sin hacinamiento,3024000.0
221,casa,venta,Valdivia,130000000.0,200.0,"Errázuriz 2661, Sur De Valdivia, Valdivia",10,2.9,0.29,1,Sin hacinamiento,650000.0
222,casa,venta,Valdivia,226000000.0,137.0,"Bosque Sur, Centro De Valdivia, Valdivia",6,2.9,0.48,1,Sin hacinamiento,1649635.0364963503
223,casa,venta,Valdivia,80000000.0,42.0,"Las Minas, Valdivia",2,2.9,1.45,1,Sin hacinamiento,1904761.9047619049
224,casa,venta,Valdivia,150000000.0,198.0,"Costanera Heroes Navales, S/n, Niebla, Valdivia",9,2.9,0.32,1,Sin hacinamiento,757575.7575757576
225,casa,venta,Valdivia,290000000.0,141.0,"Angel Muñoz, 900 - 1200, Sur De Valdivia, Valdivia",7,2.9,0.41,1,Sin hacinamiento,2056737.5886524823
226,casa,venta,Valdivia,460000000.0,200.0,"Condominio El Bayo, Valdivia, Torobayo, Valdivia",10,2.9,0.29,1,Sin hacinamiento,2300000.0
227,casa,venta,Valdivia,310000000.0,117.0,"Janequeo, 380, Centro De Valdivia, Valdivia",5,2.9,0.58,1,Sin hacinamiento,2649572.6495726495
228,casa,venta,Valdivia,260000000.0,100.0,"Veintidós De Mayo, 1873, Campo Militar De Valdivia, Valdivia",5,2.9,0.58,1,Sin hacinamiento,2600000.0
229,casa,venta,Valdivia,290000000.0,148.0,"Avenida Simpson, 979, Sur De Valdivia, Valdivia",7,2.9,0.41,1,Sin hacinamiento,1959459.4594594594
230,casa,venta,Valdivia,198000000.0,75.0,"Isla Del Rey, 2184, Sur De Valdivia, Valdivia",3,2.9,0.97,1,Sin hacinamiento,2640000.0
231,casa,venta,Valdivia,480000000.0,411.0,"Altos De Quitacalzón, Valdivia",20,2.9,0.14,1,Sin hacinamiento,1167883.211678832
232,casa,venta,Valdivia,150000000.0,180.0,"Valle Hondo 1 - 300, Sur De Valdivia, Valdivia",9,2.9,0.32,1,Sin hacinamiento,833333.3333333334
233,casa,venta,Valdivia,190000000.0,174.0,"Avenida Francia, 1720, Sur De Valdivia, Valdivia",8,2.9,0.36,1,Sin hacinamiento,1091954.0229885057
234,casa,venta,Valdivia,350000000.0,300.0,"Federico Hettich 1 - 300, Campo Militar De Valdivia, Valdivia",15,2.9,0.19,1,Sin hacinamiento,1166666.6666666667
235,casa,venta,Valdivia,88000000.0,110.0,"Avenida Argentina 1 - 300, Sur De Valdivia, Valdivia",5,2.9,0.58,1,Sin hacinamiento,800000.0
236,casa,venta,Valdivia,368000000.0,220.0,"Los Robles , 76, Valdivia",11,2.9,0.26,1,Sin hacinamiento,1672727.2727272727
237,casa,venta,Valdivia,292800000.0,275.0,"Camino A Paillaco, S/n, Valdivia",13,2.9,0.22,1,Sin hacinamiento,1064727.2727272727
238,casa,venta,Valdivia,500000000.0,220.0,"Los Aromos , S/n, Valdivia",11,2.9,0.26,1,Sin hacinamiento,2272727.272727273
239,casa,venta,Valdivia,360000000.0,280.0,"Camino Cuesta De Soto, 2, Valdivia",14,2.9,0.21,1,Sin hacinamiento,1285714.2857142857
240,casa,venta,Valdivia,236000000.0,72.0,"T-302, 300, Valdivia",3,2.9,0.97,1,Sin hacinamiento,3277777.777777778
241,casa,venta,Valdivia,756000000.0,249.0,"T-302, 302, Valdivia",12,2.9,0.24,1,Sin hacinamiento,3036144.578313253
242,casa,venta,Valdivia,600000000.0,230.0,"El Arboreto, Valdivia, Isla Teja, Valdivia",11,2.9,0.26,1,Sin hacinamiento,2608695.652173913
243,casa,venta,Valdivia,680000000.0,180.0,"San Sebastián 152, Valdivia, Torobayo, Valdivia",9,2.9,0.32,1,Sin hacinamiento,3777777.777777778
244,casa,venta,Valdivia,552000000.0,284.0,Valdivia,14,2.9,0.21,1,Sin hacinamiento,1943661.971830986
245,casa,venta,Valdivia,348000000.0,102.0,"Los Silos, 151, Torobayo, Valdivia",5,2.9,0.58,1,Sin hacinamiento,3411764.705882353
246,casa,venta,Valdivia,452000000.0,190.0,"Condominio El Bayo, 12, Torobayo, Valdivia",9,2.9,0.32,1,Sin hacinamiento,2378947.3684210526
247,casa,venta,Valdivia,359600000.0,140.0,"Isla Teja, Isla Teja, Valdivia",7,2.9,0.41,1,Sin hacinamiento,2568571.4285714286
248,casa,venta,Valdivia,230000000.0,200.0,"René Schneider & Avenida Circunvalación Sur, Valdivia, Chile, Sur De Valdivia, Valdivia",10,2.9,0.29,1,Sin hacinamiento,1150000.0
249,casa,venta,Valdivia,740000000.0,392.0,"Pintor Ricardo Anwandter, 200, Isla Teja, Valdivia",19,2.9,0.15,1,Sin hacinamiento,1887755.1020408163
250,casa,venta,Valdivia,260000000.0,155.0,"Luxemburgo 1880, 5090462 Valdivia, Los Ríos, Chile, Sur De Valdivia, Valdivia",7,2.9,0.41,1,Sin hacinamiento,1677419.3548387096
251,casa,venta,Valdivia,230000000.0,160.0,"Intendente Luis Damann Asenjo 1 - 300, Sur De Valdivia, Valdivia",8,2.9,0.36,1,Sin hacinamiento,1437500.0
252,casa,venta,Valdivia,350000000.0,155.0,"Los Robles, Isla Teja, Valdivia",7,2.9,0.41,1,Sin hacinamiento,2258064.5161290322
253,casa,venta,Valdivia,512000000.0,230.0,"Camino Principal 1 - 300, Valdivia",11,2.9,0.26,1,Sin hacinamiento,2226086.9565217393
254,casa,venta,Valdivia,185000000.0,139.0,"Ruta 202 1 - 300, Centro De Valdivia, Valdivia",6,2.9,0.48,1,Sin hacinamiento,1330935.251798561
255,casa,venta,Valdivia,160000000.0,127.0,"Piedra Blanca, Valdivia, Chile, Valdivia",6,2.9,0.48,1,Sin hacinamiento,1259842.5196850393
256,casa,venta,Valdivia,95000000.0,115.0,"Pasaje Uno 1 - 300, Sur De Valdivia, Valdivia",5,2.9,0.58,1,Sin hacinamiento,826086.9565217391
257,casa,venta,Valdivia,98000000.0,60.0,"Arabia Saudita, 137, Sur De Valdivia, Valdivia",3,2.9,0.97,1,Sin hacinamiento,1633333.3333333333
258,casa,venta,Valdivia,150000000.0,120.0,"Isla Guacamayo 1 - 300, Sur De Valdivia, Valdivia",6,2.9,0.48,1,Sin hacinamiento,1250000.0
259,casa,venta,Valdivia,205000000.0,99.0,"Sur De Valdivia, Valdivia",4,2.9,0.72,1,Sin hacinamiento,2070707.0707070706
260,casa,venta,Valdivia,223000000.0,115.0,"Avenida Simpson 1 - 300, Sur De Valdivia, Valdivia",5,2.9,0.58,1,Sin hacinamiento,1939130.4347826086
261,casa,venta,Valdivia,148000000.0,52.0,"El Bergantín 1 - 300, Las Animas, Valdivia",2,2.9,1.45,1,Sin hacinamiento,2846153.846153846
262,casa,venta,Valdivia,1500000000.0,364.0,"Rudloff, Campo Militar De Valdivia, Valdivia",18,2.9,0.16,1,Sin hacinamiento,4120879.1208791207
263,casa,venta,Valdivia,528000000.0,279.0,"Beauchef, 35, Centro De Valdivia, Valdivia",13,2.9,0.22,1,Sin hacinamiento,1892473.1182795698
264,casa,venta,Valdivia,250400000.0,136.0,"Pasaje Tres, 2025, Campo Militar De Valdivia, Valdivia",6,2.9,0.48,1,Sin hacinamiento,1841176.4705882352
265,casa,venta,Valdivia,130000000.0,104.0,"Alonso Villanueva, 3296, Sur De Valdivia, Valdivia",5,2.9,0.58,1,Sin hacinamiento,1250000.0
266,casa,venta,Valdivia,600000000.0,240.0,"Isla Teja, Isla Teja, Valdivia",12,2.9,0.24,1,Sin hacinamiento,2500000.0
267,casa,venta,Valdivia,586000000.0,355.0,"LOS MANZANOS / ISLA TEJA, Isla Teja, Valdivia",17,2.9,0.17,1,Sin hacinamiento,1650704.2253521127
268,casa,venta,Valdivia,135000000.0,81.0,"C. Cuncumen, Valdivia, Valdivia",4,2.9,0.72,1,Sin hacinamiento,1666666.6666666667
269,casa,venta,Valdivia,480000000.0,284.0,"Santa Rita Lote 3, Las Animas, Valdivia",14,2.9,0.21,1,Sin hacinamiento,1690140.8450704226
270,casa,venta,Valdivia,130000000.0,56.0,"Fuerte San Rosendo 1515, Valdivia, Chile, Las Animas, Valdivia",2,2.9,1.45,1,Sin hacinamiento,2321428.5714285714
271,casa,venta,Valdivia,448000000.0,200.0,"Isla Teja, Isla Teja, Valdivia",10,2.9,0.29,1,Sin hacinamiento,2240000.0
272,casa,venta,Valdivia,135600000.0,76.0,"Eugenio Matte 70, Valdivia, Sur De Valdivia, Valdivia",3,2.9,0.97,1,Sin hacinamiento,1784210.5263157894
273,casa,venta,Valdivia,1115360000.0,736.0,Valdivia,36,2.9,0.08,1,Sin hacinamiento,1515434.7826086956
274,casa,venta,Valdivia,510000000.0,250.0,"Valdivia, Campo Militar De Valdivia",12,2.9,0.24,1,Sin hacinamiento,2040000.0
275,casa,venta,Valdivia,381200000.0,133.0,"Calle Nueva 240, Los Encinos Valdivia., Sur De Valdivia, Valdivia",6,2.9,0.48,1,Sin hacinamiento,2866165.4135338347
276,casa,venta,Valdivia,341200000.0,125.0,"Silos De Torobayo 1759, Valdivia, Los Ríos, Chile, Torobayo, Valdivia",6,2.9,0.48,1,Sin hacinamiento,2729600.0
277,casa,venta,Valdivia,359600000.0,137.0,"Isla Teja, Valdivia",6,2.9,0.48,1,Sin hacinamiento,2624817.5182481753
278,casa,venta,Valdivia,380000000.0,160.0,"Los Silos 120, 5112130 Valdivia, Los Ríos, Chile, Torobayo, Valdivia",8,2.9,0.36,1,Sin hacinamiento,2375000.0
279,casa,venta,Valdivia,364000000.0,133.0,"Las Araucarias 355, 5110145 Valdivia, Los Ríos, Chile, Isla Teja, Valdivia",6,2.9,0.48,1,Sin hacinamiento,2736842.1052631577
280,casa,venta,Valdivia,196000000.0,52.0,"Intendente Luis Damann Asenjo 1034, Valdivia, Sur De Valdivia, Valdivia",2,2.9,1.45,1,Sin hacinamiento,3769230.769230769
281,casa,venta,Valdivia,195000000.0,83.0,"C. Gregorio Henríquez Y Santillán, Valdivia, Sur De Valdivia, Valdivia",4,2.9,0.72,1,Sin hacinamiento,2349397.5903614457
282,casa,venta,Valdivia,320000000.0,130.0,"Isla Teja, Valdivia",6,2.9,0.48,1,Sin hacinamiento,2461538.4615384615
283,casa,venta,Valdivia,350000000.0,5.0,"Parcela 1, Quitacalzon, Valdivia, Los Ríos, Chile, Valdivia",1,2.9,2.9,2,Hacinamiento medio,70000000.0
284,casa,venta,Valdivia,446000000.0,190.0,Valdivia,9,2.9,0.32,1,Sin hacinamiento,2347368.4210526315
285,casa,venta,Valdivia,251000000.0,93.0,"Valdivia, Sur De Valdivia",4,2.9,0.72,1,Sin hacinamiento,2698924.7311827955
286,casa,venta,Valdivia,720000000.0,360.0,"Pintor Pablo Burchard 171, Valdivia, Isla Teja, Valdivia",18,2.9,0.16,1,Sin hacinamiento,2000000.0
287,casa,venta,Valdivia,384000000.0,278.0,"Altos De Quitacalzón, Valdivia",13,2.9,0.22,1,Sin hacinamiento,1381294.964028777
288,casa,venta,Valdivia,120000000.0,120.0,"CASA EN PLAYA GRANDE DE NIEBLA, CON INSUPERABLE VISTA AL MAR, Niebla, Valdivia",6,2.9,0.48,1,Sin hacinamiento,1000000.0
289,casa,venta,Valdivia,586000000.0,335.0,"Isla Teja, Valdivia",16,2.9,0.18,1,Sin hacinamiento,1749253.7313432836
290,casa,venta,Valdivia,480000000.0,230.0,"Quitacalzon, Valdivia",11,2.9,0.26,1,Sin hacinamiento,2086956.5217391304
291,casa,venta,Valdivia,740000000.0,392.0,"Valdivia, Isla Teja",19,2.9,0.15,1,Sin hacinamiento,1887755.1020408163
292,casa,venta,Valdivia,500000000.0,160.0,Valdivia,8,2.9,0.36,1,Sin hacinamiento,3125000.0
293,casa,venta,Valdivia,125000000.0,124.0,"Oportunidad, Sector Niebla, Niebla, Valdivia",6,2.9,0.48,1,Sin hacinamiento,1008064.5161290322
294,casa,venta,Valdivia,400000000.0,305.0,"Los Laureles 310, Valdivia, Isla Teja, Valdivia",15,2.9,0.19,1,Sin hacinamiento,1311475.4098360655
295,casa,venta,Valdivia,760000000.0,310.0,"Torobayo, Valdivia",15,2.9,0.19,1,Sin hacinamiento,2451612.9032258065
296,casa,venta,Valdivia,491960000.0,391.0,"Valdivia, Las Animas",19,2.9,0.15,1,Sin hacinamiento,1258209.7186700767
297,casa,venta,Valdivia,316000000.0,139.0,Valdivia,6,2.9,0.48,1,Sin hacinamiento,2273381.294964029
298,casa,venta,Valdivia,460000000.0,160.0,"Condominio El Bayo, Valdivia, Torobayo, Valdivia",8,2.9,0.36,1,Sin hacinamiento,2875000.0
299,casa,venta,Valdivia,119600000.0,134.0,Valdivia,6,2.9,0.48,1,Sin hacinamiento,892537.3134328359
300,casa,venta,Valdivia,888360000.0,500.0,"Condominio Riberas Del Estancilla - T-350, Torobayo, Valdivia",25,2.9,0.12,1,Sin hacinamiento,1776720.0
301,casa,venta,Valdivia,594000000.0,180.0,"6RC6+4C Valdivia, Chile, Valdivia",9,2.9,0.32,1,Sin hacinamiento,3300000.0
302,casa,venta,Valdivia,290000000.0,240.0,"AVDA. CIRCUNVALACIÓN SUR, Sur De Valdivia, Valdivia",12,2.9,0.24,1,Sin hacinamiento,1208333.3333333333
303,casa,venta,Valdivia,600000000.0,300.0,"Justus Schuler 138, Valdivia, Los Ríos, Chile, Isla Teja, Valdivia",15,2.9,0.19,1,Sin hacinamiento,2000000.0
304,casa,venta,Valdivia,512000000.0,231.0,"VALDIVIA, CONDOMINIO MIRAFLORES. AMPLIA CASA, Valdivia",11,2.9,0.26,1,Sin hacinamiento,2216450.2164502162
305,casa,venta,Valdivia,343600000.0,136.0,"El Rebellin, Valdivia",6,2.9,0.48,1,Sin hacinamiento,2526470.588235294
306,casa,venta,Valdivia,492000000.0,200.0,Valdivia,10,2.9,0.29,1,Sin hacinamiento,2460000.0
307,casa,venta,Valdivia,170000000.0,150.0,"Las Animas, Valdivia",7,2.9,0.41,1,Sin hacinamiento,1133333.3333333333
308,casa,venta,Valdivia,180000000.0,78.0,"Avenida Pedro Montt, 400, Sur De Valdivia, Valdivia",3,2.9,0.97,1,Sin hacinamiento,2307692.3076923075
309,casa,venta,Valdivia,319600000.0,140.0,"Camino A Paillao 1 - 300, Valdivia",7,2.9,0.41,1,Sin hacinamiento,2282857.1428571427
310,casa,venta,Valdivia,396000000.0,250.0,"Loncoyen 1 - 300, Valdivia",12,2.9,0.24,1,Sin hacinamiento,1584000.0
311,casa,venta,Valdivia,480000000.0,200.0,"Condominio El Bayo, Valdivia, Torobayo, Valdivia",10,2.9,0.29,1,Sin hacinamiento,2400000.0
312,casa,venta,Valdivia,370000000.0,760.0,"Toribio Medina, 600 - 900, Campo Militar De Valdivia, Valdivia",38,2.9,0.08,1,Sin hacinamiento,486842.1052631579
313,casa,venta,Valdivia,1400000000.0,583.0,"Torobayo, Valdivia",29,2.9,0.1,1,Sin hacinamiento,2401372.2126929676
314,casa,venta,Valdivia,592400000.0,650.0,"Beauchef, 600 - 900, Centro De Valdivia, Valdivia",32,2.9,0.09,1,Sin hacinamiento,911384.6153846154
315,casa,venta,Valdivia,204000000.0,270.0,"Camino Costero, 1 - 300, Valdivia",13,2.9,0.22,1,Sin hacinamiento,755555.5555555555
316,casa,venta,Valdivia,540000000.0,400.0,"Isla Teja, Isla Teja, Valdivia",20,2.9,0.14,1,Sin hacinamiento,1350000.0
317,casa,venta,Valdivia,640000000.0,450.0,"Isla Teja, Valdivia",22,2.9,0.13,1,Sin hacinamiento,1422222.2222222222
318,casa,venta,Valdivia,160000000.0,67.0,"CASA EN VENTA DE 3 DORM. SECTOR LOS FUNDADORES EN VALDIVIA, Sur De Valdivia, Valdivia",3,2.9,0.97,1,Sin hacinamiento,2388059.7014925373
319,casa,venta,Valdivia,135000000.0,90.0,"VILLA GALILEA, Valdivia",4,2.9,0.72,1,Sin hacinamiento,1500000.0
320,casa,venta,Valdivia,65000000.0,92.0,"Angamos 1 - 300, Las Animas, Valdivia",4,2.9,0.72,1,Sin hacinamiento,706521.7391304348
321,casa,venta,Valdivia,352000000.0,137.0,"Valdivia, Isla Teja",6,2.9,0.48,1,Sin hacinamiento,2569343.0656934306
322,casa,venta,Valdivia,320000000.0,256.0,Valdivia,12,2.9,0.24,1,Sin hacinamiento,1250000.0
323,casa,venta,Valdivia,225000000.0,183.0,"Avenida Pedro Montt 1 - 300, Sur De Valdivia, Valdivia",9,2.9,0.32,1,Sin hacinamiento,1229508.1967213114
324,casa,venta,Valdivia,720000000.0,220.0,"Torobayo, Valdivia",11,2.9,0.26,1,Sin hacinamiento,3272727.272727273
325,casa,venta,Valdivia,480000000.0,230.0,Valdivia,11,2.9,0.26,1,Sin hacinamiento,2086956.5217391304
326,casa,venta,Valdivia,600000000.0,330.0,"El MANZANO 1 - 300, Isla Teja, Valdivia",16,2.9,0.18,1,Sin hacinamiento,1818181.8181818181
327,casa,venta,Valdivia,380000000.0,385.0,"Loncoyen 1516, Torobayo, Valdivia",19,2.9,0.15,1,Sin hacinamiento,987012.987012987
328,casa,venta,Valdivia,520000000.0,145.0,"Condominio El Bayo, Valdivia, Torobayo, Valdivia",7,2.9,0.41,1,Sin hacinamiento,3586206.896551724
329,casa,venta,Valdivia,150000000.0,77.0,"4JQV+WF Valdivia, Chile, Valdivia",3,2.9,0.97,1,Sin hacinamiento,1948051.948051948
330,casa,venta,Valdivia,218000000.0,112.0,"Avenida España 1 - 300, Las Animas, Valdivia",5,2.9,0.58,1,Sin hacinamiento,1946428.5714285714
331,casa,venta,Valdivia,280000000.0,270.0,"Camino A Calfuco, Valdivia",13,2.9,0.22,1,Sin hacinamiento,1037037.0370370371
332,casa,venta,Valdivia,181400000.0,67.0,"Juan José De La Carrera 212, 5112181 Valdivia, Los Ríos, Chile, Valdivia",3,2.9,0.97,1,Sin hacinamiento,2707462.686567164
333,casa,venta,Valdivia,1200000000.0,600.0,"Costanera De Valdivia, Valdivia",30,2.9,0.1,1,Sin hacinamiento,2000000.0
334,casa,venta,Valdivia,518400000.0,160.0,"Torobayo, Valdivia",8,2.9,0.36,1,Sin hacinamiento,3240000.0
335,casa,venta,Valdivia,280000000.0,140.0,"Torobayo, Valdivia",7,2.9,0.41,1,Sin hacinamiento,2000000.0
336,casa,venta,Valdivia,512000000.0,500.0,"Altos De Quitacalzón, Valdivia",25,2.9,0.12,1,Sin hacinamiento,1024000.0
337,casa,venta,Valdivia,364000000.0,224.0,"Niebla, Niebla, Valdivia",11,2.9,0.26,1,Sin hacinamiento,1625000.0
338,casa,venta,Valdivia,350000000.0,180.0,"Carlos Anwandter 617, Valdivia, Centro De Valdivia, Valdivia",9,2.9,0.32,1,Sin hacinamiento,1944444.4444444445
339,casa,venta,Valdivia,460000000.0,200.0,"Torobayo, Valdivia",10,2.9,0.29,1,Sin hacinamiento,2300000.0
340,casa,venta,Valdivia,160000000.0,150.0,"Pino Huacho, Valdivia",7,2.9,0.41,1,Sin hacinamiento,1066666.6666666667
341,casa,venta,Valdivia,440000000.0,230.0,"T-352, Valdivia, Los Ríos, Chile, Valdivia",11,2.9,0.26,1,Sin hacinamiento,1913043.4782608696
342,casa,venta,Valdivia,520000000.0,335.0,"Valdivia, Isla Teja",16,2.9,0.18,1,Sin hacinamiento,1552238.8059701493
343,casa,venta,Valdivia,380000000.0,160.0,"Los Silos 120, Valdivia, Torobayo, Valdivia",8,2.9,0.36,1,Sin hacinamiento,2375000.0
344,casa,venta,Valdivia,740000000.0,392.0,"Isla Teja, Valdivia",19,2.9,0.15,1,Sin hacinamiento,1887755.1020408163
345,casa,venta,Valdivia,350000000.0,140.0,"Condominio Fundo La Esperanza, Valdivia",7,2.9,0.41,1,Sin hacinamiento,2500000.0
346,casa,venta,Valdivia,248000000.0,107.0,"Valdivia, Sur De Valdivia",5,2.9,0.58,1,Sin hacinamiento,2317757.0093457946
347,casa,venta,Valdivia,528600000.0,250.0,"Isla Teja, Isla Teja, Valdivia",12,2.9,0.24,1,Sin hacinamiento,2114400.0
348,casa,venta,Valdivia,300000000.0,381.0,"Collico, Valdivia, Chile, Valdivia",19,2.9,0.15,1,Sin hacinamiento,787401.5748031496
349,casa,venta,Valdivia,380000000.0,140.0,"Los Arrayanes 300, Valdivia, Chile, Isla Teja, Valdivia",7,2.9,0.41,1,Sin hacinamiento,2714285.714285714
350,casa,venta,Valdivia,400000000.0,144.0,"Carpe Diem, Valdivia, Chile, Torobayo, Valdivia",7,2.9,0.41,1,Sin hacinamiento,2777777.777777778
351,casa,venta,Valdivia,248000000.0,130.0,"Niebla, Niebla, Valdivia",6,2.9,0.48,1,Sin hacinamiento,1907692.3076923077
352,casa,venta,Valdivia,360000000.0,120.0,"TOROBAYO, VALDIVIA, Torobayo, Valdivia",6,2.9,0.48,1,Sin hacinamiento,3000000.0
353,casa,venta,Valdivia,480000000.0,208.0,"Torobayo, Valdivia, Chile, Valdivia",10,2.9,0.29,1,Sin hacinamiento,2307692.3076923075
354,casa,venta,Valdivia,518000000.0,240.0,"Apart Hotel Mirador De Estancilla, Valdivia, Chile, Valdivia",12,2.9,0.24,1,Sin hacinamiento,2158333.3333333335
355,casa,venta,Valdivia,73000000.0,75.0,"San Pedro Siete 1 - 300, Sur De Valdivia, Valdivia",3,2.9,0.97,1,Sin hacinamiento,973333.3333333334
356,casa,venta,Valdivia,136000000.0,150.0,"VENTA DE CASA EN VALDIVIA USO HABITACIONAL/COMERCIAL, Sur De Valdivia, Valdivia",7,2.9,0.41,1,Sin hacinamiento,906666.6666666666
357,casa,venta,Valdivia,560000000.0,200.0,Valdivia,10,2.9,0.29,1,Sin hacinamiento,2800000.0
358,casa,venta,Valdivia,240000000.0,200.0,"Niebla, Niebla, Valdivia",10,2.9,0.29,1,Sin hacinamiento,1200000.0
359,casa,venta,Valdivia,320000000.0,123.0,"Isla Teja, Isla Teja, Valdivia",6,2.9,0.48,1,Sin hacinamiento,2601626.0162601625
360,casa,venta,Valdivia,568000000.0,180.0,"TORO BAYO. Condomino El Bayo, Valdivia",9,2.9,0.32,1,Sin hacinamiento,3155555.5555555555
361,casa,venta,Valdivia,131040000.0,120.0,"ERRAZURIZ, Sur De Valdivia, Valdivia",6,2.9,0.48,1,Sin hacinamiento,1092000.0
362,casa,venta,Valdivia,269000000.0,242.0,"Chancoyan Bajo, Valdivia, Chile, Valdivia",12,2.9,0.24,1,Sin hacinamiento,1111570.2479338844
363,casa,venta,Valdivia,200000000.0,90.0,"Carelmapu, Sur De Valdivia, Valdivia",4,2.9,0.72,1,Sin hacinamiento,2222222.222222222
364,casa,venta,Valdivia,250000000.0,6.0,"Terminal L2, Valdivia, Los Ríos, Chile, Valdivia",1,2.9,2.9,2,Hacinamiento medio,41666666.666666664
365,casa,venta,Valdivia,288000000.0,130.0,"Niebla, Niebla, Valdivia",6,2.9,0.48,1,Sin hacinamiento,2215384.6153846155
366,casa,venta,Valdivia,400000000.0,90.0,"Centro De Valdivia, Valdivia",4,2.9,0.72,1,Sin hacinamiento,4444444.444444444
367,casa,venta,Valdivia,460000000.0,200.0,"Valdivia, Torobayo",10,2.9,0.29,1,Sin hacinamiento,2300000.0
368,casa,venta,Valdivia,316000000.0,140.0,"Marina Estancilla, Torobayo, Valdivia",7,2.9,0.41,1,Sin hacinamiento,2257142.8571428573
369,casa,venta,Valdivia,285000000.0,229.0,"Parque Krahmer, Sur De Valdivia, Valdivia",11,2.9,0.26,1,Sin hacinamiento,1244541.4847161572
370,casa,venta,Valdivia,215000000.0,200.0,"Chancoyán, Valdivia",10,2.9,0.29,1,Sin hacinamiento,1075000.0
371,casa,venta,Valdivia,348000000.0,101.0,"Torobayo, Valdivia, Chile, Torobayo, Valdivia",5,2.9,0.58,1,Sin hacinamiento,3445544.5544554456
372,casa,venta,Valdivia,170000000.0,75.0,"Avenida Circunvalación Sur 1 - 300, Sur De Valdivia, Valdivia",3,2.9,0.97,1,Sin hacinamiento,2266666.6666666665
373,casa,venta,Valdivia,290000000.0,126.0,"Villa Del Rey, Valdivia, Chile, Sur De Valdivia, Valdivia",6,2.9,0.48,1,Sin hacinamiento,2301587.301587302
374,casa,venta,Valdivia,148000000.0,120.0,"Avenida Pedro Aguirre Cerda, Las Animas, Valdivia",6,2.9,0.48,1,Sin hacinamiento,1233333.3333333333
375,casa,venta,Valdivia,288000000.0,103.0,"Los Silos, 151, Torobayo, Valdivia",5,2.9,0.58,1,Sin hacinamiento,2796116.504854369
376,casa,venta,Valdivia,221400000.0,191.0,"Ernesto Riquelme, Centro De Valdivia, Valdivia",9,2.9,0.32,1,Sin hacinamiento,1159162.3036649216
377,casa,venta,Valdivia,270000000.0,100.0,"Italia 1 - 300, Sur De Valdivia, Valdivia",5,2.9,0.58,1,Sin hacinamiento,2700000.0
378,casa,venta,Valdivia,699600000.0,440.0,"Paillao HJ3 LOTE 7, 0, Centro De Valdivia, Valdivia",22,2.9,0.13,1,Sin hacinamiento,1590000.0
379,casa,venta,Valdivia,276000000.0,124.0,"Niebla, Niebla, Valdivia",6,2.9,0.48,1,Sin hacinamiento,2225806.4516129033
380,casa,venta,Valdivia,265000000.0,182.0,"Las Gaviotas 1 - 300, Valdivia",9,2.9,0.32,1,Sin hacinamiento,1456043.956043956
381,casa,venta,Valdivia,250000000.0,115.0,"El Bosque, Sur De Valdivia, Valdivia",5,2.9,0.58,1,Sin hacinamiento,2173913.0434782607
382,casa,venta,Valdivia,490000000.0,210.0,"Mirador De Estancilla, Valdivia, Chile, Valdivia",10,2.9,0.29,1,Sin hacinamiento,2333333.3333333335
383,casa,venta,Valdivia,420000000.0,350.0,"Sector De Pichihuapi, Valdivia",17,2.9,0.17,1,Sin hacinamiento,1200000.0
384,casa,venta,Valdivia,140000000.0,52.0,"Pasaje Líbano 1 - 300, Sur De Valdivia, Valdivia",2,2.9,1.45,1,Sin hacinamiento,2692307.6923076925
385,casa,venta,Valdivia,260000000.0,130.0,"Avenida Francia 1 - 300, Sur De Valdivia, Valdivia",6,2.9,0.48,1,Sin hacinamiento,2000000.0
386,casa,venta,Valdivia,210000000.0,114.0,"BARRIO EL ESTANQUE, Sur De Valdivia, Valdivia",5,2.9,0.58,1,Sin hacinamiento,1842105.2631578948
387,casa,venta,Valdivia,175000000.0,120.0,"René Schneider 1 - 300, Sur De Valdivia, Valdivia",6,2.9,0.48,1,Sin hacinamiento,1458333.3333333333
388,casa,venta,Valdivia,518000000.0,238.0,"T-350, Torobayo, Valdivia",11,2.9,0.26,1,Sin hacinamiento,2176470.588235294
389,casa,venta,Valdivia,360000000.0,385.0,"VILLA LOS NOTROS, Torobayo, Valdivia",19,2.9,0.15,1,Sin hacinamiento,935064.935064935
390,casa,venta,Valdivia,372000000.0,262.0,"Pichihuape, Valdivia, Valdivia",13,2.9,0.22,1,Sin hacinamiento,1419847.3282442747
391,casa,venta,Valdivia,521920000.0,612.0,"Aníbal Pinto 1076, Valdivia, Centro De Valdivia, Valdivia",30,2.9,0.1,1,Sin hacinamiento,852810.4575163398
392,casa,venta,Valdivia,200000000.0,139.0,"Pasaje Tres, 3155, Sur De Valdivia, Valdivia",6,2.9,0.48,1,Sin hacinamiento,1438848.9208633094
393,casa,venta,Valdivia,150000000.0,63.0,"El Romance 1 - 300, Las Animas, Valdivia",3,2.9,0.97,1,Sin hacinamiento,2380952.380952381
395,casa,venta,Valdivia,300000000.0,5.0,"7WQV+VP Catripulli, Valdivia, Chile, Valdivia",1,2.9,2.9,2,Hacinamiento medio,60000000.0
396,casa,venta,Valdivia,131000000.0,62.0,"MAHUIZA, Sur De Valdivia, Valdivia",3,2.9,0.97,1,Sin hacinamiento,2112903.2258064514
397,casa,venta,Valdivia,424000000.0,253.0,"Paillao, Valdivia",12,2.9,0.24,1,Sin hacinamiento,1675889.3280632412
398,casa,venta,Valdivia,1320000000.0,240.0,"General Lagos, Centro De Valdivia, Valdivia",12,2.9,0.24,1,Sin hacinamiento,5500000.0
399,casa,venta,Valdivia,190000000.0,174.0,"Coronel Santiago Bueras 1 - 300, Sur De Valdivia, Valdivia",8,2.9,0.36,1,Sin hacinamiento,1091954.0229885057
400,casa,venta,Valdivia,356000000.0,120.0,"Los Silos 1 - 300, Torobayo, Valdivia",6,2.9,0.48,1,Sin hacinamiento,2966666.6666666665
401,casa,venta,Valdivia,480000000.0,146.0,"Isla Teja, Valdivia",7,2.9,0.41,1,Sin hacinamiento,3287671.2328767125
402,casa,venta,Valdivia,150800000.0,64.0,"EL ROMANCE, Las Animas, Valdivia",3,2.9,0.97,1,Sin hacinamiento,2356250.0
403,casa,venta,Valdivia,290000000.0,210.0,"Av. Simpson, Valdivia, Sur De Valdivia, Valdivia",10,2.9,0.29,1,Sin hacinamiento,1380952.380952381
405,casa,venta,Valdivia,480000000.0,175.0,"Isla Teja, Isla Teja, Valdivia",8,2.9,0.36,1,Sin hacinamiento,2742857.1428571427
406,casa,venta,Valdivia,960000000.0,600.0,Valdivia,30,2.9,0.1,1,Sin hacinamiento,1600000.0
407,casa,venta,Valdivia,260000000.0,120.0,"Cabo Blanco, Valdivia",6,2.9,0.48,1,Sin hacinamiento,2166666.6666666665
408,casa,venta,Valdivia,135000000.0,111.0,"Avenida Circunvalación Sur 1 - 300, Sur De Valdivia, Valdivia",5,2.9,0.58,1,Sin hacinamiento,1216216.2162162163
409,casa,venta,Valdivia,309320000.0,118.0,"Valdivia, Centro De Valdivia",5,2.9,0.58,1,Sin hacinamiento,2621355.9322033897
410,casa,venta,Valdivia,518000000.0,238.0,"Niebla, Valdivia",11,2.9,0.26,1,Sin hacinamiento,2176470.588235294
411,casa,venta,Valdivia,476000000.0,215.0,"Condominio El Bayo 1 - 300, Torobayo, Valdivia",10,2.9,0.29,1,Sin hacinamiento,2213953.488372093
412,casa,venta,Valdivia,1600000000.0,600.0,"Av. Torobayo, Valdivia, Torobayo, Valdivia",30,2.9,0.1,1,Sin hacinamiento,2666666.6666666665
413,casa,venta,Valdivia,230000000.0,65.0,"Niebla, Niebla, Valdivia",3,2.9,0.97,1,Sin hacinamiento,3538461.5384615385
414,casa,venta,Valdivia,1280000000.0,630.0,"Barrio Residencial, Isla Teja, Valdivia",31,2.9,0.09,1,Sin hacinamiento,2031746.0317460317
415,casa,venta,Valdivia,150000000.0,80.0,"Avenida Circunvalación Nueva Región 1 - 300, Sur De Valdivia, Valdivia",4,2.9,0.72,1,Sin hacinamiento,1875000.0
416,casa,venta,Valdivia,160000000.0,62.0,"VILA PARQUE LOS TORREONES 5, Valdivia",3,2.9,0.97,1,Sin hacinamiento,2580645.1612903224
417,casa,venta,Valdivia,285000000.0,300.0,"VILLA LOS ENCINOS, Valdivia",15,2.9,0.19,1,Sin hacinamiento,950000.0
418,casa,venta,Valdivia,230000000.0,190.0,"Av. Italia, Sur De Valdivia, Valdivia",9,2.9,0.32,1,Sin hacinamiento,1210526.3157894737
419,casa,venta,Valdivia,220000000.0,100.0,"Sector Cayumapu, Valdivia",5,2.9,0.58,1,Sin hacinamiento,2200000.0
421,casa,venta,Valdivia,265000000.0,140.0,"T-351 - 300 2, Valdivia",7,2.9,0.41,1,Sin hacinamiento,1892857.142857143
422,casa,venta,Valdivia,265000000.0,216.0,"Calle Nueva 1 - 300, Sur De Valdivia, Valdivia",10,2.9,0.29,1,Sin hacinamiento,1226851.851851852
423,casa,venta,Valdivia,578000000.0,307.0,"Sector Centro, Centro De Valdivia, Valdivia",15,2.9,0.19,1,Sin hacinamiento,1882736.1563517915
424,casa,venta,Valdivia,446000000.0,110.0,"VILLA EUROPA, Sur De Valdivia, Valdivia",5,2.9,0.58,1,Sin hacinamiento,4054545.4545454546
425,casa,venta,Valdivia,496000000.0,190.0,"Condominio El Bayo 1 - 300, Torobayo, Valdivia",9,2.9,0.32,1,Sin hacinamiento,2610526.3157894737
426,casa,venta,Valdivia,239000000.0,130.0,"Carlos Krahmer Richter 1 - 300, Sur De Valdivia, Valdivia",6,2.9,0.48,1,Sin hacinamiento,1838461.5384615385
427,casa,venta,Valdivia,456000000.0,262.0,"Rudloff 1 - 300, Sur De Valdivia, Valdivia",13,2.9,0.22,1,Sin hacinamiento,1740458.0152671756
428,casa,venta,Valdivia,640000000.0,500.0,"Sector Las Mulatas, Sur De Valdivia, Valdivia",25,2.9,0.12,1,Sin hacinamiento,1280000.0
429,casa,venta,Valdivia,124000000.0,106.0,"MAHUIZA IV, Sur De Valdivia, Valdivia",5,2.9,0.58,1,Sin hacinamiento,1169811.3207547169
430,casa,venta,Valdivia,550000000.0,360.0,"Picarte, Valdivia",18,2.9,0.16,1,Sin hacinamiento,1527777.7777777778
431,casa,venta,Valdivia,140000000.0,140.0,"Valdivia, Chile, Centro De Valdivia, Valdivia",7,2.9,0.41,1,Sin hacinamiento,1000000.0
432,casa,venta,Valdivia,360000000.0,389.0,"Valdivia, Chile, Torobayo, Valdivia",19,2.9,0.15,1,Sin hacinamiento,925449.8714652957
433,casa,venta,Valdivia,446000000.0,100.0,"Sector Regional, Sur De Valdivia, Valdivia",5,2.9,0.58,1,Sin hacinamiento,4460000.0
435,casa,venta,Valdivia,145000000.0,75.0,"Las Chinchillas 1 - 300, Sur De Valdivia, Valdivia",3,2.9,0.97,1,Sin hacinamiento,1933333.3333333333
437,casa,venta,Valdivia,340000000.0,150.0,"Alvaro Covarrubias 1 - 300, Centro De Valdivia, Valdivia",7,2.9,0.41,1,Sin hacinamiento,2266666.6666666665
438,casa,venta,Valdivia,600000000.0,190.0,"Sector Regional, Campo Militar De Valdivia, Valdivia",9,2.9,0.32,1,Sin hacinamiento,3157894.736842105
439,casa,venta,Valdivia,135000000.0,90.0,"Avenida Pedro Castelblanco 1 - 300, Sur De Valdivia, Valdivia",4,2.9,0.72,1,Sin hacinamiento,1500000.0
440,casa,venta,Valdivia,152000000.0,115.0,"Topacio 181, Las Animas, Valdivia",5,2.9,0.58,1,Sin hacinamiento,1321739.1304347827
441,casa,venta,Valdivia,124000000.0,106.0,"Pasaje Las Güiñas 1 - 300, Sur De Valdivia, Valdivia",5,2.9,0.58,1,Sin hacinamiento,1169811.3207547169
442,casa,venta,Valdivia,180000000.0,78.0,"Intendente Luis Damann Asenjo 1 - 300, Sur De Valdivia, Valdivia",3,2.9,0.97,1,Sin hacinamiento,2307692.3076923075
443,casa,venta,Valdivia,340000000.0,150.0,"Álvaro Cobarrubias 1 - 300, Centro De Valdivia, Valdivia",7,2.9,0.41,1,Sin hacinamiento,2266666.6666666665
444,casa,venta,Valdivia,720000000.0,533.0,"Valdivia, Centro De Valdivia",26,2.9,0.11,1,Sin hacinamiento,1350844.277673546
445,casa,venta,Valdivia,359920000.0,140.0,"Los Arrayanes 300, Valdivia, Isla Teja, Valdivia",7,2.9,0.41,1,Sin hacinamiento,2570857.1428571427
446,casa,venta,Valdivia,150000000.0,160.0,"Villa Los Ediles, Sur De Valdivia, Valdivia",8,2.9,0.36,1,Sin hacinamiento,937500.0
447,casa,venta,Valdivia,257000000.0,140.0,"Av. Italia 1 - 300, Sur De Valdivia, Valdivia",7,2.9,0.41,1,Sin hacinamiento,1835714.2857142857
448,casa,venta,Valdivia,120000000.0,120.0,"Errázuriz 1 - 300, Sur De Valdivia, Valdivia",6,2.9,0.48,1,Sin hacinamiento,1000000.0
449,casa,venta,Valdivia,1600000000.0,497.0,"Isla Teja, Valdivia",24,2.9,0.12,1,Sin hacinamiento,3219315.8953722334
450,casa,venta,Valdivia,316000000.0,145.0,"Cayumapu, Valdivia",7,2.9,0.41,1,Sin hacinamiento,2179310.3448275863
451,casa,venta,Valdivia,454000000.0,400.0,"Sector Las Mulatas, Sur De Valdivia, Valdivia",20,2.9,0.14,1,Sin hacinamiento,1135000.0
452,casa,venta,Valdivia,600000000.0,496.0,"Sector Centro, Centro De Valdivia, Valdivia",24,2.9,0.12,1,Sin hacinamiento,1209677.4193548388
453,casa,venta,Valdivia,300000000.0,341.0,Valdivia,17,2.9,0.17,1,Sin hacinamiento,879765.3958944281
454,casa,venta,Valdivia,380000000.0,160.0,"Las Araucarias, 800, Isla Teja, Valdivia",8,2.9,0.36,1,Sin hacinamiento,2375000.0
455,casa,venta,Valdivia,472000000.0,98.0,"Valdivia, Centro De Valdivia",4,2.9,0.72,1,Sin hacinamiento,4816326.530612245
456,casa,venta,Valdivia,140000000.0,49.0,"Intendente Narciso Carvallo 4368, Valdivia, Chile, Sur De Valdivia, Valdivia",2,2.9,1.45,1,Sin hacinamiento,2857142.8571428573
457,casa,venta,Valdivia,287800000.0,222.0,"Valdivia, Centro De Valdivia",11,2.9,0.26,1,Sin hacinamiento,1296396.3963963964
458,casa,venta,Valdivia,317080000.0,108.0,"Las Animas, Valdivia",5,2.9,0.58,1,Sin hacinamiento,2935925.925925926
459,casa,venta,Valdivia,384000000.0,140.0,"Isla Teja, Isla Teja, Valdivia",7,2.9,0.41,1,Sin hacinamiento,2742857.1428571427
460,casa,venta,Valdivia,250000000.0,342.0,"Casablanca, Valdivia, Chile, Valdivia",17,2.9,0.17,1,Sin hacinamiento,730994.1520467836
461,casa,venta,Valdivia,180000000.0,130.0,"Santiago Dervis Ojeda 1 - 300, Sur De Valdivia, Valdivia",6,2.9,0.48,1,Sin hacinamiento,1384615.3846153845
462,casa,venta,Valdivia,288000000.0,405.0,"Austria 1800 - 2100, Valdivia, Sur De Valdivia, Valdivia",20,2.9,0.14,1,Sin hacinamiento,711111.1111111111
463,casa,venta,Valdivia,242400000.0,160.0,Valdivia,8,2.9,0.36,1,Sin hacinamiento,1515000.0
464,casa,venta,Valdivia,281760000.0,169.0,Valdivia,8,2.9,0.36,1,Sin hacinamiento,1667218.9349112427
465,casa,venta,Valdivia,120000000.0,44.0,"Pasaje Tunez, 1 - 300, Sur De Valdivia, Valdivia",2,2.9,1.45,1,Sin hacinamiento,2727272.727272727
466,casa,venta,Valdivia,400000000.0,200.0,"Valdivia, Torobayo",10,2.9,0.29,1,Sin hacinamiento,2000000.0
467,casa,venta,Valdivia,376000000.0,160.0,"Isla Teja, Valdivia",8,2.9,0.36,1,Sin hacinamiento,2350000.0
468,casa,venta,Valdivia,400000000.0,200.0,"Isla Teja, Valdivia",10,2.9,0.29,1,Sin hacinamiento,2000000.0
469,casa,venta,Valdivia,226920000.0,140.0,"Valdivia, Sur De Valdivia",7,2.9,0.41,1,Sin hacinamiento,1620857.142857143
470,casa,venta,Valdivia,359920000.0,140.0,"Los Arrayanes 330, Valdivia, Isla Teja, Valdivia",7,2.9,0.41,1,Sin hacinamiento,2570857.1428571427
471,casa,venta,Valdivia,600000000.0,105.0,"Valdivia, Centro De Valdivia",5,2.9,0.58,1,Sin hacinamiento,5714285.714285715
472,casa,venta,Valdivia,150000000.0,100.0,"Volcán Sollipulli  2000, Sur De Valdivia, Valdivia",5,2.9,0.58,1,Sin hacinamiento,1500000.0
473,casa,venta,Valdivia,150000000.0,178.0,"Francisco Herrera Sotomayor, Niebla, Valdivia, Chile, Niebla, Valdivia",8,2.9,0.36,1,Sin hacinamiento,842696.6292134832
474,casa,venta,Valdivia,70000000.0,100.0,"Sta. Laura 728, Valdivia, Sur De Valdivia, Valdivia",5,2.9,0.58,1,Sin hacinamiento,700000.0
475,casa,venta,Valdivia,1600000000.0,482.0,"Isla Teja, Isla Teja, Valdivia",24,2.9,0.12,1,Sin hacinamiento,3319502.074688797
476,casa,venta,Valdivia,250000000.0,304.0,"Coronel Santiago Bueras 272, Valdivia, Campo Militar De Valdivia, Valdivia",15,2.9,0.19,1,Sin hacinamiento,822368.4210526316
477,casa,venta,Valdivia,230000000.0,126.0,"CASA EN VENTA DE 3 DORM. SECTOR TORNAGALEONES VALDIVIA, Sur De Valdivia, Valdivia",6,2.9,0.48,1,Sin hacinamiento,1825396.8253968253
479,casa,venta,Valdivia,170000000.0,83.0,"Torobayo, Valdivia",4,2.9,0.72,1,Sin hacinamiento,2048192.7710843373
480,casa,venta,Valdivia,131000000.0,70.0,"Maria Graham 1, Valdivia, Chile, Valdivia",3,2.9,0.97,1,Sin hacinamiento,1871428.5714285714
481,casa,venta,Valdivia,220000000.0,240.0,"Isla Guacamayo 1 - 300, Sur De Valdivia, Valdivia",12,2.9,0.24,1,Sin hacinamiento,916666.6666666666
482,casa,venta,Valdivia,720000000.0,187.0,"Isla Teja, Valdivia",9,2.9,0.32,1,Sin hacinamiento,3850267.3796791444
483,casa,venta,Valdivia,210800000.0,115.0,"Valdivia, Sur De Valdivia",5,2.9,0.58,1,Sin hacinamiento,1833043.4782608696
484,casa,venta,Valdivia,452000000.0,220.0,"Torobayo, Valdivia",11,2.9,0.26,1,Sin hacinamiento,2054545.4545454546
485,casa,venta,Valdivia,489760000.0,168.0,Valdivia,8,2.9,0.36,1,Sin hacinamiento,2915238.095238095
486,casa,venta,Valdivia,319600000.0,147.0,"Condominio El Bayo, Valdivia, Torobayo, Valdivia",7,2.9,0.41,1,Sin hacinamiento,2174149.6598639456
487,casa,venta,Valdivia,286000000.0,286.0,"Valdivia, Campo Militar De Valdivia",14,2.9,0.21,1,Sin hacinamiento,1000000.0
488,casa,venta,Valdivia,128000000.0,66.0,"CASA EN VENTA DE 2 DORM. EN VALDIVIA, Las Animas, Valdivia",3,2.9,0.97,1,Sin hacinamiento,1939393.9393939395
489,casa,venta,Valdivia,400000000.0,140.0,"Valdivia, Torobayo",7,2.9,0.41,1,Sin hacinamiento,2857142.8571428573
490,casa,venta,Valdivia,356000000.0,105.0,"Valdivia, Torobayo",5,2.9,0.58,1,Sin hacinamiento,3390476.1904761903
491,casa,venta,Valdivia,432000000.0,140.0,"Lemoniz, 09, Torobayo, Valdivia",7,2.9,0.41,1,Sin hacinamiento,3085714.285714286
492,casa,venta,Valdivia,480000000.0,160.0,"Avenida Torobayo 584, 5111176 Valdivia, Los Ríos, Chile, Torobayo, Valdivia",8,2.9,0.36,1,Sin hacinamiento,3000000.0
493,casa,venta,Valdivia,364000000.0,139.0,"Valdivia, Isla Teja",6,2.9,0.48,1,Sin hacinamiento,2618705.035971223
494,casa,venta,Valdivia,240000000.0,115.0,"Altos De Punucapa, Valdivia",5,2.9,0.58,1,Sin hacinamiento,2086956.5217391304
495,casa,venta,Valdivia,240000000.0,115.0,"5PW4+X4 Valdivia, Chile, Valdivia",5,2.9,0.58,1,Sin hacinamiento,2086956.5217391304
497,casa,venta,Valdivia,95000000.0,131.0,"Andres Bello 1 - 300, Sur De Valdivia, Valdivia",6,2.9,0.48,1,Sin hacinamiento,725190.8396946564
498,casa,venta,Valdivia,150000000.0,54.0,"Isla Guacamayo, Valdivia, Sur De Valdivia, Valdivia",2,2.9,1.45,1,Sin hacinamiento,2777777.777777778
499,casa,venta,Valdivia,220000000.0,126.0,"Campo Militar De Valdivia, Valdivia",6,2.9,0.48,1,Sin hacinamiento,1746031.746031746
500,casa,venta,Valdivia,480000000.0,120.0,"Las Arauacarias N°285 , Isla Teja, Isla Teja, Valdivia",6,2.9,0.48,1,Sin hacinamiento,4000000.0
501,casa,venta,Valdivia,540000000.0,160.0,"Silos De Torobayo 1 - 300, Torobayo, Valdivia",8,2.9,0.36,1,Sin hacinamiento,3375000.0
502,casa,venta,Valdivia,90000000.0,86.0,"SE VENDE PROPIEDAD, Sur De Valdivia, Valdivia",4,2.9,0.72,1,Sin hacinamiento,1046511.6279069767
503,casa,venta,Valdivia,148000000.0,80.0,"VILLA MAHUIZA, Sur De Valdivia, Valdivia",4,2.9,0.72,1,Sin hacinamiento,1850000.0
504,casa,venta,Valdivia,77000000.0,62.0,"San Pedro 1 - 300, Sur De Valdivia, Valdivia",3,2.9,0.97,1,Sin hacinamiento,1241935.4838709678
505,casa,venta,Valdivia,228000000.0,165.0,"BOSQUE SUR, Sur De Valdivia, Valdivia",8,2.9,0.36,1,Sin hacinamiento,1381818.1818181819
506,casa,venta,Valdivia,632000000.0,450.0,"Isla Teja, Isla Teja, Valdivia",22,2.9,0.13,1,Sin hacinamiento,1404444.4444444445
507,casa,venta,Valdivia,93000000.0,66.0,"Hevia, Valdivia, Campo Militar De Valdivia, Valdivia",3,2.9,0.97,1,Sin hacinamiento,1409090.9090909092
508,casa,venta,Valdivia,75000000.0,48.0,"Raúl Carabantes 3000 - 3300, Valdivia, Sur De Valdivia, Valdivia",2,2.9,1.45,1,Sin hacinamiento,1562500.0
509,casa,venta,Valdivia,220000000.0,125.0,"Aníbal Pinto 1 - 300, Campo Militar De Valdivia, Valdivia",6,2.9,0.48,1,Sin hacinamiento,1760000.0
510,casa,venta,Valdivia,180000000.0,152.0,"Francisco Encina, Valdivia, Sur De Valdivia, Valdivia",7,2.9,0.41,1,Sin hacinamiento,1184210.5263157894
511,casa,venta,Valdivia,359920000.0,140.0,"Isla Teja, Valdivia",7,2.9,0.41,1,Sin hacinamiento,2570857.1428571427
512,casa,venta,Valdivia,195000000.0,83.0,"El Bosque, Sur De Valdivia, Valdivia",4,2.9,0.72,1,Sin hacinamiento,2349397.5903614457
513,casa,venta,Valdivia,190000000.0,120.0,"Valdivia, Chile, Campo Militar De Valdivia, Valdivia",6,2.9,0.48,1,Sin hacinamiento,1583333.3333333333
514,casa,venta,Valdivia,516000000.0,250.0,Valdivia,12,2.9,0.24,1,Sin hacinamiento,2064000.0
515,casa,venta,Valdivia,150000000.0,79.0,"Villa Cau Cau, Sur De Valdivia, Valdivia",3,2.9,0.97,1,Sin hacinamiento,1898734.17721519
516,casa,venta,Valdivia,250000000.0,140.0,"Austria 1 - 300, Sur De Valdivia, Valdivia",7,2.9,0.41,1,Sin hacinamiento,1785714.2857142857
517,casa,venta,Valdivia,600000000.0,425.0,"Valdivia, Las Animas",21,2.9,0.14,1,Sin hacinamiento,1411764.705882353
518,casa,venta,Valdivia,119600000.0,140.0,"Pedro Montt N°1786, Campo Militar De Valdivia, Valdivia",7,2.9,0.41,1,Sin hacinamiento,854285.7142857143
519,casa,venta,Valdivia,396000000.0,157.0,"Los Helechos 635, 5110177 Valdivia, Los Ríos, Chile, Isla Teja, Valdivia",7,2.9,0.41,1,Sin hacinamiento,2522292.993630573
520,casa,venta,Valdivia,230000000.0,180.0,"COCHRANE 171, Centro De Valdivia, Valdivia",9,2.9,0.32,1,Sin hacinamiento,1277777.7777777778
521,casa,venta,Valdivia,250000000.0,210.0,"Centro De Valdivia, Centro De Valdivia, Valdivia",10,2.9,0.29,1,Sin hacinamiento,1190476.1904761905
522,casa,venta,Valdivia,400000000.0,300.0,"Sector Costanera, Centro De Valdivia, Valdivia",15,2.9,0.19,1,Sin hacinamiento,1333333.3333333333
523,casa,venta,Valdivia,130000000.0,70.0,"Barrio Alto Mahuiza, Sur De Valdivia, Valdivia",3,2.9,0.97,1,Sin hacinamiento,1857142.857142857
524,casa,venta,Valdivia,95000000.0,41.0,"Pje. Dos 1334, 5090057 Valdivia, Los Ríos, Chile, Campo Militar De Valdivia, Valdivia",2,2.9,1.45,1,Sin hacinamiento,2317073.1707317075
525,casa,venta,Valdivia,364000000.0,100.0,"Las Araucarias #335, Isla Teja., Isla Teja, Valdivia",5,2.9,0.58,1,Sin hacinamiento,3640000.0
526,casa,venta,Valdivia,295000000.0,160.0,"VILLA EUROPA, Sur De Valdivia, Valdivia",8,2.9,0.36,1,Sin hacinamiento,1843750.0
527,casa,venta,Valdivia,420000000.0,178.0,"Valdivia, Isla Teja",8,2.9,0.36,1,Sin hacinamiento,2359550.561797753
528,casa,venta,Valdivia,110000000.0,60.0,"Ruta 206, Valdivia, Chile, Sur De Valdivia, Valdivia",3,2.9,0.97,1,Sin hacinamiento,1833333.3333333333
529,casa,venta,Valdivia,800000000.0,264.0,"Isla Teja, Valdivia",13,2.9,0.22,1,Sin hacinamiento,3030303.0303030303
530,casa,venta,Valdivia,700000000.0,360.0,"Isla Teja, Isla Teja, Valdivia",18,2.9,0.16,1,Sin hacinamiento,1944444.4444444445
531,casa,venta,Valdivia,456000000.0,215.0,"Valdivia, Campo Militar De Valdivia",10,2.9,0.29,1,Sin hacinamiento,2120930.2325581396
532,casa,venta,Valdivia,161000000.0,66.0,Valdivia,3,2.9,0.97,1,Sin hacinamiento,2439393.9393939395
533,casa,venta,Valdivia,133000000.0,114.0,"Seis Pte. 387, Valdivia, Sur De Valdivia, Valdivia",5,2.9,0.58,1,Sin hacinamiento,1166666.6666666667
534,casa,venta,Valdivia,140000000.0,131.0,"Pasaje Oman 650, Valdivia, Chile, Sur De Valdivia, Valdivia",6,2.9,0.48,1,Sin hacinamiento,1068702.290076336
535,casa,venta,Valdivia,370000000.0,140.0,"Valdivia, Isla Teja",7,2.9,0.41,1,Sin hacinamiento,2642857.1428571427
536,casa,venta,Valdivia,188000000.0,139.0,"MARIQUINA, Valdivia",6,2.9,0.48,1,Sin hacinamiento,1352517.9856115107
537,casa,venta,Valdivia,148000000.0,135.0,"Pasaje Elena 4 1 - 300, Sur De Valdivia, Valdivia",6,2.9,0.48,1,Sin hacinamiento,1096296.2962962964
538,casa,venta,Valdivia,136000000.0,70.0,"Aníbal Pinto 913, 5110731 Valdivia, Los Ríos, Chile, Centro De Valdivia, Valdivia",3,2.9,0.97,1,Sin hacinamiento,1942857.142857143
539,casa,venta,Valdivia,248000000.0,225.0,Valdivia,11,2.9,0.26,1,Sin hacinamiento,1102222.2222222222
540,casa,venta,Valdivia,288000000.0,103.0,"Los Silos 151, Valdivia, Chile, Torobayo, Valdivia",5,2.9,0.58,1,Sin hacinamiento,2796116.504854369
541,casa,venta,Valdivia,301480000.0,123.0,"Avenida Los Robles 700, Valdivia, Chile, Isla Teja, Valdivia",6,2.9,0.48,1,Sin hacinamiento,2451056.9105691058
542,casa,venta,Valdivia,150000000.0,68.0,"Altos Del Calle Calle, Valdivia",3,2.9,0.97,1,Sin hacinamiento,2205882.3529411764
543,casa,venta,Valdivia,399200000.0,275.0,"Arica 1 - 300, Valdivia",13,2.9,0.22,1,Sin hacinamiento,1451636.3636363635
544,casa,venta,Valdivia,149000000.0,95.0,"Panitao 370, Valdivia, Sur De Valdivia, Valdivia",4,2.9,0.72,1,Sin hacinamiento,1568421.0526315789
545,casa,venta,Valdivia,147000000.0,96.0,"Pasaje Ostolaza, Las Animas, Valdivia",4,2.9,0.72,1,Sin hacinamiento,1531250.0
546,casa,venta,Valdivia,700000000.0,310.0,"Valdivia, Torobayo",15,2.9,0.19,1,Sin hacinamiento,2258064.5161290322
547,casa,venta,Valdivia,140000000.0,100.0,"P563-Ruta T-350, Valdivia, Chile, Niebla, Valdivia",5,2.9,0.58,1,Sin hacinamiento,1400000.0
548,casa,venta,Valdivia,560000000.0,140.0,Valdivia,7,2.9,0.41,1,Sin hacinamiento,4000000.0
549,casa,venta,Valdivia,181400000.0,90.0,"Laguna San Rafael Nte. 396, Valdivia, Los Ríos, Chile, Valdivia",4,2.9,0.72,1,Sin hacinamiento,2015555.5555555555
550,casa,venta,Valdivia,205000000.0,140.0,"Manuel Montt 1 - 300, Sur De Valdivia, Valdivia",7,2.9,0.41,1,Sin hacinamiento,1464285.7142857143
551,casa,venta,Valdivia,360000000.0,146.0,"Cam. A Paillao 69, Angachilla, Valdivia, Los Ríos, Chile, Valdivia",7,2.9,0.41,1,Sin hacinamiento,2465753.4246575343
552,casa,venta,Valdivia,280000000.0,194.0,"El Romance 540, Valdivia, Los Ríos, Chile, Las Animas, Valdivia",9,2.9,0.32,1,Sin hacinamiento,1443298.969072165
553,casa,venta,Valdivia,75000000.0,60.0,"Oscar Cristi 1 - 300, Sur De Valdivia, Valdivia",3,2.9,0.97,1,Sin hacinamiento,1250000.0
555,casa,venta,Valdivia,161200000.0,68.0,"Luisa Recabarren De Marin, 52, Valdivia",3,2.9,0.97,1,Sin hacinamiento,2370588.2352941176
556,casa,venta,Valdivia,400000000.0,140.0,"C. Lumbrera 1421, Valdivia, Los Ríos, Chile, Torobayo, Valdivia",7,2.9,0.41,1,Sin hacinamiento,2857142.8571428573
557,casa,venta,Valdivia,232000000.0,108.0,"P510-Ruta T-350/Cruce T-340, Valdivia, Los Ríos, Chile, Torobayo, Valdivia",5,2.9,0.58,1,Sin hacinamiento,2148148.1481481483
558,casa,venta,Valdivia,130000000.0,142.0,"Los Traros 1844, Valdivia, Sur De Valdivia, Valdivia",7,2.9,0.41,1,Sin hacinamiento,915492.9577464788
559,casa,venta,Valdivia,130000000.0,420.0,"T-354, Cutipai, Valdivia, Valdivia",21,2.9,0.14,1,Sin hacinamiento,309523.8095238095
560,casa,venta,Valdivia,226800000.0,149.0,"C. Gregorio Henríquez Y Santillán, Valdivia, Sur De Valdivia, Valdivia",7,2.9,0.41,1,Sin hacinamiento,1522147.6510067114
561,casa,venta,Valdivia,173200000.0,75.0,"Valdivia, Sur De Valdivia",3,2.9,0.97,1,Sin hacinamiento,2309333.3333333335
562,casa,venta,Valdivia,140000000.0,160.0,"Valdivia, Centro De Valdivia",8,2.9,0.36,1,Sin hacinamiento,875000.0
563,casa,venta,Valdivia,80000000.0,85.0,"Av. Nueva Región, Valdivia, Sur De Valdivia, Valdivia",4,2.9,0.72,1,Sin hacinamiento,941176.4705882353
564,casa,venta,Valdivia,115000000.0,81.0,"Avenida Ramón Picarte 1 - 300, Sur De Valdivia, Valdivia",4,2.9,0.72,1,Sin hacinamiento,1419753.086419753
565,casa,venta,Valdivia,95000000.0,122.0,"AVENIDA ARGENTINA, Valdivia",6,2.9,0.48,1,Sin hacinamiento,778688.524590164
566,casa,venta,Valdivia,95000000.0,120.0,"LOS EDILES, Sur De Valdivia, Valdivia",6,2.9,0.48,1,Sin hacinamiento,791666.6666666666
567,casa,venta,Valdivia,150000000.0,70.0,"Parque Los Torreones, Las Animas, Valdivia",3,2.9,0.97,1,Sin hacinamiento,2142857.1428571427
568,casa,venta,Valdivia,218000000.0,112.0,"Avenida España 1 - 300, Las Animas, Valdivia",5,2.9,0.58,1,Sin hacinamiento,1946428.5714285714
569,casa,venta,Valdivia,280000000.0,143.0,"Villa Europa, Sur De Valdivia, Valdivia",7,2.9,0.41,1,Sin hacinamiento,1958041.958041958
570,casa,venta,Valdivia,170000000.0,140.0,"Pino Huacho 1, Valdivia, Chile, Niebla, Valdivia",7,2.9,0.41,1,Sin hacinamiento,1214285.7142857143
571,casa,venta,Valdivia,135000000.0,180.0,"NIEBLA, Niebla, Valdivia",9,2.9,0.32,1,Sin hacinamiento,750000.0
572,casa,venta,Valdivia,130000000.0,76.0,"Pje. Francisco Gil 385, Valdivia, Sur De Valdivia, Valdivia",3,2.9,0.97,1,Sin hacinamiento,1710526.3157894737
573,casa,venta,Valdivia,85000000.0,150.0,"Playa Rosada, Valdivia, Valdivia",7,2.9,0.41,1,Sin hacinamiento,566666.6666666666
574,casa,venta,Valdivia,200000000.0,260.0,"Pishuinco, Valdivia",13,2.9,0.22,1,Sin hacinamiento,769230.7692307692
575,casa,venta,Valdivia,164000000.0,121.0,"Av. Pedro Montt 4591, Valdivia, Sur De Valdivia, Valdivia",6,2.9,0.48,1,Sin hacinamiento,1355371.9008264462
576,casa,venta,Valdivia,73000000.0,80.0,"T-35 1 - 300, Valdivia",4,2.9,0.72,1,Sin hacinamiento,912500.0
577,casa,venta,Valdivia,170000000.0,134.0,"Avenida Simpson 1 - 300, Sur De Valdivia, Valdivia",6,2.9,0.48,1,Sin hacinamiento,1268656.7164179105
578,casa,venta,Valdivia,264000000.0,130.0,"Del Castillo 1010, Valdivia, Los Ríos, Chile, Niebla, Valdivia",6,2.9,0.48,1,Sin hacinamiento,2030769.2307692308
579,casa,venta,Valdivia,176000000.0,228.0,"1 CASA PRINCIPAL 2 CABAÑAS 2 ESTACIONAMIENTOS, Centro De Valdivia, Valdivia",11,2.9,0.26,1,Sin hacinamiento,771929.8245614035
580,casa,venta,Valdivia,95000000.0,120.0,"CONJUNTO LOS CONQUISTADORES, Sur De Valdivia, Valdivia",6,2.9,0.48,1,Sin hacinamiento,791666.6666666666
581,casa,venta,Valdivia,150000000.0,85.0,"Volcán Hudson 3505, Valdivia",4,2.9,0.72,1,Sin hacinamiento,1764705.8823529412
582,casa,venta,Valdivia,220000000.0,123.0,"Valdivia, Sur De Valdivia",6,2.9,0.48,1,Sin hacinamiento,1788617.8861788618
583,casa,venta,Valdivia,516000000.0,250.0,"Ruta T-344, Valdivia, Las Animas, Valdivia",12,2.9,0.24,1,Sin hacinamiento,2064000.0
584,casa,venta,Valdivia,115600000.0,106.0,"MAHUIZA, Sur De Valdivia, Valdivia",5,2.9,0.58,1,Sin hacinamiento,1090566.0377358492
585,casa,venta,Valdivia,106000000.0,90.0,"Las Alpacas 1 - 300, Sur De Valdivia, Valdivia",4,2.9,0.72,1,Sin hacinamiento,1177777.7777777778
586,casa,venta,Valdivia,98000000.0,60.0,"Sudán 1 - 300, Sur De Valdivia, Valdivia",3,2.9,0.97,1,Sin hacinamiento,1633333.3333333333
587,casa,venta,Valdivia,130000000.0,90.0,"Piedra Blanca, Valdivia, Chile, Valdivia",4,2.9,0.72,1,Sin hacinamiento,1444444.4444444445
588,casa,venta,Valdivia,250000000.0,115.0,"Carelmapu 2031, Valdivia, Sur De Valdivia, Valdivia",5,2.9,0.58,1,Sin hacinamiento,2173913.0434782607
589,casa,venta,Valdivia,170000000.0,140.0,"Quitacalzón, Valdivia",7,2.9,0.41,1,Sin hacinamiento,1214285.7142857143
590,casa,venta,Valdivia,89000000.0,90.0,"Regidor Feliciano González 878, Valdivia, Sur De Valdivia, Valdivia",4,2.9,0.72,1,Sin hacinamiento,988888.8888888889
591,casa,venta,Valdivia,177200000.0,99.0,"Carlos Hilker, Valdivia, Sur De Valdivia, Valdivia",4,2.9,0.72,1,Sin hacinamiento,1789898.98989899
592,casa,venta,Valdivia,73000000.0,60.0,"Ocho De Octubre 1 - 300, Campo Militar De Valdivia, Valdivia",3,2.9,0.97,1,Sin hacinamiento,1216666.6666666667
593,casa,venta,Valdivia,140000000.0,128.0,"Sector Centro, Campo Militar De Valdivia, Valdivia",6,2.9,0.48,1,Sin hacinamiento,1093750.0
594,casa,venta,Valdivia,78000000.0,95.0,"Cutipay 1 - 300, Valdivia",4,2.9,0.72,1,Sin hacinamiento,821052.6315789474
595,casa,venta,Valdivia,62000000.0,67.0,"Los Abetos 2001, Sur De Valdivia, Valdivia",3,2.9,0.97,1,Sin hacinamiento,925373.1343283582
596,casa,venta,Valdivia,740000000.0,392.0,"Valdivia, Isla Teja",19,2.9,0.15,1,Sin hacinamiento,1887755.1020408163
597,casa,venta,Valdivia,632000000.0,450.0,"Isla Teja, Isla Teja, Valdivia",22,2.9,0.13,1,Sin hacinamiento,1404444.4444444445
598,casa,venta,Valdivia,260000000.0,112.0,"Carampangue 566, Centro De Valdivia, Valdivia",5,2.9,0.58,1,Sin hacinamiento,2321428.5714285714
599,casa,venta,Valdivia,1424280000.0,400.0,"Valdivia, Campo Militar De Valdivia",20,2.9,0.14,1,Sin hacinamiento,3560700.0
600,casa,venta,Valdivia,1000000000.0,296.0,"Valdivia, Torobayo",14,2.9,0.21,1,Sin hacinamiento,3378378.378378378
601,casa,venta,Valdivia,217000000.0,137.0,Valdivia,6,2.9,0.48,1,Sin hacinamiento,1583941.6058394162
602,casa,venta,Valdivia,380000000.0,160.0,"Valdivia, Torobayo",8,2.9,0.36,1,Sin hacinamiento,2375000.0
603,casa,venta,Valdivia,720000000.0,360.0,"Valdivia, Isla Teja",18,2.9,0.16,1,Sin hacinamiento,2000000.0
604,casa,venta,Valdivia,1680000000.0,300.0,"Valdivia, Campo Militar De Valdivia",15,2.9,0.19,1,Sin hacinamiento,5600000.0
605,casa,venta,Valdivia,245000000.0,480.0,"Sector Niebla, Valdivia, Niebla, Valdivia",24,2.9,0.12,1,Sin hacinamiento,510416.6666666667
606,casa,venta,Valdivia,416000000.0,217.0,"Altos De Quitacalzón, Valdivia",10,2.9,0.29,1,Sin hacinamiento,1917050.6912442397
607,casa,venta,Valdivia,380000000.0,160.0,"Silos De Torobayo, Valdivia, Torobayo, Valdivia",8,2.9,0.36,1,Sin hacinamiento,2375000.0
608,casa,venta,Valdivia,380000000.0,288.0,Valdivia,14,2.9,0.21,1,Sin hacinamiento,1319444.4444444445
609,casa,venta,Valdivia,720000000.0,250.0,"Toro Bayo, Torobayo, Valdivia",12,2.9,0.24,1,Sin hacinamiento,2880000.0
610,casa,venta,Valdivia,363120000.0,170.0,"Cayumapu, Valdivia, Valdivia",8,2.9,0.36,1,Sin hacinamiento,2136000.0
611,casa,venta,Valdivia,317840000.0,323.0,Valdivia,16,2.9,0.18,1,Sin hacinamiento,984024.7678018576
612,casa,venta,Valdivia,496000000.0,184.0,"Ruta T - Niebla 350, Valdivia, Torobayo, Valdivia",9,2.9,0.32,1,Sin hacinamiento,2695652.1739130435
613,casa,venta,Valdivia,676000000.0,491.0,"Propiedad En Renta Sector Coronel Santiago Bueras, Campo Militar De Valdivia, Valdivia",24,2.9,0.12,1,Sin hacinamiento,1376782.0773930755
614,casa,venta,Valdivia,155000000.0,150.0,"CHANCOYAN BAJO, Valdivia",7,2.9,0.41,1,Sin hacinamiento,1033333.3333333334
615,casa,venta,Valdivia,400000000.0,140.0,"C. Lumbrera 1390, 5111961 Valdivia, Los Ríos, Chile, Torobayo, Valdivia",7,2.9,0.41,1,Sin hacinamiento,2857142.8571428573
616,casa,venta,Valdivia,560000000.0,364.0,"Valdivia, Campo Militar De Valdivia",18,2.9,0.16,1,Sin hacinamiento,1538461.5384615385
617,casa,venta,Valdivia,534000000.0,285.0,"Valdivia, Las Animas",14,2.9,0.21,1,Sin hacinamiento,1873684.2105263157
618,casa,venta,Valdivia,1000000000.0,440.0,"Valdivia, Campo Militar De Valdivia",22,2.9,0.13,1,Sin hacinamiento,2272727.272727273
619,casa,venta,Valdivia,484000000.0,202.0,"Los Alerces 40, Isla Teja, Valdivia",10,2.9,0.29,1,Sin hacinamiento,2396039.6039603963
620,casa,venta,Valdivia,130000000.0,96.0,"Camino A Antilhue, Las Animas, Valdivia",4,2.9,0.72,1,Sin hacinamiento,1354166.6666666667
621,casa,venta,Valdivia,208000000.0,110.0,Valdivia,5,2.9,0.58,1,Sin hacinamiento,1890909.0909090908
622,casa,venta,Valdivia,1600000000.0,747.0,Valdivia,37,2.9,0.08,1,Sin hacinamiento,2141900.93708166
623,casa,venta,Valdivia,284000000.0,181.0,"Av. Pedro Montt 2461, Valdivia, Sur De Valdivia, Valdivia",9,2.9,0.32,1,Sin hacinamiento,1569060.773480663
624,casa,venta,Valdivia,368000000.0,105.0,"Los Silos 151, Valdivia, Los Ríos, Chile, Torobayo, Valdivia",5,2.9,0.58,1,Sin hacinamiento,3504761.904761905
625,casa,venta,Valdivia,186400000.0,100.0,"PASAJE ALICANTE N°343 LAS ANIMAS, Las Animas, Valdivia",5,2.9,0.58,1,Sin hacinamiento,1864000.0
626,casa,venta,Valdivia,516000000.0,200.0,"Valdivia, Torobayo",10,2.9,0.29,1,Sin hacinamiento,2580000.0
627,casa,venta,Valdivia,346000000.0,120.0,"El Castillo 985, Niebla., Niebla, Valdivia",6,2.9,0.48,1,Sin hacinamiento,2883333.3333333335
628,casa,venta,Valdivia,420000000.0,289.0,"Valdivia, Sur De Valdivia",14,2.9,0.21,1,Sin hacinamiento,1453287.1972318338
629,casa,venta,Valdivia,295000000.0,220.0,"Villa Del Rey Pasaje N°9,Casa #1495, Centro De Valdivia, Valdivia",11,2.9,0.26,1,Sin hacinamiento,1340909.0909090908
630,casa,venta,Valdivia,150000000.0,119.0,"Alonso Siete 5100 - 5400, Sur De Valdivia, Valdivia",5,2.9,0.58,1,Sin hacinamiento,1260504.2016806724
631,casa,venta,Valdivia,1468000000.0,350.0,"Valdivia, Centro De Valdivia",17,2.9,0.17,1,Sin hacinamiento,4194285.714285714
632,casa,venta,Valdivia,200000000.0,234.0,Valdivia,11,2.9,0.26,1,Sin hacinamiento,854700.8547008547
633,casa,venta,Valdivia,460000000.0,275.0,Valdivia,13,2.9,0.22,1,Sin hacinamiento,1672727.2727272727
634,casa,venta,Valdivia,556000000.0,280.0,"Avenida Torobayo 2655, Valdivia, Los Ríos, Chile, Torobayo, Valdivia",14,2.9,0.21,1,Sin hacinamiento,1985714.2857142857
635,casa,venta,Valdivia,384000000.0,240.0,"T-301 25, Valdivia, Los Ríos, Chile, Valdivia",12,2.9,0.24,1,Sin hacinamiento,1600000.0
636,casa,venta,Valdivia,638000000.0,4.0,"T-302 17, Valdivia, Los Ríos, Chile, Valdivia",1,2.9,2.9,2,Hacinamiento medio,159500000.0
637,casa,venta,Valdivia,150000000.0,60.0,"Intendente Félix García Videla 1115, Valdivia, Los Ríos, Chile, Sur De Valdivia, Valdivia",3,2.9,0.97,1,Sin hacinamiento,2500000.0
638,casa,venta,Valdivia,1320000000.0,240.0,"Valdivia, Campo Militar De Valdivia",12,2.9,0.24,1,Sin hacinamiento,5500000.0
639,casa,venta,Valdivia,290000000.0,156.0,"Suecia 102, 5090403 Valdivia, Los Ríos, Chile, Valdivia",7,2.9,0.41,1,Sin hacinamiento,1858974.358974359
640,casa,venta,Valdivia,162000000.0,77.0,Valdivia,3,2.9,0.97,1,Sin hacinamiento,2103896.103896104
641,casa,venta,Valdivia,396000000.0,128.0,"Bueras 309, Valdivia, Chile, Sur De Valdivia, Valdivia",6,2.9,0.48,1,Sin hacinamiento,3093750.0
642,casa,venta,Valdivia,350000000.0,140.0,"Andalién 45, Angachilla, Valdivia, Los Ríos, Chile, Valdivia",7,2.9,0.41,1,Sin hacinamiento,2500000.0
643,casa,venta,Valdivia,359600000.0,140.0,"Los Maquis N°495, Isla Teja, Valdivia",7,2.9,0.41,1,Sin hacinamiento,2568571.4285714286
644,casa,venta,Valdivia,511120000.0,300.0,Valdivia,15,2.9,0.19,1,Sin hacinamiento,1703733.3333333333
645,casa,venta,Valdivia,596000000.0,290.0,Valdivia,14,2.9,0.21,1,Sin hacinamiento,2055172.4137931035
646,casa,venta,Valdivia,150000000.0,110.0,"Curiñanco, Valdivia",5,2.9,0.58,1,Sin hacinamiento,1363636.3636363635
647,casa,venta,Valdivia,319600000.0,140.0,"El Bayo  8, Torobayo, Valdivia",7,2.9,0.41,1,Sin hacinamiento,2282857.1428571427
648,casa,venta,Valdivia,740000000.0,280.0,"Janequeo 470, 5110240 Valdivia, Los Ríos, Chile, Centro De Valdivia, Valdivia",14,2.9,0.21,1,Sin hacinamiento,2642857.1428571427
649,casa,venta,Valdivia,1600000000.0,747.0,"T-301 17, Valdivia",37,2.9,0.08,1,Sin hacinamiento,2141900.93708166
650,casa,venta,Valdivia,204040000.0,90.0,Valdivia,4,2.9,0.72,1,Sin hacinamiento,2267111.111111111
651,casa,venta,Valdivia,1564000000.0,500.0,Valdivia,25,2.9,0.12,1,Sin hacinamiento,3128000.0
652,casa,venta,Valdivia,326400000.0,265.0,"Intendente Luis Damann Asenjo 1066, 5091243 Valdivia, Los Ríos, Chile, Sur De Valdivia, Valdivia",13,2.9,0.22,1,Sin hacinamiento,1231698.1132075472
653,casa,venta,Valdivia,529000000.0,400.0,"Avenida Ramón Picarte 4205, Valdivia",20,2.9,0.14,1,Sin hacinamiento,1322500.0
654,casa,venta,Valdivia,205000000.0,137.0,"Cayumapu, Valdivia",6,2.9,0.48,1,Sin hacinamiento,1496350.3649635036
655,casa,venta,Valdivia,415000000.0,278.0,"Janequeo 479, 5110279 Valdivia, Los Ríos, Chile, Centro De Valdivia, Valdivia",13,2.9,0.22,1,Sin hacinamiento,1492805.7553956835
656,casa,venta,Valdivia,232000000.0,240.0,"ARIQUE, Valdivia",12,2.9,0.24,1,Sin hacinamiento,966666.6666666666
657,casa,venta,Valdivia,500000000.0,296.0,"Niebla, Niebla, Valdivia",14,2.9,0.21,1,Sin hacinamiento,1689189.189189189
658,casa,venta,Valdivia,460000000.0,200.0,"Los Robles N°750, Isla Teja, Isla Teja, Valdivia",10,2.9,0.29,1,Sin hacinamiento,2300000.0
659,casa,venta,Valdivia,496000000.0,180.0,"Valdivia, Torobayo",9,2.9,0.32,1,Sin hacinamiento,2755555.5555555555
660,casa,venta,Valdivia,1480000000.0,140.0,Valdivia,7,2.9,0.41,1,Sin hacinamiento,10571428.57142857
661,casa,venta,Valdivia,350000000.0,135.0,"Los Robles N°985, Valdivia",6,2.9,0.48,1,Sin hacinamiento,2592592.592592593
662,casa,venta,Valdivia,320720000.0,323.0,"6M9V+MP Valdivia, Chile, Valdivia",16,2.9,0.18,1,Sin hacinamiento,992941.1764705882
663,casa,venta,Valdivia,694000000.0,224.0,Valdivia,11,2.9,0.26,1,Sin hacinamiento,3098214.285714286
664,casa,venta,Valdivia,366000000.0,250.0,"Av. Italia 2230, Sur De Valdivia, Valdivia",12,2.9,0.24,1,Sin hacinamiento,1464000.0
665,casa,venta,Valdivia,369200000.0,246.0,"Cam. Cta. De Soto, Valdivia, Valdivia",12,2.9,0.24,1,Sin hacinamiento,1500813.0081300812
666,casa,venta,Valdivia,532000000.0,280.0,"Torobayo N°2870, Torobayo, Valdivia",14,2.9,0.21,1,Sin hacinamiento,1900000.0
667,casa,venta,Valdivia,958000000.0,797.0,Valdivia,39,2.9,0.07,1,Sin hacinamiento,1202007.5282308657
668,casa,venta,Valdivia,1395120000.0,400.0,"Lago Riñihue, Centro De Valdivia, Valdivia",20,2.9,0.14,1,Sin hacinamiento,3487800.0
669,casa,venta,Valdivia,140000000.0,83.0,"LOS CONQUISTADORES, Sur De Valdivia, Valdivia",4,2.9,0.72,1,Sin hacinamiento,1686746.9879518072
670,casa,venta,Valdivia,452000000.0,200.0,"Toro Bayo, Torobayo, Valdivia",10,2.9,0.29,1,Sin hacinamiento,2260000.0
671,casa,venta,Valdivia,520000000.0,335.0,"Los Manzanos, Valdivia, Isla Teja, Valdivia",16,2.9,0.18,1,Sin hacinamiento,1552238.8059701493
672,casa,venta,Valdivia,290000000.0,250.0,"Sector Regional, Sur De Valdivia, Valdivia",12,2.9,0.24,1,Sin hacinamiento,1160000.0
673,casa,venta,Valdivia,528600000.0,325.0,"Los Manzanos, Isla Teja, Valdivia",16,2.9,0.18,1,Sin hacinamiento,1626461.5384615385
674,casa,venta,Valdivia,427600000.0,170.0,"CASA EN VENTA CALLE BUERAS A CUADRAS DEL CENTRO DE VALDIVIA, Sur De Valdivia, Valdivia",8,2.9,0.36,1,Sin hacinamiento,2515294.117647059
675,casa,venta,Valdivia,518000000.0,240.0,"Estancilla Ruta T350 N°4251, Torobayo, Valdivia",12,2.9,0.24,1,Sin hacinamiento,2158333.3333333335
676,casa,venta,Valdivia,350000000.0,245.0,"Valdivia, Campo Militar De Valdivia",12,2.9,0.24,1,Sin hacinamiento,1428571.4285714286
677,casa,venta,Valdivia,400000000.0,120.0,"Los Helechos, Isla Teja., Valdivia",6,2.9,0.48,1,Sin hacinamiento,3333333.3333333335
678,casa,venta,Valdivia,340000000.0,140.0,"Rincón De La Piedra, Valdivia, Chile, Valdivia",7,2.9,0.41,1,Sin hacinamiento,2428571.4285714286
679,casa,venta,Valdivia,392000000.0,104.0,"Valdivia, Centro De Valdivia",5,2.9,0.58,1,Sin hacinamiento,3769230.769230769
680,casa,venta,Valdivia,640000000.0,202.0,Valdivia,10,2.9,0.29,1,Sin hacinamiento,3168316.831683168
681,casa,venta,Valdivia,516000000.0,230.0,"Ruta T350 N°4251 Altos De Torobayo, Torobayo, Valdivia",11,2.9,0.26,1,Sin hacinamiento,2243478.2608695654
682,casa,venta,Valdivia,313200000.0,183.0,"Valdivia, Centro De Valdivia",9,2.9,0.32,1,Sin hacinamiento,1711475.4098360655
683,casa,venta,Valdivia,848000000.0,268.0,"Valdivia, Torobayo",13,2.9,0.22,1,Sin hacinamiento,3164179.104477612
684,casa,venta,Valdivia,356000000.0,190.0,"Los Silos N°151, Torobayo, Valdivia",9,2.9,0.32,1,Sin hacinamiento,1873684.2105263157
685,casa,venta,Valdivia,500000000.0,355.0,"Valdivia, Centro De Valdivia",17,2.9,0.17,1,Sin hacinamiento,1408450.704225352
686,casa,venta,Valdivia,300000000.0,230.0,"Sector Catripulli Parcela N°63, Valdivia",11,2.9,0.26,1,Sin hacinamiento,1304347.8260869565
687,casa,venta,Valdivia,456000000.0,138.0,Valdivia,6,2.9,0.48,1,Sin hacinamiento,3304347.8260869565
688,casa,venta,Valdivia,380000000.0,133.0,"Valdivia, Sur De Valdivia",6,2.9,0.48,1,Sin hacinamiento,2857142.8571428573
689,casa,venta,Valdivia,360000000.0,389.0,"Loncoyen, Valdivia, Torobayo, Valdivia",19,2.9,0.15,1,Sin hacinamiento,925449.8714652957
690,casa,venta,Valdivia,100000000.0,117.0,"Corvi 2 N°419, Sur De Valdivia, Valdivia",5,2.9,0.58,1,Sin hacinamiento,854700.8547008547
691,casa,venta,Valdivia,578000000.0,268.0,"Valdivia, Centro De Valdivia",13,2.9,0.22,1,Sin hacinamiento,2156716.417910448
692,casa,venta,Valdivia,680000000.0,200.0,"Valdivia, Centro De Valdivia",10,2.9,0.29,1,Sin hacinamiento,3400000.0
693,casa,venta,Valdivia,420000000.0,156.0,"Valdivia, Centro De Valdivia",7,2.9,0.41,1,Sin hacinamiento,2692307.6923076925
694,casa,venta,Valdivia,524800000.0,483.0,"Rene Schneider N°3350, Valdivia",24,2.9,0.12,1,Sin hacinamiento,1086542.4430641823
695,casa,venta,Valdivia,305000000.0,767.0,"Centro De Valdivia, Las Animas, Valdivia",38,2.9,0.08,1,Sin hacinamiento,397653.1942633638
696,casa,venta,Valdivia,332000000.0,287.0,"Valdivia, Centro De Valdivia",14,2.9,0.21,1,Sin hacinamiento,1156794.425087108
697,casa,venta,Valdivia,344000000.0,157.0,"Valdivia, Las Animas",7,2.9,0.41,1,Sin hacinamiento,2191082.8025477706
698,casa,venta,Valdivia,1200000000.0,307.0,"Torobayo Alto Condominio San Carlos De Curiñanco Lote 8, Torobayo, Valdivia",15,2.9,0.19,1,Sin hacinamiento,3908794.7882736158
699,casa,venta,Valdivia,240000000.0,230.0,"Chancoyán Alto, Valdivia",11,2.9,0.26,1,Sin hacinamiento,1043478.2608695652
700,casa,venta,Valdivia,360000000.0,120.0,"Yerbas Buenas 479, Centro De Valdivia, Valdivia",6,2.9,0.48,1,Sin hacinamiento,3000000.0
701,casa,venta,Valdivia,760000000.0,264.0,"Isla Teja, Isla Teja, Valdivia",13,2.9,0.22,1,Sin hacinamiento,2878787.878787879
702,casa,venta,Valdivia,1436000000.0,258.0,"Costanera De Valdivia, Sur De Valdivia, Valdivia",12,2.9,0.24,1,Sin hacinamiento,5565891.472868217
703,casa,venta,Valdivia,416000000.0,195.0,"Altos De Quitacalzón, Valdivia, Valdivia",9,2.9,0.32,1,Sin hacinamiento,2133333.3333333335
704,casa,venta,Valdivia,366480000.0,190.0,"Valdivia, Centro De Valdivia",9,2.9,0.32,1,Sin hacinamiento,1928842.105263158
705,casa,venta,Valdivia,300000000.0,229.0,Valdivia,11,2.9,0.26,1,Sin hacinamiento,1310043.6681222708
706,casa,venta,Valdivia,410000000.0,280.0,"Niebla, Niebla, Valdivia",14,2.9,0.21,1,Sin hacinamiento,1464285.7142857143
707,casa,venta,Valdivia,1200000000.0,374.0,"Silos De Torobayo, Valdivia, Chile, Torobayo, Valdivia",18,2.9,0.16,1,Sin hacinamiento,3208556.1497326205
708,casa,venta,Valdivia,227000000.0,138.0,"Bucalemu, Valdivia, Sur De Valdivia, Valdivia",6,2.9,0.48,1,Sin hacinamiento,1644927.536231884
709,casa,venta,Valdivia,600000000.0,106.0,"Av. Arturo Prat 1559, Valdivia, Centro De Valdivia, Valdivia",5,2.9,0.58,1,Sin hacinamiento,5660377.358490566
710,casa,venta,Valdivia,600000000.0,300.0,"Los Manzanos, Valdivia, Isla Teja, Valdivia",15,2.9,0.19,1,Sin hacinamiento,2000000.0
711,casa,venta,Valdivia,531600000.0,275.0,"Avenida Torobayo, Valdivia, Torobayo, Valdivia",13,2.9,0.22,1,Sin hacinamiento,1933090.9090909092
712,casa,venta,Valdivia,361720000.0,389.0,"Loncoyen 1516, Valdivia, Torobayo, Valdivia",19,2.9,0.15,1,Sin hacinamiento,929871.4652956298
713,casa,venta,Valdivia,490000000.0,202.0,"Los Alerces 40, Valdivia, Isla Teja, Valdivia",10,2.9,0.29,1,Sin hacinamiento,2425742.574257426
714,casa,venta,Valdivia,518000000.0,2.0,"Condominio Riberas Del Estancilla - T-350 4151, Valdivia, Torobayo, Valdivia",1,2.9,2.9,2,Hacinamiento medio,259000000.0
715,casa,venta,Valdivia,524800000.0,483.0,"René Schneider 3350, Valdivia, Sur De Valdivia, Valdivia",24,2.9,0.12,1,Sin hacinamiento,1086542.4430641823
716,casa,venta,Valdivia,212000000.0,85.0,"Av. Pedro Montt 2500, Sur De Valdivia, Valdivia",4,2.9,0.72,1,Sin hacinamiento,2494117.6470588236
717,casa,venta,Valdivia,600000000.0,282.0,"Isla Teja, Valdivia",14,2.9,0.21,1,Sin hacinamiento,2127659.574468085
718,casa,venta,Valdivia,205000000.0,230.0,"Barros Arana, Valdivia, Chile, Campo Militar De Valdivia, Valdivia",11,2.9,0.26,1,Sin hacinamiento,891304.3478260869
719,casa,venta,Valdivia,264600000.0,130.0,"Valdivia, Centro De Valdivia",6,2.9,0.48,1,Sin hacinamiento,2035384.6153846155
720,casa,venta,Valdivia,446160000.0,108.0,"Valdivia, Centro De Valdivia",5,2.9,0.58,1,Sin hacinamiento,4131111.111111111
721,casa,venta,Valdivia,579280000.0,273.0,"Valdivia, Centro De Valdivia",13,2.9,0.22,1,Sin hacinamiento,2121904.761904762
723,casa,venta,Valdivia,396000000.0,128.0,"Valdivia, Campo Militar De Valdivia",6,2.9,0.48,1,Sin hacinamiento,3093750.0
724,casa,venta,Valdivia,366800000.0,587.0,"Las Animas, Las Animas, Valdivia",29,2.9,0.1,1,Sin hacinamiento,624872.2316865417
725,casa,venta,Valdivia,836000000.0,120.0,"Isla Teja, Isla Teja, Valdivia",6,2.9,0.48,1,Sin hacinamiento,6966666.666666667
726,casa,venta,Valdivia,759080000.0,485.0,Valdivia,24,2.9,0.12,1,Sin hacinamiento,1565113.4020618557
727,casa,venta,Valdivia,760000000.0,400.0,"Isla Teja, Isla Teja, Valdivia",20,2.9,0.14,1,Sin hacinamiento,1900000.0
728,casa,venta,Valdivia,729000000.0,200.0,"Isla Teja, Isla Teja, Valdivia",10,2.9,0.29,1,Sin hacinamiento,3645000.0
729,casa,venta,Valdivia,276000000.0,200.0,"Valdivia, Campo Militar De Valdivia",10,2.9,0.29,1,Sin hacinamiento,1380000.0
730,casa,venta,Valdivia,400000000.0,139.0,"Valdivia, Centro De Valdivia",6,2.9,0.48,1,Sin hacinamiento,2877697.841726619
731,casa,venta,Valdivia,330000000.0,80.0,"Picarte, Valdivia",4,2.9,0.72,1,Sin hacinamiento,4125000.0
732,casa,venta,Valdivia,222000000.0,241.0,Valdivia,12,2.9,0.24,1,Sin hacinamiento,921161.8257261411
733,casa,venta,Valdivia,302400000.0,155.0,"Valdivia, Sur De Valdivia",7,2.9,0.41,1,Sin hacinamiento,1950967.7419354839
734,casa,venta,Valdivia,1600000000.0,880.0,"Valdivia, Campo Militar De Valdivia",44,2.9,0.07,1,Sin hacinamiento,1818181.8181818181
735,casa,venta,Valdivia,432000000.0,360.0,Valdivia,18,2.9,0.16,1,Sin hacinamiento,1200000.0
736,casa,venta,Valdivia,600000000.0,230.0,"Valdivia, Isla Teja",11,2.9,0.26,1,Sin hacinamiento,2608695.652173913
737,casa,venta,Valdivia,552000000.0,279.0,"Valdivia, Torobayo",13,2.9,0.22,1,Sin hacinamiento,1978494.6236559139
738,casa,venta,Valdivia,600000000.0,207.0,"Valdivia, Isla Teja",10,2.9,0.29,1,Sin hacinamiento,2898550.724637681
739,casa,venta,Valdivia,200000000.0,139.0,"Isla Teja, Valdivia",6,2.9,0.48,1,Sin hacinamiento,1438848.9208633094
740,casa,venta,Valdivia,488000000.0,250.0,Valdivia,12,2.9,0.24,1,Sin hacinamiento,1952000.0
741,casa,venta,Valdivia,180000000.0,218.0,"Baquedano, 900 - 1200, Campo Militar De Valdivia, Valdivia",10,2.9,0.29,1,Sin hacinamiento,825688.0733944954
742,casa,venta,Valdivia,414320000.0,220.0,Valdivia,11,2.9,0.26,1,Sin hacinamiento,1883272.7272727273
743,casa,venta,Valdivia,532000000.0,277.0,"Toro Bayo, Torobayo, Valdivia",13,2.9,0.22,1,Sin hacinamiento,1920577.61732852
744,casa,venta,Valdivia,516000000.0,156.0,"Valdivia, Niebla",7,2.9,0.41,1,Sin hacinamiento,3307692.3076923075
745,casa,venta,Valdivia,250000000.0,228.0,"Cayumapu, Valdivia, Chile, Valdivia",11,2.9,0.26,1,Sin hacinamiento,1096491.2280701755
746,casa,venta,Valdivia,352000000.0,101.0,"Valdivia, Torobayo",5,2.9,0.58,1,Sin hacinamiento,3485148.5148514854
747,casa,venta,Valdivia,432960000.0,205.0,Valdivia,10,2.9,0.29,1,Sin hacinamiento,2112000.0
748,casa,venta,Valdivia,184000000.0,100.0,"Valdivia, Las Animas",5,2.9,0.58,1,Sin hacinamiento,1840000.0
749,casa,venta,Valdivia,616800000.0,250.0,"Av. España 710, Valdivia, Las Animas, Valdivia",12,2.9,0.24,1,Sin hacinamiento,2467200.0
750,casa,venta,Valdivia,372000000.0,360.0,"Conde De Castellar 363, Niebla, Valdivia, Chile, Niebla, Valdivia",18,2.9,0.16,1,Sin hacinamiento,1033333.3333333334
751,casa,venta,Valdivia,520000000.0,146.0,"Valdivia, Torobayo",7,2.9,0.41,1,Sin hacinamiento,3561643.835616438
752,casa,venta,Valdivia,350000000.0,189.0,"SANTA BARBARA PARCELA 1, Valdivia",9,2.9,0.32,1,Sin hacinamiento,1851851.851851852
753,casa,venta,Valdivia,386800000.0,278.0,"T-301 16, Valdivia, Los Ríos, Chile, Valdivia",13,2.9,0.22,1,Sin hacinamiento,1391366.90647482
754,casa,venta,Valdivia,372000000.0,262.0,Valdivia,13,2.9,0.22,1,Sin hacinamiento,1419847.3282442747
755,casa,venta,Valdivia,440000000.0,192.0,Valdivia,9,2.9,0.32,1,Sin hacinamiento,2291666.6666666665
756,casa,venta,Valdivia,320000000.0,254.0,"Pje. José Miguel Varela, Valdivia, Centro De Valdivia, Valdivia",12,2.9,0.24,1,Sin hacinamiento,1259842.5196850393
757,casa,venta,Valdivia,664920000.0,486.0,"Valdivia, Campo Militar De Valdivia",24,2.9,0.12,1,Sin hacinamiento,1368148.148148148
758,casa,venta,Valdivia,420000000.0,314.0,"Valdivia, Isla Teja",15,2.9,0.19,1,Sin hacinamiento,1337579.6178343948
759,casa,venta,Valdivia,536000000.0,370.0,"Tornagaleones 979, Valdivia, Sur De Valdivia, Valdivia",18,2.9,0.16,1,Sin hacinamiento,1448648.6486486488
760,casa,venta,Valdivia,400000000.0,163.0,"Av. Simpson 1053, Valdivia, Sur De Valdivia, Valdivia",8,2.9,0.36,1,Sin hacinamiento,2453987.73006135
761,casa,venta,Valdivia,680000000.0,221.0,"Altos De Quitacalzón, Valdivia",11,2.9,0.26,1,Sin hacinamiento,3076923.076923077
762,casa,venta,Valdivia,356000000.0,140.0,Valdivia,7,2.9,0.41,1,Sin hacinamiento,2542857.1428571427
763,casa,venta,Valdivia,179200000.0,80.0,"Niebla, Niebla, Valdivia",4,2.9,0.72,1,Sin hacinamiento,2240000.0
764,casa,venta,Valdivia,580000000.0,140.0,"Rio Calle Calle 355, Valdivia, Torobayo, Valdivia",7,2.9,0.41,1,Sin hacinamiento,4142857.1428571427
765,casa,venta,Valdivia,280000000.0,125.0,"Valdivia, Sur De Valdivia",6,2.9,0.48,1,Sin hacinamiento,2240000.0
766,casa,venta,Valdivia,232000000.0,240.0,Valdivia,12,2.9,0.24,1,Sin hacinamiento,966666.6666666666
767,casa,venta,Valdivia,288800000.0,126.0,"Valdivia, Sur De Valdivia",6,2.9,0.48,1,Sin hacinamiento,2292063.492063492
768,casa,venta,Valdivia,332000000.0,160.0,Valdivia,8,2.9,0.36,1,Sin hacinamiento,2075000.0
769,casa,venta,Valdivia,384000000.0,200.0,"Centro De Valdivia, Valdivia",10,2.9,0.29,1,Sin hacinamiento,1920000.0
770,casa,venta,Valdivia,118000000.0,106.0,"ALTOS DE MAHUIZA, Sur De Valdivia, Valdivia",5,2.9,0.58,1,Sin hacinamiento,1113207.5471698113
771,casa,venta,Valdivia,396040000.0,135.0,Valdivia,6,2.9,0.48,1,Sin hacinamiento,2933629.6296296297
772,casa,venta,Valdivia,150000000.0,245.0,"Las Ánimas, Las Animas, Valdivia",12,2.9,0.24,1,Sin hacinamiento,612244.8979591837
773,casa,venta,Valdivia,178000000.0,60.0,"Valdivia, Las Animas",3,2.9,0.97,1,Sin hacinamiento,2966666.6666666665
774,casa,venta,Valdivia,549200000.0,344.0,"Pintor Westermeyer, Isla Teja, Valdivia",17,2.9,0.17,1,Sin hacinamiento,1596511.6279069767
775,casa,venta,Valdivia,118000000.0,52.0,"VILLA BOSQUE ENTRE RIOS, Valdivia",2,2.9,1.45,1,Sin hacinamiento,2269230.769230769
776,casa,venta,Valdivia,225000000.0,120.0,"El Bosque, Valdivia",6,2.9,0.48,1,Sin hacinamiento,1875000.0
777,casa,venta,Valdivia,98000000.0,66.0,"Coronel Santiago Bueras 1 - 300, Campo Militar De Valdivia, Valdivia",3,2.9,0.97,1,Sin hacinamiento,1484848.4848484849
778,casa,venta,Valdivia,55000000.0,168.0,"Pje. A 11, Valdivia, Sur De Valdivia, Valdivia",8,2.9,0.36,1,Sin hacinamiento,327380.95238095237
779,casa,venta,Valdivia,160000000.0,160.0,"Corvi Tres, Valdivia, Sur De Valdivia, Valdivia",8,2.9,0.36,1,Sin hacinamiento,1000000.0
780,casa,venta,Valdivia,700000000.0,360.0,"Valdivia, Isla Teja",18,2.9,0.16,1,Sin hacinamiento,1944444.4444444445
781,casa,venta,Valdivia,200000000.0,99.0,"Vicente Carvallo Goyeneche, Valdivia, Las Animas, Valdivia",4,2.9,0.72,1,Sin hacinamiento,2020202.0202020202
782,casa,venta,Valdivia,142000000.0,171.0,"C. Reina Sofía, Valdivia, Sur De Valdivia, Valdivia",8,2.9,0.36,1,Sin hacinamiento,830409.3567251462
783,casa,venta,Valdivia,208000000.0,83.0,"Gastón Da Bove Olave 647, 5111954 Valdivia, Los Ríos, Chile, Sur De Valdivia, Valdivia",4,2.9,0.72,1,Sin hacinamiento,2506024.0963855423
784,casa,venta,Valdivia,159000000.0,167.0,"Valdivia, Centro De Valdivia",8,2.9,0.36,1,Sin hacinamiento,952095.8083832335
786,casa,venta,Valdivia,220000000.0,257.0,"Valdivia, Centro De Valdivia",12,2.9,0.24,1,Sin hacinamiento,856031.1284046692
787,casa,venta,Valdivia,663200000.0,236.0,"Valdivia, Isla Teja",11,2.9,0.26,1,Sin hacinamiento,2810169.4915254237
788,casa,venta,Valdivia,150000000.0,130.0,"Valdivia, Centro De Valdivia",6,2.9,0.48,1,Sin hacinamiento,1153846.1538461538
789,casa,venta,Valdivia,70000000.0,90.0,"Las Himalayas, Valdivia, Valdivia",4,2.9,0.72,1,Sin hacinamiento,777777.7777777778
791,casa,venta,Valdivia,180000000.0,98.0,"Valdivia, Sur De Valdivia",4,2.9,0.72,1,Sin hacinamiento,1836734.693877551
792,casa,venta,Valdivia,1200000000.0,460.0,"Pintora Clara Werkmeister Martin 1135, 5110070 Valdivia, Los Ríos, Chile, Isla Teja, Valdivia",23,2.9,0.13,1,Sin hacinamiento,2608695.652173913
793,casa,venta,Valdivia,299000000.0,50.0,"6PH3+M7 Valdivia, Chile, Valdivia",2,2.9,1.45,1,Sin hacinamiento,5980000.0
794,casa,venta,Valdivia,250000000.0,165.0,"Fernando De Aragón 122, Valdivia, Sur De Valdivia, Valdivia",8,2.9,0.36,1,Sin hacinamiento,1515151.5151515151
795,casa,venta,Valdivia,1320000000.0,240.0,"General Lagos, Valdivia, Chile, Campo Militar De Valdivia, Valdivia",12,2.9,0.24,1,Sin hacinamiento,5500000.0
796,casa,venta,Valdivia,496000000.0,184.0,"I - Ruta T-350, Valdivia, Los Ríos, Chile, Torobayo, Valdivia",9,2.9,0.32,1,Sin hacinamiento,2695652.1739130435
797,casa,venta,Valdivia,1000000000.0,737.0,"6R5H+G6 Valdivia, Chile, Valdivia",36,2.9,0.08,1,Sin hacinamiento,1356852.1031207598
798,casa,venta,Valdivia,400000000.0,200.0,"C. Nueva 215, Valdivia, Sur De Valdivia, Valdivia",10,2.9,0.29,1,Sin hacinamiento,2000000.0
799,casa,venta,Valdivia,356000000.0,130.0,"Los Maquis, Valdivia, Chile, Isla Teja, Valdivia",6,2.9,0.48,1,Sin hacinamiento,2738461.5384615385
800,casa,venta,Valdivia,480000000.0,130.0,"I - Ruta T-350 / Condominio Estancilla, Valdivia, Los Ríos, Chile, Torobayo, Valdivia",6,2.9,0.48,1,Sin hacinamiento,3692307.6923076925
801,casa,venta,Valdivia,160000000.0,90.0,"T-352, Valdivia, Valdivia",4,2.9,0.72,1,Sin hacinamiento,1777777.7777777778
802,casa,venta,Valdivia,105000000.0,54.0,"Sta Carolina 891, 5091024 Valdivia, Los Ríos, Chile, Sur De Valdivia, Valdivia",2,2.9,1.45,1,Sin hacinamiento,1944444.4444444445
803,casa,venta,Valdivia,1000000000.0,296.0,"Avenida Torobayo 2405, Valdivia, Torobayo, Valdivia",14,2.9,0.21,1,Sin hacinamiento,3378378.378378378
804,casa,venta,Valdivia,472000000.0,215.0,"Condominio El Bayo, Valdivia, Torobayo, Valdivia",10,2.9,0.29,1,Sin hacinamiento,2195348.8372093025
805,casa,venta,Valdivia,210800000.0,102.0,"Gastón Da Bove Olave 636, Valdivia, Sur De Valdivia, Valdivia",5,2.9,0.58,1,Sin hacinamiento,2066666.6666666667
806,casa,venta,Valdivia,339200000.0,181.0,"Andalien 101 , Lt 1, Mz, Valdivia",9,2.9,0.32,1,Sin hacinamiento,1874033.1491712707
807,casa,venta,Valdivia,155000000.0,150.0,"Valdivia, Centro De Valdivia",7,2.9,0.41,1,Sin hacinamiento,1033333.3333333334
808,casa,venta,Valdivia,160000000.0,132.0,"Sur De Valdivia, Valdivia",6,2.9,0.48,1,Sin hacinamiento,1212121.2121212122
809,casa,venta,Valdivia,270000000.0,216.0,"C. Nueva 192, Valdivia, Sur De Valdivia, Valdivia",10,2.9,0.29,1,Sin hacinamiento,1250000.0
810,casa,venta,Valdivia,153000000.0,162.0,"Parque Torreones - Collico SN, Sur De Valdivia, Valdivia",8,2.9,0.36,1,Sin hacinamiento,944444.4444444445
811,casa,venta,Valdivia,1808000000.0,560.0,"Avenida Torobayo, Valdivia, Los Ríos, Chile, Torobayo, Valdivia",28,2.9,0.1,1,Sin hacinamiento,3228571.4285714286
812,casa,venta,Valdivia,85000000.0,42.0,"Valdivia, Niebla",2,2.9,1.45,1,Sin hacinamiento,2023809.5238095238
813,casa,venta,Valdivia,135000000.0,105.0,"Guacolda 639, Valdivia, Campo Militar De Valdivia, Valdivia",5,2.9,0.58,1,Sin hacinamiento,1285714.2857142857
815,casa,venta,Valdivia,200000000.0,242.0,"Carelmapu 2158, Valdivia, Sur De Valdivia, Valdivia",12,2.9,0.24,1,Sin hacinamiento,826446.2809917355
816,casa,venta,Valdivia,225000000.0,139.0,"C. Gregorio Henríquez Y Santillán, Valdivia, Sur De Valdivia, Valdivia",6,2.9,0.48,1,Sin hacinamiento,1618705.035971223
817,casa,venta,Valdivia,195000000.0,108.0,"C. Gregorio Henríquez Y Santillán, Valdivia, Sur De Valdivia, Valdivia",5,2.9,0.58,1,Sin hacinamiento,1805555.5555555555
818,casa,venta,Valdivia,160000000.0,150.0,"Ayquina 462, Valdivia, Valdivia",7,2.9,0.41,1,Sin hacinamiento,1066666.6666666667
819,casa,venta,Valdivia,65000000.0,5.0,"Chancoyan, Valdivia, Valdivia",1,2.9,2.9,2,Hacinamiento medio,13000000.0
820,casa,venta,Valdivia,195000000.0,87.0,"C. Gregorio Henríquez Y Santillán, Valdivia, Sur De Valdivia, Valdivia",4,2.9,0.72,1,Sin hacinamiento,2241379.3103448274
821,casa,venta,Valdivia,142000000.0,93.0,"Reina Sofia SN, Sur De Valdivia, Valdivia",4,2.9,0.72,1,Sin hacinamiento,1526881.7204301076
822,casa,venta,Valdivia,130000000.0,180.0,"Toribio Medina 875, 5.1108e+06 - 5.1111e+06 Valdivia, Los Ríos, Chile, Campo Militar De Valdivia, Valdivia",9,2.9,0.32,1,Sin hacinamiento,722222.2222222222
823,casa,venta,Valdivia,512000000.0,230.0,"6R3Q+J4 Valdivia, Chile, Valdivia",11,2.9,0.26,1,Sin hacinamiento,2226086.9565217393
824,casa,venta,Valdivia,280000000.0,180.0,"Bueras SN, Sur De Valdivia, Valdivia",9,2.9,0.32,1,Sin hacinamiento,1555555.5555555555
825,casa,venta,Valdivia,125000000.0,110.0,"Valdivia, Sur De Valdivia",5,2.9,0.58,1,Sin hacinamiento,1136363.6363636365
826,casa,venta,Valdivia,596000000.0,290.0,"Cam. A Angachilla, Valdivia, Valdivia",14,2.9,0.21,1,Sin hacinamiento,2055172.4137931035
827,casa,venta,Valdivia,316000000.0,140.0,"Isla Teja, Isla Teja, Valdivia",7,2.9,0.41,1,Sin hacinamiento,2257142.8571428573
828,casa,venta,Valdivia,275000000.0,224.0,"ERRAZURIZ SN, Campo Militar De Valdivia, Valdivia",11,2.9,0.26,1,Sin hacinamiento,1227678.5714285714
829,casa,venta,Valdivia,291600000.0,161.0,"ANIBAL PINTO  SN, Campo Militar De Valdivia, Valdivia",8,2.9,0.36,1,Sin hacinamiento,1811180.1242236025
830,casa,venta,Valdivia,165000000.0,120.0,"VILLA GALILEA SN, Sur De Valdivia, Valdivia",6,2.9,0.48,1,Sin hacinamiento,1375000.0
831,casa,venta,Valdivia,360000000.0,389.0,"Loncoyen 1516, Valdivia, Torobayo, Valdivia",19,2.9,0.15,1,Sin hacinamiento,925449.8714652957
832,casa,venta,Valdivia,360000000.0,140.0,"Los Arrayanes 300, 5112046 Valdivia, Los Ríos, Chile, Isla Teja, Valdivia",7,2.9,0.41,1,Sin hacinamiento,2571428.5714285714
833,casa,venta,Valdivia,480000000.0,210.0,"P840 - Ruta T-350 / Residencial Estancilla, Valdivia, Los Ríos, Chile, Valdivia",10,2.9,0.29,1,Sin hacinamiento,2285714.285714286
834,casa,venta,Valdivia,480000000.0,130.0,"Rio San Pedro 120, Valdivia, Los Ríos, Chile, Torobayo, Valdivia",6,2.9,0.48,1,Sin hacinamiento,3692307.6923076925
835,casa,venta,Valdivia,980000000.0,250.0,"Calle Beauchef Sector Clínica Comercial, Centro De Valdivia, Valdivia",12,2.9,0.24,1,Sin hacinamiento,3920000.0
836,casa,venta,Valdivia,359920000.0,272.0,"Los Manzanos 355, 5110590 Valdivia, Los Ríos, Chile, Isla Teja, Valdivia",13,2.9,0.22,1,Sin hacinamiento,1323235.294117647
837,casa,venta,Valdivia,1400000000.0,583.0,"Avenida Torobayo 2601, Valdivia, Los Ríos, Chile, Torobayo, Valdivia",29,2.9,0.1,1,Sin hacinamiento,2401372.2126929676
838,casa,venta,Valdivia,160000000.0,91.0,"Riberas Del Calle Calle, Valdivia",4,2.9,0.72,1,Sin hacinamiento,1758241.7582417582
839,casa,venta,Valdivia,460000000.0,200.0,"Avenida Torobayo 584, 5111176 Valdivia, Los Ríos, Chile, Torobayo, Valdivia",10,2.9,0.29,1,Sin hacinamiento,2300000.0
840,casa,venta,Valdivia,672000000.0,200.0,"Los Manzanos 315, 5110590 Valdivia, Los Ríos, Chile, Isla Teja, Valdivia",10,2.9,0.29,1,Sin hacinamiento,3360000.0
841,casa,venta,Valdivia,400000000.0,140.0,"Los Manzanos 415, Valdivia, Los Ríos, Chile, Isla Teja, Valdivia",7,2.9,0.41,1,Sin hacinamiento,2857142.8571428573
842,casa,venta,Valdivia,740000000.0,392.0,"El Arboreto 1148, 5.1099e+06 - 5.1102e+06 Valdivia, Los Ríos, Chile, Isla Teja, Valdivia",19,2.9,0.15,1,Sin hacinamiento,1887755.1020408163
843,casa,venta,Valdivia,368000000.0,155.0,"I - Los Robles / Los Raulíes, Valdivia, Los Ríos, Chile, Isla Teja, Valdivia",7,2.9,0.41,1,Sin hacinamiento,2374193.5483870967
844,casa,venta,Valdivia,860000000.0,500.0,"Rio Calle Calle 300 - 600, Valdivia, Los Ríos, Chile, Torobayo, Valdivia",25,2.9,0.12,1,Sin hacinamiento,1720000.0
845,casa,venta,Valdivia,640000000.0,340.0,"Loteo Los Hualles, Valdivia",17,2.9,0.17,1,Sin hacinamiento,1882352.9411764706
846,casa,venta,Valdivia,300000000.0,246.0,"4MW2+H4 Valdivia, Chile, Valdivia",12,2.9,0.24,1,Sin hacinamiento,1219512.1951219512
847,casa,venta,Valdivia,504000000.0,220.0,"P519 - Ruta - T-350, Valdivia, Los Ríos, Chile, Torobayo, Valdivia",11,2.9,0.26,1,Sin hacinamiento,2290909.090909091
848,casa,venta,Valdivia,380000000.0,400.0,"Los Abedules 601, 5.1099e+06 - 5.1102e+06 Valdivia, Los Ríos, Chile, Isla Teja, Valdivia",20,2.9,0.14,1,Sin hacinamiento,950000.0
849,casa,venta,Valdivia,740000000.0,400.0,"De Luna 200, Valdivia, Los Ríos, Chile, Isla Teja, Valdivia",20,2.9,0.14,1,Sin hacinamiento,1850000.0
850,casa,venta,Valdivia,420000000.0,120.0,"El Arboreto 1145, 5.1099e+06 - 5.1102e+06 Valdivia, Los Ríos, Chile, Isla Teja, Valdivia",6,2.9,0.48,1,Sin hacinamiento,3500000.0
851,casa,venta,Valdivia,470000000.0,245.0,"Cabo Blanco, Valdivia",12,2.9,0.24,1,Sin hacinamiento,1918367.3469387756
852,casa,venta,Valdivia,660000000.0,140.0,"Las Encinas 431, Valdivia, Los Ríos, Chile, Isla Teja, Valdivia",7,2.9,0.41,1,Sin hacinamiento,4714285.714285715
853,casa,venta,Valdivia,320000000.0,100.0,"Madrid / Luxemburgo, Sur De Valdivia, Valdivia",5,2.9,0.58,1,Sin hacinamiento,3200000.0
854,casa,venta,Valdivia,600000000.0,191.0,"Pintor Mauricio Rugendas 1178, 5.1099e+06 - 5.1102e+06 Valdivia, Los Ríos, Chile, Isla Teja, Valdivia",9,2.9,0.32,1,Sin hacinamiento,3141361.2565445025
855,casa,venta,Valdivia,356000000.0,280.0,"Las Lengas 605, 5110113 Valdivia, Los Ríos, Chile, Isla Teja, Valdivia",14,2.9,0.21,1,Sin hacinamiento,1271428.5714285714
856,casa,venta,Valdivia,197760000.0,69.0,"Villa Los Castaños, Sur De Valdivia, Valdivia",3,2.9,0.97,1,Sin hacinamiento,2866086.9565217393
857,casa,venta,Valdivia,150000000.0,124.0,"Oportunidad, Sector Niebla, Niebla, Valdivia",6,2.9,0.48,1,Sin hacinamiento,1209677.4193548388
858,casa,venta,Valdivia,139000000.0,160.0,"Rodolfo Beckdorf 1789, 5091502 Valdivia, Los Ríos, Chile, Sur De Valdivia, Valdivia",8,2.9,0.36,1,Sin hacinamiento,868750.0
859,casa,venta,Valdivia,70000000.0,106.0,"T-352 195, Niebla, Valdivia, Niebla, Valdivia",5,2.9,0.58,1,Sin hacinamiento,660377.358490566
860,casa,venta,Valdivia,120000000.0,77.0,"T-352 195, Niebla, Valdivia, Niebla, Valdivia",3,2.9,0.97,1,Sin hacinamiento,1558441.5584415584
861,casa,venta,Valdivia,428000000.0,210.0,"Los Ciruelos 125, 5110728 Valdivia, Los Ríos, Chile, Isla Teja, Valdivia",10,2.9,0.29,1,Sin hacinamiento,2038095.238095238
862,casa,venta,Valdivia,610000000.0,342.0,"Quitacalzón, Centro De Valdivia, Valdivia",17,2.9,0.17,1,Sin hacinamiento,1783625.7309941521
863,casa,venta,Valdivia,420000000.0,286.0,"Beaucheff/Arauco/Errázuriz, Centro De Valdivia, Valdivia",14,2.9,0.21,1,Sin hacinamiento,1468531.4685314684
864,casa,venta,Valdivia,1120000000.0,350.0,"San Sebastián 161, Valdivia, Los Ríos, Chile, Torobayo, Valdivia",17,2.9,0.17,1,Sin hacinamiento,3200000.0
865,casa,venta,Valdivia,440000000.0,200.0,"Los Arrayanes 348, Valdivia, Chile, Isla Teja, Valdivia",10,2.9,0.29,1,Sin hacinamiento,2200000.0
866,casa,venta,Valdivia,340000000.0,101.0,"Los Silos 120, 5112130 Valdivia, Los Ríos, Chile, Torobayo, Valdivia",5,2.9,0.58,1,Sin hacinamiento,3366336.6336633665
867,casa,venta,Valdivia,480000000.0,160.0,"Avenida Torobayo 584, 5111176 Valdivia, Los Ríos, Chile, Torobayo, Valdivia",8,2.9,0.36,1,Sin hacinamiento,3000000.0
868,casa,venta,Valdivia,1000000000.0,296.0,"San Sebastián 155, 5111940 Valdivia, Los Ríos, Chile, Torobayo, Valdivia",14,2.9,0.21,1,Sin hacinamiento,3378378.378378378
869,casa,venta,Valdivia,359600000.0,140.0,"Isla Teja, Isla Teja, Valdivia",7,2.9,0.41,1,Sin hacinamiento,2568571.4285714286
870,casa,venta,Valdivia,472000000.0,130.0,"7QCX+QR Valdivia, Chile, Valdivia",6,2.9,0.48,1,Sin hacinamiento,3630769.230769231
871,casa,venta,Valdivia,520000000.0,146.0,"Avenida Torobayo 2800, 5111176 Valdivia, Los Ríos, Chile, Torobayo, Valdivia",7,2.9,0.41,1,Sin hacinamiento,3561643.835616438
872,casa,venta,Valdivia,496000000.0,180.0,"Avenida Torobayo 584, 5111176 Valdivia, Los Ríos, Chile, Torobayo, Valdivia",9,2.9,0.32,1,Sin hacinamiento,2755555.5555555555
873,casa,venta,Valdivia,452000000.0,200.0,"SECTOR TOROBAYO, Torobayo, Valdivia",10,2.9,0.29,1,Sin hacinamiento,2260000.0
874,casa,venta,Valdivia,420000000.0,200.0,"Cuesta Soto, Valdivia",10,2.9,0.29,1,Sin hacinamiento,2100000.0
875,casa,venta,Valdivia,386800000.0,278.0,"Quitacalzon, Valdivia",13,2.9,0.22,1,Sin hacinamiento,1391366.90647482
876,casa,venta,Valdivia,147720000.0,70.0,"Chancoyan Alto, Valdivia",3,2.9,0.97,1,Sin hacinamiento,2110285.714285714
877,casa,venta,Valdivia,380000000.0,160.0,"Avenida Torobayo 2575, 5111176 Valdivia, Los Ríos, Chile, Torobayo, Valdivia",8,2.9,0.36,1,Sin hacinamiento,2375000.0
878,casa,venta,Valdivia,420000000.0,173.0,"Av. Los Robles 2, 5111431 Valdivia, Los Ríos, Chile, Isla Teja, Valdivia",8,2.9,0.36,1,Sin hacinamiento,2427745.6647398844
879,casa,venta,Valdivia,440000000.0,246.0,"Condominio Santa Emilia, Valdivia",12,2.9,0.24,1,Sin hacinamiento,1788617.8861788618
880,casa,venta,Valdivia,532000000.0,280.0,"Avenida Torobayo 2655, Valdivia, Los Ríos, Chile, Torobayo, Valdivia",14,2.9,0.21,1,Sin hacinamiento,1900000.0
881,casa,venta,Valdivia,720000000.0,250.0,"Condominio Silos De Torobayo - Pamplona 60, 5090000 Valdivia, Los Ríos, Chile, Torobayo, Valdivia",12,2.9,0.24,1,Sin hacinamiento,2880000.0
882,casa,venta,Valdivia,720000000.0,276.0,"San Sebastián 1 - 300, Valdivia, Los Ríos, Chile, Torobayo, Valdivia",13,2.9,0.22,1,Sin hacinamiento,2608695.652173913
883,casa,venta,Valdivia,100000000.0,98.0,"Errázuriz Con Perú, Campo Militar De Valdivia, Valdivia",4,2.9,0.72,1,Sin hacinamiento,1020408.1632653062
884,casa,venta,Valdivia,134600000.0,99.0,"Victoria 1450, Valdivia, Las Animas, Valdivia",4,2.9,0.72,1,Sin hacinamiento,1359595.9595959596
885,casa,venta,Valdivia,195000000.0,105.0,"Dr. Marcelo Serra Soyer 775, 5.1117e+06 - 5.112e+06 Valdivia, Los Ríos, Chile, Sur De Valdivia, Valdivia",5,2.9,0.58,1,Sin hacinamiento,1857142.857142857
886,casa,venta,Valdivia,175000000.0,120.0,"A Guacamayo 100, Valdivia, Los Ríos, Chile, Sur De Valdivia, Valdivia",6,2.9,0.48,1,Sin hacinamiento,1458333.3333333333
887,casa,venta,Valdivia,250000000.0,1.0,"6QH3+6V Cabo Blanco, Valdivia, Chile, Valdivia",1,2.9,2.9,2,Hacinamiento medio,250000000.0
888,casa,venta,Valdivia,450000000.0,250.0,"Cam. A Paillao 69, Angachilla, Valdivia, Los Ríos, Chile, Valdivia",12,2.9,0.24,1,Sin hacinamiento,1800000.0
889,casa,venta,Valdivia,251920000.0,1.0,"El Arrayan, Cabo Blanco, Valdivia, Los Ríos, Chile, Valdivia",1,2.9,2.9,2,Hacinamiento medio,251920000.0
890,casa,venta,Valdivia,235000000.0,102.0,"Gastón Da Bove Olave, Valdivia, Sur De Valdivia, Valdivia",5,2.9,0.58,1,Sin hacinamiento,2303921.568627451
891,casa,venta,Valdivia,105000000.0,89.0,"Pje. Once 583, 5100726 Valdivia, Los Ríos, Chile, Sur De Valdivia, Valdivia",4,2.9,0.72,1,Sin hacinamiento,1179775.2808988765
893,casa,venta,Valdivia,260000000.0,5.0,"6R6P+56 Valdivia, Chile, Valdivia",1,2.9,2.9,2,Hacinamiento medio,52000000.0
894,casa,venta,Valdivia,460000000.0,195.0,"Torobayo, Valdivia, Torobayo, Valdivia",9,2.9,0.32,1,Sin hacinamiento,2358974.358974359
895,casa,venta,Valdivia,260000000.0,200.0,"Luxemburgo 1800 - 2100, Valdivia, Sur De Valdivia, Valdivia",10,2.9,0.29,1,Sin hacinamiento,1300000.0
896,casa,venta,Valdivia,120000000.0,58.0,"Av. Ramón Picarte 3475, 5.0898e+06 - 5.0901e+06 Valdivia, Los Ríos, Chile, Sur De Valdivia, Valdivia",2,2.9,1.45,1,Sin hacinamiento,2068965.5172413792
897,casa,venta,Valdivia,135000000.0,70.0,"Río Copiapo  SN, Las Animas, Valdivia",3,2.9,0.97,1,Sin hacinamiento,1928571.4285714286
898,casa,venta,Valdivia,260000000.0,125.0,"Av. Simpson 300 - 600, Valdivia, Sur De Valdivia, Valdivia",6,2.9,0.48,1,Sin hacinamiento,2080000.0
899,casa,venta,Valdivia,250000000.0,6.0,"Pje. Cudico, Valdivia, Valdivia",1,2.9,2.9,2,Hacinamiento medio,41666666.666666664
900,casa,venta,Valdivia,49000000.0,70.0,"P564-Ruta T-350, Valdivia, Los Ríos, Chile, Niebla, Valdivia",3,2.9,0.97,1,Sin hacinamiento,700000.0
901,casa,venta,Valdivia,165000000.0,67.0,"C. Qatar, Valdivia, Sur De Valdivia, Valdivia",3,2.9,0.97,1,Sin hacinamiento,2462686.567164179
902,casa,venta,Valdivia,251000000.0,180.0,"COIGUE QUITACALZON - RUTA T, Valdivia, Chile, Valdivia",9,2.9,0.32,1,Sin hacinamiento,1394444.4444444445
903,casa,venta,Valdivia,120840000.0,120.0,"San Luis 3512, Valdivia, Chile, Sur De Valdivia, Valdivia",6,2.9,0.48,1,Sin hacinamiento,1007000.0
904,casa,venta,Valdivia,396000000.0,157.0,"Pintor Ricardo Anwandter 122, 5111192 Valdivia, Los Ríos, Chile, Isla Teja, Valdivia",7,2.9,0.41,1,Sin hacinamiento,2522292.993630573
905,casa,venta,Mariquina,280000000.0,304.0,"Garcia Reyes, Mariquina",15,3.1,0.21,1,Sin hacinamiento,921052.6315789474
906,casa,venta,Mariquina,185000000.0,139.0,"8WC3+FG Pufudi, Mariquina, Chile, Mariquina",6,3.1,0.52,1,Sin hacinamiento,1330935.251798561
907,casa,venta,Mariquina,290000000.0,320.0,"Fundo Santa Julia , 11, Mariquina",16,3.1,0.19,1,Sin hacinamiento,906250.0
908,casa,venta,Mariquina,202000000.0,153.0,"Pelchuquín, Mariquina, Mariquina",7,3.1,0.44,1,Sin hacinamiento,1320261.4379084967
909,casa,venta,Mariquina,96000000.0,261.0,"Juan Manqueante 227, San José De Mariquina, Valdivia, Mariquina",13,3.1,0.24,1,Sin hacinamiento,367816.091954023
910,casa,venta,Mariquina,252000000.0,254.0,Mariquina,12,3.1,0.26,1,Sin hacinamiento,992125.9842519684
911,casa,venta,Mariquina,420000000.0,246.0,"Ruta 202, Mariquina, Mariquina",12,3.1,0.26,1,Sin hacinamiento,1707317.0731707318
912,casa,venta,Mariquina,85000000.0,61.0,"PUFUDI, Mariquina",3,3.1,1.03,1,Sin hacinamiento,1393442.6229508198
913,casa,venta,Mariquina,260000000.0,127.0,"C2VC+FV Asque, Mariquina, Chile, Mariquina",6,3.1,0.52,1,Sin hacinamiento,2047244.094488189
914,casa,venta,Mariquina,110000000.0,100.0,"Mehuín, Mariquina, Mariquina",5,3.1,0.62,1,Sin hacinamiento,1100000.0
915,casa,venta,Mariquina,312000000.0,50.0,"9WWH+9J Paico, Mariquina, Chile, Mariquina",2,3.1,1.55,1,Sin hacinamiento,6240000.0
916,casa,venta,Mariquina,90000000.0,187.0,"Juan Manqueante 227, San José De Mariquina, Valdivia, Mariquina",9,3.1,0.34,1,Sin hacinamiento,481283.42245989305
917,casa,venta,Mariquina,185000000.0,139.0,"Pufudi, Mariquina",6,3.1,0.52,1,Sin hacinamiento,1330935.251798561
919,casa,venta,Mariquina,220000000.0,122.0,"C2R9+5H Asque, Mariquina, Chile, Mariquina",6,3.1,0.52,1,Sin hacinamiento,1803278.68852459
920,casa,venta,Mariquina,288000000.0,165.0,"GX4P+C7 Puringe Rico, Mariquina, Chile, Mariquina",8,3.1,0.39,1,Sin hacinamiento,1745454.5454545454
921,casa,venta,Lanco,120000000.0,167.0,"Porvenir 360, Lanco, Valdivia, Lanco",8,3.2,0.4,1,Sin hacinamiento,718562.874251497
922,casa,venta,Lanco,380000000.0,210.0,"Parcela De 6.110m2 Mas Casa De 140m2, Galpon De 100m2, Jardines De 500m2, Lanco",10,3.2,0.32,1,Sin hacinamiento,1809523.8095238095
923,casa,venta,Lanco,120000000.0,140.0,"URBANO CON 2 CASAS EN MALALHUE - LANCO, Lanco",7,3.2,0.46,1,Sin hacinamiento,857142.8571428572
924,casa,venta,Lanco,1360000000.0,840.0,"Chile, Lanco",42,3.2,0.08,1,Sin hacinamiento,1619047.619047619
925,casa,venta,Lanco,380000000.0,220.0,"Chile, Lanco",11,3.2,0.29,1,Sin hacinamiento,1727272.7272727273
926,casa,venta,Lanco,148000000.0,180.0,Lanco,9,3.2,0.36,1,Sin hacinamiento,822222.2222222222
927,casa,venta,Lanco,153840000.0,150.0,Lanco,7,3.2,0.46,1,Sin hacinamiento,1025600.0
928,casa,venta,Lanco,122000000.0,100.0,"RUTA 203, KM16, Lanco",5,3.2,0.64,1,Sin hacinamiento,1220000.0
929,casa,venta,Lanco,96000000.0,85.0,"Manuel Rodríguez 484, Malalhue, Lanco, Lanco",4,3.2,0.8,1,Sin hacinamiento,1129411.7647058824
930,casa,venta,Los Lagos,260000000.0,90.0,"Oportunidad, Los Lagos",4,3.2,0.8,1,Sin hacinamiento,2888888.888888889
931,casa,venta,Los Lagos,130000000.0,135.0,"Purey, Los Lagos",6,3.2,0.53,1,Sin hacinamiento,962962.9629629629
932,casa,venta,Los Lagos,153000000.0,164.0,Los Lagos,8,3.2,0.4,1,Sin hacinamiento,932926.8292682926
933,casa,venta,Los Lagos,125000000.0,138.0,"Los Guapes, Los Lagos, Los Lagos",6,3.2,0.53,1,Sin hacinamiento,905797.1014492754
934,casa,venta,Los Lagos,210560000.0,230.0,"Centro Los Lagos, Los Lagos",11,3.2,0.29,1,Sin hacinamiento,915478.2608695652
935,casa,venta,Los Lagos,60000000.0,80.0,"Lipingue, Los Lagos",4,3.2,0.8,1,Sin hacinamiento,750000.0
936,casa,venta,Los Lagos,276000000.0,340.0,"Caupolican 138, Los Lagos, Valdivia, Los Lagos",17,3.2,0.19,1,Sin hacinamiento,811764.7058823529
937,casa,venta,Los Lagos,230000000.0,240.0,"Camino Antilhue, Sector Arique, Los Lagos",12,3.2,0.27,1,Sin hacinamiento,958333.3333333334
938,casa,venta,Los Lagos,152000000.0,180.0,"Riñihue, Los Lagos, Los Lagos",9,3.2,0.36,1,Sin hacinamiento,844444.4444444445
939,casa,venta,Los Lagos,78000000.0,75.0,"Osorno, 1, Los Lagos",3,3.2,1.07,1,Sin hacinamiento,1040000.0
940,casa,venta,Los Lagos,118000000.0,126.0,"Antilhue, Los Lagos, Chile, Los Lagos",6,3.2,0.53,1,Sin hacinamiento,936507.9365079365
941,casa,venta,Los Lagos,165000000.0,128.0,"Camino A Futrono Por Los Lagos, Los Lagos",6,3.2,0.53,1,Sin hacinamiento,1289062.5
942,casa,venta,Los Lagos,75000000.0,64.0,"COMUNA DE LOS LAGOS, Los Lagos",3,3.2,1.07,1,Sin hacinamiento,1171875.0
943,casa,venta,Los Lagos,50000000.0,60.0,"Linea De Tren, Los Lagos",3,3.2,1.07,1,Sin hacinamiento,833333.3333333334
944,casa,venta,Los Lagos,167000000.0,200.0,"52XJ+RQ Antilhue, Los Lagos, Chile, Los Lagos",10,3.2,0.32,1,Sin hacinamiento,835000.0
945,casa,venta,Los Lagos,250000000.0,250.0,"Antilhue, Los Lagos, Chile, Los Lagos",12,3.2,0.27,1,Sin hacinamiento,1000000.0
946,casa,venta,Los Lagos,252000000.0,272.0,"45XV+VR Los Lagos, Chile, Los Lagos",13,3.2,0.25,1,Sin hacinamiento,926470.5882352941
947,casa,venta,Los Lagos,250000000.0,199.0,Los Lagos,9,3.2,0.36,1,Sin hacinamiento,1256281.407035176
948,casa,venta,Los Lagos,70000000.0,42.0,"Sector Tomén, Los Lagos",2,3.2,1.6,1,Sin hacinamiento,1666666.6666666667
949,casa,venta,Los Lagos,400000000.0,125.0,Los Lagos,6,3.2,0.53,1,Sin hacinamiento,3200000.0
950,casa,venta,Los Lagos,65000000.0,51.0,"Osorno, Los Lagos, Los Lagos",2,3.2,1.6,1,Sin hacinamiento,1274509.8039215687
951,casa,venta,Los Lagos,105000000.0,160.0,"Huidif, Los Lagos, Los Lagos",8,3.2,0.4,1,Sin hacinamiento,656250.0
952,casa,venta,Los Lagos,151400000.0,279.0,"Tarapacá 206, 5170015 Valdivia, Los Lagos, Los Ríos, Chile, Los Lagos",13,3.2,0.25,1,Sin hacinamiento,542652.329749104
953,casa,venta,Los Lagos,940000000.0,300.0,Los Lagos,15,3.2,0.21,1,Sin hacinamiento,3133333.3333333335
954,casa,venta,Los Lagos,100000000.0,104.0,"Los Lagos, Los Lagos",5,3.2,0.64,1,Sin hacinamiento,961538.4615384615
955,casa,venta,Los Lagos,74480000.0,54.0,Los Lagos,2,3.2,1.6,1,Sin hacinamiento,1379259.2592592593
956,casa,venta,Los Lagos,900000000.0,438.0,Los Lagos,21,3.2,0.15,1,Sin hacinamiento,2054794.5205479453
957,casa,venta,Los Lagos,260000000.0,220.0,"Región De Los Ríos. Feria Zomonewenche., Los Lagos",11,3.2,0.29,1,Sin hacinamiento,1181818.1818181819
958,casa,venta,Los Lagos,377960000.0,10.0,Los Lagos,1,3.2,3.2,2,Hacinamiento medio,37796000.0
959,casa,venta,Los Lagos,120000000.0,60.0,"FUNDO COLO - COLO, Los Lagos",3,3.2,1.07,1,Sin hacinamiento,2000000.0
960,casa,venta,Los Lagos,252000000.0,70.0,"Riñihue, Los Lagos",3,3.2,1.07,1,Sin hacinamiento,3600000.0
961,casa,venta,Los Lagos,784000000.0,388.0,Los Lagos,19,3.2,0.17,1,Sin hacinamiento,2020618.5567010308
962,casa,venta,Los Lagos,270000000.0,249.0,"Osorno, Los Lagos, Los Lagos",12,3.2,0.27,1,Sin hacinamiento,1084337.3493975904
963,casa,venta,Los Lagos,152000000.0,131.0,"45XR+99, Los Lagos, Los Lagos",6,3.2,0.53,1,Sin hacinamiento,1160305.3435114503
964,casa,venta,Los Lagos,146000000.0,200.0,"4859+GW Folilco, Los Lagos, Chile, Los Lagos",10,3.2,0.32,1,Sin hacinamiento,730000.0
965,casa,venta,Los Lagos,115000000.0,55.0,"Osorno, Los Lagos, Los Lagos",2,3.2,1.6,1,Sin hacinamiento,2090909.0909090908
966,casa,venta,Los Lagos,175000000.0,124.0,"Estero Cuni, Los Lagos",6,3.2,0.53,1,Sin hacinamiento,1411290.322580645
967,casa,venta,Los Lagos,250000000.0,200.0,"Sector Bellavista - Los Lagos, Los Lagos",10,3.2,0.32,1,Sin hacinamiento,1250000.0
968,casa,venta,Los Lagos,115000000.0,200.0,Los Lagos,10,3.2,0.32,1,Sin hacinamiento,575000.0
969,casa,venta,Máfil,180000000.0,109.0,"Chiguao, Máfil, Máfil",5,3.1,0.62,1,Sin hacinamiento,1651376.1467889908
970,casa,venta,Máfil,432000000.0,340.0,"Condominio Los Arrayanes, Máfil",17,3.1,0.18,1,Sin hacinamiento,1270588.2352941176
971,casa,venta,Máfil,200000000.0,144.0,"Sector Runca, Máfil",7,3.1,0.44,1,Sin hacinamiento,1388888.888888889
972,casa,venta,Máfil,76000000.0,85.0,"Runca, Máfil, Chile, Máfil",4,3.1,0.78,1,Sin hacinamiento,894117.6470588235
973,casa,venta,Corral,720000000.0,200.0,"Caleta Huiro Lote 4 CORRAL, Corral",10,3.0,0.3,1,Sin hacinamiento,3600000.0
974,casa,venta,Futrono,460000000.0,336.0,"RPFJ+C2 Llifén, Futrono, Chile, Lago Ranco, Futrono",16,3.2,0.2,1,Sin hacinamiento,1369047.619047619
975,casa,venta,Futrono,520000000.0,242.0,"Condominio En Lago Ranco Ribera Norte, Lago Ranco, Futrono",12,3.2,0.27,1,Sin hacinamiento,2148760.3305785125
976,casa,venta,Futrono,1200000000.0,487.0,"Condominio Mirador, Ranco, Lago Ranco, Futrono",24,3.2,0.13,1,Sin hacinamiento,2464065.7084188913
977,casa,venta,Futrono,800000000.0,247.0,"Condominio Cercano A Futrono, Futrono",12,3.2,0.27,1,Sin hacinamiento,3238866.396761134
979,casa,venta,Futrono,1280000000.0,490.0,"LLIFEN / LAGO RANCO, Lago Ranco, Futrono",24,3.2,0.13,1,Sin hacinamiento,2612244.897959184
980,casa,venta,Futrono,1000000000.0,435.0,"HOTEL BOUTIQUE / FUTRONO / RANCO, Localidad De Futrono, Futrono",21,3.2,0.15,1,Sin hacinamiento,2298850.574712644
981,casa,venta,Futrono,250000000.0,170.0,Futrono,8,3.2,0.4,1,Sin hacinamiento,1470588.2352941176
982,casa,venta,Futrono,996000000.0,450.0,"VH79+QJ Puerto Squella, Futrono, Chile, Lago Ranco, Futrono",22,3.2,0.15,1,Sin hacinamiento,2213333.3333333335
983,casa,venta,Futrono,195000000.0,220.0,"Futrono, Futrono",11,3.2,0.29,1,Sin hacinamiento,886363.6363636364
984,casa,venta,Futrono,420000000.0,286.0,"Llifén - Futrono - Los Ríos - Lago Ranco - SUBDIVISIBLE, Lago Ranco, Futrono",14,3.2,0.23,1,Sin hacinamiento,1468531.4685314684
985,casa,venta,Futrono,999600000.0,487.0,"VH99+WM Puerto Squella, Futrono, Chile, Lago Ranco, Futrono",24,3.2,0.13,1,Sin hacinamiento,2052566.7351129362
986,casa,venta,Futrono,880000000.0,270.0,"Futrono, Lago Ranco",13,3.2,0.25,1,Sin hacinamiento,3259259.2592592593
987,casa,venta,Futrono,1040000000.0,350.0,Futrono,17,3.2,0.19,1,Sin hacinamiento,2971428.5714285714
988,casa,venta,Futrono,2480000000.0,115.0,"Lago Ranco, Futrono",5,3.2,0.64,1,Sin hacinamiento,21565217.391304348
989,casa,venta,Futrono,65000000.0,138.0,"Llifen, Futrono, Chile, Lago Ranco, Futrono",6,3.2,0.53,1,Sin hacinamiento,471014.49275362317
990,casa,venta,Futrono,900000000.0,271.0,"RJWR+7Q Futrono, Chile, Lago Ranco, Futrono",13,3.2,0.25,1,Sin hacinamiento,3321033.2103321035
991,casa,venta,Futrono,996000000.0,440.0,Futrono,22,3.2,0.15,1,Sin hacinamiento,2263636.3636363638
992,casa,venta,Futrono,720000000.0,330.0,"Futrono, Los Ríos, 5180000, Chile, Lago Ranco, Futrono",16,3.2,0.2,1,Sin hacinamiento,2181818.1818181816
993,casa,venta,Futrono,980000000.0,418.0,"Chile, Localidad De Futrono, Futrono",20,3.2,0.16,1,Sin hacinamiento,2344497.6076555024
994,casa,venta,Futrono,184000000.0,98.0,"Localidad De Futrono, Futrono",4,3.2,0.8,1,Sin hacinamiento,1877551.0204081633
995,casa,venta,Futrono,520000000.0,243.0,"Localidad De Futrono, Futrono",12,3.2,0.27,1,Sin hacinamiento,2139917.695473251
996,casa,venta,Futrono,560000000.0,200.0,"Lago Ranco, Futrono",10,3.2,0.32,1,Sin hacinamiento,2800000.0
997,casa,venta,Futrono,400000000.0,350.0,Futrono,17,3.2,0.19,1,Sin hacinamiento,1142857.142857143
998,casa,venta,Futrono,1440000000.0,5.0,"Chile, Localidad De Futrono, Futrono",1,3.2,3.2,2,Hacinamiento medio,288000000.0
999,casa,venta,Futrono,280000000.0,135.0,"Localidad De Futrono, Futrono",6,3.2,0.53,1,Sin hacinamiento,2074074.0740740742
1000,casa,venta,Futrono,110000000.0,120.0,"Lago Ranco, Futrono",6,3.2,0.53,1,Sin hacinamiento,916666.6666666666
1001,casa,venta,Futrono,460000000.0,250.0,"Cun Cun, Localidad De Futrono, Futrono",12,3.2,0.27,1,Sin hacinamiento,1840000.0
1002,casa,venta,Futrono,130000000.0,85.0,"Lumaco, Localidad De Futrono, Futrono",4,3.2,0.8,1,Sin hacinamiento,1529411.7647058824
1003,casa,venta,Futrono,105000000.0,121.0,"Nva Uno, Futrono, Localidad De Futrono, Futrono",6,3.2,0.53,1,Sin hacinamiento,867768.5950413223
1004,casa,venta,Futrono,350000000.0,100.0,"Localidad De Futrono, Futrono",5,3.2,0.64,1,Sin hacinamiento,3500000.0
1005,casa,venta,Futrono,800000000.0,320.0,"Altos Del Lago Ranco, Futrono",16,3.2,0.2,1,Sin hacinamiento,2500000.0
1006,casa,venta,Futrono,540000000.0,243.0,"Condominio Golfo Azul, 1 - 300, Lago Ranco, Futrono",12,3.2,0.27,1,Sin hacinamiento,2222222.222222222
1007,casa,venta,Futrono,552000000.0,200.0,Futrono,10,3.2,0.32,1,Sin hacinamiento,2760000.0
1008,casa,venta,Futrono,180000000.0,171.0,"Chile, Futrono",8,3.2,0.4,1,Sin hacinamiento,1052631.5789473683
1009,casa,venta,Futrono,996000000.0,604.0,"Futrono, Lago Ranco",30,3.2,0.11,1,Sin hacinamiento,1649006.6225165562
1010,casa,venta,Futrono,460000000.0,200.0,"Localidad De Futrono, Futrono",10,3.2,0.32,1,Sin hacinamiento,2300000.0
1011,casa,venta,Futrono,556000000.0,236.0,"Bahia Coiquue, Localidad De Futrono, Futrono",11,3.2,0.29,1,Sin hacinamiento,2355932.2033898304
1012,casa,venta,Futrono,608000000.0,180.0,"Neltume, Futrono",9,3.2,0.36,1,Sin hacinamiento,3377777.777777778
1013,casa,venta,Futrono,440000000.0,186.0,Futrono,9,3.2,0.36,1,Sin hacinamiento,2365591.3978494625
1014,casa,venta,Futrono,1000000000.0,290.0,Futrono,14,3.2,0.23,1,Sin hacinamiento,3448275.8620689656
1015,casa,venta,Futrono,1112000000.0,580.0,"Futrono, Lago Ranco",29,3.2,0.11,1,Sin hacinamiento,1917241.3793103448
1016,casa,venta,Futrono,1600000000.0,500.0,"Futrono, Localidad De Futrono",25,3.2,0.13,1,Sin hacinamiento,3200000.0
1017,casa,venta,Futrono,720000000.0,260.0,"Futrono, Localidad De Futrono",13,3.2,0.25,1,Sin hacinamiento,2769230.769230769
1018,casa,venta,Futrono,1280000000.0,600.0,"Futrono, Lago Ranco",30,3.2,0.11,1,Sin hacinamiento,2133333.3333333335
1019,casa,venta,Futrono,500000000.0,199.0,"Futrono, Lago Ranco",9,3.2,0.36,1,Sin hacinamiento,2512562.814070352
1020,casa,venta,Futrono,544000000.0,382.0,Futrono,19,3.2,0.17,1,Sin hacinamiento,1424083.7696335078
1021,casa,venta,Futrono,440000000.0,140.0,"Chile, Localidad De Futrono, Futrono",7,3.2,0.46,1,Sin hacinamiento,3142857.1428571427
1022,casa,venta,Futrono,150000000.0,110.0,"EN VENTA DERECHOS DE PROPIEDAD CASA EN FUTRONO, Localidad De Futrono, Futrono",5,3.2,0.64,1,Sin hacinamiento,1363636.3636363635
1023,casa,venta,Futrono,668000000.0,350.0,"Futrono, Lago Ranco",17,3.2,0.19,1,Sin hacinamiento,1908571.4285714286
1024,casa,venta,Futrono,120000000.0,63.0,"Sector Los Castaños, Localidad De Futrono, Futrono",3,3.2,1.07,1,Sin hacinamiento,1904761.9047619049
1025,casa,venta,Futrono,680000000.0,340.0,Futrono,17,3.2,0.19,1,Sin hacinamiento,2000000.0
1026,casa,venta,Futrono,400000000.0,160.0,"Futrono, Localidad De Futrono",8,3.2,0.4,1,Sin hacinamiento,2500000.0
1027,casa,venta,Futrono,620000000.0,200.0,"Puerto De Rosas, Futrono",10,3.2,0.32,1,Sin hacinamiento,3100000.0
1028,casa,venta,Futrono,440000000.0,139.0,Futrono,6,3.2,0.53,1,Sin hacinamiento,3165467.6258992804
1030,casa,venta,Futrono,440000000.0,260.0,"Futrono Fundo Leona Ranco, Futrono",13,3.2,0.25,1,Sin hacinamiento,1692307.6923076923
1032,casa,venta,Futrono,520000000.0,242.0,"Futrono, Localidad De Futrono",12,3.2,0.27,1,Sin hacinamiento,2148760.3305785125
1033,casa,venta,Futrono,1520000000.0,520.0,Futrono,26,3.2,0.12,1,Sin hacinamiento,2923076.923076923
1034,casa,venta,Futrono,640000000.0,435.0,"Chile, Localidad De Futrono, Futrono",21,3.2,0.15,1,Sin hacinamiento,1471264.367816092
1036,casa,venta,Futrono,540000000.0,120.0,"Chile, Localidad De Futrono, Futrono",6,3.2,0.53,1,Sin hacinamiento,4500000.0
1037,casa,venta,Futrono,560000000.0,160.0,"Fundo Leona, Futrono, Futrono",8,3.2,0.4,1,Sin hacinamiento,3500000.0
1039,casa,venta,Futrono,175000000.0,120.0,"Juan Luis Sanfuentes 55, Futrono, Chile, Localidad De Futrono, Futrono",6,3.2,0.53,1,Sin hacinamiento,1458333.3333333333
1040,casa,venta,Futrono,280000000.0,185.0,Futrono,9,3.2,0.36,1,Sin hacinamiento,1513513.5135135136
1041,casa,venta,Futrono,820000000.0,310.0,"Marina Ranco, Futrono, Los Ríos, Lago Ranco, Futrono",15,3.2,0.21,1,Sin hacinamiento,2645161.290322581
1042,casa,venta,Futrono,712000000.0,410.0,Futrono,20,3.2,0.16,1,Sin hacinamiento,1736585.3658536586
1043,casa,venta,Futrono,554000000.0,200.0,"Neltume, Futrono",10,3.2,0.32,1,Sin hacinamiento,2770000.0
1044,casa,venta,Futrono,800000000.0,5.0,"Chile, Localidad De Futrono, Futrono",1,3.2,3.2,2,Hacinamiento medio,160000000.0
1045,casa,venta,Futrono,560000000.0,286.0,"Futrono, Lago Ranco",14,3.2,0.23,1,Sin hacinamiento,1958041.958041958
1046,casa,venta,Futrono,1680000000.0,415.0,"Llifén, Lago Ranco, Futrono",20,3.2,0.16,1,Sin hacinamiento,4048192.7710843375
1047,casa,venta,Futrono,700000000.0,350.0,"Futrono, Localidad De Futrono",17,3.2,0.19,1,Sin hacinamiento,2000000.0
1048,casa,venta,Futrono,872000000.0,300.0,"Futrono, Localidad De Futrono",15,3.2,0.21,1,Sin hacinamiento,2906666.6666666665
1049,casa,venta,Futrono,140000000.0,110.0,"Chile, Localidad De Futrono, Futrono",5,3.2,0.64,1,Sin hacinamiento,1272727.2727272727
1050,casa,venta,Futrono,178880000.0,160.0,"Futrono, Localidad De Futrono",8,3.2,0.4,1,Sin hacinamiento,1118000.0
1051,casa,venta,Futrono,70000000.0,48.0,"Villa Volcanes, Localidad De Futrono, Futrono",2,3.2,1.6,1,Sin hacinamiento,1458333.3333333333
1052,casa,venta,Futrono,500000000.0,199.0,Futrono,9,3.2,0.36,1,Sin hacinamiento,2512562.814070352
1053,casa,venta,Futrono,370000000.0,139.0,"Futrono, Localidad De Futrono",6,3.2,0.53,1,Sin hacinamiento,2661870.503597122
1054,casa,venta,Futrono,360000000.0,139.0,"Fundo El Mirador, Futrono, Futrono",6,3.2,0.53,1,Sin hacinamiento,2589928.0575539568
1055,casa,venta,Futrono,720000000.0,300.0,"Bahia Coique, Ranco, Futrono",15,3.2,0.21,1,Sin hacinamiento,2400000.0
1056,casa,venta,Futrono,440000000.0,139.0,Futrono,6,3.2,0.53,1,Sin hacinamiento,3165467.6258992804
1057,casa,venta,Futrono,360000000.0,100.0,"Los Nogales 243, Futrono, Los Ríos, Chile, Futrono",5,3.2,0.64,1,Sin hacinamiento,3600000.0
1058,casa,venta,Futrono,130000000.0,202.0,"Nva Uno 1200 - 1500, Futrono, Localidad De Futrono, Futrono",10,3.2,0.32,1,Sin hacinamiento,643564.3564356435
1059,casa,venta,Futrono,49600000.0,36.0,"QPXW+PH, Llifén, Futrono, Los Ríos, Chile, Lago Ranco, Futrono",1,3.2,3.2,2,Hacinamiento medio,1377777.7777777778
1060,casa,venta,Futrono,740000000.0,400.0,"Bahía Coique, Futrono, Lago Ranco, Futrono",20,3.2,0.16,1,Sin hacinamiento,1850000.0
1061,casa,venta,Futrono,560000000.0,243.0,"Futrono, Localidad De Futrono",12,3.2,0.27,1,Sin hacinamiento,2304526.7489711936
1062,casa,venta,Futrono,880000000.0,270.0,"Futrono, Localidad De Futrono",13,3.2,0.25,1,Sin hacinamiento,3259259.2592592593
1063,casa,venta,La Unión,115000000.0,78.0,"Villa Los Parques #520, La Unión",3,3.1,1.03,1,Sin hacinamiento,1474358.9743589743
1064,casa,venta,La Unión,372760000.0,200.0,"CAUPÓLICAN, La Unión",10,3.1,0.31,1,Sin hacinamiento,1863800.0
1065,casa,venta,La Unión,240000000.0,190.0,La Unión,9,3.1,0.34,1,Sin hacinamiento,1263157.894736842
1066,casa,venta,La Unión,266000000.0,200.0,"Sector Pampa Negrón, La Unión",10,3.1,0.31,1,Sin hacinamiento,1330000.0
1067,casa,venta,La Unión,388000000.0,342.0,"Riquelme 1004, La Unión, La Unión",17,3.1,0.18,1,Sin hacinamiento,1134502.923976608
1068,casa,venta,La Unión,220000000.0,225.0,"Villa Verde 1 - 300, La Unión",11,3.1,0.28,1,Sin hacinamiento,977777.7777777778
1069,casa,venta,La Unión,400000000.0,303.0,La Unión,15,3.1,0.21,1,Sin hacinamiento,1320132.01320132
1070,casa,venta,La Unión,151840000.0,150.0,"CASA CAMPESTRE DE 150 M2 EN PARCELA DE 5000M2, La Unión",7,3.1,0.44,1,Sin hacinamiento,1012266.6666666666
1071,casa,venta,La Unión,36000000.0,50.0,"SECTOR TRUMAO, La Unión",2,3.1,1.55,1,Sin hacinamiento,720000.0
1072,casa,venta,La Unión,160000000.0,180.0,"Serrano 845, Ranco, La Unión, La Unión",9,3.1,0.34,1,Sin hacinamiento,888888.8888888889
1073,casa,venta,La Unión,234120000.0,225.0,"Eleuterio Ramírez 1473, La Unión, Chile, La Unión",11,3.1,0.28,1,Sin hacinamiento,1040533.3333333334
1074,casa,venta,La Unión,392000000.0,320.0,La Unión,16,3.1,0.19,1,Sin hacinamiento,1225000.0
1075,casa,venta,La Unión,180400000.0,138.0,"Arturo Prat 1187, La Unión, Chile, La Unión",6,3.1,0.52,1,Sin hacinamiento,1307246.3768115942
1076,casa,venta,La Unión,250000000.0,305.0,"Cam. La Flor, La Unión, La Unión",15,3.1,0.21,1,Sin hacinamiento,819672.131147541
1077,casa,venta,La Unión,75000000.0,95.0,"Meliton Montesinos, La Unión",4,3.1,0.78,1,Sin hacinamiento,789473.6842105263
1078,casa,venta,La Unión,130000000.0,140.0,"RAPACO, La Unión",7,3.1,0.44,1,Sin hacinamiento,928571.4285714285
1079,casa,venta,La Unión,270000000.0,278.0,La Unión,13,3.1,0.24,1,Sin hacinamiento,971223.0215827338
1080,casa,venta,La Unión,150000000.0,165.0,"Pasaje Las Dalias, La Unión",8,3.1,0.39,1,Sin hacinamiento,909090.9090909091
1081,casa,venta,La Unión,140000000.0,190.0,"La Unión, Chile, La Unión",9,3.1,0.34,1,Sin hacinamiento,736842.1052631579
1082,casa,venta,La Unión,260000000.0,230.0,La Unión,11,3.1,0.28,1,Sin hacinamiento,1130434.7826086956
1083,casa,venta,La Unión,1720000000.0,420.0,La Unión,21,3.1,0.15,1,Sin hacinamiento,4095238.095238095
1084,casa,venta,La Unión,250000000.0,330.0,"La Unión, Chile, La Unión",16,3.1,0.19,1,Sin hacinamiento,757575.7575757576
1085,casa,venta,La Unión,308800000.0,120.0,"Arturo Prat N°447, La Unión",6,3.1,0.52,1,Sin hacinamiento,2573333.3333333335
1086,casa,venta,La Unión,220000000.0,130.0,"Manuel Rodriguez 946, La Unión",6,3.1,0.52,1,Sin hacinamiento,1692307.6923076923
1087,casa,venta,La Unión,95000100.0,53.0,"T-210, La Unión",2,3.1,1.55,1,Sin hacinamiento,1792454.716981132
1088,casa,venta,La Unión,62000000.0,50.0,"Los Esteros S/n°, La Unión",2,3.1,1.55,1,Sin hacinamiento,1240000.0
1089,casa,venta,La Unión,1520000000.0,540.0,La Unión,27,3.1,0.11,1,Sin hacinamiento,2814814.814814815
1090,casa,venta,La Unión,180000000.0,126.0,La Unión,6,3.1,0.52,1,Sin hacinamiento,1428571.4285714286
1091,casa,venta,La Unión,190000000.0,140.0,"T-75 1 - 300, Puerto Nuevo, La Unión, Los Ríos, Chile, La Unión",7,3.1,0.44,1,Sin hacinamiento,1357142.857142857
1092,casa,venta,La Unión,314000000.0,208.0,La Unión,10,3.1,0.31,1,Sin hacinamiento,1509615.3846153845
1093,casa,venta,La Unión,336000000.0,6.0,La Unión,1,3.1,3.1,2,Hacinamiento medio,56000000.0
1094,casa,venta,La Unión,180000000.0,185.0,"LA UNION, La Unión",9,3.1,0.34,1,Sin hacinamiento,972972.972972973
1095,casa,venta,La Unión,120000000.0,51.0,"Arturo Prat 1 - 300, La Unión, La Unión",2,3.1,1.55,1,Sin hacinamiento,2352941.1764705884
1096,casa,venta,La Unión,75000000.0,53.0,"Pje. Nueva Esperanza 300 - 600, La Unión, La Unión",2,3.1,1.55,1,Sin hacinamiento,1415094.3396226414
1097,casa,venta,La Unión,100000000.0,72.0,La Unión,3,3.1,1.03,1,Sin hacinamiento,1388888.888888889
1098,casa,venta,La Unión,110400000.0,136.0,"Javiera Carrera 1 - 300, La Unión, La Unión",6,3.1,0.52,1,Sin hacinamiento,811764.7058823529
1099,casa,venta,La Unión,380000000.0,250.0,"PXP5+87 La Unión, Chile, La Unión",12,3.1,0.26,1,Sin hacinamiento,1520000.0
1100,casa,venta,La Unión,130000000.0,138.0,"PVQ3+6G La Unión, Chile, La Unión",6,3.1,0.52,1,Sin hacinamiento,942028.9855072463
1101,casa,venta,La Unión,140000000.0,100.0,"Eleuterio Ramírez 1625, 5220459 La Unión, Los Ríos, Chile, La Unión",5,3.1,0.62,1,Sin hacinamiento,1400000.0
1102,casa,venta,La Unión,220000000.0,211.0,"MVX8+85 Vista Hermosa, La Unión, Chile, La Unión",10,3.1,0.31,1,Sin hacinamiento,1042654.028436019
1103,casa,venta,La Unión,316000000.0,260.0,"Puerto Nuevo, La Unión, La Unión",13,3.1,0.24,1,Sin hacinamiento,1215384.6153846155
1104,casa,venta,La Unión,340000000.0,285.0,La Unión,14,3.1,0.22,1,Sin hacinamiento,1192982.4561403508
1105,casa,venta,La Unión,130000000.0,137.0,"PVQ3+4M La Unión, Chile, La Unión",6,3.1,0.52,1,Sin hacinamiento,948905.109489051
1106,casa,venta,La Unión,260000000.0,133.0,"Camino La Flor, La Unión, La Unión",6,3.1,0.52,1,Sin hacinamiento,1954887.2180451127
1107,casa,venta,La Unión,221080000.0,179.0,"Altos San Isidro Parcela 11 Sector Rapaco La Unión, La Unión",8,3.1,0.39,1,Sin hacinamiento,1235083.7988826816
1108,casa,venta,La Unión,2500000000.0,500.0,"VENTA PARCELA 1HA + CASA + GALPON 1.300MT2 - RIO BUENO, La Unión",25,3.1,0.12,1,Sin hacinamiento,5000000.0
1109,casa,venta,La Unión,250000000.0,175.0,"Rapaco - Alto San Isidro, La Unión",8,3.1,0.39,1,Sin hacinamiento,1428571.4285714286
1110,casa,venta,La Unión,280000000.0,260.0,"Puente Presidente Ibañez, La Unión",13,3.1,0.24,1,Sin hacinamiento,1076923.076923077
1111,casa,venta,La Unión,340000000.0,285.0,"Lomas De Cudico, La Unión",14,3.1,0.22,1,Sin hacinamiento,1192982.4561403508
1112,casa,venta,La Unión,160000000.0,161.0,"Caupolicán 1092, La Unión, La Unión",8,3.1,0.39,1,Sin hacinamiento,993788.8198757764
1113,casa,venta,La Unión,180000000.0,10.0,"Q595+J9, Los Esteros, La Unión, La Unión",1,3.1,3.1,2,Hacinamiento medio,18000000.0
1114,casa,venta,La Unión,65000000.0,32.0,"Puerto Nuevo, La Unión, La Unión",1,3.1,3.1,2,Hacinamiento medio,2031250.0
1115,casa,venta,La Unión,108000000.0,198.0,"Rio Bueno  SN, La Unión",9,3.1,0.34,1,Sin hacinamiento,545454.5454545454
1116,casa,venta,La Unión,320000000.0,285.0,La Unión,14,3.1,0.22,1,Sin hacinamiento,1122807.0175438595
1117,casa,venta,Río Bueno,70000000.0,64.0,"Sector Rucatayo Alto, A 20 Min. De Entre Lagos Y Playa Mantilhue, Río Bueno",3,3.2,1.07,1,Sin hacinamiento,1093750.0
1118,casa,venta,Río Bueno,455840000.0,150.0,"La Florida, Río Bueno",7,3.2,0.46,1,Sin hacinamiento,3038933.3333333335
1119,casa,venta,Río Bueno,690000000.0,300.0,"Excelente Conectividad A Ruta 5 Sur, A 10 Min. De Rio Bueno Y 20 Min. De Osorno, Río Bueno",15,3.2,0.21,1,Sin hacinamiento,2300000.0
1120,casa,venta,Río Bueno,89000000.0,71.0,"Lisandro Acevedo, Condominio La Cantera., Río Bueno",3,3.2,1.07,1,Sin hacinamiento,1253521.1267605633
1121,casa,venta,Río Bueno,85000000.0,120.0,"Parque Y Plaza De Juegos Villa Bicentenario, Rio Bueno, Río Bueno, Chile, Río Bueno",6,3.2,0.53,1,Sin hacinamiento,708333.3333333334
1122,casa,venta,Río Bueno,85000000.0,46.0,"Margot Duhalde 1 - 300, Río Bueno",2,3.2,1.6,1,Sin hacinamiento,1847826.0869565217
1123,casa,venta,Río Bueno,87000000.0,53.0,"Piruco 1 - 300, Río Bueno",2,3.2,1.6,1,Sin hacinamiento,1641509.433962264
1124,casa,venta,Río Bueno,165000000.0,132.0,"18 DE SEPTIEMBRE RÍO BUENO, Río Bueno",6,3.2,0.53,1,Sin hacinamiento,1250000.0
1125,casa,venta,Río Bueno,260000000.0,233.0,"H37M+6V, Trafun, Río Bueno, Los Ríos, Chile, Río Bueno",11,3.2,0.29,1,Sin hacinamiento,1115879.8283261803
1126,casa,venta,Río Bueno,230000000.0,300.0,"Blanco Encalada 638, Rio Bueno, Río Bueno, Río Bueno",15,3.2,0.21,1,Sin hacinamiento,766666.6666666666
1127,casa,venta,Río Bueno,144000000.0,252.0,"RIO BUENO CASA, Río Bueno",12,3.2,0.27,1,Sin hacinamiento,571428.5714285715
1128,casa,venta,Río Bueno,250000000.0,124.0,"Independencia 1436, Rio Bueno, Río Bueno, Río Bueno",6,3.2,0.53,1,Sin hacinamiento,2016129.0322580645
1129,casa,venta,Río Bueno,70000000.0,64.0,Río Bueno,3,3.2,1.07,1,Sin hacinamiento,1093750.0
1130,casa,venta,Río Bueno,95000000.0,50.0,"Diego Portales, 750, Río Bueno",2,3.2,1.6,1,Sin hacinamiento,1900000.0
1131,casa,venta,Río Bueno,90000000.0,91.0,"Crucero, Río Bueno, Chile, Río Bueno",4,3.2,0.8,1,Sin hacinamiento,989010.989010989
1132,casa,venta,Río Bueno,175000000.0,106.0,"Trafun, Rio Bueno, Río Bueno",5,3.2,0.64,1,Sin hacinamiento,1650943.3962264152
1133,casa,venta,Río Bueno,68760000.0,60.0,"Trapi, Rio Bueno, Río Bueno",3,3.2,1.07,1,Sin hacinamiento,1146000.0
1134,casa,venta,Río Bueno,150000000.0,120.0,"T-99-U, Trafun, Río Bueno, Río Bueno",6,3.2,0.53,1,Sin hacinamiento,1250000.0
1135,casa,venta,Río Bueno,165000000.0,120.0,"T-99-U, Trafun, Río Bueno, Río Bueno",6,3.2,0.53,1,Sin hacinamiento,1375000.0
1136,casa,venta,Río Bueno,192000000.0,91.0,Río Bueno,4,3.2,0.8,1,Sin hacinamiento,2109890.10989011
1137,casa,venta,Río Bueno,230000000.0,255.0,"San Martín 1665, Rio Bueno, Río Bueno, Río Bueno",12,3.2,0.27,1,Sin hacinamiento,901960.7843137255
1138,casa,venta,Río Bueno,325000000.0,205.0,"P55W+88 Las Golondrinas, Río Bueno, Chile, Río Bueno",10,3.2,0.32,1,Sin hacinamiento,1585365.8536585367
1139,casa,venta,Río Bueno,68760000.0,60.0,"Trapi SN, Río Bueno, Río Bueno",3,3.2,1.07,1,Sin hacinamiento,1146000.0
1140,casa,venta,Río Bueno,900000000.0,1.0,"ESQUINA CON OHIGGINS, Río Bueno",1,3.2,3.2,2,Hacinamiento medio,900000000.0
1141,casa,venta,Río Bueno,48360000.0,38.0,"Mackenna 1918, Rio Bueno, Río Bueno, Río Bueno",1,3.2,3.2,2,Hacinamiento medio,1272631.5789473683
1142,casa,venta,Río Bueno,80000000.0,110.0,"Mansun (Bueyes), Rio Bueno, Río Bueno, Río Bueno",5,3.2,0.64,1,Sin hacinamiento,727272.7272727273
1143,casa,venta,Río Bueno,164000000.0,130.0,"Rio Bueno, Río Bueno",6,3.2,0.53,1,Sin hacinamiento,1261538.4615384615
1144,casa,venta,Panguipulli,180000000.0,108.0,Panguipulli,5,3.2,0.64,1,Sin hacinamiento,1666666.6666666667
1145,casa,venta,Panguipulli,1114000000.0,280.0,"A Cinco Minutos Del Pueblo De De Panguipulli, Lago Panguipulli, Panguipulli",14,3.2,0.23,1,Sin hacinamiento,3978571.4285714286
1146,casa,venta,Panguipulli,1940000000.0,767.0,"A 7km De Playa Monje, Lago Panguipulli, Panguipulli",38,3.2,0.08,1,Sin hacinamiento,2529335.0717079532
1147,casa,venta,Panguipulli,680000000.0,250.0,"Condominio Cercano Al Pueblo De Panguipulli, Lago Panguipulli, Panguipulli",12,3.2,0.27,1,Sin hacinamiento,2720000.0
1148,casa,venta,Panguipulli,296000000.0,240.0,"Km 7 Camino Internacional, Lago Calafquén, Panguipulli",12,3.2,0.27,1,Sin hacinamiento,1233333.3333333333
1149,casa,venta,Panguipulli,2388000000.0,880.0,"Sector Niltre, Lago Panguipulli, Panguipulli",44,3.2,0.07,1,Sin hacinamiento,2713636.3636363638
1150,casa,venta,Panguipulli,156000000.0,90.0,"Manuel Rodríguez, Panguipulli, Lago Panguipulli, Panguipulli",4,3.2,0.8,1,Sin hacinamiento,1733333.3333333333
1151,casa,venta,Panguipulli,596000000.0,340.0,"CWJH+MH Nomeco, Panguipulli, Chile, Lago Calafquén, Panguipulli",17,3.2,0.19,1,Sin hacinamiento,1752941.1764705882
1152,casa,venta,Panguipulli,920000000.0,250.0,Panguipulli,12,3.2,0.27,1,Sin hacinamiento,3680000.0
1153,casa,venta,Panguipulli,204000000.0,115.0,"Panguipulli, Lago Panguipulli",5,3.2,0.64,1,Sin hacinamiento,1773913.043478261
1154,casa,venta,Panguipulli,580000000.0,196.0,"Sector Puyumen, Lago Panguipulli, Panguipulli",9,3.2,0.36,1,Sin hacinamiento,2959183.673469388
1155,casa,venta,Panguipulli,252000000.0,250.0,"Panguipulli, Chile, Lago Panguipulli, Panguipulli",12,3.2,0.27,1,Sin hacinamiento,1008000.0
1156,casa,venta,Panguipulli,640000000.0,225.0,"J.B. Etchegaray, Panguipulli, Lago Panguipulli, Panguipulli",11,3.2,0.29,1,Sin hacinamiento,2844444.4444444445
1157,casa,venta,Panguipulli,1040000000.0,250.0,"Panguipulli, Lago Panguipulli, Panguipulli",12,3.2,0.27,1,Sin hacinamiento,4160000.0
1158,casa,venta,Panguipulli,222720000.0,180.0,Panguipulli,9,3.2,0.36,1,Sin hacinamiento,1237333.3333333333
1159,casa,venta,Panguipulli,476000000.0,217.0,"Pilinhue, Panguipulli, Chile, Lago Calafquén, Panguipulli",10,3.2,0.32,1,Sin hacinamiento,2193548.3870967743
1160,casa,venta,Panguipulli,130000000.0,110.0,"GENERAL IBAÑEZ, Lago Panguipulli, Panguipulli",5,3.2,0.64,1,Sin hacinamiento,1181818.1818181819
1161,casa,venta,Panguipulli,130000000.0,81.0,"Coñaripe, 1 - 300, Panguipulli",4,3.2,0.8,1,Sin hacinamiento,1604938.2716049382
1162,casa,venta,Panguipulli,368000000.0,140.0,"Región De Los Rios, Lago Panguipulli, Panguipulli",7,3.2,0.46,1,Sin hacinamiento,2628571.4285714286
1163,casa,venta,Panguipulli,680000000.0,300.0,"Panguipulli, Lago Panguipulli",15,3.2,0.21,1,Sin hacinamiento,2266666.6666666665
1164,casa,venta,Panguipulli,368000000.0,140.0,"9RW2+7F Pullinque, Panguipulli, Chile, Panguipulli",7,3.2,0.46,1,Sin hacinamiento,2628571.4285714286
1165,casa,venta,Panguipulli,79000000.0,100.0,"Panguipulli, Lago Panguipulli",5,3.2,0.64,1,Sin hacinamiento,790000.0
1166,casa,venta,Panguipulli,920000000.0,400.0,"Panguipulli, Lago Panguipulli",20,3.2,0.16,1,Sin hacinamiento,2300000.0
1167,casa,venta,Panguipulli,636000000.0,5.0,"Condominio Pilinhue 2 Parcela 17, 0, Lago Calafquén, Panguipulli",1,3.2,3.2,2,Hacinamiento medio,127200000.0
1168,casa,venta,Panguipulli,90000000.0,88.0,"Panguipulli, Lago Panguipulli",4,3.2,0.8,1,Sin hacinamiento,1022727.2727272727
1169,casa,venta,Panguipulli,636000000.0,225.0,"Panguipulli, Lago Panguipulli",11,3.2,0.29,1,Sin hacinamiento,2826666.6666666665
1170,casa,venta,Panguipulli,200000000.0,200.0,"Neltume, Panguipulli",10,3.2,0.32,1,Sin hacinamiento,1000000.0
1171,casa,venta,Panguipulli,760000000.0,388.0,Panguipulli,19,3.2,0.17,1,Sin hacinamiento,1958762.8865979381
1172,casa,venta,Panguipulli,295000000.0,241.0,"Huilo-Huilo, Panguipulli, Chile, Panguipulli",12,3.2,0.27,1,Sin hacinamiento,1224066.3900414938
1173,casa,venta,Panguipulli,340000000.0,244.0,"Chile, Panguipulli",12,3.2,0.27,1,Sin hacinamiento,1393442.6229508198
1174,casa,venta,Panguipulli,119600000.0,65.0,"Lago Panguipulli, Panguipulli",3,3.2,1.07,1,Sin hacinamiento,1840000.0
1175,casa,venta,Panguipulli,680000000.0,5.0,"9M4P+VX Panguipulli, Chile, Lago Panguipulli, Panguipulli",1,3.2,3.2,2,Hacinamiento medio,136000000.0
1176,casa,venta,Panguipulli,180000000.0,70.0,"Lago Panguipulli, Panguipulli",3,3.2,1.07,1,Sin hacinamiento,2571428.5714285714
1177,casa,venta,Panguipulli,144000000.0,80.0,"Ramón Freire 300, Panguipulli, Lago Panguipulli, Panguipulli",4,3.2,0.8,1,Sin hacinamiento,1800000.0
1178,casa,venta,Panguipulli,876000000.0,340.0,"Chile, Lago Panguipulli, Panguipulli",17,3.2,0.19,1,Sin hacinamiento,2576470.588235294
1179,casa,venta,Panguipulli,50000000.0,150.0,"Pasaje El Laurel 1 - 300, Lago Panguipulli, Panguipulli",7,3.2,0.46,1,Sin hacinamiento,333333.3333333333
1180,casa,venta,Panguipulli,1098000000.0,341.0,"ESPECTACULAR CASA - CONDOMINIO / PANGUIPULLI, Lago Panguipulli, Panguipulli",17,3.2,0.19,1,Sin hacinamiento,3219941.348973607
1181,casa,venta,Panguipulli,912200000.0,4.0,"Ramon Freire, 300 - 600, Lago Panguipulli, Panguipulli",1,3.2,3.2,2,Hacinamiento medio,228050000.0
1182,casa,venta,Panguipulli,299000000.0,140.0,Panguipulli,7,3.2,0.46,1,Sin hacinamiento,2135714.285714286
1183,casa,venta,Panguipulli,223600000.0,140.0,Panguipulli,7,3.2,0.46,1,Sin hacinamiento,1597142.857142857
1184,casa,venta,Panguipulli,650000000.0,75.0,"Chile, Lago Panguipulli, Panguipulli",3,3.2,1.07,1,Sin hacinamiento,8666666.666666666
1185,casa,venta,Panguipulli,90000000.0,100.0,"Chile, Lago Panguipulli, Panguipulli",5,3.2,0.64,1,Sin hacinamiento,900000.0
1186,casa,venta,Panguipulli,70000000.0,80.0,"Panguipulli, Lago Panguipulli",4,3.2,0.8,1,Sin hacinamiento,875000.0
1187,casa,venta,Panguipulli,119600000.0,50.0,"Panguipulli, Lago Panguipulli",2,3.2,1.6,1,Sin hacinamiento,2392000.0
1188,casa,venta,Panguipulli,560000000.0,298.0,"Ruta 203, Panguipulli, Los Ríos, Chile, Lago Panguipulli, Panguipulli",14,3.2,0.23,1,Sin hacinamiento,1879194.6308724831
1189,casa,venta,Panguipulli,74000000.0,75.0,"Panguipulli, Lago Panguipulli",3,3.2,1.07,1,Sin hacinamiento,986666.6666666666
1190,casa,venta,Panguipulli,115000000.0,86.0,Panguipulli,4,3.2,0.8,1,Sin hacinamiento,1337209.3023255814
1191,casa,venta,Panguipulli,1114000000.0,298.0,"Chile, Lago Panguipulli, Panguipulli",14,3.2,0.23,1,Sin hacinamiento,3738255.033557047
1192,casa,venta,Panguipulli,85000000.0,85.0,Panguipulli,4,3.2,0.8,1,Sin hacinamiento,1000000.0
1193,casa,venta,Panguipulli,80720000.0,47.0,Panguipulli,2,3.2,1.6,1,Sin hacinamiento,1717446.8085106383
1194,casa,venta,Panguipulli,880000000.0,180.0,Panguipulli,9,3.2,0.36,1,Sin hacinamiento,4888888.888888889
1195,casa,venta,Panguipulli,144000000.0,80.0,"Ramón Freire 300, Panguipulli, Lago Panguipulli, Panguipulli",4,3.2,0.8,1,Sin hacinamiento,1800000.0
1196,casa,venta,Panguipulli,120000000.0,80.0,"Panguipulli, Lago Panguipulli",4,3.2,0.8,1,Sin hacinamiento,1500000.0
1197,casa,venta,Panguipulli,166000000.0,83.0,"Neltume, Panguipulli",4,3.2,0.8,1,Sin hacinamiento,2000000.0
1198,casa,venta,Panguipulli,251680000.0,201.0,"Panguipulli, Lago Panguipulli",10,3.2,0.32,1,Sin hacinamiento,1252139.303482587
1199,casa,venta,Panguipulli,236000000.0,133.0,"Huilo-Huilo, Panguipulli, Chile, Panguipulli",6,3.2,0.53,1,Sin hacinamiento,1774436.0902255639
1200,casa,venta,Panguipulli,296000000.0,341.0,"LAGO PIRIHUEICO / HUILO HUILO, Panguipulli",17,3.2,0.19,1,Sin hacinamiento,868035.1906158358
1201,casa,venta,Panguipulli,108000000.0,5.0,"MITRENTUE HJ 1 LOTE 9, 1 - 300, Panguipulli",1,3.2,3.2,2,Hacinamiento medio,21600000.0
1202,casa,venta,Panguipulli,1520000000.0,340.0,"Panguipulli, Lago Panguipulli",17,3.2,0.19,1,Sin hacinamiento,4470588.235294118
1203,casa,venta,Panguipulli,880000000.0,303.0,"Panguipulli, Lago Panguipulli",15,3.2,0.21,1,Sin hacinamiento,2904290.429042904
1204,casa,venta,Panguipulli,580000000.0,196.0,"Panguipulli, Lago Panguipulli",9,3.2,0.36,1,Sin hacinamiento,2959183.673469388
1205,casa,venta,Panguipulli,120000000.0,80.0,"Panguipulli, Lago Panguipulli",4,3.2,0.8,1,Sin hacinamiento,1500000.0
1206,casa,venta,Panguipulli,153800000.0,80.0,"J.B. Etchegaray 54, Panguipulli, Valdivia, Lago Panguipulli, Panguipulli",4,3.2,0.8,1,Sin hacinamiento,1922500.0
1207,casa,venta,Panguipulli,128320000.0,66.0,Panguipulli,3,3.2,1.07,1,Sin hacinamiento,1944242.4242424243
1208,casa,venta,Panguipulli,636000000.0,340.0,"Panguipulli, Lago Calafquén",17,3.2,0.19,1,Sin hacinamiento,1870588.2352941176
1209,casa,venta,Panguipulli,792000000.0,500.0,"Panguipulli, Lago Panguipulli",25,3.2,0.13,1,Sin hacinamiento,1584000.0
1210,casa,venta,Panguipulli,792000000.0,500.0,"Costa Panguipulli, Completamente Amoblada, Lago Panguipulli, Panguipulli",25,3.2,0.13,1,Sin hacinamiento,1584000.0
1211,casa,venta,Panguipulli,920000000.0,270.0,"Coihueco, Lago Panguipulli, Panguipulli",13,3.2,0.25,1,Sin hacinamiento,3407407.407407407
1212,casa,venta,Panguipulli,740000000.0,280.0,Panguipulli,14,3.2,0.23,1,Sin hacinamiento,2642857.1428571427
1213,casa,venta,Panguipulli,78680000.0,90.0,Panguipulli,4,3.2,0.8,1,Sin hacinamiento,874222.2222222222
1214,casa,venta,Panguipulli,2480000000.0,767.0,"Panguipulli, Lago Panguipulli",38,3.2,0.08,1,Sin hacinamiento,3233376.7926988266
1215,casa,venta,Panguipulli,1160000000.0,340.0,"Panguipulli, Lago Panguipulli",17,3.2,0.19,1,Sin hacinamiento,3411764.705882353
1216,casa,venta,Panguipulli,600000000.0,200.0,"Panguipulli, Lago Panguipulli",10,3.2,0.32,1,Sin hacinamiento,3000000.0
1217,casa,venta,Panguipulli,195600000.0,105.0,"Chile, Lago Panguipulli, Panguipulli",5,3.2,0.64,1,Sin hacinamiento,1862857.142857143
1218,casa,venta,Panguipulli,230000000.0,115.0,"Panguipulli, Lago Panguipulli",5,3.2,0.64,1,Sin hacinamiento,2000000.0
1219,casa,venta,Panguipulli,1080000000.0,340.0,"Panguipulli, Lago Panguipulli",17,3.2,0.19,1,Sin hacinamiento,3176470.588235294
1220,casa,venta,Panguipulli,416000000.0,120.0,Panguipulli,6,3.2,0.53,1,Sin hacinamiento,3466666.6666666665
1221,casa,venta,Panguipulli,2320000000.0,450.0,"Lago Panguipulli, Lago Panguipulli, Panguipulli",22,3.2,0.15,1,Sin hacinamiento,5155555.555555556
1222,casa,venta,Panguipulli,287320000.0,120.0,"Chile, Lago Panguipulli, Panguipulli",6,3.2,0.53,1,Sin hacinamiento,2394333.3333333335
1223,casa,venta,Panguipulli,220000000.0,65.0,"Panguipulli, Lago Panguipulli",3,3.2,1.07,1,Sin hacinamiento,3384615.3846153845
1224,casa,venta,Panguipulli,418640000.0,283.0,Panguipulli,14,3.2,0.23,1,Sin hacinamiento,1479293.2862190814
1225,casa,venta,Panguipulli,180000000.0,180.0,"Gonzalez - Gabriel Gonzales 147, 5210199 Panguipulli, Los Ríos, Chile, Lago Panguipulli, Panguipulli",9,3.2,0.36,1,Sin hacinamiento,1000000.0
1226,casa,venta,Panguipulli,484000000.0,264.0,Panguipulli,13,3.2,0.25,1,Sin hacinamiento,1833333.3333333333
1227,casa,venta,Panguipulli,132640000.0,80.0,"CH52+2X Melefquen, Panguipulli, Chile, Panguipulli",4,3.2,0.8,1,Sin hacinamiento,1658000.0
1228,casa,venta,Panguipulli,161120000.0,65.0,"Chile, Lago Panguipulli, Panguipulli",3,3.2,1.07,1,Sin hacinamiento,2478769.230769231
1229,casa,venta,Panguipulli,208000000.0,140.0,Panguipulli,7,3.2,0.46,1,Sin hacinamiento,1485714.2857142857
1230,casa,venta,Panguipulli,380000000.0,249.0,"Panguipulli, Lago Panguipulli",12,3.2,0.27,1,Sin hacinamiento,1526104.4176706828
1231,casa,venta,Panguipulli,340000000.0,136.0,"Neltume, Panguipulli",6,3.2,0.53,1,Sin hacinamiento,2500000.0
1232,casa,venta,Panguipulli,354560000.0,478.0,"Chile, Lago Panguipulli, Panguipulli",23,3.2,0.14,1,Sin hacinamiento,741757.3221757322
1233,casa,venta,Panguipulli,510800000.0,589.0,"Panguipulli, Lago Panguipulli",29,3.2,0.11,1,Sin hacinamiento,867232.59762309
1234,casa,venta,Panguipulli,264000000.0,110.0,Panguipulli,5,3.2,0.64,1,Sin hacinamiento,2400000.0
1235,casa,venta,Panguipulli,263920000.0,182.0,Panguipulli,9,3.2,0.36,1,Sin hacinamiento,1450109.8901098901
1236,casa,venta,Panguipulli,126160000.0,173.0,Panguipulli,8,3.2,0.4,1,Sin hacinamiento,729248.5549132949
1237,casa,venta,Panguipulli,300000000.0,180.0,"Chile, Panguipulli",9,3.2,0.36,1,Sin hacinamiento,1666666.6666666667
1238,casa,venta,Panguipulli,308000000.0,250.0,"Chile, Panguipulli",12,3.2,0.27,1,Sin hacinamiento,1232000.0
1239,casa,venta,Panguipulli,140000000.0,5.0,Panguipulli,1,3.2,3.2,2,Hacinamiento medio,28000000.0
1240,casa,venta,Panguipulli,180000000.0,130.0,"LOTEO LOS RENOVALES DE HUILO HUILO / PUERTO FUY - NELTUME, Lago Panguipulli, Panguipulli",6,3.2,0.53,1,Sin hacinamiento,1384615.3846153845
1241,casa,venta,Panguipulli,600000000.0,569.0,"Panguipulli, Lago Panguipulli",28,3.2,0.11,1,Sin hacinamiento,1054481.546572935
1242,casa,venta,Panguipulli,180000000.0,120.0,"Panguipulli, Lago Panguipulli",6,3.2,0.53,1,Sin hacinamiento,1500000.0
1243,casa,venta,Panguipulli,473000000.0,557.0,Panguipulli,27,3.2,0.12,1,Sin hacinamiento,849192.1005385997
1244,casa,venta,Panguipulli,230000000.0,115.0,"9P55+GJ Panguipulli, Chile, Lago Panguipulli, Panguipulli",5,3.2,0.64,1,Sin hacinamiento,2000000.0
1245,casa,venta,Panguipulli,524000000.0,900.0,"Chile, Lago Panguipulli, Panguipulli",45,3.2,0.07,1,Sin hacinamiento,582222.2222222222
1246,casa,venta,Panguipulli,756000000.0,273.0,"Panguipulli, Lago Calafquén",13,3.2,0.25,1,Sin hacinamiento,2769230.769230769
1247,casa,venta,Panguipulli,472000000.0,180.0,Panguipulli,9,3.2,0.36,1,Sin hacinamiento,2622222.222222222
1248,casa,venta,Panguipulli,1260000000.0,433.0,"Panguipulli, Lago Panguipulli",21,3.2,0.15,1,Sin hacinamiento,2909930.715935335
1249,casa,venta,Panguipulli,476000000.0,217.0,"Panguipulli, Lago Calafquén",10,3.2,0.32,1,Sin hacinamiento,2193548.3870967743
1250,casa,venta,Panguipulli,1140000000.0,293.0,"Chile, Lago Panguipulli, Panguipulli",14,3.2,0.23,1,Sin hacinamiento,3890784.9829351534
1251,casa,venta,Panguipulli,310680000.0,220.0,Panguipulli,11,3.2,0.29,1,Sin hacinamiento,1412181.8181818181
1252,casa,venta,Panguipulli,528800000.0,462.0,"Panguipulli, Lago Panguipulli",23,3.2,0.14,1,Sin hacinamiento,1144588.7445887446
1253,casa,venta,Panguipulli,1152000000.0,699.0,"Panguipulli, Lago Panguipulli",34,3.2,0.09,1,Sin hacinamiento,1648068.669527897
1254,casa,venta,Panguipulli,828000000.0,935.0,"Panguipulli, Lago Calafquén",46,3.2,0.07,1,Sin hacinamiento,885561.4973262032
1255,casa,venta,Panguipulli,155600000.0,188.0,"Chile, Lago Panguipulli, Panguipulli",9,3.2,0.36,1,Sin hacinamiento,827659.5744680851
1256,casa,venta,Panguipulli,168000000.0,300.0,"Los Maitenes, Lago Panguipulli, Panguipulli",15,3.2,0.21,1,Sin hacinamiento,560000.0
1257,casa,venta,Panguipulli,140000000.0,84.0,"Ramón Freire 300, Panguipulli, Los Ríos, Chile, Lago Panguipulli, Panguipulli",4,3.2,0.8,1,Sin hacinamiento,1666666.6666666667
1258,casa,venta,Panguipulli,800000000.0,380.0,"Coñaripe, Lago Calafquén, Panguipulli",19,3.2,0.17,1,Sin hacinamiento,2105263.1578947366
1259,casa,venta,Panguipulli,142920000.0,130.0,Panguipulli,6,3.2,0.53,1,Sin hacinamiento,1099384.6153846155
1260,casa,venta,Panguipulli,128000000.0,140.0,"Los Lagos, Panguipulli",7,3.2,0.46,1,Sin hacinamiento,914285.7142857143
1261,casa,venta,Panguipulli,120000000.0,6.0,"F4RJ+46 Cajón Blanco, Panguipulli, Chile, Panguipulli",1,3.2,3.2,2,Hacinamiento medio,20000000.0
1262,casa,venta,Panguipulli,880000000.0,500.0,"Ramón Freire 199, 5210402 Panguipulli, Valdivia, Los Ríos, Chile, Lago Panguipulli, Panguipulli",25,3.2,0.13,1,Sin hacinamiento,1760000.0
1263,casa,venta,Panguipulli,640000000.0,250.0,"FANTASTICA CASA EN CONDOMINIO EN PANGUIPULLI EN EXCELENTE SECTOR, MUY LINDA Y BIEN PUESTA, LINDA VISTA AL LAGO Y ENTORNO, Lago Panguipulli, Panguipulli",12,3.2,0.27,1,Sin hacinamiento,2560000.0
1264,casa,venta,Panguipulli,679600000.0,300.0,"Panguipulli, Chile, Lago Panguipulli, Panguipulli",15,3.2,0.21,1,Sin hacinamiento,2265333.3333333335
1265,casa,venta,Panguipulli,220000000.0,140.0,Panguipulli,7,3.2,0.46,1,Sin hacinamiento,1571428.5714285714
1266,casa,venta,Panguipulli,900000000.0,170.0,"FP6C+W9 Calafquén, Panguipulli, Chile, Lago Calafquén, Panguipulli",8,3.2,0.4,1,Sin hacinamiento,5294117.647058823
1267,casa,venta,Panguipulli,130000000.0,85.0,"Panguipulli, Sector Huellahue, Predio Mitrentue, Panguipulli, Panguipulli",4,3.2,0.8,1,Sin hacinamiento,1529411.7647058824
1268,casa,venta,Panguipulli,2400000000.0,300.0,"8MVH+MV Panguipulli, Chile, Lago Panguipulli, Panguipulli",15,3.2,0.21,1,Sin hacinamiento,8000000.0
1269,casa,venta,Panguipulli,116880000.0,248.0,"Las Palomas 158, Panguipulli, Panguipulli, Lago Panguipulli, Panguipulli",12,3.2,0.27,1,Sin hacinamiento,471290.32258064515
1270,casa,venta,Panguipulli,1000000000.0,300.0,"Playa Coihueco, Lago Panguipulli, Panguipulli",15,3.2,0.21,1,Sin hacinamiento,3333333.3333333335
1271,casa,venta,Panguipulli,1520000000.0,320.0,"Camino A La Peninsula Puyumen, Lago Panguipulli, Panguipulli",16,3.2,0.2,1,Sin hacinamiento,4750000.0
1272,casa,venta,Panguipulli,676000000.0,240.0,"Ribera Poniente Cercano Al Pueblo, Lago Panguipulli, Panguipulli",12,3.2,0.27,1,Sin hacinamiento,2816666.6666666665
1273,casa,venta,Panguipulli,500000000.0,313.0,"Exclusivo Loteo Residencial, Lago Panguipulli, Panguipulli",15,3.2,0.21,1,Sin hacinamiento,1597444.089456869
1274,casa,venta,Panguipulli,482000000.0,200.0,"Biosfera Huilo Huilo, Panguipulli",10,3.2,0.32,1,Sin hacinamiento,2410000.0
1275,casa,venta,Panguipulli,218400000.0,213.0,"Panguipulli, Lago Panguipulli",10,3.2,0.32,1,Sin hacinamiento,1025352.1126760563
1276,casa,venta,Panguipulli,257000000.0,114.0,"Pichidollinco, 0, Lago Panguipulli, Panguipulli",5,3.2,0.64,1,Sin hacinamiento,2254385.964912281
1277,casa,venta,Panguipulli,180000000.0,130.0,"Huilo Huilo, Panguipulli",6,3.2,0.53,1,Sin hacinamiento,1384615.3846153845
1278,casa,venta,Panguipulli,120000000.0,98.0,"F388+WJ Los Cajones, Panguipulli, Chile, Panguipulli",4,3.2,0.8,1,Sin hacinamiento,1224489.7959183673
1279,casa,venta,Panguipulli,100000000.0,5.0,"Curaco, Panguipulli, Panguipulli",1,3.2,3.2,2,Hacinamiento medio,20000000.0
1280,casa,venta,Panguipulli,186000000.0,105.0,Panguipulli,5,3.2,0.64,1,Sin hacinamiento,1771428.5714285714
1281,casa,venta,Panguipulli,940000000.0,380.0,"Lago Riñihue, Los Lagos, Panguipulli",19,3.2,0.17,1,Sin hacinamiento,2473684.210526316
1282,casa,venta,Panguipulli,72000000.0,100.0,"Mirador Del Lago, Panguipulli, Lago Panguipulli, Panguipulli",5,3.2,0.64,1,Sin hacinamiento,720000.0
1283,casa,venta,Paillaco,48000000.0,63.0,"Las Margaritas, Paillaco, Paillaco",3,3.1,1.03,1,Sin hacinamiento,761904.7619047619
1284,casa,venta,Paillaco,140000000.0,160.0,"Paillaco, Paillaco",8,3.1,0.39,1,Sin hacinamiento,875000.0
1285,casa,venta,Paillaco,67000000.0,56.0,"Calle 12 De Octubre 267, Reumen, Paillaco",2,3.1,1.55,1,Sin hacinamiento,1196428.5714285714
1286,casa,venta,Paillaco,150000000.0,86.0,"Cufeo Alto, Paillaco, Chile, Paillaco",4,3.1,0.78,1,Sin hacinamiento,1744186.046511628
1287,casa,venta,Paillaco,278000000.0,143.0,"Arturo Prat 1 - 300, Paillaco",7,3.1,0.44,1,Sin hacinamiento,1944055.944055944
1288,casa,venta,Paillaco,230000000.0,104.0,"OHIGGINS PAILLACO, Paillaco",5,3.1,0.62,1,Sin hacinamiento,2211538.4615384615
1289,casa,venta,Paillaco,280000000.0,148.0,Paillaco,7,3.1,0.44,1,Sin hacinamiento,1891891.8918918918
1290,casa,venta,Paillaco,184000000.0,126.0,"Carlos Winckler Paillaco, Paillaco",6,3.1,0.52,1,Sin hacinamiento,1460317.4603174604
1291,casa,venta,Paillaco,302560000.0,305.0,"Arturo Prat 534, Paillaco, Paillaco",15,3.1,0.21,1,Sin hacinamiento,992000.0
1292,departamento,arriendo,Valdivia,590000.0,46.0,"Av. Circunvalación Sur 4883, Valdivia, Sur De Valdivia, Valdivia",2,2.9,1.45,1,Sin hacinamiento,12826.08695652174
1293,departamento,arriendo,Valdivia,690000.0,65.0,"Av. Arturo Prat 1733, Valdivia, Valdivia",4,2.9,0.72,1,Sin hacinamiento,10615.384615384615
1294,departamento,arriendo,Valdivia,600000.0,50.0,"Pintor Roberto Echeñique 1017, Valdivia, Isla Teja, Valdivia",3,2.9,0.97,1,Sin hacinamiento,12000.0
1295,departamento,arriendo,Valdivia,640000.0,56.0,"Condominio Haverbeck, Campo Militar De Valdivia, Valdivia",3,2.9,0.97,1,Sin hacinamiento,11428.57142857143
1296,departamento,arriendo,Valdivia,450000.0,40.0,"Genaro Miranda, Niebla, Valdivia, Niebla, Valdivia",2,2.9,1.45,1,Sin hacinamiento,11250.0
1297,departamento,arriendo,Valdivia,800000.0,59.0,"Picarte, Campo Militar De Valdivia, Valdivia",3,2.9,0.97,1,Sin hacinamiento,13559.322033898305
1298,departamento,arriendo,Valdivia,480000.0,38.0,"Picarte 1530, Campo Militar De Valdivia, Valdivia",2,2.9,1.45,1,Sin hacinamiento,12631.578947368422
1299,departamento,arriendo,Valdivia,450000.0,21.0,"Ecuador 2087, Valdivia, Valdivia",1,2.9,2.9,2,Hacinamiento medio,21428.571428571428
1300,departamento,arriendo,Valdivia,600000.0,39.0,"Alto Del Cruces, Torobayo, Valdivia",2,2.9,1.45,1,Sin hacinamiento,15384.615384615385
1301,departamento,arriendo,Valdivia,560000.0,50.0,"Jardín Urbano III, Valdivia",3,2.9,0.97,1,Sin hacinamiento,11200.0
1302,departamento,arriendo,Valdivia,400000.0,36.0,"Av. Argentina 3612, Valdivia, Sur De Valdivia, Valdivia",2,2.9,1.45,1,Sin hacinamiento,11111.111111111111
1303,departamento,arriendo,Valdivia,350000.0,30.0,"Inglaterra 500, Valdivia, Sur De Valdivia, Valdivia",1,2.9,2.9,2,Hacinamiento medio,11666.666666666666
1304,departamento,arriendo,Valdivia,650000.0,59.0,"Ecuador, 2040, Valdivia",3,2.9,0.97,1,Sin hacinamiento,11016.949152542373
1305,departamento,arriendo,Valdivia,550000.0,24.0,"Los Laureles, 200, Isla Teja, Valdivia",1,2.9,2.9,2,Hacinamiento medio,22916.666666666668
1306,departamento,arriendo,Valdivia,510000.0,32.0,"Carampangue, 300 - 600, Centro De Valdivia, Valdivia",2,2.9,1.45,1,Sin hacinamiento,15937.5
1307,departamento,arriendo,Valdivia,460000.0,23.0,"Los Laureles 1 - 300, Valdivia, Chile, Isla Teja, Valdivia",1,2.9,2.9,2,Hacinamiento medio,20000.0
1308,departamento,arriendo,Valdivia,700000.0,36.0,"Av. Arturo Pratt 1571, Centro De Valdivia, Valdivia",2,2.9,1.45,1,Sin hacinamiento,19444.444444444445
1309,departamento,arriendo,Valdivia,650000.0,55.0,"Caupolicán 243, Valdivia, Chile, Centro De Valdivia, Valdivia",3,2.9,0.97,1,Sin hacinamiento,11818.181818181818
1310,departamento,arriendo,Valdivia,480000.0,55.0,"T-352 195, Niebla, Valdivia, Niebla, Valdivia",3,2.9,0.97,1,Sin hacinamiento,8727.272727272728
1311,departamento,arriendo,Valdivia,1100000.0,86.0,"Manuel Montt, 1053, Sur De Valdivia, Valdivia",5,2.9,0.58,1,Sin hacinamiento,12790.697674418605
1312,departamento,arriendo,Valdivia,700000.0,60.0,"MANUEL MONTT N° 1053 PARQUE KRAHMER DEPARTAMENTO N°302-B, Sur De Valdivia, Valdivia",3,2.9,0.97,1,Sin hacinamiento,11666.666666666666
1313,departamento,arriendo,Valdivia,400000.0,50.0,"Federico Hettich, Valdivia, Valdivia",3,2.9,0.97,1,Sin hacinamiento,8000.0
1314,departamento,arriendo,Valdivia,1300000.0,163.0,"Carlos Anwndter N°201, Centro De Valdivia, Valdivia",10,2.9,0.29,1,Sin hacinamiento,7975.460122699386
1315,departamento,arriendo,Valdivia,680000.0,36.0,"Carampangue, Centro De Valdivia, Valdivia",2,2.9,1.45,1,Sin hacinamiento,18888.88888888889
1316,departamento,arriendo,Valdivia,550000.0,50.0,"Carpe Diem 1121, Valdivia, Chile, Torobayo, Valdivia",3,2.9,0.97,1,Sin hacinamiento,11000.0
1317,departamento,arriendo,Valdivia,700000.0,51.0,"Caupolicán, Centro De Valdivia, Valdivia",3,2.9,0.97,1,Sin hacinamiento,13725.490196078432
1318,departamento,arriendo,Valdivia,520000.0,31.0,"Andres Bello 2787, 5100831 Valdivia, Los Ríos, Chile, Sur De Valdivia, Valdivia",1,2.9,2.9,2,Hacinamiento medio,16774.1935483871
1319,departamento,arriendo,Valdivia,480000.0,35.0,"Avenida Circunvalación Sur, 4883, Sur De Valdivia, Valdivia",2,2.9,1.45,1,Sin hacinamiento,13714.285714285714
1320,departamento,arriendo,Valdivia,660000.0,26.0,"COD38798 Amoblado, Nuevo, Y Excelente Ubicación, Centro De Valdivia, Valdivia",1,2.9,2.9,2,Hacinamiento medio,25384.615384615383
1321,departamento,arriendo,Valdivia,470000.0,40.0,"Centro De Valdivia, Valdivia",2,2.9,1.45,1,Sin hacinamiento,11750.0
1322,departamento,arriendo,Valdivia,720000.0,84.0,"Valdivia, Centro De Valdivia",5,2.9,0.58,1,Sin hacinamiento,8571.42857142857
1323,departamento,arriendo,Valdivia,600000.0,56.0,"Gral Lagos, Valdivia, Campo Militar De Valdivia, Valdivia",3,2.9,0.97,1,Sin hacinamiento,10714.285714285714
1324,departamento,arriendo,Valdivia,1400000.0,140.0,"Valdivia, Centro De Valdivia",8,2.9,0.36,1,Sin hacinamiento,10000.0
1325,departamento,arriendo,Valdivia,650000.0,41.0,"Oettinger 61, Valdivia, Isla Teja, Valdivia",2,2.9,1.45,1,Sin hacinamiento,15853.658536585366
1326,departamento,arriendo,Valdivia,750000.0,67.0,"Carlos Krahmer Richter 2660, Valdivia, Chile, Sur De Valdivia, Valdivia",4,2.9,0.72,1,Sin hacinamiento,11194.029850746268
1327,departamento,arriendo,Valdivia,700000.0,90.0,"O´HIGGINS N°457, DPTO 3, Centro De Valdivia, Valdivia",5,2.9,0.58,1,Sin hacinamiento,7777.777777777777
1328,departamento,arriendo,Valdivia,550000.0,27.0,"Caupolicán, Valdivia, Centro De Valdivia, Valdivia",1,2.9,2.9,2,Hacinamiento medio,20370.37037037037
1329,departamento,arriendo,Valdivia,560000.0,40.0,"Valdivia, Sur De Valdivia",2,2.9,1.45,1,Sin hacinamiento,14000.0
1330,departamento,arriendo,Valdivia,560000.0,50.0,"Errázuriz 3411, Valdivia, Sur De Valdivia, Valdivia",3,2.9,0.97,1,Sin hacinamiento,11200.0
1331,departamento,arriendo,Valdivia,580000.0,55.0,"CONDOMINIO JARDÍN SUR, Sur De Valdivia, Valdivia",3,2.9,0.97,1,Sin hacinamiento,10545.454545454546
1332,departamento,arriendo,Valdivia,700000.0,69.0,"Avenida Los Robles, Isla Teja, Valdivia",4,2.9,0.72,1,Sin hacinamiento,10144.927536231884
1333,departamento,arriendo,Valdivia,500000.0,23.0,"Ecuador, 2049, Valdivia",1,2.9,2.9,2,Hacinamiento medio,21739.130434782608
1334,departamento,arriendo,Valdivia,2400000.0,368.0,Valdivia,23,2.9,0.13,1,Sin hacinamiento,6521.739130434783
1335,departamento,arriendo,Valdivia,1300000.0,125.0,"Carlos Anwandter 1 - 300, Valdivia, Centro De Valdivia, Valdivia",7,2.9,0.41,1,Sin hacinamiento,10400.0
1336,departamento,arriendo,Valdivia,650000.0,66.0,"Patricio Lynch 930, Valdivia, Chile, Valdivia",4,2.9,0.72,1,Sin hacinamiento,9848.484848484848
1337,departamento,arriendo,Valdivia,600000.0,62.0,"DEPARTAMENTO EN CONDOMINIO BRISAS DE LA RIVERA, Las Animas, Valdivia",3,2.9,0.97,1,Sin hacinamiento,9677.41935483871
1338,departamento,arriendo,Valdivia,560000.0,60.0,"Errázuriz 3411, Valdivia, Sur De Valdivia, Valdivia",3,2.9,0.97,1,Sin hacinamiento,9333.333333333334
1339,departamento,arriendo,Valdivia,645000.0,60.0,"Miraflores, Valdivia, Sur De Valdivia, Valdivia",3,2.9,0.97,1,Sin hacinamiento,10750.0
1341,departamento,arriendo,Valdivia,800000.0,86.0,"Valdivia, Isla Teja",5,2.9,0.58,1,Sin hacinamiento,9302.32558139535
1343,departamento,arriendo,Valdivia,550000.0,55.0,"Don Bosco 2336, 5100419 Valdivia, Los Ríos, Chile, Valdivia",3,2.9,0.97,1,Sin hacinamiento,10000.0
1344,departamento,arriendo,Valdivia,510000.0,40.0,"Av. Ramón Picarte 1568, 5111147 Valdivia, Los Ríos, Chile, Campo Militar De Valdivia, Valdivia",2,2.9,1.45,1,Sin hacinamiento,12750.0
1345,departamento,arriendo,Valdivia,550000.0,60.0,"Don Bosco 2389, 5090000 Valdivia, Los Ríos, Chile, Valdivia",3,2.9,0.97,1,Sin hacinamiento,9166.666666666666
1346,departamento,arriendo,Valdivia,600000.0,55.0,"Ecuador, 2049, Valdivia",3,2.9,0.97,1,Sin hacinamiento,10909.09090909091
1348,departamento,arriendo,Valdivia,650000.0,52.0,"Los Alamos 1151, Valdivia, Chile, Isla Teja, Valdivia",3,2.9,0.97,1,Sin hacinamiento,12500.0
1349,departamento,arriendo,Valdivia,850000.0,85.0,"Pintor Ricardo Anwandter 101, Valdivia, Chile, Isla Teja, Valdivia",5,2.9,0.58,1,Sin hacinamiento,10000.0
1351,departamento,arriendo,Valdivia,650000.0,65.0,"Patricio Lynch, Valdivia",4,2.9,0.72,1,Sin hacinamiento,10000.0
1353,departamento,arriendo,Valdivia,640000.0,44.0,"Valdivia, Sur De Valdivia",2,2.9,1.45,1,Sin hacinamiento,14545.454545454546
1354,departamento,arriendo,Valdivia,530000.0,50.0,"Avenida Circunvalación Nueva Región, Sur De Valdivia, Valdivia",3,2.9,0.97,1,Sin hacinamiento,10600.0
1355,departamento,arriendo,Valdivia,470000.0,43.0,"Condominio Brisas De La Ribera, Las Animas, Valdivia",2,2.9,1.45,1,Sin hacinamiento,10930.232558139534
1356,departamento,arriendo,Valdivia,600000.0,60.0,"Av. Alemania 636, 5110311 Valdivia, Los Ríos, Chile, Centro De Valdivia, Valdivia",3,2.9,0.97,1,Sin hacinamiento,10000.0
1357,departamento,arriendo,Valdivia,830000.0,95.0,"El Arboreto 900 - 1200, Valdivia, Isla Teja, Valdivia",5,2.9,0.58,1,Sin hacinamiento,8736.842105263158
1358,departamento,arriendo,Valdivia,900000.0,90.0,"Isla Teja Sur, Isla Teja, Valdivia",5,2.9,0.58,1,Sin hacinamiento,10000.0
1359,departamento,arriendo,Valdivia,480000.0,34.0,"Ecuador 2049, Valdivia, Chile, Valdivia",2,2.9,1.45,1,Sin hacinamiento,14117.64705882353
1360,departamento,arriendo,Valdivia,850000.0,67.0,"Lomas Del Río I, Sur De Valdivia, Valdivia",4,2.9,0.72,1,Sin hacinamiento,12686.567164179105
1361,departamento,arriendo,Valdivia,590000.0,65.0,"Chacabuco, Valdivia, Centro De Valdivia, Valdivia",4,2.9,0.72,1,Sin hacinamiento,9076.923076923076
1362,departamento,arriendo,Valdivia,580000.0,68.0,"Patricio Lynch 950, Valdivia, Chile, Valdivia",4,2.9,0.72,1,Sin hacinamiento,8529.411764705883
1363,departamento,arriendo,Valdivia,400000.0,18.0,"Ecuador 2030-2098, 5100288 Valdivia, Los Ríos, Chile, Valdivia",1,2.9,2.9,2,Hacinamiento medio,22222.222222222223
1364,departamento,arriendo,Valdivia,630000.0,80.0,"Chacabuco 795, Valdivia, Centro De Valdivia, Valdivia",5,2.9,0.58,1,Sin hacinamiento,7875.0
1365,departamento,arriendo,Valdivia,600000.0,52.0,"Los Alamos 1151, Valdivia, Chile, Isla Teja, Valdivia",3,2.9,0.97,1,Sin hacinamiento,11538.461538461539
1366,departamento,arriendo,Valdivia,780000.0,51.0,"Caupolicán 243, Valdivia, Centro De Valdivia, Valdivia",3,2.9,0.97,1,Sin hacinamiento,15294.117647058823
1367,departamento,arriendo,Valdivia,550000.0,54.0,"Patricio Lynch 950, Valdivia, Chile, Valdivia",3,2.9,0.97,1,Sin hacinamiento,10185.185185185184
1368,departamento,arriendo,Valdivia,400000.0,23.0,"Ecuador, 2049, Valdivia",1,2.9,2.9,2,Hacinamiento medio,17391.304347826088
1369,departamento,arriendo,Valdivia,700000.0,62.0,"Carelmapu 2003, 5100406 Valdivia, Los Ríos, Chile, Sur De Valdivia, Valdivia",3,2.9,0.97,1,Sin hacinamiento,11290.322580645161
1370,departamento,arriendo,Valdivia,560000.0,58.0,"Don Bosco 2389, Valdivia, Valdivia",3,2.9,0.97,1,Sin hacinamiento,9655.172413793103
1371,departamento,arriendo,Valdivia,540000.0,47.0,"Don Bosco, Valdivia, Sur De Valdivia, Valdivia",2,2.9,1.45,1,Sin hacinamiento,11489.36170212766
1372,departamento,arriendo,Valdivia,550000.0,49.0,"Av. Circunvalación Sur 4800 - 5100, Valdivia, Chile, Sur De Valdivia, Valdivia",3,2.9,0.97,1,Sin hacinamiento,11224.489795918367
1373,departamento,arriendo,Valdivia,480000.0,45.0,"1039,, Sur De Valdivia, Valdivia",2,2.9,1.45,1,Sin hacinamiento,10666.666666666666
1374,departamento,arriendo,Valdivia,510000.0,32.0,"Goycolea 1666, Valdivia, Campo Militar De Valdivia, Valdivia",2,2.9,1.45,1,Sin hacinamiento,15937.5
1375,departamento,arriendo,Valdivia,500000.0,51.0,"Vicente Carvallo Goyeneche 740, Valdivia, Las Animas, Valdivia",3,2.9,0.97,1,Sin hacinamiento,9803.921568627451
1376,departamento,arriendo,Valdivia,500000.0,53.0,"Av. Circunvalación Sur 4800 - 5100, Valdivia, Chile, Valdivia",3,2.9,0.97,1,Sin hacinamiento,9433.962264150943
1377,departamento,arriendo,Valdivia,720000.0,32.0,"Valdivia, Centro De Valdivia",2,2.9,1.45,1,Sin hacinamiento,22500.0
1378,departamento,arriendo,Valdivia,560000.0,50.0,"Carlos Krahmer Richter, Valdivia, Sur De Valdivia, Valdivia",3,2.9,0.97,1,Sin hacinamiento,11200.0
1379,departamento,arriendo,Valdivia,340000.0,25.0,"Cochrane 412, Valdivia, Centro De Valdivia, Valdivia",1,2.9,2.9,2,Hacinamiento medio,13600.0
1380,departamento,arriendo,Valdivia,400000.0,42.0,"Avenida Ramón Picarte, Sur De Valdivia, Valdivia",2,2.9,1.45,1,Sin hacinamiento,9523.809523809523
1381,departamento,arriendo,Valdivia,650000.0,57.0,"Patricio Lynch 940, Valdivia, Valdivia",3,2.9,0.97,1,Sin hacinamiento,11403.508771929824
1382,departamento,arriendo,Valdivia,650000.0,57.0,"Carlos Krahmer Richter 2660, Valdivia, Sur De Valdivia, Valdivia",3,2.9,0.97,1,Sin hacinamiento,11403.508771929824
1384,departamento,arriendo,Valdivia,800000.0,67.0,"Ecuador 2049, Valdivia, Valdivia",4,2.9,0.72,1,Sin hacinamiento,11940.298507462687
1385,departamento,arriendo,Valdivia,570000.0,41.0,"Los Alamos 1121, Valdivia, Isla Teja, Valdivia",2,2.9,1.45,1,Sin hacinamiento,13902.439024390244
1386,departamento,arriendo,Valdivia,440000.0,34.0,"Av. Circunvalación Nueva Región, Valdivia, Sur De Valdivia, Valdivia",2,2.9,1.45,1,Sin hacinamiento,12941.176470588236
1387,departamento,arriendo,Valdivia,550000.0,57.0,"Isla Del Rey 2620, Valdivia, Sur De Valdivia, Valdivia",3,2.9,0.97,1,Sin hacinamiento,9649.122807017544
1388,departamento,arriendo,Valdivia,530000.0,34.0,"Carampangue 500, Valdivia, Centro De Valdivia, Valdivia",2,2.9,1.45,1,Sin hacinamiento,15588.235294117647
1389,departamento,arriendo,Valdivia,600000.0,67.0,"Ecuador 2049, Valdivia, Valdivia",4,2.9,0.72,1,Sin hacinamiento,8955.223880597016
1390,departamento,arriendo,Valdivia,670000.0,63.0,"Patricio Lynch 940, Valdivia, Valdivia",3,2.9,0.97,1,Sin hacinamiento,10634.920634920634
1391,departamento,arriendo,Valdivia,1000000.0,107.0,"Los Arrayanes 430, 5110588 Valdivia, Los Ríos, Chile, Isla Teja, Valdivia",6,2.9,0.48,1,Sin hacinamiento,9345.794392523365
1392,departamento,arriendo,Valdivia,530000.0,57.0,"Errázuriz 3411, Valdivia, Sur De Valdivia, Valdivia",3,2.9,0.97,1,Sin hacinamiento,9298.245614035088
1393,departamento,arriendo,Valdivia,700000.0,44.0,"Carampangue 500, Valdivia, Centro De Valdivia, Valdivia",2,2.9,1.45,1,Sin hacinamiento,15909.09090909091
1394,departamento,arriendo,Valdivia,760000.0,50.0,"Carampangue 500, Valdivia, Centro De Valdivia, Valdivia",3,2.9,0.97,1,Sin hacinamiento,15200.0
1395,departamento,arriendo,Valdivia,530000.0,32.0,"Carampangue 500, Valdivia, Centro De Valdivia, Valdivia",2,2.9,1.45,1,Sin hacinamiento,16562.5
1396,departamento,arriendo,Valdivia,630000.0,47.0,"Los Alamos 1121, Valdivia, Isla Teja, Valdivia",2,2.9,1.45,1,Sin hacinamiento,13404.255319148937
1397,departamento,arriendo,Valdivia,630000.0,56.0,"José María Muñoz Hermosilla 2100 - 2400, Valdivia, Sur De Valdivia, Valdivia",3,2.9,0.97,1,Sin hacinamiento,11250.0
1398,departamento,arriendo,Valdivia,540000.0,23.0,"Carampangue 500, Valdivia, Centro De Valdivia, Valdivia",1,2.9,2.9,2,Hacinamiento medio,23478.260869565216
1399,departamento,arriendo,Valdivia,330000.0,40.0,"Av. Ramón Picarte 2021, Valdivia, Campo Militar De Valdivia, Valdivia",2,2.9,1.45,1,Sin hacinamiento,8250.0
1400,departamento,arriendo,Valdivia,500000.0,37.0,"Av. Arturo Prat 1733, Valdivia, Valdivia",2,2.9,1.45,1,Sin hacinamiento,13513.513513513513
1401,departamento,arriendo,Valdivia,500000.0,49.0,"Av. Circunvalación Nueva Región, Valdivia, Sur De Valdivia, Valdivia",3,2.9,0.97,1,Sin hacinamiento,10204.081632653062
1402,departamento,arriendo,Valdivia,890000.0,60.0,"Isla Teja, Valdivia",3,2.9,0.97,1,Sin hacinamiento,14833.333333333334
1403,departamento,arriendo,Valdivia,520000.0,30.0,"Edificio Plaza Fluvial, Centro De Valdivia, Valdivia",1,2.9,2.9,2,Hacinamiento medio,17333.333333333332
1404,departamento,arriendo,Valdivia,500000.0,45.0,"Condominio Brisas De La Ribera, Las Animas, Valdivia",2,2.9,1.45,1,Sin hacinamiento,11111.111111111111
1405,departamento,arriendo,Valdivia,650000.0,30.0,"Edificio Plaza Fluvial, Centro De Valdivia, Valdivia",1,2.9,2.9,2,Hacinamiento medio,21666.666666666668
1406,departamento,arriendo,Valdivia,490000.0,30.0,"Carampangue 500, Centro De Valdivia, Valdivia",1,2.9,2.9,2,Hacinamiento medio,16333.333333333334
1407,departamento,arriendo,Valdivia,550000.0,30.0,"Los Laureles 270, 5.1102e+06 - 5.1105e+06 Valdivia, Los Ríos, Chile, Isla Teja, Valdivia",1,2.9,2.9,2,Hacinamiento medio,18333.333333333332
1408,departamento,arriendo,Valdivia,420000.0,22.0,"Av. Arturo Prat 1571, Valdivia, Valdivia",1,2.9,2.9,2,Hacinamiento medio,19090.909090909092
1409,departamento,arriendo,Valdivia,450000.0,28.0,"Camilo Henríquez 835, Valdivia, Centro De Valdivia, Valdivia",1,2.9,2.9,2,Hacinamiento medio,16071.42857142857
1410,departamento,arriendo,Valdivia,750000.0,60.0,"Ecuador 1800 - 2100, Valdivia, Campo Militar De Valdivia, Valdivia",3,2.9,0.97,1,Sin hacinamiento,12500.0
1411,departamento,arriendo,Valdivia,430000.0,45.0,"Av. Circunvalación Sur 3205, Valdivia, Sur De Valdivia, Valdivia",2,2.9,1.45,1,Sin hacinamiento,9555.555555555555
1412,departamento,arriendo,Valdivia,369000.0,38.0,"René Schneider 5860, Valdivia, Valdivia",2,2.9,1.45,1,Sin hacinamiento,9710.526315789473
1413,departamento,arriendo,Valdivia,150000.0,1.0,"Av. Pedro Aguirre Cerda 525, 5.1099e+06 - 5.1102e+06 Valdivia, Los Ríos, Chile, Las Animas, Valdivia",1,2.9,2.9,2,Hacinamiento medio,150000.0
1414,departamento,arriendo,Valdivia,395000.0,30.0,"Gral Lagos 1621, Valdivia, Los Ríos, Chile, Sur De Valdivia, Valdivia",1,2.9,2.9,2,Hacinamiento medio,13166.666666666666
1415,departamento,arriendo,Valdivia,680000.0,64.0,"Patricio Lynch 950, Valdivia, Valdivia",4,2.9,0.72,1,Sin hacinamiento,10625.0
1416,departamento,arriendo,Valdivia,500000.0,50.0,"Av. Circunvalación Sur 4880, Valdivia, Sur De Valdivia, Valdivia",3,2.9,0.97,1,Sin hacinamiento,10000.0
1417,departamento,arriendo,Valdivia,780000.0,58.0,"Av. Arturo Prat 1571, Valdivia, Valdivia",3,2.9,0.97,1,Sin hacinamiento,13448.275862068966
1418,departamento,arriendo,Valdivia,330000.0,20.0,"Italia 1750, Valdivia, Sur De Valdivia, Valdivia",1,2.9,2.9,2,Hacinamiento medio,16500.0
1419,departamento,arriendo,Valdivia,470000.0,60.0,"Vicente Carvallo Goyeneche 740, Valdivia, Las Animas, Valdivia",3,2.9,0.97,1,Sin hacinamiento,7833.333333333333
1420,departamento,arriendo,Valdivia,850000.0,73.0,"Pintor Ricardo Anwandter 101, Valdivia, Isla Teja, Valdivia",4,2.9,0.72,1,Sin hacinamiento,11643.835616438357
1421,departamento,arriendo,Valdivia,200000.0,18.0,"Valdivia, Centro De Valdivia",1,2.9,2.9,2,Hacinamiento medio,11111.111111111111
1422,departamento,arriendo,Valdivia,480000.0,45.0,"Av. Circunvalación Sur 4900, 5.1015e+06 - 5.1018e+06 Valdivia, Los Ríos, Chile, Sur De Valdivia, Valdivia",2,2.9,1.45,1,Sin hacinamiento,10666.666666666666
1423,departamento,arriendo,Valdivia,400000.0,55.0,"Federico Hettich 435, Valdivia, Valdivia",3,2.9,0.97,1,Sin hacinamiento,7272.727272727273
1424,departamento,arriendo,Valdivia,128000000.0,31.0,"Aníbal Pinto 1747, Valdivia, Campo Militar De Valdivia, Valdivia",1,2.9,2.9,2,Hacinamiento medio,4129032.2580645164
1425,departamento,arriendo,Futrono,390000.0,113.0,"Futrono, Lago Ranco",7,3.2,0.46,1,Sin hacinamiento,3451.3274336283184
1426,departamento,arriendo,La Unión,350000.0,55.0,"Francisco Hoch 435, La Unión, La Unión",3,3.1,1.03,1,Sin hacinamiento,6363.636363636364
1427,departamento,arriendo,La Unión,450000.0,40.0,"Serrano 628, La Unión, La Unión",2,3.1,1.55,1,Sin hacinamiento,11250.0
1428,departamento,arriendo,Río Bueno,480000.0,85.0,"Comercio 569, Rio Bueno, Río Bueno, Río Bueno",5,3.2,0.64,1,Sin hacinamiento,5647.058823529412
1429,departamento,arriendo,Río Bueno,360000.0,65.0,"Comercio 569, Rio Bueno, Río Bueno, Río Bueno",4,3.2,0.8,1,Sin hacinamiento,5538.461538461538
1430,departamento,venta,Valdivia,87600000.0,23.0,"Av. Circunvalación Sur 4883, Sur De Valdivia, Valdivia",1,2.9,2.9,2,Hacinamiento medio,3808695.652173913
1431,departamento,venta,Valdivia,110880000.0,26.0,"Anfión Muñoz 313, Valdivia, Centro De Valdivia, Valdivia",1,2.9,2.9,2,Hacinamiento medio,4264615.384615385
1432,departamento,venta,Valdivia,115480000.0,21.0,"Janequeo 355, Centro De Valdivia, Valdivia",1,2.9,2.9,2,Hacinamiento medio,5499047.619047619
1433,departamento,venta,Valdivia,75920000.0,18.0,"Arturo Prat 1571, Centro De Valdivia, Valdivia",1,2.9,2.9,2,Hacinamiento medio,4217777.777777778
1434,departamento,venta,Valdivia,102000000.0,23.0,"Av. Arturo Prat 855, Centro De Valdivia, Valdivia",1,2.9,2.9,2,Hacinamiento medio,4434782.608695652
1435,departamento,venta,Valdivia,86400000.0,23.0,"Circunvalación Sur 4883, Sur De Valdivia, Valdivia",1,2.9,2.9,2,Hacinamiento medio,3756521.7391304346
1436,departamento,venta,Valdivia,89600000.0,32.0,"Av. Pedro Aguirre Cerda 1581, Valdivia, Las Animas, Valdivia",2,2.9,1.45,1,Sin hacinamiento,2800000.0
1437,departamento,venta,Valdivia,110400000.0,23.0,"Av. Arturo Prat 1002, Valdivia, Centro De Valdivia, Valdivia",1,2.9,2.9,2,Hacinamiento medio,4800000.0
1438,departamento,venta,Valdivia,151480000.0,30.0,"Chacabuco 637, Centro De Valdivia, Valdivia",1,2.9,2.9,2,Hacinamiento medio,5049333.333333333
1439,departamento,venta,Valdivia,203080000.0,74.0,"Aníbal Pinto 1747, Campo Militar De Valdivia, Valdivia",4,2.9,0.72,1,Sin hacinamiento,2744324.3243243243
1440,departamento,venta,Valdivia,115360000.0,45.0,"Av. Pedro Aguirre Cerda 1313, Valdivia, Las Animas, Valdivia",2,2.9,1.45,1,Sin hacinamiento,2563555.5555555555
1441,departamento,venta,Valdivia,126400000.0,20.0,"García Reyes 253, Centro De Valdivia, Valdivia",1,2.9,2.9,2,Hacinamiento medio,6320000.0
1442,departamento,venta,Valdivia,84440000.0,22.0,"Av. Circunvalación Sur 4883, Valdivia, Sur De Valdivia, Valdivia",1,2.9,2.9,2,Hacinamiento medio,3838181.8181818184
1443,departamento,venta,Valdivia,208000000.0,64.0,"Av. Arturo Prat 1733, Valdivia, Valdivia",4,2.9,0.72,1,Sin hacinamiento,3250000.0
1444,departamento,venta,Valdivia,189440000.0,84.0,"Centro De Valdivia, Centro De Valdivia, Valdivia",5,2.9,0.58,1,Sin hacinamiento,2255238.095238095
1445,departamento,venta,Valdivia,400000000.0,148.0,"Av. Arturo Prat 295, Centro De Valdivia, Valdivia",9,2.9,0.32,1,Sin hacinamiento,2702702.7027027025
1446,departamento,venta,Valdivia,220000000.0,50.0,"Condominio Parque Río Cruces, Isla Teja, Valdivia",3,2.9,0.97,1,Sin hacinamiento,4400000.0
1447,departamento,venta,Valdivia,79000000.0,52.0,"Av. Circunvalación Sur 3015, Valdivia, Sur De Valdivia, Valdivia",3,2.9,0.97,1,Sin hacinamiento,1519230.7692307692
1448,departamento,venta,Valdivia,153000000.0,67.0,"Isla Del Rey 2620, Valdivia, Sur De Valdivia, Valdivia",4,2.9,0.72,1,Sin hacinamiento,2283582.0895522386
1449,departamento,venta,Valdivia,224000000.0,62.0,"Condominio Parque Krahmer, Sur De Valdivia, Valdivia",3,2.9,0.97,1,Sin hacinamiento,3612903.2258064514
1450,departamento,venta,Valdivia,284000000.0,95.0,"Av. Los Robles 1100, Isla Teja, Valdivia",5,2.9,0.58,1,Sin hacinamiento,2989473.6842105263
1451,departamento,venta,Valdivia,486000000.0,219.0,"Pje. Dos 251, Valdivia, Las Animas, Valdivia",13,2.9,0.22,1,Sin hacinamiento,2219178.0821917807
1452,departamento,venta,Valdivia,288000000.0,92.0,"Valdivia, Isla Teja",5,2.9,0.58,1,Sin hacinamiento,3130434.782608696
1453,departamento,venta,Valdivia,208000000.0,80.0,"Los Robles 1100, Isla Teja, Valdivia",5,2.9,0.58,1,Sin hacinamiento,2600000.0
1454,departamento,venta,Valdivia,132000000.0,37.0,"Av. Ramón Picarte 1568, 5111147 Valdivia, Los Ríos, Chile, Campo Militar De Valdivia, Valdivia",2,2.9,1.45,1,Sin hacinamiento,3567567.5675675673
1455,departamento,venta,Valdivia,192000000.0,64.0,"AVENIDA RAMON PICARTE, Sur De Valdivia, Valdivia",4,2.9,0.72,1,Sin hacinamiento,3000000.0
1456,departamento,venta,Valdivia,180000000.0,35.0,"Carampangue 500, Valdivia, Centro De Valdivia, Valdivia",2,2.9,1.45,1,Sin hacinamiento,5142857.142857143
1457,departamento,venta,Valdivia,236000000.0,70.0,"Manuel Montt 1053, Villa Del Rey, Valdivia, Sur De Valdivia, Valdivia",4,2.9,0.72,1,Sin hacinamiento,3371428.5714285714
1458,departamento,venta,Valdivia,212000000.0,61.0,"Condominio Parque Krahmer, Sur De Valdivia, Valdivia",3,2.9,0.97,1,Sin hacinamiento,3475409.8360655736
1459,departamento,venta,Valdivia,272000000.0,90.0,"Parque Krahmer, Sur De Valdivia, Valdivia",5,2.9,0.58,1,Sin hacinamiento,3022222.222222222
1460,departamento,venta,Valdivia,132000000.0,42.0,"Ramon Picarte, Campo Militar De Valdivia, Valdivia",2,2.9,1.45,1,Sin hacinamiento,3142857.1428571427
1462,departamento,venta,Valdivia,140000000.0,56.0,"Condominio Jardin Urbano Valdivia, Valdivia, Valdivia",3,2.9,0.97,1,Sin hacinamiento,2500000.0
1463,departamento,venta,Valdivia,160000000.0,104.0,"Av. Simpson 1053, Valdivia, Sur De Valdivia, Valdivia",6,2.9,0.48,1,Sin hacinamiento,1538461.5384615385
1464,departamento,venta,Valdivia,188000000.0,60.0,"Avenida Arturo Prat, 1733, Valdivia",3,2.9,0.97,1,Sin hacinamiento,3133333.3333333335
1465,departamento,venta,Valdivia,96000000.0,39.0,"Rocura, 153, Las Animas, Valdivia",2,2.9,1.45,1,Sin hacinamiento,2461538.4615384615
1466,departamento,venta,Valdivia,117600000.0,24.0,"Los Laureles, 270, Isla Teja, Valdivia",1,2.9,2.9,2,Hacinamiento medio,4900000.0
1467,departamento,venta,Valdivia,232000000.0,55.0,"Los Laureles, 270, Isla Teja, Valdivia",3,2.9,0.97,1,Sin hacinamiento,4218181.818181818
1469,departamento,venta,Valdivia,252000000.0,90.0,"Aníbal Pinto 1747, Valdivia, Campo Militar De Valdivia, Valdivia",5,2.9,0.58,1,Sin hacinamiento,2800000.0
1470,departamento,venta,Valdivia,102120000.0,51.0,"Vicente Carvallo Goyeneche 740, Valdivia, Las Animas, Valdivia",3,2.9,0.97,1,Sin hacinamiento,2002352.9411764706
1471,departamento,venta,Valdivia,475200000.0,140.0,"Lautaro N°172 Edificio Calle Calle, Centro De Valdivia, Valdivia",8,2.9,0.36,1,Sin hacinamiento,3394285.714285714
1472,departamento,venta,Valdivia,120000000.0,27.0,"Avenida Alemania, 243, Centro De Valdivia, Valdivia",1,2.9,2.9,2,Hacinamiento medio,4444444.444444444
1473,departamento,venta,Valdivia,161200000.0,56.0,"General Lagos, 1681, Campo Militar De Valdivia, Valdivia",3,2.9,0.97,1,Sin hacinamiento,2878571.4285714286
1474,departamento,venta,Valdivia,132000000.0,37.0,"Avenida Ramón Picarte, Campo Militar De Valdivia, Valdivia",2,2.9,1.45,1,Sin hacinamiento,3567567.5675675673
1476,departamento,venta,Valdivia,75280000.0,52.0,"Avenida Circunvalación 3225, 1 - 300, Sur De Valdivia, Valdivia",3,2.9,0.97,1,Sin hacinamiento,1447692.3076923077
1477,departamento,venta,Valdivia,144000000.0,33.0,"., Centro De Valdivia, Valdivia",2,2.9,1.45,1,Sin hacinamiento,4363636.363636363
1478,departamento,venta,Valdivia,400000000.0,100.0,"Calle Carampangue N°649, Centro De Valdivia, Valdivia",6,2.9,0.48,1,Sin hacinamiento,4000000.0
1479,departamento,venta,Valdivia,79000000.0,52.0,"Sur De Valdivia, Valdivia",3,2.9,0.97,1,Sin hacinamiento,1519230.7692307692
1480,departamento,venta,Valdivia,432000000.0,136.0,"Valdivia, Isla Teja",8,2.9,0.36,1,Sin hacinamiento,3176470.588235294
1481,departamento,venta,Valdivia,156400000.0,66.0,"Patricio Lynch 930, Valdivia, Chile, Valdivia",4,2.9,0.72,1,Sin hacinamiento,2369696.9696969697
1482,departamento,venta,Valdivia,136000000.0,37.0,"Los Alamos, Isla Teja, Valdivia",2,2.9,1.45,1,Sin hacinamiento,3675675.6756756757
1483,departamento,venta,Valdivia,233000000.0,86.0,"Valdivia, Campo Militar De Valdivia",5,2.9,0.58,1,Sin hacinamiento,2709302.3255813955
1484,departamento,venta,Valdivia,280000000.0,94.0,"Av. Los Robles 1100, Valdivia, Isla Teja, Valdivia",5,2.9,0.58,1,Sin hacinamiento,2978723.404255319
1485,departamento,venta,Valdivia,232000000.0,86.0,"Valdivia, Chile, Centro De Valdivia, Valdivia",5,2.9,0.58,1,Sin hacinamiento,2697674.418604651
1486,departamento,venta,Valdivia,116000000.0,51.0,"Vicente Carvallo Goyeneche 740, Valdivia, Las Animas, Valdivia",3,2.9,0.97,1,Sin hacinamiento,2274509.8039215687
1487,departamento,venta,Valdivia,400000000.0,126.0,"Valdivia, Centro De Valdivia",7,2.9,0.41,1,Sin hacinamiento,3174603.1746031744
1488,departamento,venta,Valdivia,188000000.0,61.0,"Avenida Arturo Prat, Valdivia",3,2.9,0.97,1,Sin hacinamiento,3081967.2131147543
1489,departamento,venta,Valdivia,172000000.0,76.0,"Valdivia, Torobayo",4,2.9,0.72,1,Sin hacinamiento,2263157.8947368423
1490,departamento,venta,Valdivia,600000000.0,368.0,Valdivia,23,2.9,0.13,1,Sin hacinamiento,1630434.7826086956
1491,departamento,venta,Valdivia,153000000.0,67.0,"LOMAS DEL RÍO II - VALDIVIA, Sur De Valdivia, Valdivia",4,2.9,0.72,1,Sin hacinamiento,2283582.0895522386
1492,departamento,venta,Valdivia,291600000.0,103.0,"Janequeo, Valdivia, Centro De Valdivia, Valdivia",6,2.9,0.48,1,Sin hacinamiento,2831067.9611650486
1493,departamento,venta,Valdivia,201480000.0,60.0,"Oettinger 61, Valdivia, Isla Teja, Valdivia",3,2.9,0.97,1,Sin hacinamiento,3358000.0
1494,departamento,venta,Valdivia,320000000.0,94.0,"Av. Los Robles 1100, Valdivia, Isla Teja, Valdivia",5,2.9,0.58,1,Sin hacinamiento,3404255.3191489363
1495,departamento,venta,Valdivia,324000000.0,140.0,"Centro De Valdivia, Valdivia",8,2.9,0.36,1,Sin hacinamiento,2314285.714285714
1496,departamento,venta,Valdivia,192000000.0,57.0,"COSTANERA DE VALDIVIA, Valdivia",3,2.9,0.97,1,Sin hacinamiento,3368421.052631579
1497,departamento,venta,Valdivia,114000000.0,27.0,"Caupolicán 243, Centro De Valdivia, Valdivia",1,2.9,2.9,2,Hacinamiento medio,4222222.222222222
1498,departamento,venta,Valdivia,390000000.0,163.0,"Valdivia, Centro De Valdivia",10,2.9,0.29,1,Sin hacinamiento,2392638.036809816
1501,departamento,venta,Valdivia,180800000.0,58.0,"Valdivia, Campo Militar De Valdivia",3,2.9,0.97,1,Sin hacinamiento,3117241.379310345
1502,departamento,venta,Valdivia,228000000.0,87.0,"Valdivia, Torobayo",5,2.9,0.58,1,Sin hacinamiento,2620689.6551724137
1503,departamento,venta,Valdivia,232000000.0,90.0,"Vicente Pérez Rosales Arauco Plaza De La República, Centro De Valdivia, Valdivia",5,2.9,0.58,1,Sin hacinamiento,2577777.777777778
1504,departamento,venta,Valdivia,440000000.0,150.0,"Chile, Isla Teja, Valdivia",9,2.9,0.32,1,Sin hacinamiento,2933333.3333333335
1505,departamento,venta,Valdivia,620000000.0,130.0,"Valdivia, Isla Teja",8,2.9,0.36,1,Sin hacinamiento,4769230.769230769
1506,departamento,venta,Valdivia,198000000.0,70.0,"Centro De Valdivia, Valdivia",4,2.9,0.72,1,Sin hacinamiento,2828571.4285714286
1507,departamento,venta,Valdivia,488000000.0,124.0,"Centro De Valdivia, Valdivia",7,2.9,0.41,1,Sin hacinamiento,3935483.870967742
1508,departamento,venta,Valdivia,113000000.0,80.0,"CONDOMINIO BRISAS DE LA RIVERA, Las Animas, Valdivia",5,2.9,0.58,1,Sin hacinamiento,1412500.0
1509,departamento,venta,Valdivia,158000000.0,38.0,"Aníbal Pinto, Campo Militar De Valdivia, Valdivia",2,2.9,1.45,1,Sin hacinamiento,4157894.736842105
1510,departamento,venta,Valdivia,120000000.0,36.0,"Centro De Valdivia, Valdivia",2,2.9,1.45,1,Sin hacinamiento,3333333.3333333335
1512,departamento,venta,Valdivia,236000000.0,68.0,"Valdivia, Isla Teja",4,2.9,0.72,1,Sin hacinamiento,3470588.2352941176
1513,departamento,venta,Valdivia,236000000.0,60.0,"Valdivia, Isla Teja",3,2.9,0.97,1,Sin hacinamiento,3933333.3333333335
1514,departamento,venta,Valdivia,136000000.0,38.0,"Avenida Ramón Picarte, Sur De Valdivia, Valdivia",2,2.9,1.45,1,Sin hacinamiento,3578947.3684210526
1515,departamento,venta,Valdivia,136000000.0,37.0,"Los Alamos 1121, Isla Teja, Valdivia",2,2.9,1.45,1,Sin hacinamiento,3675675.6756756757
1516,departamento,venta,Valdivia,160000000.0,67.0,"General Lagos, Campo Militar De Valdivia, Valdivia",4,2.9,0.72,1,Sin hacinamiento,2388059.7014925373
1517,departamento,venta,Valdivia,120000000.0,24.0,"Caupolicán 243, Valdivia, Chile, Centro De Valdivia, Valdivia",1,2.9,2.9,2,Hacinamiento medio,5000000.0
1518,departamento,venta,Valdivia,149000000.0,66.0,"General Lagos, Campo Militar De Valdivia, Valdivia",4,2.9,0.72,1,Sin hacinamiento,2257575.757575758
1519,departamento,venta,Valdivia,160000000.0,67.0,"Carlos Krahmer, Sur De Valdivia, Valdivia",4,2.9,0.72,1,Sin hacinamiento,2388059.7014925373
1520,departamento,venta,Valdivia,130000000.0,39.0,"Av. Arturo Prat 1733, Valdivia, Valdivia",2,2.9,1.45,1,Sin hacinamiento,3333333.3333333335
1521,departamento,venta,Valdivia,132000000.0,37.0,"Avenida Arturo Prat, Valdivia",2,2.9,1.45,1,Sin hacinamiento,3567567.5675675673
1522,departamento,venta,Valdivia,82000000.0,30.0,"Av Circunvalación, Sur De Valdivia, Valdivia",1,2.9,2.9,2,Hacinamiento medio,2733333.3333333335
1523,departamento,venta,Valdivia,180000000.0,93.0,"Maipú 125, Valdivia, Centro De Valdivia, Valdivia",5,2.9,0.58,1,Sin hacinamiento,1935483.8709677418
1524,departamento,venta,Valdivia,284000000.0,70.0,"Avenida Los Robles, Isla Teja, Valdivia",4,2.9,0.72,1,Sin hacinamiento,4057142.8571428573
1525,departamento,venta,Valdivia,90000000.0,75.0,"VENDO DEPARTAMENTO EN VALDIVIA, Centro De Valdivia, Valdivia",4,2.9,0.72,1,Sin hacinamiento,1200000.0
1526,departamento,venta,Valdivia,280000000.0,95.0,"Isla Teja, Valdivia",5,2.9,0.58,1,Sin hacinamiento,2947368.4210526315
1527,departamento,venta,Valdivia,136000000.0,59.0,"General Lagos, 1356, Campo Militar De Valdivia, Valdivia",3,2.9,0.97,1,Sin hacinamiento,2305084.745762712
1528,departamento,venta,Valdivia,288000000.0,74.0,"Pleamar 1364, Valdivia, Torobayo, Valdivia",4,2.9,0.72,1,Sin hacinamiento,3891891.891891892
1529,departamento,venta,Valdivia,292000000.0,70.0,"Valdivia, Isla Teja",4,2.9,0.72,1,Sin hacinamiento,4171428.5714285714
1530,departamento,venta,Valdivia,151600000.0,37.0,"Oettinger 51, Valdivia, Isla Teja, Valdivia",2,2.9,1.45,1,Sin hacinamiento,4097297.2972972975
1531,departamento,venta,Valdivia,139000000.0,55.0,"Sur De Valdivia, Valdivia",3,2.9,0.97,1,Sin hacinamiento,2527272.727272727
1532,departamento,venta,Valdivia,186000000.0,61.0,"Manuel Montt 1053, Villa Del Rey, Valdivia, Sur De Valdivia, Valdivia",3,2.9,0.97,1,Sin hacinamiento,3049180.3278688523
1533,departamento,venta,Valdivia,151600000.0,63.0,"Ecuador, Campo Militar De Valdivia, Valdivia",3,2.9,0.97,1,Sin hacinamiento,2406349.206349206
1534,departamento,venta,Valdivia,130000000.0,65.0,"San Luis, Sur De Valdivia, Valdivia",4,2.9,0.72,1,Sin hacinamiento,2000000.0
1535,departamento,venta,Valdivia,488000000.0,125.0,"Valdivia, Centro De Valdivia",7,2.9,0.41,1,Sin hacinamiento,3904000.0
1536,departamento,venta,Valdivia,122800000.0,56.0,"Gral Lagos 1936, Valdivia, Sur De Valdivia, Valdivia",3,2.9,0.97,1,Sin hacinamiento,2192857.1428571427
1537,departamento,venta,Valdivia,128000000.0,28.0,"Caupolicán, Valdivia, Chile, Centro De Valdivia, Valdivia",1,2.9,2.9,2,Hacinamiento medio,4571428.571428572
1538,departamento,venta,Valdivia,88000000.0,18.0,"Ecuador 2037, 5100288 Valdivia, Los Ríos, Chile, Valdivia",1,2.9,2.9,2,Hacinamiento medio,4888888.888888889
1539,departamento,venta,Valdivia,192000000.0,57.0,"Ruta 206 1486, Valdivia, Los Ríos, Chile, Campo Militar De Valdivia, Valdivia",3,2.9,0.97,1,Sin hacinamiento,3368421.052631579
1540,departamento,venta,Valdivia,199600000.0,62.0,"Condominio Teja Sur - Los Arrayanes 390, Valdivia, Isla Teja, Valdivia",3,2.9,0.97,1,Sin hacinamiento,3219354.8387096776
1541,departamento,venta,Valdivia,428000000.0,141.0,"Valdivia, Centro De Valdivia",8,2.9,0.36,1,Sin hacinamiento,3035460.9929078016
1542,departamento,venta,Valdivia,232000000.0,86.0,"Aníbal Pinto, Campo Militar De Valdivia, Valdivia",5,2.9,0.58,1,Sin hacinamiento,2697674.418604651
1543,departamento,venta,Valdivia,160000000.0,84.0,"O´Higgins N°457., Centro De Valdivia, Valdivia",5,2.9,0.58,1,Sin hacinamiento,1904761.9047619049
1544,departamento,venta,Valdivia,76000000.0,23.0,"Avenida Circunvalación Sur 4883, Valdivia, Chile, Sur De Valdivia, Valdivia",1,2.9,2.9,2,Hacinamiento medio,3304347.8260869565
1545,departamento,venta,Valdivia,132000000.0,40.0,"Avenida Arturo Prat 1733, Valdivia, Chile, Valdivia",2,2.9,1.45,1,Sin hacinamiento,3300000.0
1546,departamento,venta,Valdivia,90000000.0,35.0,"Rocura, Las Animas, Valdivia",2,2.9,1.45,1,Sin hacinamiento,2571428.5714285714
1547,departamento,venta,Valdivia,319600000.0,138.0,"Isla Teja, Isla Teja, Valdivia",8,2.9,0.36,1,Sin hacinamiento,2315942.0289855073
1548,departamento,venta,Valdivia,236000000.0,65.0,Valdivia,4,2.9,0.72,1,Sin hacinamiento,3630769.230769231
1549,departamento,venta,Valdivia,90000000.0,35.0,"Valdivia, Las Animas",2,2.9,1.45,1,Sin hacinamiento,2571428.5714285714
1550,departamento,venta,Valdivia,92000000.0,56.0,"San Luis, Sur De Valdivia, Valdivia",3,2.9,0.97,1,Sin hacinamiento,1642857.142857143
1551,departamento,venta,Valdivia,184000000.0,61.0,"Condominio Teja Sur - Los Arrayanes 390, Valdivia, Isla Teja, Valdivia",3,2.9,0.97,1,Sin hacinamiento,3016393.4426229508
1552,departamento,venta,Valdivia,208000000.0,49.0,Valdivia,3,2.9,0.97,1,Sin hacinamiento,4244897.959183673
1553,departamento,venta,Valdivia,207960000.0,81.0,"Av. Balmaceda, Valdivia",5,2.9,0.58,1,Sin hacinamiento,2567407.407407407
1554,departamento,venta,Valdivia,188000000.0,63.0,"Avenida Arturo Prat, Valdivia",3,2.9,0.97,1,Sin hacinamiento,2984126.984126984
1555,departamento,venta,Valdivia,900000000.0,65.0,"VILLA ROCURA, Las Animas, Valdivia",4,2.9,0.72,1,Sin hacinamiento,13846153.846153846
1556,departamento,venta,Valdivia,15440000.0,56.0,"CHACABUCO 367, Centro De Valdivia, Valdivia",3,2.9,0.97,1,Sin hacinamiento,275714.28571428574
1557,departamento,venta,Valdivia,196000000.0,57.0,"Av. Arturo Prat 1733, Valdivia, Valdivia",3,2.9,0.97,1,Sin hacinamiento,3438596.49122807
1558,departamento,venta,Valdivia,160000000.0,104.0,"Sector Regional, Sur De Valdivia, Valdivia",6,2.9,0.48,1,Sin hacinamiento,1538461.5384615385
1559,departamento,venta,Valdivia,105600000.0,60.0,"Rocura 153, Valdivia, Las Animas, Valdivia",3,2.9,0.97,1,Sin hacinamiento,1760000.0
1561,departamento,venta,Valdivia,140000000.0,31.0,"Valdivia, Isla Teja",1,2.9,2.9,2,Hacinamiento medio,4516129.0322580645
1562,departamento,venta,Valdivia,128000000.0,52.0,"Jardín Urbano 3, Valdivia, Valdivia",3,2.9,0.97,1,Sin hacinamiento,2461538.4615384615
1563,departamento,venta,Valdivia,198000000.0,93.0,"Maipú 125, Valdivia, Centro De Valdivia, Valdivia",5,2.9,0.58,1,Sin hacinamiento,2129032.2580645164
1564,departamento,venta,Valdivia,160000000.0,36.0,"Caupolicán 243, Valdivia, Centro De Valdivia, Valdivia",2,2.9,1.45,1,Sin hacinamiento,4444444.444444444
1565,departamento,venta,Valdivia,128000000.0,51.0,"Patricio Lynch 940, 5090000 Valdivia, Los Ríos, Chile, Valdivia",3,2.9,0.97,1,Sin hacinamiento,2509803.9215686275
1566,departamento,venta,Valdivia,159600000.0,40.0,"Valdivia, Isla Teja",2,2.9,1.45,1,Sin hacinamiento,3990000.0
1567,departamento,venta,Valdivia,235000000.0,140.0,"Av. Ramón Picarte 986, 5090000 Valdivia, Los Ríos, Chile, Centro De Valdivia, Valdivia",8,2.9,0.36,1,Sin hacinamiento,1678571.4285714286
1568,departamento,venta,Valdivia,116000000.0,37.0,"ISLA TEJA, Isla Teja, Valdivia",2,2.9,1.45,1,Sin hacinamiento,3135135.135135135
1569,departamento,venta,Valdivia,92000000.0,52.0,"Sta. Teresa, Valdivia, Sur De Valdivia, Valdivia",3,2.9,0.97,1,Sin hacinamiento,1769230.7692307692
1570,departamento,venta,Valdivia,105000000.0,51.0,"Vicente Carvallo Goyeneche 740, 5112137 Valdivia, Los Ríos, Chile, Las Animas, Valdivia",3,2.9,0.97,1,Sin hacinamiento,2058823.5294117648
1571,departamento,venta,Valdivia,115000000.0,57.0,"Patricio Lynch 950, Valdivia, Chile, Valdivia",3,2.9,0.97,1,Sin hacinamiento,2017543.8596491227
1572,departamento,venta,Valdivia,115600000.0,23.0,"Los Laureles 270, Valdivia, Isla Teja, Valdivia",1,2.9,2.9,2,Hacinamiento medio,5026086.956521739
1573,departamento,venta,Valdivia,115080000.0,50.0,Valdivia,3,2.9,0.97,1,Sin hacinamiento,2301600.0
1574,departamento,venta,Valdivia,600000000.0,352.0,"Avenida Arturo Prato N°1001., Centro De Valdivia, Valdivia",22,2.9,0.13,1,Sin hacinamiento,1704545.4545454546
1575,departamento,venta,Valdivia,168000000.0,48.0,"Valdivia, Isla Teja",3,2.9,0.97,1,Sin hacinamiento,3500000.0
1576,departamento,venta,Valdivia,208000000.0,68.0,Valdivia,4,2.9,0.72,1,Sin hacinamiento,3058823.529411765
1577,departamento,venta,Valdivia,259600000.0,60.0,"Av. Arturo Prat 711, Valdivia, Los Ríos, Chile, Valdivia",3,2.9,0.97,1,Sin hacinamiento,4326666.666666667
1578,departamento,venta,Valdivia,440000000.0,130.0,"Condominio Riberas Del Cruce, Isla Teja, Isla Teja, Valdivia",8,2.9,0.36,1,Sin hacinamiento,3384615.3846153845
1579,departamento,venta,Valdivia,119200000.0,53.0,"LOMAS DEL RIO III, Valdivia",3,2.9,0.97,1,Sin hacinamiento,2249056.603773585
1580,departamento,venta,Valdivia,256890463.0,65.0,"EDIFICIO COSTANERA, Valdivia",4,2.9,0.72,1,Sin hacinamiento,3952160.969230769
1581,departamento,venta,Valdivia,159600000.0,42.0,"Valdivia, Isla Teja",2,2.9,1.45,1,Sin hacinamiento,3800000.0
1582,departamento,venta,Valdivia,224000000.0,32.0,"Valdivia, Centro De Valdivia",2,2.9,1.45,1,Sin hacinamiento,7000000.0
1583,departamento,venta,Valdivia,236000000.0,76.0,"Sur De Valdivia, Valdivia",4,2.9,0.72,1,Sin hacinamiento,3105263.1578947366
1584,departamento,venta,Valdivia,295000000.0,128.0,"Janequeo 313, Valdivia, Los Ríos, Chile, Centro De Valdivia, Valdivia",8,2.9,0.36,1,Sin hacinamiento,2304687.5
1585,departamento,venta,Valdivia,152800000.0,55.0,"Valdivia, Sur De Valdivia",3,2.9,0.97,1,Sin hacinamiento,2778181.8181818184
1586,departamento,venta,Valdivia,224000000.0,65.0,"Los Alamos N°1121, Isla Teja, Valdivia",4,2.9,0.72,1,Sin hacinamiento,3446153.846153846
1587,departamento,venta,Valdivia,160000000.0,37.0,Valdivia,2,2.9,1.45,1,Sin hacinamiento,4324324.324324325
1588,departamento,venta,Valdivia,140000000.0,32.0,"Valdivia, Centro De Valdivia",2,2.9,1.45,1,Sin hacinamiento,4375000.0
1589,departamento,venta,Valdivia,115880000.0,43.0,"Valdivia, Sur De Valdivia",2,2.9,1.45,1,Sin hacinamiento,2694883.7209302327
1590,departamento,venta,Valdivia,400000000.0,126.0,"Avenida La Costanera, Arturo Prat N°295., Centro De Valdivia, Valdivia",7,2.9,0.41,1,Sin hacinamiento,3174603.1746031744
1591,departamento,venta,Valdivia,107080000.0,51.0,"Vicente Carvallo Goyeneche 740, Valdivia, Los Ríos, Chile, Las Animas, Valdivia",3,2.9,0.97,1,Sin hacinamiento,2099607.843137255
1593,departamento,venta,Valdivia,116000000.0,51.0,"Vicente Carvallo Goyeneche 740, 5112137 Valdivia, Los Ríos, Chile, Las Animas, Valdivia",3,2.9,0.97,1,Sin hacinamiento,2274509.8039215687
1594,departamento,venta,Valdivia,158000000.0,38.0,"Aníbal Pinto, Campo Militar De Valdivia, Valdivia",2,2.9,1.45,1,Sin hacinamiento,4157894.736842105
1595,departamento,venta,Valdivia,259200000.0,62.0,"García Reyes 212, Valdivia, Valdivia",3,2.9,0.97,1,Sin hacinamiento,4180645.1612903224
1596,departamento,venta,Valdivia,156000000.0,39.0,"Caupolican N°343, Centro De Valdivia, Valdivia",2,2.9,1.45,1,Sin hacinamiento,4000000.0
1597,departamento,venta,Valdivia,125000000.0,63.0,"Ecuador 1871, Campo Militar De Valdivia, Valdivia",3,2.9,0.97,1,Sin hacinamiento,1984126.9841269841
1598,departamento,venta,Valdivia,270000000.0,122.0,"Calle Independencia N°628, Centro De Valdivia, Valdivia",7,2.9,0.41,1,Sin hacinamiento,2213114.7540983604
1599,departamento,venta,Valdivia,235000000.0,69.0,"Manuel Montt 1053, Villa Del Rey, Valdivia, Sur De Valdivia, Valdivia",4,2.9,0.72,1,Sin hacinamiento,3405797.1014492754
1600,departamento,venta,Valdivia,428000000.0,139.0,"Carampangue 330, Valdivia",8,2.9,0.36,1,Sin hacinamiento,3079136.690647482
1601,departamento,venta,Valdivia,159600000.0,42.0,"Condominio Parque Rio Cruces, Valdivia",2,2.9,1.45,1,Sin hacinamiento,3800000.0
1602,departamento,venta,Valdivia,147000000.0,42.0,"Aníbal Pinto 1747, Valdivia, Campo Militar De Valdivia, Valdivia",2,2.9,1.45,1,Sin hacinamiento,3500000.0
1603,departamento,venta,Valdivia,215600000.0,65.0,"Valdivia, Isla Teja",4,2.9,0.72,1,Sin hacinamiento,3316923.076923077
1604,departamento,venta,Valdivia,350000000.0,120.0,"Centro De Valdivia, Centro De Valdivia, Valdivia",7,2.9,0.41,1,Sin hacinamiento,2916666.6666666665
1605,departamento,venta,Valdivia,228000000.0,58.0,"Isla Teja, Isla Teja, Valdivia",3,2.9,0.97,1,Sin hacinamiento,3931034.4827586208
1606,departamento,venta,Valdivia,316000000.0,85.0,"Manuel Montt 1053, 5091717 Valdivia, Los Ríos, Chile, Sur De Valdivia, Valdivia",5,2.9,0.58,1,Sin hacinamiento,3717647.0588235296
1607,departamento,venta,Valdivia,150000000.0,38.0,"Caupolicán 225, 5110270 Valdivia, Los Ríos, Chile, Centro De Valdivia, Valdivia",2,2.9,1.45,1,Sin hacinamiento,3947368.4210526315
1608,departamento,venta,Valdivia,128000000.0,31.0,"Aníbal Pinto 1747, Valdivia, Campo Militar De Valdivia, Valdivia",1,2.9,2.9,2,Hacinamiento medio,4129032.2580645164
1609,departamento,venta,Valdivia,168000000.0,56.0,"Valdivia, Sur De Valdivia",3,2.9,0.97,1,Sin hacinamiento,3000000.0
1610,departamento,venta,Valdivia,196000000.0,84.0,"Maipú 125, Centro De Valdivia, Valdivia",5,2.9,0.58,1,Sin hacinamiento,2333333.3333333335
1611,departamento,venta,Valdivia,120000000.0,27.0,"Caupolicán 243, Valdivia, Centro De Valdivia, Valdivia",1,2.9,2.9,2,Hacinamiento medio,4444444.444444444
1612,departamento,venta,Valdivia,88000000.0,42.0,"Vicente Carvallo Goyeneche 740, 5112137 Valdivia, Los Ríos, Chile, Las Animas, Valdivia",2,2.9,1.45,1,Sin hacinamiento,2095238.0952380951
1613,departamento,venta,Valdivia,175000000.0,70.0,"Teja Sur, Isla Teja, Valdivia",4,2.9,0.72,1,Sin hacinamiento,2500000.0
1614,departamento,venta,Valdivia,75000000.0,60.0,"Alberto Blest Gana, Valdivia, Sur De Valdivia, Valdivia",3,2.9,0.97,1,Sin hacinamiento,1250000.0
1615,departamento,venta,Valdivia,219000000.0,65.0,"Los Raulíes 450, Los Raulies, Valdivia, Isla Teja, Valdivia",4,2.9,0.72,1,Sin hacinamiento,3369230.769230769
1616,departamento,venta,Valdivia,408000000.0,120.0,"Carampangue 236, 5110266 Valdivia, Los Ríos, Chile, Centro De Valdivia, Valdivia",7,2.9,0.41,1,Sin hacinamiento,3400000.0
1618,departamento,venta,Valdivia,156000000.0,32.0,"Caupolicán 243, Valdivia, Centro De Valdivia, Valdivia",2,2.9,1.45,1,Sin hacinamiento,4875000.0
1619,departamento,venta,Valdivia,260000000.0,60.0,"Cost A Pratt 799, 5110423 Valdivia, Los Ríos, Chile, Centro De Valdivia, Valdivia",3,2.9,0.97,1,Sin hacinamiento,4333333.333333333
1620,departamento,venta,Valdivia,248000000.0,55.0,"Carampangue, Valdivia, Centro De Valdivia, Valdivia",3,2.9,0.97,1,Sin hacinamiento,4509090.909090909
1621,departamento,venta,Valdivia,131960000.0,40.0,"Aníbal Pinto 1685, 5110902 Valdivia, Los Ríos, Chile, Campo Militar De Valdivia, Valdivia",2,2.9,1.45,1,Sin hacinamiento,3299000.0
1622,departamento,venta,Valdivia,488000000.0,125.0,"Yungay 773, Valdivia, Los Ríos, Chile, Centro De Valdivia, Valdivia",7,2.9,0.41,1,Sin hacinamiento,3904000.0
1623,departamento,venta,Valdivia,360000000.0,167.0,"Maipú 125, Valdivia, Centro De Valdivia, Valdivia",10,2.9,0.29,1,Sin hacinamiento,2155688.622754491
1624,departamento,venta,Valdivia,200000000.0,63.0,"Yungay 773, Valdivia, Centro De Valdivia, Valdivia",3,2.9,0.97,1,Sin hacinamiento,3174603.1746031744
1625,departamento,venta,Valdivia,340000000.0,90.0,"Lautaro 198, Valdivia, Centro De Valdivia, Valdivia",5,2.9,0.58,1,Sin hacinamiento,3777777.777777778
1626,departamento,venta,Valdivia,144000000.0,57.0,"Carlos Krahmer Richter 2660, Valdivia, Sur De Valdivia, Valdivia",3,2.9,0.97,1,Sin hacinamiento,2526315.789473684
1627,departamento,venta,Valdivia,232000000.0,55.0,"Los Alamos 1121, Valdivia, Isla Teja, Valdivia",3,2.9,0.97,1,Sin hacinamiento,4218181.818181818
1628,departamento,venta,Valdivia,350000000.0,140.0,"Av. Alemania 220, Valdivia, Centro De Valdivia, Valdivia",8,2.9,0.36,1,Sin hacinamiento,2500000.0
1629,departamento,venta,Valdivia,112440000.0,27.0,"Caupolicán 243, Valdivia, Centro De Valdivia, Valdivia",1,2.9,2.9,2,Hacinamiento medio,4164444.4444444445
1630,departamento,venta,Valdivia,188000000.0,80.0,"San Carlos 104, Valdivia, Centro De Valdivia, Valdivia",5,2.9,0.58,1,Sin hacinamiento,2350000.0
1631,departamento,venta,Valdivia,90000000.0,35.0,"Rocura 153, Valdivia, Las Animas, Valdivia",2,2.9,1.45,1,Sin hacinamiento,2571428.5714285714
1632,departamento,venta,Valdivia,164000000.0,41.0,"Los Alamos 1121, Valdivia, Isla Teja, Valdivia",2,2.9,1.45,1,Sin hacinamiento,4000000.0
1633,departamento,venta,Valdivia,208000000.0,76.0,"Av. Los Robles 1100, Valdivia, Isla Teja, Valdivia",4,2.9,0.72,1,Sin hacinamiento,2736842.1052631577
1635,departamento,venta,Valdivia,85000000.0,59.0,"Bulnes 1975, 5090082 Valdivia, Los Ríos, Chile, Campo Militar De Valdivia, Valdivia",3,2.9,0.97,1,Sin hacinamiento,1440677.9661016949
1636,departamento,venta,Valdivia,113000000.0,67.0,"Vicente Carvallo Goyeneche 740, Valdivia, Las Animas, Valdivia",4,2.9,0.72,1,Sin hacinamiento,1686567.1641791044
1637,departamento,venta,Valdivia,141200000.0,66.0,"Patricio Lynch 930, Valdivia, Valdivia",4,2.9,0.72,1,Sin hacinamiento,2139393.9393939395
1638,departamento,venta,Valdivia,156000000.0,36.0,"Caupolicán 243, Valdivia, Centro De Valdivia, Valdivia",2,2.9,1.45,1,Sin hacinamiento,4333333.333333333
1640,departamento,venta,Valdivia,232000000.0,69.0,"Los Alamos 1121, Valdivia, Isla Teja, Valdivia",4,2.9,0.72,1,Sin hacinamiento,3362318.84057971
1641,departamento,venta,Valdivia,164000000.0,64.0,"Errázuriz 3411, Valdivia, Sur De Valdivia, Valdivia",4,2.9,0.72,1,Sin hacinamiento,2562500.0
1642,departamento,venta,Valdivia,132000000.0,37.0,"Av. Arturo Prat 1733, Valdivia, Valdivia",2,2.9,1.45,1,Sin hacinamiento,3567567.5675675673
1643,departamento,venta,Valdivia,136000000.0,36.0,"Caupolicán 243, Valdivia, Centro De Valdivia, Valdivia",2,2.9,1.45,1,Sin hacinamiento,3777777.777777778
1644,departamento,venta,Valdivia,156000000.0,49.0,"Av Circunvalación, Valdivia, Sur De Valdivia, Valdivia",3,2.9,0.97,1,Sin hacinamiento,3183673.4693877553
1645,departamento,venta,Valdivia,156000000.0,30.0,"Los Avellanos 328, 5110258 Valdivia, Los Ríos, Chile, Isla Teja, Valdivia",1,2.9,2.9,2,Hacinamiento medio,5200000.0
1646,departamento,venta,Valdivia,140000000.0,38.0,"Caupolican, Centro De Valdivia, Valdivia",2,2.9,1.45,1,Sin hacinamiento,3684210.5263157897
1647,departamento,venta,Valdivia,160000000.0,30.0,"Edificio Plaza Fluvial, Centro De Valdivia, Valdivia",1,2.9,2.9,2,Hacinamiento medio,5333333.333333333
1648,departamento,venta,Valdivia,215000000.0,61.0,"Av. Los Robles 1210, 5111431 Valdivia, Los Ríos, Chile, Isla Teja, Valdivia",3,2.9,0.97,1,Sin hacinamiento,3524590.1639344264
1649,departamento,venta,Valdivia,194000000.0,75.0,"Los Pelues 600 - 900, Valdivia, Los Ríos, Chile, Isla Teja, Valdivia",4,2.9,0.72,1,Sin hacinamiento,2586666.6666666665
1650,departamento,venta,Valdivia,140000000.0,37.0,"Las Encinas 220, Valdivia, Los Ríos, Chile, Isla Teja, Valdivia",2,2.9,1.45,1,Sin hacinamiento,3783783.7837837837
1651,departamento,venta,Valdivia,316000000.0,99.0,"Isla Teja, Isla Teja, Valdivia",6,2.9,0.48,1,Sin hacinamiento,3191919.1919191917
1652,departamento,venta,Valdivia,132000000.0,34.0,"Edificio AP1733, Campo Militar De Valdivia, Valdivia",2,2.9,1.45,1,Sin hacinamiento,3882352.9411764704
1653,departamento,venta,Valdivia,136000000.0,40.0,"Av. Arturo Prat 1499, Valdivia, Los Ríos, Chile, Centro De Valdivia, Valdivia",2,2.9,1.45,1,Sin hacinamiento,3400000.0
1654,departamento,venta,Valdivia,257000000.0,60.0,"García Reyes 219, Valdivia, Los Ríos, Chile, Valdivia",3,2.9,0.97,1,Sin hacinamiento,4283333.333333333
1655,departamento,venta,Valdivia,160000000.0,56.0,"Gral Lagos 1681, Valdivia, Campo Militar De Valdivia, Valdivia",3,2.9,0.97,1,Sin hacinamiento,2857142.8571428573
1656,departamento,venta,Valdivia,148240000.0,38.0,"Los Laureles 270, Valdivia, Isla Teja, Valdivia",2,2.9,1.45,1,Sin hacinamiento,3901052.6315789474
1657,departamento,venta,Valdivia,143500000.0,33.0,"Caupolicán 243, Valdivia, Centro De Valdivia, Valdivia",2,2.9,1.45,1,Sin hacinamiento,4348484.848484849
1658,departamento,venta,Valdivia,88000000.0,39.0,"Rocura 153, Valdivia, Las Animas, Valdivia",2,2.9,1.45,1,Sin hacinamiento,2256410.2564102565
1659,departamento,venta,Valdivia,588000000.0,504.0,"Carlos Hilker 65, Valdivia, Sur De Valdivia, Valdivia",31,2.9,0.09,1,Sin hacinamiento,1166666.6666666667
1660,departamento,venta,Valdivia,112000000.0,23.0,"Los Laureles 170, Valdivia, Isla Teja, Valdivia",1,2.9,2.9,2,Hacinamiento medio,4869565.217391305
1661,departamento,venta,Corral,115000000.0,60.0,"Isla Del Rey, Valdivia, Chile, Corral",3,3.0,1.0,1,Sin hacinamiento,1916666.6666666667
1662,departamento,venta,Futrono,32000000.0,140.0,"Futrono, Lago Ranco",8,3.2,0.4,1,Sin hacinamiento,228571.42857142858
1663,departamento,venta,Futrono,15120000.0,60.0,"Bahía Coique, Futrono, Lago Ranco, Futrono",3,3.2,1.07,1,Sin hacinamiento,252000.0
1664,departamento,venta,Futrono,120000000.0,224.0,"Futrono, Lago Ranco",14,3.2,0.23,1,Sin hacinamiento,535714.2857142857
1665,departamento,venta,Futrono,120000000.0,145.0,"Futrono, Lago Ranco",9,3.2,0.36,1,Sin hacinamiento,827586.2068965518
1667,departamento,venta,Futrono,112000000.0,124.0,"Futrono, Lago Ranco",7,3.2,0.46,1,Sin hacinamiento,903225.8064516129
1668,departamento,venta,Futrono,100000000.0,123.0,"Bahia Coique, Lago Ranco, Futrono",7,3.2,0.46,1,Sin hacinamiento,813008.1300813009
1669,departamento,venta,Futrono,15120000.0,70.0,", Futrono, Futrono, Lago Ranco, Futrono",4,3.2,0.8,1,Sin hacinamiento,216000.0
1670,departamento,venta,Río Bueno,221600000.0,140.0,"Comercio, Río Bueno",8,3.2,0.4,1,Sin hacinamiento,1582857.142857143
