y1,y11,y20amonto,sexo,region,esc
400000.0,,,2,14,15.0
330000.0,,,2,14,15.0
,0.0,,2,14,2.0
,0.0,,2,14,12.0
,,11091.0,1,14,
,,11091.0,2,14,
96000.0,,,2,14,16.0
70000.0,,,2,14,15.0
,,,2,14,
,0.0,,1,14,11.0
250000.0,,,2,14,12.0
,,,1,14,8.0
,,,1,14,
,,,1,14,
280000.0,,,1,14,13.0
280000.0,,,1,14,11.0
300000.0,,,1,14,12.0
150000.0,,,2,14,12.0
270000.0,,,2,14,15.0
,0.0,,1,14,12.0
,0.0,,1,14,12.0
,,,2,14,
,,,2,14,12.0
,0.0,11091.0,2,14,11.0
,,11091.0,2,14,
,,11091.0,2,14,
140000.0,,,2,14,16.0
,0.0,,1,14,12.0
500000.0,,,2,14,12.0
1200000.0,,,1,14,17.0
99.0,,,2,14,17.0
,0.0,,1,14,17.0
,0.0,,1,14,16.0
99.0,,,2,14,17.0
,,,2,14,15.0
,,,1,14,
,,,1,14,
,,,1,14,12.0
,0.0,,2,14,15.0
300000.0,,,2,14,12.0
,,,1,14,14.0
310000.0,,,2,14,
,0.0,11091.0,1,14,10.0
,,11091.0,2,14,
,,11091.0,1,14,
,,11091.0,1,14,
,,11091.0,2,14,
,0.0,,2,14,
0.0,,,1,14,13.0
0.0,,11091.0,1,14,11.0
,,11091.0,1,14,
,,11091.0,2,14,
,,,1,14,19.0
1700000.0,,,2,14,17.0
,0.0,,1,14,16.0
,0.0,,2,14,15.0
,0.0,,2,14,11.0
,0.0,,1,14,13.0
,0.0,,1,14,12.0
,,,2,14,3.0
,,,2,14,15.0
,,,1,14,
,,,1,14,
,0.0,,1,14,16.0
,0.0,,2,14,11.0
80000.0,,,1,14,10.0
,0.0,,2,14,11.0
,0.0,,1,14,15.0
1000000.0,,,2,14,17.0
,0.0,,1,14,17.0
,,,2,14,
,,,1,14,
1500000.0,,,1,14,17.0
,,,2,14,17.0
,0.0,,2,14,12.0
,0.0,,2,14,17.0
,,,1,14,17.0
350000.0,,,1,14,12.0
,0.0,,2,14,12.0
,,,2,14,
,0.0,,1,14,15.0
,0.0,,2,14,12.0
,,,1,14,12.0
,50000.0,,1,14,12.0
,0.0,,2,14,12.0
,,11091.0,1,14,
,,,1,14,6.0
310000.0,,,1,14,12.0
,0.0,,2,14,12.0
,0.0,,2,14,14.0
,0.0,,2,14,10.0
,,,1,14,6.0
,0.0,,2,14,3.0
450000.0,,,2,14,15.0
350000.0,,,1,14,12.0
,0.0,,1,14,19.0
420000.0,,,1,14,12.0
380000.0,,,1,14,14.0
380000.0,,,2,14,14.0
,,,1,14,
,,,1,14,
,,,2,14,
400000.0,,,1,14,12.0
300000.0,,,2,14,14.0
,,,1,14,
,,,2,14,
650000.0,,,1,14,17.0
550000.0,,,1,14,12.0
,,,2,14,11.0
,0.0,,2,14,11.0
,,,1,14,
,0.0,,2,14,12.0
,0.0,,2,14,2.0
,0.0,,1,14,11.0
,,,2,14,
,,,2,14,
,0.0,,2,14,8.0
300000.0,,,1,14,8.0
,0.0,,2,14,11.0
,,,1,14,
,0.0,,2,14,8.0
,0.0,,1,14,7.0
,,,1,14,
,,,2,14,
,,,2,14,
,,,1,14,12.0
,0.0,,2,14,12.0
250000.0,,,2,14,16.0
,,,2,14,
,,,2,14,
600000.0,,,1,14,19.0
600000.0,,,1,14,19.0
,0.0,,2,14,12.0
350000.0,,,1,14,12.0
,0.0,,1,14,17.0
,0.0,,1,14,13.0
,,,2,14,5.0
,0.0,,2,14,4.0
,,,1,14,4.0
250000.0,,,2,14,12.0
250000.0,,,2,14,8.0
700000.0,,,1,14,8.0
500000.0,,,2,14,12.0
,,,1,14,12.0
250000.0,,,2,14,17.0
,0.0,,2,14,1.0
,0.0,,1,14,2.0
,,,1,14,10.0
550000.0,,,2,14,12.0
,0.0,,1,14,17.0
250000.0,,,2,14,12.0
,0.0,,2,14,12.0
,,,2,14,
,0.0,,1,14,17.0
1500000.0,,,2,14,21.0
,0.0,,1,14,12.0
,0.0,,2,14,15.0
,45000.0,,1,14,15.0
280000.0,,,1,14,16.0
,0.0,,2,14,18.0
,0.0,,1,14,18.0
,,,1,14,11.0
,,,2,14,4.0
,,,2,14,12.0
,,,1,14,12.0
,,,2,14,
,0.0,,2,14,12.0
0.0,,,1,14,12.0
300000.0,,,1,14,12.0
,,,2,14,8.0
0.0,,,1,14,3.0
500000.0,,,1,14,11.0
,0.0,,2,14,17.0
800000.0,,,1,14,12.0
99.0,,,2,14,17.0
99.0,,,1,14,12.0
,0.0,,2,14,10.0
,0.0,,2,14,17.0
,0.0,,2,14,17.0
1200000.0,,,1,14,14.0
,,,2,14,12.0
,,,1,14,
,,,1,14,
,,,1,14,16.0
,0.0,,1,14,12.0
,0.0,,2,14,12.0
,,,2,14,8.0
500000.0,,,1,14,8.0
,0.0,,1,14,12.0
400000.0,,,2,14,12.0
270000.0,,,1,14,12.0
270000.0,,,1,14,4.0
,0.0,,2,14,12.0
,,,1,14,
,,,2,14,
1400000.0,,,1,14,17.0
,0.0,,2,14,12.0
0.0,,,2,14,17.0
300000.0,,,2,14,12.0
,,,2,14,11.0
,,,1,14,18.0
,,,1,14,17.0
,0.0,,1,14,12.0
,0.0,,2,14,12.0
,0.0,,1,14,12.0
,0.0,,1,14,12.0
,,,2,14,12.0
,,,1,14,17.0
,0.0,,2,14,12.0
790000.0,,,2,14,17.0
,,,1,14,
1200000.0,,,1,14,17.0
1100000.0,,,2,14,19.0
,0.0,,2,14,12.0
,,,1,14,15.0
,0.0,,1,14,17.0
,0.0,,2,14,8.0
720000.0,,,1,14,14.0
,,,2,14,14.0
,0.0,,2,14,12.0
1800000.0,,,2,14,19.0
1500000.0,,,1,14,21.0
,,,2,14,
2000000.0,,,2,14,17.0
1100000.0,,,2,14,19.0
,0.0,,2,14,13.0
,0.0,,2,14,10.0
670000.0,,,1,14,18.0
99.0,,,1,14,18.0
99.0,,,1,14,20.0
500000.0,,,2,14,12.0
,0.0,,2,14,13.0
,0.0,,2,14,16.0
1000000.0,,,2,14,17.0
,0.0,,1,14,16.0
,0.0,,2,14,16.0
,0.0,,2,14,6.0
,0.0,,1,14,6.0
,0.0,,1,14,17.0
,0.0,,2,14,15.0
,0.0,,2,14,17.0
800000.0,,,2,14,17.0
270000.0,,,2,14,12.0
,,,1,14,12.0
,0.0,,1,14,3.0
,,,2,14,
,,,2,14,
1300000.0,,,1,14,15.0
300000.0,,,2,14,17.0
270000.0,,,1,14,16.0
,0.0,,2,14,0.0
270000.0,,,1,14,16.0
,0.0,,2,14,15.0
340000.0,,,2,14,14.0
,0.0,,2,14,15.0
,0.0,,1,14,9.0
0.0,,,1,14,12.0
,0.0,,2,14,12.0
,0.0,,2,14,12.0
,0.0,,2,14,9.0
,0.0,,2,14,15.0
,,,2,14,12.0
,,,1,14,16.0
,0.0,,1,14,9.0
,0.0,,2,14,9.0
,0.0,,2,14,12.0
,,,2,14,12.0
,,,2,14,13.0
,,,1,14,
1300000.0,,,2,14,16.0
500000.0,,,1,14,16.0
,0.0,,2,14,7.0
,0.0,,1,14,12.0
,,,2,14,12.0
,800000.0,,1,14,17.0
300000.0,,,2,14,17.0
,,,2,14,
1000000.0,,,1,14,19.0
,0.0,,2,14,17.0
,,,2,14,
,,,1,14,
,,,2,14,
,0.0,,2,14,17.0
,0.0,,2,14,14.0
,0.0,,1,14,0.0
,0.0,,1,14,11.0
,0.0,,2,14,12.0
,,,1,14,17.0
270000.0,,,2,14,
680000.0,,,1,14,17.0
,0.0,,1,14,17.0
,0.0,,2,14,17.0
,0.0,,1,14,19.0
1500000.0,,,2,14,17.0
,0.0,,1,14,12.0
,0.0,,1,14,19.0
,0.0,,2,14,19.0
,0.0,,1,14,20.0
,0.0,,2,14,18.0
,0.0,,2,14,18.0
,,,1,14,17.0
1200000.0,,,1,14,17.0
1100000.0,,,2,14,17.0
,0.0,,2,14,16.0
,0.0,,2,14,11.0
2800000.0,,,1,14,15.0
,0.0,,2,14,15.0
,,,1,14,
,,,1,14,
,,,1,14,
,,,1,14,17.0
500000.0,,,2,14,17.0
,,,1,14,16.0
,0.0,,2,14,12.0
800000.0,,,2,14,17.0
,0.0,,1,14,17.0
,0.0,,1,14,17.0
2500000.0,,,1,14,18.0
450000.0,,,2,14,14.0
0.0,,,2,14,13.0
,0.0,,2,14,13.0
,0.0,,2,14,10.0
3000000.0,,,1,14,17.0
3000000.0,,,2,14,17.0
,,,1,14,
,,,2,14,
,,,1,14,12.0
600000.0,,,2,14,17.0
,,,1,14,17.0
1100000.0,,,2,14,17.0
,0.0,,2,14,9.0
,,,2,14,
,0.0,,1,14,17.0
,0.0,,2,14,18.0
160000.0,,,2,14,15.0
,0.0,,2,14,4.0
,,,1,14,17.0
,,,2,14,20.0
,0.0,,1,14,14.0
,0.0,,2,14,13.0
,,,2,14,
1000000.0,,,1,14,17.0
,,,2,14,17.0
,0.0,,1,14,17.0
,,,1,14,18.0
,,,2,14,18.0
,,,2,14,
,,,2,14,
,,,2,14,
1500000.0,,,1,14,16.0
,,,2,14,12.0
,0.0,,1,14,15.0
,0.0,,2,14,18.0
,,,2,14,
,0.0,,1,14,12.0
,0.0,,2,14,14.0
450000.0,,,1,14,17.0
,,,1,14,12.0
800000.0,,,2,14,17.0
,0.0,,1,14,9.0
,,,1,14,
,0.0,,1,14,17.0
,0.0,,2,14,17.0
,0.0,,1,14,18.0
,0.0,,2,14,16.0
,0.0,,2,14,17.0
,0.0,,2,14,15.0
,0.0,,2,14,19.0
,0.0,,1,14,17.0
370000.0,,,1,14,14.0
,0.0,,2,14,13.0
,0.0,,2,14,18.0
,0.0,,1,14,12.0
,,,1,14,17.0
600000.0,,,2,14,12.0
1400000.0,,,2,14,17.0
,,,1,14,
,,,1,14,
500000.0,,,1,14,14.0
,0.0,,2,14,15.0
,0.0,,1,14,14.0
1800000.0,,,2,14,17.0
600000.0,,,1,14,17.0
,,,1,14,16.0
,0.0,,2,14,14.0
,0.0,,1,14,12.0
,,,1,14,
,,,2,14,
,,,1,14,
700000.0,,,1,14,12.0
150000.0,,,2,14,9.0
300000.0,,,2,14,12.0
,0.0,,2,14,12.0
350000.0,,,2,14,12.0
,0.0,,1,14,16.0
,0.0,,1,14,12.0
,0.0,,2,14,12.0
,,,1,14,8.0
,0.0,,2,14,11.0
400000.0,,,1,14,8.0
350000.0,,,1,14,12.0
270000.0,,,2,14,12.0
,0.0,,1,14,15.0
,0.0,,2,14,5.0
300000.0,,,1,14,10.0
,,,2,14,6.0
,0.0,,2,14,15.0
0.0,,,1,14,15.0
0.0,,,1,14,15.0
160000.0,,,2,14,10.0
99.0,,,1,14,17.0
,0.0,,2,14,17.0
,,,1,14,
,0.0,,2,14,19.0
1000000.0,,,2,14,16.0
,,,2,14,17.0
,0.0,,2,14,12.0
,0.0,,1,14,11.0
250000.0,,,2,14,12.0
,0.0,,1,14,14.0
,0.0,,2,14,12.0
2000000.0,,,1,14,18.0
1000000.0,,,2,14,18.0
2000000.0,,,1,14,17.0
5000000.0,,,2,14,19.0
,0.0,,2,14,19.0
,,,1,14,17.0
950000.0,,,2,14,17.0
,0.0,,1,14,18.0
,,,1,14,17.0
,0.0,,2,14,17.0
3900000.0,,,1,14,19.0
,0.0,,2,14,17.0
,,,2,14,
,,,2,14,
,,,1,14,
,0.0,,1,14,17.0
,0.0,,2,14,17.0
,,,1,14,14.0
1100000.0,,,2,14,17.0
,0.0,,2,14,14.0
,0.0,,1,14,12.0
,,,1,14,18.0
,0.0,,2,14,18.0
,0.0,,2,14,16.0
,0.0,,2,14,13.0
,0.0,,2,14,9.0
,0.0,,1,14,12.0
,0.0,,2,14,15.0
,0.0,,2,14,16.0
800000.0,,,2,14,17.0
,0.0,,2,14,12.0
,0.0,,2,14,17.0
,0.0,,2,14,14.0
,0.0,,1,14,15.0
600000.0,,,1,14,17.0
,,,2,14,11.0
,,,1,14,15.0
400000.0,,,1,14,19.0
1400000.0,,,2,14,19.0
,0.0,,1,14,16.0
,,,2,14,15.0
,0.0,,1,14,9.0
,,,2,14,
300000.0,,,2,14,12.0
,0.0,,2,14,17.0
500000.0,,,2,14,12.0
500000.0,,,1,14,12.0
,0.0,,1,14,12.0
,0.0,,2,14,9.0
,,,1,14,15.0
,0.0,,2,14,9.0
,0.0,,1,14,6.0
,0.0,,2,14,
,0.0,,2,14,11.0
,,,1,14,12.0
,,,2,14,17.0
,,,2,14,
,0.0,,2,14,12.0
,0.0,,2,14,12.0
,,,2,14,12.0
,0.0,,1,14,10.0
,0.0,,1,14,15.0
650000.0,,,2,14,17.0
,0.0,,2,14,10.0
,,,1,14,14.0
,0.0,,2,14,17.0
,,,2,14,
650000.0,,,1,14,12.0
,0.0,,1,14,6.0
,0.0,,2,14,6.0
,0.0,,1,14,17.0
1500000.0,,,1,14,17.0
1500000.0,,,2,14,17.0
,,,2,14,
,,,2,14,
230000.0,,,2,14,16.0
,,,2,14,15.0
,,,1,14,
,,,1,14,
500000.0,,,1,14,17.0
600000.0,,,2,14,16.0
,,,1,14,
,,,1,14,
,0.0,,2,14,12.0
,0.0,,1,14,10.0
,,,1,14,12.0
,,,1,14,15.0
500000.0,,,2,14,15.0
270000.0,,,1,14,10.0
,0.0,,2,14,8.0
270000.0,,,1,14,12.0
,,11091.0,2,14,
,,11091.0,2,14,
,,,1,14,8.0
192000.0,,,2,14,8.0
,0.0,,2,14,9.0
400000.0,,,1,14,12.0
,0.0,,2,14,12.0
,0.0,,2,14,12.0
,0.0,,1,14,12.0
,,11091.0,1,14,
,,11091.0,2,14,
120000.0,,,2,14,12.0
150000.0,,,1,14,15.0
,,11091.0,2,14,
,,,1,14,13.0
276000.0,,,2,14,4.0
120000.0,,11091.0,2,14,10.0
,,11091.0,2,14,
270000.0,,,2,14,11.0
320000.0,,,2,14,12.0
400000.0,,,1,14,12.0
,,11091.0,1,14,
300000.0,,,2,14,12.0
,0.0,,1,14,12.0
350000.0,,,2,14,12.0
,0.0,,1,14,12.0
,0.0,,1,14,12.0
,0.0,,2,14,13.0
,,,1,14,
,0.0,,1,14,6.0
,0.0,,2,14,6.0
500000.0,,,1,14,13.0
,0.0,,1,14,12.0
,,,2,14,17.0
,0.0,,2,14,12.0
,0.0,11091.0,1,14,9.0
600000.0,,,1,14,13.0
,0.0,,2,14,12.0
,0.0,,2,14,12.0
,0.0,,2,14,4.0
400000.0,,,2,14,17.0
,0.0,,1,14,6.0
,0.0,,2,14,3.0
,0.0,,2,14,12.0
,0.0,,2,14,12.0
,0.0,,2,14,15.0
,0.0,,1,14,5.0
,0.0,,2,14,3.0
300000.0,,,1,14,12.0
115000.0,,,2,14,9.0
380000.0,,,1,14,11.0
380000.0,,,2,14,15.0
,,,2,14,3.0
,,,1,14,5.0
,,,1,14,11.0
,0.0,,2,14,9.0
380000.0,,,1,14,13.0
170000.0,,,2,14,12.0
,0.0,11091.0,1,14,11.0
,,11091.0,2,14,
,0.0,,1,14,8.0
,0.0,,2,14,8.0
250000.0,,,1,14,12.0
,0.0,11091.0,2,14,12.0
250000.0,,,2,14,18.0
,0.0,,2,14,15.0
200000.0,,,1,14,12.0
126000.0,,,2,14,12.0
,0.0,,2,14,0.0
,0.0,,2,14,2.0
,0.0,,2,14,8.0
280000.0,,,2,14,12.0
,0.0,,2,14,13.0
,,,2,14,
,,,1,14,7.0
,0.0,,2,14,8.0
,,,2,14,13.0
,,11091.0,2,14,
200000.0,,,2,14,14.0
600000.0,,,1,14,12.0
,0.0,,2,14,12.0
,,11091.0,1,14,
274000.0,,,2,14,12.0
,0.0,,2,14,6.0
,0.0,,1,14,14.0
,0.0,,1,14,9.0
150000.0,,,2,14,12.0
300000.0,,,1,14,12.0
,0.0,,2,14,13.0
150000.0,,,1,14,14.0
,,11091.0,1,14,
,0.0,,1,14,13.0
270000.0,,,2,14,2.0
,0.0,,2,14,16.0
,0.0,,1,14,12.0
,0.0,,1,14,12.0
,0.0,,2,14,8.0
380000.0,,,2,14,12.0
,0.0,,2,14,12.0
,,11091.0,2,14,
480000.0,,,1,14,15.0
500000.0,,,2,14,17.0
,280000.0,,1,14,17.0
,30000.0,,2,14,13.0
,0.0,,1,14,8.0
600000.0,,,2,14,17.0
,0.0,,1,14,11.0
,,,2,14,6.0
,,,1,14,12.0
,0.0,,1,14,9.0
,,,2,14,12.0
,,11091.0,2,14,
,,11091.0,2,14,
350000.0,,,1,14,12.0
,0.0,,2,14,12.0
,0.0,,1,14,12.0
,0.0,,1,14,11.0
,0.0,,2,14,8.0
,,,1,14,8.0
,,11091.0,1,14,
700000.0,,,2,14,15.0
,,,2,14,
,,,1,14,
,,,1,14,
,,,1,14,3.0
,,,1,14,11.0
,0.0,,2,14,8.0
350000.0,,,1,14,2.0
,,,2,14,
,,,1,14,
,,,2,14,
,,,2,14,11.0
,,,1,14,
300000.0,,,1,14,11.0
500000.0,,,2,14,8.0
275000.0,,,2,14,15.0
,0.0,,1,14,12.0
,,,2,14,12.0
,0.0,,1,14,5.0
,,11091.0,1,14,
,,11091.0,2,14,
275000.0,,,1,14,8.0
,0.0,,2,14,6.0
,0.0,11091.0,2,14,11.0
,,11091.0,2,14,
,,11091.0,2,14,
,,,2,14,7.0
,,,1,14,2.0
275000.0,,,2,14,11.0
,0.0,11091.0,1,14,10.0
275000.0,,,2,14,13.0
,,,2,14,
275000.0,,,1,14,10.0
,0.0,,2,14,12.0
,0.0,11091.0,1,14,9.0
,,11091.0,1,14,
,0.0,,2,14,4.0
,,,1,14,8.0
,0.0,,1,14,0.0
,,,1,14,
,,,2,14,
270000.0,,,2,14,8.0
,99.0,,1,14,9.0
,99.0,,1,14,4.0
370000.0,,,1,14,9.0
120000.0,,,2,14,6.0
,,11091.0,1,14,
270000.0,,,1,14,8.0
,0.0,,2,14,8.0
,,11091.0,2,14,
,,11091.0,2,14,
250000.0,,,1,14,5.0
,0.0,,2,14,9.0
,,,1,14,
,,,1,14,
,,,2,14,
270000.0,,,1,14,8.0
,99.0,,2,14,6.0
,99.0,,2,14,12.0
400000.0,,,1,14,11.0
,0.0,,2,14,8.0
,0.0,,2,14,10.0
,,,1,14,2.0
,0.0,,2,14,8.0
270000.0,,,2,14,12.0
,,,2,14,7.0
,,,1,14,12.0
,,,2,14,
275000.0,,,1,14,12.0
200000.0,,,2,14,12.0
,,,2,14,
,,,2,14,
500000.0,,,1,14,12.0
,0.0,,2,14,12.0
,,11091.0,1,14,
,,11091.0,2,14,
230000.0,,,1,14,20.0
,0.0,,2,14,10.0
230000.0,,,1,14,12.0
,0.0,,1,14,0.0
270000.0,,,1,14,3.0
,0.0,,2,14,5.0
,0.0,,2,14,10.0
,,11091.0,2,14,
350000.0,,,1,14,8.0
150000.0,,,2,14,8.0
,0.0,,1,14,12.0
,,11091.0,1,14,
360000.0,,,1,14,0.0
,0.0,,2,14,2.0
500000.0,,,1,14,12.0
,,,1,14,
400000.0,,,2,14,8.0
,0.0,,2,14,4.0
270000.0,,,1,14,4.0
,0.0,,2,14,8.0
270000.0,,,1,14,10.0
,,11091.0,2,14,
54000.0,,,2,14,8.0
,0.0,,1,14,12.0
,,,2,14,
,,,1,14,
,,,1,14,
,0.0,,2,14,0.0
,0.0,,2,14,0.0
,0.0,,2,14,4.0
270000.0,,,1,14,9.0
,,,2,14,10.0
,,,1,14,
,,,1,14,
,,,2,14,6.0
,,,1,14,
,,,1,14,
,,,1,14,
,0.0,,1,14,12.0
,0.0,,2,14,5.0
,0.0,,2,14,14.0
,0.0,,1,14,12.0
,,11091.0,1,14,
,,11091.0,2,14,
,,11091.0,2,14,
250000.0,,,1,14,11.0
250000.0,,,2,14,7.0
250000.0,,,2,14,12.0
,0.0,,1,14,12.0
,0.0,,2,14,0.0
500000.0,,,2,14,12.0
,0.0,,1,14,6.0
250000.0,,,2,14,7.0
180000.0,,,1,14,10.0
250000.0,,,2,14,12.0
,,,1,14,9.0
,0.0,,1,14,0.0
,,,1,14,11.0
,0.0,,2,14,12.0
,,11091.0,2,14,
,180000.0,,2,14,12.0
,,,1,14,
,,,2,14,
,,,1,14,
,,,1,14,16.0
400000.0,,,1,14,14.0
600000.0,,,1,14,12.0
,0.0,,2,14,11.0
,,,1,14,
,,,1,14,
1800000.0,,,1,14,17.0
,,,2,14,12.0
,0.0,,1,14,1.0
,,,1,14,
,0.0,,2,14,12.0
,257000.0,,1,14,12.0
,0.0,,2,14,11.0
,,,1,14,
,,,2,14,
600000.0,,,1,14,17.0
70000.0,,,2,14,12.0
,,,1,14,
,,,1,14,
,,,1,14,
800000.0,,,1,14,17.0
,0.0,,2,14,15.0
800000.0,,,1,14,17.0
300000.0,,,2,14,14.0
,0.0,,2,14,12.0
,,,1,14,
,,,1,14,14.0
,,,2,14,16.0
,0.0,,2,14,15.0
,,,2,14,
150000.0,,,1,14,14.0
1500000.0,,,2,14,17.0
,0.0,,2,14,17.0
,,,2,14,12.0
1200000.0,,,1,14,17.0
,0.0,,2,14,17.0
,,,2,14,
,,,2,14,
,,,2,14,
50000.0,,,2,14,12.0
500000.0,,,2,14,18.0
,,,2,14,
,,,2,14,12.0
,0.0,11091.0,1,14,10.0
,,,2,14,12.0
,,,1,14,13.0
1200000.0,,,1,14,17.0
500000.0,,,2,14,17.0
,,,1,14,
,,,1,14,
,,,1,14,16.0
,0.0,,2,14,16.0
,,,1,14,
,,,2,14,
530000.0,,,1,14,17.0
714000.0,,,2,14,17.0
850000.0,,,1,14,12.0
200000.0,,,2,14,15.0
,,,2,14,
,,,1,14,
,,,1,14,
1200000.0,,,1,14,17.0
500000.0,,,2,14,15.0
,0.0,,2,14,14.0
,0.0,,1,14,11.0
,,,1,14,
,,,2,14,
,,,1,14,
270000.0,,,1,14,10.0
406000.0,,,2,14,13.0
400000.0,,,1,14,14.0
,0.0,,1,14,3.0
,0.0,,2,14,10.0
,,,1,14,8.0
,,,2,14,12.0
1200000.0,,,2,14,18.0
500000.0,,,1,14,15.0
,,,1,14,
270000.0,,,2,14,5.0
,,,1,14,17.0
270000.0,,,2,14,15.0
270000.0,,,1,14,8.0
270000.0,,,1,14,8.0
270000.0,,,1,14,12.0
,0.0,,1,14,5.0
300000.0,,,1,14,8.0
,0.0,,2,14,8.0
,0.0,,2,14,10.0
310000.0,,,1,14,12.0
580000.0,,,2,14,12.0
,0.0,,1,14,12.0
,0.0,,1,14,3.0
,0.0,,2,14,4.0
,,,2,14,7.0
1000000.0,,,1,14,17.0
400000.0,,,1,14,12.0
100000.0,,,2,14,14.0
,,,1,14,
400000.0,,,2,14,15.0
,0.0,,1,14,16.0
,0.0,,1,14,12.0
,,,1,14,
,0.0,,2,14,9.0
600000.0,,,1,14,12.0
270000.0,,,1,14,11.0
,,,1,14,
,0.0,,2,14,6.0
99.0,,,1,14,17.0
,0.0,,2,14,5.0
,0.0,,1,14,2.0
400000.0,,,1,14,12.0
300000.0,,,1,14,11.0
600000.0,,,1,14,15.0
2000000.0,,,2,14,17.0
2000000.0,,,1,14,12.0
600000.0,,,2,14,12.0
,,,1,14,
1000000.0,,,2,14,17.0
,,,1,14,18.0
2500000.0,,,1,14,17.0
1600000.0,,,2,14,17.0
,,,2,14,
,,,1,14,14.0
,0.0,,2,14,17.0
1200000.0,,,2,14,16.0
30000.0,,,2,14,16.0
,0.0,,2,14,16.0
150000.0,,,1,14,13.0
200000.0,,,2,14,8.0
,0.0,,1,14,12.0
,,,2,14,12.0
,0.0,,1,14,8.0
270000.0,,,2,14,12.0
,0.0,,1,14,9.0
,,,2,14,
,,,2,14,
,0.0,,2,14,6.0
,0.0,,1,14,5.0
,,,1,14,12.0
,0.0,,2,14,8.0
370000.0,,,2,14,14.0
,0.0,,2,14,12.0
,,,1,14,
600000.0,,,1,14,10.0
630000.0,,,1,14,10.0
300000.0,,,2,14,14.0
,0.0,,2,14,13.0
,,11091.0,1,14,
,,11091.0,1,14,
270000.0,,,1,14,15.0
,140000.0,,2,14,14.0
,0.0,,2,14,11.0
,,,2,14,
,,,1,14,
270000.0,,,2,14,12.0
,,,1,14,12.0
240000.0,,,2,14,2.0
1100000.0,,,1,14,15.0
,0.0,,2,14,12.0
,0.0,,1,14,10.0
,,,2,14,
300000.0,,,2,14,11.0
200000.0,,,1,14,12.0
1000000.0,,,1,14,14.0
1100000.0,,,1,14,17.0
,,,2,14,16.0
,,,2,14,
,,,1,14,
,,,2,14,12.0
,,11091.0,1,14,
,,,2,14,12.0
,0.0,,2,14,14.0
680000.0,,,2,14,17.0
,0.0,,1,14,13.0
274000.0,,,2,14,12.0
35000.0,,,1,14,12.0
,0.0,,2,14,10.0
,0.0,,1,14,6.0
,0.0,,1,14,6.0
,0.0,,2,14,10.0
120000.0,,,2,14,10.0
,,11091.0,2,14,
600000.0,,,1,14,10.0
120000.0,,,2,14,15.0
,,,1,14,
,0.0,,1,14,4.0
100000.0,,,2,14,2.0
,,,1,14,12.0
,0.0,,2,14,10.0
300000.0,,,1,14,7.0
,0.0,,2,14,3.0
,0.0,,2,14,17.0
,0.0,,1,14,12.0
,,11091.0,1,14,
450000.0,,,1,14,10.0
,0.0,,2,14,9.0
,,,2,14,
500000.0,,,1,14,8.0
270000.0,,,2,14,12.0
,,,1,14,
700000.0,,,1,14,12.0
,0.0,,2,14,17.0
900000.0,,,2,14,17.0
350000.0,,,1,14,16.0
,,,1,14,12.0
,,,2,14,
,,,2,14,
,100000.0,,1,14,8.0
,200000.0,,2,14,8.0
,0.0,,1,14,11.0
,400000.0,,1,14,8.0
,,,1,14,8.0
300000.0,,,1,14,10.0
,0.0,,2,14,12.0
700000.0,,,1,14,12.0
,0.0,,2,14,12.0
390000.0,,,1,14,12.0
450000.0,,,2,14,12.0
,,,2,14,
240000.0,,,2,14,8.0
,0.0,,2,14,16.0
,,11091.0,2,14,
180000.0,,,2,14,16.0
,,,1,14,14.0
300000.0,,,2,14,12.0
,0.0,,1,14,12.0
,,,1,14,
,,,2,14,4.0
400000.0,,,1,14,12.0
300000.0,,,1,14,12.0
,,,1,14,
275000.0,,,2,14,9.0
200000.0,,,2,14,8.0
120000.0,,,2,14,4.0
,0.0,,2,14,11.0
,0.0,,1,14,9.0
80000.0,,,2,14,10.0
,0.0,11091.0,2,14,6.0
130000.0,,,2,14,12.0
300000.0,,,1,14,9.0
,0.0,,2,14,10.0
140000.0,,,2,14,12.0
80000.0,,,1,14,10.0
,,,2,14,
0.0,,,2,14,0.0
,0.0,,2,14,10.0
,0.0,,2,14,10.0
120000.0,,,1,14,7.0
,,,1,14,10.0
,,,1,14,
,200000.0,,1,14,11.0
,,,1,14,8.0
,0.0,,2,14,12.0
,,11091.0,2,14,
400000.0,,,1,14,11.0
275000.0,,,2,14,12.0
,,,2,14,14.0
,0.0,,2,14,8.0
,0.0,,2,14,12.0
,0.0,11091.0,1,14,12.0
,,11091.0,1,14,
,,11091.0,2,14,
,0.0,,1,14,8.0
,0.0,,1,14,12.0
350000.0,,,1,14,11.0
,0.0,,2,14,12.0
275000.0,,,2,14,12.0
,0.0,,1,14,11.0
,,,1,14,
275000.0,,,1,14,12.0
,0.0,,2,14,3.0
,,,1,14,12.0
,,,1,14,8.0
,0.0,,2,14,6.0
200000.0,,,2,14,12.0
,,11091.0,2,14,
,0.0,,1,14,11.0
,0.0,,1,14,4.0
325000.0,,,1,14,12.0
300000.0,,,2,14,12.0
270000.0,,,1,14,12.0
270000.0,,,2,14,12.0
,,,2,14,
,,,2,14,
,0.0,,2,14,5.0
,,,1,14,15.0
,0.0,,2,14,12.0
,,,2,14,
,,,2,14,
,,,1,14,10.0
150000.0,,,1,14,6.0
256000.0,,,2,14,8.0
350000.0,,,2,14,17.0
,,,2,14,
300000.0,,,1,14,12.0
400000.0,,,1,14,12.0
400000.0,,,2,14,12.0
120000.0,,,2,14,15.0
,,11091.0,1,14,
,,11091.0,1,14,
,,11091.0,1,14,
,,,1,14,11.0
,0.0,,2,14,10.0
,,,1,14,
,,,1,14,
,,,1,14,10.0
276000.0,,,2,14,9.0
,0.0,,2,14,8.0
,,,1,14,13.0
370000.0,,,1,14,8.0
320000.0,,,2,14,4.0
,0.0,,2,14,3.0
276000.0,,,1,14,8.0
,0.0,,1,14,4.0
,0.0,,2,14,12.0
,,11091.0,2,14,
325000.0,,,1,14,12.0
220000.0,,,2,14,9.0
,0.0,,2,14,12.0
,0.0,,2,14,10.0
,0.0,,2,14,10.0
,,,1,14,
,0.0,,2,14,5.0
,,,2,14,4.0
,0.0,,2,14,6.0
256000.0,,,1,14,12.0
,0.0,,2,14,8.0
,0.0,,2,14,2.0
,0.0,,2,14,0.0
,,,2,14,
,,,2,14,
220000.0,,,2,14,12.0
,,,1,14,
,0.0,,1,14,11.0
,0.0,,2,14,10.0
,0.0,,1,14,4.0
,0.0,,2,14,12.0
300000.0,,,1,14,11.0
,0.0,,2,14,3.0
,0.0,,1,14,10.0
,0.0,,2,14,11.0
,,,1,14,12.0
,0.0,,2,14,10.0
350000.0,,,1,14,15.0
,0.0,,1,14,3.0
500000.0,,,1,14,12.0
,0.0,,1,14,15.0
,0.0,,2,14,10.0
,0.0,,2,14,5.0
206000.0,,,1,14,0.0
,0.0,,2,14,11.0
350000.0,,,2,14,15.0
200000.0,,,1,14,15.0
,,,2,14,
,,,1,14,
180000.0,,,2,14,6.0
,0.0,,1,14,14.0
,0.0,,2,14,9.0
,,,2,14,
220000.0,,,1,14,12.0
270000.0,,,2,14,12.0
,0.0,,2,14,9.0
,0.0,,1,14,12.0
300000.0,,,2,14,12.0
,0.0,,2,14,0.0
,0.0,,1,14,0.0
350000.0,,,1,14,12.0
,0.0,,2,14,2.0
,,,2,14,12.0
500000.0,,,1,14,12.0
,0.0,,1,14,11.0
,,,2,14,
,,,2,14,12.0
,0.0,,1,14,13.0
,0.0,,2,14,10.0
600000.0,,,1,14,17.0
400000.0,,,1,14,12.0
600000.0,,,2,14,12.0
,,,1,14,12.0
,,,1,14,6.0
,0.0,,2,14,0.0
300000.0,,,2,14,12.0
,0.0,11091.0,1,14,9.0
390000.0,,,1,14,12.0
480000.0,,,2,14,16.0
,,,1,14,
,0.0,,2,14,7.0
200000.0,,,1,14,9.0
,0.0,,2,14,7.0
,0.0,,1,14,16.0
,0.0,,1,14,12.0
,65000.0,,1,14,6.0
,0.0,,2,14,0.0
,0.0,,2,14,0.0
,0.0,,1,14,8.0
315000.0,,,2,14,13.0
270000.0,,,1,14,12.0
,0.0,,2,14,15.0
,0.0,,1,14,10.0
,,11091.0,2,14,
310000.0,,,1,14,12.0
,0.0,,2,14,10.0
380000.0,,,1,14,12.0
275000.0,,,2,14,14.0
,0.0,,2,14,4.0
,0.0,,1,14,15.0
,,,1,14,17.0
150000.0,,,2,14,12.0
,,,2,14,17.0
,0.0,,2,14,8.0
,0.0,,1,14,8.0
,0.0,,2,14,8.0
,,,1,14,
,,,1,14,
,,,1,14,12.0
350000.0,,,1,14,12.0
,,,2,14,12.0
,,,1,14,
,,,1,14,
,,,1,14,12.0
,0.0,,2,14,8.0
,0.0,,2,14,11.0
300000.0,,,2,14,16.0
,0.0,,2,14,10.0
,,,2,14,12.0
,0.0,,2,14,2.0
300000.0,,,1,14,10.0
99.0,,,2,14,5.0
99.0,,,1,14,12.0
99.0,,,1,14,8.0
,,,2,14,12.0
,,11091.0,2,14,
,,11091.0,2,14,
,,11091.0,2,14,
,0.0,,1,14,6.0
,,,1,14,9.0
,0.0,,2,14,6.0
150000.0,,,2,14,15.0
276000.0,,,2,14,12.0
,,,1,14,
,,,2,14,
300000.0,,,2,14,8.0
300000.0,,,1,14,8.0
,,,2,14,
,0.0,,2,14,6.0
400000.0,,,1,14,4.0
,0.0,,2,14,7.0
350000.0,,,2,14,12.0
,0.0,,2,14,9.0
,0.0,,2,14,2.0
,,,1,14,9.0
,0.0,,1,14,16.0
,0.0,,2,14,12.0
520000.0,,,2,14,16.0
,0.0,,1,14,5.0
,0.0,,2,14,3.0
300000.0,,,1,14,10.0
,0.0,,2,14,12.0
,0.0,,1,14,15.0
,0.0,,2,14,17.0
,0.0,,1,14,10.0
,0.0,,2,14,4.0
280000.0,,,2,14,12.0
,,,1,14,12.0
,0.0,,1,14,5.0
300000.0,,,2,14,12.0
400000.0,,,1,14,12.0
,0.0,,2,14,9.0
,0.0,,2,14,8.0
500000.0,,,1,14,12.0
,50000.0,,2,14,12.0
,0.0,,2,14,9.0
,,,2,14,
,0.0,,2,14,6.0
,0.0,,1,14,0.0
,0.0,,1,14,10.0
,0.0,,2,14,7.0
,,,1,14,8.0
,0.0,,2,14,12.0
,,,2,14,8.0
,0.0,,2,14,16.0
,,,1,14,
,,11091.0,2,14,
,,11091.0,2,14,
480000.0,,,2,14,8.0
400000.0,,,1,14,8.0
290000.0,,,2,14,12.0
,0.0,,1,14,10.0
,0.0,,2,14,9.0
,0.0,,1,14,12.0
450000.0,,,2,14,17.0
270000.0,,,2,14,12.0
,0.0,,1,14,12.0
,0.0,,2,14,17.0
420000.0,,,1,14,17.0
,,,2,14,
,0.0,,1,14,13.0
,0.0,,2,14,17.0
,0.0,,2,14,16.0
,0.0,,1,14,9.0
,0.0,,2,14,12.0
,0.0,,1,14,12.0
,,,1,14,16.0
700000.0,,,2,14,17.0
,0.0,,1,14,7.0
,0.0,,2,14,8.0
,0.0,,2,14,18.0
,0.0,,2,14,16.0
380000.0,,,1,14,12.0
99.0,,,2,14,12.0
,0.0,,1,14,4.0
,0.0,,2,14,0.0
,0.0,,2,14,10.0
,,,2,14,
,0.0,,2,14,19.0
,,,1,14,17.0
900000.0,,,1,14,17.0
,0.0,,2,14,12.0
,0.0,,1,14,17.0
,0.0,,2,14,10.0
,,,2,14,3.0
,0.0,,2,14,4.0
,0.0,,2,14,12.0
,,,1,14,8.0
,0.0,,1,14,11.0
,,11091.0,1,14,
,,11091.0,2,14,
,,,1,14,
,0.0,,2,14,7.0
,0.0,,2,14,12.0
,0.0,,2,14,15.0
,,,1,14,13.0
,,11091.0,2,14,
280000.0,,,1,14,11.0
,0.0,,2,14,11.0
,,,1,14,
104000.0,,,2,14,12.0
,0.0,,1,14,12.0
,0.0,11091.0,1,14,10.0
,,11091.0,2,14,
,0.0,,2,14,1.0
,0.0,,2,14,9.0
270000.0,,,2,14,8.0
,,11091.0,2,14,
,,11091.0,1,14,
,,,1,14,
120000.0,,,2,14,7.0
350000.0,,,2,14,7.0
350000.0,,,2,14,15.0
,,11091.0,1,14,
,,11091.0,1,14,
,,,1,14,4.0
,,,2,14,10.0
,0.0,,1,14,12.0
275000.0,,,2,14,13.0
,0.0,,1,14,12.0
,0.0,,1,14,4.0
,0.0,,2,14,6.0
,,,1,14,15.0
270000.0,,,1,14,12.0
650000.0,,,1,14,12.0
,,,2,14,12.0
,,11091.0,2,14,
270000.0,,,1,14,12.0
,0.0,,2,14,10.0
,0.0,11091.0,2,14,10.0
270000.0,,,1,14,12.0
270000.0,,,2,14,12.0
270000.0,,,1,14,12.0
,,11091.0,1,14,
,,11091.0,1,14,
,,,1,14,13.0
180000.0,,,2,14,12.0
,0.0,,1,14,0.0
,0.0,,2,14,0.0
270000.0,,,1,14,12.0
99.0,,,2,14,12.0
,,,1,14,
,0.0,,1,14,12.0
,0.0,,2,14,15.0
,0.0,,2,14,17.0
,0.0,,1,14,0.0
,0.0,,2,14,4.0
170000.0,,,2,14,4.0
,0.0,,1,14,12.0
270000.0,,,1,14,12.0
,0.0,,1,14,3.0
,0.0,,2,14,3.0
270000.0,,,2,14,13.0
,,,1,14,12.0
700000.0,,,1,14,16.0
250000.0,,,2,14,16.0
,,,1,14,9.0
,,,2,14,6.0
,0.0,,1,14,12.0
270000.0,,,2,14,12.0
450000.0,,,1,14,18.0
,,11091.0,2,14,
,0.0,,2,14,0.0
,0.0,,1,14,0.0
,,,1,14,8.0
,0.0,,2,14,12.0
,,,1,14,
350000.0,,,1,14,13.0
130000.0,,,2,14,6.0
270000.0,,,2,14,7.0
,0.0,,1,14,14.0
,0.0,,2,14,11.0
,,,1,14,5.0
,0.0,,2,14,8.0
,0.0,,2,14,6.0
500000.0,,,2,14,16.0
500000.0,,,1,14,12.0
,,,1,14,
270000.0,,,2,14,8.0
,150000.0,,1,14,10.0
,0.0,,2,14,8.0
,0.0,,2,14,9.0
,,,2,14,
,0.0,,2,14,2.0
,0.0,,2,14,0.0
,0.0,,1,14,12.0
100000.0,,,1,14,11.0
,0.0,,2,14,11.0
,0.0,,1,14,13.0
,0.0,,1,14,13.0
250000.0,,,1,14,15.0
,,,2,14,11.0
,0.0,,2,14,10.0
,0.0,,2,14,4.0
,0.0,,1,14,0.0
,0.0,,2,14,12.0
,,,1,14,
300000.0,,,1,14,
,,,2,14,
,0.0,,2,14,8.0
300000.0,,,1,14,11.0
,0.0,,2,14,12.0
,80000.0,,2,14,12.0
,,,2,14,
600000.0,,,2,14,12.0
,0.0,,2,14,8.0
800000.0,,,1,14,16.0
600000.0,,,2,14,17.0
,0.0,,2,14,12.0
,0.0,,1,14,12.0
500000.0,,,1,14,12.0
,,,1,14,12.0
270000.0,,,2,14,10.0
,0.0,,2,14,12.0
,,,1,14,12.0
,,,2,14,
,,,2,14,5.0
264000.0,,,2,14,12.0
,,,1,14,12.0
460000.0,,,1,14,12.0
160000.0,,,2,14,5.0
270000.0,,,2,14,12.0
,0.0,,2,14,9.0
,0.0,,2,14,6.0
,0.0,,1,14,5.0
,0.0,,2,14,3.0
,0.0,,2,14,4.0
99.0,,,2,14,3.0
,0.0,,2,14,7.0
,0.0,,2,14,6.0
,0.0,,1,14,8.0
,0.0,,1,14,8.0
276000.0,,,2,14,8.0
,0.0,,2,14,11.0
,0.0,,1,14,9.0
,,,1,14,
,,,1,14,12.0
400000.0,,,2,14,12.0
1200000.0,,,1,14,17.0
1200000.0,,,2,14,17.0
,0.0,,1,14,6.0
,0.0,,1,14,9.0
,0.0,,2,14,5.0
400000.0,,,2,14,15.0
,,,2,14,
135000.0,,,2,14,8.0
,0.0,,1,14,13.0
,,,1,14,
,,,2,14,
,,,1,14,8.0
,0.0,,2,14,12.0
,0.0,,1,14,12.0
,,,2,14,
,0.0,,1,14,12.0
300000.0,,,1,14,13.0
160000.0,,,2,14,12.0
,,,1,14,
,,,1,14,
,0.0,,2,14,9.0
,0.0,,2,14,10.0
,,,1,14,
350000.0,,,1,14,10.0
,,,2,14,12.0
320000.0,,,1,14,12.0
350000.0,,,1,14,12.0
,,,1,14,4.0
,0.0,,2,14,0.0
300000.0,,,1,14,12.0
,0.0,,1,14,4.0
,0.0,,2,14,6.0
,,,2,14,10.0
,0.0,,1,14,6.0
,0.0,,2,14,6.0
,0.0,,2,14,6.0
99.0,,,1,14,12.0
,0.0,,1,14,12.0
,0.0,,2,14,3.0
,0.0,,2,14,12.0
,0.0,11091.0,1,14,12.0
,,11091.0,1,14,
,0.0,,2,14,4.0
,0.0,,2,14,2.0
,0.0,,1,14,9.0
,0.0,,2,14,10.0
,0.0,,1,14,3.0
,0.0,,2,14,3.0
275000.0,,,1,14,12.0
,0.0,,1,14,11.0
,,,2,14,12.0
270000.0,,,1,14,12.0
1300000.0,,,1,14,16.0
,0.0,,2,14,8.0
,0.0,,2,14,6.0
270000.0,,,2,14,13.0
270000.0,,,1,14,12.0
99.0,,,2,14,14.0
,,,2,14,
,,,1,14,
,0.0,,2,14,3.0
,0.0,,2,14,17.0
,0.0,,2,14,6.0
300000.0,,,2,14,11.0
,,,2,14,7.0
,0.0,,2,14,13.0
,0.0,,1,14,15.0
,0.0,,2,14,12.0
270000.0,,,1,14,13.0
,0.0,,1,14,12.0
,0.0,,2,14,16.0
,,11091.0,2,14,
350000.0,,,1,14,12.0
350000.0,,,2,14,12.0
,0.0,,1,14,9.0
,,,1,14,
,,,1,14,
280000.0,,,2,14,12.0
,0.0,,2,14,4.0
,0.0,,1,14,13.0
,,11091.0,1,14,
,,11091.0,1,14,
,,,1,14,12.0
,0.0,,1,14,9.0
,,,1,14,
410000.0,,,1,14,12.0
276000.0,,,2,14,12.0
,,,1,14,
,,,1,14,14.0
270000.0,,,2,14,12.0
,0.0,,2,14,9.0
300000.0,,,1,14,12.0
300000.0,,,2,14,12.0
,,,1,14,
,,,2,14,
,,,1,14,15.0
,0.0,,2,14,14.0
,,11091.0,1,14,
,,11091.0,2,14,
,,11091.0,2,14,
,,11091.0,1,14,
,,11091.0,2,14,
,0.0,,1,14,11.0
,0.0,,1,14,11.0
,0.0,,2,14,15.0
600000.0,,,1,14,12.0
,,11091.0,1,14,
,0.0,,1,14,5.0
,0.0,,2,14,5.0
,0.0,,1,14,4.0
,0.0,,2,14,6.0
276000.0,,,2,14,10.0
90000.0,,,2,14,14.0
,,,1,14,6.0
,,,2,14,7.0
120000.0,,,2,14,15.0
,,,2,14,
,0.0,,2,14,14.0
,,,1,14,12.0
,0.0,,2,14,12.0
,,,1,14,8.0
,,,1,14,15.0
500000.0,,,2,14,12.0
400000.0,,,2,14,16.0
,,,1,14,12.0
,0.0,,2,14,8.0
,0.0,,1,14,12.0
,,,1,14,
,,,2,14,
,0.0,,1,14,12.0
270000.0,,,2,14,12.0
,0.0,,1,14,13.0
,0.0,,1,14,12.0
,0.0,,2,14,12.0
500000.0,,,1,14,12.0
,0.0,,1,14,9.0
,,,2,14,
,0.0,,2,14,10.0
,,,1,14,5.0
,0.0,,2,14,10.0
,0.0,,1,14,10.0
,0.0,,2,14,15.0
,,,1,14,
,0.0,,1,14,6.0
,0.0,,2,14,6.0
,0.0,,2,14,13.0
380000.0,,,2,14,12.0
,,,1,14,
,,,1,14,
,0.0,,1,14,18.0
,0.0,,2,14,17.0
700000.0,,,1,14,15.0
,0.0,,2,14,12.0
700000.0,,,2,14,17.0
,,,1,14,12.0
,0.0,,2,14,10.0
350000.0,,,1,14,15.0
,,,1,14,12.0
,0.0,,2,14,8.0
,,,2,14,18.0
,0.0,,2,14,0.0
,0.0,,2,14,17.0
,0.0,,2,14,11.0
,0.0,,2,14,15.0
,,,2,14,
,,,1,14,4.0
,0.0,,2,14,10.0
,0.0,,2,14,12.0
,0.0,,2,14,11.0
99.0,,,1,14,12.0
99.0,,,1,14,17.0
99.0,,,1,14,15.0
,,,1,14,15.0
550000.0,,,2,14,15.0
,0.0,,2,14,17.0
,,,2,14,
99.0,,,1,14,17.0
940000.0,,,1,14,17.0
,0.0,,2,14,11.0
,0.0,,1,14,11.0
,,,1,14,
,0.0,,1,14,6.0
,0.0,,2,14,6.0
99.0,,,2,14,12.0
99.0,,,1,14,12.0
,,,1,14,
,,,2,14,
960000.0,,,1,14,16.0
620000.0,,,2,14,14.0
,,,2,14,
,,,2,14,
99.0,,,2,14,14.0
99.0,,,2,14,14.0
,0.0,,1,14,15.0
,,,1,14,
,,,1,14,
99.0,,,1,14,12.0
,0.0,,2,14,12.0
,0.0,,1,14,16.0
,0.0,,2,14,13.0
1200000.0,,,1,14,17.0
,0.0,,2,14,17.0
,,,2,14,
,,,2,14,
,0.0,,1,14,16.0
99.0,,,1,14,17.0
99.0,,,2,14,17.0
,0.0,,1,14,13.0
99.0,,,1,14,10.0
99.0,,,2,14,12.0
,0.0,,2,14,14.0
,0.0,,1,14,12.0
,0.0,,2,14,12.0
,0.0,,2,14,17.0
99.0,,,2,14,17.0
99.0,,,1,14,15.0
99.0,,,2,14,17.0
,0.0,,2,14,3.0
,,,2,14,
,,,1,14,
275000.0,,,1,14,14.0
140000.0,,,2,14,13.0
,100000.0,,2,14,16.0
,,,2,14,
99.0,,,1,14,12.0
,0.0,,2,14,12.0
,0.0,,2,14,12.0
,,,1,14,
,0.0,,2,14,12.0
,0.0,,1,14,15.0
,0.0,,1,14,17.0
,0.0,,2,14,14.0
700000.0,,,2,14,17.0
,0.0,,1,14,11.0
,0.0,,2,14,6.0
,0.0,,2,14,12.0
,,,2,14,
99.0,,,1,14,19.0
,0.0,,2,14,17.0
,,,1,14,
,,,2,14,
,0.0,,1,14,12.0
,0.0,,2,14,9.0
,0.0,,2,14,6.0
,0.0,,2,14,6.0
,0.0,,2,14,15.0
,0.0,,1,14,10.0
,,,2,14,
,,,1,14,
,0.0,,2,14,12.0
,,,1,14,17.0
300000.0,,,2,14,7.0
,0.0,,1,14,12.0
600000.0,,,1,14,12.0
500000.0,,,2,14,12.0
,,,2,14,
,,,1,14,12.0
480000.0,,,2,14,12.0
,,,2,14,
490000.0,,,1,14,12.0
480000.0,,,2,14,14.0
,0.0,,2,14,13.0
,0.0,,1,14,9.0
,,,2,14,
,,,2,14,5.0
,,,2,14,12.0
650000.0,,,1,14,15.0
450000.0,,,1,14,11.0
,0.0,,2,14,12.0
,,,1,14,
,,,2,14,
,,,2,14,
,,,1,14,15.0
,,,1,14,16.0
,,,2,14,17.0
,300000.0,,2,14,12.0
,0.0,,1,14,15.0
450000.0,,,1,14,15.0
800000.0,,,2,14,17.0
,0.0,,1,14,12.0
,,,1,14,
,,,1,14,
320000.0,,,1,14,13.0
,0.0,,2,14,12.0
,0.0,11091.0,2,14,11.0
,,11091.0,1,14,
,0.0,,2,14,12.0
,,,1,14,14.0
270000.0,,,1,14,12.0
,,,2,14,15.0
,0.0,,2,14,17.0
,,,1,14,
,,,2,14,
700000.0,,,2,14,16.0
350000.0,,,1,14,16.0
,,,1,14,10.0
,,,2,14,12.0
,,,1,14,8.0
,0.0,,2,14,10.0
99.0,,,2,14,17.0
,0.0,,2,14,8.0
,,,1,14,12.0
,0.0,,2,14,11.0
,0.0,,1,14,9.0
,0.0,,2,14,13.0
,0.0,,2,14,6.0
700000.0,,,1,14,17.0
380000.0,,,2,14,15.0
,,,2,14,
,0.0,,2,14,6.0
,0.0,,1,14,12.0
,0.0,,2,14,3.0
,0.0,,1,14,10.0
99.0,,,1,14,12.0
,0.0,,2,14,20.0
99.0,,,2,14,12.0
,0.0,,1,14,8.0
,,,1,14,
,0.0,,2,14,17.0
,0.0,,1,14,8.0
,0.0,,2,14,12.0
363000.0,,,2,14,12.0
,,,2,14,
,,,2,14,
275000.0,,,2,14,12.0
,0.0,,1,14,8.0
500000.0,,,1,14,12.0
,0.0,,2,14,10.0
700000.0,,,1,14,12.0
,0.0,,2,14,9.0
,0.0,,2,14,12.0
,,,2,14,
,,,2,14,
,0.0,,2,14,10.0
,0.0,,2,14,11.0
,0.0,,2,14,12.0
270000.0,,,1,14,12.0
,0.0,,2,14,12.0
,0.0,,1,14,12.0
,0.0,,2,14,6.0
99.0,,,2,14,12.0
,0.0,,1,14,15.0
99.0,,,1,14,14.0
,,,1,14,12.0
,,,1,14,
,,,1,14,
300000.0,,,1,14,0.0
,99.0,,2,14,12.0
,99.0,,2,14,9.0
,,,2,14,
,,,2,14,12.0
520000.0,,,1,14,13.0
,0.0,,2,14,16.0
,,11091.0,2,14,
,,11091.0,1,14,
,,,1,14,15.0
500000.0,,,1,14,10.0
400000.0,,,2,14,16.0
86000.0,,,1,14,13.0
270000.0,,,2,14,12.0
286000.0,,,1,14,10.0
,,,1,14,
,,,2,14,
350000.0,,,2,14,16.0
,99.0,,2,14,16.0
,,,1,14,12.0
,0.0,,2,14,12.0
,0.0,,2,14,16.0
,0.0,,1,14,12.0
,,,1,14,
,0.0,,2,14,
,0.0,,2,14,6.0
,,,1,14,6.0
,0.0,,2,14,9.0
,,,1,14,12.0
,,,1,14,12.0
,,,1,14,12.0
,0.0,,2,14,10.0
,0.0,,2,14,10.0
,,,2,14,
,,,2,14,
,0.0,,1,14,0.0
,,,1,14,12.0
,0.0,,2,14,12.0
,0.0,,2,14,11.0
,0.0,,2,14,2.0
,0.0,,2,14,12.0
,0.0,,1,14,12.0
270000.0,,,2,14,12.0
,,,1,14,3.0
,0.0,,2,14,5.0
600000.0,,,2,14,17.0
800000.0,,,1,14,12.0
,,,1,14,
,,,1,14,
,,,1,14,12.0
,0.0,,2,14,12.0
,0.0,,1,14,0.0
650000.0,,,1,14,15.0
450000.0,,,2,14,15.0
,,,1,14,
,,,1,14,12.0
380000.0,,,2,14,12.0
,,,2,14,
,,,2,14,
,,,1,14,9.0
,0.0,,2,14,9.0
,0.0,,1,14,12.0
,0.0,,2,14,12.0
,0.0,,2,14,4.0
,0.0,,1,14,1.0
99.0,,,2,14,16.0
99.0,,,1,14,12.0
,0.0,,2,14,12.0
,0.0,,2,14,9.0
300000.0,,,1,14,11.0
,0.0,,2,14,3.0
700000.0,,,1,14,17.0
450000.0,,,1,14,12.0
,0.0,,2,14,12.0
,,,2,14,
,,,2,14,
800000.0,,,1,14,12.0
,0.0,,2,14,14.0
250000.0,,,1,14,14.0
,0.0,,2,14,14.0
,0.0,,2,14,8.0
620000.0,,,2,14,15.0
,0.0,,1,14,12.0
,,,1,14,
,0.0,,1,14,12.0
,0.0,,1,14,13.0
,,,2,14,12.0
,0.0,,2,14,0.0
,,,2,14,15.0
500000.0,,,1,14,17.0
600000.0,,,2,14,17.0
,0.0,,1,14,11.0
800000.0,,,2,14,17.0
,,,2,14,
800000.0,,,2,14,12.0
600000.0,,,1,14,17.0
800000.0,,,1,14,12.0
300000.0,,,1,14,12.0
,0.0,,2,14,12.0
,0.0,,1,14,12.0
,0.0,,2,14,17.0
360000.0,,,1,14,15.0
321000.0,,,2,14,15.0
270000.0,,,1,14,12.0
,0.0,,2,14,13.0
290000.0,,,2,14,12.0
,,,1,14,8.0
270000.0,,,2,14,17.0
,0.0,,2,14,17.0
,0.0,,1,14,17.0
,0.0,,2,14,2.0
600000.0,,,1,14,14.0
,,,1,14,
300000.0,,,2,14,12.0
,0.0,,2,14,15.0
,,,2,14,17.0
,,,1,14,
,,,2,14,12.0
,,,2,14,
,,,1,14,12.0
350000.0,,,2,14,12.0
,0.0,,1,14,15.0
200000.0,,,2,14,12.0
,0.0,,2,14,15.0
,,,1,14,12.0
900000.0,,,1,14,17.0
,,,1,14,12.0
900000.0,,,2,14,12.0
,,,1,14,15.0
,0.0,,2,14,16.0
,0.0,,1,14,12.0
500000.0,,,1,14,12.0
,0.0,,2,14,12.0
500000.0,,,2,14,15.0
,,,2,14,
,0.0,,2,14,9.0
200000.0,,,1,14,12.0
120000.0,,,2,14,13.0
,0.0,,1,14,10.0
,0.0,,2,14,8.0
,0.0,,1,14,12.0
800000.0,,,2,14,16.0
,,,2,14,
,,,1,14,
,0.0,,1,14,12.0
,0.0,,2,14,9.0
0.0,,,2,14,13.0
900000.0,,,1,14,15.0
,,,2,14,15.0
,,,1,14,12.0
270000.0,,,1,14,15.0
,0.0,,2,14,8.0
,,,1,14,11.0
,0.0,,1,14,16.0
,0.0,,1,14,13.0
,0.0,,1,14,12.0
,0.0,,2,14,10.0
300000.0,,,2,14,12.0
,,,1,14,17.0
,0.0,,2,14,15.0
500000.0,,,1,14,12.0
300000.0,,,2,14,12.0
,,,1,14,
,,,2,14,
,0.0,,2,14,4.0
,0.0,,1,14,
,0.0,,2,14,
2100000.0,,,1,14,15.0
,0.0,,2,14,12.0
,,,1,14,17.0
,0.0,,2,14,16.0
700000.0,,,1,14,12.0
350000.0,,,2,14,12.0
,0.0,,2,14,13.0
,0.0,,1,14,9.0
,0.0,,2,14,
,0.0,,2,14,9.0
,0.0,,1,14,
,0.0,,2,14,6.0
99.0,,,2,14,15.0
,0.0,,2,14,9.0
,0.0,,2,14,17.0
,0.0,,1,14,13.0
,0.0,,2,14,6.0
430000.0,,,2,14,14.0
,,,1,14,
0.0,,,2,14,12.0
99.0,,,1,14,12.0
99.0,,,1,14,17.0
900000.0,,,2,14,15.0
500000.0,,,1,14,17.0
,0.0,,2,14,15.0
,,,1,14,
,0.0,,2,14,12.0
,0.0,,2,14,14.0
,0.0,,2,14,11.0
,,,1,14,19.0
500000.0,,,2,14,16.0
,0.0,,2,14,15.0
700000.0,,,1,14,17.0
350000.0,,,2,14,15.0
,0.0,,1,14,15.0
,0.0,,2,14,10.0
,,,1,14,
,0.0,,1,14,11.0
,0.0,,2,14,10.0
700000.0,,,1,14,16.0
,0.0,,2,14,12.0
,,,1,14,
,,,1,14,12.0
,0.0,,1,14,17.0
,0.0,,2,14,12.0
,,,1,14,12.0
500000.0,,,1,14,12.0
,0.0,,2,14,12.0
,0.0,,2,14,12.0
,,,1,14,
,0.0,,2,14,16.0
,0.0,,2,14,12.0
,50000.0,,2,14,18.0
230000.0,,,1,14,15.0
,,,2,14,12.0
,,,2,14,
,,,2,14,
,0.0,,1,14,6.0
,0.0,,2,14,6.0
,0.0,,2,14,12.0
,,,2,14,12.0
,0.0,,1,14,9.0
,0.0,,1,14,7.0
,0.0,,2,14,5.0
,0.0,,1,14,12.0
270000.0,,,2,14,12.0
,0.0,,2,14,10.0
,0.0,,1,14,0.0
,,,2,14,4.0
,,,1,14,10.0
,0.0,,2,14,11.0
,0.0,,1,14,12.0
,0.0,,2,14,6.0
,0.0,,1,14,7.0
,0.0,,1,14,9.0
,,,1,14,17.0
,0.0,,2,14,12.0
,0.0,,1,14,13.0
,0.0,,1,14,12.0
,0.0,,1,14,7.0
,0.0,,2,14,6.0
,,,1,14,16.0
,,,2,14,12.0
,0.0,11091.0,1,14,10.0
,,11091.0,1,14,
,,11091.0,1,14,
500000.0,,,1,14,12.0
,0.0,,2,14,15.0
800000.0,,,1,14,17.0
,0.0,,1,14,6.0
,0.0,,2,14,5.0
,0.0,,1,14,15.0
180000.0,,,2,14,12.0
350000.0,,,1,14,12.0
,,,2,14,13.0
450000.0,,,1,14,12.0
,0.0,,2,14,13.0
,,11091.0,1,14,
,0.0,,1,14,7.0
,0.0,,2,14,7.0
,,,2,14,12.0
,,,1,14,
,,,1,14,
,,,2,14,
270000.0,,,2,14,12.0
,0.0,,2,14,15.0
400000.0,,,1,14,15.0
270000.0,,,2,14,9.0
,0.0,,1,14,12.0
,,,2,14,
,0.0,,1,14,9.0
,0.0,,2,14,6.0
,,,1,14,12.0
,0.0,,2,14,11.0
,0.0,,2,14,12.0
,0.0,,2,14,11.0
,,,2,14,
,0.0,,2,14,8.0
,0.0,,1,14,6.0
,0.0,,2,14,7.0
,0.0,,2,14,13.0
,0.0,,2,14,6.0
,0.0,,1,14,12.0
250000.0,,,1,14,12.0
,,,1,14,8.0
,,,1,14,7.0
,0.0,,1,14,12.0
,0.0,,2,14,12.0
,0.0,,1,14,14.0
,0.0,,1,14,6.0
,0.0,,1,14,8.0
,0.0,,2,14,2.0
,,,2,14,13.0
370000.0,,,1,14,12.0
400000.0,,,2,14,12.0
,0.0,,2,14,12.0
270000.0,,,1,14,12.0
,,,2,14,
,,,1,14,
,,,1,14,
,0.0,,1,14,15.0
1000000.0,,,1,14,15.0
1300000.0,,,1,14,15.0
900000.0,,,2,14,15.0
,0.0,,2,14,12.0
,0.0,,1,14,12.0
500000.0,,,2,14,12.0
,0.0,,1,14,17.0
,0.0,,1,14,12.0
,0.0,,2,14,16.0
,0.0,,1,14,12.0
,0.0,,2,14,12.0
99.0,,,2,14,16.0
1000000.0,,,1,14,17.0
,0.0,,2,14,17.0
600000.0,,,1,14,12.0
,0.0,,2,14,12.0
99.0,,,1,14,12.0
,0.0,,2,14,16.0
1400000.0,,,1,14,19.0
830000.0,,,2,14,17.0
,,,2,14,
,,,1,14,3.0
,0.0,,2,14,12.0
,0.0,,1,14,9.0
,0.0,,1,14,
,0.0,,2,14,3.0
,0.0,,1,14,16.0
283000.0,,,1,14,12.0
,0.0,,2,14,12.0
290000.0,,,1,14,12.0
,0.0,,2,14,12.0
,0.0,,2,14,11.0
,,,2,14,
270000.0,,,2,14,12.0
,0.0,,2,14,12.0
,0.0,,2,14,10.0
,,,1,14,
,,11091.0,2,14,
,,11091.0,2,14,
500000.0,,,1,14,8.0
,0.0,,2,14,8.0
,0.0,,1,14,12.0
,,,1,14,
,,,2,14,12.0
200000.0,,,1,14,12.0
,,11091.0,1,14,
,,11091.0,2,14,
,,,1,14,12.0
,0.0,,2,14,12.0
,,,1,14,
,,11091.0,2,14,
170000.0,,,2,14,3.0
,0.0,11091.0,2,14,7.0
,,11091.0,1,14,
,,11091.0,1,14,
270000.0,,,1,14,8.0
,0.0,,2,14,7.0
,,,2,14,
,,,1,14,
,,,2,14,11.0
,,,1,14,
,,,1,14,
600000.0,,,2,14,11.0
,0.0,,2,14,12.0
400000.0,,,1,14,12.0
,,,1,14,
,,,2,14,
,0.0,,1,14,12.0
1700000.0,,,1,14,17.0
,,,2,14,12.0
,,,1,14,
,,,2,14,
,,,1,14,
,,,1,14,15.0
270000.0,,,2,14,15.0
,,,1,14,15.0
600000.0,,,1,14,12.0
,0.0,,2,14,15.0
500000.0,,,2,14,16.0
,0.0,,2,14,16.0
,0.0,,1,14,12.0
,0.0,,2,14,6.0
,0.0,,2,14,12.0
,,,2,14,
260000.0,,,1,14,2.0
,0.0,,2,14,1.0
260000.0,,,2,14,12.0
,,,1,14,8.0
700000.0,,,1,14,12.0
,0.0,,2,14,12.0
400000.0,,,2,14,15.0
900000.0,,,1,14,16.0
,,,2,14,
,0.0,,1,14,0.0
,0.0,,2,14,12.0
400000.0,,,1,14,12.0
350000.0,,,1,14,12.0
,0.0,,2,14,11.0
,0.0,,1,14,16.0
,0.0,,2,14,14.0
,0.0,,2,14,14.0
,0.0,,1,14,7.0
,0.0,,2,14,4.0
250000.0,,,1,14,6.0
,,,2,14,12.0
,0.0,,2,14,14.0
320000.0,,,1,14,14.0
,,,1,14,
,0.0,,2,14,6.0
,0.0,,2,14,2.0
99.0,,,1,14,16.0
,0.0,,2,14,2.0
,,,1,14,10.0
,0.0,,2,14,12.0
,0.0,,2,14,4.0
,,,1,14,12.0
,0.0,,1,14,14.0
275000.0,,,2,14,10.0
200000.0,,,2,14,5.0
,,,2,14,
,,,1,14,11.0
275000.0,,,1,14,1.0
,0.0,,1,14,11.0
275000.0,,,1,14,13.0
,,,1,14,12.0
280000.0,,,2,14,9.0
290000.0,,,2,14,17.0
120000.0,,,2,14,15.0
,,11091.0,1,14,
,0.0,,2,14,6.0
99.0,,,1,14,12.0
20000.0,,,1,14,12.0
275000.0,,,1,14,12.0
275000.0,,,2,14,12.0
,,,2,14,
,,,2,14,12.0
250000.0,,,2,14,12.0
,,,2,14,12.0
,99.0,,2,14,9.0
,,11091.0,2,14,
380000.0,,,1,14,12.0
99.0,,,2,14,10.0
,,11091.0,1,14,
,,11091.0,2,14,
,0.0,,1,14,6.0
,0.0,,2,14,6.0
320000.0,,,2,14,8.0
,0.0,,2,14,12.0
1400000.0,,,1,14,12.0
,0.0,,2,14,12.0
99.0,,,1,14,12.0
1200000.0,,,2,14,16.0
470000.0,,,1,14,12.0
300000.0,,,1,14,5.0
250000.0,,,2,14,7.0
,0.0,,1,14,9.0
,0.0,,2,14,0.0
,0.0,,1,14,9.0
,,,2,14,6.0
,,,1,14,12.0
1200000.0,,,1,14,15.0
750000.0,,,2,14,17.0
,,,1,14,
,,,2,14,
,,,1,14,17.0
,0.0,,2,14,14.0
1350000.0,,,1,14,16.0
1000000.0,,,2,14,13.0
,0.0,,2,14,11.0
,,,2,14,18.0
,,,1,14,15.0
,0.0,,2,14,15.0
,0.0,,2,14,16.0
,0.0,,1,14,15.0
,,,1,14,
,,,2,14,
270000.0,,,1,14,12.0
,0.0,,2,14,12.0
,0.0,,2,14,15.0
,,,1,14,
,,,2,14,
276000.0,,,2,14,12.0
,0.0,,2,14,12.0
,,,1,14,15.0
,,,2,14,15.0
,,,2,14,
1200000.0,,,1,14,18.0
600000.0,,,1,14,15.0
1500000.0,,,2,14,17.0
,,,1,14,14.0
99.0,,,2,14,15.0
,0.0,,2,14,15.0
1300000.0,,,1,14,17.0
800000.0,,,2,14,17.0
350000.0,,,1,14,7.0
300000.0,,,1,14,15.0
,0.0,,2,14,15.0
,,,2,14,
300000.0,,,2,14,12.0
120000.0,,,1,14,13.0
,0.0,,1,14,14.0
99.0,,,1,14,6.0
99.0,,,2,14,8.0
,0.0,,2,14,17.0
240000.0,,,1,14,12.0
340000.0,,,1,14,15.0
290000.0,,,2,14,15.0
300000.0,,,2,14,12.0
,0.0,,2,14,13.0
,,,1,14,
300000.0,,,1,14,12.0
280000.0,,,2,14,15.0
,,,1,14,
,0.0,,1,14,8.0
,0.0,,2,14,6.0
400000.0,,,1,14,13.0
30000.0,,,2,14,12.0
400000.0,,,2,14,17.0
,0.0,,2,14,12.0
,0.0,,2,14,9.0
,0.0,,2,14,14.0
,,,1,14,12.0
,,,2,14,7.0
,0.0,,1,14,15.0
,0.0,,2,14,13.0
710000.0,,,1,14,17.0
,0.0,,1,14,15.0
850000.0,,,1,14,15.0
,0.0,,2,14,12.0
450000.0,,,1,14,15.0
,0.0,,1,14,14.0
,0.0,,1,14,14.0
,0.0,,1,14,10.0
,0.0,,2,14,11.0
600000.0,,,2,14,17.0
3500000.0,,,1,14,17.0
,,,2,14,
,,,1,14,
900000.0,,,1,14,17.0
,0.0,,2,14,8.0
1850000.0,,,1,14,17.0
1100000.0,,,2,14,17.0
,,,1,14,
,,,2,14,
330000.0,,,2,14,14.0
,0.0,,1,14,17.0
,0.0,,1,14,16.0
,0.0,,1,14,11.0
,,,1,14,15.0
300000.0,,,1,14,2.0
300000.0,,,2,14,12.0
,0.0,,2,14,15.0
920000.0,,,2,14,19.0
,0.0,,1,14,17.0
,,,2,14,
,,,1,14,
,0.0,,2,14,10.0
,,,1,14,12.0
,0.0,,1,14,17.0
,0.0,,2,14,10.0
,0.0,,1,14,10.0
320000.0,,,2,14,15.0
,0.0,,1,14,16.0
250000.0,,,2,14,14.0
350000.0,,,1,14,14.0
,,,1,14,
,,,2,14,
500000.0,,,2,14,17.0
600000.0,,,1,14,17.0
,0.0,,1,14,10.0
,0.0,,1,14,12.0
350000.0,,,1,14,13.0
350000.0,,,2,14,12.0
350000.0,,,1,14,12.0
,0.0,,1,14,11.0
300000.0,,,2,14,12.0
250000.0,,,1,14,3.0
,0.0,,2,14,12.0
,,,1,14,14.0
840000.0,,,2,14,16.0
,0.0,,1,14,12.0
300000.0,,,1,14,12.0
300000.0,,,2,14,12.0
,0.0,,1,14,10.0
,,,1,14,
,,,1,14,
500000.0,,,2,14,16.0
,,,1,14,
,,,1,14,
1000000.0,,,2,14,16.0
,,,2,14,8.0
,,,1,14,
,0.0,,2,14,12.0
,0.0,,1,14,12.0
1000000.0,,,1,14,17.0
500000.0,,,2,14,16.0
520000.0,,,2,14,16.0
600000.0,,,1,14,12.0
,,,1,14,
,0.0,,2,14,13.0
,0.0,,2,14,13.0
350000.0,,,2,14,15.0
,,,2,14,17.0
,,,1,14,
,,,2,14,
,,,1,14,12.0
,0.0,,2,14,8.0
150000.0,,,2,14,15.0
,0.0,,2,14,16.0
500000.0,,,1,14,15.0
,99.0,,2,14,15.0
,,,2,14,
,,,1,14,
400000.0,,,1,14,16.0
900000.0,,,1,14,12.0
500000.0,,,1,14,12.0
,0.0,,2,14,12.0
,,,2,14,
400000.0,,,2,14,17.0
,0.0,,2,14,12.0
270000.0,,,1,14,14.0
,99.0,,2,14,12.0
,99.0,,1,14,12.0
270000.0,,,1,14,17.0
,99.0,,2,14,12.0
,,,2,14,
1500000.0,,,1,14,17.0
,,,2,14,17.0
1000000.0,,,2,14,17.0
,,,1,14,
,,,2,14,11.0
,0.0,,1,14,13.0
,0.0,,1,14,10.0
,0.0,,2,14,10.0
670000.0,,,1,14,17.0
,0.0,,2,14,15.0
,0.0,,1,14,14.0
,0.0,,2,14,12.0
650000.0,,,2,14,16.0
,0.0,,2,14,
,,,1,14,
950000.0,,,1,14,16.0
,0.0,,1,14,12.0
,0.0,,2,14,15.0
600000.0,,,1,14,16.0
,0.0,,2,14,16.0
,,,2,14,
,,,1,14,
500000.0,,,2,14,12.0
600000.0,,,2,14,16.0
,,,1,14,16.0
,,,2,14,15.0
,0.0,,1,14,12.0
,0.0,,1,14,9.0
,,,2,14,12.0
,0.0,,1,14,9.0
,0.0,,1,14,11.0
,,,1,14,17.0
,0.0,,2,14,15.0
,,,2,14,
480000.0,,,1,14,16.0
400000.0,,,2,14,14.0
,,,2,14,12.0
,0.0,,1,14,9.0
,0.0,,2,14,10.0
,,,1,14,12.0
,0.0,,2,14,12.0
,0.0,,1,14,14.0
,,,1,14,
380000.0,,,2,14,17.0
,0.0,,1,14,12.0
58800.0,,,2,14,15.0
,,,1,14,10.0
,,,2,14,7.0
290000.0,,,2,14,15.0
,,,2,14,
99.0,,,2,14,17.0
,45000.0,,2,14,6.0
380000.0,,,1,14,12.0
,0.0,,2,14,12.0
,0.0,,2,14,14.0
,0.0,,1,14,10.0
,,,2,14,
300000.0,,,2,14,12.0
,80000.0,,2,14,7.0
,0.0,,2,14,12.0
1700000.0,,,1,14,17.0
360000.0,,,2,14,17.0
,,,1,14,
,,,1,14,
,,,2,14,
,,,1,14,17.0
,,,2,14,15.0
99.0,,,1,14,15.0
,0.0,,2,14,12.0
,0.0,,2,14,16.0
1800000.0,,,2,14,17.0
900000.0,,,1,14,15.0
1500000.0,,,1,14,20.0
,0.0,,2,14,17.0
,,,2,14,
,,,2,14,
800000.0,,,2,14,17.0
600000.0,,,1,14,15.0
,,,2,14,
,,,1,14,15.0
1500000.0,,,2,14,17.0
800000.0,,,1,14,17.0
,0.0,,1,14,17.0
,0.0,,2,14,17.0
,0.0,,1,14,12.0
,0.0,,1,14,12.0
,0.0,,2,14,12.0
,,,1,14,18.0
,0.0,,2,14,15.0
,,,1,14,15.0
380000.0,,,2,14,15.0
400000.0,,,2,14,17.0
,0.0,,1,14,15.0
,,,2,14,
,,,2,14,
,,,1,14,10.0
,0.0,,2,14,3.0
99.0,,,1,14,19.0
99.0,,,2,14,17.0
,0.0,,2,14,18.0
,0.0,,2,14,9.0
2000000.0,,,1,14,17.0
,,,2,14,12.0
270000.0,,,2,14,16.0
,0.0,,2,14,10.0
,,,1,14,
99.0,,,2,14,17.0
50000.0,,,1,14,16.0
,0.0,,1,14,12.0
,,,1,14,
850000.0,,,2,14,17.0
,,,1,14,
,,,2,14,
,,,1,14,17.0
1600000.0,,,2,14,17.0
,0.0,,2,14,12.0
300000.0,,,2,14,15.0
400000.0,,,1,14,12.0
,,,1,14,
,,,2,14,
1500000.0,,,1,14,17.0
1000000.0,,,2,14,17.0
,,,2,14,12.0
99.0,,,1,14,12.0
,0.0,,1,14,8.0
,0.0,,2,14,8.0
,0.0,,1,14,2.0
,0.0,,2,14,13.0
,,,1,14,17.0
0.0,,,2,14,15.0
,0.0,,2,14,11.0
,0.0,,1,14,10.0
500000.0,,,1,14,17.0
1000000.0,,,2,14,17.0
,0.0,,2,14,11.0
,,,1,14,
1900000.0,,,1,14,17.0
,,,2,14,17.0
,0.0,,1,14,13.0
,,,1,14,
,,,1,14,
,,,2,14,12.0
,0.0,,1,14,12.0
,0.0,,1,14,12.0
,,,2,14,
,0.0,,2,14,12.0
,,,2,14,15.0
,0.0,,2,14,10.0
1300000.0,,,2,14,14.0
,,,1,14,17.0
,,,2,14,
,,,1,14,
500000.0,,,2,14,15.0
,,,2,14,
,,,2,14,
,,,2,14,
,,,1,14,15.0
,,,2,14,14.0
800000.0,,,1,14,17.0
1200000.0,,,2,14,17.0
,,,1,14,
,,,1,14,
800000.0,,,1,14,16.0
1500000.0,,,2,14,17.0
,0.0,,2,14,15.0
,0.0,,2,14,17.0
,0.0,,1,14,15.0
,0.0,,2,14,10.0
99.0,,,2,14,17.0
,,,1,14,
99.0,,,1,14,12.0
,0.0,,2,14,12.0
,,,2,14,15.0
,,,1,14,17.0
,,,2,14,
180000.0,,,2,14,12.0
180000.0,,,2,14,14.0
,,,1,14,
550000.0,,,1,14,15.0
,0.0,,1,14,16.0
,0.0,,2,14,12.0
,,,1,14,
540000.0,,,2,14,16.0
,,,1,14,17.0
,,,1,14,
,,,1,14,
,,,1,14,15.0
,,,2,14,15.0
,,,2,14,21.0
,,,1,14,15.0
460000.0,,,1,14,12.0
460000.0,,,2,14,12.0
,0.0,,2,14,14.0
,0.0,,2,14,14.0
,0.0,,2,14,13.0
,0.0,,1,14,12.0
,0.0,,2,14,17.0
550000.0,,,2,14,15.0
,0.0,,1,14,13.0
,0.0,,1,14,14.0
1400000.0,,,2,14,21.0
1400000.0,,,2,14,18.0
280000.0,,,1,14,12.0
,0.0,,2,14,4.0
220000.0,,,2,14,12.0
,0.0,,2,14,17.0
700000.0,,,1,14,14.0
,0.0,,2,14,12.0
,200000.0,,1,14,16.0
,0.0,,2,14,13.0
,,,1,14,
,0.0,,1,14,12.0
,0.0,,2,14,12.0
1900000.0,,,1,14,19.0
,0.0,,2,14,17.0
,,,2,14,
,,,1,14,
1200000.0,,,2,14,17.0
1300000.0,,,1,14,17.0
,,,1,14,
,,,1,14,
200000.0,,,1,14,19.0
1000000.0,,,2,14,19.0
,,,2,14,
,,,1,14,
1300000.0,,,1,14,17.0
700000.0,,,2,14,15.0
,0.0,,1,14,16.0
,0.0,,1,14,11.0
2000000.0,,,1,14,17.0
,0.0,,2,14,15.0
,0.0,,1,14,11.0
,,,2,14,
,,,1,14,16.0
500000.0,,,2,14,15.0
,0.0,,1,14,10.0
,0.0,,1,14,13.0
,0.0,,2,14,12.0
,0.0,,1,14,12.0
,0.0,,1,14,8.0
,0.0,,2,14,12.0
,,,1,14,14.0
1900000.0,,,2,14,16.0
1000000.0,,,1,14,16.0
,,,2,14,
,,,2,14,
,,,2,14,9.0
800000.0,,,2,14,17.0
,0.0,,1,14,13.0
4000000.0,,,1,14,22.0
,,,2,14,17.0
99.0,,,2,14,12.0
1000000.0,,,1,14,14.0
,,,1,14,
,,,2,14,
250000.0,,,1,14,20.0
1200000.0,,,2,14,12.0
,0.0,,2,14,12.0
600000.0,,,1,14,12.0
,0.0,,2,14,12.0
,,,2,14,
,,,1,14,
600000.0,,,1,14,12.0
,0.0,,2,14,12.0
,0.0,,1,14,11.0
,,,1,14,
,,,2,14,
240000.0,,,2,14,13.0
,0.0,,2,14,12.0
,0.0,,1,14,12.0
,,,1,14,12.0
,,,2,14,16.0
500000.0,,,1,14,13.0
282000.0,,,2,14,12.0
750000.0,,,1,14,12.0
,,,1,14,
,,,1,14,
900000.0,,,1,14,13.0
320000.0,,,2,14,17.0
,,,1,14,
1300000.0,,,2,14,17.0
500000.0,,,1,14,15.0
,,,1,14,
,,,2,14,
,,,2,14,
350000.0,,,1,14,13.0
270000.0,,,2,14,12.0
,0.0,,1,14,12.0
,,,2,14,
500000.0,,,1,14,19.0
150000.0,,,2,14,15.0
,,,1,14,
,,,1,14,
919730.0,,,1,14,13.0
,0.0,,2,14,13.0
,0.0,,1,14,13.0
,,,2,14,
700000.0,,,1,14,12.0
500000.0,,,2,14,12.0
408000.0,,,1,14,12.0
,0.0,,2,14,6.0
,0.0,,2,14,9.0
402000.0,,,1,14,13.0
330000.0,,,2,14,12.0
,0.0,,2,14,13.0
,,,2,14,
270000.0,,,1,14,13.0
,0.0,,2,14,12.0
,0.0,,1,14,12.0
900000.0,,,1,14,13.0
,0.0,,2,14,12.0
,0.0,,1,14,12.0
200000.0,,,2,14,12.0
400000.0,,,1,14,12.0
320000.0,,,2,14,12.0
,,,2,14,
,,,2,14,
600000.0,,,1,14,12.0
,0.0,,2,14,12.0
,0.0,,2,14,10.0
,,,2,14,
,0.0,,1,14,4.0
,0.0,,1,14,12.0
670000.0,,,2,14,13.0
,,,2,14,
350000.0,,,2,14,15.0
1350000.0,,,1,14,17.0
,,,2,14,
,99.0,,2,14,17.0
,,,1,14,14.0
300000.0,,,2,14,12.0
,0.0,,1,14,12.0
,,,1,14,
350000.0,,,1,14,12.0
,0.0,,2,14,12.0
,,11091.0,2,14,
,,11091.0,2,14,
180000.0,,,2,14,8.0
280000.0,,,2,14,12.0
,0.0,,1,14,10.0
,,,2,14,
300000.0,,,1,14,12.0
,0.0,,2,14,12.0
,,,1,14,
600000.0,,,1,14,15.0
,,,2,14,15.0
,,,1,14,
420000.0,,,1,14,12.0
180000.0,,,2,14,10.0
,0.0,,1,14,11.0
,0.0,,2,14,14.0
,,11091.0,2,14,
,,11091.0,2,14,
300000.0,,,1,14,10.0
280000.0,,,2,14,12.0
350000.0,,,1,14,14.0
,,,2,14,12.0
,0.0,,2,14,5.0
,0.0,,2,14,9.0
,,,2,14,12.0
480000.0,,,1,14,14.0
,0.0,,2,14,12.0
,0.0,,2,14,11.0
,,,1,14,16.0
350000.0,,,1,14,12.0
,0.0,,2,14,12.0
,,,1,14,
,0.0,,2,14,17.0
,0.0,,2,14,8.0
,0.0,,2,14,14.0
,0.0,,1,14,19.0
,0.0,,1,14,14.0
,0.0,,1,14,12.0
,0.0,,1,14,10.0
250000.0,,,2,14,12.0
400000.0,,,2,14,16.0
,0.0,,1,14,15.0
,0.0,,2,14,11.0
,,,1,14,0.0
80000.0,,,2,14,12.0
,0.0,,2,14,8.0
900000.0,,,1,14,17.0
,0.0,,2,14,16.0
450000.0,,,2,14,17.0
,,,2,14,
,0.0,,1,14,14.0
,0.0,,2,14,12.0
,0.0,,2,14,12.0
,,,1,14,14.0
,,,2,14,12.0
,0.0,,2,14,19.0
,,,2,14,17.0
,0.0,,2,14,10.0
400000.0,,,1,14,17.0
,0.0,,1,14,17.0
,0.0,,2,14,17.0
350000.0,,,2,14,17.0
,0.0,,1,14,6.0
,0.0,,2,14,6.0
99.0,,,1,14,13.0
99.0,,,2,14,17.0
,,,2,14,
,,,2,14,
1500000.0,,,1,14,16.0
,0.0,,2,14,15.0
,,,2,14,
,,,2,14,
,60000.0,,1,14,11.0
1000000.0,,,2,14,17.0
550000.0,,,1,14,12.0
,0.0,,2,14,17.0
,,,1,14,
,,,1,14,
280000.0,,,1,14,8.0
,0.0,,2,14,8.0
,0.0,,1,14,4.0
,0.0,,1,14,11.0
,0.0,,1,14,6.0
,0.0,,2,14,6.0
99.0,,,2,14,15.0
,0.0,,2,14,10.0
,,,1,14,12.0
150000.0,,,1,14,13.0
,0.0,,1,14,12.0
,,,1,14,12.0
,0.0,,2,14,13.0
,,11091.0,2,14,
,,11091.0,2,14,
,,11091.0,1,14,
0.0,,,2,14,12.0
,0.0,,2,14,6.0
,0.0,,2,14,0.0
99.0,,,2,14,10.0
,0.0,,2,14,13.0
,,11091.0,1,14,
,0.0,,2,14,6.0
,0.0,,1,14,9.0
130000.0,,,2,14,8.0
,,,1,14,8.0
,0.0,,2,14,0.0
270000.0,,,1,14,8.0
270000.0,,,1,14,8.0
,0.0,,2,14,5.0
,0.0,,2,14,12.0
400000.0,,,1,14,12.0
,0.0,,2,14,12.0
270000.0,,,2,14,8.0
270000.0,,,2,14,8.0
,0.0,,1,14,10.0
,,,1,14,
,,,1,14,12.0
,0.0,,2,14,5.0
,,,1,14,7.0
270000.0,,,1,14,8.0
,0.0,,2,14,8.0
,0.0,,1,14,3.0
,0.0,,2,14,6.0
270000.0,,,1,14,12.0
270000.0,,,1,14,12.0
,0.0,,1,14,10.0
,0.0,,1,14,4.0
,0.0,,2,14,8.0
280000.0,,,2,14,9.0
,0.0,,1,14,9.0
,,,2,14,
,,,1,14,11.0
,0.0,,2,14,0.0
,0.0,,1,14,14.0
130000.0,,,2,14,8.0
,0.0,,1,14,12.0
,0.0,,2,14,4.0
130000.0,,,2,14,11.0
400000.0,,,1,14,9.0
270000.0,,,2,14,15.0
,0.0,,2,14,11.0
500000.0,,,1,14,15.0
,0.0,,2,14,12.0
,,,1,14,
,,,2,14,
270000.0,,,1,14,4.0
,0.0,,2,14,9.0
270000.0,,,1,14,16.0
,,,1,14,
,0.0,,2,14,9.0
500000.0,,,1,14,12.0
200000.0,,,2,14,12.0
,0.0,,2,14,11.0
,,,2,14,
270000.0,,,1,14,10.0
,0.0,,2,14,8.0
270000.0,,,2,14,12.0
400000.0,,,2,14,12.0
,,,1,14,
,,,2,14,
,0.0,,2,14,12.0
,0.0,,1,14,13.0
270000.0,,,1,14,10.0
,,,2,14,
600000.0,,,1,14,8.0
400000.0,,,2,14,8.0
,0.0,,2,14,11.0
,0.0,,1,14,10.0
,,,2,14,
,0.0,,1,14,2.0
,0.0,,2,14,3.0
270000.0,,,1,14,12.0
,,,1,14,
300000.0,,,1,14,10.0
,0.0,,2,14,12.0
,0.0,,2,14,9.0
,,,2,14,8.0
,,,1,14,6.0
,0.0,,1,14,8.0
,,,2,14,12.0
270000.0,,,1,14,12.0
,,,2,14,
362000.0,,,2,14,12.0
460000.0,,,1,14,11.0
,,,2,14,12.0
,0.0,,1,14,12.0
,,,1,14,8.0
300000.0,,,2,14,15.0
,,,2,14,
,0.0,,1,14,4.0
,0.0,,2,14,2.0
,0.0,,2,14,0.0
,,,2,14,14.0
,,,1,14,12.0
1000000.0,,,2,14,17.0
99.0,,,1,14,13.0
99.0,,,1,14,16.0
256000.0,,,1,14,11.0
256000.0,,,2,14,12.0
,0.0,,1,14,16.0
,0.0,,2,14,17.0
,0.0,,1,14,0.0
,0.0,,1,14,6.0
,0.0,,2,14,6.0
256000.0,,,1,14,8.0
,,,1,14,
,0.0,,2,14,3.0
150000.0,,,1,14,8.0
270000.0,,,1,14,8.0
270000.0,,,2,14,11.0
,,,2,14,
,,,1,14,4.0
400000.0,,,2,14,14.0
,0.0,,2,14,11.0
,0.0,,1,14,4.0
270000.0,,,2,14,10.0
,0.0,,2,14,12.0
,,11091.0,1,14,
230000.0,,,2,14,12.0
,0.0,,2,14,10.0
,,,1,14,11.0
320000.0,,,2,14,10.0
270000.0,,,1,14,12.0
300000.0,,,2,14,12.0
,,,2,14,
,,,1,14,
270000.0,,,2,14,8.0
,0.0,,2,14,12.0
270000.0,,,2,14,12.0
,,,2,14,
270000.0,,,2,14,12.0
,,,1,14,10.0
700000.0,,,2,14,17.0
600000.0,,,1,14,17.0
,0.0,,1,14,12.0
,0.0,,1,14,11.0
,,,1,14,
,,,2,14,
500000.0,,,1,14,14.0
350000.0,,,2,14,14.0
,,,1,14,
1500000.0,,,2,14,15.0
,0.0,,1,14,18.0
,,,2,14,
,,,2,14,
,0.0,,2,14,10.0
,0.0,,2,14,8.0
,,,2,14,16.0
140000.0,,,2,14,16.0
140000.0,,,2,14,19.0
,,,1,14,12.0
,,,1,14,15.0
,,,2,14,10.0
,,,1,14,
100000.0,,,2,14,11.0
300000.0,,,2,14,12.0
,0.0,,1,14,14.0
250000.0,,,2,14,12.0
270000.0,,,1,14,8.0
,0.0,,2,14,0.0
270000.0,,,2,14,12.0
270000.0,,,1,14,12.0
,0.0,,2,14,12.0
,0.0,,2,14,10.0
,,,2,14,
,,,2,14,
500000.0,,,1,14,10.0
,0.0,,2,14,10.0
480000.0,,,1,14,12.0
,0.0,,2,14,15.0
,,,1,14,
,,,1,14,
,,,2,14,
270000.0,,,2,14,4.0
150000.0,,,1,14,12.0
,0.0,,1,14,11.0
99.0,,,1,14,12.0
140000.0,,,2,14,6.0
,,,1,14,8.0
250000.0,,,1,14,15.0
300000.0,,,1,14,15.0
300000.0,,,2,14,15.0
,0.0,,2,14,10.0
250000.0,,,1,14,12.0
,0.0,,2,14,12.0
,,11091.0,1,14,
,,11091.0,2,14,
,0.0,,2,14,2.0
,0.0,,2,14,15.0
,,11091.0,2,14,
,,11091.0,1,14,
,,11091.0,1,14,
,0.0,,1,14,9.0
270000.0,,,2,14,8.0
99.0,,,1,14,12.0
,0.0,,2,14,14.0
,,,2,14,
99.0,,,1,14,12.0
,0.0,,2,14,0.0
,0.0,,2,14,0.0
,0.0,,1,14,9.0
,0.0,,2,14,8.0
,,,2,14,
,,,1,14,8.0
,0.0,,2,14,7.0
,,11091.0,2,14,
280000.0,,,1,14,2.0
,0.0,,2,14,11.0
,0.0,,2,14,16.0
,,,2,14,
,0.0,,1,14,7.0
,0.0,,2,14,4.0
,,11091.0,1,14,
,,11091.0,2,14,
280000.0,,,1,14,
,0.0,,2,14,12.0
,,11091.0,2,14,
,,11091.0,2,14,
,,11091.0,2,14,
,0.0,,2,14,12.0
0.0,,,1,14,
,,,1,14,7.0
,,,1,14,7.0
,0.0,,1,14,4.0
,0.0,,2,14,9.0
99.0,,,2,14,15.0
,,,2,14,
,0.0,,2,14,5.0
450000.0,,,1,14,8.0
,0.0,,2,14,8.0
,,,2,14,17.0
,,,2,14,12.0
400000.0,,,1,14,12.0
250000.0,,,1,14,10.0
,0.0,,1,14,12.0
,,,1,14,
350000.0,,,1,14,12.0
,0.0,,2,14,12.0
350000.0,,,1,14,12.0
200000.0,,,2,14,15.0
,,,1,14,
,,,1,14,12.0
500000.0,,,2,14,12.0
,,,1,14,
,,,1,14,
,,,2,14,
,0.0,,1,14,13.0
,0.0,,2,14,13.0
,0.0,,1,14,14.0
,0.0,,1,14,14.0
800000.0,,,2,14,12.0
500000.0,,,2,14,17.0
,,,1,14,
,0.0,,2,14,12.0
300000.0,,,2,14,12.0
,0.0,,1,14,10.0
0.0,,,1,14,12.0
,0.0,,1,14,6.0
,0.0,,2,14,6.0
810000.0,,,2,14,17.0
720000.0,,,1,14,17.0
,,,1,14,15.0
,,,2,14,15.0
,0.0,,2,14,12.0
,0.0,,1,14,10.0
,0.0,,1,14,11.0
,0.0,,2,14,17.0
,0.0,,2,14,17.0
,30000.0,,1,14,17.0
,0.0,,2,14,12.0
257000.0,,,2,14,12.0
400000.0,,,1,14,15.0
,0.0,,2,14,12.0
580000.0,,,2,14,12.0
350000.0,,,2,14,17.0
,0.0,,2,14,11.0
,,,2,14,
,,,2,14,
570000.0,,,1,14,12.0
480000.0,,,1,14,12.0
,,,1,14,
,,,2,14,
380000.0,,,1,14,6.0
,0.0,,2,14,12.0
380000.0,,,1,14,5.0
,0.0,,2,14,12.0
,0.0,,1,14,12.0
150000.0,,,2,14,12.0
400000.0,,,2,14,12.0
,,,2,14,
220000.0,,,2,14,12.0
,,,1,14,10.0
,0.0,,2,14,0.0
300000.0,,,2,14,15.0
,0.0,,2,14,12.0
,0.0,,2,14,7.0
,,,2,14,
,0.0,,2,14,4.0
400000.0,,,1,14,12.0
130000.0,,,2,14,14.0
,,,1,14,
400000.0,,,1,14,10.0
,0.0,,2,14,6.0
350000.0,,,1,14,12.0
350000.0,,,1,14,9.0
350000.0,,,1,14,12.0
,,,1,14,3.0
,0.0,,2,14,8.0
99.0,,,2,14,12.0
,,,1,14,12.0
,,,1,14,
,,,1,14,
290000.0,,,2,14,12.0
,0.0,,2,14,7.0
,,,1,14,
300000.0,,,1,14,15.0
290000.0,,,2,14,14.0
,0.0,,2,14,12.0
,,,1,14,11.0
,0.0,,2,14,12.0
,0.0,,1,14,13.0
,,,2,14,9.0
270000.0,,,1,14,12.0
340000.0,,,2,14,15.0
,,,2,14,
,,,1,14,
270000.0,,,2,14,10.0
270000.0,,,1,14,12.0
,0.0,,2,14,12.0
600000.0,,,1,14,14.0
800000.0,,,2,14,17.0
330000.0,,,1,14,15.0
290000.0,,,2,14,12.0
,,,1,14,11.0
300000.0,,,2,14,12.0
,0.0,,1,14,9.0
,0.0,,2,14,12.0
290000.0,,,1,14,8.0
230000.0,,,2,14,10.0
,0.0,,1,14,11.0
,,,1,14,10.0
,0.0,,2,14,12.0
,,,1,14,
,,,2,14,
270000.0,,,1,14,12.0
,0.0,,2,14,8.0
,0.0,,1,14,8.0
270000.0,,,2,14,12.0
,,,2,14,
380000.0,,,2,14,12.0
280000.0,,,1,14,12.0
360000.0,,,1,14,6.0
,0.0,,2,14,12.0
277000.0,,,1,14,11.0
,0.0,,2,14,10.0
,0.0,,2,14,3.0
380000.0,,,1,14,9.0
,0.0,11091.0,2,14,9.0
,0.0,,2,14,7.0
,0.0,,1,14,7.0
,0.0,,2,14,14.0
270000.0,,,2,14,12.0
,0.0,,1,14,16.0
,0.0,,2,14,17.0
350000.0,,,2,14,12.0
320000.0,,,2,14,12.0
,0.0,,1,14,12.0
,0.0,,2,14,12.0
,0.0,,2,14,9.0
,,,1,14,12.0
277000.0,,,2,14,12.0
277000.0,,,1,14,11.0
,,,2,14,
,,,2,14,
,,,2,14,
,,,2,14,
,0.0,,2,14,12.0
380000.0,,,1,14,10.0
200000.0,,,2,14,12.0
,0.0,,1,14,11.0
250000.0,,,1,14,12.0
250000.0,,,2,14,12.0
250000.0,,,2,14,6.0
,0.0,,2,14,5.0
,,,1,14,8.0
277000.0,,,2,14,12.0
250000.0,,,1,14,12.0
,0.0,,1,14,5.0
,,,1,14,8.0
,0.0,,2,14,8.0
,0.0,,2,14,0.0
,,,2,14,
,,,1,14,
250000.0,,,2,14,12.0
,0.0,,1,14,12.0
,0.0,,2,14,11.0
,0.0,,2,14,16.0
,0.0,,2,14,18.0
,,,2,14,12.0
700000.0,,,2,14,15.0
,0.0,,1,14,10.0
,0.0,,1,14,4.0
,0.0,,2,14,3.0
270000.0,,,1,14,9.0
,0.0,,2,14,8.0
256000.0,,,1,14,4.0
256000.0,,,2,14,12.0
,,,1,14,
,,,1,14,
,,,1,14,
210000.0,,,2,14,12.0
120000.0,,,2,14,13.0
,0.0,,1,14,10.0
,,,2,14,10.0
,,,2,14,
,,,1,14,12.0
355000.0,,,1,14,12.0
,,,2,14,
,,,1,14,8.0
,0.0,,2,14,8.0
350000.0,,,1,14,10.0
,0.0,,2,14,12.0
,,,2,14,
,,,2,14,
280000.0,,,1,14,12.0
260000.0,,,2,14,12.0
,0.0,,1,14,10.0
,,,2,14,
260000.0,,,1,14,12.0
300000.0,,,2,14,12.0
,,,2,14,
,,,1,14,16.0
380000.0,,,2,14,12.0
,,,2,14,
,400000.0,,1,14,9.0
,0.0,,2,14,6.0
,0.0,,2,14,12.0
,0.0,,1,14,10.0
,,,1,14,
,,,2,14,
,,,2,14,
,,,2,14,
700000.0,,,1,14,17.0
260000.0,,,2,14,12.0
,,,2,14,
,,,1,14,
,,,2,14,12.0
256000.0,,,2,14,2.0
,0.0,,2,14,17.0
,0.0,,2,14,13.0
310000.0,,,2,14,12.0
350000.0,,,1,14,12.0
200000.0,,,2,14,12.0
295000.0,,,2,14,12.0
360000.0,,,1,14,6.0
250000.0,,,2,14,12.0
276000.0,,,1,14,12.0
320000.0,,,1,14,12.0
360000.0,,,1,14,12.0
276000.0,,,1,14,12.0
,0.0,,2,14,1.0
,0.0,,2,14,4.0
300000.0,,,1,14,5.0
,0.0,,2,14,5.0
99.0,,,1,14,0.0
,0.0,,2,14,8.0
99.0,,,1,14,9.0
,0.0,,2,14,4.0
,,,1,14,8.0
,0.0,,2,14,3.0
400000.0,,,1,14,11.0
,0.0,,1,14,
,0.0,,2,14,
,0.0,,1,14,0.0
,0.0,,2,14,0.0
280000.0,,,1,14,3.0
,0.0,,2,14,11.0
336000.0,,,2,14,12.0
410000.0,,,1,14,12.0
170000.0,,,2,14,12.0
,,,1,14,7.0
,0.0,,2,14,7.0
,0.0,,2,14,14.0
400000.0,,,1,14,12.0
400000.0,,,2,14,12.0
,0.0,,1,14,14.0
276000.0,,,1,14,2.0
,0.0,,2,14,2.0
150000.0,,,2,14,8.0
240000.0,,,1,14,0.0
,0.0,,1,14,11.0
,0.0,,2,14,9.0
276000.0,,,1,14,5.0
,0.0,,2,14,5.0
,,,1,14,
,,,2,14,
,0.0,,2,14,
,0.0,,2,14,12.0
,,,2,14,
,0.0,,2,14,12.0
150000.0,,,1,14,17.0
,0.0,,2,14,17.0
,,,2,14,
,0.0,,2,14,12.0
270000.0,,,2,14,12.0
,0.0,,2,14,10.0
,,,2,14,
,,,2,14,
300000.0,,,1,14,6.0
200000.0,,,2,14,6.0
210000.0,,,2,14,4.0
,,,1,14,12.0
,,11091.0,2,14,
,,,2,14,8.0
,0.0,,2,14,4.0
,,,1,14,12.0
99.0,,,1,14,11.0
430000.0,,,1,14,12.0
320000.0,,,2,14,14.0
,0.0,,2,14,8.0
,0.0,,1,14,12.0
,0.0,11091.0,2,14,10.0
,,,2,14,
,0.0,,2,14,12.0
,0.0,,2,14,17.0
,,,1,14,
,,,2,14,
340000.0,,,2,14,12.0
300000.0,,,1,14,8.0
,0.0,,2,14,9.0
,,,2,14,
,,,1,14,
450000.0,,,2,14,12.0
,,,2,14,
256000.0,,,2,14,10.0
256000.0,,,1,14,12.0
350000.0,,,1,14,17.0
,0.0,,2,14,14.0
,0.0,,2,14,9.0
,0.0,,1,14,
,0.0,,1,14,12.0
,0.0,,2,14,12.0
300000.0,,,2,14,15.0
,0.0,,1,14,9.0
,0.0,,2,14,10.0
,0.0,,2,14,3.0
,,,1,14,13.0
,0.0,,2,14,13.0
,,,1,14,
,,,1,14,
400000.0,,,2,14,12.0
180000.0,,,1,14,12.0
,0.0,,1,14,8.0
600000.0,,,1,14,12.0
400000.0,,,2,14,15.0
,0.0,,1,14,10.0
,,,2,14,
,0.0,,2,14,15.0
,,,1,14,15.0
,,,2,14,
,,,2,14,
,,,2,14,
,0.0,,2,14,10.0
,0.0,,1,14,10.0
767000.0,,,2,14,17.0
,0.0,,2,14,11.0
,,,1,14,
,,,1,14,
400000.0,,,1,14,12.0
90000.0,,,2,14,6.0
,0.0,,1,14,12.0
,0.0,,2,14,12.0
,0.0,,2,14,7.0
,0.0,,2,14,12.0
,0.0,,2,14,9.0
,,,2,14,
270000.0,,,2,14,12.0
250000.0,,,2,14,12.0
280000.0,,,1,14,11.0
,0.0,,2,14,12.0
,,,2,14,
300000.0,,,2,14,17.0
475000.0,,,1,14,16.0
,0.0,,2,14,14.0
0.0,,,1,14,12.0
270000.0,,,1,14,12.0
270000.0,,,2,14,12.0
,0.0,,2,14,6.0
,,,2,14,
,,,1,14,
,0.0,,1,14,17.0
,0.0,,2,14,12.0
400000.0,,,1,14,10.0
,,,2,14,10.0
140000.0,,,2,14,16.0
,0.0,,1,14,16.0
,0.0,,2,14,16.0
270000.0,,,2,14,9.0
,,,1,14,12.0
,0.0,,1,14,10.0
,0.0,,2,14,10.0
,0.0,,1,14,6.0
,80000.0,,1,14,16.0
,99.0,,1,14,15.0
270000.0,,,2,14,7.0
,,,1,14,12.0
,0.0,11091.0,1,14,10.0
270000.0,,,2,14,8.0
,,,2,14,15.0
,,11091.0,1,14,
275000.0,,,2,14,8.0
,,,2,14,
,0.0,,2,14,12.0
550000.0,,,1,14,12.0
,0.0,,1,14,12.0
,,,2,14,
,0.0,,2,14,2.0
720000.0,,,1,14,12.0
480000.0,,,2,14,12.0
40000.0,,,1,14,13.0
,,,1,14,
300000.0,,,1,14,12.0
,0.0,,2,14,14.0
,,,1,14,13.0
,,,2,14,13.0
,0.0,,1,14,12.0
400000.0,,,2,14,12.0
,,,1,14,
,,,2,14,
,,,2,14,
,0.0,,2,14,12.0
,0.0,,1,14,14.0
,0.0,,2,14,10.0
0.0,,,1,14,8.0
,700000.0,,1,14,12.0
,0.0,,2,14,12.0
99.0,,,2,14,17.0
,,,1,14,
,,,1,14,17.0
,0.0,,2,14,12.0
,0.0,,1,14,14.0
,0.0,,1,14,14.0
,0.0,11091.0,1,14,12.0
,,,1,14,12.0
,0.0,,2,14,13.0
270000.0,,,1,14,17.0
,,11091.0,1,14,
,0.0,,1,14,12.0
,0.0,,2,14,12.0
,,,2,14,17.0
,,,1,14,12.0
320000.0,,,2,14,17.0
300000.0,,,1,14,17.0
450000.0,,,1,14,12.0
,0.0,,2,14,12.0
,,11091.0,2,14,
300000.0,,,2,14,12.0
290000.0,,,1,14,14.0
150000.0,,,1,14,16.0
250000.0,,,1,14,15.0
100000.0,,,2,14,15.0
,,,2,14,12.0
,,,1,14,12.0
500000.0,,,1,14,15.0
200000.0,,,2,14,12.0
,,,1,14,
,,,1,14,
350000.0,,,2,14,12.0
320000.0,,,2,14,12.0
200000.0,,,2,14,12.0
200000.0,,,2,14,12.0
,0.0,,2,14,6.0
,0.0,,1,14,3.0
,0.0,,2,14,5.0
,,,1,14,12.0
240000.0,,,2,14,12.0
,,,1,14,12.0
,,,2,14,12.0
,,,1,14,13.0
700000.0,,,1,14,17.0
,,,2,14,12.0
12000.0,,,2,14,11.0
290000.0,,,1,14,14.0
280000.0,,,2,14,13.0
,0.0,,1,14,8.0
274000.0,,,2,14,12.0
370000.0,,,1,14,12.0
380000.0,,,2,14,15.0
40000.0,,,1,14,14.0
0.0,,,1,14,14.0
,0.0,,2,14,0.0
300000.0,,,2,14,17.0
200000.0,,,2,14,15.0
160000.0,,,1,14,15.0
,0.0,,2,14,10.0
,0.0,,1,14,11.0
200000.0,,,1,14,14.0
180000.0,,,2,14,15.0
500000.0,,,2,14,19.0
,0.0,,1,14,8.0
,0.0,,2,14,8.0
99.0,,,2,14,15.0
99.0,,,1,14,15.0
,30000.0,,1,14,14.0
,,,1,14,12.0
135000.0,,,1,14,12.0
,0.0,,1,14,9.0
,0.0,,1,14,15.0
,0.0,,2,14,10.0
230000.0,,,2,14,12.0
180000.0,,,2,14,14.0
70000.0,,,1,14,15.0
300000.0,,,1,14,15.0
,,,1,14,17.0
,,,2,14,17.0
335000.0,,,1,14,12.0
,0.0,,2,14,10.0
480000.0,,,2,14,12.0
,,,1,14,12.0
400000.0,,,2,14,15.0
,,,1,14,
,0.0,,2,14,6.0
250000.0,,,1,14,12.0
450000.0,,,1,14,12.0
350000.0,,,1,14,9.0
,0.0,,1,14,14.0
,0.0,,1,14,13.0
600000.0,,,1,14,12.0
99.0,,,2,14,12.0
300000.0,,,1,14,12.0
,,,2,14,15.0
,,,1,14,
150000.0,,,2,14,12.0
,0.0,,1,14,9.0
,,,2,14,
,0.0,,1,14,14.0
,0.0,,1,14,14.0
,0.0,,2,14,6.0
300000.0,,,1,14,15.0
,0.0,,2,14,12.0
,,,1,14,3.0
450000.0,,,1,14,17.0
,0.0,,1,14,15.0
,0.0,,2,14,10.0
,,,2,14,9.0
380000.0,,,1,14,12.0
380000.0,,,2,14,12.0
,0.0,,1,14,15.0
120000.0,,,2,14,14.0
400000.0,,,1,14,14.0
,,,1,14,
,0.0,,2,14,8.0
,0.0,,1,14,15.0
,140000.0,,2,14,12.0
0.0,,,2,14,12.0
,0.0,,2,14,12.0
,0.0,,2,14,10.0
,0.0,,1,14,12.0
,0.0,,1,14,10.0
,,,1,14,
,,,1,14,
270000.0,,,2,14,12.0
,,,1,14,
,,,1,14,
400000.0,,,1,14,10.0
,0.0,,2,14,8.0
,0.0,,1,14,18.0
,0.0,,2,14,13.0
,,11091.0,1,14,
,,,1,14,8.0
240000.0,,,1,14,8.0
,0.0,,1,14,6.0
,,,1,14,13.0
,0.0,,1,14,9.0
,0.0,,2,14,15.0
,0.0,,2,14,17.0
,0.0,,2,14,10.0
,0.0,,1,14,17.0
,0.0,,2,14,17.0
,0.0,,2,14,17.0
,0.0,,2,14,13.0
150000.0,,,1,14,10.0
,0.0,,2,14,8.0
,,,1,14,12.0
1000000.0,,,1,14,17.0
99.0,,,1,14,14.0
,99.0,,2,14,10.0
,99.0,,2,14,16.0
400000.0,,,1,14,17.0
270000.0,,,1,14,12.0
300000.0,,,2,14,12.0
,,,2,14,
500000.0,,,2,14,14.0
,,,1,14,12.0
,0.0,,1,14,11.0
,0.0,,1,14,9.0
,,,1,14,
630000.0,,,1,14,12.0
,0.0,,2,14,14.0
,,,1,14,
340000.0,,,1,14,12.0
,,,2,14,5.0
,,,1,14,1.0
,0.0,,2,14,5.0
,0.0,,1,14,17.0
,0.0,,1,14,16.0
,,,2,14,17.0
,,,1,14,13.0
,,,2,14,14.0
,,,2,14,
,0.0,,2,14,15.0
1000000.0,,,1,14,18.0
,0.0,,2,14,14.0
600000.0,,,2,14,18.0
,0.0,,2,14,17.0
,0.0,,2,14,17.0
1400000.0,,,1,14,16.0
,0.0,,2,14,16.0
,,,2,14,
,99.0,,1,14,17.0
,99.0,,2,14,17.0
,,,1,14,20.0
860000.0,,,2,14,16.0
,,,1,14,6.0
,0.0,,1,14,13.0
,,,1,14,6.0
,0.0,,1,14,17.0
,,,2,14,12.0
,0.0,,1,14,12.0
,0.0,,2,14,6.0
500000.0,,,1,14,17.0
350000.0,,,2,14,12.0
380000.0,,,1,14,12.0
300000.0,,,1,14,12.0
,0.0,,1,14,6.0
,,,1,14,17.0
,,,1,14,17.0
,0.0,,2,14,16.0
800000.0,,,1,14,15.0
,0.0,,2,14,6.0
300000.0,,,2,14,12.0
,0.0,,1,14,4.0
,0.0,,2,14,0.0
,,,1,14,
,,,2,14,
,,,2,14,
,,,1,14,
0.0,,,2,14,16.0
250000.0,,,2,14,16.0
99.0,,,2,14,14.0
1000000.0,,,1,14,17.0
1000000.0,,,2,14,17.0
,,,1,14,6.0
,0.0,,2,14,6.0
99.0,,,1,14,17.0
99.0,,,2,14,17.0
,,,2,14,
,,,2,14,6.0
,0.0,,1,14,4.0
400000.0,,,1,14,17.0
200000.0,,,2,14,16.0
,,,2,14,
,,,2,14,17.0
,,,1,14,16.0
,0.0,,1,14,16.0
600000.0,,,2,14,16.0
,0.0,,2,14,12.0
150000.0,,,1,14,17.0
,,,1,14,2.0
,0.0,,2,14,1.0
,0.0,,1,14,11.0
,0.0,,2,14,12.0
,,,1,14,
,,,2,14,
,0.0,,2,14,8.0
,0.0,,1,14,12.0
350000.0,,,1,14,3.0
,0.0,,2,14,12.0
,0.0,11091.0,1,14,9.0
,0.0,11091.0,1,14,9.0
600000.0,,,1,14,15.0
300000.0,,,2,14,13.0
,0.0,,1,14,10.0
,,,2,14,15.0
,0.0,,1,14,5.0
200000.0,,,1,14,11.0
,0.0,,2,14,17.0
,0.0,,1,14,12.0
,,,2,14,12.0
200000.0,,,1,14,13.0
600000.0,,,1,14,12.0
650000.0,,,1,14,12.0
,,,2,14,12.0
99.0,,,2,14,20.0
,0.0,,2,14,12.0
,0.0,,1,14,12.0
,,,1,14,15.0
400000.0,,,2,14,12.0
270000.0,,,2,14,12.0
,,,1,14,
,0.0,,1,14,1.0
,0.0,,2,14,1.0
350000.0,,,1,14,12.0
350000.0,,,1,14,12.0
,,,2,14,
,0.0,,2,14,13.0
,,,1,14,14.0
250000.0,,,2,14,14.0
,0.0,,2,14,13.0
,,,2,14,
,,,1,14,
800000.0,,,1,14,12.0
250000.0,,,2,14,12.0
,0.0,,2,14,10.0
,,,2,14,
600000.0,,,1,14,16.0
230000.0,,,2,14,15.0
600000.0,,,1,14,16.0
230000.0,,,1,14,15.0
230000.0,,,2,14,16.0
,0.0,,2,14,10.0
,0.0,,1,14,12.0
,0.0,,1,14,10.0
,0.0,,1,14,12.0
250000.0,,,1,14,11.0
,0.0,,2,14,12.0
,0.0,,2,14,16.0
,,,1,14,
500000.0,,,2,14,16.0
,0.0,,2,14,14.0
,0.0,,1,14,17.0
,0.0,,2,14,8.0
300000.0,,,2,14,17.0
,0.0,,2,14,17.0
,0.0,,1,14,12.0
,0.0,,2,14,11.0
560000.0,,,2,14,14.0
,,,1,14,12.0
,,,1,14,
,0.0,,2,14,12.0
,0.0,,1,14,12.0
,0.0,,2,14,17.0
,0.0,,2,14,17.0
,,,1,14,
250000.0,,,2,14,12.0
,0.0,,1,14,12.0
,0.0,,2,14,10.0
,,,1,14,
400000.0,,,1,14,15.0
322000.0,,,1,14,12.0
280000.0,,,1,14,5.0
,0.0,,2,14,4.0
,0.0,,1,14,12.0
1300000.0,,,1,14,17.0
1100000.0,,,2,14,17.0
,0.0,,2,14,12.0
270000.0,,,2,14,12.0
270000.0,,,1,14,17.0
,0.0,,1,14,13.0
600000.0,,,1,14,17.0
350000.0,,,2,14,14.0
,,,2,14,
,,,1,14,
1000000.0,,,2,14,17.0
,,,1,14,15.0
,,,2,14,16.0
,,,2,14,14.0
,0.0,,1,14,15.0
,0.0,,2,14,14.0
,0.0,,2,14,12.0
800000.0,,,1,14,17.0
600000.0,,,2,14,17.0
,0.0,,1,14,17.0
,0.0,,2,14,12.0
720000.0,,,1,14,17.0
,,,1,14,15.0
,0.0,,2,14,16.0
,0.0,,1,14,17.0
,0.0,,1,14,18.0
,0.0,,2,14,14.0
99.0,,,1,14,15.0
900000.0,,,1,14,12.0
0.0,,,2,14,12.0
350000.0,,,2,14,12.0
,,11091.0,1,14,
,,11091.0,2,14,
,,11091.0,2,14,
,,11091.0,2,14,
400000.0,,,1,14,12.0
,0.0,,2,14,12.0
,,,2,14,
600000.0,,,2,14,12.0
350000.0,,,1,14,16.0
,0.0,,2,14,14.0
1000000.0,,,1,14,17.0
,99.0,,2,14,15.0
,,,1,14,
,,,1,14,12.0
,0.0,,2,14,4.0
,0.0,,2,14,5.0
60000.0,,,2,14,14.0
,0.0,,2,14,4.0
,0.0,,1,14,10.0
,0.0,,2,14,11.0
,0.0,,2,14,8.0
270000.0,,,1,14,12.0
250000.0,,,2,14,10.0
,0.0,,1,14,10.0
,0.0,,2,14,17.0
,,,1,14,
,,,2,14,7.0
,,,1,14,4.0
270000.0,,,1,14,12.0
,0.0,,2,14,4.0
,0.0,,1,14,1.0
,,,1,14,5.0
,0.0,,2,14,12.0
500000.0,,,1,14,12.0
320000.0,,,2,14,12.0
,0.0,,2,14,12.0
275000.0,,,2,14,12.0
,0.0,,2,14,11.0
,0.0,,1,14,14.0
800000.0,,,1,14,17.0
300000.0,,,2,14,14.0
,0.0,,2,14,15.0
400000.0,,,1,14,12.0
60000.0,,,2,14,12.0
,,,1,14,
,,,1,14,
,0.0,,1,14,12.0
350000.0,,,1,14,12.0
,,,1,14,15.0
,0.0,,2,14,14.0
,,,1,14,
,,,1,14,12.0
,0.0,,2,14,12.0
500000.0,,,2,14,15.0
450000.0,,,1,14,12.0
,,,2,14,
300000.0,,,1,14,12.0
,,,2,14,12.0
,0.0,,2,14,9.0
,,,1,14,
,,,2,14,
300000.0,,,1,14,12.0
700000.0,,,2,14,14.0
,,,2,14,
,,,1,14,
,,,2,14,
,0.0,,2,14,9.0
,0.0,,2,14,12.0
415000.0,,,1,14,12.0
,,,1,14,12.0
99.0,,,2,14,17.0
,,,2,14,
250000.0,,,2,14,10.0
,0.0,,2,14,10.0
,0.0,,2,14,3.0
500000.0,,,2,14,14.0
,0.0,,1,14,13.0
,0.0,,2,14,6.0
,100000.0,,2,14,7.0
550000.0,,,1,14,15.0
0.0,,,2,14,13.0
,,,2,14,
,0.0,,2,14,15.0
,0.0,,1,14,12.0
,,,1,14,15.0
600000.0,,,1,14,14.0
200000.0,,,2,14,12.0
,0.0,,2,14,6.0
,,,2,14,
,,,2,14,
,0.0,,1,14,9.0
,0.0,,2,14,3.0
,0.0,,1,14,10.0
,0.0,,2,14,0.0
,0.0,,2,14,0.0
,0.0,,1,14,8.0
,,,1,14,14.0
,0.0,,2,14,12.0
309000.0,,,1,14,12.0
,,,1,14,
,0.0,,2,14,14.0
320000.0,,,2,14,12.0
270000.0,,,1,14,8.0
,0.0,,2,14,12.0
,,,1,14,
690000.0,,,2,14,15.0
700000.0,,,1,14,17.0
,,,1,14,
340000.0,,,1,14,4.0
,0.0,,2,14,3.0
340000.0,,,1,14,12.0
270000.0,,,2,14,12.0
400000.0,,,1,14,12.0
,0.0,,2,14,12.0
0.0,,,2,14,15.0
,0.0,,1,14,11.0
,0.0,,1,14,6.0
,0.0,,2,14,1.0
220000.0,,,2,14,12.0
,0.0,,2,14,12.0
,0.0,,2,14,6.0
,0.0,11091.0,1,14,6.0
,,,1,14,
200000.0,,,2,14,9.0
,0.0,,2,14,14.0
,,,2,14,
,,,1,14,
350000.0,,,1,14,10.0
320000.0,,,2,14,12.0
,0.0,,2,14,13.0
,,,2,14,
,,,2,14,
1300000.0,,,1,14,6.0
,0.0,,2,14,12.0
99.0,,,1,14,12.0
640000.0,,,2,14,17.0
,,,2,14,
300000.0,,,1,14,12.0
350000.0,,,2,14,15.0
,0.0,,2,14,9.0
,150000.0,,2,14,12.0
250000.0,,,1,14,12.0
500000.0,,,2,14,12.0
,,,1,14,
300000.0,,,1,14,9.0
250000.0,,,2,14,12.0
250000.0,,,2,14,17.0
,,,1,14,
,0.0,,2,14,14.0
350000.0,,,1,14,10.0
260000.0,,,2,14,8.0
240000.0,,,1,14,3.0
,0.0,,2,14,3.0
,0.0,,1,14,9.0
,0.0,,2,14,4.0
,0.0,,1,14,0.0
270000.0,,,1,14,8.0
,0.0,,2,14,8.0
,0.0,,2,14,12.0
220000.0,,,1,14,12.0
,0.0,,1,14,12.0
,0.0,,1,14,8.0
,,11091.0,2,14,
,,11091.0,1,14,
,,11091.0,1,14,
285000.0,,,2,14,12.0
,0.0,,1,14,12.0
,0.0,,2,14,4.0
,0.0,,2,14,5.0
,,,2,14,3.0
,0.0,,2,14,15.0
,0.0,,2,14,14.0
,,,1,14,
,,,1,14,
,0.0,,2,14,8.0
450000.0,,,1,14,12.0
,0.0,,2,14,10.0
,,,1,14,0.0
270000.0,,,1,14,4.0
,0.0,,1,14,3.0
,0.0,,2,14,4.0
,,,1,14,10.0
,0.0,,2,14,9.0
,,11091.0,1,14,
,,11091.0,2,14,
,,11091.0,1,14,
,0.0,,2,14,11.0
300000.0,,,1,14,9.0
,0.0,,1,14,4.0
,0.0,,2,14,1.0
,,,1,14,6.0
250000.0,,,1,14,6.0
,0.0,,2,14,7.0
,,,1,14,8.0
,0.0,,2,14,8.0
,0.0,,1,14,11.0
,0.0,,1,14,3.0
,0.0,,2,14,6.0
,,,1,14,17.0
1300000.0,,,2,14,17.0
,,,1,14,
,,,2,14,
,,,2,14,
,,,2,14,8.0
,0.0,,1,14,0.0
,,,1,14,8.0
0.0,,,2,14,15.0
,,,1,14,
,0.0,,2,14,18.0
,,,1,14,17.0
1300000.0,,,2,14,17.0
,,,1,14,
,,,2,14,
,,,2,14,
,0.0,,1,14,12.0
,0.0,,2,14,13.0
,,,1,14,
99.0,,,1,14,17.0
,0.0,,2,14,15.0
,0.0,,1,14,11.0
,,,1,14,
,,,1,14,
1400000.0,,,1,14,17.0
850000.0,,,2,14,17.0
,,,1,14,
,,,1,14,
,,,2,14,
350000.0,,,1,14,12.0
,0.0,,2,14,12.0
,,,1,14,5.0
,,,2,14,8.0
,,,1,14,8.0
,0.0,,2,14,5.0
,0.0,11091.0,2,14,9.0
,,,1,14,6.0
,0.0,,2,14,6.0
500000.0,,,1,14,13.0
,0.0,,2,14,12.0
220000.0,,,1,14,11.0
,,,1,14,
280000.0,,,1,14,11.0
,0.0,,2,14,8.0
,,11091.0,2,14,
280000.0,,,1,14,6.0
,0.0,,2,14,10.0
,0.0,11091.0,1,14,10.0
,,11091.0,1,14,
,0.0,,1,14,2.0
,0.0,,2,14,0.0
,0.0,,2,14,4.0
240000.0,,,2,14,12.0
,0.0,,2,14,12.0
99.0,,,1,14,8.0
,,11091.0,1,14,
,,,1,14,
,0.0,,1,14,12.0
,0.0,,2,14,12.0
250000.0,,,1,14,12.0
,0.0,,2,14,12.0
,,,1,14,
,,11091.0,2,14,
,0.0,,2,14,2.0
,0.0,,1,14,5.0
,,,1,14,8.0
,0.0,,1,14,17.0
500000.0,,,2,14,17.0
,0.0,,1,14,8.0
,0.0,,1,14,8.0
,0.0,,2,14,12.0
,,11091.0,1,14,
,,11091.0,1,14,
,0.0,,1,14,6.0
80000.0,,,2,14,6.0
,0.0,,1,14,11.0
,0.0,,2,14,6.0
350000.0,,,1,14,12.0
280000.0,,,2,14,12.0
280000.0,,,2,14,12.0
280000.0,,,1,14,12.0
,0.0,,1,14,6.0
,0.0,,2,14,5.0
,,,1,14,11.0
,,,1,14,11.0
,,,2,14,15.0
,,,1,14,13.0
,,,2,14,
,,,1,14,8.0
275000.0,,,2,14,9.0
,0.0,,1,14,16.0
270000.0,,,2,14,8.0
270000.0,,,1,14,8.0
270000.0,,,2,14,12.0
200000.0,,,2,14,12.0
,,,2,14,
,,,1,14,
,0.0,,2,14,8.0
,10000.0,,2,14,12.0
,,11091.0,2,14,
300000.0,,,1,14,6.0
,0.0,,2,14,6.0
320000.0,,,1,14,12.0
,0.0,,2,14,10.0
,0.0,11091.0,2,14,9.0
,,11091.0,1,14,
270000.0,,,1,14,6.0
,0.0,,2,14,6.0
270000.0,,,1,14,12.0
270000.0,,,1,14,12.0
,0.0,,2,14,9.0
,,11091.0,1,14,
,,11091.0,2,14,
230000.0,,,2,14,12.0
320000.0,,,1,14,8.0
,,11091.0,1,14,
,,11091.0,2,14,
,0.0,,2,14,0.0
,0.0,,1,14,6.0
250000.0,,,1,14,7.0
260000.0,,,2,14,3.0
348000.0,,,1,14,9.0
,,,1,14,
,0.0,,1,14,0.0
,0.0,,2,14,0.0
,270000.0,,1,14,12.0
270000.0,,,2,14,12.0
,,,1,14,
,,,1,14,12.0
300000.0,,,2,14,12.0
,0.0,,1,14,10.0
250000.0,,,2,14,8.0
,,,1,14,
250000.0,,,2,14,12.0
250000.0,,,1,14,12.0
,0.0,,2,14,12.0
170000.0,,,2,14,17.0
,,,1,14,
,,,1,14,8.0
,0.0,,2,14,4.0
,0.0,,2,14,12.0
600000.0,,,1,14,17.0
,0.0,,1,14,4.0
,,,1,14,12.0
,0.0,,2,14,8.0
,0.0,,2,14,15.0
,0.0,,2,14,14.0
,,,1,14,
,,,1,14,12.0
,0.0,,2,14,12.0
,0.0,,2,14,16.0
,,,1,14,
350000.0,,,1,14,12.0
450000.0,,,2,14,12.0
,,,1,14,
,,,2,14,8.0
50000.0,,,2,14,12.0
99.0,,,2,14,15.0
99.0,,,1,14,12.0
,0.0,,2,14,12.0
,0.0,,1,14,10.0
400000.0,,,1,14,12.0
240000.0,,,2,14,15.0
,0.0,,2,14,6.0
300000.0,,,2,14,12.0
,0.0,,2,14,10.0
800000.0,,,1,14,12.0
,0.0,,2,14,14.0
,,,2,14,
,,,2,14,
270000.0,,,1,14,8.0
,0.0,,2,14,8.0
,0.0,,1,14,12.0
,,,1,14,
,,,2,14,
,,,1,14,
250000.0,,,1,14,9.0
,0.0,,2,14,8.0
0.0,,,1,14,10.0
600000.0,,,2,14,14.0
,,,2,14,
,,,1,14,15.0
120000.0,,,2,14,17.0
,0.0,,1,14,14.0
,0.0,,2,14,17.0
,0.0,,1,14,15.0
,,,2,14,
,0.0,,1,14,1.0
,0.0,,2,14,4.0
,,,1,14,12.0
320000.0,,,2,14,12.0
160000.0,,,1,14,9.0
,,,1,14,
265000.0,,,1,14,2.0
,0.0,,2,14,8.0
250000.0,,,1,14,10.0
,,,1,14,12.0
,,,2,14,12.0
800000.0,,,1,14,17.0
1300000.0,,,1,14,17.0
400000.0,,,1,14,12.0
80000.0,,,2,14,8.0
400000.0,,,2,14,17.0
,0.0,,1,14,8.0
,,,2,14,8.0
,0.0,,1,14,12.0
,,,1,14,
275000.0,,,1,14,8.0
,0.0,,2,14,16.0
,,,2,14,
,,,1,14,
,,,2,14,
,0.0,,1,14,12.0
,0.0,,2,14,12.0
,,,1,14,12.0
,0.0,,2,14,3.0
,,,1,14,8.0
,0.0,,2,14,8.0
,,,2,14,12.0
,,11091.0,1,14,
,,11091.0,2,14,
,,,1,14,6.0
,0.0,,2,14,8.0
,0.0,,2,14,12.0
,,,1,14,
,,,1,14,
,,,1,14,8.0
250000.0,,,2,14,12.0
,0.0,,1,14,13.0
,,,2,14,
,,,2,14,
,,,1,14,8.0
,0.0,,2,14,3.0
150000.0,,,2,14,3.0
,0.0,,1,14,12.0
,0.0,,1,14,12.0
,0.0,,2,14,3.0
,,,2,14,
,,,1,14,8.0
,,,2,14,12.0
,0.0,,1,14,11.0
,0.0,,2,14,12.0
,0.0,,2,14,6.0
,,,1,14,4.0
,0.0,,1,14,11.0
,,,2,14,
,,,2,14,2.0
,,,1,14,4.0
130000.0,,,2,14,2.0
,,,1,14,19.0
,,,2,14,19.0
,,,1,14,
,0.0,,2,14,0.0
,0.0,,1,14,4.0
,0.0,,2,14,12.0
,,,2,14,
280000.0,,,1,14,12.0
,,,1,14,2.0
,0.0,,2,14,4.0
,,,1,14,8.0
300000.0,,,2,14,12.0
,,,1,14,6.0
,0.0,,2,14,8.0
,,11091.0,1,14,
,,11091.0,2,14,
,,,1,14,0.0
,0.0,,2,14,4.0
,,,2,14,15.0
,,,2,14,8.0
,,,1,14,12.0
,,11091.0,1,14,
,,,1,14,8.0
,,,1,14,3.0
,,,2,14,3.0
,,,1,14,8.0
,0.0,,2,14,11.0
,,11091.0,1,14,
,,11091.0,1,14,
,,11091.0,2,14,
,0.0,,2,14,17.0
,0.0,,1,14,3.0
,0.0,,2,14,0.0
,,,1,14,6.0
,,,1,14,8.0
,,11091.0,2,14,
,,11091.0,2,14,
,0.0,,2,14,12.0
,0.0,,1,14,9.0
,,,2,14,0.0
,,,1,14,12.0
,0.0,,2,14,6.0
,,11091.0,1,14,
,,11091.0,2,14,
400000.0,,,1,14,5.0
,0.0,,2,14,2.0
,,,1,14,
277000.0,,,1,14,12.0
277000.0,,,2,14,12.0
,,,1,14,
300000.0,,,2,14,16.0
,0.0,,1,14,4.0
,0.0,,2,14,4.0
,0.0,,1,14,15.0
,,,1,14,1.0
,,,2,14,5.0
,0.0,,2,14,0.0
280000.0,,,1,14,8.0
,0.0,,2,14,5.0
,,11091.0,1,14,
330000.0,,,1,14,12.0
,0.0,,2,14,10.0
,0.0,,1,14,12.0
,0.0,,2,14,8.0
,0.0,,1,14,1.0
,0.0,,2,14,1.0
500000.0,,,1,14,17.0
370000.0,,,2,14,9.0
,0.0,,1,14,14.0
,0.0,,2,14,12.0
250000.0,,,2,14,12.0
,0.0,,2,14,2.0
0.0,,,1,14,14.0
,0.0,,2,14,5.0
,,,1,14,5.0
,,,1,14,5.0
500000.0,,,1,14,8.0
300000.0,,,2,14,12.0
300000.0,,,1,14,12.0
300000.0,,,2,14,12.0
,0.0,,1,14,11.0
,0.0,,2,14,16.0
,0.0,,2,14,16.0
,,,1,14,4.0
,,,1,14,4.0
,,,1,14,8.0
,0.0,,2,14,0.0
,0.0,,2,14,13.0
,,11091.0,1,14,
,0.0,,1,14,5.0
,0.0,,2,14,8.0
,,,1,14,10.0
,0.0,,1,14,7.0
600000.0,,,1,14,17.0
300000.0,,,2,14,17.0
,,,2,14,
,0.0,,2,14,4.0
,0.0,,1,14,4.0
,,,1,14,4.0
,,,2,14,5.0
,0.0,,1,14,11.0
,,,1,14,5.0
,,,2,14,8.0
,,11091.0,2,14,
155000.0,,,2,14,8.0
,,,1,14,8.0
90000.0,,,2,14,12.0
,,,2,14,
,,,1,14,
,,,1,14,10.0
,0.0,,2,14,12.0
,0.0,,1,14,17.0
2000000.0,,,2,14,17.0
3000000.0,,,1,14,17.0
100000.0,,,1,14,12.0
150000.0,,,2,14,8.0
,0.0,,2,14,11.0
,0.0,,2,14,11.0
550000.0,,,1,14,10.0
,0.0,,2,14,12.0
,,11091.0,1,14,
,0.0,,2,14,0.0
,,,1,14,8.0
,0.0,,2,14,6.0
,,,2,14,6.0
0.0,,,2,14,12.0
0.0,,,1,14,15.0
0.0,,,2,14,12.0
0.0,,,1,14,10.0
,,,2,14,
,,,1,14,12.0
,,,2,14,8.0
,,,2,14,
,,,1,14,
,0.0,,2,14,12.0
,,,1,14,1.0
288000.0,,,2,14,1.0
288000.0,,,2,14,12.0
180000.0,,,1,14,12.0
,,,1,14,12.0
500000.0,,,1,14,12.0
,0.0,,2,14,12.0
125000.0,,,2,14,3.0
125000.0,,,2,14,14.0
500000.0,,,1,14,10.0
,,,2,14,11.0
480000.0,,,1,14,1.0
,0.0,,2,14,7.0
,0.0,,1,14,11.0
,0.0,,1,14,3.0
,0.0,,2,14,0.0
,0.0,,1,14,6.0
,0.0,,2,14,10.0
,,,1,14,4.0
,0.0,,2,14,3.0
250000.0,,,2,14,3.0
300000.0,,,1,14,9.0
,,,2,14,9.0
250000.0,,,1,14,12.0
,,11091.0,2,14,
,,11091.0,1,14,
,,,1,14,2.0
105000.0,,,2,14,4.0
270000.0,,,2,14,12.0
270000.0,,,2,14,11.0
,50000.0,,1,14,12.0
,,11091.0,1,14,
,,11091.0,1,14,
,,,2,14,6.0
,0.0,,1,14,1.0
,0.0,,2,14,1.0
900000.0,,,1,14,19.0
,,,2,14,12.0
,0.0,,2,14,13.0
,0.0,,2,14,9.0
,0.0,,1,14,12.0
99.0,,,2,14,12.0
,0.0,,2,14,12.0
,,,2,14,
,,,1,14,
,,,1,14,
,0.0,,2,14,4.0
500000.0,,,1,14,10.0
,0.0,,2,14,5.0
,,,2,14,
,,,1,14,8.0
,,,2,14,17.0
500000.0,,,1,14,17.0
270000.0,,,2,14,12.0
,0.0,,1,14,7.0
264000.0,,,2,14,5.0
,0.0,,2,14,11.0
,0.0,,1,14,12.0
,,11091.0,1,14,
,,11091.0,1,14,
380000.0,,,2,14,12.0
,,,1,14,10.0
,0.0,11091.0,2,14,9.0
,,11091.0,2,14,
,,11091.0,2,14,
,,,1,14,0.0
,,,1,14,10.0
250000.0,,,2,14,12.0
,,,2,14,
,0.0,,2,14,15.0
,0.0,,1,14,9.0
80000.0,,,2,14,12.0
,,,1,14,8.0
,0.0,,2,14,12.0
,,,1,14,8.0
,0.0,,2,14,12.0
,,11091.0,1,14,
,,11091.0,1,14,
,,11091.0,2,14,
300000.0,,,2,14,12.0
,0.0,,1,14,12.0
,0.0,,2,14,12.0
,0.0,,2,14,3.0
,,,1,14,10.0
,,,1,14,12.0
277000.0,,,2,14,8.0
277000.0,,,2,14,12.0
,0.0,,2,14,7.0
500000.0,,,2,14,12.0
,0.0,,2,14,15.0
,0.0,11091.0,2,14,10.0
550000.0,,,2,14,15.0
,,,1,14,12.0
,0.0,,2,14,16.0
,0.0,,2,14,14.0
800000.0,,,1,14,15.0
1200000.0,,,2,14,17.0
,0.0,,1,14,10.0
,,,1,14,12.0
,,,1,14,18.0
,0.0,,2,14,16.0
,,,1,14,
,,,1,14,
600000.0,,,2,14,17.0
250000.0,,,1,14,15.0
400000.0,,,1,14,15.0
,0.0,,1,14,1.0
270000.0,,,2,14,12.0
2000000.0,,,1,14,17.0
400000.0,,,2,14,17.0
,,,1,14,16.0
700000.0,,,2,14,16.0
,0.0,,2,14,15.0
6000000.0,,,1,14,18.0
,0.0,,2,14,17.0
,,,2,14,
,,,2,14,16.0
,,,1,14,19.0
,0.0,,2,14,17.0
,,,2,14,
,,,2,14,
3000000.0,,,1,14,17.0
1000000.0,,,2,14,16.0
,0.0,,2,14,9.0
,,,1,14,
,,,2,14,
2500000.0,,,1,14,17.0
2000000.0,,,2,14,17.0
,,,1,14,
,,,1,14,
400000.0,,,2,14,12.0
,,,1,14,16.0
700000.0,,,2,14,17.0
1000000.0,,,1,14,17.0
1000000.0,,,2,14,17.0
271000.0,,,1,14,12.0
,0.0,,2,14,12.0
340000.0,,,1,14,12.0
250000.0,,,2,14,12.0
,0.0,,1,14,16.0
,0.0,,2,14,9.0
,0.0,,1,14,17.0
,,,1,14,12.0
130000.0,,,1,14,5.0
,0.0,,2,14,7.0
,,,1,14,12.0
,0.0,,2,14,12.0
,0.0,,1,14,12.0
,0.0,,1,14,11.0
340000.0,,,1,14,4.0
630000.0,,,1,14,12.0
220000.0,,,2,14,11.0
,0.0,,2,14,11.0
,,,1,14,12.0
,0.0,,2,14,12.0
600000.0,,,2,14,15.0
400000.0,,,1,14,12.0
,,,2,14,
,,,1,14,8.0
,0.0,,2,14,5.0
,0.0,,1,14,0.0
290000.0,,,1,14,6.0
,,,1,14,6.0
,0.0,,2,14,6.0
,,,2,14,12.0
,,,1,14,15.0
300000.0,,,1,14,12.0
,0.0,,2,14,12.0
,,,2,14,
,,,1,14,9.0
,0.0,,2,14,11.0
,,,2,14,12.0
,,,1,14,
,0.0,,2,14,
350000.0,,,1,14,8.0
,0.0,,1,14,10.0
,,,1,14,6.0
,0.0,,2,14,2.0
,0.0,,1,14,19.0
,0.0,,1,14,16.0
,0.0,,2,14,9.0
,0.0,,2,14,6.0
,0.0,,1,14,0.0
,,,1,14,
,,,1,14,4.0
,,,2,14,5.0
,,,1,14,4.0
,0.0,,2,14,4.0
,,,1,14,11.0
,0.0,,2,14,12.0
,,11091.0,2,14,
,,,1,14,4.0
,,,1,14,3.0
,0.0,,2,14,3.0
,,,1,14,8.0
,,,1,14,6.0
,0.0,,2,14,6.0
,,,1,14,12.0
,0.0,11091.0,2,14,10.0
,,11091.0,1,14,
,0.0,,1,14,5.0
240000.0,,,1,14,5.0
120000.0,,,2,14,5.0
,0.0,,2,14,8.0
,0.0,,1,14,7.0
,,,2,14,10.0
,0.0,,2,14,5.0
440000.0,,,2,14,12.0
,,,1,14,
400000.0,,,2,14,17.0
400000.0,,,1,14,17.0
,,,1,14,8.0
,0.0,,2,14,9.0
240000.0,,,2,14,12.0
,0.0,,2,14,12.0
,,,2,14,11.0
150000.0,,,1,14,17.0
,,,1,14,
,0.0,,2,14,2.0
,0.0,,2,14,8.0
,0.0,,1,14,3.0
210000.0,,,2,14,4.0
360000.0,,,1,14,9.0
290000.0,,,2,14,9.0
,0.0,,2,14,11.0
400000.0,,,1,14,12.0
,0.0,,1,14,1.0
,110000.0,,2,14,12.0
250000.0,,,1,14,12.0
,,11091.0,1,14,
,,11091.0,1,14,
400000.0,,,1,14,12.0
,0.0,,2,14,12.0
,,,2,14,
,0.0,,2,14,12.0
300000.0,,,1,14,12.0
,0.0,,2,14,9.0
,,11091.0,2,14,
,,11091.0,2,14,
,,,1,14,8.0
,0.0,,2,14,0.0
300000.0,,,1,14,10.0
,0.0,,2,14,8.0
,,,2,14,
,,11091.0,2,14,
110000.0,,,2,14,3.0
,0.0,,1,14,6.0
,0.0,,2,14,5.0
,0.0,,2,14,9.0
,0.0,,2,14,4.0
270000.0,,,1,14,8.0
,0.0,,2,14,8.0
326000.0,,,2,14,6.0
300000.0,,,1,14,12.0
,,,1,14,12.0
,0.0,,2,14,15.0
,0.0,,2,14,14.0
,0.0,,1,14,4.0
,0.0,,2,14,6.0
,0.0,,2,14,0.0
,,,1,14,12.0
360000.0,,,1,14,10.0
280000.0,,,2,14,9.0
,99.0,,2,14,14.0
,,11091.0,1,14,
,,11091.0,1,14,
,,,1,14,12.0
,,,2,14,12.0
,,,2,14,
,,,1,14,8.0
270000.0,,,1,14,11.0
,0.0,,2,14,15.0
300000.0,,,1,14,12.0
99.0,,,2,14,9.0
300000.0,,,1,14,13.0
,0.0,,2,14,11.0
,0.0,,2,14,4.0
,0.0,,1,14,5.0
,0.0,,1,14,10.0
,0.0,11091.0,2,14,10.0
400000.0,,,1,14,12.0
,0.0,,2,14,10.0
,0.0,,2,14,14.0
,0.0,,2,14,3.0
250000.0,,,2,14,8.0
250000.0,,,1,14,10.0
,0.0,,1,14,8.0
,0.0,,2,14,10.0
,0.0,,1,14,2.0
,0.0,,2,14,2.0
,,,2,14,12.0
,0.0,,1,14,16.0
,0.0,,1,14,12.0
,0.0,,2,14,6.0
,0.0,,1,14,12.0
,,,2,14,16.0
250000.0,,,1,14,8.0
150000.0,,,2,14,2.0
,,,2,14,12.0
,0.0,,1,14,10.0
,,,1,14,15.0
,,,1,14,2.0
,,,2,14,5.0
800000.0,,,1,14,12.0
,0.0,,2,14,10.0
,,,1,14,
,,,1,14,
,,,1,14,
,0.0,,1,14,4.0
,0.0,,2,14,4.0
,,,1,14,9.0
500000.0,,,2,14,12.0
500000.0,,,2,14,15.0
,,,1,14,12.0
,0.0,,2,14,2.0
,0.0,,2,14,8.0
,0.0,,2,14,8.0
280000.0,,,1,14,5.0
,0.0,,1,14,3.0
,0.0,,2,14,4.0
,0.0,,1,14,6.0
,0.0,,2,14,7.0
,0.0,,1,14,4.0
,0.0,,2,14,8.0
,,11091.0,1,14,
270000.0,,,1,14,6.0
,0.0,,2,14,6.0
,,,1,14,12.0
,,,1,14,
,,,2,14,12.0
,,,1,14,
,,,1,14,
180000.0,,,2,14,13.0
,,,1,14,
,,,1,14,6.0
,,,1,14,12.0
,,,2,14,12.0
,0.0,,1,14,17.0
370000.0,,,1,14,5.0
99.0,,,1,14,12.0
99.0,,,2,14,12.0
250000.0,,,1,14,16.0
300000.0,,,1,14,8.0
600000.0,,,1,14,12.0
350000.0,,,1,14,10.0
540000.0,,,2,14,14.0
540000.0,,,1,14,10.0
,0.0,,1,14,11.0
,0.0,,1,14,9.0
,,,1,14,8.0
,0.0,,2,14,10.0
,0.0,,1,14,8.0
,,,2,14,12.0
550000.0,,,1,14,12.0
,,,1,14,
,0.0,,1,14,15.0
,,,1,14,
,0.0,,1,14,4.0
270000.0,,,2,14,11.0
99.0,,,1,14,12.0
,0.0,,2,14,3.0
,0.0,,1,14,6.0
270000.0,,,1,14,8.0
,,,2,14,9.0
99.0,,,1,14,11.0
,,,2,14,
,,,1,14,4.0
,0.0,,2,14,3.0
,0.0,,1,14,0.0
,,,1,14,10.0
,,,1,14,
,,,1,14,
,,,2,14,12.0
110000.0,,,2,14,0.0
600000.0,,,1,14,12.0
,0.0,,2,14,12.0
,0.0,,2,14,14.0
,0.0,,1,14,14.0
,0.0,,2,14,12.0
,,,2,14,
99.0,,,1,14,12.0
,0.0,,2,14,12.0
,,,2,14,
200000.0,,,1,14,12.0
,0.0,,2,14,6.0
,0.0,,1,14,12.0
,0.0,,2,14,12.0
,,,1,14,
,,,2,14,
365000.0,,,1,14,12.0
,0.0,,2,14,12.0
,,,2,14,
,,,1,14,
,0.0,,2,14,8.0
276000.0,,,1,14,12.0
276000.0,,,1,14,17.0
,,,1,14,
,,,2,14,8.0
300000.0,,,1,14,9.0
270000.0,,,2,14,9.0
,0.0,11091.0,2,14,11.0
,,11091.0,2,14,
130000.0,,,2,14,12.0
,,,2,14,10.0
,,,2,14,11.0
,,,2,14,
600000.0,,,1,14,12.0
450000.0,,,2,14,12.0
,0.0,,2,14,14.0
,,,2,14,
,0.0,,1,14,8.0
,0.0,,2,14,12.0
,0.0,,1,14,14.0
,,,2,14,
600000.0,,,1,14,17.0
600000.0,,,2,14,17.0
,,,1,14,
,0.0,,2,14,15.0
276000.0,,,1,14,12.0
,0.0,,1,14,8.0
,120000.0,,2,14,10.0
,0.0,,1,14,12.0
,0.0,,2,14,12.0
,0.0,,1,14,8.0
,0.0,,2,14,12.0
,0.0,,2,14,12.0
,0.0,,2,14,12.0
,,11091.0,2,14,
,,11091.0,1,14,
,,11091.0,1,14,
,600000.0,,1,14,11.0
,0.0,,2,14,8.0
,0.0,,1,14,11.0
110000.0,,,2,14,12.0
500000.0,,,1,14,5.0
,0.0,,2,14,12.0
,0.0,,1,14,13.0
,,,1,14,
,0.0,,2,14,6.0
,0.0,,1,14,12.0
400000.0,,,2,14,12.0
,,,1,14,
,0.0,,2,14,6.0
400000.0,,,2,14,12.0
,,,1,14,
,0.0,,1,14,4.0
,0.0,,2,14,8.0
,0.0,,1,14,12.0
,0.0,,1,14,10.0
,,,2,14,12.0
,0.0,,1,14,14.0
,,,1,14,
,,,2,14,
,0.0,,1,14,4.0
99.0,,,1,14,11.0
,0.0,,2,14,12.0
,0.0,,2,14,12.0
275000.0,,,2,14,12.0
,,,2,14,
,,,1,14,12.0
,0.0,,2,14,12.0
,0.0,,2,14,16.0
,0.0,,2,14,15.0
,0.0,,1,14,11.0
,,,2,14,
,,,1,14,
270000.0,,,1,14,8.0
110000.0,,,2,14,12.0
,0.0,,2,14,12.0
,0.0,,2,14,10.0
,,11091.0,1,14,
275000.0,,,1,14,8.0
110000.0,,,2,14,4.0
300000.0,,,2,14,8.0
600000.0,,,1,14,12.0
,0.0,11091.0,1,14,11.0
,0.0,,1,14,10.0
,0.0,,1,14,3.0
,0.0,,2,14,9.0
,0.0,,1,14,8.0
168000.0,,,2,14,10.0
,,11091.0,2,14,
,,11091.0,1,14,
,99.0,,1,14,3.0
,99.0,,2,14,7.0
400000.0,,,1,14,8.0
,0.0,,2,14,12.0
,,11091.0,2,14,
,,,1,14,10.0
,0.0,,2,14,10.0
400000.0,,,1,14,16.0
,,,1,14,
,,,2,14,8.0
,0.0,,1,14,11.0
270000.0,,,2,14,12.0
270000.0,,,1,14,12.0
,0.0,,2,14,12.0
,0.0,,1,14,5.0
,0.0,,2,14,11.0
,0.0,,2,14,13.0
,0.0,11091.0,1,14,11.0
,,,2,14,
,,11091.0,1,14,
99.0,,,1,14,15.0
,0.0,,2,14,13.0
,,,2,14,
,,,2,14,
,,,1,14,
,0.0,,2,14,5.0
190000.0,,,1,14,8.0
,0.0,,1,14,6.0
,0.0,,2,14,2.0
270000.0,,,2,14,9.0
,,,2,14,
270000.0,,,2,14,12.0
700000.0,,,1,14,17.0
,,,1,14,
,,,2,14,
300000.0,,,1,14,15.0
,0.0,,2,14,15.0
,,11091.0,2,14,
,,11091.0,2,14,
,0.0,,2,14,5.0
170000.0,,,2,14,8.0
278000.0,,,1,14,12.0
,0.0,,2,14,9.0
,0.0,,2,14,9.0
,0.0,,1,14,3.0
,0.0,,2,14,6.0
,0.0,,1,14,11.0
99.0,,,1,14,12.0
,0.0,,2,14,0.0
,0.0,,2,14,5.0
,,,1,14,
,,,1,14,0.0
,,,2,14,0.0
,,,2,14,
,,,2,14,
,0.0,,2,14,1.0
,0.0,,2,14,6.0
,0.0,,2,14,15.0
,0.0,,2,14,11.0
,,,1,14,12.0
,0.0,,2,14,9.0
,0.0,,1,14,11.0
,0.0,,2,14,14.0
,,,1,14,11.0
,,,1,14,
,,,1,14,
,,,2,14,6.0
,,,2,14,0.0
,,,1,14,12.0
400000.0,,,1,14,12.0
,0.0,,2,14,8.0
,0.0,,1,14,10.0
,,,1,14,
,,,1,14,
,0.0,,1,14,4.0
,0.0,,2,14,6.0
350000.0,,,1,14,8.0
,0.0,,2,14,15.0
,0.0,11091.0,2,14,10.0
,,11091.0,2,14,
,,11091.0,2,14,
,,,2,14,7.0
,0.0,,1,14,4.0
,0.0,,2,14,4.0
,0.0,,2,14,3.0
275000.0,,,1,14,9.0
276000.0,,,1,14,5.0
276000.0,,,1,14,8.0
,0.0,,2,14,5.0
,0.0,,1,14,16.0
,,,2,14,
,,,1,14,2.0
,0.0,,1,14,4.0
,0.0,,2,14,4.0
,0.0,,1,14,6.0
,0.0,,1,14,5.0
,0.0,,2,14,2.0
,,,2,14,12.0
,,,1,14,8.0
,0.0,,2,14,9.0
,,,1,14,
,0.0,,2,14,5.0
,0.0,,1,14,2.0
,,,1,14,8.0
,0.0,,2,14,8.0
270000.0,,,2,14,11.0
450000.0,,,2,14,3.0
240000.0,,,1,14,8.0
,0.0,,2,14,4.0
,0.0,,2,14,2.0
300000.0,,,2,14,12.0
,0.0,,2,14,15.0
0.0,,,1,14,14.0
,,,2,14,
1200000.0,,,2,14,17.0
,,,1,14,
292000.0,,,1,14,11.0
,0.0,,2,14,12.0
,,,1,14,12.0
500000.0,,,1,14,12.0
550000.0,,,2,14,15.0
,0.0,,2,14,9.0
,,,1,14,
,0.0,,1,14,8.0
,,,1,14,10.0
,0.0,,1,14,8.0
,,,2,14,10.0
,0.0,,1,14,4.0
,0.0,,2,14,7.0
,0.0,,2,14,13.0
,0.0,,2,14,10.0
,,,1,14,
,0.0,,2,14,18.0
,0.0,,2,14,10.0
99.0,,,2,14,17.0
200000.0,,,1,14,12.0
270000.0,,,1,14,12.0
,0.0,,2,14,12.0
,0.0,,2,14,10.0
,,,1,14,8.0
150000.0,,,1,14,6.0
,0.0,,2,14,7.0
,0.0,,2,14,1.0
200000.0,,,1,14,12.0
270000.0,,,2,14,12.0
200000.0,,,1,14,9.0
,,,2,14,
,0.0,,2,14,8.0
250000.0,,,1,14,8.0
,0.0,,2,14,12.0
250000.0,,,2,14,12.0
,,,2,14,
,,,1,14,
400000.0,,,1,14,12.0
1700000.0,,,1,14,17.0
,,,2,14,15.0
450000.0,,,1,14,12.0
320000.0,,,2,14,12.0
,0.0,,2,14,6.0
,0.0,,1,14,3.0
,0.0,,1,14,11.0
,,,2,14,
,,,2,14,12.0
170000.0,,,2,14,12.0
550000.0,,,1,14,15.0
,,,1,14,
,,,1,14,
,0.0,,2,14,12.0
700000.0,,,1,14,17.0
,0.0,,2,14,12.0
600000.0,,,2,14,16.0
48000.0,,,2,14,15.0
400000.0,,,1,14,12.0
,0.0,,2,14,12.0
,,,1,14,
,0.0,,2,14,12.0
270000.0,,,2,14,15.0
270000.0,,,2,14,15.0
270000.0,,,1,14,12.0
,,,2,14,
,0.0,,1,14,12.0
,0.0,,2,14,12.0
400000.0,,,1,14,12.0
,0.0,,2,14,12.0
,,,2,14,
,,,1,14,
,0.0,,2,14,8.0
,0.0,,2,14,12.0
,,,1,14,8.0
,,,1,14,
,,,1,14,12.0
300000.0,,,2,14,12.0
834000.0,,,2,14,17.0
,0.0,,2,14,10.0
,,,1,14,
,,,2,14,
,0.0,,2,14,6.0
270000.0,,,1,14,9.0
,0.0,,1,14,8.0
300000.0,,,1,14,8.0
,185000.0,,2,14,12.0
,,,1,14,
270000.0,,,1,14,3.0
,0.0,,1,14,3.0
99.0,,,1,14,9.0
,0.0,,2,14,3.0
,0.0,,1,14,12.0
,0.0,,1,14,0.0
,0.0,,2,14,1.0
500000.0,,,1,14,8.0
,,,2,14,12.0
,,,2,14,
,0.0,,1,14,8.0
,0.0,,2,14,8.0
450000.0,,,1,14,8.0
,,,1,14,10.0
,0.0,,2,14,5.0
,0.0,,1,14,15.0
20000.0,,,1,14,8.0
,,,2,14,14.0
,,11091.0,1,14,
,0.0,,2,14,0.0
400000.0,,,1,14,10.0
,0.0,,2,14,12.0
,,,1,14,
,0.0,,2,14,1.0
,0.0,,1,14,10.0
,0.0,,2,14,5.0
190000.0,,,2,14,12.0
270000.0,,,1,14,12.0
270000.0,,,1,14,8.0
,0.0,,2,14,6.0
,0.0,,2,14,14.0
,,,1,14,
,,,1,14,4.0
,0.0,,2,14,1.0
800000.0,,,1,14,17.0
250000.0,,,2,14,8.0
215000.0,,,2,14,12.0
140000.0,,,2,14,14.0
,,11091.0,2,14,
270000.0,,,1,14,10.0
,0.0,,1,14,6.0
,,,1,14,3.0
270000.0,,,1,14,0.0
,0.0,,2,14,8.0
100000.0,,,1,14,12.0
,0.0,,1,14,6.0
,0.0,,2,14,5.0
,0.0,,1,14,15.0
900000.0,,,1,14,17.0
,,,2,14,14.0
,,,2,14,
,,,1,14,
,,,2,14,14.0
,,,2,14,8.0
,0.0,,2,14,0.0
,0.0,,2,14,0.0
,0.0,,2,14,4.0
0.0,,,1,14,8.0
,0.0,,2,14,10.0
,,,2,14,8.0
,,,1,14,8.0
,0.0,,2,14,14.0
,,,1,14,
,,,1,14,15.0
,,,2,14,15.0
,,,1,14,
,,,2,14,
,,,2,14,
380000.0,,,1,14,6.0
,0.0,,2,14,7.0
380000.0,,,1,14,8.0
1000000.0,,,1,14,14.0
,0.0,,2,14,13.0
,0.0,,2,14,12.0
,,,1,14,
,0.0,,1,14,6.0
,0.0,,2,14,12.0
,,,1,14,6.0
,0.0,,2,14,6.0
,0.0,,1,14,4.0
,0.0,,2,14,4.0
150000.0,,,1,14,8.0
,0.0,,2,14,12.0
,0.0,,1,14,13.0
,,11091.0,2,14,
,0.0,,1,14,12.0
,0.0,,2,14,12.0
,0.0,,2,14,16.0
99.0,,,1,14,11.0
,,,1,14,8.0
,0.0,,2,14,12.0
,0.0,,1,14,14.0
,,,2,14,
,0.0,,2,14,0.0
,0.0,,1,14,3.0
,0.0,,2,14,3.0
,,,1,14,8.0
,0.0,,1,14,12.0
,0.0,,1,14,6.0
,0.0,,2,14,6.0
265000.0,,,2,14,12.0
290000.0,,,2,14,12.0
,,,2,14,
,,,1,14,
,0.0,,2,14,3.0
,,,1,14,10.0
,0.0,,2,14,12.0
,,,2,14,
400000.0,,,1,14,9.0
,0.0,,2,14,12.0
300000.0,,,2,14,12.0
,,,1,14,
,,,1,14,
450000.0,,,1,14,12.0
,0.0,,2,14,12.0
,,,1,14,
270000.0,,,1,14,8.0
,0.0,,2,14,8.0
270000.0,,,2,14,14.0
,0.0,11091.0,1,14,12.0
,,,2,14,
330000.0,,,1,14,12.0
320000.0,,,2,14,6.0
,0.0,,1,14,16.0
270000.0,,,2,14,12.0
,0.0,,2,14,8.0
,0.0,,2,14,12.0
,0.0,,1,14,13.0
,,,2,14,
,,,1,14,
230000.0,,,1,14,6.0
,0.0,,2,14,12.0
,,,2,14,
,0.0,,2,14,4.0
,,,1,14,10.0
380000.0,,,1,14,8.0
100000.0,,,2,14,8.0
,0.0,,1,14,9.0
,,,1,14,
,,,1,14,
,,,1,14,
,,,2,14,12.0
,,,1,14,12.0
,0.0,,2,14,3.0
,,,1,14,3.0
,0.0,,2,14,3.0
,0.0,,2,14,
,,,2,14,12.0
,,,1,14,12.0
,,,1,14,
,,,1,14,
500000.0,,,1,14,12.0
,0.0,,2,14,12.0
,,,1,14,
500000.0,,,1,14,12.0
350000.0,,,2,14,15.0
,0.0,,2,14,12.0
,,,2,14,
550000.0,,,1,14,12.0
,0.0,,2,14,12.0
,,,1,14,
,,,2,14,
,,,1,14,12.0
,0.0,,2,14,12.0
320000.0,,,2,14,12.0
400000.0,,,2,14,11.0
,0.0,,2,14,3.0
,,,1,14,16.0
,0.0,,2,14,12.0
,0.0,,1,14,13.0
,0.0,,1,14,15.0
,0.0,,1,14,18.0
,0.0,,2,14,12.0
,,,1,14,
,0.0,,1,14,8.0
99.0,,,2,14,6.0
,400000.0,,1,14,10.0
,,,1,14,12.0
128000.0,,,2,14,13.0
128000.0,,,2,14,11.0
500000.0,,,1,14,12.0
,0.0,,2,14,12.0
,,,1,14,
450000.0,,,1,14,14.0
,0.0,,2,14,7.0
,0.0,,1,14,14.0
,,,2,14,
,,,2,14,
,,,2,14,
,0.0,,2,14,8.0
,,,1,14,10.0
,0.0,,1,14,15.0
430000.0,,,1,14,10.0
,0.0,,2,14,10.0
,0.0,,2,14,14.0
,0.0,,2,14,8.0
,0.0,,2,14,2.0
,0.0,,1,14,6.0
,0.0,,2,14,12.0
,,,1,14,
,,,2,14,
,,,2,14,
,,,1,14,10.0
,0.0,,2,14,10.0
,0.0,,1,14,13.0
,,,1,14,
,0.0,,1,14,6.0
,0.0,,2,14,3.0
,0.0,,1,14,12.0
,0.0,,1,14,6.0
,0.0,,2,14,6.0
,0.0,,1,14,3.0
,0.0,,2,14,3.0
,0.0,,1,14,6.0
250000.0,,,1,14,6.0
250000.0,,,2,14,11.0
,,,1,14,8.0
,0.0,,2,14,11.0
99.0,,,2,14,12.0
,,,1,14,
,,11091.0,2,14,
,,11091.0,2,14,
,0.0,,2,14,6.0
,,,1,14,2.0
,0.0,,2,14,14.0
,0.0,,2,14,11.0
,,,2,14,
,,,1,14,
,,,1,14,
,0.0,,1,14,7.0
,0.0,,2,14,0.0
,,,1,14,8.0
,0.0,,2,14,10.0
,0.0,,2,14,11.0
,,,2,14,
,,,1,14,
,0.0,,2,14,3.0
,0.0,,1,14,2.0
,0.0,,2,14,2.0
,,,1,14,8.0
,0.0,,2,14,0.0
,0.0,,2,14,0.0
,0.0,,2,14,3.0
,0.0,,2,14,3.0
,0.0,,1,14,6.0
,0.0,,2,14,3.0
260000.0,,,1,14,10.0
,0.0,,2,14,12.0
,0.0,,1,14,6.0
,0.0,,2,14,4.0
,0.0,,1,14,8.0
280000.0,,,1,14,12.0
,0.0,,1,14,14.0
337000.0,,,1,14,12.0
240000.0,,,2,14,9.0
,,,2,14,
,,,2,14,
,,,1,14,9.0
,,,2,14,8.0
,,,1,14,10.0
250000.0,,,2,14,10.0
,,,2,14,
,0.0,,1,14,4.0
,0.0,,2,14,6.0
280000.0,,,1,14,12.0
,,,1,14,6.0
,,,2,14,12.0
418000.0,,,1,14,6.0
,0.0,,2,14,6.0
270000.0,,,1,14,8.0
420000.0,,,1,14,12.0
,0.0,,2,14,12.0
,,,1,14,
,,,2,14,
,,,1,14,8.0
120000.0,,,2,14,10.0
,0.0,,2,14,0.0
376000.0,,,1,14,12.0
,0.0,,2,14,12.0
,,,1,14,
,0.0,,1,14,12.0
,,,2,14,8.0
120000.0,,,2,14,12.0
,0.0,,1,14,12.0
600000.0,,,1,14,12.0
145000.0,,,2,14,12.0
,0.0,,1,14,12.0
,0.0,,2,14,10.0
400000.0,,,2,14,12.0
,0.0,,1,14,12.0
370000.0,,,2,14,12.0
,0.0,,1,14,11.0
,0.0,,1,14,15.0
,0.0,,2,14,2.0
,,,2,14,8.0
450000.0,,,1,14,12.0
,,,2,14,11.0
,0.0,,1,14,13.0
,0.0,,1,14,8.0
,30000.0,,2,14,8.0
,0.0,,1,14,3.0
400000.0,,,1,14,12.0
,0.0,,2,14,12.0
,0.0,,2,14,2.0
,,,2,14,
,,11091.0,2,14,
,0.0,,2,14,7.0
285000.0,,,1,14,12.0
,,,2,14,
380000.0,,,1,14,10.0
503000.0,,,2,14,15.0
,,11091.0,2,14,
,0.0,,2,14,12.0
450000.0,,,1,14,8.0
,,11091.0,1,14,
,,11091.0,1,14,
380000.0,,,1,14,12.0
350000.0,,,2,14,12.0
,,11091.0,2,14,
,,11091.0,1,14,
,,11091.0,1,14,
270000.0,,,2,14,11.0
,0.0,,2,14,16.0
275000.0,,,1,14,9.0
,0.0,,1,14,3.0
,0.0,,2,14,3.0
180000.0,,,2,14,8.0
,,11091.0,2,14,
,,11091.0,1,14,
,0.0,,2,14,4.0
,,11091.0,2,14,
,,11091.0,2,14,
,0.0,,2,14,12.0
,,11091.0,1,14,
,,,2,14,12.0
,,,2,14,12.0
,0.0,,2,14,12.0
,0.0,,2,14,13.0
,0.0,11091.0,1,14,10.0
,0.0,,2,14,9.0
270000.0,,,1,14,12.0
,,11091.0,1,14,
,,11091.0,1,14,
,0.0,,1,14,6.0
,0.0,,2,14,5.0
,0.0,,2,14,12.0
,0.0,,2,14,12.0
270000.0,,,1,14,12.0
,,,1,14,
,480000.0,,2,14,6.0
,0.0,,1,14,0.0
,0.0,,2,14,0.0
99.0,,,1,14,8.0
300000.0,,,1,14,8.0
,0.0,,2,14,0.0
,0.0,,1,14,11.0
264000.0,,,2,14,12.0
,,,1,14,
,,,1,14,
,,,1,14,
,,,1,14,17.0
,,,1,14,13.0
,0.0,,2,14,13.0
,0.0,11091.0,2,14,8.0
,,11091.0,1,14,
,,11091.0,1,14,
195000.0,,,2,14,12.0
750000.0,,,1,14,10.0
600000.0,,,1,14,12.0
,,,1,14,
,0.0,,2,14,12.0
700000.0,,,2,14,
,0.0,,1,14,9.0
,0.0,,2,14,8.0
,0.0,,1,14,12.0
276000.0,,,1,14,12.0
,0.0,,1,14,16.0
,0.0,,2,14,0.0
,,,1,14,6.0
,0.0,,2,14,2.0
2000000.0,,,1,14,
1000000.0,,,2,14,
,0.0,,2,14,
,0.0,,2,14,12.0
,,,2,14,19.0
1600000.0,,,1,14,19.0
,0.0,,2,14,2.0
,,,1,14,6.0
,0.0,,2,14,5.0
270000.0,,,1,14,8.0
270000.0,,,2,14,8.0
,,,2,14,
,,,2,14,
,,,1,14,
,0.0,,2,14,4.0
,0.0,,1,14,3.0
270000.0,,,1,14,4.0
270000.0,,,1,14,12.0
,,,1,14,10.0
,,,2,14,11.0
,0.0,11091.0,1,14,12.0
,,11091.0,2,14,
,,,1,14,
,0.0,,1,14,13.0
280000.0,,,2,14,12.0
,,,1,14,
,0.0,,2,14,4.0
,0.0,,1,14,3.0
,0.0,,1,14,8.0
,,,2,14,12.0
450000.0,,,1,14,12.0
,0.0,,2,14,12.0
,,11091.0,2,14,
,0.0,,2,14,10.0
,0.0,,2,14,15.0
,,,1,14,10.0
,,11091.0,2,14,
,0.0,,1,14,2.0
,0.0,,1,14,4.0
,,,2,14,8.0
,0.0,,2,14,12.0
,,,1,14,
450000.0,,,1,14,12.0
650000.0,,,2,14,6.0
,0.0,,2,14,12.0
,0.0,,1,14,17.0
600000.0,,,2,14,17.0
,,11091.0,1,14,
270000.0,,,1,14,12.0
270000.0,,,2,14,12.0
,0.0,11091.0,2,14,10.0
,,11091.0,2,14,
,,,1,14,12.0
,0.0,,2,14,12.0
,,11091.0,2,14,
,,11091.0,1,14,
300000.0,,,1,14,6.0
300000.0,,,2,14,3.0
,,,1,14,
,0.0,,1,14,3.0
,0.0,,2,14,3.0
2000000.0,,,1,14,17.0
,,,1,14,12.0
,0.0,,2,14,8.0
,,11091.0,1,14,
160000.0,,,2,14,6.0
,0.0,,2,14,11.0
280000.0,,,1,14,12.0
,0.0,,2,14,10.0
,,11091.0,1,14,
,,,2,14,3.0
,,,1,14,8.0
276000.0,,,1,14,12.0
,0.0,,2,14,11.0
,,11091.0,2,14,
,,,1,14,
270000.0,,,1,14,7.0
,0.0,,2,14,8.0
,0.0,,2,14,12.0
,,11091.0,2,14,
,0.0,,1,14,10.0
,0.0,,2,14,4.0
,,,1,14,10.0
,0.0,,2,14,8.0
,0.0,,1,14,5.0
,,11091.0,1,14,
,,,2,14,
,,,1,14,8.0
,0.0,,2,14,3.0
,0.0,,1,14,0.0
,,,2,14,12.0
,,,1,14,12.0
,,11091.0,1,14,
,,11091.0,2,14,
,0.0,,1,14,4.0
,,,2,14,4.0
,0.0,,1,14,12.0
370000.0,,,2,14,15.0
,,11091.0,1,14,
,,11091.0,1,14,
,,11091.0,2,14,
,,11091.0,2,14,
,0.0,,2,14,8.0
,,,1,14,8.0
,0.0,,1,14,2.0
,0.0,,2,14,0.0
270000.0,,,1,14,6.0
,0.0,,2,14,0.0
280000.0,,,1,14,5.0
,0.0,,2,14,8.0
,0.0,,2,14,3.0
,,,1,14,15.0
,0.0,,2,14,3.0
,0.0,,2,14,3.0
,,,1,14,15.0
,0.0,,2,14,3.0
,0.0,,1,14,4.0
,0.0,,2,14,6.0
,,,2,14,12.0
,,,2,14,12.0
,,11091.0,1,14,
,,,1,14,11.0
,,11091.0,1,14,
,99.0,,2,14,12.0
,0.0,,1,14,0.0
,,,1,14,3.0
,,,1,14,12.0
,0.0,,2,14,12.0
,0.0,,2,14,12.0
,,11091.0,1,14,
,0.0,,2,14,1.0
180000.0,,,2,14,8.0
,0.0,,2,14,7.0
,0.0,,1,14,12.0
,,,2,14,
270000.0,,,1,14,5.0
,0.0,,1,14,0.0
,,,1,14,8.0
,0.0,,1,14,3.0
,0.0,,2,14,1.0
260000.0,,,2,14,12.0
280000.0,,,1,14,14.0
277000.0,,,1,14,13.0
,0.0,,2,14,10.0
,,,2,14,
,,,2,14,
,,,1,14,12.0
,0.0,,2,14,8.0
,0.0,11091.0,1,14,10.0
,,11091.0,2,14,
612000.0,,,1,14,11.0
315000.0,,,1,14,4.0
,0.0,,2,14,4.0
270000.0,,,1,14,13.0
,,,2,14,
276000.0,,,1,14,11.0
,0.0,,2,14,12.0
270000.0,,,1,14,10.0
300000.0,,,2,14,12.0
,0.0,,2,14,16.0
,0.0,11091.0,1,14,10.0
,,11091.0,2,14,
,0.0,,2,14,13.0
,,,1,14,12.0
,0.0,,2,14,12.0
180000.0,,,2,14,8.0
200000.0,,,2,14,12.0
270000.0,,,2,14,12.0
,,11091.0,1,14,
99.0,,,1,14,3.0
,,,2,14,12.0
,,,2,14,14.0
260000.0,,,2,14,12.0
,0.0,,1,14,8.0
,,11091.0,2,14,
,,11091.0,2,14,
,0.0,,2,14,12.0
500000.0,,,1,14,8.0
,0.0,,2,14,9.0
260000.0,,,2,14,12.0
,0.0,,2,14,10.0
130000.0,,,2,14,16.0
380000.0,,,2,14,15.0
,,,1,14,
234000.0,,,1,14,7.0
,0.0,,1,14,10.0
,,,1,14,8.0
,,,2,14,11.0
,0.0,,1,14,12.0
,,11091.0,2,14,
,,11091.0,1,14,
,,,1,14,7.0
,0.0,,2,14,3.0
,0.0,,1,14,9.0
,,,1,14,12.0
,,,1,14,7.0
,,,2,14,3.0
277000.0,,,2,14,12.0
320000.0,,,1,14,10.0
,,,1,14,8.0
320000.0,,,1,14,12.0
,,,2,14,10.0
400000.0,,,1,14,12.0
330000.0,,,1,14,6.0
,0.0,,2,14,8.0
,0.0,11091.0,1,14,12.0
,,11091.0,2,14,
570000.0,,,1,14,8.0
,0.0,,2,14,12.0
430000.0,,,1,14,14.0
,,,1,14,
,0.0,,1,14,1.0
99.0,,,2,14,2.0
260000.0,,,1,14,14.0
,0.0,,1,14,12.0
,0.0,,2,14,10.0
325000.0,,,1,14,16.0
,,,1,14,
270000.0,,,1,14,9.0
,0.0,,2,14,14.0
,0.0,,2,14,12.0
,0.0,,2,14,10.0
270000.0,,,1,14,9.0
,,,2,14,9.0
350000.0,,,1,14,9.0
,0.0,,1,14,8.0
,0.0,,2,14,1.0
,,,1,14,7.0
,,,2,14,3.0
277000.0,,,2,14,12.0
290000.0,,,1,14,12.0
,0.0,,2,14,12.0
,0.0,,1,14,16.0
,,,1,14,
,,,2,14,
,0.0,,1,14,6.0
,0.0,,2,14,4.0
,0.0,,1,14,8.0
270000.0,,,1,14,8.0
,0.0,,2,14,5.0
200000.0,,,2,14,15.0
,,11091.0,1,14,
,0.0,,2,14,8.0
,0.0,,1,14,11.0
,,11091.0,1,14,
,,11091.0,2,14,
,,,1,14,9.0
,0.0,,2,14,8.0
,,,1,14,
276000.0,,,1,14,8.0
30000.0,,,2,14,2.0
,,11091.0,1,14,
,,11091.0,1,14,
,0.0,,2,14,0.0
,0.0,,1,14,12.0
,0.0,,2,14,8.0
270000.0,,,1,14,6.0
270000.0,,,2,14,8.0
,99.0,,1,14,12.0
,99.0,,2,14,12.0
,99.0,,2,14,15.0
,99.0,,2,14,15.0
,,,1,14,
270000.0,,,2,14,8.0
400000.0,,,1,14,12.0
,,,1,14,
270000.0,,,1,14,9.0
,0.0,,2,14,8.0
,0.0,,2,14,13.0
300000.0,,,1,14,3.0
,0.0,,2,14,10.0
270000.0,,,1,14,10.0
,,,1,14,
240000.0,,,1,14,4.0
,0.0,,2,14,1.0
0.0,,,1,14,7.0
,0.0,,1,14,10.0
,,,2,14,12.0
,0.0,,1,14,12.0
,,,1,14,6.0
294000.0,,,2,14,7.0
,,11091.0,2,14,
,,11091.0,1,14,
275000.0,,,1,14,8.0
,0.0,,2,14,7.0
,0.0,,1,14,13.0
,,,1,14,11.0
,0.0,,2,14,5.0
,0.0,,2,14,12.0
,0.0,11091.0,2,14,10.0
,,,2,14,
320000.0,,,1,14,12.0
,0.0,,2,14,12.0
,0.0,,1,14,6.0
270000.0,,,2,14,8.0
,0.0,,1,14,1.0
,0.0,,1,14,8.0
,0.0,,2,14,7.0
,0.0,,2,14,0.0
,0.0,,1,14,12.0
200000.0,,,1,14,0.0
,0.0,,2,14,0.0
,,,1,14,8.0
,0.0,,2,14,9.0
350000.0,,,2,14,12.0
,,,2,14,
,,,1,14,6.0
,0.0,,2,14,3.0
,0.0,,2,14,12.0
,,,1,14,4.0
,,,1,14,12.0
,0.0,,2,14,10.0
,0.0,,2,14,8.0
90000.0,,,1,14,4.0
457000.0,,,1,14,17.0
390000.0,,,2,14,17.0
,0.0,,1,14,17.0
,,,1,14,3.0
,0.0,,2,14,8.0
400000.0,,,1,14,14.0
,0.0,,2,14,14.0
,,11091.0,1,14,
,,11091.0,1,14,
,,,1,14,0.0
,0.0,,2,14,5.0
,0.0,,2,14,14.0
350000.0,,,1,14,12.0
,,,1,14,4.0
320000.0,,,1,14,9.0
,0.0,,2,14,9.0
,,11091.0,2,14,
,,11091.0,2,14,
,,11091.0,1,14,
,0.0,,1,14,4.0
,0.0,,2,14,3.0
,,,1,14,9.0
,0.0,,2,14,8.0
,,11091.0,2,14,
,0.0,,2,14,0.0
273000.0,,,2,14,15.0
,0.0,,2,14,14.0
,0.0,,1,14,13.0
,,,2,14,
,,,1,14,9.0
,,,2,14,9.0
,0.0,,2,14,3.0
,0.0,,2,14,2.0
276000.0,,,2,14,12.0
,0.0,,2,14,10.0
,,,1,14,
,0.0,,1,14,11.0
,0.0,,2,14,8.0
600000.0,,,1,14,17.0
270000.0,,,1,14,12.0
,0.0,,2,14,12.0
270000.0,,,1,14,12.0
,0.0,,2,14,10.0
,,,1,14,
,,,1,14,
,,,2,14,
270000.0,,,2,14,9.0
,,,1,14,
,,,1,14,
300000.0,,,1,14,5.0
,0.0,,2,14,5.0
270000.0,,,1,14,12.0
450000.0,,,1,14,12.0
270000.0,,,1,14,12.0
270000.0,,,1,14,7.0
,,,1,14,10.0
,0.0,,2,14,3.0
130000.0,,,2,14,8.0
,0.0,,1,14,3.0
200000.0,,,1,14,8.0
600000.0,,,1,14,11.0
350000.0,,,1,14,12.0
,0.0,,2,14,3.0
450000.0,,,1,14,3.0
,0.0,,2,14,6.0
,0.0,,2,14,12.0
,,,1,14,
,,,2,14,
,0.0,,2,14,12.0
,0.0,,1,14,10.0
,,,1,14,12.0
200000.0,,,2,14,7.0
,0.0,,2,14,15.0
,0.0,,2,14,4.0
300000.0,,,1,14,8.0
450000.0,,,2,14,14.0
500000.0,,,2,14,12.0
500000.0,,,1,14,12.0
,,,1,14,
,,,2,14,
,,,1,14,14.0
600000.0,,,2,14,17.0
,0.0,,1,14,16.0
,0.0,,2,14,14.0
,0.0,,2,14,12.0
,0.0,,2,14,12.0
112000.0,,,2,14,10.0
270000.0,,,1,14,12.0
,,,2,14,
,0.0,,2,14,1.0
500000.0,,,2,14,12.0
,0.0,,1,14,17.0
,0.0,,2,14,17.0
,0.0,,1,14,10.0
600000.0,,,1,14,12.0
,0.0,,2,14,8.0
,,,1,14,15.0
,,,1,14,
,0.0,,2,14,0.0
200000.0,,,1,14,2.0
,0.0,,1,14,0.0
,0.0,,2,14,0.0
,0.0,,2,14,0.0
120000.0,,,2,14,8.0
280000.0,,,1,14,8.0
,,,1,14,13.0
,,,2,14,12.0
350000.0,,,1,14,13.0
900000.0,,,1,14,17.0
,0.0,,2,14,16.0
,0.0,,1,14,11.0
,0.0,,1,14,13.0
,,,1,14,
,,,1,14,8.0
,0.0,,1,14,12.0
,,,2,14,12.0
200000.0,,,1,14,12.0
,0.0,,1,14,16.0
,,,1,14,15.0
360000.0,,,1,14,6.0
,0.0,,2,14,5.0
,,,1,14,13.0
,0.0,,2,14,12.0
,0.0,,1,14,14.0
300000.0,,,2,14,17.0
,0.0,,1,14,16.0
,0.0,,2,14,6.0
400000.0,,,1,14,12.0
180000.0,,,2,14,12.0
500000.0,,,2,14,17.0
475000.0,,,1,14,12.0
,0.0,,2,14,12.0
,,,2,14,
,,,2,14,
,,,1,14,
,,,2,14,
1200000.0,,,1,14,17.0
,0.0,,2,14,12.0
600000.0,,,2,14,17.0
,,,1,14,
,,,1,14,13.0
,,,2,14,12.0
,,,1,14,12.0
,,,2,14,12.0
,0.0,,2,14,18.0
,0.0,,1,14,10.0
,0.0,,1,14,8.0
266000.0,,,2,14,8.0
,,,2,14,
,,,1,14,
,0.0,,1,14,12.0
400000.0,,,2,14,12.0
600000.0,,,1,14,12.0
400000.0,,,1,14,12.0
,0.0,,2,14,15.0
,,,2,14,
,,,1,14,21.0
390000.0,,,1,14,12.0
120000.0,,,2,14,12.0
,0.0,,2,14,17.0
,,,2,14,
,0.0,,2,14,13.0
,0.0,,2,14,8.0
,,,2,14,12.0
450000.0,,,2,14,12.0
200000.0,,,1,14,15.0
370000.0,,,1,14,12.0
265000.0,,,1,14,2.0
,0.0,,2,14,11.0
,,11091.0,1,14,
,,11091.0,1,14,
,,11091.0,1,14,
,0.0,,1,14,0.0
,0.0,,2,14,12.0
,0.0,,2,14,7.0
,0.0,,2,14,4.0
240000.0,,,1,14,12.0
240000.0,,,1,14,4.0
2100000.0,,,1,14,17.0
,,,2,14,17.0
,,,1,14,6.0
,0.0,,2,14,0.0
,0.0,,1,14,10.0
750000.0,,,1,14,12.0
320000.0,,,2,14,12.0
,,,2,14,
,,,2,14,
400000.0,,,1,14,6.0
,0.0,,2,14,6.0
300000.0,,,1,14,6.0
,0.0,,2,14,12.0
,,11091.0,2,14,
,,11091.0,2,14,
400000.0,,,1,14,8.0
,0.0,,2,14,7.0
150000.0,,,2,14,6.0
0.0,,,1,14,3.0
,,11091.0,1,14,
,,,2,14,
,,,2,14,
260000.0,,,1,14,8.0
,0.0,,2,14,7.0
,0.0,,2,14,12.0
,,11091.0,1,14,
,,11091.0,1,14,
,0.0,,2,14,3.0
,0.0,,2,14,3.0
900000.0,,,1,14,15.0
,0.0,,2,14,16.0
,,,1,14,
270000.0,,,1,14,2.0
,0.0,,2,14,6.0
,,,1,14,
,0.0,,2,14,0.0
,,,1,14,2.0
370000.0,,,1,14,11.0
740000.0,,,1,14,17.0
130000.0,,,2,14,13.0
,,,2,14,
800000.0,,,1,14,17.0
,0.0,,2,14,15.0
,,,2,14,
,0.0,,1,14,0.0
,0.0,,2,14,0.0
,0.0,,2,14,6.0
270000.0,,,1,14,3.0
,0.0,,2,14,3.0
,,,1,14,6.0
270000.0,,,1,14,6.0
,0.0,,2,14,6.0
,0.0,11091.0,2,14,11.0
,0.0,11091.0,1,14,10.0
,0.0,,2,14,0.0
,,,1,14,6.0
,,,1,14,8.0
,0.0,,2,14,7.0
,,11091.0,2,14,
,,11091.0,2,14,
,0.0,,2,14,1.0
,0.0,,2,14,5.0
,,,1,14,8.0
110000.0,,,2,14,6.0
,0.0,11091.0,2,14,12.0
,0.0,11091.0,1,14,10.0
,,11091.0,1,14,
,0.0,,2,14,8.0
,,,1,14,3.0
,,,1,14,3.0
,0.0,,2,14,6.0
,0.0,,1,14,6.0
,0.0,,2,14,6.0
,80000.0,,1,14,8.0
,0.0,,2,14,11.0
,0.0,11091.0,1,14,8.0
,,11091.0,2,14,
,,,1,14,6.0
,0.0,,2,14,12.0
,0.0,11091.0,2,14,9.0
,,11091.0,1,14,
,,11091.0,2,14,
,,11091.0,1,14,
,,,1,14,8.0
,0.0,,2,14,10.0
,20000.0,,1,14,6.0
,0.0,,1,14,2.0
,0.0,,2,14,5.0
,100000.0,,1,14,3.0
,0.0,,2,14,3.0
450000.0,,,1,14,12.0
,0.0,,1,14,0.0
,0.0,,2,14,2.0
,0.0,,2,14,3.0
,,,1,14,12.0
,0.0,,2,14,1.0
,0.0,,1,14,6.0
,0.0,,2,14,9.0
,0.0,,1,14,10.0
,0.0,,2,14,6.0
0.0,,,1,14,10.0
0.0,,,2,14,12.0
,,,1,14,4.0
,0.0,,2,14,9.0
800000.0,,,2,14,17.0
,,,1,14,8.0
,0.0,,2,14,12.0
0.0,,,2,14,12.0
,,,2,14,
,,,2,14,
,,,2,14,12.0
,0.0,,1,14,11.0
,,,1,14,12.0
,0.0,,2,14,9.0
530000.0,,,1,14,13.0
,0.0,,2,14,11.0
,,,1,14,12.0
,0.0,,1,14,10.0
,,,1,14,
,0.0,,1,14,17.0
,0.0,,2,14,6.0
,,,2,14,
,0.0,,1,14,8.0
,0.0,,2,14,13.0
,,,2,14,
,0.0,,1,14,2.0
400000.0,,,1,14,8.0
,0.0,,2,14,12.0
,0.0,,1,14,12.0
480000.0,,,2,14,14.0
,0.0,,2,14,2.0
,,,2,14,4.0
,0.0,,2,14,12.0
900000.0,,,2,14,17.0
600000.0,,,2,14,17.0
,0.0,,1,14,3.0
,0.0,,2,14,11.0
300000.0,,,2,14,15.0
310000.0,,,2,14,10.0
400000.0,,,1,14,11.0
,,,1,14,
,,,1,14,
450000.0,,,1,14,5.0
,0.0,,2,14,3.0
,,,2,14,
,,,2,14,
150000.0,,,2,14,8.0
,0.0,,1,14,13.0
,0.0,,1,14,15.0
1000000.0,,,1,14,16.0
510000.0,,,2,14,18.0
,,,2,14,
,,,2,14,
,0.0,,2,14,10.0
,250000.0,,1,14,12.0
256000.0,,,1,14,15.0
,0.0,,2,14,0.0
400000.0,,,2,14,12.0
400000.0,,,1,14,11.0
,0.0,,1,14,1.0
,,,2,14,
,,,2,14,
,0.0,,1,14,3.0
,0.0,,2,14,8.0
,,,1,14,10.0
,0.0,,1,14,15.0
720000.0,,,1,14,17.0
,,,1,14,
,0.0,,1,14,6.0
,0.0,,2,14,6.0
,0.0,,1,14,12.0
,,,1,14,12.0
,0.0,,2,14,12.0
,,,2,14,
,0.0,,1,14,6.0
,0.0,,2,14,3.0
256000.0,,,2,14,12.0
,0.0,,2,14,8.0
900000.0,,,1,14,13.0
,0.0,,2,14,12.0
,,,2,14,
,,,2,14,
450000.0,,,1,14,12.0
274000.0,,,2,14,12.0
274000.0,,,1,14,17.0
133000.0,,,2,14,8.0
0.0,,,1,14,15.0
70000.0,,,2,14,13.0
,0.0,,2,14,9.0
,0.0,,1,14,10.0
270000.0,,,1,14,12.0
,0.0,,2,14,11.0
150000.0,,,1,14,0.0
,0.0,,1,14,0.0
,0.0,,1,14,15.0
250000.0,,,1,14,12.0
,0.0,,1,14,10.0
,0.0,,2,14,10.0
500000.0,,,1,14,8.0
,0.0,,2,14,6.0
0.0,,,2,14,4.0
0.0,,,1,14,11.0
,0.0,,1,14,4.0
,0.0,,2,14,4.0
256000.0,,,1,14,9.0
,0.0,,2,14,12.0
350000.0,,,1,14,17.0
,0.0,,2,14,12.0
,0.0,,2,14,15.0
600000.0,,,1,14,8.0
140000.0,,,2,14,12.0
300000.0,,,2,14,15.0
66000.0,,,1,14,13.0
256000.0,,,2,14,8.0
,0.0,,1,14,12.0
,0.0,,1,14,10.0
,60000.0,,1,14,12.0
,0.0,,2,14,0.0
256000.0,,,1,14,0.0
,80000.0,,2,14,10.0
,,,2,14,
,,,2,14,
230000.0,,,1,14,8.0
,0.0,,1,14,0.0
,0.0,,2,14,0.0
,,,2,14,12.0
,0.0,,2,14,12.0
,,,2,14,
,,,1,14,
,,,1,14,
300000.0,,,1,14,12.0
,0.0,,2,14,12.0
,,,2,14,
,,,1,14,
256000.0,,,1,14,6.0
256000.0,,,2,14,6.0
,0.0,,2,14,12.0
,,,2,14,
350000.0,,,2,14,12.0
600000.0,,,1,14,12.0
,,,2,14,
,,,1,14,
257000.0,,,2,14,12.0
,,,1,14,6.0
,0.0,,2,14,15.0
,0.0,,2,14,14.0
,0.0,,1,14,11.0
,,,1,14,
99.0,,,1,14,12.0
256000.0,,,2,14,12.0
,0.0,,2,14,10.0
,,,2,14,
,,,1,14,
256000.0,,,1,14,8.0
,0.0,,2,14,0.0
0.0,,,1,14,8.0
400000.0,,,2,14,6.0
,,,2,14,
600000.0,,,1,14,12.0
300000.0,,,2,14,12.0
,,,2,14,
,,,1,14,
,,,2,14,
30000.0,,,1,14,8.0
,0.0,,2,14,1.0
176000.0,,,2,14,8.0
,0.0,,2,14,12.0
,,,1,14,
,0.0,,1,14,1.0
,0.0,,2,14,1.0
280000.0,,,2,14,14.0
270000.0,,,1,14,12.0
,0.0,,1,14,14.0
,0.0,,2,14,11.0
,,,2,14,
,,,1,14,2.0
,,,2,14,4.0
,0.0,,2,14,1.0
,0.0,,2,14,8.0
,0.0,,1,14,12.0
,0.0,,1,14,4.0
,0.0,,2,14,3.0
,15000.0,,1,14,12.0
,0.0,,2,14,15.0
,,,1,14,
,,,1,14,
,0.0,,1,14,2.0
,0.0,,2,14,2.0
300000.0,,,1,14,11.0
250000.0,,,2,14,12.0
,,,2,14,
400000.0,,,1,14,12.0
300000.0,,,2,14,8.0
,,,2,14,
275000.0,,,2,14,12.0
275000.0,,,2,14,12.0
99.0,,,2,14,12.0
,,,2,14,
,0.0,,2,14,8.0
250000.0,,,1,14,7.0
250000.0,,,2,14,9.0
,0.0,,2,14,12.0
300000.0,,,2,14,0.0
250000.0,,,1,14,12.0
,0.0,,1,14,7.0
,0.0,,2,14,5.0
200000.0,,,1,14,10.0
,0.0,,2,14,6.0
,,,1,14,12.0
,0.0,,1,14,8.0
,,,1,14,
300000.0,,,1,14,6.0
,0.0,,2,14,7.0
250000.0,,,2,14,12.0
,0.0,,2,14,12.0
290000.0,,,1,14,12.0
,0.0,,2,14,12.0
,0.0,,1,14,11.0
270000.0,,,1,14,8.0
,0.0,,2,14,10.0
,0.0,,1,14,4.0
275000.0,,,2,14,4.0
,0.0,,1,14,3.0
250000.0,,,1,14,12.0
,0.0,,2,14,7.0
,,,2,14,
,,,1,14,
,0.0,,2,14,6.0
,,,1,14,4.0
,0.0,,2,14,4.0
,0.0,,2,14,6.0
,0.0,,1,14,0.0
,0.0,,2,14,2.0
,0.0,,2,14,0.0
,,,1,14,4.0
,0.0,,1,14,0.0
,0.0,,2,14,10.0
,342000.0,,1,14,8.0
,0.0,,2,14,6.0
,0.0,,2,14,11.0
,0.0,,2,14,10.0
,0.0,,2,14,3.0
200000.0,,,2,14,12.0
,,,2,14,
,,,2,14,14.0
900000.0,,,2,14,17.0
530000.0,,,2,14,17.0
,320000.0,,1,14,12.0
,,,1,14,
350000.0,,,1,14,12.0
,0.0,,2,14,12.0
,0.0,,1,14,8.0
270000.0,,,2,14,8.0
350000.0,,,1,14,12.0
,0.0,,2,14,12.0
,,,1,14,
,,,2,14,
,,,2,14,
550000.0,,,1,14,6.0
900000.0,,,2,14,16.0
,0.0,,1,14,14.0
,,,1,14,12.0
,0.0,,2,14,10.0
,,,1,14,
,0.0,,1,14,8.0
,0.0,,2,14,5.0
270000.0,,,1,14,12.0
1000000.0,,,1,14,17.0
2000000.0,,,2,14,17.0
,,,2,14,
,,,1,14,
,,,1,14,
,,,2,14,9.0
400000.0,,,1,14,13.0
270000.0,,,2,14,12.0
,0.0,,2,14,12.0
,0.0,,2,14,15.0
,,,1,14,
,0.0,,1,14,16.0
450000.0,,,2,14,14.0
350000.0,,,1,14,15.0
950000.0,,,1,14,15.0
1000000.0,,,2,14,17.0
99.0,,,1,14,13.0
,0.0,,1,14,0.0
300000.0,,,1,14,12.0
,0.0,,2,14,12.0
,,,2,14,
,,,2,14,
,0.0,,2,14,12.0
1000000.0,,,1,14,12.0
,0.0,,2,14,12.0
,,,2,14,
,,,2,14,
90000.0,,,2,14,6.0
360000.0,,,1,14,12.0
200000.0,,,1,14,6.0
,0.0,,2,14,6.0
,,,1,14,
270000.0,,,2,14,8.0
160000.0,,,2,14,10.0
,,,2,14,
285000.0,,,1,14,8.0
99.0,,,2,14,12.0
99.0,,,2,14,12.0
0.0,,,1,14,12.0
550000.0,,,1,14,12.0
,0.0,,2,14,12.0
,0.0,,2,14,9.0
,,,1,14,
,,,2,14,
260000.0,,,2,14,12.0
300000.0,,,1,14,10.0
,0.0,,1,14,12.0
,0.0,,2,14,12.0
,,,1,14,
,,,2,14,
420000.0,,,1,14,10.0
80000.0,,,2,14,6.0
0.0,,,2,14,13.0
,0.0,,2,14,2.0
,,,1,14,10.0
,0.0,,2,14,10.0
,0.0,11091.0,1,14,9.0
,,11091.0,2,14,
,,,1,14,6.0
,0.0,,2,14,10.0
,0.0,,1,14,16.0
,0.0,,1,14,15.0
256000.0,,,1,14,10.0
,0.0,,2,14,12.0
,,,1,14,
,0.0,,1,14,12.0
,0.0,,2,14,12.0
,,,2,14,
,0.0,,1,14,6.0
,0.0,,2,14,0.0
,0.0,,2,14,6.0
,0.0,,1,14,1.0
,0.0,,2,14,12.0
,0.0,,2,14,2.0
,0.0,,2,14,1.0
,,,1,14,5.0
,,,2,14,8.0
,0.0,,2,14,10.0
120000.0,,,2,14,12.0
,,,1,14,
400000.0,,,1,14,12.0
0.0,,,2,14,12.0
,,11091.0,2,14,
,0.0,,2,14,11.0
,,,1,14,8.0
,0.0,,2,14,8.0
,0.0,,1,14,9.0
,,,2,14,
,,,1,14,
,,,1,14,8.0
,0.0,,2,14,6.0
,,,1,14,8.0
,,,2,14,8.0
,0.0,,1,14,9.0
,,,2,14,
,,,1,14,
,,,1,14,8.0
256000.0,,,2,14,8.0
,,,2,14,
,0.0,,1,14,11.0
900000.0,,,1,14,15.0
,0.0,,2,14,9.0
,0.0,,2,14,12.0
,,,2,14,
,,,2,14,
,,,1,14,6.0
294000.0,,,2,14,8.0
,,,2,14,
,0.0,,1,14,2.0
,0.0,,2,14,8.0
,0.0,,2,14,13.0
,0.0,,2,14,12.0
,,,1,14,8.0
,0.0,,2,14,5.0
,,,1,14,8.0
,,,1,14,
,,,1,14,12.0
,0.0,,2,14,6.0
,,,1,14,12.0
50000.0,,,2,14,8.0
,,,2,14,
,,,1,14,
,,,1,14,
260000.0,,,1,14,6.0
,0.0,,2,14,7.0
,0.0,,2,14,3.0
,,,1,14,8.0
,0.0,,2,14,8.0
,0.0,,1,14,14.0
,0.0,,1,14,1.0
,0.0,,2,14,9.0
94000.0,,,1,14,8.0
,0.0,,2,14,0.0
0.0,,,1,14,10.0
,,11091.0,1,14,
800000.0,,,1,14,12.0
,0.0,,1,14,6.0
,0.0,,2,14,0.0
,,,1,14,8.0
,99.0,,2,14,10.0
,0.0,,2,14,0.0
,0.0,,1,14,0.0
,0.0,,1,14,8.0
,0.0,,2,14,6.0
,0.0,,2,14,6.0
400000.0,,,2,14,6.0
400000.0,,,2,14,11.0
,,,1,14,
,,,2,14,
,0.0,,2,14,6.0
,0.0,,1,14,6.0
276000.0,,,1,14,8.0
,0.0,,2,14,6.0
99.0,,,1,14,14.0
,0.0,,1,14,12.0
,,,2,14,
,0.0,,2,14,0.0
,,,1,14,6.0
,0.0,,1,14,16.0
,0.0,,2,14,3.0
,0.0,,2,14,10.0
,0.0,,2,14,2.0
,0.0,,1,14,2.0
,,,1,14,0.0
,0.0,,1,14,0.0
,0.0,,2,14,5.0
0.0,,,1,14,3.0
0.0,,,1,14,11.0
,,,2,14,
,0.0,,1,14,6.0
,0.0,,2,14,6.0
,0.0,,1,14,4.0
,0.0,,2,14,8.0
,0.0,,2,14,0.0
,,,1,14,10.0
,0.0,,2,14,11.0
,0.0,,2,14,13.0
,,,1,14,
,,,2,14,
,0.0,,2,14,2.0
,0.0,,1,14,0.0
,0.0,,2,14,10.0
,,,1,14,12.0
,0.0,,2,14,13.0
,,,2,14,16.0
,0.0,,2,14,14.0
,0.0,,2,14,17.0
,,,1,14,
,,,2,14,
,,,1,14,
,0.0,,2,14,8.0
,,,1,14,
,,,2,14,
,,,1,14,6.0
,0.0,,2,14,3.0
,,,1,14,12.0
,0.0,,1,14,6.0
,0.0,,2,14,6.0
99.0,,,1,14,17.0
99.0,,,1,14,8.0
,0.0,,2,14,10.0
,0.0,,1,14,12.0
,0.0,,2,14,17.0
,0.0,,1,14,10.0
,0.0,,2,14,10.0
180000.0,,,2,14,11.0
100000.0,,,2,14,14.0
,,,2,14,
,,,1,14,
,,,1,14,12.0
,,,2,14,10.0
,0.0,,1,14,3.0
,0.0,,1,14,12.0
330000.0,,,2,14,12.0
,0.0,,1,14,13.0
350000.0,,,1,14,8.0
,0.0,,2,14,8.0
,0.0,,2,14,14.0
,,,2,14,
,,,2,14,
,,,1,14,
,,,1,14,12.0
,0.0,,2,14,10.0
,,,1,14,
,,,1,14,
,,,2,14,
,,,2,14,10.0
,,,1,14,15.0
160000.0,,,2,14,12.0
380000.0,,,1,14,12.0
,0.0,,2,14,14.0
,,,2,14,
,0.0,,2,14,2.0
99.0,,,1,14,6.0
,0.0,,2,14,4.0
,0.0,,1,14,5.0
250000.0,,,2,14,12.0
250000.0,,,1,14,10.0
250000.0,,,1,14,8.0
,,,1,14,
,0.0,,2,14,12.0
,0.0,,1,14,12.0
0.0,,,2,14,5.0
,,,2,14,
276000.0,,,1,14,12.0
430000.0,,,1,14,15.0
250000.0,,,2,14,15.0
600000.0,,,1,14,8.0
150000.0,,,2,14,10.0
,0.0,,2,14,17.0
1100000.0,,,1,14,12.0
,0.0,,2,14,12.0
,,,1,14,
,,,1,14,
450000.0,,,1,14,12.0
,99.0,,1,14,
250000.0,,,2,14,12.0
,99.0,,1,14,12.0
,99.0,,1,14,12.0
,99.0,,1,14,12.0
,99.0,,1,14,10.0
,99.0,,2,14,12.0
,,,2,14,
400000.0,,,2,14,12.0
,,,2,14,
,,,2,14,
,0.0,,1,14,6.0
,0.0,,2,14,6.0
300000.0,,,2,14,12.0
,,,1,14,
,0.0,,1,14,4.0
,0.0,,2,14,5.0
,,,1,14,10.0
,0.0,,2,14,12.0
,0.0,,2,14,12.0
,,,2,14,
,0.0,,2,14,6.0
,0.0,,1,14,12.0
,0.0,,1,14,7.0
280000.0,,,1,14,8.0
,0.0,,2,14,7.0
,0.0,,1,14,8.0
400000.0,,,1,14,12.0
,0.0,,2,14,12.0
,0.0,,1,14,15.0
,,,1,14,12.0
,,,2,14,10.0
,,,1,14,12.0
,0.0,,2,14,8.0
,,,2,14,
,,,1,14,
,,,1,14,
,,,1,14,12.0
,,,2,14,12.0
270000.0,,,1,14,8.0
600000.0,,,1,14,12.0
100000.0,,,2,14,8.0
1500000.0,,,1,14,17.0
,,,2,14,14.0
,0.0,,2,14,4.0
270000.0,,,1,14,8.0
270000.0,,,1,14,8.0
270000.0,,,1,14,9.0
136000.0,,,2,14,8.0
270000.0,,,1,14,6.0
,0.0,,2,14,8.0
138000.0,,,1,14,4.0
300000.0,,,1,14,8.0
180000.0,,,2,14,8.0
,0.0,,2,14,12.0
,,,1,14,4.0
,,,2,14,6.0
280000.0,,,1,14,11.0
500000.0,,,1,14,12.0
,0.0,,2,14,14.0
,0.0,,2,14,8.0
,,,1,14,
,,,2,14,
,0.0,,2,14,12.0
270000.0,,,1,14,12.0
,,,2,14,
,0.0,,2,14,12.0
350000.0,,,2,14,17.0
1800000.0,,,1,14,12.0
,,,1,14,12.0
,,,2,14,12.0
,0.0,,1,14,12.0
,,,2,14,
450000.0,,,1,14,9.0
0.0,,,2,14,12.0
0.0,,11091.0,1,14,10.0
,,11091.0,2,14,
,,11091.0,1,14,
150000.0,,,1,14,8.0
,0.0,,2,14,6.0
99.0,,11091.0,2,14,13.0
,0.0,,2,14,9.0
,,,1,14,12.0
,0.0,,2,14,12.0
,,,2,14,
,,,2,14,
,,,2,14,
,0.0,,1,14,18.0
,0.0,,2,14,18.0
,0.0,,1,14,15.0
,,,1,14,12.0
,0.0,,2,14,6.0
400000.0,,,2,14,16.0
,,,1,14,
0.0,,,1,14,13.0
,0.0,,1,14,2.0
,,,1,14,8.0
,0.0,,2,14,8.0
260000.0,,,1,14,4.0
,0.0,,1,14,0.0
,0.0,,2,14,0.0
,,,1,14,17.0
,0.0,,2,14,17.0
,0.0,,2,14,13.0
,,,2,14,
,,,1,14,
,0.0,,2,14,12.0
1000000.0,,,1,14,12.0
,0.0,,2,14,15.0
400000.0,,,1,14,16.0
,,,1,14,
,,,2,14,
500000.0,,,1,14,10.0
,0.0,,2,14,10.0
,0.0,,2,14,9.0
,,,2,14,
,0.0,,1,14,4.0
,0.0,,2,14,7.0
280000.0,,,1,14,13.0
250000.0,,,2,14,13.0
,0.0,,1,14,12.0
,,,2,14,
315000.0,,,1,14,8.0
300000.0,,,2,14,8.0
,,,1,14,
,,,1,14,
,0.0,,2,14,5.0
,0.0,,1,14,15.0
,0.0,,1,14,6.0
,0.0,,2,14,1.0
780000.0,,,1,14,8.0
415000.0,,,1,14,8.0
,0.0,,2,14,9.0
180000.0,,,2,14,12.0
300000.0,,,1,14,12.0
,,,1,14,
,,,1,14,
,,,1,14,6.0
,0.0,,2,14,10.0
520000.0,,,2,14,15.0
,,,2,14,12.0
,,,2,14,
,,,2,14,
,,,2,14,
0.0,,,1,14,12.0
274000.0,,,2,14,12.0
,,,2,14,
276000.0,,,1,14,8.0
276000.0,,,2,14,7.0
,0.0,,1,14,12.0
,,,1,14,
,0.0,,1,14,6.0
,0.0,,2,14,5.0
,0.0,,1,14,2.0
,0.0,,2,14,6.0
99.0,,,1,14,6.0
99.0,,,1,14,8.0
,,,1,14,7.0
,0.0,,2,14,0.0
,0.0,,2,14,12.0
,0.0,,2,14,8.0
,,,1,14,8.0
,0.0,,2,14,12.0
,,,2,14,
200000.0,,,2,14,7.0
,,11091.0,2,14,
,,,1,14,12.0
,0.0,,2,14,9.0
,0.0,,2,14,12.0
300000.0,,,1,14,11.0
300000.0,,,1,14,4.0
200000.0,,,2,14,4.0
300000.0,,,1,14,12.0
,0.0,,2,14,4.0
,,,1,14,4.0
,,,2,14,10.0
,,11091.0,1,14,
,0.0,,1,14,6.0
,0.0,,1,14,6.0
,0.0,,2,14,0.0
,0.0,,1,14,11.0
,0.0,,1,14,16.0
,,,2,14,
,0.0,,2,14,3.0
,0.0,,2,14,11.0
,,,2,14,6.0
,0.0,,1,14,9.0
260000.0,,,1,14,7.0
100000.0,,,2,14,3.0
,0.0,,1,14,8.0
,0.0,,2,14,8.0
276000.0,,,1,14,12.0
,0.0,,1,14,12.0
,0.0,11091.0,2,14,11.0
,,11091.0,2,14,
,,11091.0,2,14,
,,11091.0,2,14,
270000.0,,,1,14,8.0
,0.0,,2,14,8.0
,0.0,,2,14,12.0
,0.0,,2,14,11.0
,,,2,14,
,,,2,14,
,,,2,14,
,,,2,14,14.0
,0.0,,2,14,14.0
,0.0,,1,14,13.0
,0.0,,2,14,9.0
,,,1,14,
,0.0,,1,14,11.0
100000.0,,,2,14,10.0
,,,1,14,
100000.0,,,2,14,12.0
80000.0,,,1,14,8.0
,0.0,,2,14,8.0
230000.0,,,1,14,12.0
,0.0,,2,14,10.0
326000.0,,,2,14,14.0
,0.0,,1,14,0.0
,0.0,,2,14,0.0
,,,1,14,11.0
,0.0,,1,14,12.0
,0.0,,2,14,7.0
0.0,,,1,14,13.0
,0.0,,1,14,15.0
400000.0,,,1,14,8.0
,0.0,,2,14,6.0
,0.0,,2,14,15.0
,0.0,,1,14,12.0
,,,1,14,12.0
,0.0,,2,14,4.0
350000.0,,,1,14,12.0
,0.0,,2,14,12.0
,,,2,14,
,,,1,14,
500000.0,,,1,14,8.0
270000.0,,,2,14,12.0
100000.0,,,2,14,12.0
,,,2,14,
,,,2,14,
,0.0,,2,14,2.0
,0.0,,2,14,3.0
800000.0,,,1,14,16.0
,0.0,,2,14,14.0
,,,2,14,
,0.0,,2,14,2.0
276000.0,,,1,14,16.0
,,,1,14,12.0
300000.0,,,2,14,15.0
,0.0,,1,14,11.0
,0.0,,2,14,3.0
,0.0,,1,14,8.0
,0.0,,2,14,8.0
350000.0,,,1,14,6.0
300000.0,,,1,14,10.0
,,,1,14,
,,,2,14,
,,,2,14,
,,,1,14,17.0
,,,2,14,17.0
,,,2,14,17.0
,,,1,14,17.0
,0.0,,2,14,14.0
,0.0,,1,14,2.0
,,,1,14,12.0
,0.0,,1,14,10.0
,,,2,14,12.0
,,,1,14,
,,,2,14,
,0.0,,2,14,11.0
,0.0,,1,14,12.0
,,,1,14,
,0.0,,1,14,4.0
450000.0,,,1,14,10.0
,0.0,,2,14,11.0
120000.0,,,1,14,16.0
,0.0,,2,14,15.0
,0.0,,2,14,12.0
,,,1,14,3.0
,,,2,14,7.0
99.0,,,1,14,16.0
,0.0,,2,14,16.0
,,,1,14,15.0
,0.0,,2,14,15.0
,,,1,14,
,,,1,14,
190000.0,,,2,14,14.0
350000.0,,,1,14,8.0
,,,1,14,
,,,1,14,
,0.0,,2,14,9.0
,0.0,,2,14,12.0
,,,1,14,
,,,1,14,
,,,2,14,
,,,1,14,9.0
270000.0,,,2,14,12.0
300000.0,,,2,14,12.0
,0.0,,1,14,12.0
,0.0,,2,14,12.0
270000.0,,,1,14,12.0
,,,2,14,
,,,1,14,
,,11091.0,2,14,
,,,2,14,12.0
,,,1,14,
,0.0,,2,14,10.0
,,,1,14,10.0
225000.0,,,2,14,12.0
,0.0,,2,14,5.0
,,,2,14,6.0
,0.0,,2,14,6.0
820000.0,,,2,14,17.0
300000.0,,,1,14,14.0
,0.0,,2,14,6.0
408000.0,,,2,14,14.0
,0.0,,2,14,15.0
,0.0,,2,14,8.0
275000.0,,,1,14,12.0
275000.0,,,2,14,12.0
,,,2,14,
,,,1,14,
,,,1,14,12.0
,0.0,,2,14,12.0
,,,1,14,
,,,1,14,
80000.0,,,1,14,3.0
,0.0,,2,14,3.0
,,,1,14,14.0
,0.0,,2,14,14.0
192114.0,,,1,14,12.0
,0.0,,1,14,0.0
,0.0,,2,14,0.0
,0.0,,2,14,0.0
,0.0,,2,14,0.0
,,,2,14,8.0
,0.0,,1,14,9.0
,0.0,,1,14,2.0
,0.0,,1,14,6.0
,0.0,,2,14,6.0
,,,1,14,12.0
,0.0,,2,14,8.0
,0.0,,2,14,17.0
198000.0,,,2,14,15.0
,0.0,,1,14,12.0
,,,1,14,15.0
300000.0,,,2,14,15.0
,0.0,,2,14,17.0
,,,1,14,
280000.0,,,1,14,3.0
,0.0,,2,14,6.0
,0.0,,1,14,10.0
180000.0,,,2,14,6.0
,,,1,14,
115000.0,,,1,14,12.0
,0.0,,2,14,9.0
,,,1,14,
270000.0,,,1,14,11.0
,0.0,,2,14,12.0
,0.0,,1,14,9.0
,0.0,,2,14,4.0
,,,2,14,12.0
,,,1,14,12.0
,0.0,,2,14,13.0
,,,2,14,12.0
,0.0,,2,14,12.0
,0.0,,2,14,12.0
500000.0,,,1,14,12.0
,0.0,,2,14,12.0
,,,2,14,
,0.0,,2,14,8.0
,,,1,14,
,,,2,14,
,,,2,14,
,0.0,,1,14,8.0
,0.0,,2,14,6.0
,0.0,,2,14,5.0
,0.0,,2,14,6.0
,0.0,,2,14,12.0
,0.0,,2,14,8.0
,0.0,,2,14,12.0
200000.0,,,1,14,12.0
,,,1,14,
,,,2,14,
,,,2,14,
,,,1,14,
300000.0,,,1,14,12.0
,0.0,,1,14,12.0
,0.0,,1,14,9.0
,,,1,14,10.0
,0.0,,2,14,10.0
,,,1,14,
500000.0,,,2,14,15.0
600000.0,,,1,14,12.0
,0.0,,2,14,12.0
,,,1,14,
309000.0,,,1,14,10.0
,0.0,,2,14,12.0
,0.0,,1,14,13.0
,,,2,14,
,0.0,,2,14,8.0
400000.0,,,1,14,8.0
,0.0,,2,14,8.0
,0.0,,1,14,13.0
,0.0,,1,14,14.0
,,,1,14,
,,,1,14,8.0
,0.0,,2,14,11.0
,0.0,,1,14,11.0
,0.0,,2,14,17.0
,,,1,14,8.0
,0.0,,2,14,8.0
,0.0,,2,14,15.0
,0.0,,1,14,15.0
,,,1,14,
,0.0,,1,14,10.0
,0.0,,2,14,10.0
450000.0,,,1,14,15.0
,0.0,,1,14,14.0
,0.0,,1,14,12.0
,0.0,,2,14,12.0
400000.0,,,1,14,18.0
300000.0,,,2,14,12.0
,0.0,,2,14,10.0
,0.0,,1,14,13.0
440000.0,,,1,14,12.0
,,,2,14,
,,,1,14,
280000.0,,,2,14,4.0
220000.0,,,1,14,5.0
,0.0,,1,14,15.0
,0.0,,1,14,8.0
,0.0,,2,14,8.0
,0.0,,1,14,5.0
,0.0,,2,14,5.0
,0.0,,2,14,12.0
300000.0,,,1,14,12.0
,0.0,,2,14,2.0
300000.0,,,1,14,12.0
350000.0,,,1,14,12.0
,0.0,,2,14,9.0
400000.0,,,1,14,17.0
250000.0,,,2,14,12.0
,,,1,14,
,,,1,14,
275000.0,,,2,14,10.0
,,11091.0,1,14,
,0.0,,2,14,3.0
,0.0,,2,14,6.0
,,11091.0,1,14,
,0.0,,2,14,9.0
,0.0,,1,14,18.0
350000.0,,,2,14,15.0
,,,2,14,
110000.0,,,2,14,8.0
,0.0,,2,14,10.0
,,,2,14,
110000.0,,,2,14,8.0
0.0,,,1,14,10.0
,,11091.0,2,14,
1000000.0,,,1,14,11.0
,0.0,,2,14,9.0
,0.0,,2,14,9.0
,,11091.0,2,14,
,0.0,,2,14,0.0
,0.0,,2,14,8.0
270000.0,,,1,14,8.0
,0.0,,1,14,7.0
,0.0,,2,14,4.0
,,,1,14,17.0
,0.0,,2,14,15.0
276000.0,,,1,14,12.0
,0.0,,2,14,5.0
,,11091.0,1,14,
,,11091.0,1,14,
256000.0,,,1,14,4.0
50000.0,,,2,14,1.0
,0.0,,1,14,4.0
,,,1,14,12.0
,0.0,,2,14,17.0
,,,1,14,
,0.0,,2,14,8.0
,0.0,,1,14,8.0
,0.0,,2,14,8.0
250000.0,,,2,14,10.0
99.0,,,2,14,15.0
,,,1,14,
,,,1,14,
276000.0,,,2,14,12.0
,0.0,,1,14,9.0
,0.0,,2,14,2.0
,,,1,14,14.0
,0.0,,2,14,12.0
,,,1,14,
,,,2,14,
,,,1,14,0.0
,0.0,,1,14,12.0
,0.0,11091.0,1,14,7.0
612000.0,,,2,14,15.0
300000.0,,,1,14,1.0
,0.0,,1,14,12.0
,0.0,,2,14,10.0
,0.0,,2,14,9.0
,0.0,,2,14,0.0
276000.0,,,1,14,0.0
,0.0,,1,14,9.0
,0.0,,1,14,9.0
270000.0,,,1,14,3.0
270000.0,,,2,14,6.0
,,11091.0,2,14,
,0.0,,1,14,12.0
250000.0,,,1,14,2.0
,0.0,,2,14,3.0
,,,2,14,3.0
,,,1,14,16.0
,,,1,14,6.0
,,,2,14,11.0
,,,1,14,16.0
,,,2,14,12.0
120000.0,,,2,14,8.0
200000.0,,,1,14,8.0
,,,1,14,
,0.0,,2,14,6.0
,0.0,,2,14,6.0
,0.0,,1,14,8.0
700000.0,,,2,14,15.0
270000.0,,,1,14,8.0
,0.0,,2,14,8.0
,0.0,,2,14,5.0
,0.0,,2,14,13.0
,0.0,,2,14,11.0
,0.0,,2,14,9.0
,,,2,14,
,0.0,,2,14,0.0
,0.0,,2,14,4.0
240000.0,,,2,14,16.0
,0.0,,1,14,8.0
346000.0,,,2,14,12.0
,0.0,,2,14,14.0
,,11091.0,2,14,
,,11091.0,1,14,
,100000.0,,1,14,8.0
,,,1,14,5.0
,0.0,,2,14,13.0
,0.0,,2,14,12.0
,0.0,11091.0,1,14,10.0
,,11091.0,1,14,
276000.0,,,1,14,12.0
,0.0,,2,14,11.0
,,11091.0,1,14,
,,11091.0,1,14,
,,11091.0,1,14,
,,,1,14,12.0
,0.0,,2,14,5.0
,,,2,14,
,,,2,14,
,0.0,,1,14,4.0
,0.0,,1,14,6.0
,0.0,,2,14,6.0
,0.0,,1,14,8.0
,0.0,,1,14,12.0
,0.0,,2,14,3.0
,0.0,,1,14,7.0
,0.0,,2,14,2.0
150000.0,,,1,14,15.0
622000.0,,,1,14,8.0
,0.0,,2,14,8.0
380000.0,,,1,14,17.0
,,,2,14,8.0
,,,2,14,
,,11091.0,2,14,
250000.0,,,2,14,7.0
,,11091.0,1,14,
,0.0,,1,14,3.0
,0.0,,2,14,12.0
,,,1,14,15.0
,0.0,,2,14,12.0
,,11091.0,1,14,
,,11091.0,1,14,
,,11091.0,2,14,
,,,2,14,
240000.0,,,1,14,5.0
,0.0,,2,14,8.0
,0.0,,2,14,6.0
,0.0,,1,14,8.0
,0.0,,1,14,7.0
430000.0,,,1,14,10.0
,0.0,,2,14,6.0
,0.0,,1,14,9.0
,,,1,14,
500000.0,,,1,14,12.0
300000.0,,,2,14,12.0
,0.0,,1,14,0.0
,0.0,,1,14,3.0
,,,2,14,10.0
,,,1,14,11.0
,,11091.0,2,14,
,0.0,,2,14,4.0
276000.0,,,1,14,12.0
,,,2,14,
276000.0,,,1,14,18.0
,0.0,,2,14,9.0
,,11091.0,2,14,
,,11091.0,2,14,
,0.0,,2,14,4.0
270000.0,,,1,14,4.0
270000.0,,,1,14,12.0
400000.0,,,1,14,12.0
276000.0,,,2,14,12.0
,0.0,,2,14,10.0
,,,1,14,
,,,1,14,14.0
,,,2,14,15.0
,99.0,,1,14,16.0
,99.0,,1,14,15.0
,0.0,,2,14,0.0
,0.0,,1,14,12.0
,0.0,,1,14,5.0
276000.0,,,1,14,8.0
,0.0,,1,14,3.0
,0.0,,2,14,12.0
300000.0,,,1,14,8.0
,0.0,11091.0,1,14,9.0
,,11091.0,1,14,
,,11091.0,2,14,
,,,1,14,5.0
,0.0,,2,14,4.0
,0.0,,2,14,6.0
,,,1,14,
,,,1,14,12.0
,0.0,,2,14,12.0
,0.0,,2,14,12.0
,0.0,,1,14,8.0
,0.0,,2,14,10.0
,0.0,,1,14,12.0
500000.0,,,2,14,17.0
,0.0,,2,14,17.0
,0.0,,2,14,10.0
,0.0,,2,14,7.0
,0.0,,2,14,3.0
,0.0,,1,14,3.0
,0.0,,1,14,11.0
,0.0,,2,14,11.0
,0.0,,1,14,14.0
,,,2,14,12.0
,0.0,,2,14,12.0
,0.0,,2,14,0.0
480000.0,,,1,14,11.0
,0.0,,1,14,8.0
,0.0,,2,14,10.0
,150000.0,,1,14,8.0
,0.0,,2,14,6.0
,0.0,,2,14,11.0
,0.0,,1,14,11.0
1000000.0,,,1,14,12.0
,0.0,,2,14,12.0
,0.0,,1,14,12.0
,0.0,,2,14,3.0
200000.0,,,2,14,9.0
,,,1,14,
,,,2,14,
,,,2,14,
,0.0,,2,14,2.0
,,,1,14,12.0
,0.0,,2,14,12.0
,0.0,,2,14,12.0
,,,1,14,12.0
,,,1,14,
100000.0,,,2,14,12.0
200000.0,,,2,14,12.0
,,,2,14,
,,,1,14,
,0.0,,2,14,9.0
,0.0,,2,14,6.0
200000.0,,,2,14,12.0
,,,1,14,
,,,1,14,
900000.0,,,1,14,16.0
,0.0,,2,14,16.0
,0.0,,1,14,17.0
,0.0,,1,14,13.0
700000.0,,,1,14,17.0
,0.0,,2,14,12.0
,0.0,,1,14,10.0
,0.0,,1,14,14.0
600000.0,,,2,14,12.0
,,,1,14,12.0
,0.0,,2,14,8.0
,0.0,,2,14,12.0
,0.0,,2,14,5.0
,0.0,,1,14,5.0
,0.0,,2,14,14.0
600000.0,,,1,14,12.0
600000.0,,,1,14,17.0
400000.0,,,1,14,12.0
,0.0,,2,14,12.0
,0.0,,1,14,10.0
,,,2,14,
800000.0,,,2,14,16.0
,,,2,14,12.0
,0.0,,2,14,9.0
,0.0,,2,14,8.0
,,,2,14,
270000.0,,,2,14,6.0
270000.0,,,1,14,12.0
,0.0,,1,14,12.0
,0.0,,1,14,10.0
,0.0,,2,14,2.0
,0.0,,2,14,5.0
,0.0,,1,14,9.0
270000.0,,,2,14,8.0
270000.0,,,1,14,11.0
,0.0,,2,14,10.0
,,,1,14,
,,,1,14,6.0
30000.0,,,2,14,5.0
,,,1,14,9.0
,0.0,,2,14,8.0
,0.0,,1,14,11.0
,,,2,14,
,,,1,14,
,0.0,,1,14,17.0
,,,1,14,7.0
,,,2,14,12.0
270000.0,,,1,14,11.0
,,,1,14,
,,,2,14,
,,,1,14,8.0
,0.0,,1,14,12.0
272000.0,,,2,14,12.0
,0.0,,2,14,11.0
400000.0,,,2,14,17.0
,,,2,14,
,,,2,14,
400000.0,,,1,14,12.0
275000.0,,,2,14,12.0
,0.0,,2,14,10.0
,0.0,,1,14,15.0
,0.0,,2,14,11.0
700000.0,,,1,14,17.0
,,,1,14,12.0
,0.0,,2,14,12.0
99.0,,,1,14,12.0
,0.0,,1,14,11.0
,0.0,,1,14,11.0
270000.0,,,2,14,12.0
280000.0,,,1,14,7.0
,0.0,,2,14,10.0
,,,1,14,
,0.0,,2,14,12.0
400000.0,,,1,14,12.0
,,,2,14,
,,,2,14,
250000.0,,,2,14,12.0
99.0,,,1,14,16.0
,,,2,14,15.0
,60000.0,,2,14,8.0
600000.0,,,1,14,12.0
99.0,,,1,14,15.0
,,,1,14,12.0
210000.0,,,2,14,12.0
,,,2,14,
,0.0,,2,14,6.0
700000.0,,,2,14,14.0
,0.0,,2,14,14.0
,,,2,14,
,0.0,,2,14,2.0
60000.0,,,1,14,9.0
60000.0,,,1,14,5.0
,0.0,,2,14,11.0
,,,1,14,
,,,1,14,12.0
,0.0,,2,14,12.0
450000.0,,,1,14,16.0
,,,2,14,
500000.0,,,2,14,16.0
,0.0,,2,14,12.0
,0.0,,2,14,6.0
,,,2,14,12.0
,0.0,,2,14,14.0
,0.0,,1,14,12.0
,0.0,,2,14,12.0
,,,2,14,12.0
99.0,,,1,14,17.0
99.0,,,2,14,17.0
,0.0,,1,14,8.0
,0.0,,2,14,8.0
,,,2,14,6.0
450000.0,,,1,14,17.0
,0.0,,2,14,12.0
,,,1,14,
,,,1,14,
,,,1,14,
,,,2,14,12.0
,0.0,,1,14,12.0
,,,1,14,
,0.0,,2,14,16.0
,,,2,14,10.0
,,,1,14,16.0
800000.0,,,1,14,17.0
,0.0,,2,14,17.0
,,,1,14,
,,,2,14,
1000000.0,,,1,14,17.0
,0.0,,2,14,3.0
,,,2,14,15.0
200000.0,,,1,14,15.0
,,,1,14,
700000.0,,,2,14,15.0
700000.0,,,1,14,16.0
,,,2,14,12.0
,0.0,,2,14,12.0
270000.0,,,1,14,12.0
,,,1,14,
,,,1,14,
99.0,,,1,14,14.0
,0.0,,2,14,12.0
,,,1,14,12.0
,,,1,14,12.0
,0.0,,2,14,12.0
,,,1,14,
,,,2,14,12.0
350000.0,,,1,14,12.0
270000.0,,,1,14,3.0
,,,1,14,6.0
,0.0,,2,14,8.0
300000.0,,,1,14,12.0
,0.0,,1,14,12.0
,0.0,,2,14,0.0
,,,1,14,12.0
,0.0,,2,14,8.0
,0.0,,2,14,12.0
,,11091.0,2,14,
,,,2,14,
,0.0,,1,14,8.0
,0.0,,2,14,2.0
350000.0,,,1,14,16.0
300000.0,,,2,14,15.0
95000.0,,,2,14,12.0
,,,2,14,12.0
,,,1,14,12.0
,0.0,,2,14,10.0
275000.0,,,2,14,9.0
270000.0,,,1,14,12.0
,,,1,14,12.0
,0.0,,2,14,12.0
0.0,,,2,14,12.0
,,,2,14,
,0.0,,1,14,0.0
430000.0,,,1,14,12.0
70000.0,,,2,14,12.0
,,11091.0,1,14,
,,11091.0,2,14,
400000.0,,,1,14,15.0
750000.0,,,2,14,17.0
,,,1,14,
280000.0,,,1,14,3.0
,0.0,,2,14,8.0
,0.0,,2,14,9.0
,0.0,,2,14,9.0
,,11091.0,2,14,
,,11091.0,2,14,
,,11091.0,1,14,
250000.0,,,1,14,8.0
,0.0,,2,14,8.0
,0.0,,1,14,12.0
,0.0,,2,14,11.0
,0.0,,2,14,11.0
400000.0,,,1,14,
,0.0,,2,14,10.0
550000.0,,,1,14,12.0
750000.0,,,2,14,17.0
,,,1,14,
,,,1,14,
240000.0,,,1,14,12.0
,0.0,,2,14,12.0
,,11091.0,1,14,
,,11091.0,1,14,
,0.0,,2,14,11.0
,0.0,,2,14,6.0
240000.0,,,2,14,16.0
,,,1,14,12.0
,0.0,,2,14,12.0
,,,1,14,
,,,1,14,
,,,1,14,
,,,1,14,6.0
270000.0,,,2,14,6.0
,0.0,,2,14,12.0
400000.0,,,1,14,12.0
,,,2,14,
80000.0,,,1,14,6.0
,0.0,,2,14,6.0
270000.0,,,2,14,12.0
,,,1,14,12.0
,,,2,14,
,,,1,14,
,0.0,,1,14,0.0
160000.0,,,1,14,12.0
230000.0,,,1,14,8.0
,0.0,,2,14,5.0
,,11091.0,2,14,
,0.0,,1,14,10.0
,,,1,14,12.0
400000.0,,,1,14,8.0
400000.0,,,2,14,5.0
,0.0,,2,14,13.0
,0.0,,1,14,7.0
,0.0,,2,14,2.0
,0.0,,1,14,0.0
,0.0,,2,14,8.0
,0.0,,2,14,0.0
99.0,,,2,14,12.0
,0.0,,2,14,11.0
99.0,,,1,14,12.0
,,,2,14,2.0
,0.0,,2,14,10.0
,,,2,14,
230000.0,,,1,14,7.0
230000.0,,,2,14,7.0
350000.0,,,1,14,12.0
,,,2,14,8.0
300000.0,,,1,14,0.0
230000.0,,,1,14,11.0
,0.0,,1,14,4.0
,0.0,,2,14,0.0
200000.0,,,1,14,8.0
300000.0,,,2,14,12.0
150000.0,,,1,14,12.0
300000.0,,,2,14,6.0
,0.0,,1,14,8.0
,0.0,,2,14,0.0
,0.0,,2,14,3.0
270000.0,,,1,14,11.0
,0.0,,1,14,0.0
,0.0,,2,14,4.0
,0.0,,2,14,0.0
,0.0,,2,14,8.0
,0.0,,1,14,8.0
,0.0,,1,14,8.0
,,11091.0,1,14,
,,,1,14,8.0
,0.0,,2,14,7.0
200000.0,,,2,14,4.0
,,,1,14,12.0
,0.0,,2,14,6.0
,0.0,,1,14,12.0
,,,1,14,9.0
190000.0,,,2,14,13.0
,0.0,,2,14,14.0
,,,1,14,
400000.0,,,1,14,10.0
,0.0,,2,14,10.0
,,11091.0,1,14,
,,,1,14,15.0
,0.0,,2,14,12.0
,0.0,,1,14,0.0
99.0,,,2,14,17.0
,0.0,,2,14,17.0
,0.0,,2,14,15.0
,,,2,14,
,,,1,14,
280000.0,,,1,14,12.0
,0.0,,2,14,12.0
,0.0,,2,14,14.0
,0.0,,1,14,2.0
,0.0,,2,14,8.0
,0.0,,2,14,2.0
,,,1,14,5.0
,,,2,14,12.0
,,11091.0,1,14,
270000.0,,,1,14,15.0
,0.0,,2,14,12.0
,,11091.0,1,14,
,,11091.0,1,14,
,,,1,14,2.0
,0.0,,2,14,0.0
,,,1,14,18.0
,,,1,14,6.0
,0.0,,2,14,12.0
,0.0,,2,14,0.0
,0.0,,2,14,8.0
,,,1,14,
,,,1,14,
,0.0,,1,14,10.0
,0.0,,2,14,10.0
,,,1,14,14.0
,,,1,14,6.0
,0.0,,2,14,5.0
,0.0,,1,14,6.0
277000.0,,,1,14,6.0
277000.0,,,2,14,5.0
,,,2,14,
,,,1,14,12.0
250000.0,,,2,14,6.0
,,11091.0,1,14,
250000.0,,,2,14,8.0
300000.0,,,2,14,15.0
,,,1,14,15.0
,,,2,14,
,,,1,14,
350000.0,,,1,14,12.0
,0.0,,2,14,12.0
,,11091.0,1,14,
,,11091.0,1,14,
,,11091.0,2,14,
0.0,,,1,14,8.0
,0.0,,2,14,12.0
,0.0,,1,14,17.0
,0.0,,1,14,16.0
280000.0,,,1,14,8.0
,0.0,,2,14,6.0
,0.0,,2,14,17.0
277000.0,,,1,14,6.0
,0.0,,2,14,5.0
,0.0,,2,14,14.0
277000.0,,,1,14,5.0
,0.0,,2,14,5.0
,0.0,11091.0,1,14,11.0
,,,1,14,
290000.0,,,1,14,4.0
,0.0,,2,14,8.0
,,11091.0,1,14,
,,11091.0,1,14,
,,,1,14,12.0
,,,2,14,12.0
,0.0,,2,14,0.0
,,,2,14,
277000.0,,,1,14,12.0
,0.0,,2,14,12.0
,0.0,,1,14,6.0
,0.0,,2,14,4.0
300000.0,,,1,14,12.0
,,,2,14,12.0
400000.0,,,2,14,15.0
,,,1,14,7.0
,0.0,,2,14,11.0
,0.0,,1,14,12.0
277000.0,,,1,14,12.0
,0.0,,2,14,12.0
300000.0,,,1,14,12.0
,0.0,,2,14,12.0
,,,2,14,
,0.0,,1,14,12.0
,0.0,,2,14,9.0
300000.0,,,2,14,17.0
270000.0,,,1,14,10.0
240000.0,,,1,14,8.0
,0.0,,2,14,8.0
300000.0,,,1,14,8.0
300000.0,,,1,14,8.0
,0.0,,2,14,4.0
400000.0,,,1,14,11.0
230000.0,,,2,14,8.0
,,11091.0,2,14,
,,11091.0,1,14,
,,,1,14,7.0
99.0,,,2,14,12.0
,0.0,,2,14,0.0
,0.0,,1,14,10.0
,,,2,14,6.0
100000.0,,,1,14,13.0
,,,1,14,8.0
,0.0,,2,14,5.0
100000.0,,,2,14,12.0
,,11091.0,2,14,
230000.0,,,2,14,4.0
230000.0,,,2,14,12.0
,,11091.0,1,14,
,,11091.0,2,14,
280000.0,,,1,14,7.0
,0.0,,2,14,8.0
10000.0,,,1,14,8.0
450000.0,,,1,14,13.0
,,,2,14,12.0
,0.0,,1,14,13.0
,0.0,,1,14,8.0
,0.0,,1,14,11.0
,0.0,,2,14,15.0
,0.0,,1,14,11.0
270000.0,,,1,14,12.0
120000.0,,,2,14,12.0
,0.0,,2,14,15.0
,0.0,,1,14,10.0
,,,2,14,
250000.0,,,1,14,8.0
,0.0,,2,14,6.0
,,11091.0,2,14,
300000.0,,,1,14,7.0
,0.0,,2,14,8.0
,0.0,11091.0,2,14,12.0
,,11091.0,2,14,
,,11091.0,1,14,
,0.0,,2,14,4.0
,180000.0,,2,14,7.0
300000.0,,,1,14,7.0
,0.0,,2,14,8.0
,0.0,11091.0,2,14,11.0
,,11091.0,1,14,
350000.0,,,2,14,3.0
,0.0,,2,14,15.0
,0.0,,2,14,11.0
,,11091.0,1,14,
800000.0,,,2,14,17.0
500000.0,,,1,14,17.0
230000.0,,,2,14,17.0
,0.0,,2,14,11.0
,,11091.0,2,14,
,0.0,,2,14,1.0
0.0,,,1,14,7.0
,0.0,,1,14,5.0
,,,1,14,10.0
230000.0,,,1,14,8.0
,0.0,,2,14,4.0
,0.0,,1,14,12.0
,0.0,,1,14,14.0
,0.0,,2,14,12.0
2300000.0,,,1,14,9.0
,0.0,,2,14,11.0
,0.0,,1,14,17.0
,,,1,14,9.0
,0.0,,2,14,12.0
,0.0,,2,14,8.0
,0.0,,2,14,4.0
,,,1,14,8.0
,,,1,14,4.0
,0.0,,2,14,5.0
,0.0,,1,14,6.0
,0.0,,2,14,2.0
,0.0,,1,14,12.0
,,,2,14,12.0
,0.0,,2,14,13.0
,0.0,,2,14,12.0
,,,1,14,
0.0,,,1,14,8.0
,0.0,,2,14,8.0
,0.0,,1,14,6.0
,0.0,,2,14,6.0
,0.0,,2,14,4.0
150000.0,,,2,14,10.0
,,,2,14,
230000.0,,,1,14,12.0
,0.0,,2,14,9.0
,,,1,14,10.0
,0.0,,2,14,10.0
,,11091.0,1,14,
,,,1,14,8.0
,0.0,,2,14,12.0
300000.0,,,1,14,12.0
,,11091.0,1,14,
230000.0,,,1,14,8.0
,0.0,,2,14,11.0
300000.0,,,1,14,8.0
,0.0,,2,14,10.0
,0.0,,1,14,13.0
,0.0,11091.0,1,14,9.0
,,11091.0,1,14,
,0.0,,2,14,6.0
300000.0,,,2,14,9.0
,0.0,,2,14,12.0
,,,2,14,
750000.0,,,1,14,17.0
,0.0,,1,14,0.0
,0.0,,2,14,11.0
,0.0,,1,14,0.0
,0.0,,2,14,4.0
,0.0,,1,14,6.0
,,,1,14,12.0
,0.0,,1,14,2.0
,0.0,,2,14,4.0
380000.0,,,1,14,8.0
,0.0,,1,14,10.0
,,,1,14,
,,,1,14,8.0
,0.0,,2,14,8.0
,0.0,,1,14,9.0
,,,1,14,12.0
,0.0,,2,14,12.0
,,11091.0,2,14,
,0.0,,1,14,2.0
,0.0,,2,14,3.0
270000.0,,,1,14,6.0
,,,2,14,6.0
,0.0,,2,14,0.0
,0.0,,1,14,12.0
350000.0,,,1,14,11.0
,0.0,,2,14,6.0
,,11091.0,1,14,
,,11091.0,2,14,
99.0,,,1,14,12.0
99.0,,,2,14,12.0
,,,2,14,
,,,2,14,
140000.0,,,2,14,12.0
270000.0,,,1,14,9.0
,0.0,,2,14,9.0
,,,1,14,
,,11091.0,1,14,
,0.0,,1,14,0.0
,,,1,14,8.0
,0.0,,2,14,8.0
,,11091.0,2,14,
,0.0,,1,14,0.0
,0.0,,2,14,7.0
,0.0,11091.0,2,14,10.0
,0.0,,2,14,5.0
270000.0,,,1,14,4.0
,0.0,,2,14,4.0
270000.0,,,1,14,10.0
,0.0,,2,14,11.0
,,,2,14,
,,,2,14,
520000.0,,,1,14,6.0
,0.0,,2,14,6.0
520000.0,,,1,14,12.0
,0.0,,2,14,3.0
,0.0,,1,14,12.0
,0.0,,2,14,10.0
,0.0,,2,14,12.0
290000.0,,,2,14,12.0
270000.0,,,1,14,12.0
,,,2,14,
250000.0,,,1,14,4.0
,0.0,,2,14,4.0
300000.0,,,1,14,15.0
300000.0,,,1,14,12.0
,0.0,,2,14,12.0
0.0,,,1,14,4.0
,0.0,,2,14,4.0
110000.0,,,2,14,4.0
260000.0,,,1,14,6.0
,0.0,,2,14,6.0
280000.0,,,1,14,12.0
,0.0,,2,14,8.0
,,,2,14,
280000.0,,,1,14,10.0
290000.0,,,2,14,12.0
,0.0,,1,14,8.0
,0.0,,2,14,11.0
,,,2,14,7.0
,0.0,,1,14,10.0
,,11091.0,1,14,
,,11091.0,1,14,
,,11091.0,2,14,
380000.0,,,1,14,12.0
,0.0,,2,14,13.0
,,,1,14,
,,,2,14,
,,,1,14,7.0
,0.0,,2,14,8.0
490000.0,,,2,14,17.0
,,,1,14,
,,,2,14,
,0.0,,2,14,14.0
,0.0,,2,14,12.0
,0.0,,2,14,8.0
270099.0,,,1,14,10.0
290000.0,,,1,14,12.0
290000.0,,,2,14,0.0
,0.0,,2,14,14.0
450000.0,,,1,14,8.0
,0.0,,2,14,12.0
,0.0,,2,14,13.0
270000.0,,,1,14,4.0
,0.0,,2,14,8.0
,,,2,14,
400000.0,,,1,14,5.0
,0.0,,2,14,7.0
277000.0,,,1,14,7.0
,0.0,,2,14,7.0
,0.0,,1,14,12.0
,0.0,,2,14,9.0
,,11091.0,2,14,
277000.0,,,1,14,12.0
,0.0,,2,14,12.0
,,11091.0,2,14,
350000.0,,,1,14,6.0
,0.0,,2,14,6.0
,0.0,,2,14,12.0
450000.0,,,1,14,11.0
,,11091.0,2,14,
300000.0,,,1,14,8.0
,0.0,,2,14,8.0
,0.0,,2,14,15.0
,0.0,,1,14,10.0
,,,1,14,4.0
,0.0,,2,14,4.0
,0.0,,1,14,14.0
,0.0,,1,14,3.0
,0.0,,2,14,2.0
,0.0,,1,14,6.0
,,,1,14,17.0
,,,2,14,17.0
,,,2,14,0.0
,0.0,,1,14,7.0
300000.0,,,1,14,8.0
,0.0,,2,14,7.0
,0.0,,1,14,12.0
,,,1,14,
,,,2,14,
,0.0,,2,14,10.0
,,11091.0,2,14,
,,,1,14,8.0
,,,1,14,0.0
,,,2,14,12.0
,0.0,,2,14,0.0
,0.0,,2,14,1.0
,0.0,,1,14,3.0
,0.0,,2,14,7.0
,,,2,14,12.0
,,,1,14,
,0.0,,2,14,12.0
,,,1,14,6.0
,0.0,,2,14,7.0
,0.0,,2,14,3.0
400000.0,,,2,14,12.0
400000.0,,,1,14,12.0
,0.0,,2,14,8.0
328000.0,,,1,14,14.0
,0.0,,2,14,12.0
,,,1,14,
,,,1,14,
250000.0,,,1,14,6.0
700000.0,,,2,14,17.0
,,,1,14,11.0
,0.0,,2,14,7.0
210000.0,,,2,14,14.0
300000.0,,,1,14,13.0
,,,1,14,
,,,2,14,16.0
280000.0,,,1,14,14.0
,,,1,14,
,,,2,14,6.0
,0.0,,2,14,4.0
,0.0,,2,14,1.0
216000.0,,,2,14,1.0
,0.0,,2,14,12.0
99.0,,,1,14,12.0
,0.0,,2,14,9.0
,,11091.0,2,14,
,,11091.0,1,14,
,,,1,14,
,0.0,,2,14,2.0
99.0,,,1,14,8.0
200000.0,,,2,14,15.0
,,,2,14,8.0
,0.0,,1,14,12.0
,0.0,,2,14,6.0
,99.0,,2,14,7.0
180000.0,,,1,14,12.0
900000.0,,,1,14,17.0
1200000.0,,,2,14,17.0
,,,2,14,
1800000.0,,,1,14,17.0
900000.0,,,2,14,16.0
,,,2,14,
,,,2,14,
1200000.0,,,1,14,17.0
600000.0,,,2,14,15.0
,0.0,,2,14,17.0
,0.0,,1,14,17.0
,0.0,,2,14,14.0
,0.0,,2,14,6.0
,,,1,14,12.0
,0.0,,1,14,2.0
,,,1,14,15.0
270000.0,,,2,14,15.0
99.0,,,2,14,12.0
,,,2,14,15.0
,0.0,,1,14,12.0
,0.0,,2,14,10.0
,,,2,14,12.0
,,,2,14,16.0
,0.0,,1,14,12.0
,0.0,,2,14,12.0
216000.0,,,1,14,12.0
216000.0,,,1,14,15.0
,0.0,,1,14,0.0
,0.0,,2,14,0.0
360000.0,,,1,14,15.0
,0.0,,2,14,8.0
216000.0,,,1,14,8.0
,,,1,14,
,,,1,14,
,,,1,14,
,0.0,,2,14,4.0
,0.0,,1,14,3.0
,0.0,,2,14,0.0
337000.0,,,1,14,12.0
,0.0,,2,14,12.0
,,,2,14,
,,,1,14,10.0
,,,2,14,12.0
,0.0,,1,14,12.0
,0.0,,2,14,17.0
,0.0,,2,14,8.0
300000.0,,,2,14,12.0
,0.0,,2,14,4.0
,0.0,,1,14,14.0
,0.0,,2,14,11.0
,,,1,14,12.0
,0.0,,1,14,16.0
600000.0,,,1,14,14.0
,0.0,,2,14,12.0
,0.0,,2,14,6.0
,,,2,14,
,,,1,14,
1200000.0,,,1,14,19.0
,0.0,,2,14,20.0
,0.0,,1,14,17.0
,0.0,,2,14,5.0
,0.0,,1,14,4.0
,0.0,,1,14,12.0
,0.0,,2,14,10.0
0.0,,,1,14,17.0
,0.0,,1,14,8.0
,0.0,,1,14,1.0
,0.0,,2,14,8.0
550000.0,,,1,14,12.0
450000.0,,,2,14,12.0
,,,1,14,
,0.0,,2,14,7.0
,0.0,,1,14,14.0
,,,2,14,8.0
,0.0,,1,14,0.0
,0.0,,1,14,12.0
300000.0,,,1,14,8.0
,0.0,,2,14,8.0
,,,1,14,12.0
,,,1,14,
,0.0,,2,14,6.0
500000.0,,,1,14,6.0
,,,2,14,7.0
,0.0,,2,14,12.0
350000.0,,,1,14,12.0
,0.0,,2,14,12.0
250000.0,,,1,14,12.0
,,,1,14,4.0
,,,2,14,6.0
200000.0,,,2,14,15.0
,0.0,,2,14,12.0
,,,1,14,
600000.0,,,1,14,13.0
300000.0,,,2,14,15.0
,0.0,,2,14,15.0
,,,2,14,
,,,2,14,10.0
,0.0,,1,14,14.0
,0.0,,2,14,12.0
,0.0,,2,14,3.0
,40000.0,,1,14,5.0
,0.0,11091.0,1,14,10.0
,,,2,14,8.0
230000.0,,,1,14,6.0
,,,2,14,
,,,1,14,
,,,2,14,
480000.0,,,1,14,16.0
,99.0,,2,14,13.0
,,,1,14,
,0.0,,1,14,17.0
,0.0,,2,14,17.0
,0.0,,2,14,17.0
800000.0,,,1,14,16.0
240000.0,,,2,14,15.0
,,,1,14,
,,,2,14,
,,,2,14,12.0
,,,1,14,16.0
,0.0,,1,14,14.0
700000.0,,,1,14,12.0
,0.0,,2,14,15.0
,,,1,14,
,,,1,14,8.0
,0.0,,2,14,10.0
,0.0,,2,14,8.0
130000.0,,,2,14,12.0
,0.0,,1,14,8.0
,0.0,,2,14,2.0
350000.0,,,2,14,15.0
,,,2,14,
,,,2,14,
,0.0,,2,14,15.0
,0.0,,1,14,15.0
,0.0,,2,14,4.0
,0.0,,2,14,3.0
99.0,,,2,14,12.0
300000.0,,,2,14,12.0
,0.0,,1,14,10.0
,0.0,,2,14,12.0
220000.0,,,1,14,8.0
,,,1,14,8.0
,0.0,,2,14,4.0
,0.0,,2,14,14.0
,,,1,14,6.0
,0.0,,2,14,14.0
,0.0,,2,14,16.0
,0.0,,1,14,12.0
,0.0,,2,14,15.0
800000.0,,,1,14,17.0
480000.0,,,2,14,14.0
,,,1,14,
,0.0,,2,14,8.0
300000.0,,,1,14,12.0
500000.0,,,1,14,12.0
600000.0,,,2,14,17.0
,0.0,,2,14,12.0
,0.0,,1,14,10.0
230000.0,,,2,14,15.0
280000.0,,,1,14,12.0
250000.0,,,2,14,12.0
300000.0,,,2,14,12.0
,,,2,14,
,0.0,,1,14,12.0
,0.0,,2,14,12.0
,,,1,14,9.0
,,,2,14,6.0
,0.0,,1,14,
220000.0,,,2,14,10.0
,,,1,14,
580000.0,,,2,14,17.0
250000.0,,,1,14,12.0
,0.0,,2,14,18.0
670000.0,,,1,14,16.0
,0.0,,2,14,15.0
,,,1,14,10.0
1700000.0,,,1,14,18.0
,,,2,14,16.0
,0.0,,1,14,14.0
,,,2,14,
270000.0,,,1,14,9.0
450000.0,,,2,14,17.0
,0.0,,2,14,10.0
,,,1,14,
,,,2,14,
,0.0,,2,14,12.0
,0.0,,2,14,6.0
,,,1,14,9.0
,0.0,,2,14,9.0
,0.0,,1,14,12.0
,0.0,,1,14,3.0
,0.0,,2,14,6.0
,0.0,,1,14,9.0
,0.0,,1,14,3.0
,0.0,,2,14,5.0
1300000.0,,,2,14,15.0
700000.0,,,1,14,15.0
830000.0,,,2,14,17.0
,,,2,14,
,,,2,14,
,,,2,14,
,0.0,,2,14,3.0
,0.0,,1,14,2.0
300000.0,,,2,14,12.0
400000.0,,,2,14,14.0
400000.0,,,1,14,12.0
,0.0,,2,14,5.0
,0.0,,1,14,5.0
,0.0,,2,14,12.0
,,,1,14,12.0
,,,1,14,
,0.0,,1,14,3.0
280000.0,,,2,14,8.0
,0.0,,2,14,10.0
,0.0,,1,14,12.0
,0.0,,2,14,12.0
400000.0,,,2,14,12.0
,,,2,14,
1000000.0,,,1,14,14.0
,,,2,14,
285000.0,,,1,14,12.0
285000.0,,,2,14,11.0
,0.0,,2,14,13.0
,,,1,14,
,,,1,14,
450000.0,,,2,14,12.0
,,,1,14,12.0
500000.0,,,1,14,8.0
,0.0,,2,14,12.0
,0.0,,1,14,12.0
,0.0,,2,14,3.0
,0.0,,1,14,15.0
,0.0,,2,14,10.0
1200000.0,,,1,14,17.0
900000.0,,,2,14,17.0
,,,1,14,
270000.0,,,2,14,12.0
400000.0,,,1,14,10.0
,0.0,,1,14,12.0
,0.0,,2,14,10.0
700000.0,,,2,14,16.0
,0.0,,1,14,15.0
40000.0,,,2,14,14.0
450000.0,,,1,14,11.0
270000.0,,,2,14,12.0
,0.0,,1,14,13.0
,0.0,,1,14,1.0
,0.0,,2,14,2.0
460000.0,,,1,14,17.0
99.0,,,2,14,15.0
,,,1,14,
280000.0,,,2,14,10.0
,0.0,,2,14,11.0
,,,2,14,
,,,2,14,
30000.0,,,2,14,8.0
99.0,,,1,14,11.0
,0.0,,2,14,8.0
,0.0,,1,14,10.0
107000.0,,,2,14,12.0
,,,2,14,
320000.0,,,1,14,12.0
480000.0,,,1,14,9.0
,0.0,,2,14,12.0
,0.0,,2,14,16.0
,,,1,14,6.0
,0.0,,2,14,6.0
300000.0,,,2,14,12.0
,,,2,14,
30000.0,,,2,14,8.0
,0.0,,2,14,14.0
270000.0,,,2,14,8.0
,,,1,14,13.0
,,,2,14,
,,,1,14,10.0
350000.0,,,1,14,12.0
350000.0,,,2,14,12.0
,,,1,14,
,0.0,,2,14,8.0
,0.0,,2,14,8.0
315000.0,,,2,14,15.0
,0.0,,2,14,6.0
290000.0,,,1,14,12.0
,0.0,,2,14,12.0
,,,2,14,
350000.0,,,1,14,6.0
,0.0,,1,14,11.0
,0.0,,2,14,10.0
150000.0,,,2,14,12.0
,,,2,14,
500000.0,,,1,14,15.0
,,,2,14,12.0
,,,2,14,
,,,1,14,
270000.0,,,2,14,8.0
270000.0,,,1,14,11.0
,,,1,14,
,,,2,14,
,,,1,14,
,0.0,,1,14,3.0
437000.0,,,1,14,8.0
300000.0,,,1,14,12.0
350000.0,,,1,14,7.0
,0.0,,2,14,7.0
,0.0,,2,14,15.0
,0.0,,1,14,10.0
,0.0,,2,14,9.0
,,,1,14,12.0
,0.0,,2,14,8.0
,0.0,,2,14,7.0
80000.0,,,1,14,12.0
,,,1,14,
300000.0,,,1,14,13.0
,0.0,,2,14,13.0
,,,1,14,
400000.0,,,1,14,8.0
,0.0,,2,14,7.0
,,,2,14,
,0.0,,1,14,11.0
,0.0,,2,14,8.0
,0.0,,1,14,6.0
300000.0,,,1,14,8.0
25000.0,,,2,14,10.0
230000.0,,,1,14,12.0
230000.0,,,1,14,12.0
250000.0,,,1,14,8.0
,0.0,,2,14,5.0
0.0,,,1,14,13.0
,0.0,,2,14,10.0
,0.0,,1,14,8.0
,0.0,,2,14,1.0
320000.0,,,1,14,12.0
,0.0,,2,14,12.0
,0.0,,2,14,13.0
250000.0,,,1,14,12.0
240000.0,,,2,14,10.0
,0.0,,1,14,2.0
,0.0,,1,14,3.0
235000.0,,,1,14,6.0
450000.0,,,1,14,14.0
,0.0,,2,14,12.0
,,,1,14,
,,,2,14,
,,,2,14,
,0.0,,2,14,5.0
,0.0,,2,14,6.0
,,,1,14,12.0
,0.0,,2,14,11.0
320000.0,,,2,14,15.0
370000.0,,,1,14,12.0
180000.0,,,2,14,1.0
70000.0,,,1,14,0.0
10000.0,,,2,14,0.0
230000.0,,,1,14,8.0
,0.0,,2,14,12.0
,,,1,14,1.0
,0.0,,2,14,1.0
,0.0,,1,14,12.0
,0.0,,2,14,12.0
,0.0,,2,14,6.0
99.0,,,2,14,15.0
,,,1,14,
348000.0,,,1,14,12.0
,0.0,,1,14,2.0
,0.0,,2,14,7.0
,0.0,,1,14,10.0
,0.0,,1,14,4.0
0.0,,,2,14,12.0
,0.0,,1,14,8.0
,,,1,14,
,,,1,14,
,,,1,14,
,0.0,,2,14,16.0
50000.0,,,1,14,12.0
,0.0,,2,14,3.0
,0.0,,2,14,7.0
,0.0,,1,14,0.0
350000.0,,,1,14,12.0
,0.0,,1,14,7.0
270000.0,,,1,14,8.0
,0.0,,2,14,12.0
0.0,,,2,14,12.0
,,,1,14,
,,,2,14,
99.0,,,2,14,12.0
480000.0,,,1,14,12.0
280000.0,,,1,14,10.0
,,,1,14,
,,,2,14,
,,,1,14,
,,,2,14,
270000.0,,,1,14,10.0
,0.0,,2,14,2.0
200000.0,,,2,14,12.0
,0.0,,1,14,12.0
,,,1,14,
230000.0,,,1,14,12.0
,,,2,14,12.0
,0.0,11091.0,2,14,10.0
,,11091.0,1,14,
,,11091.0,1,14,
200000.0,,,1,14,8.0
,0.0,,2,14,8.0
,0.0,,1,14,10.0
2700000.0,,,2,14,4.0
,0.0,,1,14,8.0
,0.0,,2,14,9.0
,,,1,14,
,0.0,,1,14,15.0
,0.0,,2,14,12.0
99.0,,,1,14,13.0
,0.0,,2,14,17.0
99.0,,,1,14,16.0
,,,1,14,
,,,1,14,
270000.0,,,1,14,8.0
,0.0,,2,14,8.0
270000.0,,,2,14,14.0
,,,1,14,
,0.0,,2,14,12.0
,0.0,,1,14,10.0
,,,1,14,10.0
,0.0,,2,14,6.0
,,,2,14,
,0.0,,2,14,12.0
,,,2,14,
,0.0,,2,14,12.0
,0.0,,1,14,12.0
,,,1,14,
,,,1,14,
,0.0,,2,14,11.0
,,11091.0,2,14,
,,11091.0,1,14,
235000.0,,,1,14,9.0
,0.0,,2,14,8.0
63000.0,,,2,14,17.0
,,,1,14,
,0.0,,1,14,9.0
,0.0,,2,14,12.0
,0.0,,1,14,0.0
,0.0,,1,14,12.0
300000.0,,,1,14,12.0
0.0,,,2,14,12.0
,,11091.0,2,14,
,,11091.0,2,14,
,,11091.0,2,14,
235000.0,,,2,14,10.0
,0.0,,2,14,13.0
,,,2,14,
380000.0,,,1,14,12.0
,0.0,,2,14,12.0
,,11091.0,1,14,
,,,1,14,9.0
,0.0,,2,14,11.0
,0.0,,1,14,0.0
,0.0,,2,14,1.0
270000.0,,,1,14,3.0
356000.0,,,2,14,8.0
99.0,,,1,14,12.0
400000.0,,,1,14,15.0
,0.0,,1,14,6.0
,0.0,,2,14,12.0
423000.0,,,2,14,17.0
,0.0,,2,14,1.0
,0.0,,1,14,12.0
,0.0,,2,14,17.0
,,,2,14,17.0
,,,1,14,14.0
,,11091.0,1,14,
,,11091.0,1,14,
,,11091.0,1,14,
350000.0,,,1,14,12.0
270000.0,,,2,14,12.0
300000.0,,,1,14,12.0
,,,2,14,
,0.0,,2,14,10.0
,,,1,14,
,0.0,,1,14,0.0
300000.0,,,1,14,8.0
600000.0,,,1,14,5.0
,0.0,,2,14,12.0
,,,1,14,17.0
,0.0,,2,14,16.0
,,,1,14,
,,,1,14,
260000.0,,,1,14,11.0
300000.0,,,1,14,13.0
,0.0,,2,14,7.0
,0.0,,2,14,3.0
,0.0,,2,14,0.0
,0.0,,1,14,6.0
,0.0,,2,14,8.0
,0.0,,2,14,0.0
,0.0,,2,14,17.0
,0.0,,1,14,17.0
,,,1,14,
,,,1,14,9.0
,0.0,,2,14,10.0
,0.0,,1,14,8.0
,0.0,,2,14,12.0
500000.0,,,1,14,8.0
300000.0,,,2,14,12.0
,,,1,14,
,,,2,14,
400000.0,,,1,14,8.0
290000.0,,,2,14,12.0
,,,1,14,
,,,2,14,
,,,1,14,6.0
,0.0,,2,14,6.0
,,,1,14,12.0
,0.0,,2,14,8.0
,,,1,14,12.0
,0.0,,1,14,2.0
,0.0,,2,14,3.0
,,,1,14,
300000.0,,,1,14,8.0
,0.0,,2,14,7.0
300000.0,,,1,14,12.0
,0.0,,2,14,12.0
,,11091.0,1,14,
,0.0,,2,14,3.0
,0.0,,2,14,3.0
400000.0,,,1,14,4.0
,99.0,,2,14,12.0
,,,1,14,
,99.0,,2,14,12.0
,,11091.0,1,14,
,0.0,,1,14,6.0
,0.0,,2,14,4.0
550000.0,,,1,14,12.0
,0.0,,2,14,0.0
450000.0,,,1,14,12.0
,0.0,,2,14,12.0
,0.0,,2,14,11.0
140000.0,,,1,14,2.0
,0.0,,2,14,2.0
420000.0,,,1,14,12.0
,0.0,,2,14,14.0
,0.0,,1,14,13.0
,,11091.0,2,14,
,,11091.0,2,14,
,0.0,,1,14,7.0
,0.0,,2,14,5.0
,,,1,14,7.0
300000.0,,,1,14,6.0
,0.0,,2,14,6.0
280000.0,,,1,14,12.0
320000.0,,,1,14,4.0
,0.0,,2,14,5.0
,0.0,,2,14,17.0
270000.0,,,1,14,8.0
,0.0,,2,14,8.0
,,,2,14,
,,,2,14,
,0.0,,2,14,1.0
300000.0,,,1,14,8.0
,0.0,,2,14,10.0
300000.0,,,1,14,12.0
280000.0,,,1,14,6.0
,0.0,,1,14,2.0
,0.0,,2,14,3.0
,,,1,14,10.0
,0.0,,2,14,12.0
,,,1,14,8.0
,0.0,,1,14,14.0
,,,1,14,5.0
,0.0,,2,14,8.0
300000.0,,,1,14,8.0
,0.0,,2,14,12.0
,,,1,14,
,,,2,14,12.0
300000.0,,,1,14,12.0
,,,2,14,12.0
,0.0,,1,14,12.0
275000.0,,,1,14,8.0
,0.0,,2,14,6.0
,0.0,,2,14,10.0
,,,1,14,8.0
,0.0,,2,14,13.0
,0.0,,1,14,0.0
,0.0,,2,14,3.0
99.0,,,1,14,8.0
,0.0,,2,14,8.0
,,11091.0,1,14,
,0.0,,2,14,3.0
,0.0,,2,14,3.0
,0.0,,2,14,12.0
,0.0,,2,14,17.0
,,,1,14,9.0
,,,1,14,
,,,1,14,2.0
,0.0,,2,14,8.0
,0.0,,2,14,0.0
270000.0,,,1,14,3.0
,0.0,,2,14,6.0
,0.0,,1,14,0.0
,0.0,,2,14,1.0
,,,1,14,11.0
,0.0,,2,14,8.0
,0.0,,1,14,12.0
,,,2,14,
,0.0,,2,14,3.0
,,,1,14,12.0
,,,2,14,12.0
,0.0,,1,14,5.0
,0.0,,2,14,1.0
,0.0,,1,14,8.0
,0.0,,2,14,4.0
280000.0,,,1,14,6.0
,0.0,,2,14,10.0
,,,2,14,
,,,2,14,
,,,1,14,8.0
,0.0,,2,14,8.0
,,,1,14,12.0
0.0,,,2,14,15.0
,,11091.0,2,14,
,,11091.0,1,14,
,0.0,,2,14,12.0
,,11091.0,2,14,
200000.0,,,1,14,0.0
,0.0,,2,14,6.0
300000.0,,,2,14,12.0
,,,1,14,6.0
,,,2,14,8.0
400000.0,,,1,14,14.0
400000.0,,,2,14,14.0
,,,1,14,
240000.0,,,1,14,15.0
,0.0,,2,14,10.0
650000.0,,,1,14,12.0
150000.0,,,2,14,11.0
400000.0,,,1,14,12.0
,,,1,14,
,,,2,14,
400000.0,,,1,14,8.0
,0.0,,2,14,12.0
,0.0,,2,14,8.0
,,,1,14,12.0
,,,1,14,5.0
,0.0,,2,14,0.0
,,,2,14,8.0
100000.0,,,2,14,12.0
,,,1,14,
200000.0,,,1,14,5.0
230000.0,,,2,14,12.0
470000.0,,,1,14,12.0
,0.0,,2,14,12.0
,,11091.0,1,14,
,,11091.0,1,14,
420000.0,,,1,14,12.0
,,,2,14,8.0
,0.0,,1,14,13.0
,,,2,14,
,0.0,,2,14,8.0
,0.0,,1,14,2.0
,0.0,,2,14,1.0
99.0,,,2,14,12.0
,,,1,14,
,0.0,,2,14,0.0
,0.0,,1,14,10.0
,0.0,,2,14,8.0
,0.0,,1,14,12.0
150000.0,,,1,14,
,0.0,,1,14,3.0
,0.0,,2,14,5.0
,0.0,,2,14,0.0
,0.0,,2,14,5.0
,0.0,,2,14,2.0
99.0,,,1,14,8.0
99.0,,,1,14,8.0
,0.0,,2,14,9.0
,200000.0,,2,14,15.0
,,,2,14,
,,,2,14,
,0.0,,1,14,3.0
,0.0,,2,14,2.0
270000.0,,,1,14,17.0
,0.0,,2,14,14.0
,,,1,14,
,,,1,14,
300000.0,,,1,14,8.0
,0.0,,2,14,8.0
270000.0,,,1,14,8.0
,0.0,,2,14,15.0
270000.0,,,1,14,11.0
,0.0,,2,14,12.0
270000.0,,,1,14,12.0
,0.0,,1,14,11.0
99.0,,,2,14,14.0
,,,2,14,
,0.0,,1,14,11.0
,,,1,14,14.0
,0.0,,2,14,11.0
600000.0,,,1,14,8.0
40000.0,,,2,14,6.0
,0.0,,2,14,10.0
,,,2,14,
320000.0,,,1,14,9.0
,0.0,,2,14,8.0
,,,2,14,
,,,2,14,
,,,1,14,
,,,1,14,10.0
,0.0,,2,14,8.0
276000.0,,,2,14,12.0
,,11091.0,1,14,
,,11091.0,2,14,
,0.0,,1,14,2.0
400000.0,,,1,14,17.0
,0.0,,1,14,3.0
,0.0,,1,14,3.0
,0.0,,2,14,5.0
,0.0,,2,14,6.0
,0.0,,2,14,6.0
,0.0,,1,14,2.0
270000.0,,,1,14,8.0
,,,1,14,6.0
,,11091.0,1,14,
,0.0,11091.0,2,14,10.0
,,11091.0,2,14,
,0.0,,2,14,8.0
,,,1,14,12.0
,0.0,,1,14,6.0
,0.0,,2,14,7.0
,0.0,,1,14,6.0
,0.0,,2,14,3.0
,0.0,,2,14,3.0
,0.0,,1,14,6.0
,0.0,,1,14,5.0
,0.0,,1,14,6.0
,0.0,,2,14,3.0
,,,1,14,6.0
,,,1,14,6.0
,0.0,,2,14,5.0
,0.0,,1,14,3.0
,0.0,,2,14,5.0
270000.0,,,1,14,8.0
,0.0,,2,14,8.0
,0.0,,2,14,10.0
,,,2,14,9.0
,,,1,14,7.0
,,,1,14,8.0
350000.0,,,2,14,6.0
,0.0,,1,14,9.0
,0.0,,2,14,5.0
,0.0,,2,14,3.0
230000.0,,,1,14,12.0
,0.0,,2,14,0.0
,0.0,,2,14,15.0
,,,1,14,5.0
,,,1,14,3.0
,0.0,,2,14,2.0
,0.0,,1,14,2.0
,0.0,,2,14,4.0
,0.0,,1,14,8.0
230000.0,,,2,14,8.0
,,,1,14,8.0
,,,1,14,8.0
,0.0,,2,14,
,0.0,,1,14,0.0
,0.0,,2,14,0.0
,0.0,,1,14,6.0
,0.0,,2,14,6.0
,,,2,14,8.0
,0.0,,1,14,7.0
,0.0,,2,14,4.0
99.0,,,2,14,8.0
,0.0,,1,14,4.0
276000.0,,,2,14,5.0
,0.0,,2,14,0.0
,0.0,,2,14,5.0
,,,1,14,
270000.0,,,2,14,0.0
,0.0,,1,14,0.0
300000.0,,,1,14,6.0
,0.0,,2,14,8.0
,0.0,,1,14,0.0
,0.0,,2,14,16.0
,,11091.0,1,14,
,,,1,14,6.0
,0.0,,2,14,8.0
400000.0,,,1,14,12.0
,0.0,,1,14,1.0
,0.0,,1,14,6.0
276000.0,,,1,14,8.0
,0.0,,2,14,6.0
,0.0,,1,14,12.0
,0.0,,2,14,8.0
350000.0,,,1,14,12.0
305000.0,,,2,14,12.0
,0.0,,2,14,11.0
,0.0,,2,14,0.0
,0.0,,1,14,2.0
99.0,,,2,14,12.0
,,,1,14,12.0
,,,2,14,
,,,1,14,
,0.0,,1,14,12.0
275000.0,,,2,14,12.0
,,,1,14,
,0.0,,1,14,3.0
,0.0,,2,14,3.0
,0.0,,2,14,3.0
,,,2,14,8.0
,0.0,,1,14,8.0
,0.0,,2,14,15.0
,0.0,,1,14,9.0
,,,2,14,
,0.0,,1,14,2.0
,,,2,14,8.0
,0.0,,2,14,12.0
,0.0,,2,14,9.0
,,,1,14,
,0.0,,2,14,5.0
0.0,,,1,14,11.0
,0.0,,1,14,0.0
,,,1,14,6.0
,,,2,14,8.0
,,,2,14,6.0
,,,1,14,17.0
450000.0,,,2,14,15.0
,0.0,,1,14,16.0
,,,2,14,
,0.0,,1,14,5.0
,0.0,,2,14,9.0
,,,2,14,12.0
,0.0,,2,14,0.0
,0.0,,2,14,0.0
,,,1,14,12.0
,0.0,,2,14,12.0
,0.0,,2,14,12.0
230000.0,,,2,14,14.0
0.0,,,1,14,15.0
,0.0,,1,14,13.0
,,,1,14,
,,,2,14,
320000.0,,,2,14,10.0
,,,1,14,3.0
,,,2,14,12.0
276000.0,,,2,14,12.0
270000.0,,,1,14,8.0
,0.0,,2,14,8.0
,0.0,,1,14,13.0
,,,2,14,
270000.0,,,1,14,5.0
,,,1,14,4.0
276000.0,,,2,14,8.0
,0.0,,1,14,13.0
,0.0,,2,14,2.0
,,,1,14,10.0
,0.0,,2,14,12.0
270000.0,,,2,14,14.0
,0.0,,1,14,11.0
,,,2,14,
,,,1,14,10.0
700000.0,,,2,14,15.0
700000.0,,,2,14,13.0
,,,1,14,15.0
270000.0,,,1,14,12.0
,0.0,,2,14,12.0
,,11091.0,1,14,
,0.0,,2,14,6.0
,0.0,,1,14,17.0
,0.0,,2,14,12.0
270000.0,,,1,14,12.0
,0.0,,2,14,15.0
,,,1,14,8.0
275000.0,,,2,14,12.0
,,,1,14,
,,,2,14,
220000.0,,,1,14,2.0
220000.0,,,2,14,4.0
620000.0,,,1,14,17.0
,,,2,14,12.0
,,,1,14,12.0
430000.0,,,2,14,17.0
,0.0,,2,14,15.0
,,,1,14,
1500000.0,,,1,14,17.0
,0.0,,2,14,12.0
350000.0,,,1,14,9.0
276000.0,,,2,14,12.0
,,11091.0,2,14,
,,11091.0,2,14,
,,,2,14,12.0
,0.0,,2,14,13.0
,0.0,11091.0,1,14,10.0
,,11091.0,2,14,
850000.0,,,1,14,17.0
276000.0,,,2,14,12.0
,,,1,14,12.0
,0.0,,2,14,10.0
,,,1,14,
,0.0,,2,14,10.0
200000.0,,,1,14,12.0
,,11091.0,2,14,
276000.0,,,2,14,12.0
,0.0,,1,14,0.0
,0.0,,2,14,0.0
,,,2,14,6.0
,,,1,14,12.0
,,,2,14,4.0
300000.0,,,1,14,14.0
276000.0,,,1,14,9.0
,0.0,,2,14,7.0
,,11091.0,2,14,
,,11091.0,1,14,
,,11091.0,1,14,
,0.0,,1,14,0.0
,0.0,,2,14,0.0
,,,2,14,12.0
600000.0,,,1,14,12.0
,,,2,14,
,0.0,,2,14,12.0
,0.0,,2,14,5.0
,0.0,,1,14,0.0
276000.0,,,1,14,9.0
,0.0,,2,14,1.0
300000.0,,,1,14,4.0
,,11091.0,1,14,
,,,1,14,8.0
,0.0,,2,14,4.0
,0.0,,1,14,8.0
,,,1,14,
,0.0,,1,14,19.0
,0.0,,2,14,8.0
,,,1,14,7.0
350000.0,,,1,14,10.0
200000.0,,,2,14,12.0
276000.0,,11091.0,2,14,9.0
,,,1,14,8.0
,0.0,,2,14,3.0
,0.0,,2,14,8.0
,,,1,14,10.0
,,,1,14,12.0
,,11091.0,2,14,
270000.0,,,1,14,10.0
270000.0,,,2,14,11.0
270000.0,,,1,14,12.0
,,,1,14,
500000.0,,,1,14,12.0
320000.0,,,2,14,12.0
,0.0,,2,14,15.0
,0.0,,2,14,13.0
,,,2,14,
300000.0,,,1,14,12.0
,0.0,,2,14,8.0
,0.0,,2,14,10.0
,,,1,14,
280000.0,,,1,14,8.0
,0.0,,2,14,15.0
,0.0,,2,14,12.0
,,,1,14,12.0
270000.0,,,2,14,12.0
,0.0,,1,14,12.0
,,,2,14,
,,,1,14,8.0
,0.0,,2,14,11.0
,0.0,,2,14,12.0
,,,1,14,
,,,1,14,12.0
,,,2,14,12.0
,,11091.0,1,14,
,,,1,14,10.0
300000.0,,,1,14,10.0
300000.0,,,2,14,15.0
,,,2,14,
,,,2,14,
350000.0,,,1,14,8.0
100000.0,,,2,14,12.0
,0.0,,2,14,14.0
,0.0,,1,14,10.0
,,,1,14,
,,,1,14,12.0
265000.0,,,2,14,12.0
,,,1,14,15.0
99.0,,,1,14,9.0
,0.0,,2,14,8.0
,0.0,,2,14,6.0
,,11091.0,1,14,
360000.0,,,1,14,6.0
,0.0,,2,14,2.0
,0.0,,1,14,4.0
,0.0,,2,14,4.0
,0.0,,1,14,4.0
,0.0,,2,14,0.0
276000.0,,,1,14,8.0
,0.0,,2,14,6.0
276000.0,,,1,14,12.0
,0.0,,2,14,4.0
270000.0,,,1,14,2.0
0.0,,,1,14,12.0
225000.0,,,1,14,8.0
38000.0,,,2,14,8.0
,0.0,11091.0,1,14,10.0
,,11091.0,2,14,
277000.0,,,1,14,8.0
,0.0,,2,14,5.0
,0.0,,2,14,12.0
240000.0,,,1,14,6.0
,0.0,,2,14,9.0
,,11091.0,2,14,
240000.0,,,1,14,12.0
,0.0,,2,14,12.0
,,,2,14,
,,,1,14,
,0.0,,2,14,2.0
280000.0,,,1,14,12.0
250000.0,,,2,14,7.0
,0.0,,2,14,12.0
,,,1,14,
,0.0,,1,14,9.0
,0.0,,2,14,0.0
400000.0,,,1,14,8.0
,0.0,,2,14,3.0
240000.0,,,2,14,12.0
,,11091.0,1,14,
,,11091.0,1,14,
,,,1,14,1.0
200000.0,,,1,14,9.0
,0.0,,2,14,9.0
,,11091.0,1,14,
,,11091.0,2,14,
,,11091.0,1,14,
280000.0,,,1,14,6.0
,,,2,14,8.0
,0.0,,2,14,12.0
,,11091.0,2,14,
,0.0,,2,14,5.0
,0.0,,2,14,5.0
,,,1,14,6.0
,0.0,,2,14,6.0
300000.0,,,1,14,12.0
276000.0,,,2,14,15.0
,0.0,,2,14,15.0
99.0,,,1,14,8.0
,0.0,,2,14,8.0
220000.0,,,2,14,12.0
,,11091.0,1,14,
,0.0,,2,14,8.0
,,,1,14,14.0
,0.0,,2,14,12.0
,0.0,,1,14,12.0
,0.0,,1,14,12.0
280000.0,,,1,14,8.0
,0.0,,2,14,12.0
276000.0,,,1,14,12.0
,0.0,,2,14,16.0
250000.0,,,1,14,9.0
60000.0,,,2,14,8.0
,0.0,,2,14,12.0
,0.0,,2,14,12.0
,0.0,11091.0,2,14,11.0
,0.0,11091.0,1,14,10.0
,,,1,14,5.0
380000.0,,,1,14,8.0
,0.0,,2,14,8.0
,0.0,,2,14,0.0
455000.0,,,1,14,10.0
,0.0,,2,14,8.0
99.0,,,1,14,16.0
,0.0,,2,14,12.0
360000.0,,,1,14,14.0
400000.0,,,1,14,16.0
,0.0,,2,14,16.0
,,,2,14,
,,,2,14,
,0.0,,1,14,4.0
,0.0,,2,14,2.0
,,,1,14,9.0
,0.0,,2,14,9.0
,0.0,,2,14,12.0
,0.0,11091.0,1,14,10.0
,,11091.0,1,14,
,0.0,,1,14,2.0
277000.0,,,1,14,12.0
,0.0,,2,14,9.0
277000.0,,,1,14,12.0
,0.0,,2,14,12.0
,,11091.0,1,14,
,,11091.0,1,14,
300000.0,,,1,14,6.0
,0.0,,2,14,3.0
,0.0,,2,14,12.0
270000.0,,,1,14,5.0
,0.0,,2,14,0.0
400000.0,,,1,14,8.0
300000.0,,,1,14,12.0
,0.0,,2,14,12.0
,,11091.0,2,14,
280000.0,,,1,14,6.0
,0.0,,2,14,3.0
,0.0,,1,14,8.0
99.0,,,1,14,5.0
,0.0,,2,14,0.0
,,,2,14,10.0
,0.0,,1,14,10.0
,,,2,14,16.0
60000.0,,,1,14,12.0
310000.0,,,2,14,12.0
,0.0,,2,14,15.0
,0.0,,1,14,10.0
,,,2,14,
,0.0,,1,14,18.0
650000.0,,,2,14,16.0
,0.0,,2,14,15.0
,20000.0,,1,14,12.0
,0.0,,2,14,17.0
,,,1,14,17.0
50000.0,,,2,14,12.0
,0.0,,2,14,4.0
99.0,,,2,14,17.0
,,,2,14,3.0
300000.0,,,2,14,12.0
,,,2,14,
,0.0,,1,14,
380000.0,,,1,14,8.0
,0.0,,2,14,5.0
,0.0,,2,14,12.0
,,11091.0,1,14,
,,11091.0,1,14,
,,,1,14,4.0
,0.0,,2,14,8.0
300000.0,,,2,14,12.0
300000.0,,,1,14,12.0
,,,1,14,
,0.0,,2,14,1.0
,0.0,,1,14,12.0
,0.0,,2,14,12.0
,,,1,14,16.0
,,,2,14,14.0
,,,2,14,
,,,2,14,
550000.0,,,2,14,12.0
275000.0,,,1,14,12.0
,0.0,,2,14,3.0
,,11091.0,2,14,
,,,1,14,2.0
,0.0,,2,14,4.0
,0.0,,2,14,12.0
250000.0,,,1,14,13.0
,,11091.0,1,14,
,0.0,,1,14,0.0
,0.0,,2,14,7.0
,,,1,14,12.0
,0.0,,2,14,9.0
380000.0,,,2,14,12.0
450000.0,,,2,14,16.0
,0.0,,2,14,16.0
,,,2,14,
320000.0,,,1,14,8.0
,0.0,,2,14,7.0
,0.0,,2,14,14.0
700000.0,,,1,14,8.0
291000.0,,,2,14,12.0
,0.0,,1,14,12.0
,,,1,14,
,0.0,,2,14,0.0
,0.0,,1,14,10.0
,,,1,14,12.0
,,,2,14,8.0
,,11091.0,1,14,
,,11091.0,1,14,
,,11091.0,1,14,
275000.0,,,1,14,11.0
,0.0,,2,14,11.0
,0.0,,2,14,12.0
,,,1,14,8.0
,,,2,14,6.0
600000.0,,,2,14,15.0
,0.0,,1,14,14.0
,0.0,,2,14,11.0
,0.0,,2,14,8.0
400000.0,,,1,14,8.0
726000.0,,,2,14,15.0
380000.0,,,1,14,11.0
99.0,,,2,14,15.0
,,11091.0,2,14,
,,11091.0,2,14,
,,,1,14,13.0
,,,2,14,12.0
,,,2,14,
,,,2,14,8.0
480000.0,,,2,14,15.0
800000.0,,,1,14,17.0
,,,1,14,
,,,2,14,
,0.0,,2,14,5.0
,0.0,,2,14,12.0
450000.0,,,1,14,12.0
275000.0,,,2,14,12.0
,0.0,,1,14,11.0
,0.0,,2,14,8.0
250000.0,,,2,14,12.0
,0.0,,1,14,14.0
,0.0,,2,14,8.0
,,,1,14,8.0
,,,2,14,8.0
275000.0,,,2,14,16.0
,0.0,11091.0,2,14,10.0
,,,2,14,
,0.0,,2,14,2.0
,,,1,14,8.0
500000.0,,,1,14,17.0
,0.0,,2,14,12.0
,0.0,,1,14,10.0
,,,2,14,
,,,2,14,12.0
,0.0,11091.0,1,14,11.0
,,11091.0,1,14,
400000.0,,,1,14,7.0
,0.0,,2,14,10.0
,0.0,,2,14,4.0
,0.0,,2,14,8.0
,0.0,,2,14,4.0
,0.0,,2,14,1.0
,0.0,,1,14,1.0
150000.0,,,1,14,4.0
,0.0,,2,14,8.0
,0.0,,2,14,13.0
,,,2,14,
,0.0,,2,14,12.0
120000.0,,,1,14,11.0
,,,2,14,12.0
280000.0,,,1,14,8.0
,0.0,,2,14,8.0
,,11091.0,1,14,
,,,1,14,7.0
,0.0,,2,14,8.0
230000.0,,,1,14,12.0
,,11091.0,2,14,
,0.0,,2,14,3.0
,,,1,14,8.0
,,,1,14,8.0
300000.0,,,2,14,8.0
,0.0,,2,14,12.0
360000.0,,,1,14,12.0
,,11091.0,2,14,
,,11091.0,2,14,
,0.0,,2,14,2.0
,,,1,14,4.0
,,,2,14,8.0
,,11091.0,2,14,
,0.0,,1,14,5.0
,0.0,,2,14,5.0
230000.0,,,1,14,8.0
230000.0,,,1,14,12.0
,0.0,,2,14,12.0
,,11091.0,1,14,
,,11091.0,2,14,
252000.0,,,1,14,8.0
,30000.0,,2,14,7.0
,0.0,11091.0,2,14,11.0
,,11091.0,2,14,
,0.0,,1,14,8.0
100000.0,,,2,14,
230000.0,,,1,14,8.0
,0.0,,2,14,4.0
,,,1,14,8.0
300000.0,,,2,14,8.0
,0.0,,2,14,11.0
,,11091.0,1,14,
,,11091.0,2,14,
,0.0,,1,14,3.0
,0.0,,2,14,12.0
,0.0,,1,14,7.0
,0.0,,2,14,0.0
,0.0,,2,14,10.0
290000.0,,,1,14,8.0
,0.0,11091.0,1,14,12.0
,,11091.0,2,14,
,,11091.0,2,14,
,0.0,,1,14,3.0
,0.0,,2,14,0.0
,0.0,,2,14,2.0
,,,1,14,12.0
,,,1,14,4.0
,0.0,,2,14,3.0
300000.0,,,1,14,12.0
350000.0,,,1,14,12.0
250000.0,,,1,14,6.0
,0.0,,2,14,5.0
300000.0,,,1,14,8.0
,0.0,,2,14,7.0
,0.0,,2,14,14.0
,,,2,14,
450000.0,,,1,14,8.0
,0.0,,2,14,8.0
,0.0,,2,14,14.0
,0.0,,1,14,14.0
,0.0,,1,14,15.0
,,,1,14,8.0
,0.0,,2,14,6.0
,0.0,,1,14,10.0
,,,2,14,10.0
,,11091.0,2,14,
,,,1,14,
250000.0,,,1,14,8.0
,0.0,,2,14,7.0
,0.0,11091.0,2,14,10.0
,,11091.0,1,14,
,,,1,14,
,,,2,14,11.0
,,,1,14,11.0
,,11091.0,1,14,
,,11091.0,2,14,
270000.0,,,1,14,5.0
,0.0,,2,14,2.0
270000.0,,,1,14,8.0
,0.0,,2,14,15.0
,0.0,,2,14,9.0
350000.0,,,1,14,8.0
0.0,,,2,14,13.0
225000.0,,,2,14,12.0
350000.0,,,1,14,12.0
220000.0,,,2,14,12.0
,0.0,,2,14,14.0
,0.0,,1,14,9.0
,0.0,,2,14,8.0
,0.0,,2,14,0.0
275000.0,,,1,14,11.0
,0.0,,2,14,13.0
220000.0,,,1,14,12.0
220000.0,,,2,14,12.0
,0.0,,2,14,12.0
,,,1,14,
277000.0,,,1,14,8.0
,0.0,,2,14,7.0
,,11091.0,1,14,
,0.0,,2,14,13.0
550000.0,,,1,14,8.0
,0.0,,2,14,8.0
,,,1,14,
,,,2,14,
400000.0,,,1,14,5.0
540000.0,,,2,14,9.0
,0.0,,2,14,13.0
350000.0,,,1,14,15.0
,0.0,,2,14,15.0
,,,2,14,
,,,1,14,8.0
,0.0,,2,14,4.0
,,,1,14,2.0
,0.0,,2,14,4.0
275000.0,,,2,14,16.0
,0.0,11091.0,2,14,11.0
,,11091.0,1,14,
100000.0,,,2,14,13.0
,,11091.0,2,14,
100000.0,,,2,14,10.0
150000.0,,,1,14,8.0
,0.0,,2,14,12.0
150000.0,,,1,14,12.0
,,,1,14,
270000.0,,,1,14,12.0
,0.0,,2,14,7.0
,0.0,,2,14,8.0
,0.0,,2,14,12.0
,,11091.0,1,14,
,,,2,14,8.0
,0.0,,2,14,8.0
,0.0,,1,14,10.0
300000.0,,,1,14,10.0
,0.0,,2,14,10.0
,0.0,,2,14,12.0
,,,2,14,
,,,2,14,
,0.0,,2,14,4.0
,0.0,,2,14,4.0
,0.0,,1,14,8.0
,0.0,,1,14,8.0
300000.0,,,1,14,12.0
300000.0,,,2,14,12.0
,0.0,,1,14,16.0
,,,2,14,
,,,2,14,
,0.0,,2,14,8.0
,0.0,,1,14,12.0
100000.0,,,1,14,14.0
,0.0,,2,14,6.0
,0.0,,2,14,1.0
,0.0,,2,14,8.0
,0.0,,1,14,12.0
99.0,,,2,14,17.0
,0.0,,2,14,17.0
,,,2,14,2.0
,0.0,,1,14,17.0
,0.0,,2,14,12.0
,,,2,14,12.0
,0.0,11091.0,1,14,11.0
,0.0,,1,14,2.0
,0.0,,2,14,3.0
,0.0,,1,14,9.0
420000.0,,,1,14,14.0
,0.0,,2,14,13.0
,0.0,,2,14,10.0
600000.0,,,1,14,12.0
,0.0,,2,14,12.0
,0.0,,2,14,15.0
,,,1,14,
300000.0,,,2,14,12.0
200000.0,,,2,14,12.0
,,,1,14,
,0.0,,2,14,12.0
,,11091.0,1,14,
,,11091.0,1,14,
,,11091.0,1,14,
,,,1,14,12.0
40000.0,,,2,14,12.0
,0.0,,1,14,15.0
,,11091.0,2,14,
,0.0,,2,14,15.0
600000.0,,,2,14,17.0
,0.0,,2,14,15.0
230000.0,,,2,14,8.0
,0.0,,1,14,18.0
,0.0,,2,14,15.0
,20000.0,,1,14,13.0
,0.0,,2,14,
,,,1,14,
,,,1,14,14.0
500000.0,,,1,14,18.0
300000.0,,,2,14,14.0
,0.0,,2,14,6.0
,,,1,14,12.0
270000.0,,,2,14,12.0
270000.0,,,1,14,12.0
,0.0,,2,14,4.0
,0.0,,1,14,12.0
,0.0,,1,14,12.0
,0.0,,2,14,8.0
,,,2,14,
,0.0,,2,14,4.0
,,,1,14,12.0
,0.0,,1,14,17.0
,,,1,14,17.0
,,,1,14,12.0
210000.0,,,2,14,13.0
,0.0,,2,14,13.0
,,,2,14,
,,,1,14,7.0
,,,2,14,7.0
550000.0,,,1,14,12.0
,0.0,,1,14,11.0
1050000.0,,,1,14,18.0
356000.0,,,2,14,12.0
,0.0,,2,14,14.0
,0.0,,2,14,12.0
,0.0,,1,14,0.0
,,,2,14,
,,,1,14,12.0
300000.0,,,2,14,12.0
,0.0,,1,14,12.0
,0.0,,2,14,12.0
,0.0,,2,14,12.0
,,,1,14,15.0
,0.0,,1,14,10.0
200000.0,,,1,14,10.0
,0.0,,2,14,12.0
,0.0,,2,14,18.0
170000.0,,,2,14,12.0
,,,1,14,4.0
,0.0,,2,14,15.0
,,,1,14,15.0
320000.0,,,2,14,15.0
,,,1,14,
,99.0,,2,14,12.0
186000.0,,,1,14,14.0
,0.0,,2,14,12.0
,0.0,,2,14,14.0
,0.0,,1,14,10.0
,,,2,14,
690000.0,,,2,14,15.0
,,,2,14,
,,,1,14,
350000.0,,,1,14,8.0
280000.0,,,2,14,8.0
,,,2,14,
,,,1,14,
580000.0,,,2,14,15.0
420000.0,,,1,14,15.0
,,,1,14,
300000.0,,,1,14,12.0
,0.0,,2,14,15.0
,,,2,14,
,0.0,,1,14,9.0
,,,2,14,9.0
170000.0,,,2,14,12.0
,0.0,,1,14,11.0
275000.0,,,1,14,12.0
200000.0,,,2,14,12.0
,,,2,14,
,,,1,14,
,0.0,,1,14,5.0
,0.0,,2,14,2.0
270000.0,,,1,14,2.0
,0.0,,2,14,5.0
,,,1,14,17.0
140000.0,,,1,14,12.0
,,,2,14,12.0
,0.0,,2,14,16.0
,0.0,,2,14,14.0
,,,1,14,
500000.0,,,1,14,8.0
,0.0,,2,14,12.0
1800000.0,,,1,14,17.0
,0.0,,1,14,16.0
300000.0,,,2,14,17.0
270000.0,,,1,14,11.0
270000.0,,,2,14,12.0
,0.0,,1,14,11.0
,,,2,14,
,0.0,,1,14,12.0
,40000.0,,2,14,10.0
0.0,,,2,14,12.0
0.0,,,2,14,12.0
,,,1,14,
230000.0,,,2,14,12.0
,0.0,,2,14,13.0
,,,2,14,7.0
,,,2,14,12.0
274000.0,,,1,14,13.0
,0.0,,2,14,0.0
270000.0,,,2,14,12.0
,0.0,,2,14,12.0
,0.0,,1,14,0.0
,,,2,14,3.0
,0.0,,1,14,6.0
,0.0,,2,14,5.0
400000.0,,,1,14,12.0
,0.0,,2,14,12.0
,,,1,14,
,,,2,14,
400000.0,,,2,14,15.0
,0.0,,1,14,9.0
,,,2,14,
,,,1,14,6.0
,0.0,,2,14,6.0
,0.0,,2,14,0.0
,,,2,14,
328000.0,,,1,14,12.0
250000.0,,,2,14,12.0
500000.0,,,1,14,12.0
500000.0,,,2,14,12.0
,0.0,,2,14,17.0
,100000.0,,1,14,15.0
350000.0,,,1,14,14.0
,0.0,,2,14,12.0
,,,1,14,17.0
,,,2,14,14.0
,,,2,14,
,0.0,,1,14,15.0
240000.0,,,2,14,12.0
,0.0,,2,14,12.0
,0.0,,2,14,12.0
275000.0,,,1,14,10.0
,0.0,,2,14,11.0
259000.0,,,2,14,15.0
200000.0,,,1,14,8.0
,150000.0,,2,14,12.0
99.0,,,2,14,12.0
270000.0,,,1,14,8.0
,0.0,,2,14,7.0
270000.0,,,1,14,12.0
,0.0,,2,14,0.0
300000.0,,,1,14,8.0
,0.0,,2,14,8.0
,0.0,,2,14,16.0
,,,1,14,
,0.0,,2,14,8.0
538176.0,,,1,14,12.0
,0.0,,2,14,12.0
,0.0,,2,14,9.0
,,,1,14,
99.0,,,1,14,12.0
,0.0,,2,14,12.0
,0.0,,2,14,12.0
,,,2,14,
500000.0,,,2,14,14.0
,,,2,14,
900000.0,,,1,14,14.0
,0.0,,1,14,16.0
,0.0,,2,14,12.0
,0.0,,2,14,6.0
,0.0,,2,14,13.0
,0.0,,2,14,4.0
500000.0,,,1,14,12.0
500000.0,,,2,14,17.0
,,,1,14,6.0
,0.0,,2,14,0.0
,,,2,14,8.0
,0.0,,1,14,14.0
,0.0,,1,14,11.0
850000.0,,,1,14,12.0
,0.0,,2,14,12.0
,,,1,14,
,0.0,,2,14,12.0
100000.0,,,2,14,13.0
,0.0,,1,14,11.0
,,,1,14,6.0
,0.0,,2,14,2.0
130000.0,,,2,14,14.0
,,,1,14,
,,,1,14,12.0
99.0,,,2,14,12.0
200000.0,,,2,14,8.0
,99.0,,1,14,12.0
,,,1,14,
,,,2,14,
,,,1,14,6.0
,0.0,,2,14,3.0
700000.0,,,2,14,13.0
,,,2,14,
270000.0,,,2,14,6.0
,0.0,,1,14,8.0
,0.0,,2,14,2.0
,,,1,14,
276000.0,,,2,14,12.0
,,11091.0,1,14,
,,11091.0,1,14,
200000.0,,,2,14,6.0
272000.0,,,1,14,12.0
,0.0,,1,14,12.0
110000.0,,,2,14,12.0
200000.0,,,2,14,12.0
200000.0,,,1,14,12.0
,,11091.0,1,14,
,,11091.0,1,14,
,,,1,14,12.0
,,,2,14,12.0
,0.0,,2,14,12.0
,,,2,14,
,,,1,14,
,,,1,14,
500000.0,,,2,14,15.0
295000.0,,,1,14,15.0
,0.0,,1,14,15.0
500000.0,,,1,14,12.0
300000.0,,,2,14,15.0
,0.0,,1,14,12.0
,0.0,,2,14,11.0
,,,1,14,12.0
99.0,,,1,14,12.0
99.0,,,2,14,12.0
99.0,,,1,14,17.0
,0.0,,2,14,12.0
1000000.0,,,1,14,14.0
800000.0,,,2,14,18.0
,,,1,14,
,,,2,14,
400000.0,,,1,14,14.0
500000.0,,,2,14,17.0
,,,2,14,
290000.0,,,1,14,13.0
,0.0,,2,14,13.0
,,11091.0,2,14,
640000.0,,,1,14,12.0
,0.0,,2,14,12.0
,,,1,14,
275000.0,,,1,14,8.0
,0.0,,2,14,12.0
,,,2,14,
,0.0,,2,14,3.0
,0.0,,1,14,5.0
275000.0,,,1,14,12.0
,0.0,,1,14,4.0
,0.0,,2,14,4.0
,0.0,,2,14,12.0
275000.0,,,1,14,8.0
,0.0,,2,14,16.0
,,,1,14,
,0.0,,1,14,0.0
,0.0,,2,14,8.0
,0.0,,1,14,3.0
,0.0,,2,14,3.0
400000.0,,,1,14,12.0
,0.0,,2,14,16.0
,,,1,14,12.0
,0.0,,2,14,12.0
,,,1,14,
,,,2,14,
,0.0,,2,14,5.0
200000.0,,,2,14,8.0
,0.0,,1,14,12.0
,,,2,14,4.0
300000.0,,,1,14,12.0
500000.0,,,2,14,11.0
,,,1,14,10.0
,,,1,14,14.0
280000.0,,,2,14,12.0
,0.0,,2,14,16.0
280000.0,,,1,14,9.0
,0.0,,2,14,12.0
250000.0,,,1,14,10.0
,,,2,14,
,,,2,14,
,,,1,14,
,0.0,,2,14,3.0
,,,2,14,12.0
691000.0,,,1,14,15.0
,,,2,14,
,0.0,,1,14,7.0
,0.0,,2,14,5.0
250000.0,,,1,14,11.0
,,,2,14,12.0
,,,1,14,10.0
1200000.0,,,1,14,16.0
200000.0,,,1,14,6.0
,0.0,,2,14,6.0
,,,1,14,
250000.0,,,2,14,4.0
,0.0,,1,14,6.0
,0.0,,2,14,6.0
,,,1,14,12.0
,,,2,14,15.0
,,,1,14,3.0
,,,2,14,14.0
,,,1,14,12.0
,0.0,,2,14,12.0
,0.0,,2,14,11.0
,,11091.0,2,14,
,,11091.0,1,14,
,,,1,14,12.0
400000.0,,,2,14,12.0
,,,1,14,
,,,1,14,
180000.0,,,2,14,12.0
,,,2,14,
,,,1,14,12.0
,,,1,14,20.0
800000.0,,,2,14,21.0
500000.0,,,1,14,8.0
180000.0,,,2,14,15.0
,0.0,,2,14,15.0
,,,2,14,
400000.0,,,1,14,12.0
800000.0,,,2,14,16.0
250000.0,,,1,14,14.0
,,,1,14,8.0
,,,1,14,7.0
270000.0,,,2,14,14.0
,,,2,14,
,100000.0,,1,14,2.0
,,,1,14,13.0
,,,2,14,13.0
,,11091.0,2,14,
700000.0,,,2,14,12.0
,0.0,,2,14,12.0
,,,2,14,
1000000.0,,,2,14,17.0
1600000.0,,,2,14,18.0
,0.0,,1,14,13.0
,0.0,,2,14,10.0
,0.0,,1,14,10.0
900000.0,,,2,14,17.0
,,,1,14,12.0
,0.0,,2,14,15.0
,0.0,,2,14,15.0
,0.0,,2,14,3.0
,0.0,,1,14,8.0
,0.0,,2,14,7.0
,,11091.0,2,14,
280000.0,,,1,14,8.0
,0.0,,2,14,8.0
600000.0,,,1,14,12.0
,0.0,,2,14,0.0
,0.0,,2,14,8.0
230000.0,,,1,14,6.0
,0.0,,2,14,5.0
,0.0,11091.0,1,14,11.0
,,11091.0,1,14,
275000.0,,,1,14,10.0
,0.0,,2,14,7.0
,,11091.0,2,14,
,,11091.0,2,14,
,0.0,,2,14,0.0
270000.0,,,1,14,8.0
,0.0,,2,14,2.0
,0.0,,2,14,1.0
300000.0,,,1,14,5.0
380000.0,,,1,14,4.0
260000.0,,,2,14,7.0
260000.0,,,2,14,8.0
,0.0,,1,14,14.0
,,11091.0,2,14,
,,11091.0,2,14,
50000.0,,,2,14,6.0
,0.0,,1,14,10.0
99.0,,11091.0,2,14,12.0
,0.0,11091.0,2,14,11.0
,,11091.0,1,14,
330000.0,,,2,14,8.0
270000.0,,,1,14,12.0
,0.0,,1,14,5.0
230000.0,,,1,14,12.0
230000.0,,,2,14,10.0
,,11091.0,2,14,
,,11091.0,1,14,
,,11091.0,1,14,
400000.0,,,1,14,12.0
,0.0,,2,14,12.0
,0.0,,2,14,10.0
,,,1,14,
,,,1,14,
,,,1,14,6.0
,0.0,,2,14,8.0
,,11091.0,1,14,
350000.0,,,1,14,5.0
,0.0,,2,14,10.0
,0.0,,1,14,11.0
,,11091.0,2,14,
,,11091.0,2,14,
,,,1,14,10.0
,0.0,,2,14,4.0
,,11091.0,2,14,
,0.0,,2,14,4.0
264000.0,,,1,14,8.0
,0.0,,2,14,6.0
,0.0,,2,14,13.0
,,11091.0,1,14,
,,11091.0,2,14,
,,,1,14,9.0
300000.0,,,2,14,12.0
,,,2,14,
,0.0,,1,14,3.0
,0.0,,2,14,3.0
,0.0,,1,14,4.0
,0.0,,2,14,10.0
,0.0,,1,14,12.0
,,11091.0,1,14,
,0.0,,1,14,6.0
,0.0,,2,14,6.0
,0.0,,2,14,13.0
,,11091.0,1,14,
,,11091.0,2,14,
,,,1,14,8.0
,0.0,,2,14,10.0
,0.0,,2,14,15.0
,,,2,14,
,,,2,14,8.0
300000.0,,,1,14,12.0
,,,2,14,10.0
,,11091.0,1,14,
,,11091.0,1,14,
274000.0,,,1,14,12.0
,0.0,,2,14,10.0
,0.0,,1,14,3.0
,0.0,,2,14,2.0
,0.0,,2,14,7.0
277000.0,,,1,14,6.0
,0.0,,2,14,6.0
,0.0,,2,14,8.0
,,11091.0,1,14,
,0.0,,2,14,10.0
300000.0,,,1,14,8.0
,,11091.0,1,14,
,,,1,14,3.0
,,,2,14,18.0
,0.0,,1,14,4.0
,0.0,,2,14,4.0
,,,1,14,12.0
,0.0,,2,14,12.0
350000.0,,,1,14,4.0
,0.0,,2,14,4.0
,,,1,14,
,0.0,,1,14,7.0
,,,2,14,
,0.0,,2,14,15.0
,,,1,14,
,,,2,14,
,0.0,,2,14,12.0
,,,2,14,
274000.0,,,1,14,5.0
,0.0,,2,14,4.0
,0.0,,2,14,4.0
99.0,,,2,14,12.0
,0.0,,1,14,12.0
,0.0,,2,14,11.0
,,,1,14,
450000.0,,,1,14,8.0
,0.0,,2,14,12.0
500000.0,,,1,14,12.0
,0.0,,2,14,17.0
,0.0,,2,14,6.0
270000.0,,,1,14,0.0
270000.0,,,2,14,8.0
,0.0,,1,14,10.0
,0.0,11091.0,1,14,10.0
,0.0,,1,14,5.0
,0.0,,2,14,3.0
,0.0,,1,14,3.0
,0.0,,2,14,3.0
300000.0,,,1,14,7.0
,0.0,,2,14,3.0
,0.0,,2,14,0.0
390000.0,,,1,14,0.0
,0.0,,2,14,12.0
275000.0,,,1,14,8.0
,0.0,,2,14,12.0
,0.0,11091.0,1,14,12.0
,,,1,14,5.0
,,,2,14,6.0
,0.0,,2,14,13.0
280000.0,,,1,14,12.0
,,,1,14,6.0
,,,2,14,8.0
,0.0,,1,14,4.0
,0.0,,2,14,3.0
,0.0,,1,14,4.0
,0.0,,2,14,8.0
,0.0,,1,14,
,0.0,,2,14,6.0
,0.0,11091.0,1,14,10.0
,0.0,,2,14,0.0
,20000.0,,2,14,9.0
,,,1,14,
,0.0,,1,14,10.0
,,,1,14,5.0
,0.0,,2,14,8.0
,0.0,,2,14,11.0
,0.0,,2,14,10.0
,,,1,14,
,0.0,,2,14,5.0
,,,1,14,8.0
,,,2,14,
,,,1,14,8.0
250000.0,,,2,14,12.0
,0.0,11091.0,1,14,11.0
,,11091.0,2,14,
,0.0,,2,14,3.0
,20000.0,,2,14,7.0
230000.0,,,1,14,12.0
,,11091.0,1,14,
,,11091.0,2,14,
,,,1,14,6.0
,0.0,,2,14,2.0
,99.0,,1,14,7.0
,99.0,,2,14,3.0
99.0,,,1,14,9.0
400000.0,,,2,14,12.0
280000.0,,,1,14,3.0
,0.0,,2,14,6.0
,,,1,14,
260000.0,,,1,14,8.0
,0.0,,2,14,7.0
,0.0,,1,14,12.0
,,,1,14,8.0
,0.0,,2,14,10.0
300000.0,,,1,14,8.0
,0.0,,2,14,8.0
,,,1,14,11.0
270000.0,,,2,14,9.0
,0.0,,1,14,5.0
,,,2,14,
,,,2,14,
,,,2,14,12.0
275000.0,,,1,14,12.0
,,,1,14,
400000.0,,,1,14,3.0
,0.0,,2,14,10.0
260000.0,,,1,14,12.0
,,,1,14,
,0.0,,2,14,12.0
,,,2,14,
,100000.0,,1,14,10.0
,0.0,,2,14,12.0
,,11091.0,2,14,
450000.0,,,1,14,8.0
,0.0,,2,14,8.0
,,,1,14,12.0
,,,2,14,
,,,1,14,12.0
,0.0,,2,14,11.0
350000.0,,,1,14,8.0
270000.0,,,1,14,8.0
,0.0,,2,14,12.0
,0.0,,1,14,12.0
,0.0,,1,14,10.0
,,,2,14,12.0
500000.0,,,1,14,12.0
300000.0,,,1,14,8.0
,0.0,,2,14,11.0
,,11091.0,1,14,
,,11091.0,1,14,
320000.0,,,2,14,12.0
290000.0,,,1,14,3.0
,0.0,,2,14,11.0
360000.0,,,1,14,8.0
,0.0,,2,14,12.0
,,11091.0,1,14,
,,,1,14,
,,11091.0,1,14,
,,11091.0,2,14,
275000.0,,,1,14,10.0
,0.0,,2,14,10.0
,,11091.0,1,14,
,,,1,14,11.0
,0.0,,2,14,13.0
,,11091.0,2,14,
420000.0,,,1,14,8.0
240000.0,,,1,14,8.0
,0.0,,2,14,5.0
,,11091.0,2,14,
,,11091.0,2,14,
150000.0,,,1,14,4.0
,0.0,,2,14,0.0
380000.0,,,1,14,9.0
,0.0,,1,14,0.0
,0.0,,2,14,0.0
,0.0,,2,14,12.0
,,,2,14,6.0
270000.0,,,2,14,12.0
,0.0,,1,14,9.0
230000.0,,,1,14,8.0
,0.0,,2,14,8.0
,,,2,14,
270000.0,,,1,14,11.0
,0.0,,2,14,4.0
,,,1,14,5.0
,0.0,,2,14,12.0
,,,1,14,
,0.0,,2,14,3.0
350000.0,,,1,14,8.0
,0.0,,2,14,6.0
,0.0,,2,14,8.0
80000.0,,,1,14,6.0
,0.0,,2,14,10.0
,,11091.0,2,14,
,,11091.0,2,14,
270000.0,,,1,14,6.0
230000.0,,,1,14,8.0
,0.0,,2,14,8.0
230000.0,,,1,14,12.0
,0.0,,1,14,1.0
230000.0,,,1,14,8.0
,0.0,,2,14,6.0
230000.0,,,1,14,8.0
0.0,,,2,14,6.0
,0.0,11091.0,1,14,10.0
,0.0,,1,14,3.0
,0.0,,2,14,5.0
100000.0,,,1,14,3.0
270000.0,,,1,14,6.0
270000.0,,,2,14,12.0
,0.0,,2,14,12.0
,,,2,14,
,,,1,14,
,0.0,,2,14,12.0
,,,1,14,8.0
,0.0,,1,14,13.0
,0.0,,1,14,10.0
,0.0,,2,14,3.0
300000.0,,,1,14,8.0
,0.0,,2,14,8.0
,0.0,,2,14,14.0
,,,1,14,
,,,1,14,
,0.0,,2,14,5.0
,,,1,14,8.0
,0.0,,2,14,2.0
,,,1,14,8.0
,0.0,,1,14,0.0
,0.0,,2,14,3.0
,,,2,14,6.0
,,,1,14,10.0
,,,2,14,12.0
,,,2,14,
,,,1,14,12.0
,0.0,,2,14,12.0
,0.0,,2,14,11.0
,0.0,,2,14,8.0
270000.0,,,1,14,10.0
,0.0,,2,14,8.0
300000.0,,,1,14,8.0
,0.0,,2,14,8.0
,,11091.0,1,14,
,,11091.0,2,14,
,,11091.0,2,14,
348000.0,,,1,14,12.0
,0.0,,2,14,12.0
,0.0,,2,14,10.0
,,,2,14,
,,,2,14,
270000.0,,,1,14,4.0
,0.0,,2,14,5.0
,,,1,14,
,0.0,,2,14,10.0
400000.0,,,1,14,9.0
,,,1,14,7.0
,0.0,,2,14,7.0
,,,1,14,12.0
,,,1,14,8.0
,0.0,,2,14,8.0
,0.0,,2,14,12.0
277000.0,,,2,14,12.0
,,,1,14,
,,,2,14,
360000.0,,,1,14,4.0
,0.0,,2,14,8.0
,,,2,14,
280000.0,,,1,14,4.0
,0.0,,2,14,6.0
350000.0,,,1,14,6.0
,0.0,,2,14,10.0
350000.0,,,2,14,14.0
,0.0,,2,14,13.0
,,11091.0,2,14,
,,11091.0,1,14,
,,,1,14,8.0
380000.0,,,1,14,11.0
280000.0,,,2,14,8.0
,0.0,,1,14,11.0
300000.0,,,1,14,10.0
,0.0,,2,14,3.0
,,,2,14,
,,,2,14,
,,,2,14,
300000.0,,,1,14,8.0
,0.0,,2,14,8.0
,0.0,,1,14,11.0
,0.0,,1,14,9.0
,,,1,14,4.0
,0.0,,2,14,8.0
300000.0,,,1,14,10.0
,,,1,14,
,,,2,14,
,,,1,14,4.0
,0.0,,2,14,12.0
,0.0,,1,14,13.0
360000.0,,,1,14,8.0
,0.0,,2,14,8.0
,0.0,11091.0,2,14,12.0
,,11091.0,1,14,
,,11091.0,1,14,
300000.0,,,1,14,8.0
,0.0,,2,14,8.0
,0.0,,2,14,13.0
,,,1,14,5.0
,0.0,,2,14,1.0
,,,1,14,8.0
,,,2,14,12.0
,0.0,,1,14,8.0
400000.0,,,2,14,8.0
,,11091.0,1,14,
300000.0,,,1,14,8.0
270000.0,,,1,14,7.0
250000.0,,,1,14,9.0
,0.0,,2,14,7.0
,0.0,,2,14,1.0
,,,1,14,6.0
,,,1,14,17.0
,0.0,,1,14,3.0
,0.0,,2,14,9.0
,,,1,14,8.0
270000.0,,,2,14,12.0
,,,1,14,3.0
,0.0,,2,14,8.0
,0.0,,2,14,0.0
320000.0,,,1,14,6.0
,0.0,,2,14,3.0
,0.0,,2,14,12.0
,,,1,14,8.0
,,11091.0,1,14,
290000.0,,,1,14,8.0
,0.0,,2,14,8.0
,,11091.0,2,14,
,,11091.0,2,14,
600000.0,,,1,14,7.0
,0.0,,2,14,3.0
270000.0,,,1,14,9.0
,,,2,14,
360000.0,,,1,14,9.0
275000.0,,,1,14,12.0
,0.0,,2,14,8.0
,,,1,14,
,,,1,14,
,,,2,14,
,,,1,14,12.0
,0.0,,2,14,12.0
,0.0,,1,14,8.0
270000.0,,,2,14,12.0
,,,2,14,7.0
,0.0,,1,14,0.0
,0.0,,1,14,0.0
,0.0,,2,14,6.0
,0.0,,2,14,0.0
99.0,,,2,14,12.0
499000.0,,,1,14,12.0
180000.0,,,2,14,12.0
,0.0,,1,14,17.0
,0.0,,1,14,13.0
,,,1,14,8.0
,,,2,14,
,0.0,,1,14,5.0
,0.0,,2,14,4.0
,0.0,,1,14,15.0
,0.0,,1,14,11.0
249000.0,,,2,14,12.0
,,,1,14,
270000.0,,,1,14,8.0
,,,1,14,
,0.0,,2,14,1.0
,0.0,,1,14,2.0
,0.0,,2,14,0.0
,0.0,,2,14,12.0
270000.0,,,1,14,11.0
,0.0,,2,14,8.0
,0.0,,1,14,13.0
,0.0,11091.0,2,14,11.0
,0.0,11091.0,2,14,9.0
,0.0,,2,14,8.0
230000.0,,,1,14,6.0
250000.0,,,1,14,12.0
250000.0,,,1,14,12.0
,0.0,,2,14,7.0
270000.0,,,1,14,8.0
,0.0,,2,14,4.0
99.0,,,2,14,12.0
