y1,y11,y20amonto,y29_2b,sexo,region,esc,oficio1
,,,,2,14,8.0,
,,,,1,14,10.0,
,,,,2,14,8.0,5.0
,,,,1,14,12.0,5.0
300000.0,,,,1,14,16.0,5.0
,,,,1,14,13.0,5.0
,,,,2,14,12.0,
700000.0,,,,1,14,13.0,7.0
,,21243.0,,1,14,,
,,21243.0,,1,14,,
500000.0,,,,2,14,8.0,8.0
500000.0,,,,1,14,12.0,8.0
,,,,1,14,9.0,
,,,,1,14,,
650000.0,,,,1,14,12.0,8.0
425000.0,,,,2,14,15.0,4.0
0.0,,,,2,14,16.0,9.0
,,,,2,14,15.0,
,,,,1,14,14.0,
300000.0,,,,2,14,6.0,9.0
500000.0,,,,2,14,12.0,5.0
,140000.0,,,1,14,16.0,
800000.0,,,,2,14,18.0,2.0
1200000.0,,,,2,14,17.0,2.0
-88.0,,,,1,14,15.0,3.0
-88.0,,,,2,14,17.0,2.0
,,,500000.0,2,14,15.0,
,,,241000.0,1,14,0.0,
2000000.0,,,,2,14,18.0,2.0
,,,400000.0,2,14,15.0,
,,,,2,14,18.0,
1500000.0,,,,1,14,19.0,2.0
,,,,2,14,15.0,7.0
700000.0,,,,2,14,17.0,2.0
2060000.0,,,,2,14,23.0,2.0
5500000.0,,,,1,14,19.0,2.0
,,,,1,14,10.0,
,,,,2,14,,
7500000.0,,,,1,14,20.0,1.0
,,,,2,14,25.0,2.0
,,,,1,14,12.0,
1500000.0,,,,2,14,17.0,2.0
,,,,2,14,,
,,,,2,14,12.0,
750000.0,,,,1,14,12.0,7.0
,,,,1,14,13.0,
,,,,2,14,,
580000.0,,,,1,14,8.0,9.0
,,,,2,14,14.0,
,,,,2,14,,
,450000.0,,,2,14,17.0,
900000.0,,,,2,14,15.0,3.0
1000000.0,,,,1,14,15.0,3.0
,,,,2,14,,
,,,,1,14,,
670000.0,,,,1,14,12.0,7.0
574000.0,,,,2,14,15.0,3.0
,,,,1,14,,
,,,,2,14,,
500000.0,,,,1,14,8.0,9.0
500000.0,,,,2,14,12.0,7.0
,,,,2,14,10.0,
,,,,1,14,,
,,,,2,14,12.0,
,,,214000.0,1,14,2.0,
,,,214000.0,2,14,0.0,
,,,,2,14,0.0,
,,,214000.0,1,14,4.0,
,,,214296.0,1,14,3.0,
,,,214296.0,2,14,0.0,
,,,200000.0,1,14,,
,,,214000.0,2,14,15.0,
,,,,2,14,3.0,
,,,,1,14,12.0,
,,,214296.0,2,14,5.0,
,,,214296.0,1,14,8.0,
,,,230000.0,1,14,8.0,
,,,,2,14,8.0,
,,,214296.0,1,14,8.0,
,,,296294.0,1,14,8.0,
,,,,2,14,0.0,
,,,,2,14,12.0,
750000.0,,,,2,14,16.0,2.0
,,21243.0,,2,14,,
650000.0,,,,1,14,8.0,6.0
550000.0,,,,1,14,12.0,8.0
400000.0,,,,2,14,8.0,9.0
,,,,2,14,14.0,
,,,,2,14,15.0,3.0
,,,,2,14,4.0,
620000.0,,,,2,14,17.0,2.0
650000.0,,,,1,14,15.0,8.0
,,,,1,14,,
,,,,2,14,,
,,,360000.0,1,14,3.0,
,,,214296.0,2,14,3.0,
930000.0,,,,2,14,21.0,1.0
930000.0,,,,1,14,17.0,2.0
,,,,1,14,,
,,,,2,14,,
,,,,1,14,11.0,9.0
,,,,2,14,5.0,
520000.0,,,,1,14,6.0,9.0
500000.0,,,,2,14,12.0,4.0
500000.0,,,,1,14,7.0,6.0
,,,,2,14,9.0,
300000.0,,,,1,14,12.0,8.0
,,21243.0,,1,14,,
,,21243.0,,1,14,,
,,,214296.0,2,14,3.0,
,,,,1,14,5.0,
,,,,1,14,8.0,6.0
,,,214296.0,2,14,6.0,
,,,214400.0,2,14,5.0,
,,,,1,14,5.0,
,,,,2,14,12.0,
220000.0,,,,2,14,17.0,5.0
,,,,1,14,,
,,,,1,14,15.0,
,,,214296.0,2,14,17.0,
,,,,2,14,4.0,
500000.0,,,,1,14,6.0,6.0
,,,,2,14,9.0,
,,,,2,14,10.0,
,,,,1,14,10.0,
,,21243.0,,1,14,8.0,
,,21243.0,,2,14,,
,,21243.0,,2,14,,
200000.0,,,,2,14,8.0,9.0
,,,1000000.0,1,14,17.0,
,,,,2,14,12.0,
,,,106000.0,2,14,8.0,
,,,,1,14,6.0,
,,,,2,14,,
,,,,2,14,12.0,9.0
,,,,2,14,5.0,
500000.0,,,,1,14,8.0,6.0
,300000.0,,,1,14,12.0,
,150000.0,,,1,14,12.0,
,,,,2,14,12.0,7.0
,,,400000.0,1,14,8.0,
,,,,1,14,12.0,
,,,214000.0,1,14,0.0,
,,,1000000.0,1,14,12.0,
,,,214000.0,2,14,12.0,
,,,214000.0,2,14,12.0,
,,,1000000.0,1,14,12.0,
480000.0,,,,2,14,15.0,5.0
,,,,1,14,15.0,7.0
,,,,2,14,,
,,,,2,14,,
,,,,2,14,12.0,
0.0,,,,1,14,13.0,6.0
,,21243.0,,1,14,12.0,
,,21243.0,,2,14,11.0,
,,,332000.0,1,14,3.0,
,,,,2,14,12.0,
650000.0,,,,1,14,8.0,8.0
,,,,2,14,10.0,
,,,214296.0,1,14,0.0,
,,,,2,14,15.0,
,,,750000.0,1,14,15.0,8.0
650000.0,,,,1,14,15.0,3.0
490000.0,,,,1,14,12.0,7.0
,,,,2,14,14.0,
,,,,1,14,17.0,
,,,214296.0,2,14,12.0,
,,,,1,14,9.0,5.0
,,,400000.0,1,14,12.0,
,,,214296.0,2,14,12.0,1.0
500000.0,,,220000.0,1,14,6.0,6.0
800000.0,,,,1,14,22.0,2.0
,,,,1,14,15.0,
600000.0,,,,2,14,15.0,3.0
500000.0,,,,1,14,15.0,7.0
,,,,1,14,,
,,,,2,14,11.0,
,,,214296.0,2,14,0.0,
,,,,1,14,6.0,
,,,103000.0,2,14,14.0,
,,,250000.0,2,14,12.0,
,,,324000.0,1,14,3.0,
,,,,2,14,4.0,
1950000.0,,,,2,14,17.0,2.0
,,,,2,14,10.0,
,,,,2,14,5.0,
663000.0,,,,1,14,15.0,5.0
,,,,2,14,17.0,
2000000.0,,,,2,14,17.0,2.0
,,,590000.0,1,14,17.0,
,,,,1,14,,
,,,,1,14,,
2300000.0,,,,1,14,17.0,2.0
,,,500000.0,2,14,17.0,
1000000.0,,,,2,14,15.0,3.0
,,,,1,14,10.0,
,,,,2,14,8.0,
450000.0,,,,1,14,7.0,5.0
0.0,,,,2,14,12.0,9.0
,,,,2,14,,
,,,,2,14,12.0,
,,21243.0,,2,14,,
350000.0,,,,2,14,15.0,3.0
320000.0,,,,1,14,10.0,8.0
,,,,2,14,,
,,,214296.0,2,14,12.0,
,,,310000.0,1,14,3.0,
450000.0,,,,2,14,15.0,5.0
,,,,2,14,12.0,
,,,,2,14,,
,,,,2,14,12.0,
650000.0,,,,1,14,15.0,8.0
,,,,2,14,,
,,,,1,14,,
,,,,2,14,12.0,5.0
,,,,1,14,16.0,
,,,,2,14,15.0,3.0
,,,,1,14,12.0,7.0
500000.0,,,,1,14,12.0,8.0
,,,,1,14,15.0,
,,,,1,14,,
,,,,2,14,12.0,
,,,,2,14,12.0,
,,,,1,14,12.0,8.0
,,21243.0,,2,14,,
,,21243.0,,2,14,,
,,21243.0,,1,14,,
960000.0,,,,2,14,14.0,3.0
,,,230000.0,2,14,8.0,
750000.0,,,,1,14,12.0,8.0
,,,,1,14,10.0,
,,,,2,14,,
40000.0,,,,2,14,4.0,9.0
,,,250000.0,1,14,5.0,5.0
,,,,2,14,5.0,
380000.0,,,,1,14,16.0,8.0
850000.0,,,240000.0,1,14,5.0,8.0
,,,214000.0,2,14,0.0,
,,,,2,14,0.0,
,,,,1,14,10.0,7.0
500000.0,,,,1,14,8.0,3.0
,150000.0,,,2,14,12.0,
540000.0,,,,1,14,12.0,5.0
1200000.0,,,,1,14,16.0,2.0
,,,,2,14,17.0,
,,,,2,14,17.0,
2000000.0,,,,1,14,17.0,1.0
1800000.0,,,,2,14,17.0,2.0
2800000.0,,,,1,14,17.0,1.0
,,,,2,14,,
,,,,2,14,,
2500000.0,,,,1,14,19.0,1.0
1000000.0,,,,2,14,17.0,2.0
,,,,1,14,,
,,,,2,14,,
500000.0,,,,2,14,15.0,3.0
2000000.0,,,,1,14,16.0,2.0
,,,,1,14,16.0,
600000.0,,,,1,14,17.0,2.0
750000.0,,,,2,14,17.0,7.0
,,,,1,14,15.0,4.0
,,,,2,14,17.0,2.0
,,,,1,14,17.0,1.0
750000.0,,,,1,14,17.0,2.0
,,,900000.0,2,14,10.0,
,,,214296.0,1,14,4.0,
270000.0,,,214296.0,2,14,10.0,9.0
,,,,2,14,12.0,
,,,,2,14,15.0,
500000.0,,,,1,14,15.0,5.0
,,,,2,14,,
,,,214296.0,2,14,6.0,
,,,,2,14,15.0,3.0
,,,190000.0,2,14,12.0,
,,,,2,14,6.0,
,,,,1,14,9.0,7.0
,,,,1,14,17.0,
2000000.0,,,,2,14,16.0,2.0
1000000.0,,,,1,14,15.0,2.0
,,,,1,14,,
,,,,1,14,,
640000.0,,,,2,14,15.0,4.0
,,,,2,14,16.0,
,,,,2,14,13.0,
,,,,2,14,11.0,
,,,,2,14,15.0,8.0
500000.0,,,,1,14,17.0,2.0
,,,,1,14,8.0,6.0
,,,212000.0,2,14,13.0,
,,,,2,14,12.0,
,,,,1,14,15.0,9.0
,,,,2,14,10.0,
300000.0,,,,2,14,3.0,6.0
250000.0,,,,2,14,16.0,5.0
,,21243.0,,2,14,11.0,
,,,,1,14,12.0,7.0
,,,,2,14,12.0,
700000.0,,,,1,14,17.0,3.0
,,,300000.0,1,14,8.0,
,,,214000.0,2,14,8.0,
232500.0,,,220000.0,2,14,5.0,9.0
,,,,1,14,11.0,7.0
450000.0,,,,2,14,14.0,5.0
,,,,2,14,3.0,
500000.0,,,,1,14,17.0,3.0
200000.0,,,,2,14,12.0,5.0
,,21243.0,,2,14,10.0,
,,21243.0,,2,14,,
,,,330000.0,1,14,12.0,
,,,220000.0,2,14,12.0,
,,,,2,14,0.0,
,,,,1,14,4.0,
,,,,2,14,8.0,
500000.0,,,,2,14,12.0,9.0
,,,,2,14,8.0,
500000.0,,,,1,14,12.0,9.0
,,,,1,14,12.0,
,,,,2,14,13.0,
,,,,1,14,,
,,,,2,14,,
,,,145000.0,1,14,12.0,
,,,,2,14,9.0,9.0
500000.0,,,,1,14,12.0,3.0
,,,,2,14,12.0,
1100000.0,,,,1,14,15.0,3.0
800000.0,,,,1,14,12.0,8.0
,,,220000.0,2,14,8.0,
,,,,1,14,4.0,
,,,,2,14,12.0,7.0
,,,,1,14,12.0,
,,,,2,14,15.0,
,,,420000.0,1,14,3.0,
,,,214296.0,2,14,3.0,
500000.0,,,,1,14,9.0,5.0
,,,,2,14,6.0,7.0
2200000.0,,,,1,14,19.0,2.0
,,,,2,14,17.0,
,,,,1,14,4.0,
,,,490000.0,1,14,12.0,6.0
,,,,2,14,4.0,7.0
,,21243.0,,2,14,10.0,
220000.0,,,,1,14,6.0,7.0
,,,,2,14,6.0,
500000.0,,,,1,14,12.0,7.0
,,,,1,14,5.0,9.0
,,,214296.0,1,14,7.0,6.0
,,,214296.0,2,14,6.0,
,,,,1,14,12.0,
,,,,1,14,14.0,1.0
560000.0,,,,2,14,15.0,3.0
,,,500000.0,1,14,12.0,7.0
,,,,2,14,12.0,5.0
1200000.0,,,,1,14,12.0,3.0
,,,214296.0,2,14,2.0,
,,,,2,14,8.0,
,50000.0,,330000.0,1,14,6.0,
,,,,2,14,4.0,
,,,320000.0,1,14,6.0,7.0
,,,,1,14,12.0,7.0
700000.0,,,,1,14,12.0,7.0
700000.0,,,,2,14,12.0,5.0
,,,,1,14,,
,,,,1,14,17.0,5.0
,,,,2,14,12.0,7.0
,,,,1,14,10.0,
,,,,2,14,,
,,,,1,14,,
,,,214296.0,2,14,10.0,
230000.0,,,220000.0,2,14,12.0,5.0
,,,,1,14,12.0,
,,,,2,14,3.0,
430000.0,,,,2,14,8.0,5.0
,,,,1,14,9.0,
500000.0,,,,1,14,12.0,5.0
1600000.0,,,,2,14,17.0,2.0
,,,,1,14,8.0,8.0
700000.0,,,,1,14,13.0,7.0
,,,,2,14,15.0,
,,,,2,14,10.0,
,,,,1,14,,
,,,380000.0,2,14,10.0,
450000.0,,,,2,14,12.0,9.0
,,,,1,14,14.0,
,,,,2,14,16.0,
,,,,2,14,,
700000.0,,,,1,14,15.0,7.0
,,,,2,14,8.0,
250000.0,,,,2,14,15.0,9.0
,,,,1,14,,
,,,,2,14,,
,,,,2,14,,
1200000.0,,,,1,14,17.0,5.0
700000.0,,,,2,14,12.0,5.0
700000.0,,,,1,14,15.0,5.0
,,,412000.0,1,14,10.0,
550000.0,,,,2,14,12.0,5.0
,,,,2,14,15.0,
,,,,2,14,15.0,
,,,,2,14,12.0,
500000.0,,,,1,14,10.0,6.0
,,,,1,14,11.0,
,,,,2,14,,
,,,214296.0,2,14,7.0,
375000.0,,,,1,14,8.0,8.0
400000.0,,,,2,14,17.0,5.0
,,,,1,14,9.0,
1200000.0,,,,2,14,17.0,2.0
,,,,1,14,,
1100000.0,,,,1,14,15.0,3.0
500000.0,,,,2,14,15.0,5.0
500000.0,,,,1,14,17.0,1.0
,,,,1,14,10.0,
,,,,1,14,,
1900000.0,,,,1,14,16.0,2.0
,,,,2,14,15.0,
,,,,2,14,15.0,
,,,,2,14,,
1200000.0,,,,1,14,16.0,5.0
,,,,2,14,13.0,
,,,,2,14,17.0,2.0
,,,,1,14,17.0,2.0
998000.0,,,,2,14,16.0,2.0
,,,,1,14,,
600000.0,,,,1,14,12.0,8.0
,,,,2,14,9.0,
,,,,2,14,17.0,
,,,,2,14,8.0,
500000.0,,,,2,14,12.0,9.0
,,,,2,14,13.0,
,,,,1,14,,
,,,,2,14,12.0,
650000.0,,,,1,14,10.0,8.0
,,,,1,14,12.0,
,,,,1,14,,
,,,,1,14,6.0,7.0
,,,,2,14,12.0,
,,,,2,14,8.0,
500000.0,,,,1,14,9.0,8.0
,,,,2,14,12.0,
,,,,2,14,,
412500.0,,,,2,14,15.0,5.0
,450000.0,,,1,14,9.0,
,,,,2,14,,
,,,,1,14,8.0,
,,,,2,14,8.0,
,,,,1,14,10.0,
,,,,2,14,4.0,
405000.0,,,,1,14,12.0,9.0
,,,,1,14,12.0,7.0
,,,214296.0,1,14,8.0,
,,,,2,14,7.0,
700000.0,,,,1,14,12.0,7.0
650000.0,,,,1,14,12.0,9.0
,,21243.0,,1,14,10.0,
,,21243.0,,1,14,,
500000.0,,,,1,14,12.0,3.0
,,,,2,14,12.0,5.0
,,,,1,14,11.0,3.0
,,,,2,14,12.0,
,,,,2,14,13.0,
,,,,1,14,,
,,,,1,14,,
,,,,1,14,12.0,7.0
,,,,2,14,12.0,
500000.0,,,,1,14,6.0,7.0
,,,,2,14,9.0,
,,,,2,14,12.0,
,,,,1,14,12.0,
,,,214000.0,2,14,4.0,
,,,,1,14,12.0,6.0
200000.0,,,,2,14,9.0,9.0
,,,270000.0,1,14,5.0,
500000.0,,,,1,14,12.0,7.0
,,,,2,14,,
,,,,2,14,10.0,
,,,300000.0,2,14,4.0,
,,,,2,14,12.0,
500000.0,,,,1,14,12.0,7.0
,,,,1,14,13.0,
,,21243.0,,1,14,,
,,21243.0,,1,14,,
1500000.0,,,,2,14,17.0,2.0
700000.0,,,,1,14,12.0,2.0
,,,,2,14,,
,,,,1,14,17.0,8.0
,,,599000.0,1,14,14.0,
,,,192000.0,2,14,14.0,
500000.0,,,,1,14,15.0,4.0
,,,,1,14,0.0,
500000.0,,,,2,14,13.0,3.0
,,,,2,14,15.0,5.0
,,,,1,14,13.0,7.0
,,21243.0,,1,14,,
,,21243.0,,2,14,,
440000.0,,,,1,14,12.0,6.0
440000.0,,,,2,14,13.0,5.0
850000.0,,,,1,14,15.0,3.0
0.0,,,,2,14,15.0,3.0
,,,,2,14,,
460000.0,,,,1,14,2.0,7.0
,,,,2,14,19.0,
,,21243.0,,2,14,,
,,,,1,14,,
,,,120000.0,2,14,0.0,
,,,,1,14,,6.0
,,,,1,14,12.0,5.0
,,,,2,14,15.0,
,,,,1,14,13.0,
,,,,2,14,10.0,5.0
,,,,2,14,12.0,
380000.0,,,97000.0,2,14,10.0,5.0
378000.0,,,,2,14,17.0,2.0
550000.0,,,,1,14,15.0,4.0
,,,,1,14,13.0,
,,,213000.0,2,14,7.0,
350000.0,,,,1,14,15.0,7.0
,,,380000.0,2,14,3.0,
400000.0,,,,2,14,12.0,9.0
,,,,2,14,12.0,5.0
,,,,2,14,16.0,
400000.0,,,,1,14,12.0,5.0
,,21243.0,,1,14,,
,,21243.0,,1,14,,
,,,,1,14,12.0,5.0
,,,,2,14,12.0,
,,,214396.0,1,14,3.0,
,,,214296.0,2,14,3.0,
,,,,1,14,17.0,
,,,,2,14,,
800000.0,,,,2,14,17.0,2.0
,,,,1,14,,
580000.0,,,,1,14,12.0,5.0
,,,,2,14,3.0,
,,,380000.0,1,14,12.0,8.0
,,,214296.0,2,14,6.0,
550000.0,,,,1,14,4.0,7.0
,,,,2,14,8.0,
400000.0,,,,1,14,14.0,9.0
,,,,1,14,13.0,
,,,,1,14,12.0,
,,,,1,14,11.0,
,,,214296.0,2,14,3.0,
,,,,1,14,3.0,6.0
,,,,1,14,12.0,8.0
550000.0,,,,2,14,12.0,5.0
,,,,1,14,,
,,,,1,14,,
,,,,1,14,,
550000.0,,,,2,14,0.0,5.0
,,,,1,14,,
,,,,2,14,13.0,5.0
,,,480000.0,1,14,12.0,
,,,,2,14,13.0,
,,,,1,14,9.0,5.0
1000000.0,,,,2,14,17.0,2.0
,,,,2,14,10.0,
500000.0,,,,2,14,12.0,5.0
500000.0,,,,1,14,12.0,5.0
,,,,1,14,15.0,
,,,,1,14,14.0,
,,,,1,14,8.0,6.0
,,,,2,14,15.0,
,,,,2,14,4.0,
,,,,1,14,10.0,7.0
,,21243.0,,2,14,,
,,,214296.0,2,14,8.0,
500000.0,,,,1,14,8.0,9.0
300000.0,,,,2,14,12.0,9.0
500000.0,,,,1,14,12.0,7.0
,,,,2,14,11.0,
,,,,2,14,,
,,,,1,14,12.0,5.0
,,,,2,14,12.0,9.0
,,21243.0,,2,14,,
1000000.0,,,,1,14,17.0,2.0
600000.0,,,,2,14,12.0,3.0
,,,,1,14,,
,,,,2,14,8.0,
500000.0,,,,1,14,12.0,8.0
,,21243.0,,1,14,,
,,21243.0,,2,14,,
,,21243.0,,1,14,,
,,,,1,14,12.0,7.0
,,,,2,14,6.0,
,,,,1,14,12.0,
,,21243.0,,2,14,,
,,21243.0,,2,14,,
,,,214296.0,2,14,12.0,
,,,214296.0,1,14,6.0,
0.0,,,,1,14,12.0,9.0
500000.0,,,,2,14,8.0,6.0
,,,,2,14,6.0,
500000.0,,,,1,14,5.0,9.0
,,,,2,14,12.0,
,,,,1,14,12.0,
,,,,2,14,8.0,
,,,,1,14,10.0,7.0
,,,,2,14,,
,80000.0,,,1,14,10.0,
,,,214296.0,1,14,2.0,
,,,,2,14,,
,,,,2,14,12.0,
500000.0,,,,1,14,4.0,6.0
,,,,1,14,17.0,7.0
,400000.0,,,2,14,16.0,
,,,,1,14,14.0,
,,,,1,14,,
,,,400000.0,2,14,14.0,
800000.0,,,,2,14,17.0,2.0
800000.0,,,,2,14,17.0,3.0
,,,,1,14,15.0,
,,,,1,14,15.0,7.0
4500000.0,,,,2,14,17.0,2.0
,,,,1,14,12.0,
,,,,1,14,,
900000.0,,,,2,14,17.0,2.0
1800000.0,,,,1,14,17.0,2.0
,,,,1,14,,
1200000.0,,,,2,14,17.0,2.0
,,,,2,14,17.0,
,,,,1,14,15.0,5.0
,,,,1,14,12.0,
,,,,1,14,,
,,,,2,14,,
1200000.0,,,,2,14,17.0,2.0
500000.0,,,,1,14,17.0,5.0
920000.0,,,,1,14,17.0,2.0
,,,100000.0,1,14,15.0,1.0
650000.0,,,,1,14,17.0,2.0
,,,,2,14,17.0,
,,,,2,14,12.0,1.0
,,,,1,14,12.0,7.0
,50000.0,,,2,14,9.0,
,,,,1,14,10.0,
,,,,2,14,10.0,
,,,,2,14,,
,,,,2,14,,
,,,,2,14,16.0,5.0
,,,,2,14,13.0,
,,,,1,14,,
,,,,2,14,,
650000.0,,,,1,14,12.0,5.0
500000.0,,,,2,14,11.0,5.0
,,,,2,14,9.0,9.0
,,,,1,14,0.0,
,,,,2,14,0.0,
,,,,1,14,,
,,,,1,14,12.0,
3500000.0,,,,2,14,18.0,2.0
3500000.0,,,,1,14,17.0,2.0
,,,,1,14,,
,,,,1,14,,
600000.0,,,,1,14,12.0,5.0
,,,,2,14,12.0,1.0
500000.0,,,,1,14,16.0,5.0
,,,,2,14,16.0,
,,,214296.0,2,14,6.0,
,,,,2,14,13.0,
,,,,2,14,11.0,
,,,214296.0,2,14,4.0,
,,21243.0,,1,14,,
500000.0,,,,1,14,12.0,9.0
,,21243.0,,2,14,,
,,21243.0,,1,14,,
,,,214296.0,2,14,4.0,
350000.0,,,,2,14,12.0,9.0
,,,,2,14,0.0,
,,,214296.0,1,14,4.0,
500000.0,,,,2,14,2.0,9.0
,,,,2,14,15.0,3.0
,,,,1,14,17.0,7.0
600000.0,,,,1,14,12.0,8.0
,,,380000.0,1,14,8.0,
,,,,2,14,6.0,
,,,,2,14,15.0,
300000.0,,,,2,14,13.0,3.0
,,,,1,14,17.0,1.0
,,,,1,14,9.0,
800000.0,,,,1,14,15.0,7.0
,,,,2,14,,
,,,,1,14,6.0,9.0
,,,,1,14,12.0,8.0
586000.0,,,,2,14,15.0,3.0
550000.0,,,,1,14,12.0,8.0
,,,,1,14,,
,,,,1,14,15.0,5.0
,,,244000.0,1,14,5.0,
,,,,2,14,10.0,
,,,,2,14,12.0,
600000.0,,,,1,14,12.0,3.0
,,,,2,14,12.0,
,,,,2,14,,
,,,,2,14,,
,,,600000.0,1,14,15.0,
,,,,1,14,16.0,
,,,,2,14,12.0,
,,,240000.0,2,14,6.0,5.0
,,,240000.0,1,14,4.0,
5000000.0,,,700000.0,1,14,20.0,2.0
,,,,2,14,23.0,2.0
,,,,1,14,12.0,
,,,,2,14,10.0,
,,,400000.0,2,14,17.0,
500000.0,,,,1,14,16.0,2.0
,,,,2,14,19.0,3.0
,,,,2,14,,
,,,214296.0,2,14,6.0,
,,,214296.0,2,14,6.0,
250000.0,,,,2,14,7.0,9.0
400000.0,,,,1,14,9.0,8.0
,,,,2,14,12.0,
,,,1000000.0,1,14,12.0,
650000.0,,,,2,14,15.0,3.0
,,,,1,14,12.0,
550000.0,,,,2,14,12.0,5.0
,,,,2,14,10.0,
275000.0,,,,2,14,13.0,9.0
,,21243.0,,1,14,,
,,,,1,14,11.0,
600000.0,,,,2,14,15.0,3.0
,,,,2,14,9.0,
,,,400000.0,1,14,6.0,
,,,214296.0,2,14,6.0,
,,,,2,14,12.0,8.0
,,21243.0,,2,14,,
,,21243.0,,2,14,,
,,,,1,14,,
460000.0,,,,1,14,12.0,9.0
200000.0,,,,2,14,10.0,9.0
480000.0,,,,1,14,12.0,5.0
,,,,2,14,12.0,
300000.0,,,,1,14,18.0,3.0
,,21243.0,,2,14,10.0,
,,21243.0,,2,14,,
,,21243.0,,2,14,,
,,21243.0,,1,14,,
,,,,2,14,8.0,
,,,300000.0,2,14,0.0,
,,,,2,14,16.0,
600000.0,,,,1,14,12.0,7.0
,,,,2,14,,
,,,,1,14,,
,359100.0,,,2,14,12.0,
393750.0,,,,2,14,12.0,5.0
,,21243.0,,2,14,,
393750.0,,,,1,14,5.0,5.0
,,,,2,14,10.0,
,,,214296.0,2,14,6.0,
,,,,2,14,15.0,5.0
,,,,1,14,12.0,9.0
,,,,1,14,10.0,
1000000.0,,,,1,14,12.0,5.0
450000.0,,,,2,14,12.0,4.0
60000.0,,,,2,14,15.0,5.0
,,,,1,14,10.0,
600000.0,,,,1,14,12.0,7.0
,,,,2,14,12.0,9.0
,,,,1,14,11.0,
0.0,,,,2,14,15.0,3.0
500000.0,,,,2,14,12.0,7.0
,,,,2,14,11.0,
,,,,1,14,11.0,7.0
,,,,1,14,,
,,,214296.0,2,14,8.0,
,,,,1,14,14.0,
420000.0,,,,2,14,12.0,5.0
750000.0,,,,1,14,16.0,3.0
500000.0,,,,2,14,14.0,5.0
,,,,1,14,,
,,,,2,14,,
,,,,1,14,,
500000.0,,,,2,14,12.0,5.0
,,,,1,14,,
,,,214296.0,1,14,6.0,8.0
,,,,2,14,7.0,
,,,,2,14,12.0,5.0
,,,,1,14,12.0,5.0
,,21243.0,,1,14,11.0,
,,21243.0,,1,14,,
180000.0,,,,1,14,4.0,9.0
,,,,1,14,12.0,7.0
,,,,2,14,3.0,
,,,,1,14,9.0,
520000.0,,,,2,14,14.0,7.0
,,,,2,14,,
,,,,2,14,14.0,7.0
,,,,2,14,1.0,9.0
,,,,1,14,12.0,
,,,214296.0,2,14,12.0,
,,,214296.0,2,14,4.0,
,,,,2,14,6.0,
,,21243.0,,2,14,9.0,
,,,,2,14,8.0,9.0
,,,,2,14,12.0,
,,21243.0,,2,14,,
,,21243.0,,1,14,,
,,,,1,14,1.0,6.0
,,,,2,14,6.0,
550000.0,,,300000.0,1,14,7.0,9.0
223000.0,,,,2,14,12.0,5.0
,,,,2,14,12.0,
,,,,1,14,13.0,
,,,,2,14,7.0,6.0
300000.0,,,,1,14,8.0,9.0
,,,,2,14,,
,,,214296.0,2,14,2.0,
,,,,2,14,1.0,
,,,214296.0,1,14,7.0,9.0
440000.0,,,,2,14,13.0,3.0
,,21243.0,,2,14,,
500000.0,,,,1,14,8.0,8.0
,,,,2,14,1.0,
520000.0,,,,1,14,5.0,6.0
,270000.0,,,1,14,6.0,
900000.0,,,,1,14,8.0,8.0
,,,,2,14,12.0,7.0
,,,,1,14,12.0,
,,,214296.0,1,14,1.0,
500000.0,,,,1,14,6.0,6.0
,,,,2,14,6.0,
,,,,1,14,12.0,
,,,,1,14,11.0,
,,,,2,14,8.0,
450000.0,,,,1,14,5.0,6.0
,,,,1,14,,
,,21243.0,,1,14,,
1000000.0,,,,1,14,17.0,2.0
,,,,1,14,15.0,3.0
,,,,2,14,12.0,
600000.0,,,,1,14,12.0,5.0
,,,,2,14,,
,,,,1,14,14.0,
,,,253000.0,2,14,12.0,5.0
800000.0,,,,2,14,13.0,3.0
,,,,1,14,12.0,9.0
,,,,1,14,11.0,
,,,,1,14,,
,,,,2,14,17.0,
360000.0,,,,1,14,12.0,4.0
400000.0,,,,2,14,12.0,4.0
,,,,2,14,17.0,
,,,,2,14,,
400000.0,,,300000.0,2,14,12.0,3.0
500000.0,,,,2,14,12.0,5.0
300000.0,,,,1,14,17.0,2.0
500000.0,,,,1,14,17.0,5.0
,,,345000.0,1,14,11.0,
600000.0,,,150000.0,2,14,12.0,5.0
,,,,1,14,11.0,
,,,,2,14,10.0,
700000.0,,,,2,14,16.0,2.0
500000.0,,,,2,14,15.0,1.0
500000.0,,,,1,14,14.0,5.0
,,,,2,14,,
,,,,1,14,,
,,,103000.0,1,14,17.0,
,,,214296.0,2,14,17.0,
500000.0,,,,1,14,12.0,6.0
500000.0,,,,2,14,12.0,3.0
,,,,2,14,9.0,
,,,220000.0,1,14,7.0,
500000.0,,,,2,14,15.0,3.0
,,,214296.0,1,14,10.0,
800000.0,,,,1,14,12.0,8.0
,,,,2,14,12.0,
,,,,2,14,16.0,
,,,,1,14,8.0,
,,,,2,14,6.0,
500000.0,,,,1,14,12.0,7.0
,,,,2,14,12.0,
,,,,2,14,,
,,,,2,14,,
,,,,2,14,6.0,
600000.0,,,,1,14,11.0,9.0
,,,,2,14,8.0,
,,,,1,14,,
,,21243.0,,2,14,,
,,,214000.0,2,14,6.0,
,,,214296.0,2,14,7.0,
,,,354000.0,1,14,12.0,
-88.0,,,,2,14,17.0,2.0
504000.0,,,,1,14,12.0,7.0
,,,,2,14,0.0,
,,,,2,14,0.0,
480000.0,,,,2,14,13.0,4.0
480000.0,,,,2,14,15.0,3.0
500000.0,,,,2,14,17.0,3.0
,,21243.0,,2,14,,
1500000.0,,,,2,14,16.0,2.0
1500000.0,,,,1,14,17.0,2.0
,,,,1,14,,
,,,180000.0,2,14,6.0,
700000.0,,,,2,14,17.0,2.0
600000.0,,,,1,14,15.0,3.0
500000.0,,,,2,14,16.0,2.0
480000.0,,,,2,14,16.0,2.0
,,,,2,14,14.0,
,,,214296.0,1,14,13.0,
,,,214296.0,2,14,7.0,
,,,214296.0,2,14,3.0,
400000.0,,,,1,14,12.0,5.0
,,,,1,14,17.0,2.0
1100000.0,,,,2,14,17.0,2.0
550000.0,,,,2,14,15.0,3.0
550000.0,,,,1,14,15.0,9.0
550000.0,,,,2,14,15.0,3.0
,,,800000.0,1,14,16.0,
420000.0,,,,1,14,12.0,8.0
,,,,2,14,8.0,
,,,,2,14,2.0,
,,,,2,14,9.0,
,,,,2,14,3.0,
,,,,2,14,10.0,5.0
,,,,1,14,8.0,6.0
,100000.0,,,2,14,15.0,
,,,,1,14,12.0,1.0
,,,,2,14,,
,,,380000.0,1,14,17.0,
,,,380000.0,2,14,17.0,
,,,,1,14,8.0,
,,,,2,14,8.0,
,,,,1,14,0.0,
,,,214292.0,2,14,3.0,
,,,410000.0,1,14,4.0,5.0
100000.0,,,214296.0,1,14,4.0,9.0
,,,,2,14,12.0,
,,,,2,14,12.0,
675000.0,,,,1,14,12.0,9.0
,,,,1,14,,
,,,1000000.0,1,14,19.0,
,,,350000.0,2,14,15.0,
,,,,2,14,13.0,
,,21243.0,,2,14,12.0,
,,,,2,14,,
,,,400000.0,1,14,10.0,
,,,,1,14,12.0,5.0
,,,,1,14,12.0,
,,,,2,14,12.0,5.0
,,,,2,14,12.0,
,,,,1,14,,
,,,,1,14,,
,,,,2,14,,
1500000.0,,,,2,14,17.0,3.0
,,,,2,14,,
,,,,1,14,,
,600000.0,,,1,14,12.0,
500000.0,,,,1,14,5.0,7.0
,,,,2,14,4.0,
375000.0,,,,1,14,12.0,7.0
187500.0,,,,2,14,12.0,9.0
,,,,2,14,,
,,,214296.0,1,14,15.0,8.0
,,,214296.0,2,14,12.0,
1200000.0,,,,1,14,15.0,3.0
1400000.0,,,,2,14,17.0,1.0
,,,,1,14,11.0,
150000.0,,,328000.0,1,14,8.0,7.0
,,,214000.0,2,14,8.0,
,,,,1,14,6.0,
,,,,1,14,4.0,9.0
,,,,2,14,15.0,
,,,,1,14,11.0,
,,,,1,14,15.0,7.0
,,,,1,14,,
,,,,2,14,,
,,,,1,14,1.0,
,,,,2,14,12.0,
1200000.0,,,,1,14,17.0,2.0
,,,,2,14,17.0,2.0
,,,,1,14,,
,,,,2,14,,
,30000.0,,,2,14,3.0,
,,,,1,14,8.0,9.0
500000.0,,,,2,14,10.0,5.0
,,,,2,14,,
,,,,2,14,10.0,7.0
,,,,2,14,14.0,
,,,,2,14,13.0,
500000.0,,,,2,14,12.0,5.0
,,,,1,14,,
,,,,1,14,,
1000000.0,,,,1,14,17.0,2.0
780000.0,,,330000.0,1,14,12.0,6.0
,,,370000.0,2,14,8.0,
,,,107000.0,2,14,13.0,
1200000.0,,,,1,14,17.0,2.0
900000.0,,,,2,14,17.0,2.0
,,,,1,14,12.0,3.0
,,,,2,14,12.0,
,,,,1,14,17.0,
,,,,2,14,15.0,
,,,214296.0,2,14,2.0,
,,,700000.0,1,14,12.0,
600000.0,,,,2,14,12.0,3.0
,,,,1,14,15.0,
,,,,2,14,,
,,,,2,14,,
,,,,2,14,12.0,5.0
,300000.0,,,1,14,12.0,5.0
,,,,1,14,,
500000.0,,,200000.0,1,14,17.0,1.0
,,,,2,14,8.0,5.0
,,,,1,14,8.0,6.0
,,,,2,14,12.0,
,,,80000.0,2,14,14.0,
,,,,1,14,17.0,
,,,,2,14,6.0,
,,,,2,14,12.0,
600000.0,,,,1,14,12.0,4.0
,,,,2,14,3.0,
,,,,1,14,0.0,
,,,,2,14,3.0,
,,,,1,14,1.0,
,,,,2,14,12.0,
,,,,1,14,10.0,9.0
,,,214296.0,2,14,6.0,
,,,300000.0,1,14,6.0,
500000.0,,,,1,14,11.0,5.0
1460000.0,,,,1,14,17.0,2.0
1300000.0,,,,2,14,17.0,2.0
1500000.0,,,,1,14,17.0,2.0
1200000.0,,,,2,14,19.0,2.0
1300000.0,,,,2,14,18.0,2.0
1300000.0,,,,1,14,18.0,2.0
,,,,1,14,,
,,,,1,14,,
,,,650000.0,1,14,10.0,
,,,214296.0,2,14,8.0,
,,,414000.0,1,14,10.0,
,,,,2,14,2.0,
,,,,1,14,9.0,
,,,,2,14,,
680000.0,,,,1,14,12.0,9.0
525000.0,,,,2,14,13.0,9.0
,,,,1,14,13.0,7.0
,,,,1,14,12.0,7.0
,,,,2,14,12.0,
,,,,1,14,14.0,
,,,214296.0,1,14,6.0,
,,,,1,14,3.0,
,,,,2,14,3.0,
,,,,2,14,3.0,
780000.0,,,,2,14,12.0,5.0
,,,,2,14,12.0,
,,,,2,14,12.0,
,,,,1,14,,
,,,,1,14,,
,,,,1,14,12.0,7.0
450000.0,,,,2,14,12.0,5.0
,,,,1,14,,
,,,,2,14,,
,,,214000.0,2,14,8.0,
600000.0,,,,1,14,17.0,2.0
,,,210000.0,1,14,15.0,
2000000.0,,,,2,14,16.0,2.0
,,,,2,14,12.0,
750000.0,,,,1,14,12.0,8.0
500000.0,,,,1,14,12.0,3.0
1500000.0,,,,1,14,16.0,2.0
1300000.0,,,,2,14,17.0,2.0
,,,,2,14,,
,,,,2,14,,
,,,,1,14,,
540000.0,,,,2,14,17.0,3.0
,,,,1,14,11.0,
540000.0,,,,1,14,13.0,3.0
,,,100000.0,2,14,12.0,
,,,,2,14,3.0,
,,,,2,14,4.0,5.0
0.0,,,,1,14,12.0,7.0
,,,,1,14,4.0,
500000.0,,,,2,14,12.0,8.0
,,,,1,14,,
,,,214296.0,2,14,4.0,
,,,355296.0,1,14,2.0,
500000.0,,,,1,14,12.0,7.0
,500000.0,,,1,14,12.0,
,,,,1,14,12.0,
500000.0,,,,2,14,14.0,5.0
,,21243.0,,2,14,,
,,,240000.0,1,14,9.0,
,,,,2,14,10.0,7.0
150000.0,,,,2,14,17.0,5.0
150000.0,,,,2,14,12.0,5.0
,,21243.0,,2,14,,
550000.0,,,,1,14,12.0,5.0
,,,,2,14,11.0,
,,,590000.0,1,14,12.0,8.0
,,,214296.0,2,14,12.0,
,,,,1,14,17.0,8.0
350000.0,,,350000.0,1,14,4.0,7.0
,,,,2,14,6.0,
200000.0,,21243.0,,2,14,3.0,5.0
,,,,1,14,,
,,,220000.0,1,14,6.0,
,,,,2,14,19.0,2.0
,,,,1,14,,
,,,,1,14,,
,,,214000.0,1,14,3.0,6.0
,,,214000.0,2,14,7.0,
,,,,1,14,0.0,
1700000.0,,,,2,14,17.0,2.0
,,,474000.0,1,14,7.0,
,,,,2,14,12.0,
500000.0,,,,1,14,15.0,7.0
,,,,2,14,15.0,
,,,,1,14,,
,,,,1,14,,
290000.0,,,,2,14,12.0,9.0
500000.0,,,,2,14,12.0,5.0
,,,,1,14,12.0,7.0
,,,214296.0,2,14,6.0,
,,,400000.0,1,14,6.0,
,,,,2,14,10.0,
,,,850000.0,1,14,15.0,
,,,,1,14,,
,,,,1,14,14.0,
,,,214000.0,2,14,8.0,
600000.0,,,,1,14,12.0,8.0
,200000.0,,,2,14,17.0,
360000.0,,,,2,14,17.0,4.0
500000.0,,,,1,14,12.0,8.0
,,,,2,14,12.0,5.0
500000.0,,,,1,14,8.0,8.0
300000.0,,,,2,14,8.0,9.0
,,,214296.0,2,14,0.0,
,,,214296.0,1,14,6.0,
,,,214296.0,1,14,2.0,
800000.0,,,,1,14,15.0,8.0
,,,,2,14,6.0,
,,,,2,14,3.0,
,,,,2,14,,
,,,,2,14,12.0,9.0
,,21243.0,,2,14,,
,,,,1,14,,
,,,,2,14,5.0,
,,21243.0,,2,14,,
,,21243.0,,1,14,,
,,,,2,14,11.0,
,,21243.0,,2,14,,
100000.0,,,,1,14,7.0,8.0
,,,,2,14,0.0,
,,21243.0,,2,14,,
,,21243.0,,2,14,,
,,,214296.0,1,14,4.0,
,,,,2,14,8.0,
,,,,1,14,12.0,7.0
,,,,1,14,12.0,7.0
,,,,1,14,3.0,9.0
,,,,1,14,8.0,9.0
,,,,2,14,10.0,
400000.0,,,,2,14,15.0,3.0
,,,,1,14,,
375000.0,,,,1,14,8.0,9.0
,,,,2,14,8.0,
375000.0,,,,1,14,8.0,8.0
,,21243.0,,1,14,10.0,
,100000.0,,,1,14,6.0,
,,,,2,14,6.0,
,,,,2,14,7.0,
,,,214296.0,1,14,7.0,6.0
,,,,2,14,6.0,
0.0,,,,1,14,6.0,6.0
500000.0,,,,2,14,12.0,5.0
,,,450000.0,2,14,16.0,
1200000.0,,,,2,14,17.0,2.0
,,,214296.0,2,14,12.0,
,,,-88.0,1,14,,
750000.0,,,,2,14,16.0,3.0
-88.0,,,,2,14,16.0,4.0
2500000.0,,,,1,14,22.0,1.0
-88.0,,,,1,14,15.0,5.0
,,,,2,14,,
,,,,1,14,,
700000.0,,,,1,14,15.0,3.0
,,,,2,14,12.0,
500000.0,,,,1,14,15.0,4.0
,,,,2,14,,
1000000.0,,,,2,14,16.0,2.0
,,,,2,14,17.0,2.0
,,,,1,14,11.0,7.0
,,,226000.0,1,14,5.0,7.0
,,,,2,14,8.0,
,,,,2,14,,
,,,,2,14,,
,,,,2,14,,
,,,,2,14,,
417000.0,,,,2,14,12.0,9.0
,,,,2,14,12.0,
,,,,2,14,0.0,
,,,,1,14,15.0,
,,,,1,14,,
,,,,2,14,15.0,
,,,,1,14,,
300000.0,,,,1,14,9.0,7.0
,,,,2,14,12.0,
,,,,2,14,8.0,
600000.0,,,,1,14,12.0,7.0
,,,,2,14,,
,,,,2,14,,
,,,,1,14,,
,,,,2,14,12.0,9.0
,,,,1,14,12.0,7.0
,,,,1,14,,
,,,,2,14,,
,,,214296.0,1,14,6.0,
,,,214296.0,2,14,6.0,
,800000.0,,,1,14,11.0,
,,,,2,14,8.0,
,,21243.0,,2,14,,
,,,350000.0,1,14,6.0,
,,,214296.0,2,14,10.0,
,,,,1,14,0.0,
,,,214000.0,1,14,12.0,
,,,,2,14,12.0,7.0
220000.0,,,,2,14,12.0,9.0
,,21243.0,,2,14,10.0,
,,,,2,14,8.0,
750000.0,,,,1,14,6.0,6.0
,,,,2,14,14.0,5.0
,,,,2,14,,
,,,,2,14,,
,,21243.0,,1,14,,
,,,214296.0,1,14,5.0,
,,,214296.0,2,14,0.0,
500000.0,,,,2,14,12.0,6.0
,,,380000.0,2,14,0.0,
,,,,1,14,3.0,
,,,,2,14,7.0,7.0
,,,214296.0,1,14,8.0,
840000.0,,,,1,14,11.0,6.0
500000.0,,,,2,14,8.0,9.0
,,21243.0,,2,14,10.0,
,,,,2,14,,
,,,,1,14,,
,,,,2,14,,
,,,,2,14,4.0,
500000.0,,,,1,14,12.0,8.0
,,,120000.0,2,14,15.0,
620000.0,,,,1,14,16.0,6.0
,,,214296.0,2,14,3.0,
,,,700000.0,1,14,12.0,
800000.0,,,,2,14,17.0,4.0
800000.0,,,,1,14,8.0,6.0
,,,,2,14,3.0,
,,,,1,14,12.0,
,,,,1,14,6.0,
,,,,2,14,7.0,
,,,,1,14,16.0,
,,,,2,14,11.0,9.0
,,,,1,14,15.0,
,,,,1,14,12.0,
,,,214296.0,1,14,6.0,
,,,214926.0,2,14,6.0,
,,,,2,14,12.0,7.0
,,,,1,14,8.0,
,,,,1,14,12.0,9.0
500000.0,,,,1,14,12.0,9.0
500000.0,,,,1,14,12.0,9.0
570000.0,,,,2,14,13.0,3.0
500000.0,,,,2,14,17.0,8.0
650000.0,,,,2,14,17.0,4.0
,,,,1,14,15.0,8.0
,,,,2,14,,
,,,402000.0,1,14,4.0,
2100000.0,,,,1,14,17.0,2.0
1000000.0,,,,1,14,17.0,2.0
1200000.0,,,,2,14,17.0,2.0
,,,,2,14,6.0,
240000.0,,,,2,14,17.0,2.0
,,,,2,14,,
,,,,2,14,,
,,,,2,14,,
,,,,2,14,12.0,5.0
,,,,1,14,12.0,7.0
,,,,2,14,,
,,,,1,14,3.0,
,,,,2,14,8.0,
500000.0,,,,1,14,15.0,3.0
,,,,2,14,17.0,
,,,,2,14,9.0,7.0
,,,,1,14,15.0,
,,,,2,14,12.0,
500000.0,,,,1,14,12.0,5.0
,,,,2,14,12.0,
500000.0,,,,1,14,7.0,7.0
,,,,2,14,10.0,
,,21243.0,,1,14,,
,,21243.0,,2,14,,
,,,214296.0,1,14,0.0,
,,,214296.0,1,14,5.0,
,,,214296.0,2,14,3.0,
,,,,2,14,6.0,
,,,,1,14,12.0,
,,,,2,14,12.0,
,,,,1,14,12.0,
,,,,1,14,,
,,,,1,14,,
,,,,1,14,8.0,7.0
,,,214296.0,2,14,0.0,
,,,300000.0,1,14,0.0,
1300000.0,,,,1,14,17.0,2.0
1600000.0,,,,2,14,17.0,3.0
,,,,1,14,,
,,,,2,14,1.0,
,,,,1,14,1.0,
,,,,1,14,17.0,2.0
1200000.0,,,,2,14,17.0,2.0
600000.0,,,,1,14,14.0,5.0
,,,,1,14,21.0,2.0
800000.0,,,,2,14,12.0,3.0
1200000.0,,,,1,14,18.0,2.0
,,,,2,14,,
,,,,2,14,,
30000.0,,,,1,14,14.0,7.0
,,,,1,14,17.0,2.0
500000.0,,,,2,14,15.0,3.0
,,,,1,14,,
,,,,1,14,,
,,,700000.0,1,14,10.0,8.0
400000.0,,,,1,14,12.0,5.0
1100000.0,,,,1,14,15.0,2.0
-88.0,,,,2,14,12.0,3.0
470000.0,,,,2,14,12.0,4.0
600000.0,,,,2,14,18.0,2.0
,,,,2,14,,
,,,1400000.0,1,14,13.0,
,,,,2,14,12.0,
,,,,1,14,17.0,
,,,,2,14,15.0,
650000.0,,,,1,14,15.0,2.0
,,,,1,14,10.0,8.0
,,,,2,14,12.0,7.0
,,,,2,14,15.0,
,,,,2,14,11.0,7.0
400000.0,,,,1,14,15.0,7.0
1000000.0,,,,2,14,15.0,3.0
900000.0,,,,1,14,12.0,7.0
,,,,2,14,12.0,
,180000.0,,,1,14,17.0,
,,,450000.0,1,14,8.0,
,,,,2,14,0.0,
600000.0,,,,1,14,12.0,5.0
300000.0,,,,2,14,12.0,9.0
,,,,2,14,13.0,
150000.0,,,,2,14,12.0,9.0
,,,,1,14,11.0,
,,,,1,14,,
,,,,1,14,,
650000.0,,,,1,14,15.0,6.0
,,,,2,14,17.0,
,,,,2,14,12.0,
,,,,1,14,,
,,,,1,14,,
,,,450000.0,1,14,3.0,
,,,,2,14,2.0,
500000.0,,,,2,14,12.0,3.0
,,,,2,14,15.0,
,,,,1,14,,
,,,,2,14,12.0,
,,,214000.0,2,14,3.0,
,,,400000.0,1,14,8.0,
,,,214000.0,2,14,2.0,
700000.0,,,,2,14,12.0,5.0
,,,,1,14,12.0,7.0
,,,,2,14,,
,,,,1,14,,
559000.0,,,,2,14,12.0,1.0
,,,,1,14,,
,,,,1,14,12.0,
520000.0,,,,1,14,14.0,9.0
480000.0,,,,2,14,12.0,9.0
,,,,2,14,11.0,
550000.0,,,,1,14,12.0,7.0
550000.0,,,,2,14,10.0,9.0
500000.0,,,,1,14,12.0,3.0
100000.0,,,,2,14,13.0,5.0
300000.0,,,,2,14,12.0,9.0
,,,,1,14,9.0,9.0
,,,,1,14,,
2100000.0,,,,2,14,17.0,1.0
2100000.0,,,,1,14,17.0,1.0
,,,,1,14,,
,,,,1,14,,
,,,290000.0,1,14,8.0,7.0
500000.0,,,320000.0,2,14,12.0,5.0
,,,,2,14,2.0,
,,,,2,14,8.0,
500000.0,,,,2,14,15.0,5.0
,,,214296.0,1,14,6.0,
,50000.0,,214000.0,1,14,12.0,
,,,538000.0,2,14,10.0,
,,,250000.0,2,14,12.0,
,,,,2,14,8.0,7.0
,,,,1,14,14.0,
,,,,2,14,12.0,
,,,,2,14,12.0,
,,,,2,14,10.0,
,,,,1,14,,
,,,,2,14,,
480000.0,,,,2,14,12.0,9.0
,,,,1,14,8.0,
,,,,2,14,10.0,
480000.0,,,,1,14,11.0,6.0
430000.0,,,,2,14,12.0,4.0
,,,,2,14,11.0,
1100000.0,,,,2,14,14.0,3.0
1100000.0,,,,1,14,15.0,3.0
1200000.0,,,,1,14,17.0,2.0
,,,,1,14,16.0,
,,,,2,14,12.0,8.0
,,,,1,14,,
,,,214296.0,2,14,0.0,7.0
,,,,2,14,10.0,7.0
,,,,1,14,11.0,6.0
,,,,2,14,,
,,,,1,14,,
,100000.0,,,1,14,6.0,
,,,,2,14,3.0,
,,,,1,14,10.0,6.0
,,,,2,14,12.0,
,,,,1,14,,
1000000.0,,,,1,14,12.0,3.0
1200000.0,,,,2,14,17.0,1.0
,,,,2,14,17.0,
,,,,2,14,15.0,1.0
500000.0,,,,1,14,12.0,9.0
1075000.0,,,,2,14,16.0,2.0
1000000.0,,,,1,14,17.0,2.0
,,,,1,14,14.0,
,,,220000.0,2,14,9.0,
,,,,2,14,10.0,5.0
500000.0,,,,1,14,8.0,8.0
,,,214296.0,2,14,5.0,
,,,214296.0,1,14,9.0,
1000000.0,,,,1,14,12.0,7.0
,,,,2,14,10.0,
,,,,1,14,3.0,
,,,,1,14,13.0,
,,,,1,14,13.0,
,,,,1,14,9.0,
220000.0,,,,2,14,12.0,5.0
,,,,2,14,,
,,,,2,14,,
,,,,1,14,15.0,3.0
680000.0,,,,2,14,15.0,3.0
,,,,2,14,,
130000.0,,,,2,14,12.0,9.0
460000.0,,,,2,14,12.0,5.0
,,,,2,14,11.0,
380000.0,,,,1,14,15.0,8.0
,,,,1,14,7.0,5.0
,,,,1,14,10.0,
,,,,2,14,7.0,
,,,300000.0,1,14,8.0,8.0
,,,,1,14,8.0,7.0
600000.0,,,,2,14,12.0,5.0
,,21243.0,,2,14,,
,,,750000.0,1,14,16.0,
,,,,2,14,12.0,
,,,,1,14,14.0,
600000.0,,,,2,14,16.0,3.0
,,,,1,14,19.0,2.0
,,,,1,14,16.0,
,,,-88.0,1,14,16.0,
,,,-88.0,1,14,16.0,
,-88.0,,-88.0,1,14,16.0,
,,,375000.0,2,14,12.0,
480000.0,,,,2,14,15.0,3.0
,,,270000.0,1,14,2.0,
,,,,2,14,6.0,
500000.0,,,,2,14,13.0,3.0
500000.0,,,,1,14,12.0,7.0
,,,360000.0,1,14,12.0,
100000.0,,,,1,14,10.0,9.0
900000.0,,,,1,14,12.0,5.0
,,21243.0,,2,14,,
,,,,2,14,12.0,7.0
,,,100000.0,2,14,8.0,9.0
500000.0,,,,1,14,8.0,8.0
,,,,1,14,0.0,5.0
,,21243.0,,1,14,,
,,,,1,14,14.0,
,,,,2,14,17.0,
,,,370000.0,1,14,12.0,8.0
1500000.0,,,,2,14,17.0,1.0
,,,,1,14,12.0,
,,,,2,14,12.0,
700000.0,,,,1,14,16.0,3.0
-88.0,,,,1,14,12.0,9.0
,,,399898.0,1,14,2.0,
,,,,2,14,12.0,
300000.0,,,,2,14,12.0,9.0
,,,,1,14,12.0,
,,,,1,14,11.0,
,,,,1,14,,
,,,480000.0,2,14,14.0,
400000.0,,,,1,14,16.0,9.0
,,,,2,14,,
,,,,2,14,12.0,
450000.0,,,,1,14,8.0,7.0
700000.0,,,,1,14,12.0,8.0
500000.0,,,,2,14,12.0,3.0
,,,,2,14,12.0,
500000.0,,,,1,14,10.0,5.0
,,,,2,14,,
,,,420000.0,1,14,12.0,
1100000.0,,,,2,14,16.0,2.0
,,,214296.0,2,14,10.0,
,,,214296.0,1,14,12.0,7.0
,,,,1,14,13.0,
900000.0,,,,1,14,24.0,2.0
1000000.0,,,,2,14,19.0,2.0
1700000.0,,,,1,14,16.0,2.0
800000.0,,,,2,14,17.0,2.0
,,,,1,14,13.0,
,,,,1,14,15.0,3.0
1200000.0,,,,2,14,19.0,2.0
,,,,1,14,,
,,,,1,14,,
,,,600000.0,1,14,16.0,
800000.0,,,,1,14,17.0,2.0
,,,350000.0,2,14,16.0,
3000000.0,,,,1,14,16.0,2.0
,,,253000.0,2,14,13.0,
200000.0,,,,2,14,19.0,2.0
2300000.0,,,,1,14,23.0,2.0
,,,,2,14,17.0,
,,,,1,14,14.0,
,,,,2,14,,
,,,,1,14,17.0,3.0
1500000.0,,,,2,14,16.0,2.0
,,,,1,14,17.0,
,,,,1,14,11.0,8.0
,,,214296.0,2,14,8.0,
,,,900000.0,1,14,10.0,
,,,430000.0,2,14,8.0,
,,,,2,14,12.0,
1900000.0,,,,2,14,17.0,2.0
,,,,1,14,16.0,
650000.0,,,,2,14,17.0,2.0
1700000.0,,,,2,14,17.0,2.0
940000.0,,,,1,14,14.0,3.0
,,,,2,14,,
,,,,2,14,,
,,,,2,14,14.0,
900000.0,,,,1,14,17.0,3.0
1200000.0,,,,2,14,18.0,2.0
,,,214296.0,2,14,12.0,
,,,291000.0,1,14,9.0,
,,,,1,14,12.0,7.0
,,,,2,14,3.0,
,,,,1,14,12.0,7.0
,,,,1,14,16.0,
,,,,2,14,10.0,
,,,,2,14,12.0,
80000.0,,,,2,14,12.0,5.0
,,,214296.0,2,14,1.0,
,,,,2,14,10.0,
,,,,2,14,,
,,,,1,14,12.0,7.0
400000.0,,,,2,14,12.0,5.0
250000.0,,,,2,14,12.0,9.0
,,21243.0,,1,14,,
,,21243.0,,2,14,,
,,,,2,14,12.0,
,,,,2,14,12.0,
,,,,1,14,12.0,
,,,,1,14,,
,,,214296.0,1,14,0.0,
,,,214296.0,1,14,4.0,
,,,214296.0,1,14,1.0,
500000.0,,,,2,14,16.0,2.0
,,,,2,14,12.0,6.0
,,,,2,14,17.0,
,,,,2,14,8.0,
,100000.0,,,1,14,4.0,
600000.0,,,,1,14,12.0,7.0
,500000.0,,334000.0,1,14,11.0,
,,,330000.0,2,14,12.0,
1000000.0,,,,1,14,15.0,3.0
,,,,2,14,,
1600000.0,,,,2,14,17.0,2.0
450000.0,,,,2,14,12.0,5.0
600000.0,,,,1,14,12.0,5.0
1000000.0,,,,2,14,17.0,3.0
,,,,1,14,,
,,,220000.0,2,14,6.0,
,,,220000.0,2,14,6.0,
,,,,2,14,11.0,
,,,,2,14,,
,,,,1,14,8.0,7.0
,,,214296.0,1,14,5.0,
500000.0,,,,2,14,0.0,5.0
,,,220000.0,2,14,0.0,
,,,,1,14,16.0,
,,,,2,14,2.0,7.0
,,,,2,14,12.0,
,,,,1,14,12.0,9.0
,,,,1,14,10.0,
,,,,2,14,12.0,
,,,,1,14,12.0,7.0
,,,,2,14,12.0,
,,,,1,14,12.0,
,,,,1,14,9.0,
350000.0,,,,1,14,14.0,3.0
,,,,1,14,12.0,5.0
800000.0,,,,1,14,15.0,2.0
,,,214296.0,2,14,5.0,
,,,,2,14,12.0,
,,,,2,14,8.0,5.0
500000.0,,,,1,14,2.0,6.0
500000.0,,,,1,14,12.0,5.0
700000.0,,,,1,14,8.0,9.0
,,,,2,14,,
,,,,1,14,8.0,
,,,,2,14,,
300000.0,,,,2,14,14.0,5.0
300000.0,,,,2,14,13.0,5.0
,,,,2,14,12.0,
500000.0,,,,1,14,12.0,9.0
200000.0,,,,2,14,7.0,9.0
,,,,2,14,,
450000.0,,,,1,14,8.0,7.0
450000.0,,,,1,14,12.0,7.0
,,,,2,14,12.0,7.0
,,,,1,14,12.0,
,,,,2,14,9.0,
,,,,1,14,,
,,,250000.0,1,14,3.0,
,,,214296.0,2,14,4.0,
500000.0,,,,1,14,11.0,4.0
0.0,,,,1,14,14.0,9.0
,,,,1,14,9.0,7.0
,,,180000.0,1,14,10.0,
,,,210000.0,2,14,8.0,
,,,214296.0,2,14,0.0,
500000.0,,,,1,14,0.0,7.0
,,,214000.0,1,14,12.0,7.0
,,,,2,14,11.0,
,,,,1,14,12.0,
800000.0,,,,1,14,10.0,7.0
300000.0,,,,2,14,10.0,9.0
,,,,2,14,11.0,
,,,,2,14,,
350000.0,,,,1,14,10.0,7.0
500000.0,,,,2,14,5.0,9.0
500000.0,,,,2,14,12.0,3.0
,,,,2,14,,
500000.0,,,,1,14,15.0,3.0
,,,,1,14,,
,,,214296.0,1,14,5.0,
,,,214296.0,2,14,3.0,
,,,110000.0,2,14,8.0,
,,,,1,14,13.0,6.0
450000.0,,,,2,14,12.0,4.0
,,,,2,14,,
,,,214296.0,2,14,12.0,
,,,,1,14,,8.0
900000.0,,,,2,14,12.0,7.0
,,,,1,14,9.0,7.0
,,,220000.0,1,14,9.0,7.0
,,,,2,14,4.0,
,,,,1,14,12.0,
600000.0,,,,2,14,15.0,5.0
,,21243.0,,2,14,10.0,
600000.0,,,,1,14,12.0,7.0
,,,,2,14,15.0,
,,21243.0,,2,14,,
,,21243.0,,1,14,,
,,,,2,14,,
,,,,2,14,15.0,
,,21243.0,,2,14,,
,,,600000.0,1,14,3.0,
,,,437904.0,1,14,4.0,
,,,214296.0,2,14,6.0,
,,,,1,14,18.0,
,,,,2,14,8.0,
450000.0,,,,1,14,8.0,5.0
,,,,2,14,4.0,
600000.0,,,,1,14,17.0,3.0
,,,,2,14,12.0,
,,,,1,14,14.0,
,,,,2,14,17.0,
,,,,1,14,16.0,7.0
,,,,2,14,,
,,,,2,14,,
,,,,1,14,,
,,,,1,14,12.0,5.0
,,,800000.0,2,14,16.0,
,,,620000.0,1,14,15.0,
100000.0,,,214296.0,1,14,10.0,9.0
,,,,1,14,12.0,6.0
,,,240000.0,2,14,8.0,1.0
,,,380000.0,1,14,8.0,1.0
,,,,2,14,7.0,
,,,,2,14,6.0,
,,,,2,14,8.0,5.0
,,,,1,14,8.0,9.0
452000.0,,,,2,14,14.0,3.0
,,,214296.0,1,14,8.0,
,,,214296.0,2,14,17.0,
,,,,1,14,17.0,
,,,,1,14,10.0,
,,,,1,14,9.0,
1100000.0,,,,2,14,17.0,2.0
1500000.0,,,,2,14,19.0,2.0
580000.0,,,,1,14,17.0,6.0
,,,,1,14,18.0,3.0
850000.0,,,,2,14,17.0,2.0
,,,,2,14,,
,,,,2,14,,
898000.0,,,,1,14,17.0,2.0
400000.0,,,,2,14,15.0,5.0
,,,214296.0,2,14,6.0,
,,,,2,14,7.0,
,,,,2,14,4.0,
,,,,2,14,3.0,
,,,,1,14,8.0,
,,,,2,14,4.0,
,,,,2,14,12.0,
,,,,1,14,12.0,6.0
300000.0,,,,1,14,12.0,4.0
,,,,1,14,,
,,,,1,14,,
250000.0,,,,2,14,12.0,9.0
800000.0,,,,1,14,12.0,6.0
,,,,2,14,,
,,,,1,14,,
600000.0,,,,1,14,10.0,8.0
600000.0,,,,1,14,12.0,8.0
,,,,2,14,8.0,
,,,,1,14,8.0,
,,,,2,14,12.0,
,,,,1,14,7.0,
,,,220000.0,2,14,8.0,
,,,,2,14,12.0,
,,21243.0,,2,14,,
,,,,2,14,12.0,
,,,,2,14,4.0,
,,,,2,14,12.0,
,,,,1,14,12.0,
,,21243.0,,1,14,,
,,21243.0,,1,14,,
400000.0,,,,1,14,12.0,9.0
600000.0,,,,1,14,12.0,5.0
,,,,2,14,12.0,
,,,,2,14,13.0,
,,,214296.0,2,14,7.0,
,,,214296.0,1,14,2.0,
,,,,2,14,8.0,
250000.0,,,,2,14,12.0,9.0
,,,,2,14,7.0,
400000.0,,,,1,14,12.0,7.0
,,,214296.0,1,14,3.0,
,,,,2,14,11.0,
,,,,1,14,,
,,,,1,14,,
,,,,1,14,,
500000.0,,,,1,14,10.0,6.0
,,,,2,14,12.0,
,,,,1,14,16.0,
,,,,1,14,12.0,
,,,,2,14,10.0,
384750.0,,,264296.0,1,14,8.0,5.0
,,,214296.0,2,14,3.0,
,,,,1,14,11.0,
,,,,2,14,8.0,
,,,,1,14,7.0,7.0
500000.0,,,,1,14,12.0,9.0
,,,,2,14,12.0,
,,,,2,14,6.0,
,,21243.0,,2,14,,
,,21243.0,,2,14,,
150000.0,,,,2,14,12.0,5.0
,,,,2,14,12.0,
,,,214296.0,1,14,4.0,
500000.0,,,,1,14,12.0,7.0
,,,,1,14,13.0,
,,,,2,14,12.0,
600000.0,,,,1,14,12.0,5.0
,,,,2,14,,
,,,,2,14,12.0,
,,,,2,14,6.0,
500000.0,,,,1,14,12.0,9.0
,,21243.0,,2,14,,
,,21243.0,,1,14,,
,,21243.0,,1,14,,
,,21243.0,,2,14,,
500000.0,,,,1,14,13.0,7.0
,,21243.0,,2,14,,
,,,,2,14,8.0,
680000.0,,,,2,14,12.0,7.0
,,,,2,14,,
350000.0,,,,2,14,14.0,2.0
,,,,1,14,,
4500000.0,,,,1,14,19.0,1.0
2000000.0,,,,2,14,26.0,2.0
,,,,2,14,14.0,
,,,,1,14,,
,,,820000.0,2,14,17.0,
,,,390000.0,1,14,12.0,
1400000.0,,,,2,14,17.0,2.0
2400000.0,,,,1,14,17.0,6.0
,,,,1,14,,
1800000.0,,,,1,14,18.0,2.0
1500000.0,,,,2,14,17.0,2.0
,,,,1,14,,
1300000.0,,,420000.0,2,14,15.0,1.0
,,,920000.0,1,14,15.0,
,,,,2,14,12.0,
,,,,1,14,,
,,,343296.0,2,14,10.0,
,,,,2,14,8.0,
,,,330000.0,1,14,15.0,
1500000.0,,,270000.0,1,14,17.0,5.0
,,,200000.0,2,14,17.0,
500000.0,,,260000.0,2,14,8.0,6.0
,,,,1,14,8.0,9.0
500000.0,,,,1,14,14.0,5.0
,,,,1,14,13.0,
,,,,2,14,,
,,,,2,14,12.0,
500000.0,,,,1,14,12.0,9.0
,,,,2,14,15.0,3.0
,,,,2,14,12.0,
650000.0,,,,1,14,12.0,8.0
500000.0,,,,1,14,17.0,3.0
,,,,2,14,17.0,
,,21243.0,,1,14,,
,,21243.0,,1,14,,
,,,,2,14,12.0,
600000.0,,,,1,14,12.0,7.0
-88.0,,,,2,14,12.0,3.0
,,,,2,14,,
,,,,2,14,,
,,,,1,14,12.0,7.0
,,,,2,14,0.0,9.0
160000.0,,,,1,14,10.0,9.0
200000.0,,,,2,14,15.0,5.0
250000.0,,,,1,14,11.0,9.0
,,,,2,14,14.0,
480000.0,,,,1,14,10.0,9.0
,,,,2,14,12.0,
,,,214000.0,2,14,17.0,
2000000.0,,,800000.0,2,14,16.0,2.0
,,,442472.0,2,14,10.0,
,,,330000.0,2,14,12.0,
,,,391942.0,1,14,12.0,
,600000.0,,,1,14,12.0,
,,,224000.0,2,14,8.0,
,,,,1,14,12.0,8.0
,,,,2,14,6.0,5.0
,,,,1,14,0.0,
300000.0,,,,1,14,14.0,5.0
,,21243.0,,2,14,12.0,
,,21243.0,,1,14,9.0,
,,,,2,14,10.0,5.0
,,,,1,14,10.0,5.0
,,,,2,14,,
,,,,1,14,12.0,5.0
,,,,1,14,15.0,5.0
,,,,1,14,19.0,8.0
,,,,2,14,12.0,
,,,,2,14,12.0,
,,,,1,14,17.0,
,,,,1,14,17.0,
,,,,2,14,16.0,
,,21243.0,,1,14,12.0,
500000.0,,,,2,14,12.0,5.0
800000.0,,,,1,14,17.0,2.0
,,,214296.0,2,14,6.0,
,,,,1,14,16.0,
600000.0,,,,1,14,12.0,7.0
,,,,2,14,,
500000.0,,,,2,14,12.0,9.0
0.0,,,,1,14,12.0,7.0
,,,,1,14,15.0,9.0
500000.0,,,,1,14,9.0,9.0
400000.0,,,,1,14,13.0,5.0
,,21243.0,,1,14,,
,,,,2,14,9.0,
,,,330000.0,1,14,6.0,
500000.0,,,,1,14,16.0,7.0
,,,,2,14,12.0,
,,,,2,14,2.0,
,,,,1,14,11.0,3.0
550000.0,,,,2,14,7.0,9.0
520000.0,,,,1,14,9.0,7.0
1000000.0,,,,2,14,17.0,2.0
,,,,1,14,,
,,,,1,14,,
,,,350000.0,2,14,15.0,
,,,,2,14,12.0,7.0
3600000.0,,,,1,14,17.0,2.0
,200000.0,,,2,14,15.0,
,120000.0,,,2,14,13.0,
,,,,1,14,,
,,,,2,14,5.0,5.0
,,,,1,14,,
,,,,1,14,,
,,,,2,14,11.0,
,,,,1,14,,
,,21243.0,,1,14,,
,,,214296.0,2,14,3.0,
,,,,1,14,12.0,7.0
,,,,2,14,14.0,7.0
,,,,1,14,,
750000.0,,,,1,14,12.0,8.0
,,,,2,14,8.0,
,,,,2,14,12.0,
,,,,1,14,,
,,,326000.0,1,14,12.0,
,,,,2,14,10.0,
500000.0,,,,1,14,10.0,6.0
,,,,1,14,11.0,
,,,214000.0,2,14,8.0,
-88.0,,,,1,14,12.0,8.0
,,,,1,14,13.0,
,,,,2,14,12.0,
,,,,2,14,14.0,
,,,,1,14,12.0,
,,,,2,14,,
550000.0,,,,1,14,12.0,5.0
,,,,2,14,12.0,
,,21243.0,,1,14,8.0,
,,21243.0,,1,14,,
900000.0,,,,1,14,12.0,7.0
,,,,2,14,12.0,
,,21243.0,,1,14,,
480000.0,,,,2,14,15.0,3.0
600000.0,,,260000.0,1,14,8.0,8.0
,,,214296.0,2,14,12.0,
600000.0,,,,1,14,12.0,8.0
150000.0,,,,1,14,14.0,8.0
,,,,2,14,13.0,7.0
,,,234000.0,2,14,9.0,
,,,280000.0,1,14,8.0,
600000.0,,,,2,14,9.0,8.0
600000.0,,,,2,14,15.0,3.0
,,,,1,14,,
,,21243.0,,2,14,,
,,21243.0,,1,14,,
,,,300000.0,1,14,6.0,
400000.0,,,,2,14,10.0,5.0
480000.0,,,,2,14,18.0,2.0
,,,,2,14,,
650000.0,,,,1,14,14.0,7.0
,500000.0,,,2,14,16.0,
,,,,1,14,,
850000.0,,,,2,14,15.0,5.0
,,,,1,14,13.0,9.0
,,,,2,14,17.0,2.0
,,,580000.0,2,14,,
,,,,1,14,12.0,
700000.0,,,,1,14,15.0,3.0
850000.0,,,,2,14,17.0,2.0
,,,214296.0,1,14,4.0,
,,,243000.0,1,14,3.0,
500000.0,,,,2,14,12.0,7.0
,,,,1,14,13.0,
,,,,1,14,,
,,,,1,14,,
100000.0,,,,2,14,8.0,9.0
,,,,2,14,15.0,1.0
,,,,2,14,13.0,
,,,278000.0,1,14,4.0,
,,,,1,14,17.0,6.0
,40000.0,,214296.0,2,14,8.0,
940000.0,,,402000.0,1,14,10.0,8.0
,,,,2,14,12.0,
1300000.0,,,,1,14,12.0,8.0
,,,,2,14,,
,,,,1,14,12.0,7.0
500000.0,,,,2,14,12.0,5.0
,,,,1,14,12.0,7.0
,,,,2,14,13.0,
,,,500000.0,2,14,12.0,
,,,440000.0,1,14,7.0,
,,,,1,14,15.0,8.0
,,,,2,14,12.0,
,,,,1,14,16.0,
600000.0,,,,2,14,12.0,3.0
,,,,2,14,12.0,
,,,,1,14,9.0,
,,21243.0,,2,14,,
,,21243.0,,1,14,,
,,,,1,14,8.0,6.0
,,21243.0,,2,14,,
,,21243.0,,1,14,12.0,
,,,214296.0,2,14,3.0,
,,,,2,14,13.0,
,,,220000.0,2,14,1.0,
,,,214296.0,1,14,4.0,
,,,,1,14,12.0,
,,,,2,14,12.0,7.0
,,,,2,14,11.0,
,,,,1,14,,
2500000.0,,,,1,14,17.0,2.0
,,,,2,14,12.0,
,,,,1,14,17.0,2.0
0.0,,,,1,14,19.0,2.0
,800000.0,,,1,14,16.0,
850000.0,,,,2,14,16.0,2.0
,,,,1,14,12.0,
,,,,1,14,,
,,,200000.0,2,14,3.0,
,,,220000.0,1,14,3.0,
,,,,2,14,0.0,
,,,266000.0,1,14,1.0,
,,,214296.0,2,14,0.0,
,,,,1,14,16.0,7.0
450000.0,,,,2,14,9.0,5.0
,,,395000.0,1,14,8.0,
,,,,2,14,6.0,
700000.0,,,,1,14,9.0,4.0
,,,,2,14,12.0,
,,,,2,14,16.0,
,,,,2,14,10.0,
,,,,2,14,,
,,,,1,14,,
,,,,2,14,15.0,
1000000.0,,,,1,14,15.0,6.0
,,,,1,14,,
,,,214296.0,2,14,6.0,
,,,,1,14,3.0,7.0
500000.0,,,,1,14,12.0,8.0
,,,,2,14,8.0,
,,,,1,14,13.0,
300000.0,,,,2,14,12.0,5.0
,,21243.0,,2,14,,
,,,,2,14,12.0,
,,,214296.0,2,14,8.0,
350000.0,,,,1,14,12.0,8.0
240000.0,,,,2,14,5.0,9.0
,,,,1,14,12.0,
,,,,1,14,10.0,
150000.0,,,,2,14,15.0,3.0
,,,,1,14,,
,,,,2,14,14.0,5.0
,,,,2,14,,
,,,,2,14,,
600000.0,,,,2,14,12.0,9.0
,,,,1,14,12.0,
,,,,2,14,,
,,,,2,14,,
,200000.0,,,2,14,15.0,
,,,,2,14,,
,,,,1,14,,
,,,,1,14,13.0,
,,,,1,14,12.0,
,,21243.0,,1,14,10.0,
,,21243.0,,2,14,,
,,21243.0,,1,14,,
,,,,2,14,12.0,5.0
,,,,2,14,12.0,
600000.0,,,,1,14,12.0,9.0
,,,,1,14,,
,,,,1,14,,
,,,,2,14,10.0,
,,,,2,14,,
405000.0,,,,1,14,12.0,8.0
,,,230000.0,1,14,3.0,
,,,198000.0,2,14,8.0,
,,,248000.0,1,14,9.0,
550000.0,,,,2,14,3.0,9.0
,,,,1,14,8.0,
,,,320000.0,2,14,5.0,
,,,,2,14,12.0,
150000.0,,,,1,14,12.0,9.0
900000.0,,,,1,14,12.0,3.0
,,,,2,14,12.0,
,,,,1,14,,
500000.0,,,,2,14,14.0,4.0
-88.0,,,,1,14,15.0,3.0
,,,,1,14,,
,,,350000.0,1,14,11.0,
800000.0,,,,1,14,12.0,3.0
,,,224000.0,2,14,10.0,
,,,214000.0,1,14,9.0,
,,,224580.0,1,14,0.0,
700000.0,,,,2,14,15.0,3.0
,,,214296.0,2,14,8.0,
,,,214296.0,2,14,4.0,9.0
,,,1060000.0,1,14,20.0,
,,,214000.0,2,14,12.0,
,,,497000.0,2,14,17.0,
,,,940000.0,1,14,17.0,
,,,,1,14,13.0,
,,,,2,14,13.0,
,,,400000.0,2,14,12.0,
,,,,1,14,17.0,
1200000.0,,,,2,14,16.0,2.0
,,,,2,14,6.0,
1200000.0,,,,2,14,16.0,2.0
1000000.0,,,,1,14,13.0,8.0
,,,280000.0,2,14,13.0,
850000.0,,,,1,14,12.0,8.0
,,,,1,14,9.0,
,,,,2,14,13.0,
,,,,1,14,,
,,,,1,14,8.0,9.0
,,,,1,14,8.0,9.0
,,,900000.0,1,14,12.0,
,,,900000.0,2,14,16.0,1.0
,,,,2,14,0.0,
,,,,2,14,4.0,
,,,,2,14,0.0,
,,,214296.0,2,14,4.0,
412500.0,,,,1,14,12.0,8.0
,,,214296.0,2,14,12.0,
375000.0,,,,1,14,12.0,5.0
1100000.0,,,,2,14,17.0,1.0
,,,214296.0,2,14,3.0,
,,,,2,14,,
,,,,1,14,12.0,
,,,,2,14,12.0,
800000.0,,,,2,14,12.0,2.0
,,,400000.0,2,14,10.0,
,,,200000.0,1,14,12.0,
1400000.0,,,,2,14,15.0,3.0
,,,,1,14,14.0,
,,,,2,14,10.0,
600000.0,,,,2,14,13.0,3.0
,,,,2,14,14.0,
,,,,1,14,10.0,
1800000.0,,,,1,14,14.0,3.0
,,,,2,14,17.0,7.0
,100000.0,,,2,14,12.0,
845000.0,,,,2,14,12.0,9.0
,,,,2,14,10.0,
,,,,1,14,,
,,,500000.0,2,14,9.0,
,,,700000.0,1,14,9.0,
2000000.0,,,,1,14,17.0,2.0
1200000.0,,,,2,14,17.0,2.0
500000.0,,,,2,14,14.0,3.0
150000.0,,,250000.0,2,14,9.0,9.0
,,,,2,14,10.0,
780000.0,,,,1,14,15.0,3.0
400000.0,,,,2,14,12.0,5.0
,,,,2,14,16.0,
,,,,2,14,11.0,
,,,,2,14,12.0,
,,,,1,14,12.0,7.0
,,,,1,14,15.0,
,,,,1,14,,
,,,214296.0,1,14,10.0,
,,,,1,14,4.0,
,,,,2,14,0.0,9.0
440000.0,,,,2,14,12.0,9.0
,,,,2,14,,
,,,,2,14,17.0,
,,,220000.0,2,14,3.0,
1000000.0,,,,1,14,18.0,2.0
2000000.0,,,,1,14,18.0,2.0
,,,,1,14,13.0,3.0
,,,,1,14,14.0,
,,,,1,14,,
,,,,2,14,4.0,
,,,,2,14,12.0,
780000.0,,,,1,14,12.0,7.0
,,,,2,14,,
,,,514000.0,2,14,13.0,
,,,297000.0,1,14,12.0,8.0
,,,,1,14,16.0,2.0
,,,,1,14,18.0,5.0
,,,,2,14,12.0,
520000.0,,,,1,14,12.0,3.0
,,,,2,14,,
,,,,2,14,13.0,
600000.0,,,,1,14,,8.0
,,,,2,14,14.0,
,,21243.0,,2,14,,
,,21243.0,,1,14,,
2000000.0,,,,2,14,18.0,3.0
1250000.0,,,,1,14,15.0,1.0
,,,,2,14,12.0,
,,,,2,14,19.0,
1700000.0,,,,1,14,17.0,2.0
,,,,1,14,,
,,,,2,14,16.0,2.0
,,,,1,14,17.0,3.0
,,,,1,14,,
3000000.0,,,,1,14,18.0,2.0
,,,,2,14,16.0,
,,,,2,14,,
,,,,2,14,,
,,,,2,14,8.0,
,,,,2,14,9.0,
,,,,1,14,6.0,7.0
,,,,1,14,,
,,,,2,14,,
,,,,1,14,12.0,
0.0,,,,2,14,12.0,5.0
,,,214000.0,1,14,4.0,
,,,,2,14,9.0,
,,,302332.0,2,14,12.0,
,,,214296.0,2,14,3.0,
,,,,1,14,8.0,
,,,214296.0,1,14,1.0,
,,,224000.0,2,14,6.0,
,,,,1,14,11.0,6.0
,,,,1,14,12.0,7.0
,,,,2,14,10.0,
,,,,1,14,15.0,
,,,,1,14,12.0,
,,,,2,14,,
,,,,2,14,12.0,
500000.0,,,,1,14,8.0,7.0
400000.0,,,,2,14,12.0,5.0
,100000.0,,,1,14,12.0,
,,,,1,14,,
,,,,2,14,,
2000000.0,,,,1,14,12.0,2.0
,,,,2,14,12.0,
,,,,2,14,,
,,,300000.0,1,14,0.0,
,,,,2,14,10.0,
468000.0,,,,2,14,11.0,6.0
,,,380000.0,1,14,8.0,
500000.0,,,,1,14,12.0,9.0
500000.0,,,,1,14,15.0,5.0
,,,214296.0,2,14,4.0,
,,,,2,14,7.0,
,,,,2,14,13.0,
1600000.0,,,,2,14,19.0,2.0
1000000.0,,,,1,14,21.0,2.0
200000.0,,,,1,14,17.0,2.0
,,,,1,14,16.0,2.0
,,,,2,14,12.0,7.0
40000.0,,,500000.0,2,14,11.0,5.0
,,,800000.0,1,14,11.0,
,,,,2,14,16.0,
670000.0,,,,1,14,14.0,5.0
,,,,2,14,12.0,
,,,214296.0,2,14,6.0,
,,,,2,14,12.0,
500000.0,,,,1,14,10.0,9.0
,,,,1,14,9.0,
,,,,2,14,,
,,,,2,14,,
,,,,2,14,,
0.0,,,,1,14,8.0,9.0
0.0,,,,2,14,4.0,9.0
270000.0,,,,2,14,12.0,9.0
,,,,1,14,12.0,
,,,214296.0,2,14,10.0,
825000.0,,,,1,14,12.0,8.0
,,,,2,14,13.0,
,,,,1,14,,
,,,,2,14,,
,,,,2,14,,
1300000.0,,,,1,14,16.0,3.0
600000.0,,,,1,14,17.0,2.0
600000.0,,,,2,14,17.0,2.0
,,,,1,14,,
,,,214296.0,2,14,1.0,9.0
500000.0,,,,1,14,12.0,8.0
,,,223573.0,2,14,5.0,
600000.0,,,,2,14,15.0,3.0
,,,,1,14,,
,,,,2,14,7.0,7.0
,,,,1,14,11.0,7.0
60000.0,,,,1,14,14.0,8.0
1400000.0,,,,1,14,14.0,3.0
,,,,2,14,2.0,
350000.0,,,,2,14,12.0,9.0
450000.0,,,,2,14,12.0,5.0
600000.0,,,,2,14,14.0,3.0
,,,,2,14,6.0,
,,,,1,14,12.0,
,,,,1,14,0.0,
500000.0,,,,1,14,12.0,7.0
,,,214244.0,2,14,12.0,
,,,214296.0,1,14,9.0,8.0
100000.0,,,104000.0,2,14,8.0,9.0
,,,,2,14,12.0,5.0
500000.0,,,,1,14,6.0,9.0
,60000.0,,,2,14,2.0,
,,,320000.0,1,14,15.0,6.0
,,,,2,14,15.0,
600000.0,,,,2,14,7.0,9.0
,,,,1,14,12.0,
,,,700000.0,1,14,12.0,
,,,,2,14,12.0,
-88.0,,,,1,14,15.0,5.0
0.0,,,,1,14,12.0,8.0
,,,,1,14,15.0,
850000.0,,,,1,14,8.0,7.0
,,,,1,14,12.0,
650000.0,,,,2,14,10.0,9.0
550000.0,,,,1,14,8.0,9.0
,,,214296.0,2,14,5.0,
480000.0,,,,2,14,12.0,4.0
,,21243.0,,2,14,11.0,
,,21243.0,,2,14,,
,,,214000.0,1,14,9.0,
,,,,2,14,0.0,
,,,214296.0,2,14,11.0,
,,,,2,14,12.0,
,,,,1,14,12.0,7.0
,,,,1,14,14.0,
,,,,2,14,,
,,,,1,14,,
,,,,2,14,13.0,
,,,,1,14,16.0,7.0
,,,,2,14,,
,,,,2,14,,
,,,,1,14,12.0,
,,,412296.0,1,14,5.0,
,,,214296.0,2,14,5.0,
500000.0,,,,2,14,12.0,4.0
,,,,1,14,1.0,6.0
500000.0,,,,2,14,12.0,9.0
,,,,1,14,,
,,,,1,14,0.0,
,,,422437.0,2,14,9.0,
415000.0,,,,2,14,13.0,3.0
,,,,1,14,12.0,
450000.0,,,,1,14,12.0,7.0
,,,227000.0,2,14,10.0,
,,,227000.0,2,14,9.0,
300000.0,,,,2,14,12.0,5.0
,,,214296.0,2,14,10.0,
,,,,1,14,12.0,
,,21243.0,,1,14,,
,,,,2,14,16.0,
950000.0,,,,1,14,15.0,5.0
630000.0,,,,2,14,16.0,4.0
,,,,2,14,,
,,,,2,14,,
,,,,2,14,,
,,,,1,14,19.0,1.0
,,,,2,14,17.0,
,,,,2,14,,
,,,,1,14,,
,,,,1,14,17.0,2.0
400000.0,,,,2,14,15.0,3.0
,,,,1,14,12.0,
,,,,1,14,15.0,8.0
3000000.0,,,,2,14,15.0,1.0
940000.0,,,,2,14,17.0,2.0
260000.0,,,,2,14,14.0,5.0
500000.0,,,,2,14,9.0,9.0
,,,,2,14,,
685000.0,,,,2,14,15.0,3.0
,500000.0,,,1,14,12.0,
,,,,2,14,,
,,,,2,14,,
,,,180000.0,1,14,12.0,7.0
,,,,1,14,15.0,5.0
,,,,1,14,17.0,3.0
,,,,2,14,8.0,
,,,,1,14,7.0,8.0
,,,,2,14,12.0,
500000.0,,,,1,14,12.0,7.0
450000.0,,,,2,14,12.0,5.0
,,,,1,14,11.0,6.0
100000.0,,,,2,14,10.0,4.0
460000.0,,,,2,14,14.0,5.0
500000.0,,,,2,14,12.0,9.0
500000.0,,,,1,14,12.0,7.0
,,,,1,14,9.0,
,,,,1,14,,
,,,214296.0,2,14,5.0,
,50000.0,,214296.0,1,14,4.0,
500000.0,,,,1,14,11.0,8.0
600000.0,,,,1,14,12.0,8.0
,,,,2,14,11.0,
,,,,1,14,12.0,
,,,,2,14,12.0,
500000.0,,,,1,14,12.0,8.0
,,,,1,14,,
,,,,1,14,13.0,
600000.0,,,250000.0,1,14,9.0,9.0
600000.0,,,,2,14,8.0,9.0
800000.0,,,,1,14,14.0,8.0
,,,,2,14,9.0,
,,,,1,14,10.0,7.0
,100000.0,,,2,14,12.0,
500000.0,,,,1,14,12.0,7.0
,,21243.0,,1,14,,
,,,,2,14,,
500000.0,,,,2,14,15.0,3.0
500000.0,,,,2,14,8.0,9.0
,,,220000.0,1,14,8.0,
,,,230000.0,2,14,8.0,
405000.0,,,,1,14,8.0,6.0
405000.0,,,,2,14,8.0,9.0
1200000.0,,,,1,14,12.0,7.0
,,,450000.0,2,14,12.0,
,,,,2,14,15.0,
,,,,1,14,12.0,9.0
,,,,2,14,15.0,7.0
,,,,2,14,,
,,,,2,14,,
,,,,1,14,,
1700000.0,,,,2,14,15.0,1.0
,,,,1,14,12.0,8.0
,,,,1,14,,
,,,,2,14,15.0,9.0
,,,,1,14,,
,,,,1,14,,
1700000.0,,,,2,14,18.0,2.0
,,,100000.0,2,14,15.0,
,,,,1,14,17.0,5.0
,,,,1,14,14.0,
,,,,2,14,12.0,
,,,,1,14,10.0,
,200000.0,,,2,14,17.0,
1500000.0,,,,1,14,16.0,5.0
,,,,1,14,12.0,
,,,,1,14,11.0,
,,,,1,14,,
1700000.0,,,,1,14,18.0,2.0
,,,,2,14,16.0,1.0
1500000.0,,,,1,14,15.0,3.0
,,,,2,14,12.0,4.0
,,,,2,14,16.0,2.0
,,,,1,14,12.0,
,,,,2,14,12.0,6.0
,,,,1,14,6.0,9.0
,,,,2,14,14.0,
,,,,2,14,3.0,
,,,300000.0,1,14,2.0,
,,,214296.0,2,14,0.0,
500000.0,,,,1,14,12.0,4.0
,,,,1,14,6.0,
,,,,1,14,10.0,7.0
,,,,2,14,10.0,
,,,,2,14,12.0,5.0
,,,,2,14,,
,,,,1,14,,
200000.0,,,230000.0,1,14,9.0,5.0
,,,,2,14,12.0,6.0
500000.0,,,,2,14,12.0,8.0
,,,,2,14,,
,,,,2,14,8.0,
,,,220000.0,2,14,8.0,
,,,225000.0,1,14,6.0,
,,,212000.0,2,14,4.0,
,,,214296.0,1,14,4.0,
,,,,2,14,5.0,
,,,123000.0,1,14,4.0,7.0
150000.0,,,,2,14,12.0,9.0
-88.0,,,,1,14,12.0,7.0
,,,,2,14,16.0,
,,,,2,14,10.0,
420000.0,,,,2,14,17.0,5.0
600000.0,,,,2,14,12.0,5.0
,,,214296.0,2,14,1.0,
500000.0,,,,1,14,9.0,5.0
,,,,2,14,17.0,
1067000.0,,,,1,14,17.0,2.0
,,,,2,14,15.0,
,,,,1,14,12.0,
,,,300000.0,2,14,4.0,
,,,,1,14,13.0,
500000.0,,,,2,14,12.0,9.0
,,,,1,14,,
550000.0,,,,1,14,12.0,9.0
,,,,1,14,,
,,,214000.0,2,14,8.0,
450000.0,,,,2,14,15.0,3.0
,,,,1,14,14.0,
,,,,2,14,,
,,,90000.0,2,14,12.0,
500000.0,,,,1,14,12.0,9.0
650000.0,,,,1,14,12.0,4.0
,,,,1,14,15.0,
,,,220425.0,2,14,5.0,
500000.0,,,,1,14,17.0,2.0
700000.0,,,,2,14,15.0,3.0
,,,214296.0,1,14,12.0,
,,,380000.0,2,14,2.0,
,,,214000.0,1,14,3.0,
,,,,2,14,4.0,
,,,214000.0,1,14,5.0,
150000.0,,,,1,14,10.0,8.0
,,,214000.0,1,14,0.0,
,,,,1,14,7.0,
500000.0,,,,1,14,8.0,9.0
530000.0,,,,2,14,15.0,3.0
,,,,1,14,,
,,,,1,14,12.0,7.0
500000.0,,,,1,14,8.0,8.0
,,,,2,14,4.0,
900000.0,,,,2,14,17.0,2.0
,,,,2,14,16.0,
150000.0,,,,2,14,4.0,9.0
500000.0,,,,1,14,4.0,7.0
,,,,1,14,14.0,
,,,300000.0,1,14,3.0,9.0
,,,,2,14,10.0,
,,,,1,14,0.0,
220000.0,,,,1,14,8.0,3.0
,,,,2,14,,
300000.0,,,,1,14,9.0,9.0
525000.0,,,,2,14,9.0,9.0
,,,,2,14,12.0,5.0
,,,,2,14,,
,,,,2,14,12.0,
500000.0,,,,1,14,7.0,8.0
500000.0,,,,2,14,13.0,9.0
,,,,1,14,,
500000.0,,,,2,14,7.0,9.0
,,21243.0,,2,14,10.0,
,,,,2,14,12.0,
405000.0,,,,1,14,12.0,9.0
480000.0,,,,1,14,12.0,9.0
,,,,1,14,12.0,
,,,,2,14,,
924000.0,,,,2,14,17.0,2.0
500000.0,,,,2,14,15.0,4.0
,,21243.0,,2,14,,
,,21243.0,,2,14,,
,,,214296.0,2,14,6.0,
,,,,2,14,11.0,
,,,,2,14,17.0,
405000.0,,,,1,14,12.0,8.0
,,,,1,14,,
440000.0,,,,1,14,12.0,9.0
,,,,2,14,8.0,
600000.0,,,,2,14,15.0,3.0
,,,,1,14,,
,,,214296.0,2,14,12.0,
,,,214296.0,1,14,4.0,7.0
,,,,2,14,3.0,
480000.0,,,,1,14,14.0,8.0
480000.0,,,,2,14,14.0,5.0
,,,,1,14,,
,,,,1,14,,
,,,,2,14,8.0,
,,,,1,14,10.0,
,,,,1,14,10.0,
,,,,2,14,,
,,,,2,14,,
,,,,2,14,,
,,,,2,14,2.0,
480000.0,,,,1,14,12.0,7.0
,,,,1,14,11.0,
,,,,2,14,,
,,,,2,14,0.0,
300000.0,,,,2,14,10.0,6.0
,,,,1,14,,
,,,214296.0,1,14,7.0,
,,,214296.0,2,14,4.0,
600000.0,,,,2,14,17.0,2.0
,,,,1,14,12.0,7.0
,,,,2,14,,
,,,,2,14,11.0,
,,,,1,14,12.0,9.0
,,,,2,14,8.0,
,,,,1,14,12.0,
,,,,1,14,,
,,,,1,14,,
240000.0,,,,2,14,12.0,5.0
570000.0,,,214296.0,2,14,14.0,5.0
1250000.0,,,,1,14,16.0,7.0
,,,,2,14,12.0,
,,,,2,14,,
545000.0,,,,2,14,12.0,3.0
,,,,2,14,,
,,,,2,14,,
580000.0,,,500000.0,1,14,12.0,5.0
,,,260000.0,2,14,13.0,
,,,140000.0,2,14,12.0,5.0
,,,200000.0,2,14,15.0,
,,,600000.0,1,14,12.0,
520000.0,,,,1,14,10.0,9.0
,,,,2,14,12.0,5.0
0.0,,,,1,14,12.0,9.0
,,,,2,14,8.0,9.0
,,,214296.0,1,14,8.0,
,,,,2,14,12.0,1.0
1300000.0,,,,2,14,14.0,5.0
,,,214296.0,1,14,12.0,
,,,214000.0,1,14,6.0,
,,,,2,14,5.0,
480000.0,,,,1,14,12.0,3.0
,,,,1,14,12.0,7.0
,,,,2,14,15.0,
,,,,1,14,10.0,
,,,100000.0,2,14,15.0,5.0
,,,,1,14,0.0,
2000000.0,,,,1,14,17.0,2.0
2000000.0,,,,2,14,15.0,2.0
,,,,1,14,13.0,
,,,,2,14,12.0,6.0
,,,,2,14,12.0,
,,,214296.0,1,14,9.0,6.0
,,,,2,14,9.0,
200000.0,,,,2,14,8.0,6.0
500000.0,,,,1,14,12.0,8.0
,,,,2,14,12.0,
,,21243.0,,2,14,,
,200000.0,,,1,14,8.0,
180000.0,,,,2,14,7.0,6.0
,,,,2,14,,
1253957.0,,,290000.0,2,14,16.0,4.0
,,,214296.0,1,14,8.0,
,,,,2,14,5.0,6.0
,,,120000.0,2,14,5.0,
600000.0,,,,1,14,12.0,5.0
500000.0,,,,1,14,8.0,8.0
,,,,2,14,12.0,
,,,,2,14,,
,,,214296.0,2,14,7.0,
,,,320000.0,1,14,5.0,
,,,320000.0,1,14,5.0,
,,,,1,14,17.0,
,,,,1,14,17.0,
,,,,2,14,21.0,2.0
,,,,1,14,17.0,
,,,,1,14,,
4000000.0,,,,1,14,18.0,2.0
,,,,2,14,17.0,
,,,,1,14,,
,,,,1,14,,
3000000.0,,,,2,14,21.0,2.0
,,,,1,14,11.0,
,,,,2,14,9.0,
,,,214296.0,2,14,4.0,
800000.0,,,,2,14,15.0,4.0
,,,,1,14,,
,,,214296.0,1,14,8.0,
,,,,2,14,8.0,
,,,217027.0,1,14,4.0,
,,,241296.0,1,14,8.0,
,,,,1,14,17.0,
,,,,2,14,10.0,
,,,214296.0,2,14,5.0,
600000.0,,,,1,14,15.0,7.0
,,,,1,14,6.0,
,,,214296.0,2,14,5.0,
400000.0,,,,1,14,12.0,5.0
,,,,2,14,6.0,
,,,,1,14,12.0,
,,,,2,14,,
,250000.0,,,2,14,12.0,
,,,,1,14,8.0,8.0
,,21243.0,,1,14,,
,,,,1,14,3.0,
,,,,2,14,6.0,
,,,,2,14,,
,,,,2,14,12.0,5.0
,,,,1,14,12.0,5.0
,,,,1,14,12.0,
500000.0,,,,1,14,10.0,8.0
,,,,2,14,7.0,
,,,,1,14,,
500000.0,,,,2,14,15.0,3.0
500000.0,,,,1,14,12.0,9.0
,,,,1,14,15.0,
,,,,2,14,11.0,
,,,,1,14,,
,,,,2,14,8.0,
,,,,1,14,15.0,1.0
500000.0,,,,2,14,16.0,5.0
,,,,2,14,8.0,
500000.0,,,,1,14,8.0,7.0
,,,300000.0,1,14,12.0,
,,,,2,14,7.0,
600000.0,,,,1,14,17.0,2.0
,,,,1,14,4.0,3.0
600000.0,,,,1,14,12.0,7.0
600000.0,,,,2,14,10.0,5.0
,,,,2,14,,
1500000.0,,,1000000.0,1,14,17.0,2.0
,,,214296.0,2,14,17.0,
,,,,1,14,4.0,6.0
,,,,2,14,4.0,7.0
0.0,,,,2,14,12.0,5.0
350000.0,,,,2,14,12.0,4.0
,,21243.0,,1,14,,
,,,243000.0,1,14,3.0,
1000000.0,,,,2,14,17.0,2.0
,,,,2,14,17.0,
,,,,1,14,9.0,
,,,,1,14,9.0,
,,,1260000.0,1,14,15.0,
,,,330000.0,2,14,12.0,
,,,340000.0,1,14,,
,,,,2,14,7.0,
900000.0,,,,1,14,17.0,5.0
,,,,2,14,,
,,21243.0,,1,14,,
,,,,2,14,1.0,
,,,,1,14,13.0,
,,,,1,14,17.0,1.0
,,,,2,14,15.0,4.0
,,,214296.0,1,14,6.0,
,,,214296.0,2,14,4.0,
,,,214296.0,1,14,6.0,
,,,212000.0,2,14,6.0,7.0
,,,214296.0,1,14,8.0,
,,,,2,14,6.0,
350000.0,,,,2,14,12.0,9.0
,,,,1,14,,
,,,700000.0,2,14,10.0,
,,,195000.0,1,14,17.0,2.0
,,,,1,14,12.0,6.0
,,,,2,14,12.0,
,,,,2,14,6.0,
,,,,2,14,,
,,,,2,14,6.0,
1500000.0,,,,1,14,16.0,3.0
200000.0,,,,2,14,17.0,2.0
,,,400000.0,1,14,4.0,
,,,,2,14,16.0,
,,,,2,14,15.0,
2000000.0,,,,1,14,17.0,2.0
1500000.0,,,,2,14,17.0,2.0
,,,,2,14,16.0,
,,,,1,14,12.0,
,,,,2,14,16.0,2.0
,,,,1,14,17.0,
,,,,1,14,12.0,
800000.0,,,,1,14,14.0,4.0
260000.0,,,,2,14,17.0,2.0
2500000.0,,,,1,14,24.0,2.0
1800000.0,,,,1,14,17.0,2.0
,,,1000000.0,2,14,17.0,
,,,,1,14,17.0,
,,,1100000.0,1,14,17.0,3.0
,,,700000.0,2,14,12.0,
-88.0,,,,2,14,17.0,2.0
,,,,2,14,15.0,
1000000.0,,,,2,14,16.0,2.0
,,,,1,14,15.0,
500000.0,,,,1,14,13.0,5.0
,38000.0,,,2,14,17.0,
,,,,2,14,18.0,3.0
,,,940000.0,1,14,19.0,
,,,,2,14,15.0,
,,,800000.0,1,14,17.0,
,,,,2,14,12.0,
,,,,1,14,23.0,2.0
1000000.0,,,,2,14,19.0,1.0
,,,,2,14,,
3000000.0,,,,1,14,24.0,2.0
,,,,2,14,14.0,5.0
,,,,1,14,18.0,
,,,,2,14,18.0,
4000000.0,,,,2,14,22.0,2.0
,,,,1,14,11.0,
,,,514000.0,2,14,10.0,
,,,250000.0,1,14,9.0,
,,,,1,14,17.0,
1000000.0,,,,2,14,17.0,2.0
,,,,1,14,15.0,
,,,,1,14,11.0,
,,,,2,14,,
,,,,2,14,6.0,
,,,,1,14,6.0,7.0
,,,,1,14,12.0,7.0
,,,,2,14,10.0,5.0
,,,280000.0,1,14,8.0,
,,,280000.0,1,14,15.0,
,,,214296.0,2,14,10.0,
,,,900000.0,2,14,17.0,
800000.0,,,220000.0,1,14,17.0,2.0
1300000.0,,,,2,14,14.0,2.0
,,,,1,14,16.0,
,,,,1,14,16.0,
,,,,1,14,13.0,1.0
,,,350000.0,2,14,17.0,
200000.0,,,,2,14,17.0,5.0
,,,514000.0,2,14,13.0,
,,,,2,14,13.0,
,,,,1,14,12.0,8.0
700000.0,,,,2,14,14.0,3.0
915000.0,,,,2,14,16.0,5.0
500000.0,,,,1,14,16.0,7.0
,,,,1,14,,
,,,,2,14,12.0,
1000000.0,,,,1,14,19.0,3.0
1000000.0,,,,2,14,15.0,2.0
70000.0,,,,1,14,17.0,5.0
500000.0,,,,2,14,15.0,3.0
,,,,2,14,,
400000.0,,,,2,14,14.0,4.0
,,,,1,14,17.0,1.0
,,,,2,14,17.0,
,,,,2,14,14.0,
,,,,2,14,22.0,2.0
,,,400000.0,2,14,8.0,5.0
,,,214296.0,2,14,2.0,
700000.0,,,,2,14,15.0,3.0
,,,,2,14,17.0,2.0
500000.0,,,,2,14,16.0,3.0
250000.0,,,,2,14,12.0,9.0
,,,,2,14,10.0,
520000.0,,,,1,14,12.0,8.0
2200000.0,,,,2,14,17.0,2.0
500000.0,,,,1,14,12.0,9.0
,,,,2,14,9.0,
,,,,1,14,12.0,9.0
,,,300000.0,1,14,16.0,
,,,214296.0,2,14,16.0,
,,,,1,14,3.0,
,,,,2,14,12.0,
500000.0,,,,1,14,12.0,9.0
,,,,1,14,12.0,7.0
120000.0,,,,2,14,12.0,9.0
,,,,1,14,17.0,
,,,,2,14,12.0,
,,,,1,14,,
,50000.0,,,1,14,8.0,
,60000.0,,,2,14,12.0,
,,,,1,14,1.0,
,,,,2,14,5.0,
,,,,2,14,,
,,,214296.0,2,14,6.0,
,,,,2,14,12.0,5.0
,,,214296.0,1,14,10.0,
,,,214296.0,2,14,6.0,
,,,300000.0,1,14,6.0,
,,,,1,14,9.0,7.0
,,,214296.0,2,14,0.0,
,,,220000.0,1,14,6.0,
,,,200000.0,2,14,6.0,
,,,,2,14,8.0,9.0
,,,,2,14,8.0,
,,21243.0,,1,14,,
,,21243.0,,1,14,,
,,21243.0,,1,14,,
,,21243.0,,1,14,,
,,,,2,14,12.0,
700000.0,,,,1,14,12.0,8.0
,,21243.0,,1,14,,
,,21243.0,,2,14,,
150000.0,,,,1,14,12.0,9.0
,,,,2,14,8.0,
120000.0,,,,2,14,8.0,9.0
,,,,2,14,15.0,
,,21243.0,,1,14,11.0,
,,21243.0,,1,14,,
,,,,2,14,12.0,
600000.0,,,,1,14,8.0,8.0
,,,,1,14,,
,,,,2,14,12.0,
,,,,2,14,12.0,
,,,,2,14,0.0,
,,,170000.0,2,14,8.0,
500000.0,,,,1,14,12.0,6.0
,310000.0,,,1,14,7.0,
,,,,2,14,7.0,
160000.0,,,,2,14,12.0,5.0
,,,,2,14,6.0,
500000.0,,,,1,14,12.0,8.0
,,,200000.0,2,14,0.0,
500000.0,,,,1,14,9.0,5.0
800000.0,,,,1,14,9.0,6.0
250000.0,,,,2,14,13.0,5.0
,,,200000.0,1,14,4.0,
,,,214296.0,1,14,12.0,
,,,300000.0,1,14,2.0,
,,,214000.0,2,14,8.0,
1200000.0,,,,1,14,12.0,8.0
,,,214296.0,2,14,5.0,
450000.0,,,214296.0,1,14,4.0,9.0
,,,,2,14,10.0,7.0
,190000.0,,,1,14,8.0,
,,,,2,14,,
,,,,2,14,16.0,3.0
,,,,2,14,11.0,
,,,,1,14,12.0,
,,,,2,14,,
500000.0,,,,2,14,12.0,9.0
,,,,2,14,17.0,
500000.0,,,,2,14,12.0,9.0
,,,,2,14,14.0,
,,,,2,14,12.0,
,,,,1,14,,
,,,340000.0,2,14,3.0,
,,,,2,14,6.0,
,,,214296.0,1,14,0.0,
,,,,1,14,11.0,
,,,214296.0,2,14,0.0,
,,,,1,14,0.0,
,,,260000.0,1,14,0.0,
,,,,2,14,0.0,
,,,,1,14,12.0,
290000.0,,,,1,14,13.0,9.0
600000.0,,,,1,14,12.0,5.0
,,,,2,14,12.0,5.0
,,,,2,14,11.0,
600000.0,,,,2,14,17.0,2.0
700000.0,,,,1,14,18.0,2.0
,50000.0,,,2,14,12.0,
,,,,1,14,,
600000.0,,,,1,14,12.0,7.0
,,,,2,14,14.0,
700000.0,,,,2,14,13.0,9.0
,,,,1,14,,
1300000.0,,,,1,14,12.0,3.0
550000.0,,,,2,14,14.0,3.0
,,,,2,14,16.0,
,,,,2,14,10.0,
,,,,2,14,,
261000.0,,,,2,14,8.0,9.0
,,21243.0,,1,14,,
2400000.0,,,,2,14,19.0,2.0
1000000.0,,,,1,14,16.0,1.0
,,,,2,14,17.0,
500000.0,,,,2,14,12.0,9.0
,,21243.0,,1,14,,
,,21243.0,,2,14,,
,,,,2,14,,
980000.0,,,,1,14,12.0,1.0
1300000.0,,,,2,14,17.0,3.0
,,,,2,14,12.0,
,,,,2,14,0.0,
800000.0,,,,1,14,16.0,1.0
,,,214296.0,2,14,9.0,
800000.0,,,,1,14,16.0,5.0
,,,,1,14,17.0,2.0
400000.0,,,,2,14,12.0,5.0
,,,100000.0,1,14,13.0,
,,,350000.0,2,14,9.0,
,,,290000.0,1,14,2.0,
430000.0,,,,1,14,15.0,7.0
500000.0,,,,1,14,9.0,8.0
,,,,2,14,12.0,
540000.0,,,,1,14,15.0,5.0
,,,,2,14,12.0,7.0
,,,,1,14,2.0,6.0
,,,,2,14,8.0,
,,,214296.0,1,14,8.0,
1200000.0,,,,2,14,17.0,2.0
,,,,2,14,,
350000.0,,,,1,14,12.0,8.0
,,,,2,14,12.0,
,,21243.0,,1,14,,
,,,500000.0,2,14,12.0,7.0
,,,300000.0,1,14,5.0,7.0
1000000.0,,,,1,14,17.0,8.0
,,,,2,14,15.0,
,,21243.0,,1,14,9.0,
,,21243.0,,2,14,10.0,
,,21243.0,,2,14,,
,,,220000.0,1,14,4.0,
,,,,1,14,13.0,7.0
,,,240000.0,2,14,9.0,
,,,214296.0,2,14,7.0,
500000.0,,,,1,14,6.0,8.0
,,,,1,14,5.0,
,,,,1,14,15.0,
,,,103000.0,2,14,12.0,
,,,,1,14,14.0,
500000.0,,,,1,14,12.0,5.0
250000.0,,,,2,14,12.0,9.0
,,,,1,14,9.0,
,,,,2,14,5.0,
,,,,2,14,12.0,
,,,,1,14,8.0,7.0
,,,,1,14,,
,,,,1,14,,
,,,,1,14,15.0,
480000.0,,,,2,14,15.0,3.0
,,,,2,14,,
,,,,2,14,,
450000.0,,,,2,14,6.0,9.0
,,,,2,14,12.0,
,,,230000.0,2,14,8.0,
,,,,2,14,10.0,
,,,,2,14,4.0,
,,,,1,14,8.0,9.0
400000.0,,,,1,14,12.0,8.0
,,,214296.0,1,14,8.0,
,,,214296.0,2,14,9.0,
,,,,2,14,9.0,
,,,650000.0,1,14,14.0,
900000.0,,,,2,14,17.0,5.0
,,,700000.0,1,14,15.0,
,,,350000.0,2,14,17.0,
,,,,1,14,12.0,7.0
,,,,2,14,12.0,
,,,,2,14,9.0,
,,,,2,14,,
,,,,2,14,17.0,
,,,,2,14,7.0,
,,,,1,14,10.0,3.0
,,,,2,14,12.0,
1800000.0,,,,2,14,17.0,2.0
,,,230000.0,2,14,17.0,
,,,1500000.0,1,14,17.0,
,,,,2,14,12.0,
,,,,1,14,15.0,7.0
,,,,2,14,12.0,
,,,,2,14,13.0,
928000.0,,,,2,14,17.0,3.0
800000.0,,,,1,14,17.0,2.0
,,,,1,14,12.0,
,,,214000.0,2,14,0.0,
500000.0,,,,2,14,8.0,5.0
600000.0,,,,2,14,12.0,5.0
600000.0,,,,1,14,12.0,1.0
,,,,1,14,8.0,7.0
460000.0,,,364296.0,1,14,7.0,9.0
,,,,2,14,8.0,
,,,,1,14,,
,,,,1,14,12.0,
460000.0,,,,2,14,12.0,5.0
,,,214296.0,2,14,3.0,
,,,,2,14,4.0,
,,21243.0,,2,14,9.0,
225000.0,,,,1,14,8.0,6.0
2500000.0,,,,2,14,17.0,2.0
,,,,1,14,17.0,1.0
,,,,2,14,7.0,
800000.0,,,,1,14,5.0,6.0
2250000.0,,,,1,14,15.0,6.0
,,,,2,14,16.0,
,,,,1,14,,
,,,,2,14,,
,,,,2,14,7.0,
500000.0,,,,1,14,4.0,6.0
,150000.0,,,2,14,5.0,
500000.0,,,,1,14,9.0,9.0
,,,,2,14,9.0,
,,21243.0,,2,14,,
,,,,2,14,2.0,
,,,,1,14,4.0,7.0
500000.0,,,,1,14,10.0,9.0
500000.0,,,,1,14,12.0,6.0
,,,214296.0,1,14,8.0,
500000.0,,,,1,14,8.0,6.0
,,,,2,14,8.0,
800000.0,,,,1,14,12.0,5.0
,,,,2,14,15.0,
,,21243.0,,2,14,,
,,,214296.0,1,14,0.0,
,,,214296.0,2,14,0.0,
200000.0,,,,1,14,4.0,7.0
500000.0,,,,2,14,15.0,3.0
,,,,1,14,,
,,,,2,14,,
750000.0,,,,1,14,9.0,7.0
,,,,1,14,8.0,6.0
,,,,1,14,6.0,7.0
400000.0,,,,1,14,12.0,8.0
500000.0,,,,2,14,17.0,2.0
,,,,1,14,12.0,6.0
,,,,2,14,12.0,
,,,,2,14,14.0,
,,21243.0,,2,14,,
,,21243.0,,2,14,,
,100000.0,,,2,14,15.0,
,,21243.0,,1,14,,
,,21243.0,,2,14,,
,,21243.0,,1,14,,
,,,204000.0,2,14,14.0,6.0
,,,214296.0,1,14,10.0,
,,,214296.0,2,14,3.0,
800000.0,,,310000.0,1,14,6.0,6.0
,,,,2,14,5.0,
,,,,1,14,14.0,1.0
,,,214296.0,2,14,12.0,
,,,,1,14,12.0,7.0
,,,,2,14,5.0,
,,21243.0,,2,14,13.0,
,,21243.0,,2,14,,
,,,360000.0,1,14,1.0,
,,,,2,14,7.0,
,,,,2,14,12.0,
405000.0,,,,1,14,12.0,8.0
,,,,2,14,,
,,,,1,14,,
,,,,2,14,4.0,6.0
,,,,1,14,17.0,6.0
500000.0,,,,1,14,12.0,5.0
,,,,2,14,15.0,5.0
,,21243.0,,1,14,,
405000.0,,,,1,14,5.0,7.0
,,,,1,14,10.0,
,,,214296.0,2,14,10.0,
,,,,2,14,12.0,
,,21243.0,,2,14,,
,,,,2,14,15.0,
,,,240000.0,1,14,12.0,
500000.0,,,,1,14,8.0,9.0
,,,,2,14,7.0,
,,,,1,14,,
,,,,2,14,,
,,,214296.0,2,14,8.0,
,,,,2,14,12.0,
280000.0,,,,1,14,16.0,2.0
,,,,2,14,12.0,5.0
600000.0,,,,1,14,13.0,7.0
,,,,1,14,14.0,5.0
,,,,1,14,13.0,
2300000.0,,,,2,14,12.0,2.0
700000.0,,,,1,14,12.0,5.0
,,,,1,14,,
,,,400000.0,2,14,12.0,
,,,214296.0,2,14,0.0,
,,,214296.0,1,14,6.0,
,,,214296.0,2,14,6.0,
600000.0,,,,2,14,12.0,9.0
,,,,1,14,16.0,
525000.0,,,,1,14,12.0,5.0
,,,,2,14,15.0,
,,,,2,14,11.0,
,,21243.0,,1,14,,
,,21243.0,,1,14,,
,,21243.0,,1,14,,
,,,,1,14,12.0,7.0
,,,,2,14,17.0,5.0
500000.0,,,,1,14,12.0,7.0
,,,,1,14,,
,,,,1,14,12.0,7.0
300000.0,,,,1,14,17.0,2.0
,,,,2,14,10.0,
,,,,1,14,11.0,
2900000.0,,,,2,14,19.0,2.0
,,,,1,14,17.0,1.0
,,,,1,14,,
,,,,1,14,,
,,,,1,14,6.0,7.0
,,,,2,14,11.0,
,,,230000.0,2,14,4.0,
405000.0,,,,1,14,0.0,9.0
600000.0,,,,1,14,3.0,9.0
,,,,2,14,8.0,
,,,219296.0,2,14,1.0,
650000.0,,,300000.0,1,14,7.0,5.0
,,,,1,14,13.0,
600000.0,,,,1,14,13.0,6.0
,,,,2,14,12.0,
,,,,2,14,13.0,
,,,,1,14,,
640000.0,,,,1,14,12.0,9.0
600000.0,,,,1,14,15.0,5.0
,680000.0,,,2,14,12.0,
,,,,1,14,13.0,
,,,,1,14,8.0,8.0
,,,,2,14,6.0,
500000.0,,,,1,14,16.0,8.0
600000.0,,,,2,14,15.0,3.0
,,,,2,14,16.0,
,,,,1,14,0.0,
,,,214000.0,2,14,8.0,
,,,,2,14,12.0,7.0
500000.0,,,,1,14,12.0,5.0
,,,,1,14,9.0,
410000.0,,,,1,14,11.0,9.0
400000.0,,,,2,14,12.0,9.0
,,,,2,14,17.0,
1500000.0,,,,1,14,12.0,4.0
,,,,1,14,,
,,,,1,14,,
,,,,2,14,,
,,,320000.0,1,14,12.0,
-88.0,,,,1,14,16.0,2.0
,,,800000.0,1,14,17.0,1.0
500000.0,,,,2,14,15.0,4.0
,,,,1,14,12.0,
,,,270000.0,2,14,17.0,
,,,90000.0,2,14,13.0,6.0
,,,,2,14,17.0,
,,,,1,14,12.0,
,,,,2,14,12.0,
,,,,1,14,8.0,
,,,,2,14,9.0,
,,,214000.0,1,14,12.0,7.0
,,,,2,14,8.0,
700000.0,,,,2,14,12.0,5.0
700000.0,,,,1,14,8.0,7.0
600000.0,,,,1,14,14.0,9.0
150000.0,,,,1,14,15.0,7.0
,,,,1,14,,
,,,,2,14,,
0.0,,,,2,14,12.0,5.0
,,,214296.0,2,14,1.0,
290000.0,,,,2,14,15.0,5.0
200000.0,,,,1,14,7.0,9.0
,,21243.0,,2,14,,
,,,,1,14,12.0,7.0
,,,,2,14,17.0,2.0
2000000.0,,,,1,14,19.0,2.0
1200000.0,,,,2,14,17.0,2.0
,,,,1,14,,
1200000.0,,,,1,14,17.0,2.0
1800000.0,,,,2,14,21.0,2.0
,,,,1,14,,
3200000.0,,,,1,14,19.0,1.0
,,,,2,14,10.0,
2000000.0,,,,2,14,17.0,2.0
3500000.0,,,,1,14,17.0,2.0
,,,,2,14,,
,,,,1,14,,
1500000.0,,,270000.0,2,14,16.0,3.0
,,,,1,14,16.0,
350000.0,,,,1,14,10.0,9.0
,,,,2,14,0.0,
500000.0,,,,2,14,17.0,1.0
,,21243.0,,1,14,9.0,
,,,,2,14,,
500000.0,,,,1,14,17.0,2.0
500000.0,,,,1,14,8.0,6.0
,,,400000.0,1,14,8.0,
,,,214296.0,2,14,12.0,
265000.0,,,,2,14,3.0,6.0
375000.0,,,,1,14,6.0,9.0
,,,,2,14,15.0,
,,21243.0,,1,14,,
,,,,2,14,3.0,
,,,214296.0,1,14,0.0,6.0
,,,,2,14,12.0,
,,21243.0,,2,14,11.0,
,,21243.0,,2,14,,
,,21243.0,,1,14,,
,,21243.0,,2,14,,
,,,,2,14,9.0,5.0
,,,,1,14,12.0,7.0
,,,,1,14,7.0,7.0
,,,,2,14,2.0,
2000000.0,,,1250000.0,1,14,17.0,1.0
,,,212000.0,1,14,6.0,
,,,,2,14,6.0,
,,,,1,14,10.0,9.0
300000.0,,,,1,14,6.0,9.0
,,,290000.0,1,14,0.0,
,,,214296.0,2,14,7.0,
1200000.0,,,,1,14,15.0,1.0
,,,,2,14,3.0,
,,,,2,14,6.0,
,,,,2,14,3.0,9.0
,,,,2,14,12.0,
700000.0,,,,1,14,12.0,8.0
,,,102000.0,2,14,13.0,5.0
,,,,2,14,9.0,5.0
,,,,1,14,7.0,
,,,,2,14,12.0,
,,,,2,14,12.0,
,75000.0,,,2,14,12.0,
,,,,1,14,12.0,7.0
,,,,2,14,14.0,
,,,,2,14,11.0,
,,,,1,14,11.0,
,,,,1,14,,
350000.0,,,,2,14,5.0,9.0
500000.0,,,,1,14,12.0,5.0
130000.0,,,,1,14,12.0,9.0
,,,,2,14,4.0,
,,,220000.0,2,14,0.0,
,,,,1,14,16.0,
,,,,2,14,16.0,
500000.0,,,,2,14,12.0,7.0
,,,,2,14,12.0,
,,,,2,14,6.0,
500000.0,,,,1,14,8.0,8.0
,,,,2,14,6.0,
,,,,2,14,,
450000.0,,,,1,14,7.0,6.0
,,,,1,14,11.0,
,,,,2,14,15.0,
,,,,1,14,10.0,
,,21243.0,,2,14,,
,,21243.0,,1,14,,
,,21243.0,,1,14,,
,,,,1,14,12.0,9.0
,,,,2,14,12.0,
,,,,1,14,12.0,
,,,,1,14,,
,,,,1,14,,
,,,,2,14,5.0,
,,,300000.0,1,14,12.0,
,,,,1,14,14.0,3.0
,,,,2,14,18.0,2.0
,,,,2,14,13.0,
600000.0,,,,2,14,15.0,3.0
,,,,1,14,15.0,3.0
,,,,1,14,16.0,3.0
700000.0,,,,2,14,12.0,3.0
350000.0,,,,2,14,9.0,9.0
380000.0,,,,2,14,18.0,5.0
,,,,1,14,11.0,
,,,,1,14,8.0,
2500000.0,,,,2,14,19.0,2.0
500000.0,,,,2,14,15.0,5.0
,,,,1,14,15.0,3.0
,,,,2,14,12.0,
,,,355000.0,1,14,12.0,
,,,214296.0,2,14,12.0,
,,,,2,14,17.0,
,,,,1,14,15.0,
,,,,2,14,12.0,
600000.0,,,,1,14,12.0,3.0
600000.0,,,,2,14,17.0,2.0
,,,,1,14,15.0,1.0
,,,664216.0,2,14,17.0,
1500000.0,,,,1,14,17.0,2.0
,,,,1,14,17.0,2.0
,,,,2,14,21.0,2.0
,,,,1,14,18.0,
600000.0,,,,1,14,16.0,2.0
,,,,2,14,15.0,
2500000.0,,,,1,14,17.0,3.0
,,,,2,14,15.0,
,,,,1,14,16.0,
,,,,1,14,13.0,
,,,,2,14,12.0,
1400000.0,,,,1,14,15.0,7.0
980000.0,,,,2,14,16.0,2.0
450000.0,,,,2,14,17.0,2.0
1100000.0,,,,1,14,12.0,8.0
,,,350000.0,1,14,12.0,
1200000.0,,,,2,14,17.0,3.0
,,,,2,14,11.0,
,,,800000.0,1,14,12.0,
,,,,2,14,12.0,
3000000.0,,,,1,14,17.0,2.0
5000000.0,,,,2,14,19.0,2.0
,,,,1,14,17.0,
,,,,2,14,,
,,,800000.0,1,14,20.0,
,,,,2,14,10.0,
,,,,1,14,6.0,6.0
,,,,2,14,8.0,6.0
0.0,,,,1,14,13.0,9.0
,,,214296.0,1,14,6.0,6.0
,,,214296.0,2,14,12.0,
,,,350000.0,1,14,12.0,
,,,,1,14,15.0,
,,,,2,14,12.0,
,,,,1,14,12.0,
,,,,1,14,,
600000.0,,,,2,14,11.0,7.0
700000.0,,,,2,14,17.0,2.0
850000.0,,,,2,14,16.0,2.0
,,,,1,14,14.0,8.0
60000.0,,,218000.0,2,14,12.0,9.0
180000.0,,,150000.0,1,14,14.0,8.0
850000.0,,,,1,14,14.0,0.0
,80000.0,,,2,14,18.0,
,,,,1,14,,
,,,,1,14,,
,,,900000.0,1,14,12.0,
,,,,2,14,6.0,
,200000.0,,,2,14,12.0,
,,,,1,14,13.0,
,,,214296.0,2,14,8.0,
,,,600000.0,1,14,22.0,
,,,,2,14,4.0,
,,21243.0,,1,14,9.0,
,,,,1,14,8.0,
,,,,1,14,7.0,
405000.0,,,,1,14,8.0,7.0
,900000.0,,,2,14,17.0,
1300000.0,,,,2,14,17.0,2.0
,,,,2,14,13.0,9.0
,,,,2,14,9.0,6.0
,,,,1,14,16.0,
,,,,1,14,10.0,
,,,,2,14,12.0,
500000.0,,,,1,14,9.0,8.0
,,,,2,14,,
,,,,1,14,,
,,,,1,14,10.0,7.0
,,,,2,14,5.0,
,400000.0,,,1,14,15.0,
,,,,1,14,15.0,
,,,,2,14,14.0,
460000.0,,,,2,14,12.0,5.0
,,,301000.0,1,14,5.0,5.0
,,,214296.0,2,14,12.0,5.0
,,,369000.0,1,14,12.0,
,,,214296.0,2,14,9.0,
,,,,2,14,12.0,
,,,,2,14,12.0,
,,21243.0,,1,14,,
600000.0,,,,1,14,12.0,8.0
,,,200000.0,2,14,6.0,
,,,,2,14,15.0,3.0
560000.0,,,680000.0,1,14,12.0,8.0
,,,,2,14,17.0,
,,,580000.0,1,14,12.0,
,,,,2,14,8.0,
500000.0,,,,1,14,12.0,5.0
,,,,1,14,,
,,,,2,14,,
,,,,2,14,,
850000.0,,,,1,14,12.0,8.0
,,,214296.0,2,14,6.0,
,,,,2,14,12.0,
,,,214296.0,1,14,7.0,
,,,300000.0,1,14,2.0,
,,,214296.0,2,14,2.0,
,,,,2,14,6.0,
,,,250000.0,2,14,1.0,
464835.0,,,,1,14,8.0,6.0
600000.0,,,,1,14,12.0,9.0
340000.0,,,,2,14,12.0,9.0
,,,,2,14,,
,,,,2,14,13.0,
480000.0,,,,1,14,7.0,9.0
,,,,1,14,15.0,
,,,,2,14,15.0,
,,21243.0,,1,14,,
,,,,1,14,17.0,2.0
,,,,2,14,9.0,
,,,,2,14,12.0,
500000.0,,,,1,14,12.0,1.0
,,,,2,14,,
,,,,2,14,12.0,
,,,,2,14,14.0,
360000.0,,,,2,14,15.0,5.0
,,,,1,14,11.0,
580000.0,,,,2,14,12.0,5.0
,,,,2,14,,
,,,214296.0,1,14,10.0,
,,,214296.0,2,14,12.0,
650000.0,,,,1,14,8.0,7.0
500000.0,,,,1,14,12.0,9.0
,,,214296.0,2,14,9.0,7.0
,,,260000.0,2,14,7.0,5.0
450000.0,,,,1,14,12.0,8.0
,150000.0,,214296.0,1,14,8.0,
,,,,1,14,12.0,1.0
,,,,2,14,9.0,
,,,214296.0,1,14,0.0,
,,,214296.0,2,14,2.0,
405000.0,,,,1,14,12.0,7.0
,,,,1,14,4.0,9.0
,,,,2,14,16.0,
,,,,2,14,12.0,5.0
700000.0,,,,1,14,10.0,8.0
500000.0,,,,1,14,12.0,9.0
,,,,2,14,12.0,
,,,,1,14,,
,,,214296.0,2,14,6.0,
,,,214296.0,2,14,5.0,
,,,250000.0,1,14,5.0,
,,,,1,14,11.0,
,30000.0,,,1,14,0.0,
0.0,,,,2,14,12.0,9.0
,,21243.0,,1,14,,
,,21243.0,,1,14,10.0,
,,,,2,14,12.0,
,,,,1,14,12.0,
,,,,2,14,9.0,
,,21243.0,,2,14,11.0,
,,,214296.0,2,14,2.0,
500000.0,,,,1,14,12.0,7.0
,,,,1,14,8.0,6.0
,,,250000.0,2,14,3.0,
,,,950000.0,1,14,15.0,
,,,214000.0,2,14,8.0,
-88.0,,,,2,14,16.0,2.0
,,,,2,14,6.0,
500000.0,,,214296.0,1,14,9.0,9.0
,,,,2,14,11.0,
,,,,1,14,12.0,7.0
,,,,2,14,10.0,
,,,,1,14,8.0,
,,,,2,14,12.0,
,,21243.0,,1,14,,
,,,220000.0,2,14,3.0,
,,,330000.0,1,14,8.0,9.0
,,,214296.0,2,14,0.0,
,,,,2,14,17.0,
,,,,2,14,,
,,,,2,14,17.0,
,,,800000.0,1,14,6.0,
,,,214296.0,2,14,8.0,
,,,214296.0,2,14,3.0,
,,,,1,14,12.0,7.0
700000.0,,,,2,14,16.0,2.0
,,,,1,14,15.0,
,,,375000.0,1,14,0.0,
,,,214296.0,2,14,5.0,
200000.0,,,,2,14,12.0,3.0
,,,,2,14,12.0,
,,,,2,14,13.0,
,,,,2,14,10.0,
,,,200000.0,2,14,1.0,
250000.0,,,,2,14,15.0,5.0
80000.0,,,,2,14,14.0,5.0
500000.0,,,,2,14,12.0,5.0
500000.0,,,,2,14,12.0,5.0
500000.0,,,,1,14,12.0,5.0
250000.0,,,,2,14,11.0,5.0
,,21243.0,,2,14,,
,,21243.0,,2,14,,
1000000.0,,,,1,14,12.0,5.0
400000.0,,,,2,14,17.0,4.0
500000.0,,,,2,14,14.0,4.0
,,,,1,14,,
900000.0,,,,1,14,12.0,8.0
,240000.0,,,2,14,16.0,
,,,,2,14,15.0,
,,,,2,14,,
,,,,2,14,22.0,2.0
,,,214296.0,2,14,15.0,
,,,,1,14,14.0,
,,,,2,14,16.0,7.0
,,,,1,14,13.0,
,,,214296.0,2,14,8.0,
250000.0,,,,2,14,12.0,9.0
,,,,2,14,16.0,
,,,,1,14,13.0,
,,21243.0,,1,14,,
230000.0,,,,2,14,8.0,5.0
,,,,1,14,8.0,7.0
1100000.0,,,,2,14,17.0,2.0
,,,,2,14,11.0,
,,,,1,14,,
0.0,,,,2,14,10.0,9.0
,500000.0,,,1,14,11.0,
,,,260000.0,1,14,0.0,
,,,214000.0,2,14,0.0,
750000.0,,,,1,14,17.0,2.0
700000.0,,,,2,14,17.0,2.0
0.0,,,226000.0,2,14,2.0,5.0
170000.0,,,240000.0,1,14,9.0,9.0
,,,,1,14,8.0,9.0
600000.0,,,,1,14,12.0,8.0
500000.0,,,,2,14,12.0,5.0
800000.0,,,,2,14,15.0,3.0
,,,,2,14,10.0,
,,,,2,14,8.0,
,,,180000.0,2,14,6.0,7.0
,,,,2,14,8.0,
500000.0,,,,1,14,12.0,7.0
500000.0,,,,1,14,15.0,8.0
500000.0,,,,1,14,12.0,8.0
,,,,2,14,8.0,
,,,,2,14,,
,,,,1,14,14.0,
,,,,2,14,10.0,
,,,,1,14,,
500000.0,,,,2,14,12.0,9.0
450000.0,,,,1,14,12.0,8.0
,,,,2,14,12.0,
,,,,2,14,,
,,,,1,14,,
,,,100000.0,2,14,20.0,
,,,,2,14,14.0,7.0
,,,,2,14,17.0,
,,,,2,14,14.0,
,,,177347.0,2,14,15.0,
1500000.0,,,,2,14,17.0,2.0
,,,,1,14,12.0,
,,,,1,14,,
1000000.0,,,,1,14,12.0,5.0
800000.0,,,,2,14,12.0,5.0
,,,,2,14,,
480000.0,,,,2,14,15.0,3.0
,,,,1,14,,
,,,,1,14,,
,,,,1,14,12.0,
500000.0,,,,2,14,10.0,9.0
500000.0,,,,1,14,4.0,9.0
500000.0,,,,1,14,12.0,4.0
,,,,2,14,13.0,
,,,,1,14,,
750000.0,,,,1,14,17.0,2.0
750000.0,,,,2,14,17.0,2.0
,,,,1,14,,
,,,,1,14,,
,,,,1,14,11.0,7.0
,,,,1,14,15.0,5.0
,,,,2,14,10.0,5.0
,,,,1,14,13.0,
,,,,2,14,14.0,
550000.0,,,,1,14,12.0,9.0
,,,,1,14,,
,70000.0,,,1,14,6.0,
,,,214296.0,2,14,0.0,
,,,,1,14,6.0,9.0
,,,214296.0,2,14,3.0,
,,,,1,14,12.0,7.0
,,,,2,14,8.0,
,,,,2,14,9.0,
,,,,2,14,6.0,
,,,200000.0,1,14,2.0,
,,,,1,14,12.0,
,,,,2,14,12.0,
,,21243.0,,2,14,,
,,,,2,14,,
,,,214296.0,2,14,4.0,
,,,214296.0,1,14,4.0,
,,,,2,14,5.0,
,,,,2,14,5.0,
,,,,1,14,8.0,6.0
,,21243.0,,2,14,9.0,
,60000.0,,,1,14,8.0,
,,,214296.0,2,14,0.0,
,,,,1,14,0.0,
,,,214000.0,2,14,17.0,
380000.0,,,,1,14,12.0,9.0
,,,,2,14,7.0,
,,,,1,14,9.0,
,,,,2,14,3.0,
500000.0,,,,1,14,7.0,9.0
,,,,2,14,15.0,
1000000.0,,,,1,14,15.0,3.0
,,,,2,14,12.0,6.0
500000.0,,,,1,14,12.0,5.0
,,,,2,14,12.0,
500000.0,,,,1,14,8.0,6.0
,,,,1,14,16.0,
,,,,1,14,,
500000.0,,,,1,14,8.0,9.0
,,,,2,14,12.0,
,,,,2,14,12.0,
500000.0,,,,1,14,12.0,6.0
500000.0,,,,2,14,10.0,6.0
700000.0,,,,2,14,12.0,6.0
,,,,2,14,9.0,
700000.0,,,,1,14,6.0,6.0
500000.0,,,,1,14,12.0,2.0
,,,,2,14,15.0,1.0
,,,,2,14,15.0,
,,,,1,14,15.0,
300000.0,,,,2,14,12.0,7.0
0.0,,,,1,14,9.0,8.0
,,,,1,14,,
434000.0,,,,1,14,12.0,9.0
,,,,2,14,12.0,
,,,,2,14,,
,,,214296.0,2,14,4.0,
,,,,1,14,8.0,7.0
,,,,2,14,6.0,
,,,,2,14,15.0,7.0
300000.0,,,,2,14,12.0,5.0
,,,,2,14,12.0,
,,,214296.0,1,14,12.0,
,,,214296.0,2,14,6.0,
405000.0,,,,2,14,12.0,5.0
,,,,1,14,16.0,
,,,700000.0,1,14,17.0,
,,,,2,14,17.0,2.0
1000000.0,,,,1,14,17.0,4.0
800000.0,,,,1,14,15.0,5.0
,,,,2,14,14.0,2.0
,,,,1,14,10.0,
,,,,1,14,,
,,,,2,14,10.0,
,,,,1,14,0.0,
600000.0,,,,1,14,11.0,7.0
500000.0,,,,1,14,11.0,8.0
600000.0,,,,1,14,18.0,1.0
,,,,2,14,17.0,2.0
,600000.0,,,1,14,19.0,
,,,,2,14,,
,,,,1,14,16.0,
4000000.0,,,,1,14,20.0,2.0
,,,,2,14,17.0,
,,,,1,14,16.0,
,,,,2,14,14.0,
,,,950000.0,1,14,17.0,
,,,900000.0,2,14,17.0,
,,,,2,14,18.0,2.0
5000000.0,,,,1,14,20.0,2.0
5000000.0,,,,2,14,22.0,2.0
,,,300000.0,2,14,20.0,
1200000.0,,,,1,14,21.0,2.0
,,,,2,14,12.0,
,,,450000.0,2,14,17.0,
,,,800000.0,1,14,17.0,
,,,,2,14,17.0,
,,,,1,14,17.0,7.0
,,,,2,14,,
,,,,1,14,,
,,,600000.0,2,14,24.0,
,,,1500000.0,1,14,27.0,
620000.0,,,180000.0,2,14,12.0,9.0
400000.0,,,,1,14,8.0,6.0
,,,,2,14,8.0,5.0
,,,,2,14,15.0,5.0
,,,,2,14,12.0,5.0
,,21243.0,,1,14,,
0.0,,,,1,14,4.0,3.0
,,,214296.0,2,14,3.0,
,,,,2,14,4.0,
600000.0,,,,2,14,6.0,9.0
,,,,1,14,8.0,7.0
726000.0,,,,2,14,5.0,9.0
,,,214296.0,2,14,6.0,
550000.0,,,214296.0,1,14,8.0,7.0
150000.0,,,,2,14,12.0,9.0
,,,226879.0,2,14,4.0,
,,,452065.0,1,14,3.0,
150000.0,,,,2,14,9.0,9.0
,,,,2,14,12.0,
600000.0,,,,1,14,12.0,7.0
,,,,2,14,12.0,
,,21243.0,,1,14,9.0,
,,,,2,14,22.0,
,,,,1,14,17.0,3.0
,,,,2,14,8.0,
,,,,1,14,12.0,6.0
,,,,1,14,11.0,6.0
500000.0,,,,2,14,3.0,9.0
,,,,2,14,,
,,,,1,14,,
,,,,2,14,8.0,
,,,,1,14,6.0,7.0
350000.0,,,,2,14,8.0,9.0
400000.0,,,,1,14,12.0,5.0
,,,,2,14,12.0,
500000.0,,,,1,14,10.0,8.0
,,,,2,14,12.0,5.0
,,,320000.0,1,14,4.0,
400000.0,,,,2,14,12.0,9.0
,,,,2,14,,
,,,,2,14,,
,,,,2,14,,
700000.0,,,,1,14,12.0,5.0
400000.0,,,,1,14,8.0,7.0
,,,,2,14,12.0,
,,,,1,14,12.0,
600000.0,,,,1,14,10.0,9.0
,,,,2,14,10.0,
,,,,2,14,,
,,,,2,14,12.0,7.0
500000.0,,,,1,14,12.0,9.0
,,,,1,14,11.0,
,,,,2,14,,
,,,280000.0,2,14,10.0,
,,,,2,14,12.0,
,,,,1,14,13.0,7.0
,,,,1,14,12.0,
500000.0,,,,2,14,12.0,9.0
500000.0,,,,2,14,12.0,5.0
,,,,2,14,10.0,
,,,,2,14,,
500000.0,,,,1,14,10.0,7.0
,,,,2,14,2.0,
,,,,1,14,9.0,
,,,,2,14,0.0,
,,,,1,14,9.0,
,,,,2,14,,
,,,,2,14,3.0,
,,,,1,14,9.0,
200000.0,,,,2,14,11.0,9.0
,,,,1,14,8.0,7.0
,,,,2,14,10.0,5.0
,,,,1,14,12.0,
,,,,1,14,9.0,
221000.0,,,,2,14,12.0,5.0
450000.0,,,,1,14,12.0,3.0
,,,,2,14,11.0,
,,,,2,14,,
650000.0,,,,1,14,12.0,7.0
,,,,2,14,15.0,3.0
800000.0,,,,1,14,12.0,7.0
,,,,2,14,,
,,,,1,14,,
,,,,2,14,0.0,
400000.0,,,,1,14,12.0,7.0
,,,,2,14,12.0,
500000.0,,,,1,14,12.0,6.0
,,,,2,14,13.0,
,,21243.0,,1,14,,
,,21243.0,,2,14,,
,,,,2,14,8.0,
400000.0,,,,1,14,12.0,7.0
,,,,2,14,10.0,
600000.0,,,,1,14,8.0,7.0
,,,214296.0,1,14,2.0,
,,,214296.0,2,14,0.0,
,,,214296.0,1,14,5.0,
,,,,1,14,5.0,9.0
500000.0,,,,2,14,17.0,2.0
,,,220000.0,2,14,5.0,
300000.0,,,,1,14,8.0,8.0
,,,214296.0,2,14,3.0,7.0
,,,,1,14,12.0,9.0
280000.0,,,214296.0,2,14,7.0,9.0
300000.0,,,,2,14,15.0,5.0
,,,,1,14,14.0,7.0
,,,220000.0,2,14,10.0,
250000.0,,,,1,14,3.0,7.0
,,,,2,14,12.0,9.0
,,,,1,14,11.0,
500000.0,,,,1,14,12.0,8.0
400000.0,,,,2,14,12.0,4.0
200000.0,,,,1,14,12.0,7.0
,,,,2,14,,
,,,208000.0,2,14,16.0,
,,,,2,14,12.0,
,,,214000.0,1,14,10.0,
,,,250000.0,2,14,9.0,
700000.0,,,,1,14,12.0,7.0
,,,,2,14,12.0,
500000.0,,,,2,14,15.0,3.0
300000.0,,,,1,14,12.0,9.0
,,,,1,14,,
,,,,2,14,,
,,,214296.0,2,14,6.0,
250000.0,,,289000.0,1,14,3.0,9.0
,,,240000.0,2,14,1.0,
500000.0,,,,2,14,8.0,6.0
,,21243.0,,2,14,12.0,
,,21243.0,,1,14,,
,,21243.0,,1,14,,
700000.0,,,,2,14,8.0,5.0
,,,,1,14,9.0,
,,,,1,14,,
,,,,1,14,12.0,6.0
,,,,2,14,10.0,6.0
,,,300000.0,1,14,8.0,6.0
,,,,2,14,8.0,6.0
480000.0,,,,1,14,17.0,2.0
250000.0,,,,1,14,11.0,9.0
,,,,2,14,,
,,,,2,14,16.0,
,,,,1,14,15.0,
,,,,2,14,,
,,,,1,14,7.0,
100000.0,,,,1,14,8.0,6.0
100000.0,,,,1,14,10.0,6.0
,,,,1,14,12.0,6.0
,,,,2,14,12.0,
,,,,2,14,2.0,
500000.0,,,,1,14,8.0,6.0
,,,214296.0,2,14,3.0,5.0
,,,420000.0,1,14,3.0,8.0
,,,,2,14,10.0,8.0
400000.0,,,,1,14,10.0,8.0
,,,,2,14,,
,,,,2,14,,
,,,,2,14,1.0,
,,,,1,14,1.0,9.0
,,,,2,14,4.0,
,300000.0,,,1,14,10.0,
,,,200000.0,2,14,17.0,
1000000.0,,,202000.0,1,14,17.0,2.0
,,,,1,14,17.0,5.0
500000.0,,,,2,14,15.0,9.0
,,,,1,14,,
,,,,1,14,6.0,6.0
,,,,2,14,11.0,
,,,214000.0,2,14,0.0,
,,,214000.0,2,14,11.0,
,,,214000.0,1,14,10.0,
,,,,1,14,9.0,8.0
500000.0,,,,2,14,9.0,8.0
390000.0,,,,1,14,8.0,8.0
,,,400000.0,1,14,4.0,
,,,214296.0,2,14,1.0,5.0
,,,,1,14,18.0,2.0
980000.0,,,,2,14,12.0,4.0
,,,355000.0,2,14,6.0,
500000.0,,,,1,14,12.0,5.0
,,,212474.0,2,14,9.0,
1500000.0,,,,1,14,17.0,4.0
,,,,2,14,12.0,
0.0,,,,2,14,16.0,5.0
,,,,1,14,17.0,
,,,300000.0,1,14,5.0,
,,,,2,14,5.0,
,,,,2,14,3.0,
,350000.0,,,2,14,12.0,
,200000.0,,,1,14,12.0,
,,,,2,14,,
350000.0,,,,1,14,8.0,8.0
,,,,1,14,16.0,
250000.0,,,,2,14,11.0,9.0
,,,310649.0,1,14,17.0,
150000.0,,,200000.0,2,14,8.0,9.0
,250000.0,,,1,14,8.0,
,200000.0,,,1,14,12.0,
,,,,1,14,12.0,
,,,,2,14,12.0,
,,,230000.0,1,14,6.0,
,,,214296.0,2,14,5.0,
275000.0,,,,1,14,12.0,5.0
,,,,2,14,12.0,
,,,,2,14,17.0,7.0
600000.0,,,,1,14,17.0,8.0
,,,,2,14,17.0,7.0
,,,,2,14,15.0,5.0
,,21243.0,,2,14,,
450000.0,,,,2,14,17.0,2.0
700000.0,,,,1,14,14.0,8.0
600000.0,,,,1,14,15.0,8.0
600000.0,,,,1,14,12.0,4.0
,,,,2,14,10.0,
500000.0,,,,2,14,15.0,3.0
-88.0,,,,1,14,18.0,3.0
,,,,2,14,15.0,
,,,,1,14,,
800000.0,,,,1,14,12.0,8.0
,,,,2,14,15.0,1.0
,,,,2,14,,
,,21243.0,,1,14,,
1100000.0,,,,1,14,14.0,8.0
800000.0,,,,1,14,15.0,3.0
,,,,2,14,10.0,
,,,,2,14,14.0,
0.0,,,766296.0,1,14,8.0,9.0
,,,,2,14,13.0,5.0
,,,,2,14,,
,,21243.0,,1,14,,
800000.0,,,,2,14,17.0,2.0
800000.0,,,,1,14,17.0,2.0
,,,,1,14,,
,,,,2,14,,
,,,,1,14,14.0,
,,,296583.0,1,14,17.0,
,,,,2,14,12.0,
580000.0,,,147000.0,2,14,10.0,9.0
,,,,2,14,13.0,
,,,,1,14,,
1000000.0,,,,1,14,16.0,3.0
900000.0,,,,2,14,18.0,2.0
,,,,2,14,12.0,5.0
,,,-88.0,2,14,12.0,
,,,,1,14,10.0,
,,,,2,14,,
,,,,1,14,,
1200000.0,,,,1,14,17.0,2.0
980000.0,,,,2,14,17.0,2.0
,,,214296.0,2,14,8.0,
,,,,1,14,12.0,
420000.0,,,,1,14,6.0,7.0
,,,,2,14,13.0,
1500000.0,,,,1,14,18.0,2.0
500000.0,,,100000.0,2,14,5.0,9.0
1500000.0,,,,1,14,17.0,1.0
,,,,2,14,11.0,
,,,,2,14,,
700000.0,,,,2,14,17.0,2.0
527000.0,,,,2,14,14.0,5.0
,,,,1,14,16.0,
,,,,1,14,,
,,,,2,14,,
400000.0,,,,2,14,16.0,3.0
680000.0,,,,2,14,15.0,3.0
,,,,2,14,,
,,,,2,14,17.0,
,,,,2,14,,
700000.0,,,,1,14,12.0,8.0
350000.0,,,,2,14,9.0,9.0
500000.0,,,,1,14,14.0,9.0
550000.0,,,300000.0,1,14,12.0,9.0
,,,,1,14,12.0,8.0
,,,,2,14,12.0,
1000000.0,,,,1,14,12.0,8.0
,,,,2,14,8.0,
420000.0,,,,1,14,12.0,6.0
,,,,1,14,17.0,
,,,,2,14,,
800000.0,,,,1,14,8.0,3.0
,,,,2,14,7.0,
2200000.0,,,,1,14,17.0,2.0
,,,,2,14,17.0,2.0
1000000.0,,,,1,14,12.0,7.0
80000.0,,,,2,14,7.0,9.0
,,,,1,14,10.0,
,,,,2,14,22.0,2.0
1000000.0,,,,1,14,12.0,4.0
,,,,1,14,,
750000.0,,,,1,14,14.0,9.0
1000000.0,,,,2,14,17.0,2.0
,,,,2,14,8.0,
60000.0,,,,1,14,14.0,9.0
500000.0,,,,1,14,3.0,6.0
,,,,2,14,,
400000.0,,,,2,14,8.0,5.0
750000.0,,,,1,14,16.0,4.0
1200000.0,,,,2,14,17.0,2.0
,,,,1,14,,
,,,214296.0,2,14,12.0,5.0
1000000.0,,,,1,14,17.0,2.0
0.0,,,,2,14,17.0,2.0
,,,160000.0,2,14,13.0,
0.0,,,,1,14,12.0,4.0
500000.0,,,,2,14,12.0,5.0
,,21243.0,,1,14,,
,,,,2,14,17.0,5.0
40000.0,,,,2,14,9.0,9.0
,,,,2,14,,
500000.0,,,,2,14,12.0,5.0
,,,214960.0,2,14,8.0,
,,,214296.0,2,14,3.0,
500000.0,,,,1,14,10.0,4.0
,,,200000.0,1,14,8.0,
,,,,2,14,0.0,
,,,,2,14,7.0,
,,,,1,14,12.0,
,,,214296.0,2,14,0.0,
500000.0,,,,2,14,12.0,5.0
,,,214296.0,1,14,2.0,
,,,,2,14,14.0,
500000.0,,,,2,14,8.0,5.0
,,,,2,14,12.0,
,,,,1,14,9.0,7.0
,380000.0,,,1,14,12.0,
,374000.0,,,1,14,12.0,
,,,,1,14,11.0,
,,,,1,14,11.0,7.0
,,,,1,14,12.0,
800000.0,,,,2,14,17.0,3.0
,,,,1,14,17.0,2.0
-88.0,,,,2,14,8.0,9.0
,,,,1,14,15.0,
2500000.0,,,,2,14,17.0,2.0
,,,,1,14,,
3000000.0,,,,1,14,17.0,2.0
,,,,2,14,0.0,
450000.0,,,,2,14,12.0,5.0
,,21243.0,,2,14,,
,,,,1,14,12.0,7.0
,,,,2,14,12.0,
650000.0,,,,1,14,12.0,8.0
,,,,1,14,12.0,
,,,,1,14,,
,,,,1,14,,
,,,214296.0,1,14,7.0,
,,,214296.0,2,14,0.0,
,,,,1,14,12.0,
,,,,1,14,12.0,
500000.0,,,,2,14,15.0,5.0
500000.0,,,,1,14,15.0,5.0
500000.0,,,,2,14,15.0,5.0
500000.0,,,,1,14,15.0,8.0
,,,214296.0,2,14,3.0,
,,,,2,14,12.0,2.0
,,,,1,14,13.0,2.0
,,21243.0,,1,14,,
318000.0,,,,2,14,12.0,9.0
380000.0,,,,1,14,8.0,8.0
,,21243.0,,2,14,,
,,,,2,14,12.0,
,,,,1,14,15.0,1.0
,,21243.0,,1,14,12.0,
,,21243.0,,1,14,,
,,21243.0,,1,14,,
,,,,1,14,17.0,
,,,214000.0,2,14,12.0,
,,,,2,14,,
,,,,2,14,15.0,
,,,,1,14,15.0,
,,,,2,14,15.0,
,,,,2,14,,
,,,,1,14,,
200000.0,,,,2,14,14.0,9.0
,,,,2,14,7.0,
,,,,1,14,12.0,5.0
,,,,1,14,,
,,,,1,14,,
,,,,2,14,,
,260000.0,,,2,14,16.0,
,,,,2,14,12.0,
,,,,2,14,0.0,
,,,,1,14,8.0,7.0
,,,,2,14,12.0,7.0
780000.0,,,,2,14,8.0,5.0
500000.0,,,,1,14,12.0,3.0
,,,214296.0,2,14,0.0,
,,,214296.0,1,14,8.0,
,,,214296.0,2,14,8.0,
600000.0,,,,1,14,12.0,8.0
,,,,1,14,10.0,
,,,,2,14,7.0,
,,,214296.0,2,14,1.0,
,,,,1,14,7.0,7.0
,,21243.0,,1,14,,
450000.0,,,,2,14,1.0,9.0
,,,,1,14,10.0,
,,,,2,14,11.0,
550000.0,,,,1,14,12.0,7.0
,,,,1,14,,
,,,,1,14,,
500000.0,,,,1,14,5.0,6.0
500000.0,,,,2,14,12.0,5.0
500000.0,,,,1,14,10.0,8.0
,,,,2,14,7.0,
400000.0,,,,1,14,8.0,6.0
,,,214296.0,1,14,3.0,
,,,,1,14,2.0,
,,,214296.0,2,14,0.0,
,,,,1,14,10.0,
,,,60000.0,2,14,12.0,
640000.0,,,,2,14,15.0,3.0
,,21243.0,,2,14,,
80000.0,,,,1,14,7.0,6.0
,,,1200000.0,1,14,19.0,2.0
,,,1200000.0,2,14,19.0,2.0
2600000.0,,,,1,14,19.0,2.0
1500000.0,,,,2,14,17.0,2.0
,,,,1,14,,
,,,,1,14,,
2900000.0,,,,1,14,21.0,2.0
2500000.0,,,,2,14,17.0,2.0
,,,,1,14,,
,,,,2,14,14.0,
,,21243.0,,1,14,,
,,21243.0,,2,14,,
,,21243.0,,1,14,,
,,,,2,14,17.0,
500000.0,,,,1,14,12.0,3.0
,,,,1,14,,
,,21243.0,,2,14,,
500000.0,,,,1,14,12.0,3.0
240000.0,,,,2,14,12.0,5.0
270000.0,,,,2,14,16.0,5.0
280000.0,,,,2,14,14.0,5.0
,,,,1,14,,
,,,,2,14,,
1100000.0,,,,2,14,17.0,2.0
,,,,2,14,,
,,,,2,14,14.0,
,,,400000.0,1,14,17.0,
900000.0,,,,1,14,17.0,2.0
,,,,2,14,,
,,,,1,14,,
,,,,1,14,,
800000.0,,,,2,14,17.0,2.0
,,,,2,14,12.0,
,,,436000.0,1,14,3.0,
500000.0,,,,2,14,12.0,5.0
200000.0,,,,2,14,8.0,6.0
650000.0,,,,1,14,12.0,4.0
360000.0,,,,2,14,15.0,5.0
,,,,1,14,8.0,7.0
,,,,2,14,11.0,
500000.0,,,,1,14,12.0,9.0
,,,,2,14,11.0,
,,,214000.0,2,14,6.0,
,,,,2,14,14.0,
,,,,2,14,12.0,
,,,214000.0,1,14,6.0,
,,,,2,14,12.0,5.0
,,,214296.0,2,14,3.0,
,,,214296.0,1,14,3.0,
,,,,1,14,,
450000.0,,,,2,14,12.0,4.0
,,,,2,14,,
600000.0,,,,1,14,12.0,8.0
600000.0,,,,1,14,6.0,7.0
,,,,2,14,7.0,
0.0,,,,2,14,12.0,9.0
,,,,2,14,12.0,
,,21243.0,,1,14,,
,,21243.0,,1,14,,
,,,214000.0,1,14,2.0,
,,,214296.0,2,14,5.0,
,,,500000.0,1,14,16.0,
,,,300000.0,2,14,16.0,
500000.0,,,,1,14,8.0,6.0
,,,,2,14,5.0,
,,,220000.0,1,14,9.0,
400000.0,,,,1,14,3.0,6.0
,,,,2,14,8.0,
500000.0,,,,1,14,8.0,5.0
,,,,2,14,8.0,
,,,,2,14,13.0,
400000.0,,,,1,14,9.0,9.0
,,,214296.0,2,14,6.0,
,,,,2,14,8.0,
,,,,2,14,12.0,
190000.0,,,,1,14,3.0,6.0
,,,,2,14,,
,,,,1,14,0.0,9.0
500000.0,,,,1,14,8.0,9.0
,75000.0,,,1,14,4.0,
,,,,2,14,15.0,2.0
,,,,1,14,15.0,7.0
550000.0,,,,1,14,12.0,6.0
,,,245000.0,2,14,12.0,6.0
,,,620000.0,1,14,12.0,
550000.0,,,,1,14,14.0,1.0
,,,,2,14,,
,,,,2,14,17.0,2.0
,,,220000.0,2,14,2.0,
500000.0,,,,1,14,12.0,9.0
,,,,2,14,3.0,
,,,,2,14,17.0,4.0
,,,,1,14,17.0,7.0
,,,,2,14,11.0,
,,,214296.0,1,14,10.0,
,,,,2,14,10.0,
1900000.0,,,1200000.0,2,14,16.0,2.0
250000.0,,,,2,14,10.0,9.0
,,,,1,14,10.0,
,,,214296.0,2,14,6.0,
,,,,2,14,8.0,
500000.0,,,,1,14,12.0,5.0
,,,,2,14,12.0,
,,,,1,14,,
,,,214000.0,1,14,3.0,
,,,214000.0,2,14,7.0,
240000.0,,,,2,14,12.0,9.0
,,,,2,14,16.0,2.0
,,,,1,14,17.0,
550000.0,,,,1,14,12.0,3.0
600000.0,,,,2,14,12.0,3.0
,,,,1,14,,
1200000.0,,,,2,14,15.0,4.0
2000000.0,,,,1,14,20.0,2.0
650000.0,,,,2,14,15.0,7.0
,,,,1,14,15.0,
,,,,1,14,22.0,2.0
,,,,2,14,17.0,7.0
,,,,2,14,16.0,5.0
1600000.0,,,,1,14,17.0,2.0
,,,,1,14,12.0,
600000.0,,,,1,14,9.0,5.0
150000.0,,,,2,14,12.0,5.0
,,,,2,14,,
1000000.0,,,,1,14,14.0,3.0
,,,,2,14,17.0,3.0
,,,,1,14,,
,,,,1,14,,
2200000.0,,,,1,14,23.0,2.0
920000.0,,,,1,14,17.0,2.0
1400000.0,,,,2,14,17.0,2.0
1100000.0,,,,2,14,12.0,0.0
1170000.0,,,,1,14,12.0,0.0
,,,,1,14,,
1119000.0,,,,1,14,15.0,5.0
1190000.0,,,,2,14,15.0,5.0
,,,,1,14,,
950000.0,,,,2,14,15.0,4.0
,,,,1,14,,
,,,,2,14,,
,,,,2,14,,
,,,,1,14,15.0,7.0
,,,,2,14,12.0,
,,,,1,14,12.0,7.0
,,,,1,14,11.0,
,,,,1,14,,
,330000.0,,,2,14,6.0,
,,,,2,14,6.0,
,,,,1,14,8.0,
,,21243.0,,1,14,12.0,
,,,420000.0,1,14,9.0,5.0
500000.0,,,,2,14,12.0,5.0
,,,,1,14,8.0,7.0
,,,,2,14,,
,,,,2,14,,
,,,,2,14,12.0,
,,,,1,14,15.0,
650000.0,,,,2,14,15.0,3.0
,,,214296.0,2,14,4.0,
,,,,2,14,6.0,
,,,162000.0,2,14,17.0,
,,,,2,14,12.0,
500000.0,,,,2,14,12.0,5.0
,,,290000.0,1,14,4.0,
,,,214296.0,2,14,6.0,
500000.0,,,,1,14,9.0,9.0
200000.0,,,400000.0,2,14,5.0,5.0
,,,214296.0,1,14,8.0,
,,,,2,14,12.0,8.0
,,,,2,14,13.0,
,,,,2,14,13.0,
1200000.0,,,,1,14,17.0,2.0
,,,220000.0,1,14,4.0,5.0
,,,236414.0,2,14,0.0,
,,,,1,14,0.0,
,,,,2,14,12.0,
200000.0,,,,1,14,18.0,2.0
,,,,2,14,12.0,
,,,,2,14,12.0,
500000.0,,,,1,14,11.0,8.0
600000.0,,,,1,14,17.0,2.0
,,,,2,14,12.0,5.0
,,,,2,14,11.0,
,,,,1,14,17.0,
,,,,1,14,15.0,
,,,,1,14,15.0,5.0
,,,,1,14,11.0,
500000.0,,,,2,14,12.0,7.0
,,,,2,14,9.0,
500000.0,,,,1,14,12.0,5.0
,,,214296.0,2,14,10.0,
200000.0,,,,2,14,12.0,3.0
,,,,1,14,,
,,,,1,14,,
,,,234000.0,2,14,10.0,
1269000.0,,,,2,14,19.0,2.0
,,,,1,14,9.0,
,,,214296.0,2,14,5.0,
,,,214296.0,1,14,,
,,,,1,14,10.0,
,,21243.0,,1,14,11.0,
,,21243.0,,1,14,9.0,
,200000.0,,,2,14,12.0,5.0
,,21243.0,,1,14,,
,,,,2,14,12.0,5.0
,,,,2,14,7.0,
521000.0,,,,1,14,12.0,9.0
,,,,1,14,17.0,2.0
,,,,2,14,12.0,
,,,,2,14,2.0,
500000.0,,,,2,14,11.0,9.0
330000.0,,,,1,14,11.0,8.0
500000.0,,,,1,14,12.0,7.0
350000.0,,,,2,14,9.0,9.0
,,,,2,14,,
500000.0,,,,2,14,12.0,5.0
,,,,1,14,8.0,
500000.0,,,,2,14,16.0,5.0
,,21243.0,,2,14,,
,,,214296.0,2,14,9.0,
,,,-88.0,1,14,17.0,
,,,406000.0,2,14,5.0,
,,,,1,14,13.0,7.0
600000.0,,,,2,14,12.0,9.0
,,,,1,14,16.0,
700000.0,,,270000.0,1,14,10.0,7.0
,,,212000.0,2,14,12.0,
500000.0,,,,2,14,16.0,5.0
,150000.0,,,2,14,12.0,
,,,580000.0,1,14,8.0,8.0
600000.0,,,,1,14,12.0,1.0
,,,180000.0,2,14,8.0,
,,,520000.0,1,14,10.0,
1100000.0,,,,2,14,17.0,2.0
0.0,,,,2,14,17.0,2.0
,,,230000.0,1,14,8.0,
,,,250000.0,2,14,11.0,
,,,,1,14,16.0,
,120000.0,,,2,14,8.0,
,,,,2,14,12.0,7.0
,,,300000.0,1,14,2.0,
,,,212000.0,2,14,2.0,
250000.0,,,,2,14,12.0,9.0
280000.0,,,,2,14,8.0,9.0
,,,,2,14,,
,,,,2,14,,
,,,,2,14,,
,,,,1,14,,
,,,420000.0,2,14,12.0,
,,,203000.0,1,14,8.0,
,35000.0,,430000.0,1,14,8.0,
700000.0,,,600000.0,1,14,15.0,4.0
,,,214000.0,2,14,10.0,
400000.0,,,,2,14,12.0,5.0
,,,,1,14,13.0,
20000.0,,,200000.0,2,14,10.0,9.0
,,,240000.0,1,14,6.0,
,,,214296.0,1,14,10.0,
,,,214296.0,2,14,8.0,
700000.0,,,,2,14,15.0,2.0
480000.0,,,,1,14,12.0,7.0
,,,,1,14,,
,,,,2,14,15.0,7.0
,,,,2,14,13.0,
750000.0,,,,2,14,15.0,5.0
,,,,2,14,,
,,,214296.0,2,14,6.0,
,,,241187.0,1,14,4.0,
300000.0,,,,2,14,17.0,5.0
600000.0,,,,1,14,15.0,6.0
,,,,1,14,,
,,,214000.0,2,14,8.0,
,,,240000.0,1,14,2.0,
,,,,1,14,8.0,7.0
500000.0,,,,1,14,12.0,8.0
,,,,2,14,8.0,
520000.0,,,,1,14,8.0,9.0
,,,,2,14,12.0,
,,,,1,14,12.0,
,,,,2,14,10.0,
,,,,2,14,6.0,
,,,,1,14,8.0,
,,,,2,14,23.0,
1200000.0,,,,1,14,17.0,1.0
,,,,2,14,11.0,5.0
,,,,1,14,12.0,7.0
,,,490000.0,1,14,12.0,8.0
,,,214296.0,2,14,6.0,
650000.0,,,,1,14,14.0,7.0
,,,,1,14,16.0,1.0
,,,,2,14,15.0,5.0
600000.0,,,,1,14,16.0,5.0
240000.0,,,,1,14,12.0,5.0
400000.0,,,,2,14,3.0,9.0
,,,,2,14,17.0,
500000.0,,,,1,14,12.0,9.0
,,,,1,14,14.0,
,,,,1,14,13.0,
,,,,1,14,17.0,
480000.0,,,,1,14,11.0,5.0
,,,,2,14,12.0,
,,,,1,14,15.0,3.0
,,,,2,14,14.0,
,,,,2,14,10.0,
1050000.0,,,,2,14,18.0,2.0
,,,,1,14,12.0,1.0
,,,,2,14,11.0,
,,,,1,14,,
,,,,2,14,12.0,5.0
,,,,2,14,,
,,,,1,14,,
,,,,1,14,,
580000.0,,,,1,14,8.0,7.0
,,,,2,14,10.0,
,,21243.0,,1,14,11.0,
540000.0,,,,2,14,12.0,9.0
,,,,2,14,13.0,
,,,,1,14,10.0,
,,,214296.0,2,14,9.0,
,,,214296.0,1,14,15.0,3.0
,,,,2,14,12.0,7.0
1400000.0,,,,1,14,17.0,4.0
,,21243.0,,2,14,,
,,21243.0,,1,14,,
,,21243.0,,2,14,,
,,,,2,14,4.0,9.0
550000.0,,,,1,14,11.0,7.0
520000.0,,,,1,14,12.0,4.0
550000.0,,,,2,14,12.0,8.0
,,21243.0,,1,14,,
,,,214000.0,1,14,5.0,
,,,214296.0,2,14,6.0,
600000.0,,,,1,14,8.0,7.0
,,,,2,14,12.0,
,,,,1,14,12.0,
,,,206000.0,2,14,5.0,
,,,,2,14,15.0,
900000.0,,,,1,14,17.0,0.0
,,,,2,14,12.0,5.0
500000.0,,,,1,14,12.0,9.0
,,,,1,14,9.0,
,,,,1,14,9.0,
,100000.0,,,1,14,14.0,
,,,,1,14,8.0,6.0
480000.0,,,,2,14,15.0,3.0
,,,,1,14,8.0,7.0
500000.0,,,,1,14,15.0,8.0
,,,214296.0,2,14,4.0,
,,,,1,14,0.0,
,,,,1,14,11.0,
,,,103700.0,2,14,13.0,
,,,220000.0,1,14,12.0,
,,,214296.0,2,14,0.0,
,,,,1,14,12.0,7.0
500000.0,,,,2,14,11.0,6.0
600000.0,,,,1,14,12.0,7.0
,,,,2,14,9.0,
,,,214000.0,2,14,7.0,
,,,214296.0,1,14,5.0,
,,,,2,14,8.0,
550000.0,,,,1,14,15.0,3.0
,,,250000.0,2,14,12.0,
,,,,1,14,8.0,8.0
,,,150000.0,2,14,8.0,
,,,,2,14,7.0,
800000.0,,,,1,14,10.0,9.0
,,21243.0,,2,14,,
,,21243.0,,2,14,,
,,,,2,14,,
,,,500000.0,1,14,12.0,
,,,,2,14,12.0,
,,,,1,14,4.0,
,,,,2,14,8.0,
,,,300000.0,1,14,10.0,7.0
,,,,2,14,8.0,
,,,,1,14,11.0,
,,,,2,14,15.0,
,,,,2,14,17.0,5.0
,,,214296.0,1,14,12.0,
,,,,2,14,18.0,
1000000.0,,,,2,14,17.0,2.0
1400000.0,,,,1,14,17.0,3.0
3200000.0,,,,1,14,19.0,2.0
,,,,2,14,17.0,
,,,,2,14,,
850000.0,,,,2,14,17.0,1.0
750000.0,,,,1,14,8.0,7.0
,,,,1,14,,
,,,,1,14,,
,,,,1,14,,
900000.0,,,,2,14,23.0,2.0
480000.0,,,,1,14,17.0,2.0
,,,,2,14,,
1500000.0,,,,1,14,17.0,7.0
1000000.0,,,,2,14,17.0,4.0
400000.0,,,165000.0,2,14,12.0,5.0
850000.0,,,,1,14,12.0,8.0
0.0,,,,2,14,17.0,2.0
,,,,2,14,,
800000.0,,,,1,14,12.0,6.0
,,,,2,14,,
,,,,2,14,,
,,,,2,14,8.0,
,,,300000.0,1,14,8.0,
,,21243.0,,2,14,11.0,
1300000.0,,,,2,14,17.0,2.0
1350000.0,,,,1,14,13.0,8.0
,,,,1,14,,
,,,,1,14,,
,,,,2,14,8.0,
500000.0,,,,1,14,10.0,7.0
,,21243.0,,1,14,9.0,
,,21243.0,,2,14,,
,,,,2,14,13.0,
650000.0,,,,1,14,12.0,8.0
,,,,2,14,12.0,5.0
,,,99000.0,2,14,12.0,
,,,300000.0,1,14,12.0,
550000.0,,,,2,14,15.0,3.0
,,,,2,14,15.0,
,,,,1,14,,
,,,,2,14,12.0,
,,21243.0,,1,14,9.0,
,,,,2,14,12.0,5.0
,,,,1,14,11.0,
,,,,2,14,,
,,,214296.0,2,14,6.0,
,,,,2,14,8.0,
,,,,2,14,3.0,
650000.0,,,,2,14,15.0,5.0
,,,214296.0,2,14,8.0,
,,,,2,14,,
850000.0,,,,1,14,15.0,5.0
550000.0,,,,2,14,9.0,9.0
480000.0,,,,1,14,14.0,4.0
0.0,,,,2,14,15.0,5.0
,,,,2,14,17.0,5.0
,,21243.0,,2,14,,
405000.0,,,,1,14,12.0,8.0
,,,,2,14,12.0,
,,,,1,14,11.0,
500000.0,,,,1,14,12.0,0.0
500000.0,,,,2,14,17.0,2.0
,,,,1,14,10.0,
405000.0,,,,1,14,12.0,8.0
200000.0,,,,2,14,12.0,5.0
700000.0,,,,1,14,12.0,7.0
,,,,1,14,,
700000.0,,,,1,14,12.0,5.0
,,,,2,14,8.0,5.0
,,,,2,14,,
,,,,2,14,,
500000.0,,,,2,14,12.0,5.0
1300000.0,,,214296.0,1,14,12.0,1.0
,,,214296.0,2,14,12.0,
,,,300000.0,1,14,6.0,
,,,350000.0,2,14,12.0,
790000.0,,,,2,14,15.0,3.0
790000.0,,,,1,14,15.0,3.0
,,,,2,14,,
480000.0,,,280000.0,2,14,6.0,9.0
,,,214296.0,1,14,14.0,7.0
,,,,2,14,12.0,5.0
,550000.0,,,1,14,12.0,
,,,,2,14,8.0,
550000.0,,,,1,14,15.0,3.0
900000.0,,,,1,14,17.0,2.0
,,,,2,14,16.0,
,,,,1,14,8.0,7.0
500000.0,,,,1,14,10.0,8.0
,,,,2,14,12.0,
,,,214296.0,2,14,6.0,
,,,,2,14,12.0,6.0
,,,,2,14,17.0,2.0
,,,380000.0,1,14,10.0,9.0
,,,,1,14,16.0,7.0
,,,,1,14,14.0,
,,,,2,14,5.0,
500000.0,,,,1,14,12.0,9.0
,,,214296.0,2,14,8.0,
,,,,2,14,11.0,6.0
,,,,2,14,14.0,
,,,,2,14,12.0,
480000.0,,,,1,14,13.0,9.0
0.0,,,,2,14,15.0,9.0
,,21243.0,,2,14,,
,,,,1,14,17.0,2.0
,,,,2,14,12.0,
,,,,1,14,,
,,,,1,14,12.0,
,,,,2,14,11.0,5.0
,,,,2,14,12.0,5.0
,100000.0,,,1,14,6.0,
400000.0,,,,2,14,12.0,5.0
,,,,2,14,,
650000.0,,,,2,14,7.0,5.0
609000.0,,,,2,14,15.0,3.0
350000.0,,,,2,14,12.0,6.0
300000.0,,,,2,14,7.0,9.0
,,,,1,14,12.0,
,,,,2,14,,
,,,300000.0,1,14,0.0,
,,,,2,14,6.0,
600000.0,,,,1,14,12.0,5.0
,,,,1,14,17.0,1.0
700000.0,,,,2,14,17.0,5.0
,,,,2,14,3.0,
,,,,1,14,,
690000.0,,,,2,14,12.0,5.0
,,,,1,14,5.0,
,,,,2,14,5.0,
600000.0,,,,2,14,12.0,5.0
,,21243.0,,2,14,,
,,21243.0,,1,14,8.0,
0.0,,21243.0,,2,14,11.0,9.0
,,21243.0,,1,14,,
,,21243.0,,2,14,,
1250000.0,,,,1,14,12.0,7.0
,,,,2,14,12.0,
,,,,2,14,9.0,
,,,,2,14,,
,,,,2,14,,
,,,,1,14,17.0,1.0
,,,,2,14,13.0,7.0
,,,,1,14,,
,,,,2,14,,
,,,735000.0,2,14,24.0,
0.0,,,640000.0,1,14,17.0,2.0
1200000.0,,,,1,14,12.0,5.0
500000.0,,,,2,14,15.0,3.0
1100000.0,,,,2,14,17.0,2.0
,,,,2,14,,
383000.0,,,,1,14,15.0,3.0
,,,,2,14,14.0,
,,,,2,14,,
,,,,1,14,,
,,,550000.0,2,14,17.0,
,,,,1,14,16.0,
,,,,2,14,15.0,
700000.0,,,,1,14,15.0,7.0
247500.0,,,,2,14,8.0,9.0
,,,,2,14,12.0,
,,,,1,14,12.0,9.0
,,21243.0,,1,14,,
,,21243.0,,1,14,,
550000.0,,,,1,14,8.0,6.0
,,,,2,14,12.0,
1000000.0,,,,1,14,15.0,1.0
,,,,2,14,12.0,
,,,,1,14,12.0,7.0
,,,,2,14,14.0,
,,21243.0,,1,14,,
,,,,1,14,12.0,8.0
,,,,2,14,13.0,
,,21243.0,,1,14,,
,,,,1,14,,
,,,,2,14,12.0,
,,,,2,14,6.0,
,,,214296.0,2,14,6.0,
600000.0,,,,1,14,12.0,8.0
1000000.0,,,,1,14,12.0,7.0
,,,,1,14,12.0,
550000.0,,,,2,14,14.0,3.0
,,,,2,14,9.0,
,,,250000.0,2,14,12.0,
400000.0,,,,1,14,8.0,9.0
,,,,1,14,17.0,
,,,,2,14,16.0,
580000.0,,,,2,14,12.0,5.0
1500000.0,,,,1,14,14.0,3.0
,,,,1,14,,
240000.0,,,,1,14,2.0,9.0
300000.0,,,,1,14,12.0,9.0
,,,350000.0,1,14,2.0,
,,,,2,14,2.0,
,,,,2,14,2.0,
,,,,1,14,6.0,
,,,,2,14,15.0,
550000.0,,,,1,14,12.0,6.0
,,21243.0,,2,14,,
,,,,2,14,12.0,
500000.0,,,,1,14,12.0,8.0
,,,,1,14,,
,,,,2,14,,
,,,,1,14,3.0,
,200000.0,,,1,14,12.0,
,,,214296.0,2,14,3.0,
375000.0,,,,2,14,17.0,2.0
,,,,2,14,17.0,
500000.0,,,,2,14,12.0,3.0
,300000.0,,,1,14,12.0,
,,21243.0,,1,14,,
,,,,1,14,14.0,
780000.0,,,,1,14,14.0,5.0
,,,,2,14,,
188000.0,,,,2,14,15.0,9.0
600000.0,,,,1,14,12.0,7.0
500000.0,,,,1,14,12.0,5.0
,,,,1,14,,
700000.0,,,,1,14,11.0,7.0
700000.0,,,,2,14,14.0,3.0
670000.0,,,,1,14,10.0,9.0
337000.0,,,,2,14,12.0,7.0
,,,,2,14,,
,,,,2,14,,
180000.0,,,214296.0,2,14,11.0,9.0
800000.0,,,,2,14,18.0,2.0
,,,,2,14,,
,,,,2,14,,
,,,,1,14,15.0,7.0
,,,,2,14,15.0,
500000.0,,,,1,14,15.0,5.0
,,,,1,14,10.0,
,,,,1,14,,
,,,,1,14,,
,,,,2,14,12.0,
,,,,1,14,,
,,,,2,14,,
,,,,1,14,12.0,7.0
,,,,2,14,9.0,
,,,,1,14,8.0,
,,,,1,14,,
,,,,2,14,8.0,6.0
500000.0,,,,1,14,12.0,8.0
,,,,2,14,11.0,
,,,,2,14,,
,,,,2,14,,
,,,,2,14,,
,,,300000.0,2,14,0.0,5.0
,,,,2,14,12.0,7.0
,,,,1,14,12.0,7.0
,,,,1,14,,
500000.0,,,,1,14,8.0,8.0
500000.0,,,,2,14,,2.0
,,,,2,14,8.0,
700000.0,,,,2,14,14.0,5.0
,,,,2,14,,
,,,,2,14,3.0,
,,,187000.0,1,14,,6.0
,,,425000.0,2,14,12.0,
,,,415000.0,2,14,11.0,
1000000.0,,,,2,14,17.0,2.0
,,,350000.0,2,14,17.0,
,,,,2,14,12.0,
,,,,2,14,12.0,
,,,,1,14,12.0,7.0
1800000.0,,,,2,14,17.0,2.0
,,,,2,14,9.0,
,,,,1,14,4.0,
,,,400000.0,2,14,0.0,
,,,,1,14,12.0,
250000.0,,,,2,14,12.0,9.0
,100000.0,,,1,14,12.0,
,,,200000.0,1,14,11.0,2.0
,,,700000.0,2,14,17.0,
600000.0,,,,2,14,19.0,2.0
1600000.0,,,,1,14,16.0,5.0
,,,,2,14,12.0,
,,,,1,14,,
,,,,2,14,,
2800000.0,,,,2,14,19.0,2.0
,,,,1,14,19.0,9.0
180000.0,,,,1,14,17.0,2.0
,,,,1,14,17.0,
,,,540000.0,2,14,15.0,
,,,,1,14,13.0,
1200000.0,,,,2,14,19.0,2.0
,,,,2,14,17.0,
540000.0,,,,2,14,15.0,3.0
500000.0,,,,1,14,11.0,7.0
,,,,2,14,,
,,,214296.0,2,14,6.0,
,,,214296.0,1,14,6.0,
,,,,2,14,12.0,
,,,,1,14,12.0,7.0
,,,,1,14,13.0,
,,,,1,14,,
,,,,2,14,12.0,
420000.0,,,,1,14,10.0,6.0
90000.0,,21243.0,,1,14,12.0,7.0
,,21243.0,,1,14,,
,,21243.0,,2,14,,
,,21243.0,,1,14,,
,,,,2,14,12.0,
675000.0,,,,1,14,8.0,8.0
,,,,1,14,,
,,,,1,14,,
,,,214296.0,2,14,8.0,
,,,214296.0,1,14,6.0,
,,,,1,14,12.0,6.0
,,,214296.0,2,14,4.0,
,,,214296.0,1,14,5.0,
,,,,1,14,14.0,
,,,320000.0,2,14,16.0,
,,,,1,14,12.0,1.0
,,,,2,14,12.0,
700000.0,,,,1,14,10.0,8.0
500000.0,,,,1,14,13.0,6.0
300000.0,,,,2,14,17.0,5.0
,,,,2,14,,
,,,,2,14,4.0,9.0
,,,,2,14,14.0,
,,,214296.0,1,14,10.0,
947000.0,,,,2,14,17.0,2.0
,,,,1,14,12.0,
,,,,2,14,,
,,,,2,14,12.0,
,,,,1,14,12.0,7.0
,,21243.0,,2,14,,
,,21243.0,,1,14,,
,,,,2,14,3.0,
,,,300000.0,2,14,12.0,
,,,170000.0,1,14,12.0,
,,,,2,14,0.0,
600000.0,,,,2,14,15.0,5.0
1000000.0,,,,1,14,15.0,7.0
,,,,2,14,,
,,,,2,14,8.0,
850000.0,,,,2,14,17.0,1.0
850000.0,,,,1,14,12.0,5.0
,,,,1,14,11.0,
,650000.0,,,1,14,17.0,
,,,100000.0,2,14,12.0,
,,,200000.0,2,14,12.0,
,,,300000.0,1,14,8.0,
,,,214296.0,2,14,5.0,
,25000.0,,,2,14,12.0,
,,,,2,14,14.0,
,,,,1,14,8.0,8.0
,,,214000.0,2,14,5.0,
500000.0,,,,2,14,12.0,5.0
,,,,1,14,12.0,
,,,,2,14,11.0,
,,,442470.0,2,14,5.0,
,,,,2,14,12.0,
,,,,2,14,11.0,
,,,250000.0,1,14,12.0,
,,,,1,14,15.0,
,,,,2,14,15.0,5.0
,,,214000.0,2,14,8.0,
,,,170000.0,1,14,10.0,
550000.0,,,,2,14,12.0,3.0
,,,,2,14,,
450000.0,,,,1,14,12.0,5.0
,,,,2,14,15.0,
500000.0,,,,1,14,14.0,8.0
,,,,1,14,12.0,
,,,,2,14,,
688000.0,,,,2,14,12.0,9.0
,,,,1,14,17.0,
,,,,2,14,12.0,
620000.0,,,,2,14,12.0,5.0
700000.0,,,,1,14,15.0,5.0
,,,,2,14,17.0,
,,,,1,14,,
,,,,2,14,,
,,,,1,14,13.0,
500000.0,,,,2,14,12.0,3.0
,,,,1,14,17.0,
500000.0,,,,1,14,12.0,2.0
,,,214296.0,2,14,0.0,
,,,200000.0,1,14,8.0,
,,,214296.0,2,14,0.0,
250000.0,,,240000.0,1,14,8.0,6.0
,,,,2,14,12.0,5.0
,,,,1,14,8.0,5.0
,,,,2,14,8.0,6.0
,,,,2,14,12.0,
,,,,1,14,8.0,6.0
,,,214000.0,1,14,6.0,
,,,214000.0,2,14,0.0,
,,,,2,14,1.0,
400000.0,,,,1,14,3.0,8.0
400000.0,,,,1,14,8.0,8.0
,,,,2,14,12.0,
,,,,2,14,18.0,2.0
,,,,2,14,12.0,
550000.0,,,,2,14,16.0,5.0
560000.0,,,,2,14,12.0,5.0
,,,,2,14,12.0,
300000.0,,,,2,14,9.0,9.0
-88.0,,,,2,14,17.0,4.0
800000.0,,,,2,14,16.0,2.0
800000.0,,,,1,14,12.0,5.0
,,,,2,14,,
,,,,2,14,,
,,,,2,14,12.0,5.0
,,,,2,14,,
,,,,2,14,12.0,
,,,,1,14,9.0,7.0
,,,,1,14,15.0,
,,,,2,14,15.0,
,,,,1,14,12.0,
,,,,2,14,0.0,
350000.0,,,,2,14,13.0,3.0
,,,,1,14,,
,,21243.0,,1,14,,
,,,,1,14,12.0,
,,,213000.0,2,14,1.0,
,,,,2,14,5.0,
500000.0,,,214296.0,1,14,8.0,9.0
,,,,1,14,0.0,
,,,,2,14,9.0,5.0
,,,,1,14,8.0,5.0
,,,,1,14,13.0,
,,,,2,14,,
400000.0,,,,2,14,12.0,5.0
,,,,1,14,8.0,6.0
,,,,1,14,12.0,6.0
,,,,2,14,12.0,
,,,,2,14,15.0,
,,,220000.0,2,14,11.0,
,,,,1,14,7.0,
500000.0,,,,2,14,6.0,5.0
,,,225000.0,1,14,6.0,
,,,225000.0,2,14,11.0,
,,,,1,14,0.0,
,,,,2,14,0.0,
,,,225000.0,1,14,3.0,
,,,230000.0,2,14,2.0,
,,,,2,14,12.0,
,,,,1,14,12.0,6.0
,,,,2,14,,
,,,,2,14,14.0,
900000.0,,,,1,14,12.0,5.0
,,,,2,14,,
,,,,2,14,,
,,,,1,14,,
,,,214296.0,2,14,5.0,
,,,180000.0,1,14,5.0,
,,,,2,14,0.0,
500000.0,,,,2,14,12.0,9.0
,,,325000.0,1,14,12.0,
,,,,1,14,6.0,
,,,,1,14,10.0,
,,,222000.0,2,14,8.0,
,,,393000.0,2,14,6.0,
,,,,1,14,9.0,
600000.0,,,,1,14,12.0,7.0
,,,,1,14,8.0,6.0
,,,,2,14,8.0,
,,,,1,14,5.0,
,,,,2,14,12.0,
,,,,1,14,,
,,,,2,14,,
160000.0,,,,2,14,5.0,9.0
,,,214296.0,2,14,6.0,
,,,214296.0,2,14,0.0,
,,,419214.0,2,14,6.0,
,,,,1,14,8.0,
1600000.0,,,,2,14,17.0,2.0
,,,,1,14,18.0,1.0
,,,214296.0,2,14,6.0,
1400000.0,,,,1,14,17.0,3.0
,,,,1,14,13.0,
500000.0,,,,2,14,10.0,5.0
500000.0,,,,1,14,8.0,7.0
,,,300000.0,2,14,12.0,
,,,,2,14,10.0,5.0
,,,,1,14,12.0,7.0
,,,,1,14,12.0,8.0
,,,,1,14,15.0,
,,,,2,14,11.0,
,,,,2,14,,
700000.0,,,,1,14,12.0,6.0
,25000.0,,,2,14,12.0,
,,,,2,14,12.0,
,,,,1,14,,
,,,,2,14,8.0,
,,,,2,14,12.0,
700000.0,,,,2,14,12.0,8.0
,,,216000.0,2,14,0.0,
-88.0,,,,2,14,4.0,5.0
,,,,1,14,4.0,
,,,,1,14,12.0,
1200000.0,,,,1,14,9.0,6.0
,,,,2,14,12.0,7.0
,,,,2,14,17.0,
,,,,1,14,,
1900000.0,,,,1,14,17.0,2.0
,,,,1,14,17.0,
,,,214296.0,2,14,11.0,
,,,214296.0,2,14,4.0,
250000.0,,,,2,14,12.0,5.0
,,,,1,14,14.0,
480000.0,,,,1,14,12.0,5.0
500000.0,,,,2,14,12.0,4.0
,,,,1,14,10.0,
,,,,1,14,,
,,,214296.0,2,14,6.0,
,,,,1,14,12.0,
,,,,1,14,,
600000.0,,,,1,14,12.0,5.0
,,,210000.0,2,14,6.0,
600000.0,,,,1,14,12.0,7.0
,,,,2,14,12.0,7.0
,,,,2,14,15.0,
,,,,2,14,13.0,
,,,,1,14,,
1000000.0,,,,2,14,19.0,2.0
,,,327000.0,2,14,17.0,
,,,214000.0,2,14,8.0,
,,,,1,14,12.0,
1200000.0,,,,2,14,16.0,2.0
,,,,2,14,15.0,
600000.0,,,,1,14,13.0,5.0
,,,,1,14,,
,,,,2,14,,
,,,340000.0,1,14,3.0,
,,,,2,14,8.0,
,,,,1,14,12.0,
,,,214000.0,2,14,0.0,
,,,250000.0,1,14,3.0,
,,,214296.0,2,14,3.0,
350000.0,,,240000.0,1,14,3.0,6.0
600000.0,,,,1,14,12.0,7.0
227000.0,,,,2,14,16.0,5.0
,,,,1,14,12.0,
500000.0,,,,1,14,15.0,5.0
600000.0,,,,2,14,12.0,9.0
,,,214296.0,1,14,9.0,
,,,,2,14,14.0,2.0
,,,,1,14,0.0,
,,,,1,14,,
,,,,2,14,,
,,,260000.0,1,14,9.0,
,,,,2,14,6.0,
405000.0,,,,1,14,10.0,6.0
750000.0,,,,1,14,8.0,6.0
,,,500000.0,2,14,12.0,
,,,,2,14,17.0,
,,,,2,14,12.0,5.0
400000.0,,,,1,14,12.0,7.0
,,,,2,14,16.0,
,,,,1,14,11.0,
,,21243.0,,2,14,,
,,,214296.0,2,14,6.0,
550000.0,,,,2,14,12.0,9.0
,,,,1,14,15.0,
600000.0,,,,2,14,12.0,5.0
2800000.0,,,,2,14,17.0,1.0
800000.0,,,,1,14,17.0,5.0
,,,214000.0,1,14,8.0,
,,,214000.0,2,14,16.0,
,,,,2,14,12.0,
,,,,1,14,18.0,5.0
1000000.0,,,,2,14,14.0,3.0
,,,,1,14,,
,,,,1,14,,
800000.0,,,240000.0,2,14,14.0,3.0
,,,500000.0,2,14,12.0,
,,,214296.0,2,14,8.0,
,,,214296.0,1,14,12.0,9.0
,,,,1,14,15.0,7.0
500000.0,,,220000.0,2,14,,5.0
600000.0,,,,1,14,12.0,2.0
200000.0,,,,2,14,15.0,2.0
,,,,1,14,,
,,,210000.0,1,14,3.0,7.0
,,,210000.0,2,14,3.0,
500000.0,,,,1,14,12.0,9.0
500000.0,,,,1,14,12.0,9.0
500000.0,,,,2,14,12.0,5.0
500000.0,,,,1,14,12.0,3.0
500000.0,,,,2,14,16.0,5.0
,,,,2,14,16.0,
,,,,2,14,15.0,
,,,,2,14,17.0,
1300000.0,,,,1,14,18.0,1.0
2000000.0,,,,2,14,19.0,2.0
,,,214296.0,1,14,3.0,
420000.0,,,,1,14,12.0,5.0
2300000.0,,,,2,14,16.0,2.0
700000.0,,,,1,14,14.0,3.0
,380000.0,,,1,14,17.0,
,,,,2,14,5.0,
,,,,1,14,12.0,9.0
620000.0,,,,1,14,17.0,9.0
415000.0,,,,2,14,17.0,9.0
,,,,2,14,14.0,
,,,,2,14,12.0,
,,,,1,14,9.0,
,,,214296.0,2,14,12.0,7.0
500000.0,,,,1,14,9.0,5.0
,,,214296.0,1,14,4.0,6.0
,,,,2,14,15.0,
100000.0,,,,1,14,6.0,6.0
,,,,1,14,8.0,
,,,,2,14,8.0,
,,,,1,14,,
,,,,2,14,12.0,
500000.0,,,,1,14,12.0,9.0
375000.0,,,,1,14,12.0,7.0
,,,,2,14,12.0,
,,,,1,14,11.0,
,,,,2,14,9.0,
,,,,2,14,3.0,
,,,,2,14,6.0,5.0
,,,,1,14,6.0,5.0
,,,,2,14,10.0,
,,21243.0,,1,14,12.0,
,,21243.0,,1,14,9.0,
,,21243.0,,1,14,,
,,21243.0,,2,14,,
450000.0,,,,2,14,10.0,9.0
,,,,1,14,11.0,
,,,,1,14,,
450000.0,,,,2,14,12.0,9.0
,,,,1,14,,
,,,,2,14,,
,100000.0,,,2,14,12.0,
,,,214296.0,2,14,6.0,
,,,,2,14,1.0,
,,,,1,14,9.0,
420000.0,,,,1,14,16.0,5.0
,,,,2,14,14.0,
500000.0,,,,1,14,12.0,6.0
,,21243.0,,1,14,,
,,,,2,14,,
,,,,2,14,,
360000.0,,,,2,14,10.0,9.0
,,,,2,14,12.0,
,,,,2,14,10.0,
,,,,2,14,,
1500000.0,,,,2,14,17.0,2.0
,,,,1,14,14.0,
1500000.0,,,,1,14,19.0,1.0
,,,500000.0,2,14,12.0,
,,,320000.0,1,14,4.0,
200000.0,,,,2,14,4.0,9.0
80000.0,,,,1,14,13.0,7.0
520000.0,,,,1,14,15.0,5.0
700000.0,,,300000.0,1,14,12.0,9.0
500000.0,,,,2,14,17.0,2.0
500000.0,,,,1,14,17.0,5.0
434000.0,,,,1,14,12.0,8.0
405000.0,,,,2,14,12.0,6.0
,,,,2,14,12.0,
,,,,2,14,12.0,
,,21243.0,,1,14,8.0,
,,,250000.0,2,14,12.0,
,,,,1,14,15.0,1.0
,,,214296.0,2,14,3.0,
,,,432244.0,1,14,8.0,
,,,,2,14,14.0,
865000.0,,,,1,14,15.0,7.0
,,21243.0,,1,14,,
,,,,2,14,12.0,
,,21243.0,,2,14,11.0,
,,21243.0,,2,14,,
,,,200000.0,1,14,6.0,9.0
,,,214296.0,2,14,6.0,
,,,,1,14,12.0,6.0
,,,,2,14,12.0,
,,,100000.0,1,14,0.0,
187500.0,,,,2,14,12.0,7.0
375000.0,,,,2,14,15.0,5.0
,,,,2,14,14.0,
,,,,1,14,,
,,,400000.0,2,14,6.0,
,,,310000.0,1,14,8.0,
,,,,1,14,12.0,
450000.0,,,,1,14,8.0,8.0
,,,,2,14,3.0,
,,,310000.0,1,14,12.0,
,,,,1,14,12.0,
,,,432402.0,2,14,0.0,
500000.0,,,,2,14,12.0,5.0
,,,,1,14,17.0,
-88.0,,,,2,14,12.0,9.0
,,,,1,14,,
800000.0,,,,1,14,12.0,7.0
1000000.0,,,,2,14,16.0,2.0
,,,,2,14,,
,,,,2,14,,
1500000.0,,,,1,14,16.0,2.0
1000000.0,,,,2,14,16.0,4.0
,,,,1,14,14.0,
800000.0,,,,2,14,15.0,4.0
50000.0,,,,2,14,14.0,2.0
410000.0,,,,2,14,13.0,5.0
,,,,1,14,,
502500.0,,,,2,14,17.0,2.0
400000.0,,,,2,14,12.0,5.0
,,,,2,14,10.0,
,,,,1,14,12.0,
,,,,2,14,,
350000.0,,,,2,14,15.0,5.0
300000.0,,,,1,14,15.0,9.0
,,,,1,14,,
375000.0,,,,2,14,9.0,7.0
500000.0,,,,1,14,12.0,9.0
,,,,2,14,13.0,
,,21243.0,,1,14,,
,,21243.0,,2,14,,
,,21243.0,,1,14,,
500000.0,,,,1,14,9.0,9.0
,,,,2,14,14.0,
,,,,1,14,12.0,9.0
500000.0,,,280000.0,2,14,8.0,9.0
700000.0,,,,2,14,12.0,9.0
,,,,2,14,12.0,
,,,,1,14,10.0,
,,,,1,14,,
,,,350000.0,1,14,10.0,
,,,214296.0,2,14,1.0,
500000.0,,,,2,14,13.0,7.0
,,,220000.0,1,14,12.0,
,,,214296.0,2,14,8.0,
500000.0,,,,1,14,17.0,3.0
,,,,1,14,12.0,
,,,,1,14,5.0,
,,,,2,14,9.0,
,,,,1,14,18.0,6.0
,,,214296.0,1,14,8.0,1.0
,,,,1,14,12.0,8.0
,,,,2,14,,
,,,,2,14,,
380000.0,,,,2,14,14.0,5.0
,,21243.0,,2,14,,
,,,,1,14,12.0,8.0
300000.0,,,,2,14,12.0,9.0
500000.0,,,,1,14,12.0,5.0
230000.0,,,,1,14,16.0,5.0
,,21243.0,,2,14,11.0,
,,,,1,14,12.0,7.0
850000.0,,,,1,14,6.0,7.0
550000.0,,,,1,14,0.0,7.0
,700000.0,,,1,14,13.0,
1400000.0,,,,2,14,17.0,3.0
,,,,2,14,,
450000.0,,,,1,14,15.0,5.0
450000.0,,,,2,14,17.0,5.0
530000.0,,,,1,14,12.0,8.0
700000.0,,,,2,14,13.0,5.0
400000.0,,,,2,14,17.0,7.0
1000000.0,,,,1,14,12.0,7.0
,,,,2,14,,
,,,,1,14,,
512000.0,,,,1,14,14.0,5.0
600000.0,,,,2,14,12.0,5.0
1600000.0,,,,2,14,17.0,2.0
,,,,2,14,13.0,
,,,,1,14,15.0,5.0
,,,,2,14,12.0,5.0
700000.0,,,,1,14,15.0,5.0
700000.0,,,,1,14,14.0,5.0
1800000.0,,,,1,14,17.0,2.0
-88.0,,,,2,14,15.0,5.0
850000.0,,,835000.0,1,14,17.0,5.0
,,,523580.0,2,14,13.0,
,,,1800000.0,1,14,17.0,
,,,800000.0,2,14,17.0,
,,,,2,14,14.0,
,,,1100000.0,1,14,17.0,
900000.0,,,,1,14,17.0,2.0
,200000.0,,,2,14,17.0,
,,,411000.0,1,14,3.0,
,,,214296.0,2,14,3.0,
,,,,2,14,17.0,7.0
,,,,1,14,16.0,
,,,,1,14,,
350000.0,,,,2,14,12.0,6.0
350000.0,,,,1,14,9.0,8.0
,,,,2,14,12.0,
,,,,1,14,12.0,
,,,,1,14,12.0,9.0
,,,,1,14,,
,,,,1,14,17.0,3.0
404000.0,,,,2,14,8.0,5.0
,,,214296.0,2,14,3.0,
650000.0,,,,1,14,10.0,6.0
,,,,2,14,6.0,
420000.0,,,,2,14,12.0,9.0
,,,,1,14,10.0,8.0
,,21243.0,,2,14,,
,,21243.0,,1,14,,
,,,,2,14,12.0,
,,,400000.0,1,14,3.0,
,,,200000.0,1,14,0.0,
,,,200000.0,2,14,5.0,
1000000.0,,,,1,14,12.0,6.0
1000000.0,,,,1,14,11.0,6.0
600000.0,,,,2,14,12.0,3.0
,,,,2,14,15.0,
,,21243.0,,1,14,,
700000.0,,,,1,14,8.0,7.0
,,,,2,14,5.0,
,,,,2,14,12.0,5.0
,,,,1,14,,
,,,214000.0,1,14,1.0,
,,,,1,14,8.0,
500000.0,,,214000.0,2,14,12.0,5.0
-88.0,,,,2,14,16.0,3.0
,,,240000.0,2,14,2.0,
150000.0,,,103000.0,2,14,15.0,4.0
700000.0,,,,1,14,12.0,5.0
,,,,2,14,14.0,
,,,150000.0,2,14,17.0,
450000.0,,,,1,14,13.0,5.0
,,,,1,14,17.0,
600000.0,,,,1,14,17.0,3.0
1200000.0,,,1000000.0,1,14,12.0,2.0
,,,214296.0,2,14,12.0,
700000.0,,,,2,14,17.0,2.0
,,,,2,14,,
,,,430000.0,2,14,0.0,
,,,,1,14,8.0,
,,,,2,14,10.0,9.0
,,,,2,14,15.0,7.0
600000.0,,,,1,14,12.0,8.0
,,,,2,14,12.0,
,,21243.0,,2,14,,
,,,,2,14,16.0,1.0
,,,,1,14,15.0,1.0
,,,,2,14,12.0,
600000.0,,,,1,14,10.0,8.0
,,,,1,14,10.0,
,,,,2,14,,
,,,,2,14,15.0,6.0
,,,,1,14,12.0,7.0
,,,214296.0,2,14,0.0,
,,,,1,14,8.0,6.0
700000.0,,,,2,14,12.0,6.0
,,,,1,14,12.0,
,,,,1,14,,
,,,450000.0,1,14,11.0,
1000000.0,,,,1,14,15.0,3.0
,,,,1,14,12.0,
,,,,2,14,9.0,
,,,,2,14,7.0,
,,,625000.0,1,14,7.0,
400000.0,,,1000000.0,1,14,12.0,5.0
,,,396000.0,2,14,17.0,
,,,214296.0,2,14,11.0,
,,,214296.0,2,14,12.0,
,,,208000.0,2,14,7.0,
,,,294000.0,1,14,6.0,
,-88.0,,,1,14,8.0,
-88.0,,,,2,14,8.0,5.0
,,,,1,14,,9.0
,,,,1,14,9.0,
,,,,2,14,,
,,,,2,14,,
,,,,1,14,,
600000.0,,,,2,14,12.0,3.0
,,,350000.0,1,14,12.0,
500000.0,,,,1,14,12.0,8.0
500000.0,,,,2,14,12.0,5.0
,,,,2,14,10.0,
,,,,2,14,,
,,,,1,14,,
,,,,2,14,8.0,9.0
,,,,2,14,13.0,2.0
,,,,2,14,13.0,
500000.0,,,,2,14,12.0,5.0
,,,,2,14,10.0,
,,,,2,14,,
870000.0,,,,1,14,12.0,3.0
,,,,2,14,,
500000.0,,,,1,14,12.0,8.0
500000.0,,,,2,14,17.0,2.0
,,21243.0,,2,14,,
405000.0,,,,2,14,12.0,9.0
0.0,,,,1,14,12.0,9.0
,,,,1,14,13.0,
,,,300000.0,1,14,5.0,
,,,,2,14,6.0,
400000.0,,,,2,14,12.0,5.0
,,,,1,14,12.0,7.0
405000.0,,,,2,14,12.0,5.0
,,,,2,14,13.0,
,,21243.0,,2,14,,
,,21243.0,,1,14,,
0.0,,,,1,14,10.0,9.0
450000.0,,,,2,14,10.0,9.0
,,,,2,14,,
,,,,2,14,,
,,,214296.0,2,14,5.0,
,,,214296.0,1,14,7.0,
,,,,2,14,8.0,
,,,190000.0,2,14,7.0,
150000.0,,,,2,14,12.0,5.0
500000.0,,,,1,14,14.0,8.0
,,21243.0,,2,14,,
,,21243.0,,2,14,,
,,,,2,14,13.0,5.0
500000.0,,,,1,14,8.0,5.0
,,21243.0,,2,14,,
,,21243.0,,2,14,,
500000.0,,,,1,14,12.0,8.0
,,,,2,14,12.0,
,,,,1,14,12.0,
500000.0,,,,1,14,9.0,6.0
,,,,1,14,16.0,7.0
,,,,1,14,10.0,
500000.0,,,,2,14,12.0,5.0
,,,,1,14,9.0,
,,,214296.0,1,14,6.0,
,,,241296.0,2,14,0.0,
,,,,1,14,8.0,6.0
,,,214296.0,1,14,10.0,
,,,,2,14,8.0,
,,,,1,14,8.0,
,,,,1,14,,
,,,,2,14,6.0,
,,,,1,14,6.0,6.0
,,21243.0,,2,14,9.0,
,,21243.0,,1,14,,
,,21243.0,,1,14,,
,,,,2,14,12.0,
,,,,2,14,17.0,
,,,,1,14,17.0,
,,,,2,14,6.0,
,,,,2,14,8.0,
650000.0,,,,2,14,12.0,5.0
,,,,1,14,12.0,7.0
,,,,1,14,12.0,
,,,,1,14,,
560000.0,,,,2,14,12.0,3.0
600000.0,,,,1,14,12.0,9.0
,,,,2,14,,
,,,,2,14,8.0,
,,,,1,14,11.0,
,,,,2,14,16.0,
500000.0,,,,1,14,8.0,5.0
,,,214000.0,2,14,6.0,
,,,214000.0,2,14,3.0,
250000.0,,,,2,14,12.0,9.0
,,,,1,14,13.0,
,,,,1,14,11.0,
1200000.0,,,,1,14,19.0,2.0
700000.0,,,,1,14,8.0,7.0
,,,,2,14,10.0,
,,,,1,14,10.0,7.0
,,,,2,14,12.0,
,,,,1,14,8.0,
,,,,2,14,,
120000.0,,,,2,14,10.0,5.0
120000.0,,,,2,14,0.0,9.0
,,21243.0,,2,14,,
50000.0,,,,2,14,17.0,9.0
550000.0,,,,1,14,12.0,7.0
,,,,2,14,17.0,
460000.0,,,,1,14,2.0,9.0
,,,,2,14,8.0,
700000.0,,,,1,14,12.0,8.0
500000.0,,,,2,14,12.0,3.0
300000.0,,,,2,14,15.0,3.0
,,,,1,14,15.0,8.0
,,,,1,14,,
,,,214296.0,1,14,12.0,
300000.0,,,,2,14,17.0,9.0
,,21243.0,,2,14,,
600000.0,,,,2,14,17.0,2.0
600000.0,,,,2,14,13.0,4.0
1300000.0,,,,1,14,15.0,2.0
,,,328000.0,2,14,17.0,
,,,,2,14,11.0,
,,,,1,14,16.0,
1300000.0,,,,2,14,16.0,2.0
,,,,1,14,14.0,
700000.0,,,,2,14,17.0,4.0
,,,,1,14,16.0,7.0
650000.0,,,,2,14,15.0,3.0
292000.0,,,,1,14,14.0,5.0
,,,,1,14,8.0,
700000.0,,,,1,14,17.0,5.0
800000.0,,,,2,14,17.0,5.0
,,,250000.0,2,14,12.0,
1700000.0,,,,1,14,16.0,0.0
,,,,2,14,15.0,
,,,,2,14,,
,,,,1,14,14.0,
,,,214296.0,2,14,6.0,
,,,,1,14,12.0,
,,,214296.0,1,14,10.0,
,,,,1,14,17.0,
,,,214300.0,1,14,6.0,8.0
,,,214300.0,2,14,6.0,
500000.0,,,,2,14,4.0,5.0
200000.0,,,,2,14,12.0,9.0
,,21243.0,,1,14,,
,,,215000.0,2,14,0.0,
,,,,1,14,12.0,
400000.0,,,,1,14,12.0,7.0
,,,214296.0,1,14,8.0,
,,,530927.0,2,14,16.0,
800000.0,,,,1,14,16.0,2.0
,,,,1,14,9.0,
,,,214296.0,2,14,3.0,
,,,290000.0,1,14,10.0,
600000.0,,,,1,14,12.0,5.0
,,,,1,14,0.0,
,,,,2,14,12.0,
250000.0,,,,2,14,7.0,9.0
0.0,,,,1,14,9.0,8.0
550000.0,,,,2,14,12.0,5.0
,,,214296.0,1,14,7.0,6.0
,,,214296.0,2,14,3.0,7.0
640000.0,,,,2,14,14.0,5.0
,,,,1,14,10.0,
,,,,2,14,,
,,21243.0,,1,14,,
,,,241296.0,2,14,10.0,
500000.0,,,219000.0,1,14,9.0,9.0
0.0,,,,1,14,14.0,9.0
,,,,1,14,,
600000.0,,,,2,14,12.0,3.0
,,,,1,14,12.0,1.0
,,,,2,14,11.0,6.0
600000.0,,,,1,14,9.0,8.0
,,,,2,14,12.0,
,,,,1,14,,
,,,,2,14,6.0,6.0
,,,,2,14,6.0,5.0
,,,,1,14,9.0,6.0
,,,,1,14,13.0,
,,,,2,14,12.0,
,,21243.0,,1,14,,
,,,,1,14,1.0,7.0
0.0,,,,1,14,12.0,7.0
750000.0,,,,2,14,16.0,3.0
,,21243.0,,2,14,,
,,,,2,14,2.0,
650000.0,,,,1,14,14.0,5.0
,,,,2,14,16.0,
,,,214296.0,1,14,10.0,
,,,250000.0,2,14,6.0,
,,,,1,14,16.0,
600000.0,,,,1,14,17.0,5.0
1000000.0,,,,2,14,17.0,1.0
,,,,2,14,15.0,
650000.0,,,,1,14,15.0,3.0
700000.0,,,,1,14,10.0,7.0
600000.0,,,,1,14,12.0,8.0
,,,214296.0,2,14,7.0,
,,,300000.0,1,14,8.0,8.0
,,,214296.0,2,14,10.0,
,,,,1,14,14.0,
,,,,1,14,10.0,9.0
300000.0,,,,1,14,16.0,8.0
1400000.0,,,,1,14,10.0,1.0
400000.0,,,,1,14,17.0,8.0
,,,,2,14,12.0,4.0
1000000.0,,,,1,14,17.0,1.0
,,,,1,14,12.0,
,,,400000.0,2,14,17.0,
,,,,1,14,8.0,6.0
500000.0,,,,2,14,12.0,5.0
,,,,1,14,15.0,
,,,,2,14,,
,,,,1,14,9.0,9.0
,,,,2,14,0.0,
,,,,2,14,12.0,
,,,,1,14,9.0,6.0
,,21243.0,,1,14,,
,,21243.0,,1,14,,
,,,,1,14,12.0,5.0
,,,,2,14,12.0,
,,,,2,14,,
,200000.0,,,2,14,4.0,
,,,,1,14,2.0,6.0
,,21243.0,,1,14,,
,,,,1,14,12.0,7.0
,,,,2,14,0.0,
,100000.0,,,2,14,8.0,
650000.0,,,,1,14,12.0,7.0
404000.0,,,,1,14,12.0,7.0
400000.0,,,,2,14,12.0,5.0
,,21243.0,,2,14,,
,,,214966.0,2,14,8.0,
,,,,1,14,8.0,
,,,214296.0,2,14,8.0,
500000.0,,,,1,14,12.0,4.0
,,,1300000.0,1,14,19.0,
,,,514966.0,2,14,20.0,
900000.0,,,,1,14,16.0,2.0
826000.0,,,,2,14,17.0,2.0
1650000.0,,,,1,14,15.0,3.0
,,,214296.0,2,14,8.0,
,,,,2,14,9.0,
,,,,1,14,,
,,,,1,14,17.0,
500000.0,,,,2,14,12.0,4.0
,,,700000.0,1,14,6.0,
250000.0,,,,2,14,15.0,5.0
,,,,1,14,15.0,5.0
,,,,2,14,14.0,
500000.0,,,,2,14,12.0,5.0
,,,,1,14,,
700000.0,,,,1,14,15.0,1.0
,,,400000.0,1,14,16.0,
,,,300000.0,2,14,16.0,
,,,,1,14,17.0,5.0
,,,214296.0,2,14,17.0,2.0
500000.0,,,,1,14,15.0,6.0
600000.0,,,,1,14,13.0,4.0
,,,,1,14,16.0,
,,,950000.0,2,14,10.0,
,,,,1,14,17.0,5.0
,,,,2,14,17.0,9.0
,,,,1,14,4.0,5.0
,,,,2,14,1.0,
500000.0,,,,1,14,13.0,4.0
500000.0,,,,2,14,13.0,5.0
,,,,2,14,,
,,,,2,14,,
485000.0,,,,2,14,15.0,3.0
,,,214296.0,2,14,4.0,
,,,,2,14,13.0,
1100000.0,,,,2,14,17.0,2.0
,,,,1,14,,
,,,500000.0,1,14,6.0,
,,,250000.0,2,14,10.0,
,,,,2,14,12.0,
900000.0,,,,1,14,12.0,5.0
,,,,1,14,,
,,,,1,14,,
,,,,2,14,,
430000.0,,,420000.0,1,14,15.0,1.0
1500000.0,,,,1,14,12.0,5.0
,,,,2,14,8.0,
600000.0,,,,2,14,13.0,3.0
,,,,2,14,14.0,
,,,,2,14,7.0,
,,,214296.0,1,14,7.0,
,,,,2,14,12.0,9.0
,,,,1,14,9.0,
500000.0,,,,1,14,7.0,7.0
,,,220000.0,1,14,0.0,
,,,214296.0,2,14,4.0,
500000.0,,,,1,14,10.0,9.0
,,,,2,14,6.0,
,,,200000.0,1,14,6.0,
,,,200000.0,1,14,12.0,6.0
,,,200000.0,2,14,12.0,
,,,,2,14,16.0,2.0
,,,,1,14,16.0,
,,,,2,14,,
,,,,2,14,,
,,,214296.0,1,14,8.0,
316090.0,,,,2,14,12.0,9.0
,,,,2,14,15.0,
,,,,2,14,8.0,
450000.0,,,,1,14,5.0,9.0
,,,,1,14,16.0,
,,,,1,14,4.0,7.0
600000.0,,,,2,14,15.0,3.0
,,,,1,14,,
,,,,1,14,,
,,,,1,14,,
,,,,2,14,11.0,5.0
,,,214292.0,2,14,3.0,
800000.0,,,,1,14,12.0,3.0
,,,,2,14,12.0,
,,,,2,14,,
,,,,2,14,,
0.0,,,950000.0,1,14,19.0,2.0
,,,,2,14,15.0,
-88.0,,,,2,14,20.0,2.0
,,,,1,14,15.0,
,,,,1,14,14.0,
,,,2900000.0,2,14,21.0,2.0
,,,680000.0,1,14,9.0,
1600000.0,,,,1,14,17.0,3.0
,,,,2,14,4.0,6.0
500000.0,,,,1,14,12.0,7.0
,,,,1,14,11.0,
,,,,1,14,,
,,,,2,14,12.0,
,,,,1,14,12.0,9.0
,,,,1,14,12.0,
,,,,1,14,,
,,,,1,14,11.0,8.0
,,,,2,14,12.0,6.0
,,,,1,14,12.0,
,,,,1,14,13.0,
,,,,1,14,10.0,
,,,,1,14,17.0,
,,,214296.0,1,14,3.0,
,,,214296.0,2,14,3.0,
,,,360000.0,1,14,17.0,
,,,,2,14,17.0,
217000.0,,,,1,14,12.0,9.0
217000.0,,,,2,14,12.0,9.0
,,,,1,14,16.0,
,,,,1,14,9.0,
800000.0,,,,2,14,17.0,2.0
,,,,1,14,17.0,
800000.0,,,,2,14,17.0,2.0
,,,,1,14,,
,,,,1,14,,
,,,,1,14,12.0,8.0
,,,214296.0,2,14,6.0,
500000.0,,,214296.0,1,14,10.0,5.0
,,,202049.0,1,14,11.0,8.0
450000.0,,,90000.0,2,14,12.0,5.0
,,,,2,14,15.0,
,,21243.0,,2,14,,
,,,,2,14,15.0,1.0
,,,,1,14,15.0,
,,,,1,14,11.0,
,,,,1,14,12.0,
,,,,1,14,12.0,7.0
,,,,2,14,12.0,
,,,,2,14,,
,,,300000.0,1,14,17.0,
,,,,1,14,12.0,5.0
600000.0,,,,1,14,12.0,5.0
,,,,2,14,17.0,
,,,,2,14,14.0,
400000.0,,,,1,14,5.0,8.0
400000.0,,,,2,14,9.0,5.0
,,,,2,14,15.0,
,,,,2,14,,
,,,,1,14,11.0,7.0
,,,248000.0,1,14,5.0,
,,,214296.0,2,14,5.0,
,,,,2,14,17.0,
,,,214296.0,1,14,3.0,
400000.0,,,,1,14,6.0,5.0
,100000.0,,214000.0,2,14,10.0,
,100000.0,,300000.0,1,14,12.0,
,,,500000.0,2,14,17.0,
,,,400000.0,1,14,16.0,3.0
,860000.0,,,1,14,15.0,
250000.0,,,,2,14,12.0,8.0
,,,,2,14,11.0,
350000.0,,,,1,14,14.0,8.0
600000.0,,,,1,14,12.0,8.0
1200000.0,,,,2,14,17.0,2.0
452000.0,,,,2,14,12.0,7.0
,,,,2,14,,
940000.0,,,,2,14,16.0,2.0
,,,,2,14,14.0,
1700000.0,,,,2,14,17.0,2.0
,,,190000.0,2,14,10.0,
,,,,1,14,17.0,8.0
,,,400000.0,1,14,16.0,
,,,250000.0,2,14,12.0,
,,,,2,14,13.0,
680000.0,,,,1,14,12.0,7.0
500000.0,,,,1,14,12.0,7.0
,,,,2,14,,
600000.0,,,,2,14,12.0,4.0
300000.0,,,,1,14,15.0,5.0
,,,,2,14,10.0,
,,,300000.0,2,14,16.0,
500000.0,,,,1,14,16.0,2.0
,,,,2,14,15.0,2.0
,,,,1,14,,
,,,214296.0,1,14,6.0,
,,,220000.0,2,14,16.0,
,,,214296.0,1,14,6.0,
,,,214296.0,2,14,5.0,
,,,,2,14,12.0,
,,,,1,14,12.0,
,,,,2,14,,
,,,,2,14,,
,,,,2,14,12.0,5.0
,,,,1,14,12.0,7.0
,,,,1,14,10.0,
,,,300000.0,2,14,18.0,
500000.0,,,,2,14,12.0,5.0
,,,,1,14,12.0,7.0
,,,,1,14,16.0,
,,,,1,14,9.0,
,,,414000.0,1,14,11.0,
,,,490000.0,2,14,12.0,
,,,,2,14,5.0,
,,,,1,14,12.0,
250000.0,,,,1,14,14.0,9.0
,,,,2,14,,
1200000.0,,,,1,14,12.0,7.0
410000.0,,,,2,14,12.0,5.0
500000.0,,,,2,14,15.0,9.0
,,,,1,14,13.0,
,,21243.0,,1,14,9.0,
,,,214296.0,1,14,2.0,
,,,950000.0,1,14,17.0,
,,,,1,14,10.0,9.0
,,,,2,14,8.0,
,,,,2,14,10.0,
,,,,1,14,11.0,
,,,214296.0,2,14,5.0,
,,,,1,14,8.0,7.0
,,21243.0,,1,14,10.0,
,,,,1,14,9.0,
,,,,2,14,12.0,
,,,,1,14,11.0,
,,,,1,14,11.0,5.0
,,,220000.0,2,14,4.0,3.0
,,,214296.0,2,14,12.0,
,,,214296.0,1,14,8.0,
,,,,2,14,12.0,
,,,,2,14,,
,,,,2,14,8.0,
,,,480000.0,1,14,6.0,
650000.0,,,,1,14,12.0,7.0
,,,,2,14,6.0,
,,,,1,14,11.0,
,,,,1,14,,
,40000.0,,,2,14,9.0,
,,,,1,14,3.0,
500000.0,,,,2,14,12.0,8.0
,,,,2,14,3.0,
1050000.0,,,,1,14,16.0,2.0
500000.0,,,300000.0,1,14,10.0,8.0
300000.0,,,,2,14,8.0,9.0
,,,,1,14,14.0,
,,,,2,14,,
,,,,2,14,5.0,
,,,,1,14,3.0,
300000.0,,,,2,14,12.0,9.0
500000.0,,,,1,14,12.0,9.0
,,,,2,14,14.0,
,,,214296.0,2,14,8.0,
,,,214296.0,1,14,6.0,1.0
,,,230000.0,2,14,8.0,
,,,,1,14,8.0,
,,,214296.0,2,14,3.0,
,,,214296.0,2,14,4.0,
,,,420000.0,2,14,9.0,
,,,,1,14,10.0,5.0
,,,,2,14,16.0,2.0
,,,,1,14,16.0,5.0
,,,,1,14,17.0,
,,,,2,14,12.0,
,,,,2,14,,
1300000.0,,,,2,14,16.0,2.0
600000.0,,,,1,14,14.0,5.0
,,,,1,14,15.0,
,,,,1,14,,
,,,,1,14,16.0,2.0
,,,,1,14,13.0,
,,,,1,14,,
900000.0,,,,2,14,17.0,2.0
900000.0,,,,1,14,17.0,2.0
,,,700000.0,1,14,14.0,
,,,214296.0,2,14,13.0,
-88.0,,,,1,14,18.0,2.0
200000.0,,,,2,14,4.0,9.0
,,,214296.0,1,14,10.0,2.0
700000.0,,,,2,14,15.0,3.0
1200000.0,,,,1,14,15.0,3.0
,,,,2,14,10.0,
,,,,1,14,,
,,,,2,14,0.0,
,,,,1,14,12.0,7.0
340000.0,,,,2,14,15.0,3.0
,,,140000.0,2,14,12.0,
1200000.0,,,,2,14,17.0,2.0
600000.0,,,100000.0,2,14,12.0,5.0
,,,,1,14,12.0,6.0
,,,,1,14,10.0,7.0
653000.0,,,,2,14,17.0,2.0
1500000.0,,,,1,14,12.0,8.0
,,,,2,14,,
,,,,2,14,,
,,,,2,14,12.0,
,,,800000.0,1,14,16.0,
,,,,1,14,15.0,
2000000.0,,,,1,14,17.0,1.0
1500000.0,,,,2,14,17.0,3.0
,,,,1,14,,
,,,180000.0,2,14,0.0,
410000.0,,,,2,14,10.0,9.0
,,,,1,14,9.0,5.0
240000.0,,,,2,14,12.0,9.0
310000.0,,,,1,14,12.0,9.0
,,,,2,14,,
500000.0,,,,2,14,12.0,9.0
,,,,1,14,13.0,
,,,,2,14,11.0,
750000.0,,,,1,14,15.0,3.0
1000000.0,,,,2,14,15.0,3.0
,,,,2,14,12.0,
,,,,2,14,,
,,,214296.0,2,14,0.0,
,,,,2,14,5.0,
,,,,1,14,8.0,7.0
375000.0,,,,1,14,12.0,4.0
,,,,2,14,12.0,
,,,,2,14,12.0,
500000.0,,,,2,14,12.0,5.0
1300000.0,,,,1,14,15.0,0.0
800000.0,,,,1,14,14.0,0.0
,,,,2,14,12.0,
,,,,2,14,12.0,
,,,,2,14,10.0,
,,,214296.0,2,14,2.0,
,,,,1,14,9.0,6.0
,,,,2,14,12.0,
,,,,2,14,7.0,
,,,400000.0,1,14,12.0,
500000.0,,,,1,14,12.0,5.0
600000.0,,,,1,14,5.0,8.0
,,,,2,14,5.0,
,,,,2,14,12.0,
,,,,1,14,,
,,,,2,14,8.0,
450000.0,,,,1,14,9.0,6.0
700000.0,,,,1,14,12.0,6.0
500000.0,,,,1,14,7.0,6.0
,,,,2,14,2.0,
600000.0,,,,2,14,15.0,3.0
2200000.0,,,,1,14,17.0,5.0
,,,,2,14,15.0,
1600000.0,,,,2,14,18.0,2.0
,,,,2,14,15.0,
,,,,1,14,17.0,3.0
0.0,,,,1,14,17.0,2.0
,,,,1,14,18.0,
,,,,2,14,12.0,
,,,,2,14,12.0,7.0
,,,,1,14,14.0,7.0
,,,,2,14,14.0,
,,,,2,14,,
,,,,2,14,,
300000.0,,,,2,14,12.0,4.0
,,,,1,14,,
,,,,2,14,,
1400000.0,,,,2,14,17.0,2.0
1500000.0,,,,1,14,17.0,2.0
,,,,2,14,,
,,,,2,14,,
,,,,1,14,,
,,,,2,14,15.0,
800000.0,,,,1,14,12.0,7.0
600000.0,,,,1,14,11.0,9.0
400000.0,,,,2,14,6.0,9.0
,,,,1,14,14.0,
,,,,1,14,11.0,
,,,,2,14,11.0,
,,,,1,14,11.0,
,,,214296.0,2,14,4.0,
,,,214296.0,1,14,2.0,
,,,,2,14,15.0,5.0
,,,,2,14,13.0,5.0
,,21243.0,,1,14,11.0,5.0
750000.0,,,,1,14,17.0,3.0
,,,,1,14,15.0,
,,,,2,14,12.0,
500000.0,,,,2,14,8.0,9.0
300000.0,,,,2,14,12.0,5.0
,,,,1,14,10.0,
,,,,2,14,,
1500000.0,,,,1,14,12.0,7.0
,,,,1,14,,
,,,,1,14,12.0,
,,21243.0,,2,14,,
,,21243.0,,1,14,,
550000.0,,,,2,14,12.0,6.0
1080000.0,,,,1,14,16.0,4.0
,,,,2,14,10.0,9.0
,,,,2,14,12.0,
500000.0,,,,1,14,12.0,8.0
,,,,2,14,3.0,
500000.0,,,,1,14,1.0,6.0
700000.0,,,,1,14,12.0,8.0
592000.0,,,,2,14,12.0,3.0
,,,,1,14,9.0,
,,,,2,14,,
320000.0,,,,2,14,8.0,5.0
,,,,2,14,12.0,
,,,,1,14,8.0,7.0
,,,,2,14,4.0,
1295000.0,,,,2,14,17.0,2.0
,,,,2,14,5.0,
550000.0,,,,1,14,6.0,6.0
,,,,1,14,0.0,
,,,,2,14,8.0,
,,,,1,14,12.0,
,,,,2,14,4.0,
,,,,1,14,4.0,9.0
660000.0,,,,2,14,12.0,5.0
,,,,1,14,14.0,
,844000.0,,,2,14,17.0,
,,,,1,14,12.0,
,,,,2,14,12.0,5.0
800000.0,,,,1,14,12.0,6.0
,,,,1,14,,
,,,220000.0,1,14,10.0,
,,,,2,14,0.0,
420000.0,,,,1,14,12.0,9.0
,300000.0,,,2,14,15.0,
,,,,2,14,,
,,,350000.0,1,14,9.0,
,,,,1,14,17.0,
200000.0,,,,2,14,8.0,5.0
500000.0,,,,1,14,15.0,6.0
,,,,2,14,12.0,
500000.0,,,,1,14,12.0,7.0
,,,215000.0,1,14,0.0,
,,,214000.0,2,14,2.0,
,,,,2,14,12.0,
,,,,1,14,8.0,
,,,,1,14,12.0,7.0
410000.0,,,,2,14,12.0,5.0
,,,,2,14,8.0,9.0
,,,212000.0,1,14,4.0,
,,,,1,14,12.0,8.0
450000.0,,,,2,14,14.0,3.0
,,,,1,14,8.0,7.0
,,,,1,14,,
500000.0,,,,1,14,6.0,6.0
,,,,2,14,4.0,
,,,,1,14,11.0,
,,,,2,14,,
,,,,1,14,13.0,7.0
,,,,2,14,12.0,5.0
,,,,2,14,11.0,
,,,214296.0,2,14,3.0,
,,,300000.0,1,14,6.0,7.0
450000.0,,,,1,14,12.0,7.0
,,,,2,14,12.0,7.0
,,,,1,14,11.0,
,,,,2,14,,
,,21243.0,,1,14,,
400000.0,,,,1,14,13.0,5.0
,100000.0,,,2,14,14.0,
,,,,2,14,,
,,,,2,14,12.0,7.0
,,,,2,14,17.0,
800000.0,,,,1,14,17.0,3.0
420000.0,,,,2,14,12.0,3.0
,,,,2,14,,
,,,,2,14,15.0,
,,,250000.0,1,14,12.0,
1000000.0,,,,1,14,17.0,2.0
,,,,2,14,12.0,
,,,,1,14,11.0,9.0
,,21243.0,,2,14,,
,,21243.0,,2,14,,
,,21243.0,,2,14,,
,,,,1,14,12.0,
,,,214000.0,2,14,6.0,
,,,214296.0,1,14,4.0,
,,,214000.0,2,14,2.0,
500000.0,,,,2,14,14.0,3.0
187500.0,,,,2,14,12.0,5.0
,,,,1,14,10.0,7.0
,,,214296.0,2,14,,
500000.0,,,,1,14,12.0,9.0
500000.0,,,,2,14,14.0,3.0
,,,,2,14,,
,500000.0,,104000.0,2,14,8.0,
,,,,1,14,10.0,
,,,,1,14,9.0,
,,,,1,14,8.0,7.0
,,,,2,14,4.0,5.0
,,21243.0,,2,14,10.0,
,,,247000.0,1,14,11.0,
,,,180000.0,2,14,12.0,
750000.0,,,,2,14,12.0,5.0
,,,,2,14,11.0,
450000.0,,,,2,14,12.0,5.0
,,,225000.0,2,14,9.0,
,,,220000.0,1,14,10.0,
,,,214296.0,2,14,3.0,
,,,214296.0,1,14,4.0,
,,,,1,14,15.0,7.0
1300000.0,,,,2,14,17.0,2.0
,,,,2,14,,
,,,400000.0,1,14,12.0,
,,,214296.0,2,14,15.0,
,,,,2,14,8.0,
,,,,1,14,8.0,9.0
,,,,2,14,12.0,
,,,,1,14,8.0,
,,21243.0,,2,14,,
,,,,2,14,3.0,
600000.0,,,,2,14,12.0,3.0
,,,,1,14,12.0,7.0
,,,,1,14,11.0,
,,,,1,14,,
,,,,2,14,,
,,,,1,14,5.0,
500000.0,,,,2,14,12.0,9.0
,,,214296.0,1,14,2.0,
,,,214296.0,2,14,4.0,
,,,,1,14,0.0,
500000.0,,,,1,14,16.0,1.0
500000.0,,,,1,14,14.0,9.0
,,,,2,14,,
,,,,1,14,,
,,,230000.0,2,14,12.0,
,,,380000.0,1,14,12.0,
,,,,1,14,12.0,5.0
250000.0,,,214296.0,2,14,12.0,5.0
,,,,2,14,5.0,
,,,,1,14,8.0,7.0
600000.0,,,,2,14,12.0,4.0
,,,,1,14,,
,,,,1,14,17.0,5.0
1500000.0,,,,2,14,16.0,2.0
500000.0,,,,1,14,12.0,8.0
0.0,,,,1,14,15.0,5.0
1200000.0,,,,2,14,13.0,5.0
,,,,1,14,,
500000.0,,,,2,14,8.0,9.0
-88.0,,,,1,14,17.0,4.0
,,,,2,14,8.0,
500000.0,,,,1,14,8.0,7.0
,,,,1,14,2.0,
,,,,2,14,8.0,
,,,,1,14,8.0,3.0
500000.0,,,,2,14,13.0,3.0
,,21243.0,,2,14,12.0,
,,,,2,14,,
,,,,1,14,12.0,
,,,,2,14,8.0,
600000.0,,,,1,14,8.0,7.0
500000.0,,,,1,14,8.0,6.0
,,,,2,14,8.0,
,,,214296.0,2,14,0.0,
375000.0,,,,1,14,8.0,7.0
120000.0,,,200000.0,2,14,7.0,9.0
,,,,1,14,6.0,7.0
-88.0,,,,1,14,12.0,2.0
700000.0,,,,1,14,7.0,8.0
,,,,2,14,12.0,
410000.0,,,214296.0,2,14,12.0,9.0
,,,214296.0,2,14,3.0,
,,,880000.0,1,14,10.0,
400000.0,,,,2,14,6.0,5.0
500000.0,,,,2,14,15.0,4.0
342000.0,,,,1,14,15.0,5.0
,,21243.0,,2,14,,
450000.0,,,101000.0,2,14,12.0,5.0
,,,,2,14,12.0,7.0
300000.0,,,,2,14,15.0,2.0
,,,,2,14,14.0,7.0
,,,214296.0,2,14,6.0,
,,,214296.0,1,14,1.0,
,,,,2,14,12.0,
,,,,1,14,3.0,7.0
800000.0,,,,2,14,17.0,2.0
,,,,2,14,14.0,5.0
,,,,1,14,12.0,5.0
,,,,2,14,11.0,
,,21243.0,,1,14,,
-88.0,,,,2,14,4.0,5.0
,,,,2,14,,
,,,214296.0,1,14,8.0,
,,,,2,14,12.0,5.0
,,,,1,14,17.0,
290000.0,,,,2,14,7.0,9.0
600000.0,,,,1,14,11.0,8.0
400000.0,,,,2,14,13.0,5.0
,,21243.0,,2,14,,
350000.0,,,,1,14,12.0,5.0
400000.0,,,,2,14,15.0,5.0
,,,,2,14,0.0,
0.0,,,,2,14,13.0,9.0
280000.0,,,,2,14,12.0,9.0
,,,,2,14,,
,,,,1,14,8.0,
,,,120000.0,2,14,10.0,
,,,,1,14,13.0,
,,,,1,14,,
532000.0,,,,1,14,12.0,5.0
320000.0,,,,1,14,9.0,7.0
200000.0,,,,2,14,12.0,9.0
,,,230000.0,1,14,0.0,
,,,,1,14,,
420000.0,,,,1,14,12.0,9.0
,,,,2,14,8.0,
500000.0,,,,1,14,12.0,9.0
,,,,2,14,6.0,
,,,214296.0,1,14,9.0,7.0
,,,,1,14,11.0,
800000.0,,,,2,14,15.0,3.0
600000.0,,,,1,14,12.0,7.0
800000.0,,,,2,14,17.0,2.0
,,,300000.0,1,14,8.0,7.0
480000.0,,,,2,14,12.0,9.0
,,,,1,14,17.0,
500000.0,,,,2,14,14.0,3.0
,,,,1,14,,
0.0,,,,2,14,14.0,5.0
,,,,2,14,,
650000.0,,,,2,14,12.0,4.0
450000.0,,,,1,14,14.0,9.0
530000.0,,,,2,14,12.0,3.0
,,,,2,14,,
600000.0,,,,1,14,12.0,7.0
,,,,2,14,12.0,
550000.0,,,300000.0,1,14,12.0,8.0
,350000.0,,,2,14,12.0,
,,,,2,14,11.0,
,,,,1,14,9.0,
,,,,2,14,,
350000.0,,,214000.0,1,14,10.0,9.0
150000.0,,,,2,14,13.0,8.0
0.0,,,,1,14,10.0,8.0
,,21243.0,,1,14,,
300000.0,,,,2,14,15.0,3.0
500000.0,,,,1,14,15.0,3.0
,,,,1,14,16.0,
500000.0,,,,1,14,12.0,9.0
,,,,2,14,15.0,5.0
,,,,1,14,14.0,
,,21243.0,,2,14,12.0,
,,21243.0,,2,14,12.0,
,,21243.0,,2,14,,
510000.0,,,,2,14,10.0,9.0
-88.0,,,,2,14,12.0,9.0
,,,,2,14,14.0,
570000.0,,,,1,14,8.0,9.0
,,,215000.0,2,14,8.0,
,,,,1,14,12.0,8.0
,,,,1,14,12.0,
,,,214296.0,2,14,8.0,
600000.0,,,,1,14,8.0,8.0
,,,420000.0,2,14,3.0,
,,,214296.0,2,14,6.0,
,,,300000.0,1,14,6.0,
500000.0,,,,2,14,12.0,5.0
500000.0,,,,1,14,12.0,5.0
,,,,1,14,,
,,,,2,14,4.0,
600000.0,,,,2,14,12.0,5.0
60000.0,,,215000.0,2,14,4.0,9.0
320000.0,,,,1,14,13.0,4.0
,,,,1,14,12.0,
,,,214296.0,1,14,4.0,
,,,214296.0,2,14,6.0,
550000.0,,,,2,14,12.0,5.0
,,,,1,14,12.0,
,,21243.0,,2,14,,
607000.0,,,,2,14,15.0,3.0
,,,,1,14,,
900000.0,,,,1,14,17.0,2.0
,,,,1,14,14.0,
1000000.0,,,,2,14,14.0,7.0
,,,,2,14,10.0,
,,,,2,14,12.0,
,,,,2,14,12.0,
,,,,1,14,15.0,
,,,,1,14,17.0,
,,,,2,14,15.0,
,,,,2,14,17.0,
,,,,2,14,16.0,
,,,,1,14,12.0,8.0
,,,,2,14,14.0,7.0
,,,,1,14,13.0,
,,,,1,14,16.0,8.0
-88.0,,,,2,14,17.0,3.0
600000.0,,,,2,14,15.0,5.0
,,,,1,14,12.0,
,,,,2,14,13.0,
700000.0,,,,2,14,12.0,3.0
,,,,1,14,15.0,
,,,,1,14,,
,,,,2,14,9.0,
,,,,2,14,8.0,
400000.0,,,,1,14,14.0,8.0
,,,,2,14,10.0,
,,,,1,14,,
300000.0,,,,2,14,2.0,9.0
,,,,1,14,10.0,
,,,,1,14,10.0,
,,,,2,14,9.0,
,,,,2,14,,
300000.0,,,214296.0,2,14,8.0,9.0
390000.0,,,178000.0,1,14,2.0,5.0
,,,,2,14,12.0,
,,,,2,14,12.0,8.0
700000.0,,,,2,14,12.0,7.0
,,,,2,14,,
540000.0,,,,2,14,14.0,4.0
,,,,1,14,12.0,
,,,,2,14,10.0,
,,,450000.0,1,14,12.0,
380000.0,,,,1,14,14.0,2.0
,,,200000.0,2,14,9.0,
,,,200000.0,1,14,10.0,
200000.0,,,,1,14,12.0,9.0
700000.0,,,,1,14,12.0,7.0
200000.0,,,,2,14,8.0,9.0
,,,,1,14,12.0,6.0
,,,,1,14,,
,,,,2,14,,
,,,,1,14,12.0,
500000.0,,,,2,14,16.0,2.0
500000.0,,,,1,14,16.0,8.0
,,,,2,14,12.0,
,,,,1,14,14.0,
,,,260000.0,1,14,12.0,
,,,,2,14,10.0,
520000.0,,,,2,14,14.0,5.0
680000.0,,,,1,14,12.0,7.0
420000.0,,,,2,14,7.0,9.0
,,,300000.0,1,14,6.0,
400000.0,,,350000.0,1,14,6.0,6.0
500000.0,,,,1,14,12.0,9.0
,,,,2,14,12.0,
600000.0,,,,1,14,12.0,9.0
,,,,1,14,12.0,5.0
,,,,2,14,12.0,
300000.0,,,,2,14,14.0,9.0
,,,,2,14,2.0,
,,,216000.0,2,14,6.0,
,,,280000.0,1,14,2.0,
300000.0,,,,1,14,12.0,5.0
,,,,2,14,11.0,
,,,,2,14,4.0,
,,,300000.0,1,14,5.0,
,,,,2,14,,
,,,,2,14,12.0,
1200000.0,,,,1,14,12.0,8.0
,,,214296.0,2,14,12.0,
1000000.0,,,,2,14,12.0,4.0
800000.0,,,,1,14,17.0,1.0
,,,,2,14,12.0,
,,,303000.0,2,14,2.0,
,,,384940.0,1,14,6.0,
0.0,,,,2,14,12.0,5.0
505937.0,,,,1,14,10.0,8.0
,,,,2,14,1.0,
,,,214296.0,2,14,6.0,
600000.0,,,,2,14,15.0,3.0
,,,,1,14,12.0,1.0
,,,,2,14,12.0,
460000.0,,,,2,14,12.0,9.0
,,,,1,14,12.0,
,,,,2,14,8.0,
,,,,1,14,7.0,
,,,,1,14,12.0,7.0
1500000.0,,,,1,14,17.0,2.0
,,,,2,14,12.0,
,,,,2,14,11.0,
,,,,1,14,10.0,
,,,,2,14,,
,,,,1,14,,
,,,210000.0,2,14,4.0,
500000.0,,,,2,14,15.0,9.0
,,,,2,14,15.0,
,,,,2,14,13.0,
,,,,2,14,8.0,
,,,300000.0,1,14,8.0,
,,,100000.0,2,14,12.0,
,,,,1,14,12.0,
,,,330000.0,1,14,8.0,
,,,,2,14,10.0,
400000.0,,,,2,14,12.0,5.0
300000.0,,,,2,14,12.0,2.0
,,,,2,14,,
,,,230000.0,1,14,12.0,7.0
,,,266000.0,1,14,0.0,
,800000.0,,,1,14,12.0,
,,,,2,14,12.0,
1200000.0,,,,2,14,14.0,2.0
,,,,2,14,15.0,
,,,260000.0,2,14,17.0,
,,,320000.0,1,14,17.0,
,,,220000.0,2,14,10.0,9.0
,,,320000.0,1,14,5.0,7.0
400000.0,,,,2,14,15.0,2.0
,,,,2,14,13.0,
2200000.0,,,,2,14,16.0,1.0
780000.0,,,,1,14,13.0,1.0
1500000.0,,,,2,14,17.0,2.0
1300000.0,,,,1,14,13.0,2.0
240000.0,,,,2,14,13.0,5.0
,,,270000.0,1,14,12.0,
,,,,1,14,17.0,
300000.0,,,,2,14,16.0,5.0
650000.0,,,,1,14,14.0,3.0
,,,,2,14,12.0,
250000.0,,,,2,14,14.0,5.0
,,,,1,14,12.0,
,,,,1,14,,
1900000.0,,,,2,14,17.0,2.0
,,,,2,14,12.0,
,,,,2,14,16.0,
,,,214296.0,1,14,18.0,
,,,850000.0,1,14,12.0,
,,,433000.0,2,14,8.0,
,,,,1,14,17.0,1.0
1100000.0,,,,2,14,17.0,3.0
,,,,2,14,18.0,
500000.0,,,,1,14,8.0,9.0
,,,214296.0,1,14,12.0,7.0
,,,,2,14,12.0,7.0
,,,,1,14,12.0,8.0
,,,,1,14,,
1300000.0,,,,2,14,16.0,2.0
,,,,2,14,,
,,,,2,14,,
,,,,1,14,15.0,
,,,,2,14,12.0,6.0
,,,,1,14,,
,,,,1,14,12.0,
,,,,2,14,12.0,
500000.0,,,,1,14,12.0,5.0
,,,,2,14,12.0,
,,,,1,14,8.0,9.0
,,,330000.0,2,14,2.0,
1400000.0,,,,2,14,21.0,2.0
1400000.0,,,,2,14,21.0,2.0
,,,,1,14,9.0,9.0
,,21243.0,,1,14,,
170000.0,,,,2,14,12.0,9.0
,,,,1,14,8.0,
,,21243.0,,2,14,,
150000.0,,,214000.0,2,14,15.0,4.0
,,,,1,14,17.0,2.0
,,,,2,14,17.0,2.0
1300000.0,,,,1,14,15.0,2.0
650000.0,,,,2,14,15.0,3.0
,,,,1,14,,
,,,214000.0,2,14,4.0,
,,,,2,14,5.0,
700000.0,,,,2,14,12.0,5.0
,,,,1,14,12.0,5.0
1000000.0,,,,2,14,17.0,2.0
,,,214000.0,1,14,3.0,
,,,214000.0,2,14,6.0,
,,,,2,14,12.0,
400000.0,,,,1,14,10.0,8.0
,,,,2,14,,
200000.0,,,,2,14,12.0,9.0
,,,,1,14,5.0,7.0
,,,,1,14,,
,,,,1,14,11.0,9.0
,,,,1,14,3.0,
,,,,2,14,3.0,
,,,,2,14,12.0,
,,,,2,14,10.0,
,,,,2,14,8.0,
500000.0,,,,1,14,10.0,6.0
600000.0,,,,1,14,12.0,7.0
630000.0,,,,2,14,15.0,3.0
,,,,1,14,10.0,
,,,,1,14,,
,,,,1,14,12.0,3.0
640000.0,,,,1,14,12.0,4.0
600000.0,,,,1,14,12.0,7.0
500000.0,,,,2,14,12.0,9.0
,,,,1,14,11.0,
,,,,1,14,,
,,,,2,14,,
560000.0,,,,2,14,12.0,5.0
,,,,1,14,15.0,7.0
,,,214296.0,2,14,0.0,
490000.0,,,,2,14,15.0,4.0
,,,,2,14,11.0,
,,,,1,14,2.0,
100000.0,,,,2,14,12.0,5.0
500000.0,,,,1,14,12.0,9.0
400000.0,,,,2,14,12.0,9.0
,,,,2,14,,
,,,,1,14,7.0,7.0
,,,,1,14,10.0,6.0
500000.0,,,,1,14,10.0,9.0
450000.0,,,,2,14,12.0,9.0
,,,,1,14,9.0,
,,,,1,14,12.0,
,,,,2,14,8.0,5.0
150000.0,,,,1,14,10.0,9.0
,,,200000.0,1,14,7.0,
,,,,2,14,0.0,
,,,,2,14,6.0,
,,,1600000.0,1,14,17.0,
400000.0,,,,1,14,15.0,6.0
,,,,2,14,6.0,
,,,,1,14,11.0,6.0
,,,,2,14,12.0,5.0
,,,,1,14,12.0,
,,,,2,14,5.0,9.0
,,,,1,14,5.0,7.0
,,,,1,14,8.0,9.0
,,,,2,14,12.0,
300000.0,,,,2,14,12.0,7.0
500000.0,,,,1,14,12.0,7.0
,,,,2,14,12.0,
,,21243.0,,1,14,,
,,21243.0,,2,14,,
,,,400000.0,1,14,12.0,
,,,340000.0,2,14,12.0,
,,,200500.0,2,14,10.0,
,,,796000.0,1,14,17.0,
,,,-88.0,1,14,12.0,5.0
,,,,2,14,8.0,
,,,,1,14,8.0,
,,,,2,14,8.0,
,,,,1,14,17.0,2.0
,200000.0,,,2,14,14.0,
,,,300000.0,2,14,3.0,
,,,,2,14,6.0,
1200000.0,,,,1,14,12.0,6.0
,,,,2,14,9.0,
4280000.0,,,,1,14,17.0,2.0
550000.0,,,,2,14,17.0,2.0
,,,,1,14,,
,,,,1,14,,
800000.0,,,,2,14,17.0,2.0
1120000.0,,,,1,14,17.0,2.0
530000.0,,,,2,14,14.0,3.0
1000000.0,,,,1,14,17.0,2.0
,,,,1,14,,
,,,500000.0,1,14,12.0,8.0
,,,,2,14,13.0,
500000.0,,,,1,14,18.0,2.0
,,,214296.0,2,14,14.0,
,,,800000.0,1,14,16.0,
,,,480000.0,2,14,3.0,
500000.0,,,,1,14,8.0,7.0
,,,,1,14,12.0,7.0
690000.0,,,,2,14,17.0,2.0
700000.0,,,,1,14,12.0,3.0
,,,,2,14,9.0,
,,,700000.0,1,14,14.0,
1500000.0,,,,2,14,15.0,5.0
,,,,1,14,,
,,,214296.0,2,14,8.0,
,,,250000.0,1,14,9.0,
500000.0,,,214296.0,1,14,7.0,8.0
200000.0,,,,2,14,5.0,9.0
,,,,2,14,8.0,
,,21243.0,,2,14,,
,,21243.0,,1,14,,
,,,200000.0,1,14,0.0,
,,,,1,14,12.0,5.0
540000.0,,,,2,14,15.0,5.0
250000.0,,,,2,14,14.0,9.0
50000.0,,,,2,14,15.0,3.0
850000.0,,,,1,14,17.0,2.0
450000.0,,,,2,14,15.0,3.0
,,,,1,14,,
,,,,1,14,,
,,,,1,14,,
1800000.0,,,,1,14,17.0,2.0
2000000.0,,,,2,14,17.0,2.0
,,,,2,14,12.0,
,,,,1,14,,
,,,,1,14,15.0,1.0
,,,,2,14,12.0,5.0
,,,,1,14,8.0,7.0
200000.0,,,,2,14,12.0,9.0
500000.0,,,,2,14,17.0,4.0
,,,230000.0,1,14,17.0,1.0
,,,220000.0,2,14,15.0,
700000.0,,,,1,14,15.0,6.0
,300000.0,,,2,14,15.0,
405000.0,,,,1,14,2.0,6.0
750000.0,,,,1,14,9.0,6.0
,,,,2,14,8.0,
480000.0,,,,1,14,12.0,7.0
,,,,2,14,13.0,2.0
650000.0,,,,1,14,12.0,3.0
,,,,1,14,,
,,,,2,14,,
,,,,2,14,12.0,
404000.0,,,,1,14,12.0,9.0
150000.0,,,,2,14,12.0,9.0
,,21243.0,,2,14,,
3000000.0,,,,1,14,17.0,1.0
,,,,2,14,12.0,
,,,,1,14,12.0,
,50000.0,,,2,14,12.0,
,,,214296.0,2,14,5.0,
500000.0,,,,1,14,15.0,9.0
,,,,2,14,13.0,
,,,,2,14,15.0,
,,,,1,14,8.0,7.0
500000.0,,,,2,14,11.0,5.0
,,,,1,14,11.0,
,,21243.0,,2,14,9.0,
570000.0,,,,2,14,16.0,4.0
570000.0,,,,1,14,12.0,5.0
,,,,1,14,14.0,
,,,,2,14,9.0,
,,,,2,14,,
,,,214296.0,2,14,1.0,
,,,,1,14,7.0,
,,,214296.0,2,14,0.0,
,,,209000.0,2,14,9.0,
0.0,,,,2,14,12.0,3.0
,,,,1,14,12.0,
,,,,1,14,8.0,6.0
,200000.0,,,2,14,3.0,
,,,,2,14,10.0,
,,,230000.0,2,14,,
,,,,1,14,9.0,
,,21243.0,,1,14,,
,,,220000.0,2,14,3.0,
,,,230000.0,2,14,3.0,
,,,220000.0,1,14,3.0,
,,,,2,14,3.0,
,,,200000.0,1,14,6.0,7.0
,,,,1,14,4.0,
,,,,2,14,12.0,
,,,,1,14,8.0,7.0
,,,,2,14,,
,,,,1,14,12.0,7.0
300000.0,,,,2,14,14.0,9.0
,,,,2,14,13.0,
,,21243.0,,1,14,,
,90000.0,,,2,14,12.0,
,,,,2,14,9.0,
,,,,1,14,,
,,,,2,14,,
,,,,1,14,,
,,,,1,14,,
625000.0,,,,2,14,12.0,5.0
,,,,2,14,13.0,
600000.0,,,,1,14,12.0,6.0
120000.0,,,,1,14,12.0,9.0
400000.0,,,,1,14,4.0,6.0
,,,,1,14,8.0,
,,,,2,14,12.0,5.0
800000.0,,,,1,14,12.0,7.0
,,,,1,14,10.0,
,,,,1,14,,
,,,224710.0,2,14,0.0,
,,,214296.0,1,14,11.0,
650000.0,,,,1,14,12.0,7.0
,,,,2,14,,
,,,200000.0,2,14,6.0,
,,,,1,14,,
,,,,1,14,,
,,,300000.0,1,14,0.0,6.0
500000.0,,,,2,14,8.0,6.0
,,,,1,14,5.0,
,,,,1,14,18.0,2.0
,,,,2,14,19.0,2.0
,,,,1,14,12.0,
,,,,1,14,,
,,,,2,14,12.0,5.0
,,,225000.0,2,14,0.0,
,,21243.0,,1,14,,
500000.0,,,,1,14,15.0,8.0
,,,,1,14,8.0,
,,,,2,14,8.0,
-88.0,,,,2,14,15.0,4.0
,,,,1,14,14.0,
,,,,1,14,12.0,
150000.0,,,,2,14,8.0,5.0
500000.0,,,,2,14,16.0,3.0
500000.0,,,,2,14,4.0,6.0
405000.0,,,,1,14,15.0,5.0
,,,,1,14,11.0,
240000.0,,,,2,14,9.0,9.0
650000.0,,,,2,14,15.0,3.0
500000.0,,,,1,14,12.0,7.0
,,,,2,14,9.0,
,,,215000.0,2,14,6.0,
200000.0,,,,1,14,10.0,7.0
,,21243.0,,2,14,9.0,
770000.0,,,385000.0,1,14,8.0,8.0
,,,300000.0,1,14,4.0,
,,,,2,14,0.0,
700000.0,,,,1,14,10.0,8.0
760000.0,,,,1,14,8.0,5.0
,,,,2,14,8.0,
600000.0,,,,2,14,16.0,4.0
,,,,1,14,15.0,
,,,,2,14,15.0,
450000.0,,,,1,14,8.0,8.0
,,,,2,14,6.0,
,200000.0,,,1,14,10.0,
215000.0,,,,2,14,12.0,4.0
,,,,2,14,13.0,
500000.0,,,,1,14,12.0,6.0
,,,,2,14,12.0,
,,,,2,14,11.0,
,,,,2,14,,
500000.0,,,,2,14,17.0,5.0
700000.0,,,,1,14,15.0,7.0
,,,,1,14,,
,,,,1,14,,
700000.0,,,,1,14,12.0,8.0
,,,,2,14,10.0,
,,,,1,14,12.0,
,,,,1,14,,
,,,,1,14,,
,,,,2,14,,
,,,,2,14,3.0,
,,,,2,14,12.0,7.0
,,,,2,14,15.0,
,,21243.0,,2,14,10.0,
,,21243.0,,1,14,,
,,,,1,14,12.0,7.0
500000.0,,,,2,14,12.0,5.0
500000.0,,,,1,14,12.0,8.0
,,,,1,14,10.0,
600000.0,,,,1,14,12.0,8.0
,,,103000.0,2,14,10.0,
450000.0,,,,2,14,15.0,5.0
,,,,2,14,12.0,
,,,,2,14,,
500000.0,,,,2,14,12.0,5.0
,,,,1,14,,
960000.0,,,,1,14,17.0,2.0
0.0,,,,2,14,13.0,3.0
,,,,2,14,10.0,
,,,,1,14,,
,,,,2,14,12.0,6.0
,,,,1,14,7.0,6.0
,,,,2,14,11.0,
,,,,2,14,,
,,,200000.0,2,14,8.0,
,,,,2,14,,
,,,,1,14,,
,,,,2,14,11.0,5.0
450000.0,,,,2,14,11.0,9.0
,,,,1,14,6.0,7.0
,,,,2,14,12.0,
,,,,1,14,8.0,6.0
,,,,2,14,6.0,
590000.0,,,,2,14,15.0,3.0
,,,214296.0,1,14,8.0,
,,,,2,14,9.0,
500000.0,,,,2,14,12.0,5.0
850000.0,,,,2,14,15.0,3.0
,,,214000.0,2,14,2.0,
,,,214000.0,1,14,4.0,
,,,,2,14,9.0,5.0
,,,,1,14,8.0,
,,,,1,14,,
,,,,1,14,12.0,7.0
,,,340000.0,2,14,12.0,
500000.0,,,,1,14,12.0,5.0
450000.0,,,,2,14,8.0,9.0
,,,,1,14,15.0,9.0
,,,,1,14,11.0,
,,,,2,14,,
500000.0,,,,1,14,12.0,5.0
,,,,2,14,17.0,
,,,,2,14,,
900000.0,,,,1,14,13.0,8.0
600000.0,,,,2,14,12.0,5.0
,,,,2,14,16.0,
550000.0,,,,1,14,13.0,8.0
280000.0,,,,2,14,8.0,9.0
820000.0,,,,1,14,17.0,2.0
,,,,1,14,12.0,5.0
500000.0,,,,2,14,14.0,5.0
,,,220000.0,2,14,15.0,
,,,214296.0,2,14,9.0,
,,,214296.0,2,14,13.0,
,,,214296.0,2,14,0.0,
,,,,2,14,1.0,
,,,,2,14,1.0,
,,,,2,14,0.0,
,,,214296.0,2,14,0.0,
200000.0,,,,1,14,12.0,7.0
,,,494000.0,2,14,10.0,
,,,440000.0,1,14,12.0,
,,,,2,14,17.0,
,,,,1,14,,
,,,214296.0,2,14,6.0,
900000.0,,,,1,14,14.0,3.0
,,21243.0,,2,14,,
500000.0,,,,2,14,14.0,3.0
,,21243.0,,2,14,12.0,
,,,800000.0,1,14,12.0,
,,,,1,14,9.0,5.0
,,,,2,14,12.0,8.0
,,,,1,14,8.0,9.0
0.0,,,,2,14,15.0,3.0
,,,,2,14,,
,,,,2,14,,
,,,,2,14,,
600000.0,,,,1,14,15.0,7.0
,,,,2,14,9.0,
,,,,1,14,12.0,
,,,,2,14,0.0,
290000.0,,,214000.0,2,14,9.0,9.0
800000.0,,,,1,14,12.0,2.0
550000.0,,,,1,14,12.0,5.0
,,,,2,14,7.0,
,,,,1,14,6.0,
670000.0,,,,1,14,6.0,9.0
,,,,2,14,10.0,
500000.0,,,,1,14,12.0,7.0
,,,260000.0,1,14,8.0,
470000.0,,,,1,14,10.0,9.0
,,,,2,14,12.0,
,,,,1,14,12.0,
,,,,2,14,13.0,
,,,,1,14,,
,,,100000.0,2,14,11.0,
,,,214000.0,2,14,0.0,
,,,400000.0,1,14,1.0,
,,,,2,14,12.0,
,,21243.0,,1,14,,
,,,214296.0,2,14,2.0,
,,,314296.0,1,14,4.0,
,,,,2,14,8.0,
,,,,1,14,12.0,
470000.0,,,260000.0,1,14,8.0,9.0
600000.0,,,,1,14,2.0,6.0
450000.0,,,,1,14,8.0,6.0
460000.0,,,,2,14,12.0,9.0
,,,,1,14,13.0,
,,,,1,14,13.0,
,,,,2,14,17.0,
,,,,2,14,11.0,
,,,214296.0,1,14,3.0,9.0
,,,,2,14,11.0,
,,,214000.0,2,14,12.0,
,,,,1,14,6.0,7.0
,,,,1,14,3.0,9.0
,,,220000.0,2,14,5.0,7.0
,,,,2,14,12.0,
,300000.0,,,1,14,12.0,
,,,,2,14,,
,,,214296.0,1,14,9.0,
480000.0,,,300000.0,2,14,6.0,5.0
,,,,2,14,6.0,6.0
,,,,2,14,8.0,
,,,,1,14,8.0,
,,,214000.0,2,14,,
,,,,2,14,14.0,
,,,214000.0,2,14,0.0,
,,,,2,14,8.0,
,,,,1,14,12.0,
,,,,1,14,12.0,5.0
900000.0,,,,2,14,10.0,9.0
,,,,1,14,9.0,5.0
,,,,2,14,,
,,,,1,14,,
0.0,,,,2,14,8.0,9.0
,,,,2,14,12.0,
,,,,1,14,12.0,7.0
,,,,2,14,12.0,
,,,,2,14,,
,,,,2,14,,
,,,,2,14,,
,,,,1,14,11.0,9.0
,,,,2,14,5.0,9.0
510000.0,,,,1,14,8.0,7.0
500000.0,,,,1,14,9.0,7.0
500000.0,,,,1,14,12.0,4.0
,,,,2,14,18.0,2.0
600000.0,,,,2,14,14.0,4.0
,,,,1,14,17.0,2.0
,,,,1,14,17.0,
0.0,,,,1,14,17.0,2.0
,,,,2,14,15.0,
,,,,1,14,0.0,
,,,,2,14,17.0,
,,,,2,14,9.0,
,,,,2,14,12.0,
400000.0,,,,2,14,12.0,3.0
,,,240000.0,2,14,9.0,
1500000.0,,,,2,14,16.0,2.0
1100000.0,,,,1,14,16.0,2.0
1300000.0,,,,2,14,16.0,2.0
,,,,1,14,,
,,,,2,14,13.0,
500000.0,,,,1,14,12.0,5.0
800000.0,,,,1,14,14.0,2.0
600000.0,,,,1,14,17.0,2.0
400000.0,,,,1,14,12.0,5.0
,,,,1,14,10.0,
730000.0,,,,2,14,12.0,4.0
,,,,2,14,12.0,
,,,214296.0,2,14,4.0,
,,,,2,14,12.0,5.0
,,,,1,14,,
700000.0,,,300000.0,1,14,12.0,5.0
,,,,2,14,12.0,
,,,,1,14,0.0,
500000.0,,,,2,14,13.0,3.0
,,,,2,14,,
,,,,2,14,12.0,5.0
,,,,1,14,12.0,7.0
,,,,1,14,12.0,7.0
,,,,2,14,12.0,
380000.0,,,,2,14,12.0,5.0
,,,,2,14,3.0,
,,,,2,14,12.0,
,,,800000.0,1,14,17.0,
1000000.0,,,,1,14,17.0,2.0
,,,,2,14,15.0,7.0
,,21243.0,,1,14,,
,,,,2,14,,
,,,,2,14,12.0,
,,21243.0,,2,14,,
,,21243.0,,2,14,,
700000.0,,,,2,14,17.0,2.0
1000000.0,,,,1,14,12.0,7.0
,,,,2,14,,
,,,,1,14,,
350000.0,,,,1,14,15.0,8.0
,1500000.0,,,2,14,17.0,
,,,,2,14,12.0,
,,,,2,14,,
,,,,2,14,,
,,,,1,14,,
300000.0,,,,2,14,15.0,5.0
500000.0,,,,1,14,12.0,9.0
,,,,1,14,16.0,
,,21243.0,,2,14,,
1500000.0,,,,2,14,16.0,2.0
550000.0,,,,2,14,17.0,2.0
,,,,1,14,11.0,
,,,,2,14,,
300000.0,,,,2,14,12.0,5.0
,,,,1,14,12.0,
,,,,1,14,,
260000.0,,,,2,14,17.0,5.0
900000.0,,,,1,14,14.0,5.0
750000.0,,,,2,14,15.0,3.0
750000.0,,,,1,14,15.0,3.0
,,,,1,14,,
,,,,2,14,,
1000000.0,,,,1,14,12.0,5.0
,,,,2,14,15.0,3.0
,,,,1,14,15.0,7.0
,,,,2,14,,
,,,,2,14,12.0,
,,,,2,14,12.0,
,,,,2,14,17.0,
,,,402000.0,1,14,8.0,
,,,241000.0,2,14,5.0,
,,,274296.0,2,14,2.0,
,,,214296.0,1,14,8.0,8.0
1100000.0,,,,1,14,17.0,4.0
500000.0,,,,1,14,15.0,7.0
,,,,1,14,12.0,7.0
500000.0,,,,2,14,8.0,7.0
500000.0,,,,1,14,8.0,7.0
500000.0,,,,1,14,12.0,7.0
700000.0,,,,2,14,13.0,7.0
500000.0,,,,2,14,15.0,3.0
2000000.0,,,,1,14,8.0,6.0
,,,,2,14,12.0,
,,,238000.0,2,14,11.0,
,,,,1,14,12.0,7.0
,,,214296.0,2,14,8.0,
,,,,2,14,17.0,
,,21243.0,,1,14,,
,,,,2,14,12.0,
,,,214000.0,2,14,0.0,
,,,,1,14,14.0,7.0
,,,323000.0,2,14,12.0,
,,,,2,14,17.0,
,,,214000.0,2,14,10.0,
,,,,1,14,9.0,
,,,,2,14,12.0,
,,,,2,14,9.0,
,,,400000.0,1,14,15.0,
,,,,2,14,12.0,
,,,,2,14,12.0,
,,,,1,14,15.0,8.0
,,,,2,14,12.0,
,,,-88.0,1,14,12.0,5.0
,,,,2,14,10.0,
,,,214296.0,2,14,9.0,
,,,214296.0,1,14,9.0,
550000.0,,,,2,14,17.0,2.0
500000.0,,,,1,14,12.0,8.0
,,,270000.0,1,14,15.0,6.0
,,,214296.0,2,14,14.0,
,,,,2,14,12.0,
550000.0,,,,1,14,12.0,8.0
,,,,1,14,11.0,
,,,,2,14,,
900000.0,,,,2,14,13.0,2.0
800000.0,,,,1,14,15.0,8.0
,,,,1,14,,
,,,,2,14,,
470000.0,,,269600.0,1,14,7.0,5.0
433000.0,,,,1,14,12.0,7.0
433000.0,,,,1,14,12.0,7.0
,,,,2,14,12.0,
0.0,,,,1,14,12.0,8.0
,,,,2,14,12.0,
,,,,2,14,10.0,
,,,,2,14,,
,,,,2,14,,
,,,,2,14,,
,,,,2,14,,
550000.0,,,325000.0,1,14,9.0,9.0
,,,,2,14,17.0,3.0
1000000.0,,,,2,14,17.0,2.0
,,,,1,14,17.0,2.0
,,,214296.0,2,14,12.0,
1500000.0,,,,1,14,23.0,2.0
,,,,2,14,19.0,
,,,,2,14,,
,,,,2,14,,
,,,,1,14,,
,,,382999.0,1,14,6.0,
700000.0,,,,1,14,9.0,8.0
550000.0,,,,2,14,8.0,5.0
,,,330000.0,2,14,10.0,
,,,,1,14,17.0,2.0
,,,700000.0,1,14,18.0,
,,,214296.0,2,14,14.0,
500000.0,,,,1,14,12.0,4.0
500000.0,,,,2,14,12.0,4.0
,,,,1,14,17.0,5.0
,,,,2,14,17.0,3.0
,,,,1,14,,
,,,,2,14,14.0,
250000.0,,,,2,14,11.0,5.0
500000.0,,,,1,14,3.0,7.0
,,,,2,14,10.0,
700000.0,,,,1,14,12.0,0.0
700000.0,,,,2,14,14.0,0.0
450000.0,,,,2,14,12.0,5.0
400000.0,,,214296.0,1,14,9.0,9.0
,,,,1,14,11.0,7.0
,,,,1,14,,
,,,,1,14,,
300000.0,,,,2,14,12.0,5.0
,,21243.0,,1,14,,
100000.0,,,,2,14,8.0,9.0
900000.0,,,,1,14,9.0,9.0
,,21243.0,,2,14,,
,,21243.0,,1,14,,
,,21243.0,,2,14,9.0,
,,21243.0,,1,14,,
,,,,1,14,12.0,7.0
500000.0,,,,2,14,12.0,5.0
700000.0,,,,1,14,12.0,5.0
,,,,2,14,15.0,
,,,400000.0,2,14,9.0,
,,,,2,14,4.0,
550000.0,,,300000.0,1,14,12.0,5.0
,,,,2,14,12.0,9.0
375000.0,,,280000.0,1,14,12.0,5.0
600000.0,,,,2,14,12.0,6.0
580000.0,,,,1,14,12.0,6.0
,,,110000.0,2,14,13.0,
,,,,2,14,8.0,
5500000.0,,,,2,14,23.0,1.0
,,,,2,14,16.0,
1000000.0,,,,1,14,16.0,3.0
,,,,2,14,,
565000.0,,,,1,14,13.0,5.0
,,,,2,14,12.0,
,,,,1,14,16.0,8.0
,,,,2,14,,
,,,,2,14,10.0,
,,,,1,14,17.0,
850000.0,,,,2,14,17.0,2.0
,,,,1,14,,
,,,,2,14,15.0,
,,,,2,14,13.0,
,,,,2,14,,
1700000.0,,,,1,14,17.0,2.0
,,,,2,14,14.0,9.0
,,,,1,14,16.0,2.0
,,,,1,14,12.0,
1900000.0,,,,2,14,18.0,2.0
,,,,1,14,17.0,6.0
,,,,1,14,,
,,,,2,14,13.0,
,,,,2,14,12.0,
800000.0,,,,1,14,15.0,7.0
,,,,2,14,14.0,
,,21243.0,,1,14,12.0,
,,21243.0,,1,14,,
,,,,2,14,12.0,9.0
,,,,1,14,9.0,8.0
,,,,2,14,7.0,
1600000.0,,,,2,14,20.0,2.0
,,,,1,14,10.0,
,,,,2,14,12.0,
,,21243.0,,1,14,,
,,21243.0,,1,14,,
,,,,2,14,12.0,5.0
,,,,2,14,12.0,
600000.0,,,,1,14,12.0,7.0
,,,400000.0,2,14,3.0,
,,,214296.0,1,14,5.0,
,,,214296.0,2,14,4.0,
600000.0,,,,1,14,12.0,5.0
600000.0,,,,2,14,16.0,2.0
,,,,1,14,,
375000.0,,,,2,14,12.0,5.0
,,,,1,14,12.0,
,,,,1,14,8.0,
,,,,2,14,11.0,
,,,214296.0,1,14,11.0,
,,,,1,14,10.0,
650000.0,,,,2,14,12.0,5.0
,,,,1,14,12.0,7.0
,,21243.0,,1,14,,
,,21243.0,,1,14,,
600000.0,,,,1,14,12.0,8.0
,,,,2,14,12.0,
,,,,2,14,,
1164000.0,,,,1,14,12.0,4.0
900000.0,,,,2,14,16.0,3.0
,,,,1,14,,
,,,,2,14,,
,,,,1,14,,
,,,214296.0,1,14,9.0,
,,,,1,14,8.0,
,,,,2,14,6.0,5.0
,,,,1,14,11.0,
,,,,2,14,12.0,5.0
,,21243.0,,2,14,,
,,,,2,14,13.0,1.0
,,,,2,14,2.0,
,,,240000.0,1,14,7.0,
,,,,2,14,6.0,
,,,,2,14,12.0,
,,,,2,14,12.0,
,,,,2,14,12.0,
,,21243.0,,2,14,,
,,21243.0,,2,14,,
,,,,2,14,9.0,
,,21243.0,,1,14,,
,,,,2,14,,
900000.0,,,,1,14,15.0,3.0
2500000.0,,,,2,14,17.0,2.0
,,,300000.0,1,14,6.0,
,,,,2,14,14.0,
,,,,1,14,17.0,
,,,1200000.0,1,14,18.0,
650000.0,,,,1,14,15.0,3.0
1200000.0,,,,2,14,17.0,2.0
,,,,1,14,16.0,1.0
,,,950000.0,1,14,12.0,
,,,,2,14,8.0,7.0
,,,,1,14,12.0,7.0
,,,,2,14,17.0,
,,,,1,14,12.0,
,,,,2,14,12.0,
,,,,2,14,17.0,5.0
,,21243.0,,1,14,,
,,,600000.0,1,14,12.0,
,,,,2,14,12.0,
,,,,1,14,15.0,
,,,,2,14,15.0,
,,21243.0,,2,14,10.0,
500000.0,,,,1,14,15.0,7.0
,,,,2,14,8.0,
,,,,1,14,11.0,
,,21243.0,,1,14,11.0,
,,21243.0,,1,14,,
,,,464296.0,1,14,12.0,
,,,214296.0,2,14,8.0,
500000.0,,,,2,14,17.0,2.0
300000.0,,,,1,14,15.0,3.0
,,,,2,14,13.0,
,,,,2,14,,
650000.0,,,,2,14,12.0,9.0
,,21243.0,,1,14,12.0,
,,,360000.0,2,14,12.0,
450000.0,,,,2,14,15.0,5.0
2620000.0,,,,1,14,17.0,1.0
,,,,2,14,16.0,
,,,,1,14,,
,,,,1,14,12.0,
,,,214296.0,2,14,6.0,
,,,214296.0,1,14,8.0,
1250000.0,,,,1,14,12.0,7.0
,,,,2,14,12.0,
,,,,2,14,,
,,,,1,14,,
,,,,2,14,11.0,7.0
,,,,1,14,12.0,7.0
,,,,1,14,12.0,6.0
,,,210000.0,1,14,8.0,
,,,,2,14,12.0,
,,,,2,14,6.0,
,,,,2,14,8.0,5.0
390000.0,,,,1,14,9.0,3.0
,,,,1,14,6.0,
,,,,2,14,6.0,
400000.0,,,,2,14,15.0,3.0
900000.0,,,,1,14,12.0,3.0
,,,,1,14,16.0,8.0
70000.0,,,,2,14,6.0,9.0
800000.0,,,,1,14,6.0,7.0
0.0,,,,2,14,12.0,2.0
,,,,1,14,,
,,,,1,14,,
,,,,2,14,2.0,
600000.0,,,,1,14,8.0,1.0
,,,,1,14,17.0,2.0
,,,,2,14,10.0,
,,,,2,14,13.0,
700000.0,,,,2,14,15.0,4.0
,,,,1,14,16.0,1.0
1600000.0,,,,2,14,17.0,2.0
,,,,2,14,,
,,,,1,14,,
,,,420000.0,2,14,12.0,
,,,214296.0,2,14,9.0,
,,,234000.0,1,14,6.0,
420000.0,,,,1,14,15.0,5.0
,,,,1,14,12.0,8.0
500000.0,,,,2,14,12.0,9.0
,,,,1,14,6.0,7.0
,,,,2,14,6.0,
,,,,1,14,11.0,7.0
,,,,1,14,12.0,
,,,,2,14,8.0,
,630000.0,,214296.0,1,14,8.0,
,,,,1,14,9.0,
500000.0,,,,2,14,12.0,5.0
,,,,1,14,,
540000.0,,,,2,14,12.0,3.0
,,,214296.0,2,14,6.0,
,,,,1,14,,
,,,,1,14,9.0,
,,,,1,14,12.0,5.0
,,,214296.0,1,14,6.0,9.0
,,,,2,14,12.0,
,,21243.0,,2,14,,
,,21243.0,,2,14,,
,,21243.0,,1,14,,
,,,330000.0,1,14,12.0,8.0
,,,,2,14,6.0,
,,,760000.0,1,14,16.0,
,,,225000.0,2,14,17.0,
,,,335000.0,2,14,19.0,
,,,,1,14,15.0,
,,,,1,14,12.0,7.0
1300000.0,,,,2,14,17.0,2.0
,,,,1,14,,
,,,,1,14,10.0,
350000.0,,,,2,14,13.0,5.0
,,,,1,14,12.0,9.0
,,,240000.0,1,14,10.0,
,,,210000.0,2,14,6.0,
500000.0,,,,1,14,8.0,8.0
700000.0,,,,2,14,12.0,3.0
180000.0,,,,1,14,5.0,7.0
,,,,2,14,6.0,
,,,,2,14,12.0,3.0
,,,,2,14,,
,,,,2,14,,
,,,,1,14,,
,,,,1,14,,
1500000.0,,,,2,14,15.0,3.0
2000000.0,,,,1,14,16.0,1.0
,,,214296.0,1,14,5.0,
,,,400000.0,2,14,5.0,
,,,,2,14,8.0,5.0
,50000.0,,214296.0,1,14,9.0,5.0
,,,,2,14,16.0,
1200000.0,,,,2,14,17.0,2.0
,,,214296.0,2,14,6.0,
,,,,1,14,15.0,7.0
,,,,2,14,8.0,
,,,218000.0,2,14,9.0,
,,,,1,14,3.0,
,,,200000.0,1,14,0.0,
,,,100000.0,2,14,4.0,
,,,214296.0,1,14,6.0,
500000.0,,,,1,14,8.0,7.0
500000.0,,,,2,14,12.0,5.0
,,,,2,14,,
,,,,2,14,8.0,
500000.0,,,,1,14,8.0,9.0
,,,214296.0,1,14,2.0,
,,,,2,14,17.0,
500000.0,,,,1,14,12.0,6.0
,,21243.0,,1,14,,
,,,,2,14,8.0,
,,,,1,14,,
,,,214296.0,2,14,8.0,
,,,214296.0,1,14,8.0,
,,,,2,14,6.0,
400000.0,,,,1,14,7.0,6.0
,,,,2,14,11.0,
,,,,1,14,,
,,,,1,14,6.0,
500000.0,,,,1,14,12.0,9.0
470000.0,,,,2,14,14.0,5.0
,,,214296.0,1,14,3.0,
,,,,2,14,14.0,
,,,,2,14,,
,,,,2,14,,
150000.0,,,,1,14,10.0,7.0
,,,,2,14,12.0,6.0
,,,,1,14,,
,,,,1,14,,
,,,,1,14,,
,,,,2,14,12.0,
,,,350000.0,1,14,12.0,
,,,,2,14,8.0,
,,,220000.0,1,14,10.0,
,,,,1,14,8.0,
500000.0,,,,2,14,12.0,5.0
,,,,2,14,14.0,
,,,,1,14,2.0,
,,,,2,14,8.0,
,,,,2,14,12.0,
500000.0,,,,1,14,8.0,8.0
,,,214296.0,2,14,7.0,5.0
,,,214296.0,1,14,7.0,
,,,,1,14,26.0,2.0
1000000.0,,,,2,14,17.0,2.0
,,,,2,14,,
,,,,1,14,,
,,,,2,14,12.0,
480000.0,,,,1,14,12.0,8.0
,,21243.0,,1,14,,
500000.0,,,,2,14,14.0,9.0
,,,,2,14,14.0,
,,,,2,14,8.0,
1000000.0,,,,2,14,16.0,2.0
,,,,1,14,12.0,
580000.0,,,,1,14,14.0,4.0
500000.0,,,,2,14,12.0,9.0
600000.0,,,,1,14,12.0,5.0
,,,,1,14,,
,,,,1,14,9.0,5.0
,,,,2,14,5.0,
500000.0,,,,2,14,8.0,9.0
,,,,1,14,10.0,
,,,,1,14,9.0,
,,,214294.0,1,14,12.0,
850000.0,,,,2,14,12.0,3.0
,,,,1,14,19.0,
500000.0,,,,2,14,12.0,5.0
,,,950000.0,1,14,21.0,
,,,400000.0,1,14,8.0,
500000.0,,,,2,14,17.0,5.0
600000.0,,,,1,14,12.0,8.0
,,,,2,14,,
,,,,2,14,,
,,,,2,14,17.0,2.0
150000.0,,,,1,14,17.0,2.0
500000.0,,,,2,14,12.0,9.0
,,,,2,14,7.0,
,,,365000.0,1,14,3.0,
,,,225000.0,2,14,11.0,
500300.0,,,,2,14,15.0,9.0
500000.0,,,,1,14,12.0,9.0
,,,,1,14,8.0,
,,,,1,14,,
,,,214296.0,2,14,5.0,
500000.0,,,300000.0,1,14,7.0,8.0
600000.0,,,,1,14,15.0,8.0
,,,,2,14,15.0,
,,,190000.0,2,14,4.0,
,,,,2,14,11.0,
,,,,1,14,12.0,7.0
,,,,2,14,,
700000.0,,,,2,14,15.0,4.0
,,,,1,14,15.0,
,,,,2,14,,
,,,,2,14,7.0,
,,,1600000.0,1,14,21.0,1.0
,,,,2,14,10.0,1.0
480000.0,,,380000.0,1,14,2.0,6.0
,,,,1,14,16.0,
1000000.0,,,,2,14,16.0,5.0
,,,,1,14,12.0,7.0
,,,,2,14,12.0,
,,,,2,14,12.0,
,,,,2,14,11.0,
1400000.0,,,,1,14,15.0,0.0
,,,,1,14,17.0,5.0
700000.0,,,,2,14,13.0,3.0
,,,,2,14,,
,,,214296.0,1,14,6.0,
,,,214296.0,2,14,9.0,
,,,,2,14,12.0,
,,,250000.0,1,14,10.0,
,,,,1,14,11.0,
,,,,2,14,,
,,,214296.0,2,14,1.0,
,,,,2,14,12.0,
,,,,1,14,12.0,7.0
,,21243.0,,2,14,,
,,,,1,14,12.0,7.0
500000.0,,,,2,14,8.0,9.0
,,,,1,14,17.0,
,,,,2,14,4.0,5.0
,,,,1,14,12.0,
,,,214296.0,2,14,12.0,
500000.0,,,,1,14,15.0,3.0
,,,,2,14,6.0,5.0
,,,400000.0,1,14,10.0,
500000.0,,,,2,14,12.0,6.0
,,,,2,14,,
900000.0,,,,1,14,10.0,7.0
250000.0,,,,2,14,8.0,9.0
,,,,1,14,10.0,
,,,,2,14,12.0,
,,,,2,14,10.0,
,,,,1,14,,
300000.0,,,300000.0,1,14,6.0,5.0
450000.0,,,,2,14,6.0,5.0
,,,,1,14,17.0,
,,,360000.0,2,14,15.0,
,,,466287.0,2,14,13.0,
,,,,2,14,9.0,
,,,411000.0,2,14,10.0,
270000.0,,,,2,14,4.0,9.0
,300000.0,,,2,14,12.0,
,,,,1,14,9.0,
,,,,1,14,,
,,,,1,14,,
,,,,1,14,12.0,1.0
,,,,2,14,8.0,
500000.0,,,,2,14,14.0,4.0
,,,,2,14,16.0,
,,,,2,14,13.0,
,,,,2,14,,
5000000.0,,,200000.0,1,14,17.0,2.0
,,,200000.0,1,14,17.0,
,,,,2,14,3.0,
400000.0,,,,1,14,4.0,6.0
300000.0,,,,1,14,12.0,7.0
,,21243.0,,2,14,,
750000.0,,,,1,14,14.0,8.0
,,,,2,14,12.0,
,,,,1,14,10.0,
,,,,2,14,,
1160000.0,,,,1,14,12.0,2.0
,,,,2,14,12.0,
,,,,1,14,,
,,,214296.0,2,14,12.0,
400000.0,,,,1,14,12.0,9.0
,,,214296.0,2,14,7.0,
,,,,2,14,13.0,
,,,,1,14,9.0,3.0
,,,250000.0,1,14,12.0,
,410000.0,,,2,14,15.0,
,,,,1,14,17.0,
,,,,1,14,17.0,
,,,,1,14,12.0,
,,,264000.0,1,14,8.0,
,,,,1,14,13.0,
,,,214296.0,2,14,3.0,
,,,,1,14,13.0,
,,,,2,14,12.0,
580000.0,,,,2,14,13.0,4.0
500000.0,,,,2,14,15.0,3.0
,,,,1,14,,
,,,,2,14,13.0,5.0
550000.0,,,,2,14,12.0,3.0
200000.0,,,,1,14,18.0,2.0
,,,,1,14,14.0,
,,,,2,14,12.0,
,,,345000.0,1,14,10.0,8.0
,,,,1,14,12.0,
,,,,1,14,17.0,8.0
2500000.0,,,,1,14,21.0,2.0
,,,,2,14,15.0,
1000000.0,,,,1,14,12.0,5.0
1000000.0,,,,2,14,17.0,3.0
,80000.0,,,1,14,16.0,
,,,,1,14,10.0,8.0
,,,,2,14,12.0,
,,,,1,14,15.0,
,,,,2,14,12.0,
,,,,1,14,10.0,8.0
-88.0,,,,1,14,17.0,2.0
,80000.0,,,2,14,12.0,
,,,180000.0,1,14,10.0,
,,,180000.0,1,14,4.0,
,,,,2,14,17.0,
,,,,2,14,8.0,9.0
,,,,2,14,,
,,,214296.0,2,14,,
,,,214000.0,1,14,6.0,
600000.0,,,,2,14,12.0,5.0
,,,,1,14,12.0,5.0
560000.0,,,,1,14,12.0,8.0
,,,,1,14,8.0,
,,,,2,14,14.0,5.0
,,,,1,14,13.0,1.0
,,,,2,14,12.0,5.0
,,,,1,14,,
,,,,2,14,,
500000.0,,,,2,14,12.0,9.0
,,,252000.0,1,14,6.0,5.0
,,,,2,14,7.0,
,,,210000.0,1,14,2.0,
,,,,2,14,12.0,
,,,,2,14,,
,,,,2,14,,
,,,223000.0,2,14,8.0,
,,,180000.0,1,14,9.0,
,,,200000.0,2,14,8.0,
500000.0,,,,2,14,12.0,5.0
,,,,2,14,,
,,,231000.0,2,14,3.0,
,,,,1,14,0.0,
460000.0,,,,1,14,12.0,5.0
,,,214296.0,2,14,0.0,
,30000.0,,,1,14,12.0,
,,,,2,14,12.0,5.0
,,,,1,14,10.0,
520000.0,,,,2,14,16.0,5.0
,,,,2,14,12.0,
,,,,2,14,8.0,5.0
,,,,2,14,10.0,
,,21243.0,,2,14,,
,,,,1,14,11.0,
,,21243.0,,2,14,,
700000.0,,,,2,14,16.0,2.0
430000.0,,,,1,14,12.0,5.0
,,,,2,14,15.0,5.0
,,,,2,14,16.0,2.0
,,,,2,14,,
240000.0,,,,2,14,12.0,9.0
,,,,2,14,15.0,
,,,,2,14,,
450000.0,,,,2,14,12.0,9.0
,,,,1,14,12.0,5.0
340000.0,,,,1,14,12.0,9.0
500000.0,,,,2,14,12.0,5.0
,,,214296.0,2,14,8.0,
,,,,2,14,13.0,
,,,400000.0,2,14,2.0,
,,,214296.0,1,14,2.0,
,,,200000.0,2,14,4.0,
500000.0,,,,2,14,13.0,4.0
,,,,2,14,14.0,
,,,,1,14,13.0,7.0
,,,214000.0,2,14,1.0,
,,,250000.0,1,14,12.0,
,,,,1,14,12.0,9.0
,,,214296.0,2,14,10.0,
,,,850000.0,1,14,17.0,
,,,,1,14,17.0,1.0
,127000.0,,,2,14,13.0,
,,,,2,14,17.0,2.0
450000.0,,,360000.0,1,14,11.0,3.0
1000000.0,,,,1,14,15.0,5.0
800000.0,,,,1,14,13.0,5.0
800000.0,,,,1,14,12.0,5.0
,,,,1,14,,
,,,,2,14,,
,,,214296.0,2,14,8.0,
1000000.0,,,,2,14,17.0,2.0
,,,,1,14,,
700000.0,,,,1,14,14.0,4.0
0.0,,,,2,14,12.0,3.0
,,,,2,14,15.0,
,,,,2,14,9.0,
,,,,2,14,16.0,
460000.0,,,,2,14,11.0,9.0
,,,,2,14,13.0,
,,21243.0,,2,14,10.0,
0.0,,,,1,14,13.0,5.0
600000.0,,,,1,14,12.0,8.0
360000.0,,,,2,14,10.0,9.0
70000.0,,,,2,14,14.0,5.0
,,,214296.0,2,14,6.0,
120000.0,,,,2,14,10.0,9.0
,,,,1,14,15.0,9.0
,,21243.0,,1,14,,
,,,,2,14,15.0,3.0
300000.0,,,,1,14,12.0,7.0
,,,,2,14,12.0,
,,,,2,14,,
,,,,1,14,,
,,,,1,14,12.0,7.0
,,,,1,14,15.0,8.0
1500000.0,,,,2,14,17.0,2.0
,,,,2,14,5.0,
500000.0,,,,1,14,3.0,5.0
350000.0,,,,1,14,14.0,2.0
500000.0,,,,2,14,12.0,3.0
,,,,2,14,12.0,
260000.0,,,,2,14,12.0,5.0
300000.0,,,,2,14,15.0,5.0
,,,,2,14,11.0,
,,,,2,14,,
,,,,1,14,17.0,
,,,,1,14,15.0,
,,,200000.0,2,14,19.0,2.0
,,,,1,14,19.0,1.0
,,,270000.0,2,14,15.0,
,,,,2,14,12.0,
,,,,1,14,17.0,9.0
,,,,1,14,16.0,2.0
,,,,2,14,6.0,
470000.0,,,,1,14,12.0,5.0
,,,,1,14,16.0,
,,,,2,14,13.0,9.0
,,,,2,14,,
,,,,2,14,,
,,,,2,14,,
980000.0,,,,2,14,12.0,5.0
250000.0,,,,1,14,15.0,9.0
550000.0,,,,2,14,17.0,4.0
-88.0,,,,1,14,17.0,1.0
-88.0,,,,2,14,15.0,5.0
1200000.0,,,,2,14,16.0,3.0
,,,,2,14,12.0,
525000.0,,,,1,14,12.0,7.0
600000.0,,,,2,14,12.0,5.0
,,,,2,14,0.0,
180000.0,,,,2,14,5.0,9.0
900000.0,,,,1,14,12.0,3.0
,,,,2,14,12.0,
300000.0,,,,1,14,13.0,9.0
,,,,1,14,13.0,
,,,250000.0,1,14,6.0,
,,,,2,14,12.0,
450000.0,,,,1,14,12.0,7.0
450000.0,,,,1,14,12.0,9.0
450000.0,,,,1,14,12.0,7.0
,,,400000.0,2,14,0.0,
500000.0,,,,1,14,15.0,4.0
,,,500000.0,1,14,2.0,
,,,,2,14,8.0,7.0
2500000.0,,,,1,14,17.0,2.0
570000.0,,,,2,14,14.0,3.0
,,,,2,14,16.0,
300000.0,,,,2,14,14.0,9.0
,,,,2,14,14.0,
,,,240000.0,1,14,9.0,
,,,214296.0,2,14,17.0,
,,,,2,14,12.0,
,,,,1,14,12.0,1.0
1400000.0,,,,2,14,16.0,2.0
200000.0,,,,1,14,15.0,9.0
,,,214596.0,2,14,12.0,
,,,,2,14,15.0,
,,,,2,14,,
,,,,1,14,,
,,,650000.0,2,14,16.0,
650000.0,,,,1,14,15.0,4.0
1200000.0,,,,2,14,18.0,2.0
,,,125000.0,2,14,14.0,
,,,,1,14,16.0,
,,,,2,14,16.0,
,,,214296.0,1,14,3.0,
,,,,2,14,7.0,
,,,,1,14,2.0,9.0
,,,,2,14,15.0,3.0
,,,,1,14,,
,,,,2,14,,
,,,,1,14,12.0,
500000.0,,,,1,14,12.0,7.0
,,,214296.0,2,14,6.0,
500000.0,,,,2,14,12.0,5.0
,,21243.0,,1,14,,
,,21243.0,,2,14,,
,,21243.0,,1,14,,
700000.0,,,,2,14,17.0,2.0
,,,214296.0,1,14,8.0,
,,,,1,14,12.0,9.0
300000.0,,,,2,14,11.0,9.0
,,21243.0,,2,14,,
,,21243.0,,2,14,,
570000.0,,,,1,14,7.0,6.0
,,,214296.0,2,14,7.0,
,,,,2,14,12.0,5.0
,,,200000.0,2,14,10.0,
,,,400000.0,2,14,10.0,
,,,300000.0,1,14,10.0,
-88.0,,,,1,14,12.0,5.0
,,,,2,14,11.0,8.0
,,,,2,14,15.0,
,,,,2,14,11.0,
625000.0,,,,1,14,17.0,2.0
720000.0,,,,2,14,17.0,3.0
,,,400000.0,1,14,12.0,
,,,,2,14,12.0,
,,,214296.0,2,14,6.0,
,,,300000.0,1,14,7.0,
,,,500000.0,2,14,10.0,
1500000.0,,,,1,14,17.0,2.0
600000.0,,,,1,14,12.0,3.0
,,,,2,14,17.0,2.0
,,,,1,14,,
630000.0,,,,2,14,12.0,5.0
,,,420000.0,1,14,10.0,
500000.0,,,,2,14,15.0,3.0
,,21243.0,,1,14,9.0,
,,,,2,14,16.0,
1500000.0,,,,1,14,17.0,1.0
,,,,1,14,,
,,,700000.0,1,14,18.0,
,,,,2,14,17.0,
,,,,1,14,0.0,
,,,,2,14,15.0,
500000.0,,,,1,14,8.0,7.0
160000.0,,,,2,14,15.0,9.0
160000.0,,,,2,14,8.0,9.0
,,,228000.0,2,14,1.0,
800000.0,,,,1,14,12.0,7.0
400000.0,,,,2,14,12.0,5.0
,,21243.0,,2,14,1.0,
,,21243.0,,1,14,,
1538000.0,,,,2,14,17.0,2.0
700000.0,,,,1,14,12.0,5.0
,,,,1,14,11.0,
,,,,2,14,,
540000.0,,,,2,14,15.0,3.0
,,,,1,14,8.0,7.0
160000.0,,,,2,14,13.0,5.0
,,,,1,14,11.0,
500000.0,,,,2,14,6.0,6.0
,,21243.0,,1,14,9.0,
,,21243.0,,1,14,,
400000.0,,,,2,14,17.0,4.0
,,,,1,14,0.0,
,,,,1,14,,
,,,,1,14,12.0,7.0
,,,214296.0,1,14,5.0,
,,,,2,14,5.0,
,,,,1,14,12.0,7.0
450000.0,,,,2,14,12.0,9.0
,,21243.0,,2,14,,
,,,,2,14,4.0,
,,,214296.0,1,14,1.0,
,,,214296.0,2,14,3.0,
,,,214296.0,1,14,4.0,
,,,,1,14,9.0,7.0
,,,,1,14,7.0,7.0
,,,,2,14,7.0,
,,,,2,14,8.0,9.0
,,,,1,14,5.0,7.0
,,21243.0,,1,14,,
,,,,2,14,7.0,
200000.0,,,,1,14,12.0,7.0
,,,,2,14,12.0,
,,,,1,14,,
,,,,1,14,,
600000.0,,,,1,14,12.0,0.0
480000.0,,,,2,14,11.0,3.0
,,,,1,14,16.0,
,,,,2,14,18.0,9.0
500000.0,,,276000.0,2,14,0.0,5.0
500000.0,,,,1,14,12.0,9.0
870000.0,,,,1,14,16.0,2.0
1000000.0,,,,2,14,21.0,2.0
,,,,1,14,,
,,,,2,14,,
,,,700000.0,2,14,16.0,
,,,,1,14,12.0,
,,,,1,14,12.0,
300000.0,,,,2,14,12.0,5.0
1800000.0,,,,1,14,18.0,2.0
1800000.0,,,,2,14,18.0,2.0
,,,,1,14,,
1300000.0,,,,2,14,17.0,2.0
1300000.0,,,,1,14,17.0,2.0
,,,,1,14,,
,,,,2,14,,
,,,900000.0,1,14,6.0,
,,,,2,14,5.0,
,,,,2,14,16.0,
,,,214296.0,1,14,3.0,
,,21243.0,,1,14,,
,,21243.0,,1,14,,
,,,,2,14,8.0,
500000.0,,,,1,14,3.0,9.0
,,,,2,14,15.0,
,,,250000.0,2,14,8.0,
,,,,1,14,0.0,9.0
,,,214296.0,2,14,0.0,
,,,82000.0,2,14,8.0,5.0
360000.0,,,,1,14,10.0,9.0
,,,,1,14,0.0,
,,,,2,14,13.0,
,,,,2,14,8.0,
,,,,1,14,9.0,
,,,,2,14,9.0,
,,,,1,14,,
,,,,2,14,,
,,,202559.0,2,14,6.0,
160000.0,,,,1,14,7.0,9.0
,,,,2,14,1.0,
375000.0,,,,1,14,6.0,8.0
,,,,2,14,8.0,
500000.0,,,,1,14,8.0,8.0
,,,,2,14,15.0,
,,,,2,14,,
50000.0,,,,2,14,12.0,9.0
,,,,1,14,12.0,5.0
,,,,2,14,17.0,5.0
700000.0,,,,2,14,15.0,3.0
700000.0,,,,2,14,15.0,3.0
,,,,1,14,,
,,,,2,14,0.0,9.0
500000.0,,,,1,14,,6.0
,,,,2,14,9.0,
1000000.0,,,,1,14,15.0,7.0
,,,,2,14,16.0,
,,,,2,14,,
,,,530000.0,2,14,4.0,
1000000.0,,,,2,14,17.0,2.0
880000.0,,,,2,14,15.0,3.0
702000.0,,,,1,14,12.0,9.0
,,,,1,14,,
,,,241296.0,1,14,12.0,
,,,241296.0,2,14,9.0,
500000.0,,,,1,14,11.0,7.0
1100000.0,,,,1,14,17.0,3.0
,,,,2,14,13.0,
,,,,2,14,,
,,,300000.0,2,14,15.0,
550000.0,,,,1,14,12.0,5.0
,,,,2,14,,
,,,,1,14,,
,,,,2,14,15.0,
1600000.0,,,,1,14,15.0,3.0
,,,,2,14,,
,,,,1,14,,
,,,,1,14,5.0,
,,,290000.0,1,14,11.0,
,,,210000.0,2,14,8.0,
550000.0,,,,2,14,12.0,8.0
,,,,1,14,12.0,
,,,400000.0,2,14,8.0,
,,,,2,14,4.0,
,,,,1,14,12.0,
,,,,1,14,12.0,5.0
400000.0,,,,2,14,12.0,9.0
1000000.0,,,,1,14,16.0,3.0
,,,,1,14,,
,,,,1,14,14.0,7.0
1000000.0,,,,2,14,17.0,2.0
,,,,1,14,16.0,
700000.0,,,,1,14,17.0,2.0
620000.0,,,,2,14,17.0,2.0
,,,,2,14,,
0.0,,,,1,14,14.0,3.0
,,,,2,14,10.0,
,,,,1,14,12.0,
,,,,2,14,14.0,
1400000.0,,,,2,14,16.0,2.0
,,,,1,14,,
,,,,1,14,,
2500000.0,,,,1,14,16.0,1.0
600000.0,,,,1,14,12.0,8.0
600000.0,,,,2,14,17.0,2.0
,,,,1,14,,
,,,,1,14,,
900000.0,,,,1,14,9.0,5.0
0.0,,,,1,14,12.0,8.0
146000.0,,,,2,14,3.0,9.0
,,,,1,14,10.0,
,,21243.0,,1,14,,
0.0,,,,2,14,12.0,9.0
,,,,1,14,8.0,
0.0,,21243.0,,1,14,10.0,9.0
,,,,2,14,11.0,
1100000.0,,,600000.0,1,14,8.0,1.0
240000.0,,,,2,14,15.0,9.0
,,21243.0,,1,14,10.0,
,,21243.0,,1,14,10.0,
,,,214000.0,2,14,12.0,
,,,214000.0,1,14,4.0,
2500000.0,,,,1,14,15.0,1.0
900000.0,,,,2,14,15.0,3.0
,,,,1,14,17.0,
,,,,1,14,14.0,
,,,,1,14,,
850000.0,,,,1,14,12.0,6.0
,,,214000.0,1,14,12.0,
,,,,2,14,3.0,
200000.0,,,,2,14,15.0,5.0
500000.0,,,,1,14,12.0,4.0
200000.0,,,,1,14,16.0,9.0
240000.0,,,,2,14,12.0,9.0
,,,,1,14,10.0,
,,,,2,14,,
,,,,1,14,,
,,,214296.0,2,14,14.0,
,,,214296.0,1,14,12.0,
,,,214296.0,2,14,6.0,
524000.0,,,,1,14,15.0,5.0
,524000.0,,214296.0,2,14,12.0,
,,,,2,14,16.0,
500000.0,,,,1,14,14.0,6.0
,,21243.0,,1,14,,
,,,,2,14,12.0,
,,21243.0,,2,14,,
,,21243.0,,2,14,,
,,21243.0,,2,14,,
,,,,2,14,12.0,8.0
800000.0,,,,2,14,17.0,3.0
1000000.0,,,,1,14,17.0,4.0
,,,,2,14,10.0,
,,,,1,14,15.0,7.0
,,21243.0,,1,14,,
0.0,,,,2,14,12.0,5.0
,,,,1,14,3.0,
520000.0,,,,2,14,12.0,9.0
470000.0,,,,1,14,12.0,9.0
500000.0,,,,2,14,12.0,5.0
,,,,1,14,12.0,7.0
,,,214296.0,2,14,3.0,
,,,480000.0,1,14,12.0,
,,,214296.0,2,14,4.0,
112500.0,,,,2,14,16.0,3.0
525000.0,,,,1,14,13.0,2.0
600000.0,,,,2,14,12.0,3.0
525000.0,,,,1,14,12.0,6.0
,,,,2,14,14.0,
500000.0,,,,1,14,12.0,7.0
,,21243.0,,1,14,,
,,21243.0,,1,14,,
,,21243.0,,1,14,,
,,,,2,14,12.0,
800000.0,,,,1,14,12.0,7.0
,,21243.0,,1,14,,
,,,,2,14,12.0,
180000.0,,,,2,14,13.0,5.0
,,,,2,14,15.0,
,,,214296.0,2,14,9.0,
,,,,2,14,12.0,5.0
,,,,1,14,,
,,,,1,14,,
,,,302000.0,2,14,5.0,
590000.0,,,100000.0,2,14,15.0,5.0
500000.0,,,,2,14,13.0,5.0
,,,,1,14,12.0,
,,,,2,14,11.0,
,,,,2,14,,
,,,200000.0,2,14,,
420000.0,,,,2,14,12.0,9.0
900000.0,,,,1,14,14.0,6.0
,,,,2,14,17.0,5.0
,,,214000.0,2,14,10.0,7.0
1700000.0,,,1520000.0,1,14,15.0,3.0
1800000.0,,,,2,14,17.0,2.0
,,,,2,14,17.0,
500000.0,,,,1,14,14.0,5.0
1400000.0,,,,2,14,19.0,2.0
,,,,1,14,,
,,,,1,14,16.0,
600000.0,,,,1,14,14.0,2.0
,,,400000.0,2,14,12.0,
,,,,2,14,15.0,7.0
650000.0,,,,1,14,13.0,7.0
,,,,1,14,12.0,
,,,,2,14,12.0,
,,,,1,14,12.0,7.0
,,,,1,14,12.0,9.0
550000.0,,,300000.0,2,14,11.0,4.0
470000.0,,,,1,14,4.0,7.0
550000.0,,,,2,14,12.0,5.0
500000.0,,,,2,14,12.0,5.0
500000.0,,,,1,14,12.0,5.0
,,,,2,14,12.0,
,,,,2,14,,
,,,,1,14,,
150000.0,,,,1,14,14.0,7.0
,,,,1,14,14.0,
1200000.0,,,,1,14,16.0,3.0
,,,,1,14,,
1400000.0,,,,2,14,16.0,2.0
550000.0,,,,1,14,16.0,9.0
660000.0,,,,2,14,20.0,2.0
680000.0,,,,1,14,17.0,5.0
900000.0,,,,2,14,16.0,2.0
,,,200000.0,2,14,8.0,
,,,,2,14,,
780000.0,,,199000.0,2,14,15.0,3.0
1200000.0,,,,2,14,15.0,3.0
,,,,2,14,12.0,
,,,,1,14,11.0,
,,21243.0,,2,14,,
,,,,2,14,,
540000.0,,,,2,14,15.0,3.0
550000.0,,,,1,14,9.0,9.0
,,21243.0,,2,14,,
,,,,1,14,12.0,8.0
675000.0,,,,2,14,17.0,2.0
,,,214296.0,2,14,3.0,
120000.0,,,100000.0,2,14,12.0,5.0
0.0,,,,1,14,15.0,4.0
,,,,2,14,17.0,2.0
,,,1110000.0,2,14,17.0,
2800000.0,,,,2,14,20.0,1.0
2800000.0,,,,1,14,24.0,2.0
,,,,1,14,11.0,
,250000.0,,,2,14,13.0,
,,,,2,14,17.0,
1200000.0,,,,2,14,19.0,2.0
,,,1640000.0,1,14,15.0,
-88.0,,,,1,14,17.0,2.0
0.0,,,,2,14,17.0,2.0
,,,300000.0,2,14,12.0,
414000.0,,,,2,14,3.0,9.0
,,,,2,14,15.0,
900000.0,,,,1,14,14.0,2.0
300000.0,,,,1,14,15.0,5.0
820000.0,,,,2,14,15.0,2.0
,,,415000.0,1,14,6.0,
,,,,2,14,17.0,3.0
,,,,2,14,15.0,
,,,,2,14,12.0,
,,,,2,14,13.0,
1000000.0,,,,2,14,17.0,2.0
480000.0,,,,2,14,13.0,5.0
,,,214296.0,1,14,4.0,
,,,,1,14,,
380000.0,,,,2,14,10.0,9.0
600000.0,,,,1,14,12.0,9.0
-88.0,,,,2,14,13.0,5.0
,,,,1,14,9.0,
,,,,2,14,,
,,,,1,14,,
657000.0,,,,2,14,17.0,2.0
,,,,1,14,13.0,2.0
,,,50000.0,2,14,12.0,
1500000.0,,,600000.0,2,14,15.0,2.0
,,,400000.0,2,14,2.0,
,,,,1,14,13.0,5.0
320000.0,,,,2,14,12.0,5.0
,,,,1,14,,
,,,,1,14,,
,,,,2,14,12.0,
,,,,1,14,12.0,
,,,,1,14,,
,,,360000.0,1,14,8.0,7.0
,,,,1,14,10.0,
,,,,2,14,,
450000.0,,,280000.0,2,14,8.0,9.0
,,,,1,14,12.0,7.0
420000.0,,,,2,14,15.0,5.0
,,,,1,14,3.0,
800000.0,,,,1,14,10.0,8.0
,,,,1,14,8.0,9.0
580000.0,,,,1,14,8.0,7.0
,,,,2,14,12.0,
,,,,2,14,12.0,
,,,,2,14,,
,,,,1,14,,
410000.0,,,,1,14,9.0,9.0
,,,,2,14,1.0,
,,,,1,14,,
506000.0,,,,2,14,8.0,9.0
790000.0,,,,1,14,12.0,5.0
,,,,2,14,12.0,
,,,,2,14,,
,,,,2,14,17.0,
,,,,2,14,13.0,
,,,,2,14,,
400000.0,,,,2,14,15.0,3.0
,,,,1,14,11.0,
-88.0,,,,1,14,6.0,6.0
,,,,2,14,12.0,
,,,,1,14,10.0,
,,,,2,14,12.0,
500000.0,,,,1,14,12.0,8.0
,,,,1,14,,
,,,,1,14,12.0,8.0
,,,,2,14,12.0,5.0
,,,,1,14,12.0,8.0
480000.0,,,193000.0,2,14,8.0,5.0
,,,,1,14,5.0,5.0
500000.0,,,,2,14,12.0,9.0
,,,,1,14,13.0,
,,,,1,14,8.0,8.0
,,,,1,14,9.0,
60000.0,,,,2,14,12.0,9.0
,,,,1,14,12.0,
,,,,1,14,,
,,,,2,14,12.0,1.0
,,,,1,14,6.0,5.0
400000.0,,,,2,14,12.0,5.0
,,,,2,14,,
,,,,1,14,1.0,9.0
500000.0,,,,1,14,10.0,6.0
,,21243.0,,1,14,,
,,,,2,14,10.0,
100000.0,,,200000.0,2,14,4.0,9.0
,,,,2,14,12.0,1.0
600000.0,,,,1,14,10.0,8.0
600000.0,,,,2,14,15.0,3.0
,,,,2,14,13.0,
,,,,1,14,10.0,7.0
500000.0,,,,1,14,8.0,9.0
,,,,2,14,,
700000.0,,,,1,14,9.0,6.0
,,,,2,14,12.0,
,,,,1,14,13.0,
,,21243.0,,1,14,10.0,
,,21243.0,,2,14,,
,,,,2,14,10.0,
500000.0,,,,1,14,8.0,8.0
,,21243.0,,2,14,,
,,,,1,14,14.0,8.0
400000.0,,,,2,14,12.0,9.0
,,21243.0,,2,14,,
,,,,1,14,,
500000.0,,,,1,14,12.0,9.0
550000.0,,,,1,14,12.0,9.0
400000.0,,,,2,14,12.0,5.0
260000.0,,,,2,14,12.0,9.0
,,,,2,14,12.0,
,,21243.0,,2,14,,
480000.0,,,,1,14,13.0,8.0
,,,,2,14,0.0,
,,,,1,14,2.0,
,,,,2,14,5.0,9.0
,,,,2,14,9.0,5.0
,,,,1,14,11.0,
,,,,2,14,11.0,
,,,,2,14,,
,,,420000.0,1,14,0.0,
,,,420000.0,2,14,0.0,
300000.0,,,,2,14,15.0,3.0
500000.0,,,,1,14,12.0,5.0
,,,,1,14,15.0,
,,,,1,14,,
,,,,2,14,13.0,
,,,,2,14,8.0,
,,,,1,14,6.0,
495000.0,,,,2,14,12.0,9.0
2000000.0,,,,1,14,17.0,2.0
1000000.0,,,,2,14,15.0,3.0
,,,,1,14,17.0,
1100000.0,,,,1,14,12.0,5.0
800000.0,,,,2,14,17.0,5.0
,,,,2,14,,
,,,,1,14,,
,,,,1,14,12.0,7.0
,,,,2,14,12.0,
700000.0,,,,1,14,15.0,8.0
,,,,2,14,17.0,
500000.0,,,,1,14,16.0,4.0
,,21243.0,,1,14,11.0,
,,21243.0,,2,14,9.0,
,,,,1,14,,
500000.0,,,400000.0,1,14,12.0,5.0
,,,,2,14,12.0,
,,,,2,14,12.0,
,,,,2,14,12.0,
,,,,2,14,15.0,
700000.0,,,,1,14,12.0,7.0
,,,,2,14,11.0,
,,,,2,14,12.0,
612000.0,,,,2,14,17.0,2.0
,,,,1,14,17.0,6.0
,,,,2,14,17.0,
,,,,1,14,17.0,9.0
1500000.0,,,,1,14,19.0,2.0
,,,,1,14,17.0,5.0
,,,,2,14,17.0,
,,,,1,14,17.0,2.0
400000.0,,,,2,14,8.0,5.0
,,,,2,14,15.0,
450000.0,,,,1,14,11.0,5.0
,,,,1,14,9.0,
1300000.0,,,,2,14,17.0,2.0
550000.0,,,,1,14,15.0,3.0
,,,,1,14,,
1900000.0,,,,2,14,13.0,2.0
1600000.0,,,,1,14,17.0,3.0
,,,,1,14,,
,,,,1,14,,
1400000.0,,,,2,14,17.0,2.0
1700000.0,,,,1,14,20.0,2.0
,,,,2,14,,
,,,,2,14,,
970000.0,,,,2,14,17.0,2.0
,,,104000.0,2,14,3.0,
-88.0,,,,2,14,12.0,9.0
,,,,1,14,11.0,
,,,,1,14,9.0,
,,,,1,14,,
-88.0,,,,2,14,19.0,2.0
,,,214296.0,2,14,8.0,
,,,,2,14,14.0,
,,,,1,14,,
1500000.0,,,,1,14,21.0,2.0
1500000.0,,,,2,14,19.0,2.0
,,,,2,14,13.0,
,,,,2,14,,
,,,,2,14,17.0,1.0
1400000.0,,,,2,14,17.0,2.0
1200000.0,,,,2,14,17.0,2.0
,,,200000.0,2,14,11.0,
,,,,1,14,12.0,
,,,,1,14,,
2500000.0,,,,1,14,18.0,3.0
1600000.0,,,,2,14,18.0,2.0
,,,,1,14,,
,,,,2,14,,
,,,214296.0,2,14,2.0,
,,,,1,14,8.0,
,,,214296.0,2,14,4.0,
,,,214296.0,1,14,4.0,
,,,214000.0,2,14,11.0,7.0
,,,,1,14,3.0,7.0
,,,,1,14,12.0,6.0
500000.0,,,,1,14,10.0,6.0
,,,,2,14,8.0,
,,21243.0,,1,14,9.0,
,,,,1,14,12.0,9.0
,,,215000.0,1,14,4.0,7.0
,,,,2,14,10.0,
500000.0,,,,1,14,8.0,6.0
,,,,2,14,9.0,
800000.0,,,,1,14,12.0,1.0
,,,,2,14,12.0,5.0
,,,,2,14,,
,,,,2,14,,
500000.0,,,,1,14,8.0,6.0
,,,,2,14,12.0,
,,21243.0,,1,14,,
530000.0,,,,1,14,2.0,9.0
,,,280000.0,2,14,15.0,
,,,,1,14,21.0,2.0
500000.0,,,,1,14,16.0,5.0
,,,,2,14,8.0,
,,,290413.0,1,14,3.0,
,,,224000.0,2,14,3.0,
,,,,2,14,12.0,
,,,,2,14,14.0,
500000.0,,,,2,14,12.0,9.0
,,,,1,14,8.0,9.0
,,,,2,14,12.0,4.0
,,,,2,14,13.0,4.0
,,21243.0,,1,14,,
290000.0,,,,2,14,15.0,3.0
,,,,2,14,11.0,
,,,,2,14,,
,,,,2,14,8.0,9.0
,,,214296.0,2,14,4.0,
108000.0,,,,2,14,3.0,9.0
,,,,2,14,,
,,,,2,14,9.0,
,,,214296.0,1,14,3.0,
,,,214296.0,2,14,2.0,
400000.0,,,,1,14,14.0,7.0
,,,214300.0,1,14,10.0,
,,,214300.0,2,14,1.0,
,,,260000.0,1,14,1.0,
,,,,2,14,9.0,
,,,,2,14,,
,,,340000.0,1,14,3.0,
,,,,2,14,13.0,
180000.0,,,,2,14,15.0,9.0
,,,214296.0,2,14,4.0,
,,,,1,14,12.0,
,,,,2,14,3.0,
384000.0,,,,2,14,9.0,5.0
,,,,2,14,11.0,
,,,,1,14,,
440000.0,,,,2,14,6.0,9.0
300000.0,,,,2,14,14.0,9.0
,,,,1,14,,
600000.0,,,,1,14,8.0,7.0
460000.0,,,,2,14,8.0,7.0
,,,,2,14,12.0,
,,,,2,14,12.0,
1200000.0,,,,2,14,16.0,2.0
,,,,1,14,,
,,,,2,14,,
,,,,1,14,17.0,3.0
,,,,2,14,16.0,
,,,,1,14,,
500000.0,,,,1,14,8.0,9.0
,,,,2,14,12.0,
,,,,1,14,12.0,7.0
,,,,1,14,,
700000.0,,,,1,14,12.0,8.0
404000.0,,,,2,14,12.0,5.0
500000.0,,,,1,14,12.0,5.0
,,,,1,14,17.0,
,,,,1,14,8.0,1.0
,,,,2,14,12.0,
700000.0,,,,2,14,12.0,5.0
845000.0,,,,1,14,12.0,6.0
,,,,1,14,,
,,,,2,14,,
,,,,2,14,,
,,,,1,14,,
,,,,2,14,12.0,5.0
700000.0,,,,1,14,12.0,7.0
,,,,2,14,,
,,,214296.0,1,14,8.0,
,,,214296.0,2,14,8.0,
720000.0,,,,2,14,12.0,2.0
,,,,2,14,13.0,
,,,,2,14,6.0,
850000.0,,,,1,14,17.0,2.0
,,,,2,14,14.0,
,,,,1,14,12.0,
500000.0,,,,1,14,12.0,6.0
500000.0,,,,2,14,11.0,5.0
560000.0,,,,1,14,12.0,8.0
,,,,1,14,,
,,,,1,14,9.0,
500000.0,,,,2,14,11.0,9.0
,,,214296.0,2,14,8.0,
450000.0,,,,1,14,10.0,8.0
,,,214296.0,2,14,4.0,
,,,214296.0,1,14,3.0,
180000.0,,,,2,14,12.0,9.0
,,,,2,14,16.0,
,,21243.0,,2,14,,
,,,,2,14,7.0,
500000.0,,,,1,14,3.0,8.0
,,,,2,14,12.0,
,,21243.0,,1,14,10.0,
,,,214296.0,1,14,3.0,9.0
500000.0,,,,2,14,13.0,3.0
500000.0,,,,2,14,12.0,4.0
1200000.0,,,,1,14,17.0,2.0
1200000.0,,,,2,14,17.0,2.0
,,,,1,14,,
,,,,2,14,8.0,
600000.0,,,,2,14,15.0,3.0
600000.0,,,,1,14,12.0,5.0
500000.0,,,,1,14,12.0,7.0
,,,,1,14,,
,,,,1,14,,
400000.0,,,180000.0,1,14,4.0,9.0
,,,214296.0,1,14,4.0,
,,,214296.0,2,14,2.0,
,,,470000.0,2,14,9.0,
,35000.0,,,2,14,8.0,
,,,,1,14,,
450000.0,,,,1,14,12.0,8.0
,100000.0,,,2,14,15.0,
450000.0,,,,1,14,12.0,5.0
-88.0,,,,1,14,17.0,2.0
1000000.0,,,,2,14,17.0,2.0
,,,,1,14,,
,,,,2,14,,
,,,,2,14,8.0,
,,,,1,14,8.0,9.0
,,,,1,14,8.0,7.0
480000.0,,,,2,14,12.0,5.0
2000000.0,,,,1,14,19.0,2.0
2000000.0,,,,2,14,19.0,2.0
,,,,1,14,10.0,
,,,,2,14,10.0,
,,,,2,14,8.0,9.0
,,,,1,14,13.0,8.0
,,21243.0,,2,14,,
1800000.0,,,,1,14,22.0,2.0
,,,,2,14,21.0,3.0
,,,,2,14,,
2500000.0,,,,2,14,17.0,2.0
,,,,1,14,17.0,
,,,,2,14,12.0,
,,,,2,14,,
,,,500000.0,1,14,12.0,
,,,214296.0,2,14,10.0,
500000.0,,,,1,14,8.0,9.0
170000.0,,,90000.0,2,14,4.0,9.0
,,,214296.0,2,14,2.0,
650000.0,,,,2,14,15.0,5.0
1100000.0,,,,1,14,12.0,8.0
,,,,2,14,9.0,
600000.0,,,,1,14,12.0,8.0
,300000.0,,,2,14,12.0,
-88.0,,,,2,14,13.0,5.0
,,,,1,14,,
,,,214216.0,2,14,1.0,
,,,,1,14,12.0,
500000.0,,,,1,14,8.0,6.0
460000.0,,,,2,14,17.0,2.0
,,,,1,14,8.0,7.0
,,,,1,14,14.0,
,,,,2,14,15.0,3.0
,,21243.0,,1,14,,
,,21243.0,,1,14,,
,,,405000.0,2,14,10.0,
,,,212000.0,2,14,11.0,
,,,,1,14,12.0,8.0
,,,,2,14,10.0,
,,,,2,14,16.0,
,,,,1,14,12.0,
,,,,2,14,12.0,
,,,208000.0,2,14,4.0,
50000.0,,,,1,14,12.0,8.0
,,,176000.0,2,14,15.0,
,,,,2,14,15.0,
600000.0,,,,2,14,17.0,2.0
500000.0,,,,2,14,13.0,9.0
,,,214296.0,2,14,10.0,
500000.0,,,,1,14,10.0,4.0
,,,,1,14,12.0,7.0
,,,,2,14,12.0,
,,,,1,14,13.0,
,,,,1,14,,
,,,,2,14,12.0,
800000.0,,,,1,14,12.0,3.0
,,,214000.0,2,14,5.0,
500000.0,,,,1,14,12.0,9.0
,,,,1,14,12.0,
,,,230000.0,2,14,12.0,
,,,300000.0,1,14,12.0,
550000.0,,,,1,14,16.0,5.0
220000.0,,,,2,14,12.0,9.0
,,21243.0,,1,14,,
,,,,2,14,,
,,21243.0,,1,14,,
,,,,2,14,,
,,,,1,14,,
,,,214296.0,2,14,10.0,
,,,204000.0,2,14,4.0,
200000.0,,,,2,14,16.0,5.0
250000.0,,,,2,14,12.0,5.0
,,21243.0,,1,14,,
,,,,1,14,9.0,7.0
480000.0,,,,1,14,8.0,7.0
640000.0,,,343282.0,1,14,10.0,9.0
,,,214296.0,2,14,10.0,
,,,,1,14,12.0,
,,,190000.0,2,14,12.0,
500000.0,,,,1,14,9.0,9.0
500000.0,,,,2,14,12.0,5.0
500000.0,,,,2,14,9.0,9.0
,,,,1,14,,
,,,214000.0,2,14,6.0,
500000.0,,,,2,14,13.0,5.0
,,,514216.0,2,14,17.0,
2000000.0,,,700000.0,1,14,17.0,3.0
540000.0,,,,2,14,12.0,5.0
,,,,2,14,11.0,
,,,,1,14,,
,,,,1,14,12.0,
,,,600000.0,2,14,17.0,
1300000.0,,,,1,14,12.0,8.0
2000000.0,,,,2,14,17.0,2.0
500000.0,,,,2,14,16.0,5.0
,,,,2,14,,
,,,,2,14,16.0,
4300000.0,,,,1,14,6.0,6.0
,,,,2,14,12.0,
,,21243.0,,2,14,9.0,
,,21243.0,,2,14,,
,,21243.0,,1,14,,
,,,214296.0,2,14,14.0,
,,,214296.0,1,14,12.0,8.0
,,,214296.0,2,14,14.0,
,,,214296.0,2,14,12.0,
,,,400000.0,1,14,10.0,
,,,,2,14,12.0,
500000.0,,,,1,14,10.0,5.0
500000.0,,,,2,14,8.0,9.0
,,,,2,14,,
,,,,2,14,,
400000.0,,,,2,14,15.0,3.0
,,,,1,14,,
200000.0,,,,2,14,15.0,3.0
605000.0,,,,1,14,13.0,8.0
800000.0,,,,2,14,12.0,2.0
,,,,2,14,10.0,
200000.0,,,,2,14,12.0,5.0
,,,,2,14,13.0,
,,,,1,14,0.0,
,,21243.0,,1,14,,
125000.0,,,,2,14,15.0,3.0
,,,,1,14,13.0,
,,21243.0,,1,14,10.0,
400000.0,,,,2,14,12.0,9.0
550000.0,,,,2,14,12.0,4.0
359000.0,,21243.0,,2,14,12.0,4.0
,,,,1,14,11.0,
,,,,2,14,16.0,
1500000.0,,,,1,14,17.0,3.0
,,,,1,14,,
1200000.0,,,,1,14,17.0,1.0
1500000.0,,,,2,14,18.0,1.0
,,,,2,14,,
1800000.0,,,,2,14,16.0,1.0
1800000.0,,,,1,14,17.0,2.0
1880000.0,,,,1,14,16.0,2.0
1480000.0,,,,2,14,16.0,2.0
,,,,1,14,,
1500000.0,,,,1,14,15.0,5.0
,,,,2,14,17.0,
,,,,2,14,17.0,2.0
1500000.0,,,,1,14,16.0,1.0
,,,,2,14,,
500000.0,,,,1,14,12.0,5.0
400000.0,,,,2,14,9.0,9.0
,,,,2,14,10.0,
,,,,2,14,12.0,
750000.0,,,,1,14,12.0,4.0
,,,,1,14,9.0,
,,,,2,14,,
400000.0,,,,1,14,10.0,7.0
,,,,2,14,9.0,
400000.0,,,,2,14,15.0,5.0
,,,,2,14,15.0,
400000.0,,,,2,14,12.0,9.0
230000.0,,,,1,14,12.0,8.0
500000.0,,,,2,14,11.0,9.0
,,,800000.0,2,14,17.0,
,,,,1,14,17.0,
3800000.0,,,,2,14,21.0,2.0
,,,,2,14,19.0,
,,,,2,14,,
,,,,1,14,16.0,8.0
,,,,2,14,15.0,
,,,2000000.0,1,14,15.0,
,,,,1,14,16.0,
,,,,1,14,16.0,
1900000.0,,,,2,14,18.0,2.0
1500000.0,,,,1,14,16.0,2.0
,,,,2,14,,
,,,,1,14,,
,,,,1,14,12.0,
1600000.0,,,,2,14,19.0,2.0
1500000.0,,,,1,14,17.0,2.0
720000.0,,,,2,14,13.0,4.0
,,,,1,14,,
,,,,2,14,,
,,,350000.0,1,14,16.0,
,,,214296.0,2,14,12.0,
,,,,1,14,16.0,
,,,,2,14,11.0,
,,,214296.0,2,14,0.0,
,,,214296.0,2,14,13.0,7.0
-88.0,,,214296.0,1,14,17.0,2.0
,,,,2,14,12.0,
1100000.0,,,,2,14,17.0,3.0
780000.0,,,,1,14,17.0,7.0
,,,,2,14,,
436000.0,,,,2,14,14.0,3.0
,,,,1,14,14.0,
,,,,2,14,12.0,
,,,,1,14,,
,,,,1,14,,
,,,260000.0,2,14,10.0,
,,,1200000.0,1,14,17.0,
,,,400000.0,2,14,17.0,
,,,,1,14,15.0,3.0
,,,,2,14,15.0,
,,,,1,14,12.0,
,,,,2,14,17.0,2.0
1200000.0,,,,1,14,17.0,1.0
,,,,1,14,16.0,
,,,,1,14,,
2385000.0,,,,1,14,22.0,2.0
,,,,2,14,24.0,2.0
,,,,2,14,,
,,,,2,14,,
550000.0,,,,1,14,13.0,9.0
,,,,2,14,14.0,
,,,,2,14,,
,,,,1,14,4.0,7.0
,,,214296.0,2,14,4.0,
,,,,2,14,12.0,
600000.0,,,,1,14,12.0,8.0
120000.0,,,,1,14,11.0,9.0
400000.0,,,,2,14,14.0,9.0
,600000.0,,,1,14,,
,,,,1,14,13.0,
,,,,1,14,16.0,3.0
620000.0,,,,2,14,16.0,2.0
,,,,2,14,,
,,,300000.0,1,14,6.0,
,,,214296.0,2,14,10.0,
620000.0,,,,1,14,8.0,8.0
,,,,2,14,12.0,
,,21243.0,,1,14,,
,,21243.0,,1,14,,
,,21243.0,,1,14,,
,,,,2,14,12.0,
,,,,1,14,,
,,,,1,14,,
,,,,1,14,,
850000.0,,,,2,14,16.0,2.0
650000.0,,,,1,14,15.0,4.0
500000.0,,,,2,14,12.0,5.0
,,,,1,14,12.0,
500000.0,,,,1,14,12.0,5.0
,,,,1,14,10.0,
,,,340000.0,1,14,12.0,
,,,,2,14,12.0,
800000.0,,,,1,14,12.0,6.0
,,,,2,14,10.0,
,,21243.0,,1,14,,
,,21243.0,,1,14,,
,,21243.0,,1,14,,
800000.0,,,,1,14,12.0,6.0
,,,,2,14,8.0,
,,,,2,14,12.0,
500000.0,,,,1,14,12.0,9.0
,,21243.0,,1,14,,
,,21243.0,,1,14,,
410000.0,,,,2,14,12.0,8.0
,,,,2,14,,
1850000.0,,,,2,14,19.0,2.0
1800000.0,,,,1,14,17.0,2.0
2400000.0,,,,2,14,17.0,2.0
500000.0,,,550000.0,2,14,13.0,4.0
400000.0,,,214296.0,1,14,15.0,8.0
400000.0,,,,2,14,12.0,9.0
-88.0,,,,2,14,12.0,3.0
,,,,2,14,12.0,
1000000.0,,,,1,14,16.0,2.0
,,,,2,14,17.0,2.0
,,,,2,14,,
1200000.0,,,,1,14,13.0,8.0
,,,,1,14,14.0,2.0
,,,,2,14,16.0,2.0
,,,,2,14,,
500000.0,,,250000.0,1,14,12.0,8.0
,,,,2,14,15.0,
,,,,1,14,14.0,
200000.0,,,,2,14,10.0,9.0
,,,230000.0,1,14,6.0,6.0
,,,,1,14,13.0,
,,,,1,14,11.0,
,,,,1,14,2.0,7.0
,,,,2,14,12.0,
600000.0,,,,1,14,12.0,9.0
,,,,1,14,,
,,,,2,14,,
,,,,1,14,,
,,,,1,14,14.0,1.0
511000.0,,,,1,14,14.0,4.0
,,,160000.0,1,14,10.0,8.0
,,,,1,14,0.0,
100000.0,,,120000.0,2,14,8.0,9.0
,,,230000.0,1,14,12.0,
,,,241296.0,2,14,0.0,
,556000.0,,214296.0,1,14,0.0,
1400000.0,,,,1,14,18.0,2.0
2000000.0,,,600000.0,1,14,17.0,3.0
,,,300000.0,2,14,17.0,
700000.0,,,,1,14,13.0,6.0
,,,,1,14,18.0,2.0
,,,,2,14,16.0,
,,,,1,14,16.0,
,,,,2,14,13.0,
,,,214296.0,2,14,5.0,
700000.0,,,,1,14,12.0,9.0
500000.0,,,,2,14,12.0,9.0
,,,,1,14,12.0,7.0
,,,,2,14,12.0,
,,,,2,14,12.0,
,,,,1,14,14.0,
,,,,1,14,16.0,
,,,,1,14,15.0,
230000.0,,,,2,14,12.0,5.0
,,,,2,14,,
,,,,1,14,10.0,
1400000.0,,,,1,14,15.0,2.0
1200000.0,,,,2,14,17.0,2.0
,,,,1,14,,
800000.0,,,,2,14,12.0,3.0
,,,,1,14,13.0,
,,,,2,14,15.0,5.0
,,,,1,14,12.0,6.0
1400000.0,,,,2,14,17.0,2.0
1300000.0,,,,1,14,20.0,2.0
,,,,2,14,,
900000.0,,,,1,14,15.0,5.0
900000.0,,,,2,14,17.0,2.0
2400000.0,,,,2,14,17.0,3.0
1800000.0,,,,2,14,17.0,2.0
,,,,2,14,17.0,
,,,,1,14,12.0,7.0
,,,,2,14,12.0,
,,,,1,14,13.0,
,,,,2,14,,
,,,,2,14,,
,,,214296.0,2,14,12.0,
,,,,2,14,12.0,
,,,,1,14,15.0,7.0
400000.0,,,,1,14,12.0,3.0
,,,,2,14,12.0,
,,,,1,14,11.0,
,,,,1,14,,
,,,,2,14,7.0,7.0
,,,,1,14,12.0,
,,,,2,14,,
,,,,2,14,,
500000.0,,,,2,14,14.0,3.0
600000.0,,,400000.0,1,14,12.0,8.0
800000.0,,,,2,14,17.0,2.0
,,,104470.0,2,14,12.0,5.0
,,,,1,14,14.0,
1500000.0,,,,2,14,17.0,2.0
1700000.0,,,,1,14,17.0,4.0
,,,,2,14,,
,,,,2,14,12.0,
480000.0,,,,1,14,12.0,9.0
,,,,2,14,10.0,
,,,230000.0,2,14,8.0,
,,,,1,14,12.0,
,,,214296.0,2,14,8.0,
1000000.0,,,300000.0,1,14,6.0,8.0
,,,,2,14,5.0,7.0
500000.0,,,,1,14,12.0,9.0
,,,220000.0,2,14,6.0,
,,,,2,14,12.0,
,,,,2,14,17.0,
505000.0,,,,1,14,14.0,3.0
800000.0,,,,2,14,17.0,3.0
,,,214296.0,2,14,3.0,
,,,,2,14,,
500000.0,,,,2,14,15.0,3.0
650000.0,,,,1,14,12.0,8.0
,,,,2,14,9.0,
,,,,1,14,,
,,,,1,14,16.0,
1200000.0,,,,1,14,16.0,3.0
500000.0,,,,1,14,16.0,2.0
,,,,1,14,16.0,
900000.0,,,,2,14,17.0,2.0
,,,500000.0,2,14,8.0,
120000.0,,,,2,14,18.0,5.0
640000.0,,,,1,14,12.0,7.0
,,,500000.0,2,14,12.0,
,,,500000.0,1,14,16.0,
,,,,1,14,12.0,7.0
,,,,1,14,12.0,
,20000.0,,214296.0,2,14,13.0,
,520000.0,,,1,14,14.0,
500000.0,,,,2,14,16.0,3.0
,,,,2,14,,
,,,,1,14,,
,,,,2,14,22.0,2.0
,,,,2,14,6.0,
500000.0,,,,2,14,12.0,9.0
380000.0,,,,1,14,12.0,8.0
550000.0,,,104000.0,2,14,9.0,5.0
,,,,2,14,16.0,
,,,,1,14,13.0,
,,,,1,14,,
1800000.0,,,,2,14,17.0,2.0
,,,,1,14,10.0,
,,,,1,14,,
,,,,2,14,3.0,
,,,,1,14,12.0,
,,,,1,14,14.0,
542000.0,,,,2,14,12.0,9.0
,,,,1,14,2.0,9.0
,,,,1,14,15.0,
,,,,1,14,14.0,
,,,,1,14,,
,,,,2,14,,
,,,,2,14,10.0,
500000.0,,,,1,14,7.0,7.0
,,,,2,14,10.0,
,,,,2,14,,
,,,,2,14,,
220000.0,,,,2,14,7.0,9.0
,,,,1,14,7.0,7.0
1600000.0,,,,2,14,17.0,2.0
,,,,2,14,17.0,2.0
600000.0,,,,1,14,15.0,4.0
,,,,2,14,17.0,
,,,360000.0,2,14,4.0,
1200000.0,,,,2,14,17.0,2.0
,,,,1,14,,
,,,,2,14,,
,,,,2,14,16.0,2.0
1700000.0,,,,1,14,17.0,2.0
,,,,1,14,11.0,
,,,,1,14,,
690000.0,,,,1,14,15.0,3.0
900000.0,,,,2,14,17.0,3.0
,,,,2,14,,
,,,,2,14,14.0,
,,,,2,14,,
500000.0,,,,1,14,12.0,5.0
700000.0,,,,1,14,12.0,3.0
,,,,2,14,12.0,
,,,,2,14,14.0,
700000.0,,,,2,14,15.0,3.0
,,,,2,14,10.0,
,,,,2,14,,
300000.0,,,,2,14,12.0,9.0
,,,,2,14,12.0,
,,,,1,14,12.0,
500000.0,,,,2,14,12.0,5.0
,,,,1,14,,
,,,,1,14,17.0,9.0
750000.0,,,,1,14,17.0,3.0
1000000.0,,,,2,14,12.0,5.0
,,,,1,14,12.0,8.0
,,,,2,14,10.0,
,,,,2,14,,
,,,,1,14,,
264000.0,,,,2,14,10.0,9.0
500000.0,,,,2,14,15.0,5.0
,,,,2,14,12.0,5.0
,,,,2,14,,
,,,,2,14,,
,,,,2,14,,
220000.0,,,,2,14,7.0,9.0
540000.0,,,,2,14,12.0,9.0
,,21243.0,,2,14,,
,,,,1,14,12.0,7.0
250000.0,,,,2,14,12.0,9.0
,,,380000.0,2,14,3.0,
,,,250000.0,1,14,0.0,
600000.0,,,,1,14,12.0,7.0
250000.0,,,,2,14,12.0,9.0
-88.0,,,,2,14,17.0,2.0
,,,,2,14,5.0,
,,,214296.0,1,14,0.0,
,,,214296.0,1,14,0.0,
,,,,1,14,12.0,5.0
,,,,1,14,12.0,6.0
900000.0,,,,2,14,13.0,3.0
,860000.0,,,2,14,15.0,
,,,,1,14,,
,,,,1,14,15.0,3.0
,,,,1,14,,
,,,,1,14,12.0,
600000.0,,,,1,14,12.0,8.0
,,,,1,14,15.0,7.0
,,,,2,14,12.0,
700000.0,,,,2,14,17.0,2.0
,,,,1,14,14.0,7.0
,,,,1,14,12.0,5.0
,,,,1,14,21.0,2.0
2000000.0,,,,2,14,16.0,2.0
,,,,1,14,,
,,,,2,14,,
920000.0,,,80000.0,2,14,14.0,3.0
511000.0,,,,1,14,16.0,5.0
,,,,2,14,16.0,
360000.0,,,,2,14,13.0,9.0
1482000.0,,,,2,14,17.0,2.0
2400000.0,,,,1,14,18.0,2.0
,,,,1,14,,
,,,,2,14,,
1300000.0,,,,1,14,18.0,2.0
,,,,2,14,18.0,
,,,,2,14,,
1200000.0,,,,2,14,13.0,3.0
,,,,1,14,15.0,
,,21243.0,,1,14,,
,,21243.0,,2,14,,
1000000.0,,,,1,14,15.0,5.0
1000000.0,,,,2,14,15.0,5.0
,,,,1,14,,
,,,,2,14,,
1000000.0,,,,1,14,17.0,2.0
,,,,2,14,15.0,
,,,,1,14,,
600000.0,,,,1,14,12.0,3.0
,,,,2,14,17.0,
,,,,2,14,,
,,,,2,14,,
,,,,2,14,12.0,5.0
700000.0,,,,2,14,17.0,2.0
,,,,1,14,,
500000.0,,,,1,14,12.0,7.0
,,,,1,14,16.0,
2500000.0,,,,1,14,16.0,3.0
285000.0,,,153000.0,2,14,13.0,4.0
750000.0,,,,1,14,12.0,7.0
500000.0,,,,2,14,12.0,5.0
,,,,2,14,12.0,
,,,261000.0,1,14,3.0,
,,21243.0,,1,14,10.0,
,,21243.0,,1,14,10.0,
,,21243.0,,2,14,,
,,21243.0,,1,14,,
,,21243.0,,2,14,11.0,
,,,347000.0,2,14,,
,,,,2,14,14.0,
1000000.0,,,,1,14,13.0,7.0
450000.0,,,,2,14,12.0,9.0
,,,,2,14,13.0,
,,,,1,14,11.0,
1000000.0,,,,2,14,17.0,2.0
750000.0,,,,1,14,17.0,2.0
670000.0,,,,1,14,5.0,7.0
400000.0,,,,2,14,8.0,9.0
,,,,1,14,11.0,
,,,,1,14,3.0,9.0
40000.0,,,,2,14,,5.0
950000.0,,,,2,14,17.0,2.0
1300000.0,,,,1,14,12.0,8.0
,,,,1,14,15.0,
,,,,1,14,,
,,,,1,14,,
150000.0,,,,2,14,8.0,9.0
500000.0,,,,1,14,12.0,7.0
,,,,2,14,,
400000.0,,,,2,14,12.0,9.0
,,,,2,14,15.0,
,,,,1,14,12.0,
,,,,2,14,9.0,5.0
750000.0,,,,1,14,12.0,8.0
,80000.0,,,2,14,12.0,
,,21243.0,,1,14,,
,,21243.0,,2,14,,
,,,,2,14,15.0,
,80000.0,,,2,14,10.0,
500000.0,,,,1,14,12.0,9.0
,,,,1,14,,
350000.0,,,,2,14,15.0,3.0
,,,,1,14,12.0,
,,,,1,14,,
,,,,2,14,11.0,
1000000.0,,,,2,14,16.0,2.0
300000.0,,,,2,14,12.0,5.0
700000.0,,,,1,14,12.0,9.0
,,,,2,14,,
,,,,2,14,,
600000.0,,,,1,14,9.0,9.0
200000.0,,,,2,14,12.0,5.0
600000.0,,,,1,14,12.0,8.0
,,,,2,14,11.0,
,,,,2,14,14.0,
,,,214296.0,2,14,5.0,
,,,,2,14,9.0,
500000.0,,,,1,14,11.0,8.0
,,,,2,14,10.0,
,,21243.0,,1,14,9.0,
,,21243.0,,2,14,,
,,21243.0,,1,14,,
,,,,2,14,6.0,
400000.0,,,,2,14,12.0,9.0
200000.0,,,,2,14,12.0,9.0
,,,,2,14,,
600000.0,,,,2,14,12.0,5.0
,,,,1,14,,
,,,,2,14,,
,,,,2,14,10.0,
,,,212000.0,1,14,0.0,
,,,,2,14,10.0,
180000.0,,,,1,14,9.0,6.0
,,,,2,14,9.0,
,,,,2,14,,
,,,,1,14,8.0,7.0
600000.0,,,,1,14,12.0,5.0
180000.0,,,,2,14,9.0,5.0
,,21243.0,,1,14,,
,,21243.0,,1,14,,
,,,,2,14,12.0,
,,,,1,14,15.0,
,,,,1,14,5.0,7.0
,,,,2,14,8.0,
,,,,1,14,7.0,7.0
,,,,2,14,3.0,
500000.0,,,,2,14,16.0,5.0
,,,,2,14,8.0,5.0
600000.0,,,,1,14,12.0,5.0
,,,,2,14,6.0,
,,,,2,14,,
,,,,1,14,,
,,,215000.0,2,14,12.0,
,,,,1,14,12.0,7.0
300000.0,,,,2,14,4.0,5.0
500000.0,,,350000.0,1,14,5.0,6.0
260000.0,,,,2,14,12.0,5.0
,,,,1,14,14.0,
,,,,1,14,10.0,
,,,214296.0,2,14,1.0,
,,,,2,14,6.0,
,,,480000.0,1,14,8.0,
,,,214296.0,2,14,12.0,
400000.0,,,,2,14,12.0,3.0
400000.0,,,,2,14,12.0,9.0
,,,,2,14,,
,,,,1,14,,
,,,,2,14,,
,,,,1,14,8.0,9.0
,,,,2,14,12.0,
,,,,1,14,13.0,
,,,,2,14,7.0,
,,,,1,14,7.0,
500000.0,,,,1,14,11.0,8.0
,,,,2,14,3.0,5.0
,,,280000.0,1,14,9.0,8.0
300000.0,,,,2,14,12.0,5.0
550000.0,,,,1,14,12.0,8.0
,,,,2,14,9.0,
,,,,2,14,,
,,,,2,14,6.0,5.0
,,,,1,14,12.0,
,,,,2,14,,
,,,,2,14,,
500000.0,,,,2,14,8.0,9.0
,,,,1,14,11.0,
,,,,2,14,10.0,
,,,400000.0,1,14,6.0,
,,,,2,14,6.0,
,,,180000.0,1,14,8.0,
180000.0,,,,2,14,10.0,9.0
,,,,1,14,6.0,
513000.0,,,,2,14,15.0,3.0
500000.0,,,,1,14,12.0,8.0
,,,,2,14,11.0,
,,,,2,14,,
,,,,2,14,1.0,
,,,,2,14,5.0,
,,,,1,14,1.0,
,,,214296.0,2,14,6.0,
,,,258486.0,1,14,2.0,
,,,214296.0,2,14,6.0,
,,,1100000.0,1,14,15.0,
,,,,2,14,17.0,
,,,,2,14,,
,,,,1,14,,
,,,800000.0,1,14,12.0,
,,,220000.0,2,14,12.0,
500000.0,,,,2,14,7.0,5.0
400000.0,,,,1,14,8.0,8.0
300000.0,,,,2,14,8.0,9.0
,,,200000.0,2,14,8.0,
,,,,1,14,15.0,
300000.0,,,,2,14,12.0,9.0
,,,408000.0,1,14,10.0,
,,,214000.0,2,14,6.0,
,,,214296.0,2,14,9.0,
,,,650000.0,1,14,9.0,
,,,214296.0,2,14,3.0,
,,,,2,14,11.0,
480000.0,,,,1,14,12.0,9.0
,,,,1,14,16.0,
130000.0,,,,1,14,15.0,8.0
,,,,2,14,,
,,,600000.0,1,14,16.0,
700000.0,,,,2,14,12.0,5.0
1250000.0,,,,1,14,16.0,2.0
162000.0,,,,2,14,12.0,5.0
,,,,1,14,12.0,3.0
,,,,2,14,,
,,,,1,14,,
,,,104920.0,2,14,12.0,5.0
900000.0,,,,1,14,16.0,2.0
,,,,1,14,12.0,
440000.0,,,,2,14,17.0,3.0
500000.0,,,,1,14,12.0,5.0
,,,,2,14,11.0,
,,,,1,14,0.0,
,,,500000.0,2,14,12.0,
,,,,1,14,13.0,
,,,214296.0,2,14,6.0,
,,,,2,14,12.0,
,,,214000.0,1,14,12.0,
,,,214000.0,1,14,6.0,
250000.0,,,,2,14,10.0,9.0
279000.0,,,,2,14,13.0,9.0
60000.0,,,,2,14,12.0,5.0
700000.0,,,103000.0,2,14,5.0,9.0
500000.0,,,,1,14,10.0,9.0
,,,175000.0,2,14,10.0,5.0
,,,,2,14,12.0,
,,,,1,14,12.0,7.0
,,,,1,14,12.0,7.0
,,,,2,14,,
,,,214296.0,2,14,8.0,
,,,214296.0,1,14,0.0,
405000.0,,,,1,14,9.0,5.0
,,,214000.0,2,14,8.0,
1900000.0,,,,1,14,18.0,2.0
400000.0,,,,2,14,15.0,5.0
,,,196000.0,1,14,8.0,
,,,,2,14,10.0,
,,,,2,14,0.0,
,,,,1,14,12.0,
,,,,1,14,12.0,7.0
,,,,2,14,12.0,
,,,,2,14,16.0,
,,,,1,14,12.0,
,500000.0,,,1,14,16.0,
700000.0,,,,1,14,5.0,3.0
,,,210000.0,1,14,12.0,
,,,214000.0,2,14,12.0,
,,,,1,14,17.0,2.0
,,,400000.0,2,14,12.0,
,,,,2,14,12.0,2.0
,,,385000.0,1,14,12.0,
,,,300000.0,2,14,0.0,
,,,,1,14,12.0,7.0
,,,320000.0,2,14,0.0,
160000.0,,,,2,14,12.0,9.0
,300000.0,,,1,14,12.0,
,,,,1,14,12.0,
,,,,2,14,12.0,
700000.0,,,,1,14,12.0,9.0
,,,,1,14,9.0,
,,,,2,14,,
,,,,1,14,,
,,,,1,14,12.0,8.0
,,,,2,14,12.0,
,,,,2,14,,
,,,,2,14,12.0,
600000.0,,,,1,14,12.0,8.0
,,,,2,14,6.0,
,,,,1,14,9.0,
,,,,1,14,,
,,,,1,14,,
,,,,1,14,12.0,5.0
,,,,2,14,15.0,5.0
,,,,2,14,17.0,
,,,,1,14,8.0,
300000.0,,,,2,14,12.0,9.0
262500.0,,,,1,14,12.0,6.0
,,,,2,14,6.0,
450000.0,,,,2,14,15.0,2.0
,,,280000.0,1,14,6.0,
,,,280000.0,2,14,7.0,
,,,,1,14,16.0,7.0
,,,,2,14,14.0,
480000.0,,,,2,14,15.0,3.0
,,,,1,14,17.0,2.0
600000.0,,,,1,14,12.0,8.0
,,,464500.0,2,14,17.0,
1200000.0,,,,1,14,17.0,2.0
,,,,2,14,15.0,
,,,,2,14,,
700000.0,,,,2,14,12.0,3.0
600000.0,,,,1,14,12.0,9.0
,,,,1,14,,
,,,,1,14,,
480000.0,,,,2,14,15.0,6.0
480000.0,,,,1,14,12.0,3.0
,,,,2,14,,
,,,,1,14,,
,,,,2,14,9.0,
,,,250000.0,1,14,10.0,
518000.0,,,,2,14,15.0,3.0
,,,,1,14,12.0,8.0
42000.0,,,,1,14,12.0,0.0
,,,,2,14,12.0,
,,,,2,14,17.0,
,,21243.0,,1,14,,
,,21243.0,,2,14,,
,,,,2,14,8.0,
600000.0,,,,1,14,11.0,8.0
500000.0,,,,1,14,12.0,7.0
,,21243.0,,2,14,,
,,21243.0,,1,14,,
,,,,1,14,14.0,
500000.0,,,,1,14,10.0,7.0
,,,,2,14,8.0,
,,,,2,14,5.0,
,,,214000.0,1,14,8.0,
400000.0,,,,1,14,8.0,9.0
500000.0,,,,1,14,5.0,7.0
404000.0,,,,2,14,15.0,3.0
400000.0,,,,1,14,12.0,8.0
,,,,2,14,11.0,5.0
405000.0,,,,1,14,12.0,7.0
,,,,2,14,10.0,
404000.0,,,,2,14,12.0,7.0
,,,,2,14,12.0,
0.0,,,,1,14,12.0,6.0
,,21243.0,,2,14,,
,,21243.0,,1,14,,
,,,,2,14,15.0,
,,,,2,14,3.0,
,,,,1,14,12.0,7.0
,,,,2,14,10.0,7.0
400000.0,,,,1,14,17.0,7.0
,,,245000.0,2,14,6.0,
,,,195000.0,1,14,5.0,
,,,,1,14,16.0,8.0
,,,,2,14,15.0,
,,,,1,14,,
,,,,2,14,,
1000000.0,,,,2,14,17.0,2.0
,,,,2,14,,
520000.0,,,,1,14,12.0,9.0
520000.0,,,,2,14,12.0,9.0
,,,,2,14,,
960000.0,,,,2,14,17.0,2.0
900000.0,,,,1,14,17.0,2.0
,,,,2,14,15.0,
,,,,1,14,11.0,
,,,,2,14,10.0,
,,,,1,14,12.0,8.0
,,,,1,14,9.0,8.0
550000.0,,,,1,14,12.0,7.0
,,,,2,14,15.0,
2400000.0,,,,1,14,19.0,2.0
1500000.0,,,,1,14,15.0,3.0
580000.0,,,,2,14,15.0,3.0
100000.0,,,,1,14,10.0,9.0
,,,,2,14,8.0,
,,,,2,14,12.0,
,,,,1,14,,
,,,,2,14,,
700000.0,,,,2,14,12.0,3.0
900000.0,,,,1,14,12.0,3.0
740000.0,,,214300.0,2,14,12.0,5.0
200000.0,,,,1,14,10.0,8.0
440000.0,,,,2,14,12.0,3.0
,,,,1,14,16.0,
450000.0,,,,1,14,15.0,3.0
