id_hogar,region,estrato,edad,alfabetismo,asiste_actualmente,razon_no_asistencia,ultimo_año_asistencia,nivel_educacion,curso,jefe_hogar,año
1410110010201.0,14,141011,40,1,2,,,12.0,3,1,2017
1410110010201.0,14,141011,45,1,2,,,12.0,3,0,2017
1410110010201.0,14,141011,79,1,2,,,6.0,2,0,2017
1410110020101.0,14,141011,41,1,2,,,9.0,4,1,2017
1410110020101.0,14,141011,6,,1,,,4.0,,0,2017
1410110020101.0,14,141011,2,,1,,,2.0,,0,2017
1410110020201.0,14,141011,28,1,1,,,13.0,4,1,2017
1410110020301.0,14,141011,44,1,2,,,12.0,3,1,2017
1410110020301.0,14,141011,9,,1,,,7.0,4,0,2017
1410110020301.0,14,141011,20,1,1,,,9.0,3,0,2017
1410110020401.0,14,141011,32,1,2,,,9.0,4,1,2017
1410110020401.0,14,141011,35,1,2,,,7.0,8,0,2017
1410110020401.0,14,141011,13,,1,,,7.0,7,0,2017
1410110020401.0,14,141011,3,,1,,,3.0,,0,2017
1410110020501.0,14,141011,51,1,2,,,11.0,5,1,2017
1410110020501.0,14,141011,36,1,2,,,9.0,3,0,2017
1410110020601.0,14,141011,42,1,2,,,9.0,4,1,2017
1410110020601.0,14,141011,49,1,2,,,9.0,4,0,2017
1410110020601.0,14,141011,22,1,2,12,4,12.0,3,0,2017
1410110020601.0,14,141011,18,1,2,17,1,11.0,4,0,2017
1410110020601.0,14,141011,17,1,1,,,9.0,4,0,2017
1410110020601.0,14,141011,7,,1,,,7.0,1,0,2017
1410110020701.0,14,141011,38,1,2,,,9.0,4,1,2017
1410110020701.0,14,141011,18,1,1,,,9.0,3,0,2017
1410110020701.0,14,141011,14,,1,,,7.0,8,0,2017
1410110020701.0,14,141011,11,,1,,,7.0,5,0,2017
1410110020801.0,14,141011,21,1,1,,,13.0,4,1,2017
1410110020901.0,14,141011,59,1,2,,,9.0,4,1,2017
1410110021001.0,14,141011,66,1,2,,,9.0,4,1,2017
1410110021001.0,14,141011,64,1,2,,,13.0,5,0,2017
1410110021001.0,14,141011,36,1,2,,,13.0,5,0,2017
1410110021001.0,14,141011,34,1,2,,,13.0,5,0,2017
1410110021001.0,14,141011,32,1,1,,,13.0,4,0,2017
1410110021001.0,14,141011,27,1,2,7,4,13.0,5,0,2017
1410110021101.0,14,141011,40,1,2,,,12.0,3,1,2017
1410110021101.0,14,141011,12,,1,,,7.0,6,0,2017
1410110021101.0,14,141011,9,,1,,,7.0,3,0,2017
1410110021102.0,14,141011,66,1,2,,,9.0,4,1,2017
1410110021102.0,14,141011,66,1,2,,,13.0,3,0,2017
1410110021102.0,14,141011,29,1,2,12,4,9.0,4,0,2017
1410110021401.0,14,141011,29,1,2,12,9,13.0,2,1,2017
1410110021401.0,14,141011,34,1,2,,,,99,0,2017
1410110021401.0,14,141011,17,1,1,,,9.0,2,0,2017
1410110021401.0,14,141011,14,,1,,,7.0,8,0,2017
1410110021401.0,14,141011,12,,1,,,7.0,6,0,2017
1410110021401.0,14,141011,10,,1,,,7.0,3,0,2017
1410110021401.0,14,141011,8,,1,,,7.0,2,0,2017
1410110021501.0,14,141011,50,1,2,,,,99,1,2017
1410110021501.0,14,141011,23,1,1,,,13.0,1,0,2017
1410110021501.0,14,141011,17,1,1,,,9.0,3,0,2017
1410110021501.0,14,141011,8,,1,,,7.0,2,0,2017
1410110021501.0,14,141011,3,,1,,,3.0,,0,2017
1410110021701.0,14,141011,53,1,2,,,15.0,7,1,2017
1410110021701.0,14,141011,53,1,2,,,13.0,5,0,2017
1410110021701.0,14,141011,22,1,1,,,13.0,4,0,2017
1410110021701.0,14,141011,21,1,1,,,13.0,3,0,2017
1410110021801.0,14,141011,69,1,2,,,10.0,5,1,2017
1410110021801.0,14,141011,53,1,2,,,12.0,1,0,2017
1410110021901.0,14,141011,76,1,2,,,8.0,6,1,2017
1410110022001.0,14,141011,85,1,2,,,6.0,3,1,2017
1410110022101.0,14,141011,23,1,2,7,9,12.0,3,1,2017
1410110022101.0,14,141011,14,,1,,,9.0,1,0,2017
1410110022101.0,14,141011,0,,1,,,2.0,,0,2017
1410110022201.0,14,141011,76,1,2,,,13.0,4,1,2017
1410110022201.0,14,141011,78,1,2,,,8.0,5,0,2017
1410110022401.0,14,141011,55,1,2,,,9.0,2,1,2017
1410110030101.0,14,141011,65,1,2,,,10.0,5,1,2017
1410110030101.0,14,141011,26,1,1,,,13.0,3,0,2017
1410110030201.0,14,141011,36,1,2,,,13.0,5,1,2017
1410110030201.0,14,141011,42,1,2,,,13.0,5,0,2017
1410110030201.0,14,141011,12,,1,,,7.0,5,0,2017
1410110030201.0,14,141011,2,,2,,,1.0,,0,2017
1410110030301.0,14,141011,42,1,2,,,13.0,5,1,2017
1410110030301.0,14,141011,40,1,2,,,13.0,5,0,2017
1410110030301.0,14,141011,69,1,2,,,11.0,4,0,2017
1410110030601.0,14,141011,81,1,2,,,13.0,5,1,2017
1410110030601.0,14,141011,54,1,2,,,13.0,5,0,2017
1410110030701.0,14,141011,30,1,2,12,4,9.0,4,1,2017
1410110030701.0,14,141011,23,1,2,2,4,9.0,4,0,2017
1410110030701.0,14,141011,4,,1,,,3.0,,0,2017
1410110030801.0,14,141011,52,1,2,,,12.0,3,1,2017
1410110030801.0,14,141011,49,1,2,,,9.0,4,0,2017
1410110030901.0,14,141011,56,1,2,,,9.0,4,1,2017
1410110030901.0,14,141011,22,1,2,7,3,9.0,4,0,2017
1410110030901.0,14,141011,20,1,2,7,3,9.0,4,0,2017
1410110030901.0,14,141011,3,,2,,,1.0,,0,2017
1410110031001.0,14,141011,74,1,2,,,6.0,6,1,2017
1410110031101.0,14,141011,58,1,2,,,9.0,4,1,2017
1410110031101.0,14,141011,46,1,2,,,9.0,4,0,2017
1410110031101.0,14,141011,22,1,1,,,13.0,2,0,2017
1410110031101.0,14,141011,15,1,1,,,11.0,2,0,2017
1410110031201.0,14,141011,57,1,2,,,7.0,6,1,2017
1410110031201.0,14,141011,51,1,2,,,7.0,3,0,2017
1410110031301.0,14,141011,47,1,2,,,12.0,3,1,2017
1410110031301.0,14,141011,47,1,2,,,9.0,4,0,2017
1410110031301.0,14,141011,28,1,1,,,14.0,7,0,2017
1410110031301.0,14,141011,25,1,2,12,4,9.0,4,0,2017
1410110031401.0,14,141011,42,1,2,,,12.0,2,1,2017
1410110031401.0,14,141011,32,1,2,,,13.0,2,0,2017
1410110031401.0,14,141011,11,,1,,,7.0,6,0,2017
1410110031401.0,14,141011,8,,1,,,7.0,2,0,2017
1410110031401.0,14,141011,3,,1,,,3.0,,0,2017
1410110040101.0,14,141011,31,1,2,,,9.0,4,1,2017
1410110040101.0,14,141011,30,1,2,12,4,12.0,2,0,2017
1410110040101.0,14,141011,8,,1,,,7.0,3,0,2017
1410110040101.0,14,141011,1,,1,,,2.0,,0,2017
1410110040301.0,14,141011,34,1,2,,,13.0,5,1,2017
1410110040501.0,14,141011,38,1,2,,,9.0,4,1,2017
1410110040501.0,14,141011,40,1,2,,,9.0,3,0,2017
1410110040501.0,14,141011,18,1,1,,,9.0,3,0,2017
1410110040501.0,14,141011,7,,1,,,7.0,2,0,2017
1410110040601.0,14,141011,37,1,2,,,9.0,4,1,2017
1410110040601.0,14,141011,72,1,2,,,7.0,2,0,2017
1410110040601.0,14,141011,17,1,1,,,9.0,3,0,2017
1410110040601.0,14,141011,12,,1,,,7.0,7,0,2017
1410110040601.0,14,141011,10,,1,,,7.0,5,0,2017
1410110040701.0,14,141011,37,1,2,,,7.0,8,1,2017
1410110040701.0,14,141011,42,1,2,,,7.0,8,0,2017
1410110040701.0,14,141011,17,1,1,,,9.0,3,0,2017
1410110040701.0,14,141011,4,,1,,,3.0,,0,2017
1410110040702.0,14,141011,29,1,2,1,4,7.0,8,1,2017
1410110040702.0,14,141011,35,1,2,,,7.0,7,0,2017
1410110040702.0,14,141011,5,,2,,,1.0,,0,2017
1410110040702.0,14,141011,4,,2,,,1.0,,0,2017
1410110040702.0,14,141011,2,,2,,,1.0,,0,2017
1410110040801.0,14,141011,41,1,2,,,9.0,4,1,2017
1410110040801.0,14,141011,41,1,2,,,9.0,4,0,2017
1410110040801.0,14,141011,23,1,1,,,13.0,4,0,2017
1410110040801.0,14,141011,9,,1,,,7.0,4,0,2017
1410110040801.0,14,141011,4,,2,,,1.0,,0,2017
1410110040901.0,14,141011,34,1,2,,,15.0,7,1,2017
1410110040901.0,14,141011,31,1,2,,,15.0,7,0,2017
1410110041001.0,14,141011,53,1,2,,,9.0,4,1,2017
1410110041001.0,14,141011,46,1,2,,,9.0,4,0,2017
1410110041001.0,14,141011,25,1,1,,,13.0,5,0,2017
1410110041001.0,14,141011,19,1,1,,,13.0,1,0,2017
1410110041101.0,14,141011,63,1,2,,,7.0,5,1,2017
1410110041201.0,14,141011,53,1,2,,,7.0,4,1,2017
1410110041201.0,14,141011,54,1,2,,,7.0,4,0,2017
1410110041201.0,14,141011,28,1,2,12,4,9.0,4,0,2017
1410110041301.0,14,141011,61,1,2,,,7.0,8,1,2017
1410110041301.0,14,141011,60,1,2,,,7.0,8,0,2017
1410110041401.0,14,141011,59,1,2,,,9.0,4,1,2017
1410110041401.0,14,141011,58,1,2,,,9.0,4,0,2017
1410110041401.0,14,141011,25,1,2,7,2,13.0,5,0,2017
1410110041501.0,14,141011,82,1,2,,,6.0,1,1,2017
1410110041501.0,14,141011,72,1,2,,,6.0,2,0,2017
1410110050201.0,14,141011,47,1,2,,,11.0,2,1,2017
1410110050301.0,14,141011,42,1,2,,,11.0,4,1,2017
1410110050301.0,14,141011,23,1,1,,,13.0,5,0,2017
1410110050401.0,14,141011,45,1,2,,,11.0,4,1,2017
1410110050401.0,14,141011,19,1,2,7,2,9.0,4,0,2017
1410110050401.0,14,141011,11,,1,,,7.0,5,0,2017
1410110050501.0,14,141011,67,1,2,,,13.0,5,1,2017
1410110050501.0,14,141011,67,1,2,,,15.0,9,0,2017
1410110050501.0,14,141011,36,1,2,,,9.0,4,0,2017
1410110050501.0,14,141011,24,1,1,,,13.0,3,0,2017
1410110050601.0,14,141011,29,1,2,12,9,12.0,3,1,2017
1410110050602.0,14,141011,26,1,2,12,9,13.0,4,1,2017
1410110050701.0,14,141011,32,1,1,,,14.0,6,1,2017
1410110050701.0,14,141011,37,1,1,,,14.0,6,0,2017
1410110050901.0,14,141011,59,1,2,,,9.0,3,1,2017
1410110050901.0,14,141011,60,1,2,,,7.0,4,0,2017
1410110051201.0,14,141011,60,1,2,,,11.0,4,1,2017
1410110051201.0,14,141011,54,1,2,,,11.0,4,0,2017
1410110051201.0,14,141011,11,,1,,,7.0,4,0,2017
1410110051501.0,14,141011,51,1,2,,,9.0,4,1,2017
1410110051501.0,14,141011,53,1,2,,,9.0,4,0,2017
1410110051501.0,14,141011,52,1,2,,,9.0,4,0,2017
1410110060101.0,14,141011,58,1,2,,,7.0,8,1,2017
1410110060101.0,14,141011,52,1,2,,,7.0,3,0,2017
1410110060102.0,14,141011,52,1,2,,,9.0,3,1,2017
1410110060103.0,14,141011,22,1,1,,,13.0,5,1,2017
1410110060201.0,14,141011,30,1,2,17,9,11.0,4,1,2017
1410110060301.0,14,141011,34,1,2,,,13.0,5,1,2017
1410110060301.0,14,141011,46,1,2,,,9.0,4,0,2017
1410110060301.0,14,141011,75,1,2,,,8.0,4,0,2017
1410110070101.0,14,141011,80,1,2,,,13.0,5,1,2017
1410110070101.0,14,141011,75,1,2,,,13.0,5,0,2017
1410110070201.0,14,141011,39,1,2,,,12.0,2,1,2017
1410110070201.0,14,141011,38,1,2,,,9.0,4,0,2017
1410110070201.0,14,141011,6,,1,,,4.0,,0,2017
1410110070201.0,14,141011,5,,1,,,4.0,,0,2017
1410110080101.0,14,141011,65,1,2,,,13.0,4,1,2017
1410110080201.0,14,141011,78,1,2,,,8.0,6,1,2017
1410110080201.0,14,141011,75,1,2,,,8.0,6,0,2017
1410110080301.0,14,141011,47,1,2,,,7.0,8,1,2017
1410110080301.0,14,141011,52,1,2,,,7.0,8,0,2017
1410110080301.0,14,141011,18,1,1,,,9.0,4,0,2017
1410110080601.0,14,141011,55,1,2,,,9.0,4,1,2017
1410110080601.0,14,141011,33,1,2,,,9.0,4,0,2017
1410110080601.0,14,141011,25,1,2,99,4,7.0,4,0,2017
1410110080601.0,14,141011,30,1,2,99,4,9.0,4,0,2017
1410110080601.0,14,141011,3,,2,,,1.0,,0,2017
1410110080601.0,14,141011,2,,2,,,1.0,,0,2017
1410110080701.0,14,141011,46,1,2,,,13.0,5,1,2017
1410110080701.0,14,141011,45,1,2,,,11.0,4,0,2017
1410110080701.0,14,141011,23,1,1,,,13.0,5,0,2017
1410110080701.0,14,141011,19,1,2,17,2,9.0,4,0,2017
1410110080801.0,14,141011,51,1,2,,,9.0,3,1,2017
1410110081001.0,14,141011,65,1,2,,,15.0,6,1,2017
1410110081001.0,14,141011,39,1,2,,,13.0,5,0,2017
1410110081001.0,14,141011,45,1,2,,,9.0,4,0,2017
1410110081101.0,14,141011,82,1,2,,,9.0,4,1,2017
1410110081101.0,14,141011,54,1,2,,,11.0,4,0,2017
1410110081101.0,14,141011,52,1,2,,,9.0,4,0,2017
1410110090101.0,14,141011,77,1,2,,,9.0,4,1,2017
1410110090101.0,14,141011,48,1,2,,,13.0,5,0,2017
1410110090201.0,14,141011,57,1,2,,,9.0,4,1,2017
1410110090201.0,14,141011,25,1,2,7,3,13.0,5,0,2017
1410110090201.0,14,141011,5,,1,,,4.0,,0,2017
1410110090501.0,14,141011,39,1,1,,,14.0,5,1,2017
1410110090501.0,14,141011,38,1,2,,,15.0,7,0,2017
1410110090701.0,14,141011,82,1,2,,,8.0,6,1,2017
1410110090901.0,14,141011,45,1,2,,,12.0,3,1,2017
1410110091001.0,14,141011,80,1,2,,,13.0,5,1,2017
1410110091001.0,14,141011,86,1,2,,,10.0,2,0,2017
1410110100401.0,14,141011,70,1,2,,,13.0,2,1,2017
1410110100401.0,14,141011,59,1,2,,,13.0,2,0,2017
1410110100401.0,14,141011,88,1,2,,,8.0,6,0,2017
1410110100601.0,14,141011,37,1,2,,,15.0,7,1,2017
1410110100601.0,14,141011,42,1,2,,,15.0,9,0,2017
1410110100601.0,14,141011,0,,2,,,1.0,,0,2017
1410110100701.0,14,141011,57,1,2,,,13.0,5,1,2017
1410110100801.0,14,141011,40,1,1,,,14.0,7,1,2017
1410110100801.0,14,141011,19,1,1,,,13.0,1,0,2017
1410110100901.0,14,141011,79,1,2,,,10.0,4,1,2017
1410110110301.0,14,141011,30,1,2,99,9,13.0,6,1,2017
1410110110301.0,14,141011,29,1,2,99,9,13.0,6,0,2017
1410110110301.0,14,141011,30,1,2,99,9,14.0,8,0,2017
1410110110401.0,14,141011,51,1,2,,,9.0,4,1,2017
1410110110401.0,14,141011,24,1,1,,,13.0,1,0,2017
1410110120101.0,14,141011,72,1,2,,,13.0,4,1,2017
1410110120201.0,14,141011,55,1,2,,,13.0,5,1,2017
1410110120201.0,14,141011,25,1,1,,,13.0,4,0,2017
1410110120201.0,14,141011,81,1,2,,,13.0,4,0,2017
1410110120301.0,14,141011,80,1,2,,,6.0,6,1,2017
1410110120301.0,14,141011,90,1,2,,,6.0,6,0,2017
1410110120501.0,14,141011,76,1,2,,,13.0,5,1,2017
1410110120501.0,14,141011,56,1,2,,,12.0,3,0,2017
1410110130101.0,14,141011,63,1,2,,,13.0,5,1,2017
1410110130101.0,14,141011,70,1,2,,,13.0,5,0,2017
1410110130201.0,14,141011,31,1,2,,,9.0,4,1,2017
1410110130201.0,14,141011,40,1,2,,,9.0,4,0,2017
1410110130201.0,14,141011,15,1,1,,,7.0,3,0,2017
1410110130201.0,14,141011,8,,1,,,7.0,3,0,2017
1410110130201.0,14,141011,2,,1,,,3.0,,0,2017
1410110130401.0,14,141011,29,1,2,7,9,12.0,3,1,2017
1410110130401.0,14,141011,32,1,2,,,13.0,5,0,2017
1410110130501.0,14,141011,35,1,2,,,13.0,4,1,2017
1410110130501.0,14,141011,86,1,2,,,1.0,,0,2017
1410110130501.0,14,141011,38,1,2,,,13.0,4,0,2017
1410110140401.0,14,141011,86,1,2,,,13.0,3,1,2017
1410110140401.0,14,141011,56,1,2,,,12.0,2,0,2017
1410110140401.0,14,141011,22,1,1,,,13.0,3,0,2017
1410110140401.0,14,141011,16,1,1,,,9.0,1,0,2017
1410110140402.0,14,141011,60,1,2,,,11.0,4,1,2017
1410110140402.0,14,141011,52,1,2,,,11.0,4,0,2017
1410110140402.0,14,141011,20,1,2,7,3,9.0,4,0,2017
1410110140402.0,14,141011,16,1,1,,,9.0,1,0,2017
1410110140501.0,14,141011,54,1,2,,,13.0,3,1,2017
1410110140601.0,14,141011,75,1,2,,,8.0,6,1,2017
1410110140701.0,14,141011,58,1,2,,,13.0,4,1,2017
1410110140701.0,14,141011,88,1,2,,,8.0,3,0,2017
1410110140701.0,14,141011,83,1,2,,,8.0,3,0,2017
1410110140801.0,14,141011,80,1,2,,,8.0,6,1,2017
1410110141001.0,14,141011,49,1,2,,,9.0,4,1,2017
1410110141001.0,14,141011,20,1,1,,,13.0,1,0,2017
1410110141001.0,14,141011,6,,1,,,7.0,1,0,2017
1410110150201.0,14,141011,53,1,2,,,13.0,4,1,2017
1410110150201.0,14,141011,44,1,2,,,13.0,4,0,2017
1410110150201.0,14,141011,81,1,2,,,8.0,1,0,2017
1410110150301.0,14,141011,72,1,2,,,9.0,4,1,2017
1410110150301.0,14,141011,71,1,2,,,9.0,4,0,2017
1410110160401.0,14,141011,33,1,2,,,13.0,5,1,2017
1410110160401.0,14,141011,27,1,2,7,4,13.0,5,0,2017
1410110160401.0,14,141011,2,,2,,,1.0,,0,2017
1410110170101.0,14,141011,37,1,2,,,14.0,7,1,2017
1410110170101.0,14,141011,36,1,2,,,13.0,5,0,2017
1410110170101.0,14,141011,2,,2,,,1.0,,0,2017
1410110170101.0,14,141011,9,,1,,,7.0,4,0,2017
1410110170101.0,14,141011,13,,1,,,7.0,7,0,2017
1410110170201.0,14,141011,63,1,2,,,13.0,5,1,2017
1410110170401.0,14,141011,56,1,2,,,13.0,2,1,2017
1410110170401.0,14,141011,34,1,2,,,5.0,,0,2017
1410110170401.0,14,141011,17,1,1,,,9.0,3,0,2017
1410110170401.0,14,141011,83,1,2,,,8.0,6,0,2017
1410110180101.0,14,141011,26,1,2,7,2,15.0,5,1,2017
1410110180101.0,14,141011,75,1,2,,,8.0,99,0,2017
1410110180101.0,14,141011,26,1,2,7,2,13.0,5,0,2017
1410110180301.0,14,141011,72,1,2,,,13.0,5,1,2017
1410110180301.0,14,141011,71,1,2,,,13.0,5,0,2017
1410110180601.0,14,141011,72,1,2,,,15.0,7,1,2017
1410110180601.0,14,141011,62,1,2,,,13.0,5,0,2017
1410110180601.0,14,141011,31,1,2,,,9.0,4,0,2017
1410110180701.0,14,141011,68,1,2,,,15.0,7,1,2017
1410110180701.0,14,141011,64,1,2,,,15.0,7,0,2017
1410110180801.0,14,141011,72,1,2,,,15.0,8,1,2017
1410110180801.0,14,141011,73,1,2,,,15.0,6,0,2017
1410110181001.0,14,141011,63,1,2,,,13.0,6,1,2017
1410110181001.0,14,141011,36,1,2,,,13.0,5,0,2017
1410110181101.0,14,141011,53,1,2,,,13.0,5,1,2017
1410110181101.0,14,141011,50,1,2,,,13.0,5,0,2017
1410110181101.0,14,141011,23,1,1,,,13.0,4,0,2017
1410110181101.0,14,141011,17,1,1,,,9.0,3,0,2017
1410110181201.0,14,141011,42,1,2,,,13.0,3,1,2017
1410110181201.0,14,141011,39,1,2,,,13.0,3,0,2017
1410110181201.0,14,141011,9,,1,,,7.0,3,0,2017
1410110181201.0,14,141011,6,,1,,,4.0,,0,2017
1410110181201.0,14,141011,0,,2,,,1.0,,0,2017
1410110190201.0,14,141011,53,1,2,,,13.0,5,1,2017
1410110190201.0,14,141011,49,1,2,,,13.0,5,0,2017
1410110190201.0,14,141011,25,1,1,,,13.0,4,0,2017
1410110190201.0,14,141011,18,1,1,,,9.0,4,0,2017
1410110190401.0,14,141011,52,1,2,,,13.0,5,1,2017
1410110190401.0,14,141011,24,1,1,,,13.0,5,0,2017
1410110190401.0,14,141011,26,1,1,,,13.0,5,0,2017
1410110190501.0,14,141011,53,1,2,,,13.0,6,1,2017
1410110190501.0,14,141011,42,1,2,,,12.0,2,0,2017
1410110190501.0,14,141011,21,1,1,,,13.0,1,0,2017
1410110190501.0,14,141011,19,1,1,,,13.0,1,0,2017
1410110190501.0,14,141011,16,1,1,,,9.0,2,0,2017
1410110190901.0,14,141011,57,1,2,,,13.0,5,1,2017
1410110190901.0,14,141011,43,9,2,,,13.0,5,0,2017
1410110190901.0,14,141011,4,,1,,,4.0,,0,2017
1410110190901.0,14,141011,1,,2,,,1.0,,0,2017
1410110191001.0,14,141011,61,1,2,,,9.0,4,1,2017
1410110191001.0,14,141011,54,1,2,,,13.0,5,0,2017
1410110201401.0,14,141011,56,1,2,,,13.0,5,1,2017
1410110201401.0,14,141011,49,1,2,,,13.0,5,0,2017
1410110201401.0,14,141011,15,1,1,,,9.0,1,0,2017
1410110201401.0,14,141011,14,,1,,,7.0,8,0,2017
1410110201501.0,14,141011,72,1,2,,,13.0,5,1,2017
1410110201501.0,14,141011,73,1,2,,,13.0,6,0,2017
1410110210301.0,14,141011,71,1,2,,,13.0,3,1,2017
1410110210301.0,14,141011,94,1,2,,,6.0,4,0,2017
1410110210401.0,14,141011,54,1,2,,,13.0,5,1,2017
1410110210401.0,14,141011,45,1,2,,,15.0,8,0,2017
1410110210401.0,14,141011,24,1,2,12,2,12.0,2,0,2017
1410110210401.0,14,141011,20,1,1,,,13.0,1,0,2017
1410110210401.0,14,141011,6,,1,,,4.0,,0,2017
1410110220301.0,14,141011,76,1,2,,,13.0,5,1,2017
1410110220301.0,14,141011,63,1,2,,,13.0,5,0,2017
1410110220301.0,14,141011,29,1,2,7,9,13.0,5,0,2017
1410110230101.0,14,141011,45,1,2,,,13.0,6,1,2017
1410110230101.0,14,141011,45,1,2,,,13.0,6,0,2017
1410110230101.0,14,141011,13,,1,,,7.0,8,0,2017
1410110230101.0,14,141011,5,,1,,,4.0,,0,2017
1410110230101.0,14,141011,4,,1,,,3.0,,0,2017
1410110230601.0,14,141011,65,1,2,,,13.0,4,1,2017
1410110230601.0,14,141011,62,1,2,,,9.0,4,0,2017
1410110230601.0,14,141011,29,1,2,12,2,12.0,3,0,2017
1410110230601.0,14,141011,33,1,2,,,13.0,6,0,2017
1410110230601.0,14,141011,6,,1,,,7.0,1,0,2017
1410110230701.0,14,141011,87,1,2,,,8.0,6,1,2017
1410110230701.0,14,141011,85,1,2,,,13.0,2,0,2017
1410110230801.0,14,141011,38,1,2,,,13.0,5,1,2017
1410110230901.0,14,141011,39,1,2,,,11.0,4,1,2017
1410110230901.0,14,141011,45,1,2,,,13.0,5,0,2017
1410110230901.0,14,141011,15,1,1,,,9.0,1,0,2017
1410110230901.0,14,141011,8,,1,,,7.0,2,0,2017
1410110231001.0,14,141011,69,1,2,,,13.0,5,1,2017
1410110231001.0,14,141011,73,1,2,,,13.0,5,0,2017
1410110231101.0,14,141011,67,1,2,,,13.0,6,1,2017
1410110231101.0,14,141011,63,1,2,,,13.0,4,0,2017
1410110231101.0,14,141011,30,1,1,,,13.0,5,0,2017
1410110231201.0,14,141011,21,1,1,,,13.0,3,1,2017
1410110231301.0,14,141011,80,1,2,,,15.0,7,1,2017
1410110231301.0,14,141011,84,1,2,,,13.0,5,0,2017
1410110231401.0,14,141011,63,1,2,,,13.0,2,1,2017
1410110231401.0,14,141011,64,1,2,,,12.0,1,0,2017
1410110231501.0,14,141011,69,1,2,,,13.0,6,1,2017
1410110231501.0,14,141011,18,1,1,,,9.0,4,0,2017
1410110231601.0,14,141011,64,1,2,,,13.0,5,1,2017
1410110231601.0,14,141011,57,1,2,,,9.0,4,0,2017
1410110231601.0,14,141011,36,1,2,,,13.0,5,0,2017
1410110231601.0,14,141011,12,,1,,,7.0,7,0,2017
1410110231601.0,14,141011,1,,2,,,1.0,,0,2017
1410110231801.0,14,141011,66,1,2,,,12.0,2,1,2017
1410110231801.0,14,141011,68,1,2,,,12.0,3,0,2017
1410110231801.0,14,141011,19,1,1,,,13.0,2,0,2017
1410110231901.0,14,141011,66,1,2,,,13.0,5,1,2017
1410110232001.0,14,141011,29,1,2,12,2,13.0,5,1,2017
1410110232201.0,14,141011,52,1,2,,,13.0,4,1,2017
1410110232201.0,14,141011,41,1,2,,,13.0,2,0,2017
1410110232201.0,14,141011,22,1,2,12,3,9.0,4,0,2017
1410110232201.0,14,141011,11,,1,,,7.0,5,0,2017
1410110232201.0,14,141011,7,,1,,,7.0,1,0,2017
1410110232201.0,14,141011,3,,1,,,3.0,,0,2017
1410110240101.0,14,141011,57,1,2,,,9.0,4,1,2017
1410110240101.0,14,141011,52,1,2,,,9.0,1,0,2017
1410110240101.0,14,141011,55,1,2,,,9.0,4,0,2017
1410110240101.0,14,141011,22,1,2,7,4,9.0,4,0,2017
1410110240201.0,14,141011,53,1,2,,,9.0,4,1,2017
1410110240201.0,14,141011,24,1,2,7,1,13.0,4,0,2017
1410110240301.0,14,141011,82,1,2,,,9.0,4,1,2017
1410110240401.0,14,141011,84,1,2,,,9.0,4,1,2017
1410110250201.0,14,141011,65,1,2,,,7.0,8,1,2017
1410110250201.0,14,141011,56,1,2,,,9.0,3,0,2017
1410110250301.0,14,141011,56,1,2,,,7.0,8,1,2017
1410110250501.0,14,141011,52,1,2,,,9.0,4,1,2017
1410110250501.0,14,141011,50,4,2,,,9.0,4,0,2017
1410110250501.0,14,141011,26,1,1,,,13.0,3,0,2017
1410110250601.0,14,141011,74,1,2,,,6.0,5,1,2017
1410110250601.0,14,141011,53,1,2,,,9.0,2,0,2017
1410110250701.0,14,141011,68,1,2,,,6.0,6,1,2017
1410110250901.0,14,141011,22,1,1,,,13.0,3,1,2017
1410110250901.0,14,141011,21,1,1,,,13.0,3,0,2017
1410110250901.0,14,141011,20,1,1,,,13.0,3,0,2017
1410110251001.0,14,141011,68,1,2,,,8.0,4,1,2017
1410110251101.0,14,141011,30,1,2,99,9,13.0,5,1,2017
1410110251101.0,14,141011,31,1,2,,,13.0,5,0,2017
1410110251101.0,14,141011,2,,1,,,3.0,,0,2017
1410110260101.0,14,141011,72,1,2,,,15.0,7,1,2017
1410110260101.0,14,141011,51,1,2,,,13.0,4,0,2017
1410110260201.0,14,141011,37,1,2,,,13.0,5,1,2017
1410110260201.0,14,141011,62,1,2,,,11.0,4,0,2017
1410110260201.0,14,141011,20,1,1,,,9.0,3,0,2017
1410110260401.0,14,141011,50,1,2,,,9.0,4,1,2017
1410110260401.0,14,141011,28,1,1,,,13.0,2,0,2017
1410110260401.0,14,141011,21,1,2,9,9,9.0,4,0,2017
1410110270101.0,14,141011,70,1,2,,,13.0,6,1,2017
1410110270101.0,14,141011,70,1,2,,,13.0,6,0,2017
1410110270401.0,14,141011,63,1,2,,,13.0,5,1,2017
1410110270401.0,14,141011,60,1,2,,,13.0,7,0,2017
1410110270401.0,14,141011,27,1,1,,,13.0,7,0,2017
1410110280101.0,14,141011,62,1,2,,,13.0,5,1,2017
1410110280101.0,14,141011,51,1,2,,,13.0,5,0,2017
1410110280101.0,14,141011,26,1,1,,,13.0,6,0,2017
1410110280301.0,14,141011,64,1,2,,,13.0,5,1,2017
1410110280301.0,14,141011,67,1,2,,,13.0,5,0,2017
1410110280801.0,14,141011,41,1,2,,,15.0,7,1,2017
1410110280801.0,14,141011,41,1,2,,,13.0,5,0,2017
1410110280801.0,14,141011,7,,1,,,7.0,1,0,2017
1410110280801.0,14,141011,4,,1,,,4.0,,0,2017
1410110280801.0,14,141011,0,,2,,,1.0,,0,2017
1410110281101.0,14,141011,75,1,2,,,13.0,5,1,2017
1410110281101.0,14,141011,73,1,2,,,13.0,5,0,2017
1410110281401.0,14,141011,53,1,2,,,12.0,2,1,2017
1410110281401.0,14,141011,55,1,2,,,13.0,5,0,2017
1410110281401.0,14,141011,23,1,1,,,13.0,2,0,2017
1410110281401.0,14,141011,18,1,1,,,9.0,4,0,2017
1410110281801.0,14,141011,48,1,2,,,13.0,6,1,2017
1410110281801.0,14,141011,51,1,2,,,13.0,6,0,2017
1410110281801.0,14,141011,23,1,1,,,13.0,4,0,2017
1410110281801.0,14,141011,18,1,1,,,13.0,1,0,2017
1410110281801.0,14,141011,15,1,1,,,9.0,1,0,2017
1410110282001.0,14,141011,73,1,2,,,9.0,4,1,2017
1410110290401.0,14,141011,73,1,2,,,12.0,3,1,2017
1410110290501.0,14,141011,86,1,2,,,13.0,4,1,2017
1410110290501.0,14,141011,51,1,2,,,13.0,5,0,2017
1410110290801.0,14,141011,87,1,2,,,11.0,4,1,2017
1410110291001.0,14,141011,70,1,2,,,13.0,5,1,2017
1410110300101.0,14,141011,54,1,2,,,13.0,2,1,2017
1410110300101.0,14,141011,22,1,1,,,13.0,3,0,2017
1410110300201.0,14,141011,34,1,2,,,13.0,5,1,2017
1410110310101.0,14,141011,61,1,2,,,10.0,5,1,2017
1410110310101.0,14,141011,58,1,2,,,12.0,3,0,2017
1410110310101.0,14,141011,29,1,2,7,3,13.0,7,0,2017
1410110310101.0,14,141011,27,1,2,7,2,13.0,7,0,2017
1410110310301.0,14,141011,50,1,2,,,13.0,4,1,2017
1410110310301.0,14,141011,47,1,2,,,12.0,3,0,2017
1410110310301.0,14,141011,15,1,1,,,9.0,1,0,2017
1410110310301.0,14,141011,7,,1,,,7.0,2,0,2017
1410110310401.0,14,141011,43,1,2,,,11.0,4,1,2017
1410110320101.0,14,141011,28,1,1,,,13.0,5,1,2017
1410110320801.0,14,141011,50,1,2,,,11.0,4,1,2017
1410110320801.0,14,141011,45,1,2,,,11.0,4,0,2017
1410110320801.0,14,141011,23,1,1,,,9.0,4,0,2017
1410110320901.0,14,141011,76,1,2,,,9.0,1,1,2017
1410110321001.0,14,141011,56,1,2,,,12.0,3,1,2017
1410110321001.0,14,141011,62,1,2,,,9.0,1,0,2017
1410110330101.0,14,141011,76,1,2,,,6.0,6,1,2017
1410110330101.0,14,141011,57,1,2,,,,1,0,2017
1410110330101.0,14,141011,16,1,1,,,9.0,3,0,2017
1410110340501.0,14,141011,38,1,2,,,9.0,4,1,2017
1410110340501.0,14,141011,36,1,2,,,13.0,5,0,2017
1410110340501.0,14,141011,0,,2,,,1.0,,0,2017
1410110340601.0,14,141011,90,1,2,,,8.0,6,1,2017
1410110340601.0,14,141011,72,1,2,,,8.0,6,0,2017
1410110340601.0,14,141011,48,1,2,,,9.0,4,0,2017
1410110340601.0,14,141011,70,1,2,,,8.0,4,0,2017
1410110340601.0,14,141011,20,1,1,,,13.0,3,0,2017
1410110340901.0,14,141011,59,1,2,,,13.0,5,1,2017
1410110340901.0,14,141011,91,1,2,,,8.0,4,0,2017
1410110350201.0,14,141011,29,1,2,12,4,12.0,2,1,2017
1410110350201.0,14,141011,30,1,2,1,4,13.0,5,0,2017
1410110350201.0,14,141011,4,,1,,,3.0,,0,2017
1410110350501.0,14,141011,34,1,2,,,11.0,4,1,2017
1410110350601.0,14,141011,84,1,2,,,6.0,6,1,2017
1410110350601.0,14,141011,87,1,2,,,6.0,6,0,2017
1410110350601.0,14,141011,55,1,2,,,13.0,5,0,2017
1410110350701.0,14,141011,40,1,2,,,13.0,5,1,2017
1410110350701.0,14,141011,41,1,2,,,13.0,5,0,2017
1410110350701.0,14,141011,10,,1,,,7.0,4,0,2017
1410110350701.0,14,141011,5,,1,,,4.0,,0,2017
1410110350801.0,14,141011,35,9,2,,,13.0,4,1,2017
1410110350801.0,14,141011,23,1,2,7,2,12.0,3,0,2017
1410110350801.0,14,141011,8,,1,,,7.0,2,0,2017
1410110350801.0,14,141011,0,,1,,,2.0,,0,2017
1410110350901.0,14,141011,26,1,2,7,4,13.0,5,1,2017
1410110351001.0,14,141011,38,1,2,,,13.0,4,1,2017
1410110351001.0,14,141011,9,,1,,,7.0,3,0,2017
1410110351001.0,14,141011,5,,1,,,4.0,,0,2017
1410110351401.0,14,141011,85,1,2,,,8.0,6,1,2017
1410110351501.0,14,141011,85,1,2,,,8.0,4,1,2017
1410110351501.0,14,141011,50,1,2,,,9.0,4,0,2017
1410110351501.0,14,141011,51,1,2,,,12.0,3,0,2017
1410110351501.0,14,141011,53,1,2,,,12.0,3,0,2017
1410110360201.0,14,141011,54,1,2,,,9.0,2,1,2017
1410110360201.0,14,141011,42,1,2,,,7.0,8,0,2017
1410110360201.0,14,141011,22,1,2,14,4,9.0,4,0,2017
1410110360201.0,14,141011,11,,1,,,7.0,5,0,2017
1410110360201.0,14,141011,10,,1,,,7.0,4,0,2017
1410110360401.0,14,141011,62,1,2,,,7.0,8,1,2017
1410110360401.0,14,141011,52,1,2,,,7.0,8,0,2017
1410110360401.0,14,141011,17,1,2,14,2,9.0,1,0,2017
1410110360701.0,14,141011,55,1,2,,,9.0,4,1,2017
1410110360701.0,14,141011,46,1,2,,,9.0,4,0,2017
1410110360701.0,14,141011,20,1,2,11,2,11.0,4,0,2017
1410110360701.0,14,141011,19,1,1,,,11.0,4,0,2017
1410110360701.0,14,141011,11,,1,,,7.0,5,0,2017
1410110360701.0,14,141011,11,,1,,,7.0,5,0,2017
1410110360801.0,14,141011,50,1,2,,,9.0,4,1,2017
1410110360801.0,14,141011,22,1,2,11,2,12.0,3,0,2017
1410110360801.0,14,141011,12,,1,,,7.0,6,0,2017
1410110360801.0,14,141011,61,1,2,,,11.0,5,0,2017
1410110360901.0,14,141011,61,1,2,,,7.0,4,1,2017
1410110360901.0,14,141011,16,1,1,,,9.0,2,0,2017
1410110360901.0,14,141011,12,,1,,,7.0,7,0,2017
1410110361001.0,14,141011,53,1,2,,,9.0,3,1,2017
1410110361001.0,14,141011,29,1,2,13,4,9.0,4,0,2017
1410110361001.0,14,141011,30,1,2,13,4,9.0,4,0,2017
1410110361001.0,14,141011,9,,1,,,7.0,2,0,2017
1410110370101.0,14,141011,55,1,2,,,9.0,4,1,2017
1410110370101.0,14,141011,53,1,2,,,9.0,4,0,2017
1410110370101.0,14,141011,27,1,2,12,4,9.0,4,0,2017
1410110370101.0,14,141011,20,1,2,12,2,9.0,4,0,2017
1410110370201.0,14,141011,75,1,2,,,9.0,4,1,2017
1410110370201.0,14,141011,54,1,2,,,11.0,5,0,2017
1410110370201.0,14,141011,14,,1,,,7.0,7,0,2017
1410110370301.0,14,141011,75,1,2,,,6.0,6,1,2017
1410110370301.0,14,141011,79,1,2,,,6.0,6,0,2017
1410110370301.0,14,141011,43,1,2,,,11.0,5,0,2017
1410110370401.0,14,141011,83,1,2,,,8.0,6,1,2017
1410110370401.0,14,141011,59,1,2,,,13.0,5,0,2017
1410110370401.0,14,141011,44,1,2,,,9.0,4,0,2017
1410110370401.0,14,141011,15,1,1,,,9.0,1,0,2017
1410110380101.0,14,141011,52,1,2,,,11.0,5,1,2017
1410110380101.0,14,141011,53,1,2,,,9.0,4,0,2017
1410110380101.0,14,141011,19,1,1,,,9.0,4,0,2017
1410110380201.0,14,141011,68,1,2,,,6.0,4,1,2017
1410110380201.0,14,141011,26,1,2,7,9,13.0,5,0,2017
1410110390101.0,14,141011,77,1,2,,,6.0,6,1,2017
1410110390101.0,14,141011,77,1,2,,,6.0,3,0,2017
1410110390201.0,14,141011,86,1,2,,,11.0,4,1,2017
1410110390201.0,14,141011,58,1,2,,,9.0,4,0,2017
1410110390201.0,14,141011,20,1,1,,,13.0,3,0,2017
1410110390301.0,14,141011,72,1,2,,,7.0,5,1,2017
1410110390301.0,14,141011,62,1,2,,,7.0,3,0,2017
1410110390302.0,14,141011,46,1,2,,,9.0,4,1,2017
1410110390302.0,14,141011,39,1,2,,,9.0,1,0,2017
1410110390401.0,14,141011,23,1,2,12,4,9.0,3,1,2017
1410110390401.0,14,141011,29,1,2,7,4,12.0,3,0,2017
1410110400101.0,14,141011,67,1,2,,,7.0,3,1,2017
1410110400101.0,14,141011,67,1,2,,,7.0,5,0,2017
1410110400201.0,14,141011,40,1,2,,,9.0,3,1,2017
1410110400301.0,14,141011,82,1,2,,,10.0,3,1,2017
1410110400301.0,14,141011,50,1,2,,,11.0,5,0,2017
1410110400301.0,14,141011,42,1,2,,,11.0,4,0,2017
1410110400301.0,14,141011,18,1,1,,,9.0,3,0,2017
1410110400301.0,14,141011,2,,1,,,3.0,,0,2017
1410110400401.0,14,141011,48,1,2,,,7.0,8,1,2017
1410110400401.0,14,141011,53,1,2,,,7.0,8,0,2017
1410110400401.0,14,141011,22,1,2,11,4,11.0,4,0,2017
1410110400401.0,14,141011,18,1,1,,,11.0,4,0,2017
1410110400501.0,14,141011,52,1,2,,,13.0,6,1,2017
1410110400501.0,14,141011,23,1,1,,,13.0,3,0,2017
1410110400601.0,14,141011,60,1,2,,,9.0,4,1,2017
1410110400601.0,14,141011,60,1,2,,,9.0,4,0,2017
1410110400601.0,14,141011,20,1,2,3,3,5.0,,0,2017
1410110400601.0,14,141011,77,1,2,,,6.0,2,0,2017
1410110400701.0,14,141011,62,1,2,,,8.0,2,1,2017
1410110400701.0,14,141011,39,1,2,,,9.0,4,0,2017
1410110400701.0,14,141011,19,1,1,,,13.0,1,0,2017
1410110400701.0,14,141011,11,,1,,,7.0,5,0,2017
1410110400801.0,14,141011,74,1,2,,,8.0,1,1,2017
1410110400801.0,14,141011,70,1,2,,,8.0,2,0,2017
1410110400801.0,14,141011,28,1,1,,,13.0,1,0,2017
1410110400801.0,14,141011,8,,1,,,7.0,3,0,2017
1410110400901.0,14,141011,28,1,2,17,3,13.0,2,1,2017
1410110401001.0,14,141011,26,1,2,7,4,9.0,4,1,2017
1410110401001.0,14,141011,22,1,2,7,4,9.0,4,0,2017
1410110401001.0,14,141011,2,,2,,,1.0,,0,2017
1410110401101.0,14,141011,48,1,2,,,9.0,4,1,2017
1410110401101.0,14,141011,77,1,2,,,6.0,6,0,2017
1410110401101.0,14,141011,20,1,1,,,13.0,2,0,2017
1410110401101.0,14,141011,15,1,1,,,9.0,1,0,2017
1410110401201.0,14,141011,48,1,2,,,9.0,4,1,2017
1410110401201.0,14,141011,52,1,2,,,9.0,4,0,2017
1410110401201.0,14,141011,22,1,1,,,12.0,1,0,2017
1410110401201.0,14,141011,21,1,1,,,13.0,2,0,2017
1410110401201.0,14,141011,1,,1,,,2.0,,0,2017
1410110401201.0,14,141011,27,1,1,,,13.0,1,0,2017
1410110401301.0,14,141011,52,1,2,,,7.0,2,1,2017
1410110401301.0,14,141011,27,1,1,,,13.0,4,0,2017
1410110401301.0,14,141011,69,1,2,,,8.0,6,0,2017
1410110401401.0,14,141011,72,1,2,,,8.0,6,1,2017
1410110401401.0,14,141011,82,1,2,,,8.0,2,0,2017
1410110401401.0,14,141011,44,1,2,,,9.0,4,0,2017
1410110401401.0,14,141011,21,1,2,11,4,9.0,4,0,2017
1410110401401.0,14,141011,2,,1,,,2.0,,0,2017
1410110401501.0,14,141011,62,1,2,,,12.0,3,1,2017
1410110401501.0,14,141011,48,1,2,,,13.0,5,0,2017
1410110401501.0,14,141011,24,1,1,,,13.0,5,0,2017
1410110401501.0,14,141011,20,1,1,,,13.0,1,0,2017
1410110410201.0,14,141011,72,1,2,,,7.0,8,1,2017
1410110410201.0,14,141011,36,1,2,,,13.0,5,0,2017
1410110410201.0,14,141011,16,1,1,,,9.0,3,0,2017
1410110410301.0,14,141011,69,1,2,,,6.0,6,1,2017
1410110410301.0,14,141011,50,1,2,,,9.0,4,0,2017
1410110410401.0,14,141011,77,1,2,,,8.0,3,1,2017
1410110420101.0,14,141011,47,1,2,,,9.0,4,1,2017
1410110420101.0,14,141011,14,,1,,,7.0,8,0,2017
1410110420101.0,14,141011,13,,1,,,7.0,7,0,2017
1410110420201.0,14,141011,46,1,2,,,11.0,4,1,2017
1410110420201.0,14,141011,41,1,2,,,9.0,4,0,2017
1410110420201.0,14,141011,22,1,1,,,11.0,4,0,2017
1410110420201.0,14,141011,17,1,1,,,9.0,3,0,2017
1410110420401.0,14,141011,55,1,2,,,7.0,8,1,2017
1410110420401.0,14,141011,49,1,2,,,7.0,8,0,2017
1410110420401.0,14,141011,11,,1,,,7.0,5,0,2017
1410110420501.0,14,141011,30,1,2,7,4,12.0,3,1,2017
1410110420501.0,14,141011,6,,1,,,4.0,,0,2017
1410110420501.0,14,141011,4,,1,,,4.0,,0,2017
1410110420501.0,14,141011,4,,1,,,4.0,,0,2017
1410110420701.0,14,141011,36,2,2,,,7.0,3,1,2017
1410110420801.0,14,141011,46,1,2,,,9.0,3,1,2017
1410110420801.0,14,141011,36,1,2,,,7.0,8,0,2017
1410110420801.0,14,141011,20,1,2,12,2,7.0,2,0,2017
1410110420801.0,14,141011,10,,1,,,7.0,5,0,2017
1410110420801.0,14,141011,2,,2,,,1.0,,0,2017
1410110420801.0,14,141011,0,,2,,,1.0,,0,2017
1410110420901.0,14,141011,55,1,2,,,9.0,3,1,2017
1410110420901.0,14,141011,13,,1,,,7.0,6,0,2017
1410110421101.0,14,141011,57,1,2,,,9.0,3,1,2017
1410110421101.0,14,141011,64,1,2,,,7.0,8,0,2017
1410110421101.0,14,141011,25,1,2,12,4,12.0,3,0,2017
1410110421101.0,14,141011,27,1,2,12,4,11.0,4,0,2017
1410110421201.0,14,141011,40,1,2,,,9.0,4,1,2017
1410110421201.0,14,141011,21,1,2,6,4,7.0,5,0,2017
1410110421201.0,14,141011,12,,1,,,7.0,6,0,2017
1410110421201.0,14,141011,10,,1,,,7.0,4,0,2017
1410110421301.0,14,141011,46,1,2,,,7.0,8,1,2017
1410110421301.0,14,141011,46,1,2,,,7.0,6,0,2017
1410110421301.0,14,141011,17,1,1,,,9.0,3,0,2017
1410110421301.0,14,141011,14,,1,,,9.0,1,0,2017
1410110421301.0,14,141011,10,,1,,,7.0,4,0,2017
1410110421401.0,14,141011,49,1,2,,,7.0,7,1,2017
1410110421401.0,14,141011,55,1,2,,,7.0,2,0,2017
1410110421501.0,14,141011,47,1,2,,,9.0,3,1,2017
1410110421501.0,14,141011,15,1,1,,,9.0,2,0,2017
1410110421501.0,14,141011,27,1,2,12,9,12.0,1,0,2017
1410110421501.0,14,141011,4,,1,,,4.0,,0,2017
1410110421701.0,14,141011,39,1,2,,,9.0,2,1,2017
1410110421701.0,14,141011,36,1,2,,,9.0,4,0,2017
1410110421701.0,14,141011,15,1,1,,,11.0,1,0,2017
1410110421701.0,14,141011,6,,1,,,7.0,1,0,2017
1410110421801.0,14,141011,45,1,2,,,7.0,4,1,2017
1410110421801.0,14,141011,50,1,2,,,7.0,8,0,2017
1410110421801.0,14,141011,15,4,2,4,5,5.0,,0,2017
1410110421801.0,14,141011,6,,1,,,7.0,1,0,2017
1410110421801.0,14,141011,5,,1,,,4.0,,0,2017
1410110421901.0,14,141011,62,1,2,,,7.0,8,1,2017
1410110421901.0,14,141011,41,1,2,,,9.0,1,0,2017
1410110421901.0,14,141011,65,1,2,,,7.0,4,0,2017
1410110422001.0,14,141011,35,1,2,,,9.0,1,1,2017
1410110422001.0,14,141011,34,1,2,,,7.0,6,0,2017
1410110422001.0,14,141011,8,,1,,,7.0,2,0,2017
1410110430101.0,14,141011,26,1,2,12,9,7.0,8,1,2017
1410110430101.0,14,141011,21,1,2,1,9,7.0,8,0,2017
1410110430101.0,14,141011,4,,2,,,1.0,,0,2017
1410110430101.0,14,141011,1,,2,,,1.0,,0,2017
1410110430201.0,14,141011,34,1,2,,,7.0,5,1,2017
1410110430301.0,14,141011,44,1,2,,,9.0,1,1,2017
1410110430301.0,14,141011,12,,1,,,7.0,5,0,2017
1410110430301.0,14,141011,7,,1,,,7.0,1,0,2017
1410110430301.0,14,141011,6,,1,,,4.0,,0,2017
1410110430401.0,14,141011,43,1,2,,,7.0,8,1,2017
1410110430401.0,14,141011,49,1,2,,,7.0,6,0,2017
1410110430401.0,14,141011,22,1,2,10,2,9.0,4,0,2017
1410110430501.0,14,141011,44,1,2,,,9.0,3,1,2017
1410110430501.0,14,141011,42,1,2,,,7.0,8,0,2017
1410110430501.0,14,141011,17,1,1,,,9.0,2,0,2017
1410110430601.0,14,141011,61,1,2,,,7.0,2,1,2017
1410110430601.0,14,141011,64,1,2,,,7.0,8,0,2017
1410110430601.0,14,141011,22,1,2,12,4,11.0,4,0,2017
1410110430801.0,14,141011,58,1,2,,,7.0,7,1,2017
1410110430801.0,14,141011,34,1,2,,,9.0,4,0,2017
1410110430801.0,14,141011,10,,1,,,7.0,4,0,2017
1410110430901.0,14,141011,20,9,2,12,4,9.0,4,1,2017
1410110430901.0,14,141011,36,1,2,,,9.0,4,0,2017
1410110430901.0,14,141011,4,,1,,,3.0,,0,2017
1410110430901.0,14,141011,1,,2,,,1.0,,0,2017
1410110431001.0,14,141011,30,1,2,12,4,9.0,4,1,2017
1410110431001.0,14,141011,30,1,2,1,4,9.0,4,0,2017
1410110431001.0,14,141011,7,,1,,,7.0,1,0,2017
1410110431001.0,14,141011,2,,2,,,1.0,,0,2017
1410110431101.0,14,141011,52,1,2,,,15.0,8,1,2017
1410110431101.0,14,141011,52,1,2,,,11.0,2,0,2017
1410110431101.0,14,141011,26,1,2,12,4,9.0,4,0,2017
1410110431101.0,14,141011,23,1,2,4,1,5.0,,0,2017
1410110431501.0,14,141011,54,1,2,,,7.0,3,1,2017
1410110431501.0,14,141011,49,1,2,,,7.0,5,0,2017
1410110431501.0,14,141011,19,1,1,,,9.0,2,0,2017
1410110431501.0,14,141011,10,,1,,,7.0,3,0,2017
1410110431601.0,14,141011,47,1,2,,,7.0,8,1,2017
1410110431601.0,14,141011,36,1,2,,,7.0,8,0,2017
1410110431601.0,14,141011,19,1,1,,,11.0,4,0,2017
1410110431601.0,14,141011,7,,1,,,7.0,1,0,2017
1410110431701.0,14,141011,66,1,2,,,1.0,,1,2017
1410110431701.0,14,141011,68,1,2,,,6.0,2,0,2017
1410110431701.0,14,141011,33,1,2,,,9.0,4,0,2017
1410110431701.0,14,141011,6,,1,,,4.0,,0,2017
1410110431801.0,14,141011,47,1,2,,,7.0,8,1,2017
1410110431801.0,14,141011,26,1,2,4,4,7.0,4,0,2017
1410110432001.0,14,141011,47,2,2,,,7.0,4,1,2017
1410110432001.0,14,141011,42,1,2,,,7.0,8,0,2017
1410110432001.0,14,141011,26,1,2,12,4,9.0,2,0,2017
1410110432001.0,14,141011,11,,1,,,7.0,6,0,2017
1410110440201.0,14,141011,45,1,2,,,7.0,8,1,2017
1410110440201.0,14,141011,19,1,2,7,2,9.0,4,0,2017
1410110440201.0,14,141011,12,,1,,,7.0,6,0,2017
1410110440201.0,14,141011,11,,1,,,7.0,5,0,2017
1410110440201.0,14,141011,11,,1,,,7.0,5,0,2017
1410110440301.0,14,141011,81,4,2,,,1.0,,1,2017
1410110440301.0,14,141011,62,4,2,,,1.0,,0,2017
1410110440401.0,14,141011,54,1,2,,,7.0,4,1,2017
1410110440401.0,14,141011,38,1,2,,,9.0,1,0,2017
1410110450101.0,14,141011,30,1,2,12,4,11.0,2,1,2017
1410110450101.0,14,141011,12,,1,,,7.0,5,0,2017
1410110450101.0,14,141011,9,,1,,,7.0,3,0,2017
1410110450102.0,14,141011,28,1,2,1,4,7.0,6,1,2017
1410110450102.0,14,141011,12,,1,,,7.0,6,0,2017
1410110450102.0,14,141011,9,,1,,,7.0,3,0,2017
1410110450102.0,14,141011,6,,1,,,4.0,,0,2017
1410110450201.0,14,141011,20,1,2,13,3,9.0,4,1,2017
1410110450401.0,14,141011,40,1,2,,,7.0,5,1,2017
1410110450401.0,14,141011,23,1,1,,,12.0,2,0,2017
1410110450401.0,14,141011,19,1,2,17,2,9.0,4,0,2017
1410110450401.0,14,141011,13,,1,,,7.0,7,0,2017
1410110450401.0,14,141011,3,,1,,,3.0,,0,2017
1410110450401.0,14,141011,3,,1,,,3.0,,0,2017
1410110460101.0,14,141011,53,1,2,,,9.0,3,1,2017
1410110460101.0,14,141011,50,1,2,,,7.0,7,0,2017
1410110460101.0,14,141011,29,1,2,9,9,11.0,4,0,2017
1410110460101.0,14,141011,20,1,2,7,9,9.0,4,0,2017
1410110460201.0,14,141011,63,1,2,,,1.0,,1,2017
1410110460201.0,14,141011,36,1,2,,,9.0,4,0,2017
1410110460201.0,14,141011,102,1,2,,,6.0,6,0,2017
1410110460301.0,14,141011,59,1,2,,,7.0,7,1,2017
1410110460301.0,14,141011,41,1,2,,,9.0,2,0,2017
1410110460301.0,14,141011,22,1,2,12,3,11.0,4,0,2017
1410110460401.0,14,141011,63,1,2,,,9.0,1,1,2017
1410110460501.0,14,141011,83,4,2,,,1.0,,1,2017
1410110460501.0,14,141011,23,1,2,11,4,11.0,3,0,2017
1410110460501.0,14,141011,21,1,2,11,3,11.0,4,0,2017
1410110460501.0,14,141011,0,,2,,,1.0,,0,2017
1410110460801.0,14,141011,31,1,2,,,11.0,4,1,2017
1410110460801.0,14,141011,14,,1,,,7.0,7,0,2017
1410110460801.0,14,141011,7,,1,,,7.0,2,0,2017
1410110460801.0,14,141011,4,,1,,,4.0,,0,2017
1410110460901.0,14,141011,45,1,2,,,13.0,4,1,2017
1410110461001.0,14,141011,52,1,2,,,12.0,2,1,2017
1410110461101.0,14,141011,37,1,2,,,11.0,4,1,2017
1410110461101.0,14,141011,29,1,2,2,4,9.0,3,0,2017
1410110461101.0,14,141011,14,,1,,,7.0,8,0,2017
1410110461101.0,14,141011,12,,1,,,7.0,6,0,2017
1410110470101.0,14,141011,39,1,2,,,13.0,5,1,2017
1410110470101.0,14,141011,43,1,2,,,9.0,4,0,2017
1410110470101.0,14,141011,15,1,1,,,7.0,1,0,2017
1410110470101.0,14,141011,8,,1,,,7.0,3,0,2017
1410110470301.0,14,141011,47,1,2,,,11.0,4,1,2017
1410110470301.0,14,141011,19,1,2,7,2,9.0,4,0,2017
1410110470301.0,14,141011,16,1,1,,,9.0,3,0,2017
1410110470301.0,14,141011,10,,1,,,7.0,4,0,2017
1410110470301.0,14,141011,7,,1,,,7.0,1,0,2017
1410110470401.0,14,141011,42,1,2,,,13.0,5,1,2017
1410110470401.0,14,141011,37,1,2,,,9.0,4,0,2017
1410110470401.0,14,141011,11,,1,,,7.0,6,0,2017
1410110470401.0,14,141011,8,,1,,,7.0,2,0,2017
1410110470401.0,14,141011,1,,1,,,2.0,,0,2017
1410110470501.0,14,141011,37,1,2,,,13.0,5,1,2017
1410110470501.0,14,141011,37,1,2,,,12.0,3,0,2017
1410110470901.0,14,141011,42,1,2,,,13.0,5,1,2017
1410110470901.0,14,141011,45,1,2,,,12.0,2,0,2017
1410110470901.0,14,141011,18,1,1,,,9.0,4,0,2017
1410110470901.0,14,141011,11,,1,,,7.0,6,0,2017
1410110471101.0,14,141011,45,1,2,,,13.0,2,1,2017
1410110471101.0,14,141011,38,1,2,,,13.0,4,0,2017
1410110471101.0,14,141011,20,1,1,,,13.0,3,0,2017
1410110471101.0,14,141011,0,,2,,,1.0,,0,2017
1410110471201.0,14,141011,19,1,1,,,13.0,2,1,2017
1410110471201.0,14,141011,29,1,2,7,3,13.0,5,0,2017
1410110480101.0,14,141011,76,1,2,,,13.0,5,1,2017
1410110480101.0,14,141011,20,1,1,,,11.0,4,0,2017
1410110480301.0,14,141011,34,1,2,,,13.0,5,1,2017
1410110480301.0,14,141011,32,1,2,,,13.0,5,0,2017
1410110480301.0,14,141011,9,,1,,,7.0,3,0,2017
1410110480301.0,14,141011,5,,1,,,4.0,,0,2017
1410110480301.0,14,141011,1,,2,,,1.0,,0,2017
1410110480401.0,14,141011,60,1,2,,,9.0,4,1,2017
1410110480401.0,14,141011,26,1,2,7,4,13.0,6,0,2017
1410110480401.0,14,141011,7,,1,,,7.0,2,0,2017
1410110480601.0,14,141011,48,1,2,,,9.0,4,1,2017
1410110480601.0,14,141011,15,1,1,,,9.0,2,0,2017
1410110480701.0,14,141011,47,1,2,,,11.0,4,1,2017
1410110480701.0,14,141011,43,1,2,,,12.0,1,0,2017
1410110480801.0,14,141011,40,1,2,,,13.0,5,1,2017
1410110480801.0,14,141011,32,1,1,,,13.0,5,0,2017
1410110480801.0,14,141011,5,,1,,,4.0,,0,2017
1410110480801.0,14,141011,1,,2,,,1.0,,0,2017
1410110480901.0,14,141011,40,1,2,,,13.0,4,1,2017
1410110480901.0,14,141011,38,1,2,,,13.0,4,0,2017
1410110480901.0,14,141011,11,,1,,,7.0,5,0,2017
1410110480901.0,14,141011,3,,2,,,1.0,,0,2017
1410110481101.0,14,141011,32,1,2,,,13.0,5,1,2017
1410110481101.0,14,141011,30,1,2,12,4,13.0,5,0,2017
1410110481201.0,14,141011,35,1,2,,,11.0,4,1,2017
1410110481201.0,14,141011,37,1,2,,,12.0,3,0,2017
1410110481201.0,14,141011,14,,1,,,7.0,8,0,2017
1410110481201.0,14,141011,8,,1,,,7.0,2,0,2017
1410110481201.0,14,141011,0,,2,,,1.0,,0,2017
1410110481301.0,14,141011,48,1,2,,,13.0,5,1,2017
1410110481301.0,14,141011,40,1,2,,,13.0,3,0,2017
1410110481301.0,14,141011,21,1,1,,,13.0,2,0,2017
1410110481301.0,14,141011,17,1,1,,,9.0,3,0,2017
1410110481301.0,14,141011,12,,1,,,7.0,7,0,2017
1410110481301.0,14,141011,8,,1,,,7.0,2,0,2017
1410110481301.0,14,141011,6,,1,,,4.0,,0,2017
1410110481401.0,14,141011,32,1,2,,,9.0,2,1,2017
1410110481501.0,14,141011,54,1,2,,,12.0,1,1,2017
1410110481501.0,14,141011,24,1,1,,,13.0,2,0,2017
1410110481601.0,14,141011,55,3,2,,,7.0,3,1,2017
1410110481601.0,14,141011,50,1,2,,,9.0,2,0,2017
1410110481602.0,14,141011,55,1,2,,,7.0,8,1,2017
1410110481602.0,14,141011,50,1,2,,,11.0,4,0,2017
1410110481701.0,14,141011,36,1,2,,,15.0,6,1,2017
1410110481701.0,14,141011,33,1,2,,,12.0,3,0,2017
1410110481701.0,14,141011,1,,1,,,2.0,,0,2017
1410110481801.0,14,141011,60,1,2,,,7.0,5,1,2017
1410110481901.0,14,141011,32,1,1,,,13.0,5,1,2017
1410110481901.0,14,141011,29,1,2,17,9,13.0,3,0,2017
1410110482001.0,14,141011,44,1,2,,,7.0,8,1,2017
1410110482001.0,14,141011,24,1,2,12,4,7.0,8,0,2017
1410110482002.0,14,141011,32,1,2,,,9.0,4,1,2017
1410110490301.0,14,141011,64,1,2,,,7.0,5,1,2017
1410110490301.0,14,141011,55,1,2,,,7.0,8,0,2017
1410110490301.0,14,141011,73,1,2,,,7.0,8,0,2017
1410110490301.0,14,141011,89,1,2,,,8.0,4,0,2017
1410110490501.0,14,141011,49,1,2,,,9.0,4,1,2017
1410110490501.0,14,141011,49,1,2,,,11.0,4,0,2017
1410110490501.0,14,141011,18,1,2,7,2,9.0,4,0,2017
1410110490601.0,14,141011,81,1,2,,,7.0,3,1,2017
1410110490601.0,14,141011,76,1,2,,,7.0,4,0,2017
1410110490901.0,14,141011,71,1,2,,,8.0,1,1,2017
1410110490901.0,14,141011,40,1,2,,,13.0,5,0,2017
1410110491001.0,14,141011,34,1,2,,,9.0,4,1,2017
1410110491001.0,14,141011,27,1,1,,,13.0,2,0,2017
1410110491001.0,14,141011,9,,1,,,7.0,3,0,2017
1410110491101.0,14,141011,49,1,2,,,12.0,3,1,2017
1410110491101.0,14,141011,24,1,1,,,13.0,4,0,2017
1410110491101.0,14,141011,19,1,1,,,9.0,4,0,2017
1410110491101.0,14,141011,11,,1,,,7.0,5,0,2017
1410110491801.0,14,141011,56,1,2,,,9.0,1,1,2017
1410110491801.0,14,141011,40,1,2,,,9.0,4,0,2017
1410110491801.0,14,141011,25,1,2,7,4,9.0,3,0,2017
1410110491801.0,14,141011,14,,1,,,7.0,7,0,2017
1410110492001.0,14,141011,70,1,2,,,7.0,6,1,2017
1410110492001.0,14,141011,55,1,2,,,13.0,5,0,2017
1410110492201.0,14,141011,74,1,2,,,7.0,5,1,2017
1410110492301.0,14,141011,95,1,2,,,6.0,2,1,2017
1410110500201.0,14,141011,59,1,2,,,11.0,4,1,2017
1410110500201.0,14,141011,49,1,2,,,11.0,3,0,2017
1410110510101.0,14,141011,38,1,2,,,12.0,3,1,2017
1410110510101.0,14,141011,37,1,2,,,13.0,5,0,2017
1410110510201.0,14,141011,51,1,2,,,9.0,4,1,2017
1410110510201.0,14,141011,48,1,2,,,9.0,4,0,2017
1410110510201.0,14,141011,14,,1,,,7.0,8,0,2017
1410110510201.0,14,141011,23,1,2,12,9,13.0,5,0,2017
1410110510301.0,14,141011,36,1,2,,,13.0,6,1,2017
1410110510601.0,14,141011,43,1,2,,,13.0,5,1,2017
1410110510601.0,14,141011,44,1,2,,,13.0,5,0,2017
1410110510601.0,14,141011,13,,1,,,7.0,6,0,2017
1410110510701.0,14,141011,76,1,2,,,13.0,2,1,2017
1410110510701.0,14,141011,72,1,2,,,13.0,5,0,2017
1410110510801.0,14,141011,34,1,2,,,13.0,4,1,2017
1410110510901.0,14,141011,54,1,2,,,13.0,4,1,2017
1410110510901.0,14,141011,23,1,2,7,4,13.0,4,0,2017
1410110510901.0,14,141011,21,1,1,,,13.0,1,0,2017
1410110520101.0,14,141011,72,1,2,,,8.0,2,1,2017
1410110520101.0,14,141011,47,1,2,,,9.0,4,0,2017
1410110520201.0,14,141011,58,1,2,,,9.0,4,1,2017
1410110520201.0,14,141011,57,1,2,,,7.0,8,0,2017
1410110520201.0,14,141011,25,1,2,11,4,9.0,4,0,2017
1410110520201.0,14,141011,39,1,2,,,9.0,1,0,2017
1410110520201.0,14,141011,5,,1,,,4.0,,0,2017
1410110520201.0,14,141011,3,,1,,,3.0,,0,2017
1410110520301.0,14,141011,72,1,2,,,6.0,6,1,2017
1410110520301.0,14,141011,73,1,2,,,6.0,5,0,2017
1410110520401.0,14,141011,82,1,2,,,8.0,6,1,2017
1410110520401.0,14,141011,77,1,2,,,8.0,2,0,2017
1410110530101.0,14,141011,38,1,2,,,12.0,2,1,2017
1410110530101.0,14,141011,19,1,2,12,2,9.0,4,0,2017
1410110530101.0,14,141011,0,,2,,,1.0,,0,2017
1410110530101.0,14,141011,38,1,2,,,9.0,2,0,2017
1410110530301.0,14,141011,45,1,2,,,9.0,2,1,2017
1410110530301.0,14,141011,45,1,2,,,12.0,2,0,2017
1410110530401.0,14,141011,48,1,2,,,11.0,5,1,2017
1410110530401.0,14,141011,14,,1,,,9.0,1,0,2017
1410110530401.0,14,141011,11,,1,,,7.0,5,0,2017
1410110530501.0,14,141011,43,1,2,,,12.0,3,1,2017
1410110530501.0,14,141011,39,1,2,,,12.0,2,0,2017
1410110530501.0,14,141011,17,1,1,,,9.0,3,0,2017
1410110530501.0,14,141011,8,,1,,,7.0,2,0,2017
1410110530501.0,14,141011,0,,2,,,1.0,,0,2017
1410110530501.0,14,141011,60,1,2,,,9.0,4,0,2017
1410110530601.0,14,141011,71,1,2,,,8.0,6,1,2017
1410110530601.0,14,141011,58,1,2,,,7.0,2,0,2017
1410110530701.0,14,141011,44,1,2,,,12.0,3,1,2017
1410110530701.0,14,141011,46,1,2,,,11.0,4,0,2017
1410110530701.0,14,141011,15,1,1,,,9.0,2,0,2017
1410110530701.0,14,141011,12,,1,,,7.0,7,0,2017
1410110530901.0,14,141011,47,1,2,,,9.0,3,1,2017
1410110530901.0,14,141011,24,1,2,7,9,9.0,4,0,2017
1410110530901.0,14,141011,27,1,2,7,9,12.0,2,0,2017
1410110531101.0,14,141011,33,1,2,,,13.0,5,1,2017
1410110531101.0,14,141011,34,1,1,,,13.0,4,0,2017
1410110531101.0,14,141011,12,,1,,,7.0,6,0,2017
1410110531101.0,14,141011,0,,1,,,2.0,,0,2017
1410110531201.0,14,141011,55,1,2,,,9.0,4,1,2017
1410110531201.0,14,141011,10,,1,,,7.0,4,0,2017
1410110531301.0,14,141011,68,1,2,,,9.0,4,1,2017
1410110531301.0,14,141011,19,1,1,,,13.0,2,0,2017
1410110531401.0,14,141011,42,1,2,,,13.0,5,1,2017
1410110531401.0,14,141011,20,1,1,,,13.0,1,0,2017
1410110531501.0,14,141011,31,1,2,,,9.0,4,1,2017
1410110531501.0,14,141011,38,1,2,,,9.0,4,0,2017
1410110531501.0,14,141011,15,1,1,,,9.0,2,0,2017
1410110531601.0,14,141011,75,1,2,,,6.0,6,1,2017
1410110531701.0,14,141011,67,1,2,,,6.0,6,1,2017
1410110531701.0,14,141011,65,1,2,,,9.0,2,0,2017
1410110531801.0,14,141011,55,1,2,,,9.0,2,1,2017
1410110531801.0,14,141011,14,,1,,,11.0,1,0,2017
1410110531901.0,14,141011,24,1,2,11,3,9.0,2,1,2017
1410110531901.0,14,141011,24,1,2,7,4,12.0,3,0,2017
1410110531901.0,14,141011,1,,1,,,2.0,,0,2017
1410110532001.0,14,141011,92,1,2,,,6.0,4,1,2017
1410110532001.0,14,141011,65,1,2,,,7.0,2,0,2017
1410110532001.0,14,141011,55,1,2,,,9.0,4,0,2017
1410110540101.0,14,141011,50,1,2,,,9.0,2,1,2017
1410110540101.0,14,141011,47,1,2,,,7.0,7,0,2017
1410110540101.0,14,141011,86,1,2,,,6.0,3,0,2017
1410110540101.0,14,141011,24,1,1,,,13.0,5,0,2017
1410110540101.0,14,141011,17,1,1,,,9.0,4,0,2017
1410110540101.0,14,141011,5,,1,,,4.0,,0,2017
1410110540201.0,14,141011,24,1,2,12,4,11.0,2,1,2017
1410110540201.0,14,141011,17,1,2,2,2,11.0,1,0,2017
1410110540201.0,14,141011,0,,2,,,1.0,,0,2017
1410110540301.0,14,141011,36,1,2,,,7.0,8,1,2017
1410110540301.0,14,141011,26,1,2,11,4,9.0,4,0,2017
1410110540301.0,14,141011,3,,1,,,3.0,,0,2017
1410110540401.0,14,141011,65,1,2,,,9.0,4,1,2017
1410110540401.0,14,141011,61,1,2,,,13.0,5,0,2017
1410110540401.0,14,141011,33,1,2,,,13.0,5,0,2017
1410110540401.0,14,141011,31,1,2,,,13.0,4,0,2017
1410110540401.0,14,141011,36,1,2,,,9.0,4,0,2017
1410110540401.0,14,141011,6,,1,,,4.0,,0,2017
1410110540401.0,14,141011,3,,1,,,3.0,,0,2017
1410110540501.0,14,141011,50,1,2,,,7.0,8,1,2017
1410110540501.0,14,141011,49,1,2,,,7.0,8,0,2017
1410110540501.0,14,141011,17,1,1,,,9.0,3,0,2017
1410110540501.0,14,141011,31,1,2,,,7.0,8,0,2017
1410110540601.0,14,141011,64,1,2,,,7.0,8,1,2017
1410110540701.0,14,141011,40,1,2,,,9.0,2,1,2017
1410110540701.0,14,141011,42,1,2,,,9.0,4,0,2017
1410110540801.0,14,141011,60,1,2,,,10.0,6,1,2017
1410110540801.0,14,141011,60,1,2,,,9.0,4,0,2017
1410110541201.0,14,141011,29,1,2,12,4,9.0,4,1,2017
1410110541201.0,14,141011,30,1,2,12,4,11.0,4,0,2017
1410110541201.0,14,141011,8,,1,,,7.0,2,0,2017
1410110541401.0,14,141011,55,1,2,,,7.0,8,1,2017
1410110541401.0,14,141011,27,1,1,,,13.0,4,0,2017
1410110541401.0,14,141011,1,,2,,,1.0,,0,2017
1410110550301.0,14,141011,44,1,2,,,13.0,4,1,2017
1410110550301.0,14,141011,23,1,2,12,9,13.0,2,0,2017
1410110550301.0,14,141011,21,1,2,12,9,9.0,4,0,2017
1410110550301.0,14,141011,17,1,1,,,9.0,4,0,2017
1410110550301.0,14,141011,14,,1,,,7.0,8,0,2017
1410110550401.0,14,141011,62,1,2,,,7.0,4,1,2017
1410110550401.0,14,141011,41,1,2,,,11.0,4,0,2017
1410110550401.0,14,141011,22,1,2,12,4,9.0,4,0,2017
1410110550401.0,14,141011,13,,1,,,7.0,7,0,2017
1410110560101.0,14,141011,53,1,2,,,11.0,1,1,2017
1410110560201.0,14,141011,42,1,2,,,7.0,8,1,2017
1410110560301.0,14,141011,51,1,2,,,7.0,4,1,2017
1410110560301.0,14,141011,17,1,1,,,11.0,3,0,2017
1410110560301.0,14,141011,16,1,1,,,11.0,1,0,2017
1410110570101.0,14,141011,28,1,,,,9.0,2,1,2017
1410110570101.0,14,141011,15,1,,,,7.0,6,0,2017
1410110570201.0,14,141011,43,1,2,,,9.0,4,1,2017
1410110570201.0,14,141011,53,1,2,,,9.0,1,0,2017
1410110570201.0,14,141011,16,1,1,,,11.0,2,0,2017
1410110570201.0,14,141011,20,1,2,12,4,11.0,4,0,2017
1410110570201.0,14,141011,18,1,1,,,11.0,2,0,2017
1410110570201.0,14,141011,0,,2,,,1.0,,0,2017
1410110570301.0,14,141011,50,2,2,,,1.0,,1,2017
1410110570301.0,14,141011,24,1,2,9,9,9.0,2,0,2017
1410110570301.0,14,141011,20,1,2,9,9,9.0,2,0,2017
1410110570301.0,14,141011,18,1,2,9,9,7.0,7,0,2017
1410110570301.0,14,141011,25,1,2,9,9,9.0,2,0,2017
1410110570301.0,14,141011,1,,2,,,1.0,,0,2017
1410110570601.0,14,141011,60,1,2,,,9.0,3,1,2017
1410110570701.0,14,141011,33,1,2,,,7.0,8,1,2017
1410110570701.0,14,141011,26,1,2,11,9,11.0,4,0,2017
1410110570701.0,14,141011,4,,1,,,3.0,,0,2017
1410110570801.0,14,141011,53,1,2,,,9.0,3,1,2017
1410110570801.0,14,141011,54,1,2,,,9.0,4,0,2017
1410110570801.0,14,141011,19,1,1,,,13.0,2,0,2017
1410110570901.0,14,141011,48,1,2,,,7.0,8,1,2017
1410110570901.0,14,141011,23,1,2,11,4,9.0,4,0,2017
1410110570901.0,14,141011,18,1,1,,,9.0,4,0,2017
1410110570901.0,14,141011,3,,1,,,3.0,,0,2017
1410110570901.0,14,141011,2,,2,,,1.0,,0,2017
1410110570901.0,14,141011,50,1,2,,,7.0,8,0,2017
1410110571001.0,14,141011,77,1,2,,,8.0,6,1,2017
1410110580101.0,14,141011,48,1,2,,,11.0,3,1,2017
1410110580101.0,14,141011,38,1,2,,,11.0,4,0,2017
1410110580101.0,14,141011,24,1,2,12,9,11.0,4,0,2017
1410110580101.0,14,141011,17,1,1,,,11.0,3,0,2017
1410110580101.0,14,141011,9,,1,,,7.0,4,0,2017
1410110580101.0,14,141011,25,1,2,12,9,11.0,4,0,2017
1410110580201.0,14,141011,72,1,2,,,7.0,3,1,2017
1410110580201.0,14,141011,35,1,2,,,9.0,4,0,2017
1410110580301.0,14,141011,57,1,2,,,7.0,8,1,2017
1410110580301.0,14,141011,57,1,2,,,7.0,6,0,2017
1410110580301.0,14,141011,30,1,2,11,9,9.0,4,0,2017
1410110580301.0,14,141011,3,,2,,,1.0,,0,2017
1410110580401.0,14,141011,61,1,2,,,9.0,3,1,2017
1410110590201.0,14,141011,67,1,2,,,6.0,4,1,2017
1410110590401.0,14,141011,61,1,2,,,11.0,4,1,2017
1410110590401.0,14,141011,53,1,2,,,11.0,4,0,2017
1410110600101.0,14,141011,34,1,2,,,9.0,4,1,2017
1410110600101.0,14,141011,27,1,2,12,4,11.0,4,0,2017
1410110600101.0,14,141011,10,,1,,,7.0,4,0,2017
1410110600101.0,14,141011,1,,1,,,2.0,,0,2017
1410110600401.0,14,141011,62,1,2,,,6.0,5,1,2017
1410110610101.0,14,141011,45,1,2,,,12.0,3,1,2017
1410110610101.0,14,141011,40,1,2,,,9.0,4,0,2017
1410110610101.0,14,141011,14,,1,,,7.0,8,0,2017
1410110610101.0,14,141011,3,,2,,,1.0,,0,2017
1410110610201.0,14,141011,68,1,2,,,11.0,2,1,2017
1410110610301.0,14,141011,71,1,2,,,6.0,6,1,2017
1410110610301.0,14,141011,59,1,2,,,7.0,8,0,2017
1410110610301.0,14,141011,35,1,2,,,13.0,5,0,2017
1410110610301.0,14,141011,2,,1,,,3.0,,0,2017
1410110620101.0,14,141011,64,1,2,,,9.0,4,1,2017
1410110620201.0,14,141011,53,1,2,,,11.0,4,1,2017
1410110620201.0,14,141011,51,1,2,,,11.0,4,0,2017
1410110620201.0,14,141011,25,1,1,,,13.0,3,0,2017
1410110620201.0,14,141011,12,,1,,,7.0,6,0,2017
1410110620201.0,14,141011,10,,1,,,7.0,4,0,2017
1410110620201.0,14,141011,2,,1,,,3.0,,0,2017
1410110620401.0,14,141011,57,1,2,,,9.0,3,1,2017
1410110620401.0,14,141011,57,1,2,,,9.0,2,0,2017
1410110620401.0,14,141011,13,,1,,,7.0,8,0,2017
1410110620401.0,14,141011,9,,1,,,7.0,4,0,2017
1410110630101.0,14,141011,64,1,2,,,10.0,4,1,2017
1410110630101.0,14,141011,57,1,2,,,9.0,1,0,2017
1410110630201.0,14,141011,84,1,2,,,7.0,8,1,2017
1410110630201.0,14,141011,59,1,2,,,11.0,5,0,2017
1410110630301.0,14,141011,60,1,2,,,7.0,8,1,2017
1410110630301.0,14,141011,59,1,2,,,7.0,4,0,2017
1410110630401.0,14,141011,56,1,2,,,7.0,3,1,2017
1410110630401.0,14,141011,63,1,2,,,7.0,8,0,2017
1410110630401.0,14,141011,59,1,2,,,7.0,4,0,2017
1410110630401.0,14,141011,22,1,2,11,4,9.0,4,0,2017
1410110630401.0,14,141011,2,,2,,,1.0,,0,2017
1410110640201.0,14,141011,36,1,2,,,9.0,4,1,2017
1410110640201.0,14,141011,36,1,2,,,11.0,1,0,2017
1410110640201.0,14,141011,19,1,2,1,3,11.0,4,0,2017
1410110640201.0,14,141011,17,1,1,,,11.0,2,0,2017
1410110640201.0,14,141011,16,1,1,,,11.0,2,0,2017
1410110640201.0,14,141011,2,,1,,,3.0,,0,2017
1410110640201.0,14,141011,57,1,2,,,7.0,5,0,2017
1410110640401.0,14,141011,61,3,2,,,6.0,4,1,2017
1410110640401.0,14,141011,34,1,2,,,7.0,6,0,2017
1410110640401.0,14,141011,47,1,2,,,11.0,4,0,2017
1410110640401.0,14,141011,42,1,2,,,7.0,8,0,2017
1410110640401.0,14,141011,62,4,2,,,6.0,2,0,2017
1410110640401.0,14,141011,40,4,2,,,5.0,,0,2017
1410110640401.0,14,141011,12,,1,,,7.0,6,0,2017
1410110640401.0,14,141011,1,,2,,,1.0,,0,2017
1410110650101.0,14,141011,19,1,2,99,9,11.0,4,1,2017
1410110650101.0,14,141011,0,,2,,,1.0,,0,2017
1410110650201.0,14,141011,58,1,2,,,11.0,3,1,2017
1410110650201.0,14,141011,60,1,2,,,11.0,2,0,2017
1410110650401.0,14,141011,68,1,2,,,6.0,4,1,2017
1410110650501.0,14,141011,53,1,2,,,9.0,4,1,2017
1410110650501.0,14,141011,57,1,2,,,9.0,3,0,2017
1410110650601.0,14,141011,52,1,2,,,7.0,3,1,2017
1410110650601.0,14,141011,52,1,2,,,9.0,2,0,2017
1410110650601.0,14,141011,16,1,1,,,11.0,3,0,2017
1410110650601.0,14,141011,31,1,2,,,9.0,4,0,2017
1410110650701.0,14,141011,66,1,2,,,10.0,4,1,2017
1410110650701.0,14,141011,43,1,2,,,13.0,3,0,2017
1410110650801.0,14,141011,49,1,2,,,7.0,3,1,2017
1410110650901.0,14,141011,49,1,2,,,9.0,4,1,2017
1410110651001.0,14,141011,75,1,2,,,12.0,3,1,2017
1410110651002.0,14,141011,74,1,2,,,10.0,4,1,2017
1410110651101.0,14,141011,67,1,2,,,6.0,5,1,2017
1410110651101.0,14,141011,40,4,2,,,5.0,,0,2017
1410110651201.0,14,141011,65,1,2,,,8.0,5,1,2017
1410110651201.0,14,141011,28,1,2,1,4,12.0,3,0,2017
1410110651201.0,14,141011,39,1,2,,,12.0,3,0,2017
1410110651201.0,14,141011,11,,1,,,7.0,5,0,2017
1410110651201.0,14,141011,4,,1,,,5.0,,0,2017
1410110660201.0,14,141011,44,1,2,,,7.0,6,1,2017
1410110660201.0,14,141011,22,1,1,,,13.0,2,0,2017
1410110660201.0,14,141011,15,1,1,,,9.0,1,0,2017
1410110660201.0,14,141011,3,,2,,,1.0,,0,2017
1410110660301.0,14,141011,49,1,2,,,11.0,4,1,2017
1410110660301.0,14,141011,43,1,2,,,11.0,4,0,2017
1410110660301.0,14,141011,16,1,1,,,11.0,1,0,2017
1410110660301.0,14,141011,23,1,2,7,4,11.0,4,0,2017
1410110660301.0,14,141011,24,1,2,7,4,11.0,4,0,2017
1410110660301.0,14,141011,52,4,2,,,1.0,,0,2017
1410110660301.0,14,141011,85,4,2,,,1.0,,0,2017
1410110670101.0,14,141011,51,1,2,,,11.0,4,1,2017
1410110670101.0,14,141011,47,1,2,,,7.0,2,0,2017
1410110670201.0,14,141011,36,1,2,,,9.0,4,1,2017
1410110670201.0,14,141011,43,1,2,,,9.0,4,0,2017
1410110670201.0,14,141011,17,1,1,,,9.0,3,0,2017
1410110670201.0,14,141011,9,,1,,,7.0,3,0,2017
1410110670401.0,14,141011,45,1,2,,,9.0,4,1,2017
1410110670401.0,14,141011,23,1,1,,,12.0,1,0,2017
1410110680101.0,14,141011,70,1,2,,,8.0,4,1,2017
1410110680101.0,14,141011,43,1,2,,,13.0,5,0,2017
1410110680201.0,14,141011,61,1,2,,,9.0,4,1,2017
1410110680201.0,14,141011,58,1,2,,,9.0,4,0,2017
1410110680201.0,14,141011,37,1,2,,,9.0,4,0,2017
1410110680601.0,14,141011,68,1,2,,,6.0,6,1,2017
1410110680601.0,14,141011,68,4,2,,,1.0,,0,2017
1410110680601.0,14,141011,44,1,2,,,9.0,4,0,2017
1410110680601.0,14,141011,16,1,1,,,9.0,1,0,2017
1410110680801.0,14,141011,27,1,2,12,4,9.0,4,1,2017
1410110680801.0,14,141011,27,1,2,12,4,13.0,4,0,2017
1410110680801.0,14,141011,1,,1,,,2.0,,0,2017
1410110680901.0,14,141011,68,1,2,,,8.0,1,1,2017
1410110680901.0,14,141011,50,1,2,,,9.0,1,0,2017
1410110681001.0,14,141011,81,1,2,,,8.0,1,1,2017
1410110681001.0,14,141011,47,1,2,,,13.0,4,0,2017
1410110681001.0,14,141011,21,1,2,11,9,11.0,4,0,2017
1410110681101.0,14,141011,73,1,2,,,6.0,6,1,2017
1410110681101.0,14,141011,72,2,2,,,1.0,,0,2017
1410110681201.0,14,141011,88,4,2,,,1.0,,1,2017
1410110681201.0,14,141011,45,1,2,,,7.0,8,0,2017
1410110681301.0,14,141011,50,1,2,,,11.0,5,1,2017
1410110681301.0,14,141011,50,1,2,,,9.0,4,0,2017
1410110681301.0,14,141011,22,1,1,,,13.0,3,0,2017
1410110681301.0,14,141011,54,1,2,,,9.0,2,0,2017
1410110681301.0,14,141011,2,,1,,,3.0,,0,2017
1410110681401.0,14,141011,49,1,2,,,11.0,4,1,2017
1410110681401.0,14,141011,52,1,2,,,11.0,2,0,2017
1410110681501.0,14,141011,29,1,2,12,9,9.0,4,1,2017
1410110681501.0,14,141011,26,1,2,12,9,12.0,2,0,2017
1410110690101.0,14,141011,77,1,2,,,6.0,4,1,2017
1410110690101.0,14,141011,24,1,1,,,12.0,3,0,2017
1410110690201.0,14,141011,67,1,2,,,13.0,5,1,2017
1410110690201.0,14,141011,67,1,2,,,9.0,4,0,2017
1410110690201.0,14,141011,31,1,2,,,13.0,5,0,2017
1410110690301.0,14,141011,63,1,2,,,8.0,2,1,2017
1410110690401.0,14,141011,68,1,2,,,8.0,2,1,2017
1410110690401.0,14,141011,63,1,2,,,8.0,2,0,2017
1410110690401.0,14,141011,41,1,2,,,,4,0,2017
1410110690401.0,14,141011,33,1,2,,,,4,0,2017
1410110700101.0,14,141011,50,1,2,,,9.0,4,1,2017
1410110700201.0,14,141011,38,1,2,,,9.0,4,1,2017
1410110700201.0,14,141011,35,1,2,,,11.0,4,0,2017
1410110700201.0,14,141011,12,,1,,,7.0,6,0,2017
1410110700201.0,14,141011,11,,1,,,7.0,6,0,2017
1410110700301.0,14,141011,49,1,2,,,9.0,4,1,2017
1410110700301.0,14,141011,51,1,2,,,7.0,8,0,2017
1410110700301.0,14,141011,16,1,1,,,9.0,3,0,2017
1410110700301.0,14,141011,24,1,2,7,9,13.0,4,0,2017
1410110700401.0,14,141011,59,1,2,,,9.0,2,1,2017
1410110700401.0,14,141011,55,1,2,,,11.0,4,0,2017
1410110700501.0,14,141011,70,1,2,,,7.0,2,1,2017
1410110700501.0,14,141011,56,1,2,,,9.0,2,0,2017
1410110700701.0,14,141011,59,1,2,,,7.0,5,1,2017
1410110700701.0,14,141011,21,1,2,12,4,11.0,4,0,2017
1410110700701.0,14,141011,35,1,2,,,7.0,8,0,2017
1410110700701.0,14,141011,33,1,2,,,11.0,4,0,2017
1410110700701.0,14,141011,10,,1,,,7.0,5,0,2017
1410110700701.0,14,141011,7,,1,,,7.0,2,0,2017
1410110700701.0,14,141011,5,,1,,,4.0,,0,2017
1410110700801.0,14,141011,83,1,2,,,6.0,6,1,2017
1410110701001.0,14,141011,68,1,2,,,8.0,3,1,2017
1410110701001.0,14,141011,68,1,2,,,6.0,6,0,2017
1410110701001.0,14,141011,26,1,1,,,12.0,3,0,2017
1410110701001.0,14,141011,43,1,2,,,9.0,4,0,2017
1410110701001.0,14,141011,14,,1,,,9.0,1,0,2017
1410110701001.0,14,141011,11,,1,,,7.0,5,0,2017
1410110710201.0,14,141011,58,1,2,,,7.0,8,1,2017
1410110710201.0,14,141011,57,1,2,,,7.0,8,0,2017
1410110710201.0,14,141011,10,,1,,,7.0,4,0,2017
1410110720101.0,14,141011,82,1,2,,,6.0,6,1,2017
1410110720301.0,14,141011,60,1,2,,,7.0,4,1,2017
1410110720301.0,14,141011,65,1,2,,,7.0,7,0,2017
1410110720301.0,14,141011,42,1,2,,,11.0,4,0,2017
1410110720301.0,14,141011,15,1,1,,,9.0,1,0,2017
1410110720401.0,14,141011,83,2,2,,,6.0,2,1,2017
1410110730101.0,14,141011,66,1,2,,,8.0,3,1,2017
1410110730201.0,14,141011,83,1,2,,,13.0,4,1,2017
1410110730201.0,14,141011,75,1,2,,,8.0,6,0,2017
1410110730201.0,14,141011,50,1,2,,,13.0,4,0,2017
1410110730301.0,14,141011,74,1,2,,,6.0,5,1,2017
1410110730301.0,14,141011,71,1,2,,,6.0,3,0,2017
1410110730401.0,14,141011,68,1,2,,,10.0,4,1,2017
1410110730401.0,14,141011,66,1,2,,,9.0,4,0,2017
1410110730501.0,14,141011,67,1,2,,,12.0,3,1,2017
1410110730501.0,14,141011,64,1,2,,,13.0,5,0,2017
1410110730501.0,14,141011,17,1,1,,,11.0,2,0,2017
1410110730601.0,14,141011,83,1,2,,,6.0,4,1,2017
1410110730601.0,14,141011,54,1,2,,,9.0,4,0,2017
1410110730601.0,14,141011,34,1,2,,,9.0,4,0,2017
1410110730701.0,14,141011,55,1,2,,,7.0,5,1,2017
1410110730701.0,14,141011,52,1,2,,,9.0,4,0,2017
1410110730701.0,14,141011,25,1,2,12,4,11.0,4,0,2017
1410110730701.0,14,141011,15,1,1,,,9.0,1,0,2017
1410110730701.0,14,141011,15,1,1,,,7.0,8,0,2017
1410110730801.0,14,141011,42,1,2,,,11.0,4,1,2017
1410110730801.0,14,141011,42,1,2,,,11.0,4,0,2017
1410110730801.0,14,141011,15,1,1,,,9.0,1,0,2017
1410110730801.0,14,141011,8,,1,,,7.0,2,0,2017
1410110731001.0,14,141011,60,1,2,,,6.0,6,1,2017
1410110731001.0,14,141011,57,4,2,,,1.0,,0,2017
1410110731101.0,14,141011,65,1,2,,,10.0,4,1,2017
1410110731101.0,14,141011,64,1,2,,,10.0,1,0,2017
1410110731201.0,14,141011,60,1,2,,,8.0,2,1,2017
1410110731201.0,14,141011,35,1,2,,,9.0,4,0,2017
1410110731201.0,14,141011,60,1,2,,,8.0,2,0,2017
1410110731201.0,14,141011,21,1,2,7,3,13.0,4,0,2017
1410110731201.0,14,141011,6,,1,,,4.0,,0,2017
1410110731201.0,14,141011,2,,1,,,2.0,,0,2017
1410110731201.0,14,141011,13,,1,,,7.0,6,0,2017
1410110731201.0,14,141011,27,1,2,12,2,7.0,8,0,2017
1410110731301.0,14,141011,50,1,2,,,7.0,8,1,2017
1410110731301.0,14,141011,61,1,2,,,9.0,4,0,2017
1410110731301.0,14,141011,26,1,2,17,4,9.0,2,0,2017
1410110731401.0,14,141011,63,1,2,,,10.0,3,1,2017
1410110731401.0,14,141011,62,1,2,,,9.0,4,0,2017
1410110731401.0,14,141011,27,1,2,7,4,13.0,5,0,2017
1410110731501.0,14,141011,63,1,2,,,9.0,4,1,2017
1410110731501.0,14,141011,60,1,2,,,9.0,4,0,2017
1410110731501.0,14,141011,28,1,1,,,13.0,5,0,2017
1410110731501.0,14,141011,29,1,2,7,9,13.0,5,0,2017
1410110731501.0,14,141011,3,,1,,,3.0,,0,2017
1410110731501.0,14,141011,19,1,1,,,13.0,1,0,2017
1410110731801.0,14,141011,33,1,2,,,13.0,5,1,2017
1410110731801.0,14,141011,24,1,1,,,13.0,4,0,2017
1410110732001.0,14,141011,71,1,2,,,10.0,3,1,2017
1410110732001.0,14,141011,65,1,2,,,9.0,4,0,2017
1410110732001.0,14,141011,18,1,1,,,11.0,4,0,2017
1410110740201.0,14,141011,42,1,2,,,13.0,4,1,2017
1410110740201.0,14,141011,40,1,2,,,13.0,5,0,2017
1410110740401.0,14,141011,72,1,2,,,10.0,1,1,2017
1410110740401.0,14,141011,65,1,2,,,7.0,8,0,2017
1410110740401.0,14,141011,42,1,2,,,13.0,6,0,2017
1410110740401.0,14,141011,41,1,2,,,13.0,4,0,2017
1410110750101.0,14,141011,71,1,2,,,9.0,4,1,2017
1410110750101.0,14,141011,66,1,2,,,9.0,4,0,2017
1410110750101.0,14,141011,40,1,2,,,7.0,4,0,2017
1410110750201.0,14,141011,55,4,2,,,1.0,,1,2017
1410110750201.0,14,141011,18,1,1,,,9.0,2,0,2017
1410110750201.0,14,141011,14,,1,,,7.0,8,0,2017
1410110750401.0,14,141011,80,1,2,,,13.0,7,1,2017
1410110750401.0,14,141011,52,1,2,,,13.0,5,0,2017
1410110750701.0,14,141011,65,1,2,,,13.0,5,1,2017
1410110750701.0,14,141011,68,1,2,,,9.0,4,0,2017
1410110750901.0,14,141011,76,1,2,,,13.0,5,1,2017
1410110750901.0,14,141011,81,1,2,,,10.0,4,0,2017
1410110760101.0,14,141011,63,1,2,,,6.0,3,1,2017
1410110760201.0,14,141011,84,1,2,,,6.0,4,1,2017
1410110760301.0,14,141011,33,1,2,,,9.0,4,1,2017
1410110760301.0,14,141011,29,1,2,12,9,7.0,8,0,2017
1410110760301.0,14,141011,18,1,1,,,11.0,3,0,2017
1410110760301.0,14,141011,13,,1,,,7.0,7,0,2017
1410110760301.0,14,141011,3,,1,,,3.0,,0,2017
1410110760301.0,14,141011,0,,2,,,1.0,,0,2017
1410110760501.0,14,141011,72,1,2,,,10.0,1,1,2017
1410110760601.0,14,141011,63,1,2,,,9.0,4,1,2017
1410110760601.0,14,141011,36,1,2,,,12.0,3,0,2017
1410110760601.0,14,141011,33,1,2,,,12.0,1,0,2017
1410110760601.0,14,141011,1,,2,,,1.0,,0,2017
1410110760901.0,14,141011,28,1,2,12,9,9.0,3,1,2017
1410110760901.0,14,141011,26,1,2,2,9,9.0,3,0,2017
1410110760901.0,14,141011,0,,2,,,1.0,,0,2017
1410110760902.0,14,141011,35,1,2,,,9.0,4,1,2017
1410110760902.0,14,141011,33,1,2,,,9.0,4,0,2017
1410110760902.0,14,141011,15,1,1,,,11.0,2,0,2017
1410110760902.0,14,141011,13,,1,,,7.0,7,0,2017
1410110761001.0,14,141011,80,4,2,,,6.0,1,1,2017
1410110770101.0,14,141011,63,1,2,,,9.0,1,1,2017
1410110770101.0,14,141011,25,1,2,5,9,7.0,8,0,2017
1410110770101.0,14,141011,13,,1,,,7.0,7,0,2017
1410110770101.0,14,141011,11,,1,,,7.0,6,0,2017
1410110770101.0,14,141011,0,,2,,,1.0,,0,2017
1410110770201.0,14,141011,59,1,2,,,7.0,7,1,2017
1410110770201.0,14,141011,66,1,2,,,7.0,7,0,2017
1410110770201.0,14,141011,30,1,2,7,4,12.0,3,0,2017
1410110770201.0,14,141011,7,,1,,,7.0,1,0,2017
1410110770201.0,14,141011,4,,1,,,4.0,,0,2017
1410110770301.0,14,141011,54,1,2,,,7.0,4,1,2017
1410110770301.0,14,141011,57,1,2,,,9.0,2,0,2017
1410110770301.0,14,141011,25,1,2,11,4,11.0,4,0,2017
1410110770301.0,14,141011,23,1,2,11,4,11.0,5,0,2017
1410110770301.0,14,141011,24,1,2,11,4,11.0,4,0,2017
1410110770501.0,14,141011,73,1,2,,,6.0,4,1,2017
1410110770501.0,14,141011,68,1,2,,,6.0,6,0,2017
1410110770501.0,14,141011,48,1,2,,,12.0,3,0,2017
1410110770501.0,14,141011,41,1,2,,,11.0,4,0,2017
1410110770701.0,14,141011,29,1,2,12,9,9.0,4,1,2017
1410110770701.0,14,141011,32,2,2,,,9.0,4,0,2017
1410110770701.0,14,141011,6,,1,,,7.0,1,0,2017
1410110770801.0,14,141011,54,1,2,,,9.0,4,1,2017
1410110770801.0,14,141011,52,1,2,,,9.0,2,0,2017
1410110770801.0,14,141011,16,1,1,,,11.0,2,0,2017
1410110770801.0,14,141011,21,1,2,7,9,9.0,4,0,2017
1410110770901.0,14,141011,32,1,2,,,11.0,4,1,2017
1410110770901.0,14,141011,34,1,2,,,11.0,4,0,2017
1410110770901.0,14,141011,8,,1,,,7.0,3,0,2017
1410110770901.0,14,141011,13,,1,,,7.0,7,0,2017
1410110771001.0,14,141011,19,1,2,11,4,13.0,1,1,2017
1410110771001.0,14,141011,19,1,2,9,4,11.0,4,0,2017
1410110780101.0,14,141011,83,2,2,,,1.0,,1,2017
1410110780101.0,14,141011,52,2,2,,,1.0,,0,2017
1410110780201.0,14,141011,48,1,2,,,9.0,4,1,2017
1410110780201.0,14,141011,45,1,2,,,9.0,4,0,2017
1410110780201.0,14,141011,14,,1,,,7.0,8,0,2017
1410110780401.0,14,141011,71,1,2,,,9.0,4,1,2017
1410110780401.0,14,141011,71,1,2,,,12.0,3,0,2017
1410110780401.0,14,141011,30,1,2,7,4,13.0,5,0,2017
1410110790101.0,14,141011,103,4,2,,,1.0,,1,2017
1410110790101.0,14,141011,86,1,2,,,6.0,4,0,2017
1410110790201.0,14,141011,53,1,2,,,7.0,4,1,2017
1410110790201.0,14,141011,50,1,2,,,9.0,4,0,2017
1410110790401.0,14,141011,74,1,2,,,8.0,6,1,2017
1410110800201.0,14,141011,93,1,2,,,7.0,3,1,2017
1410110800201.0,14,141011,73,1,2,,,7.0,3,0,2017
1410110800201.0,14,141011,47,1,2,,,11.0,5,0,2017
1410110800401.0,14,141011,31,1,2,,,11.0,4,1,2017
1410110800401.0,14,141011,49,1,2,,,13.0,4,0,2017
1410110800401.0,14,141011,23,1,2,7,2,13.0,4,0,2017
1410110810101.0,14,141011,59,1,2,,,9.0,1,1,2017
1410110810101.0,14,141011,56,1,2,,,7.0,6,0,2017
1410110810101.0,14,141011,37,1,2,,,9.0,4,0,2017
1410110810101.0,14,141011,32,1,2,,,9.0,4,0,2017
1410110810101.0,14,141011,26,1,1,,,13.0,6,0,2017
1410110810101.0,14,141011,1,,2,,,1.0,,0,2017
1410110810201.0,14,141011,82,4,2,,,1.0,,1,2017
1410110810201.0,14,141011,46,4,2,,,1.0,,0,2017
1410110810201.0,14,141011,52,1,2,,,7.0,8,0,2017
1410110810301.0,14,141011,58,1,2,,,11.0,4,1,2017
1410110810301.0,14,141011,13,,1,,,7.0,8,0,2017
1410110810301.0,14,141011,20,1,2,5,9,13.0,1,0,2017
1410110810401.0,14,141011,65,1,2,,,7.0,6,1,2017
1410110810401.0,14,141011,28,1,2,12,4,7.0,7,0,2017
1410110810401.0,14,141011,19,1,1,,,13.0,2,0,2017
1410110810401.0,14,141011,17,1,1,,,9.0,3,0,2017
1410110810501.0,14,141011,51,1,2,,,7.0,5,1,2017
1410110810501.0,14,141011,57,1,2,,,7.0,8,0,2017
1410110810601.0,14,141011,76,1,2,,,6.0,6,1,2017
1410110810601.0,14,141011,41,1,2,,,13.0,4,0,2017
1410110810601.0,14,141011,41,1,2,,,9.0,4,0,2017
1410110810601.0,14,141011,5,,1,,,4.0,,0,2017
1410110810701.0,14,141011,57,1,2,,,7.0,8,1,2017
1410110810901.0,14,141011,46,1,2,,,9.0,2,1,2017
1410110810901.0,14,141011,35,1,2,,,7.0,8,0,2017
1410110810901.0,14,141011,15,1,1,,,9.0,1,0,2017
1410110810901.0,14,141011,10,,1,,,7.0,5,0,2017
1410110811001.0,14,141011,93,1,2,,,6.0,2,1,2017
1410110811001.0,14,141011,53,4,2,,,1.0,,0,2017
1410110820301.0,14,141011,73,1,2,,,11.0,4,1,2017
1410110820401.0,14,141011,80,1,2,,,9.0,3,1,2017
1410110820401.0,14,141011,61,1,2,,,9.0,3,0,2017
1410110820401.0,14,141011,24,1,1,,,13.0,1,0,2017
1410110820401.0,14,141011,25,1,1,,,13.0,1,0,2017
1410110830301.0,14,141011,52,1,2,,,12.0,3,1,2017
1410110830301.0,14,141011,51,1,2,,,9.0,3,0,2017
1410110830301.0,14,141011,15,1,1,,,9.0,2,0,2017
1410110840101.0,14,141011,83,1,2,,,6.0,4,1,2017
1410110840201.0,14,141011,74,4,2,,,1.0,,1,2017
1410110840201.0,14,141011,41,1,2,,,11.0,4,0,2017
1410110840201.0,14,141011,10,,1,,,7.0,3,0,2017
1410110840301.0,14,141011,56,1,2,,,,1,1,2017
1410110840301.0,14,141011,8,,1,,,7.0,3,0,2017
1410110840301.0,14,141011,45,1,2,,,7.0,8,0,2017
1410110840401.0,14,141011,62,1,2,,,9.0,3,1,2017
1410110840401.0,14,141011,61,1,2,,,11.0,4,0,2017
1410110850201.0,14,141011,43,1,2,,,11.0,4,1,2017
1410110850201.0,14,141011,10,,1,,,7.0,5,0,2017
1410110850301.0,14,141011,45,1,2,,,9.0,4,1,2017
1410110850301.0,14,141011,16,1,1,,,7.0,8,0,2017
1410110850401.0,14,141011,34,1,2,,,13.0,4,1,2017
1410110850401.0,14,141011,30,1,2,7,3,13.0,5,0,2017
1410110860101.0,14,141011,62,1,2,,,11.0,4,1,2017
1410110860101.0,14,141011,57,1,2,,,11.0,4,0,2017
1410110860201.0,14,141011,50,1,2,,,9.0,4,1,2017
1410110860301.0,14,141011,49,1,2,,,9.0,4,1,2017
1410110860301.0,14,141011,53,1,2,,,9.0,2,0,2017
1410110860301.0,14,141011,25,1,2,7,9,9.0,4,0,2017
1410110860301.0,14,141011,29,1,2,7,9,9.0,4,0,2017
1410110860301.0,14,141011,6,,1,,,4.0,,0,2017
1410110860401.0,14,141011,81,1,2,,,7.0,5,1,2017
1410110870101.0,14,141011,34,1,2,,,11.0,4,1,2017
1410110870101.0,14,141011,39,1,2,,,9.0,4,0,2017
1410110870201.0,14,141011,52,1,2,,,11.0,4,1,2017
1410110870201.0,14,141011,52,1,2,,,7.0,5,0,2017
1410110870201.0,14,141011,24,1,2,12,4,11.0,4,0,2017
1410110870401.0,14,141011,69,1,2,,,10.0,3,1,2017
1410110870401.0,14,141011,94,1,2,,,6.0,6,0,2017
1410110880201.0,14,141011,58,4,2,,,7.0,5,1,2017
1410110880201.0,14,141011,67,1,2,,,6.0,3,0,2017
1410110880201.0,14,141011,84,1,2,,,6.0,4,0,2017
1410110880201.0,14,141011,60,1,2,,,6.0,3,0,2017
1410110880301.0,14,141011,77,1,2,,,7.0,7,1,2017
1410110880401.0,14,141011,78,1,2,,,6.0,6,1,2017
1410110880401.0,14,141011,57,1,2,,,7.0,8,0,2017
1410110880401.0,14,141011,56,1,2,,,7.0,8,0,2017
1410110890101.0,14,141011,36,1,2,,,7.0,8,1,2017
1410110890101.0,14,141011,17,1,1,,,11.0,3,0,2017
1410110890101.0,14,141011,15,1,1,,,9.0,1,0,2017
1410110890101.0,14,141011,8,,1,,,7.0,2,0,2017
1410110890301.0,14,141011,60,1,2,,,11.0,4,1,2017
1410110890301.0,14,141011,58,1,2,,,11.0,4,0,2017
1410110890301.0,14,141011,37,1,2,,,13.0,5,0,2017
1410110890301.0,14,141011,36,1,2,,,13.0,5,0,2017
1410110890401.0,14,141011,69,1,2,,,6.0,6,1,2017
1410110900101.0,14,141011,63,1,2,,,9.0,1,1,2017
1410110900101.0,14,141011,62,1,2,,,7.0,5,0,2017
1410110900101.0,14,141011,29,1,2,7,4,12.0,3,0,2017
1410110900101.0,14,141011,6,,1,,,7.0,1,0,2017
1410110900201.0,14,141011,37,1,2,,,7.0,8,1,2017
1410110900201.0,14,141011,18,1,1,,,12.0,1,0,2017
1410110900201.0,14,141011,11,,1,,,5.0,,0,2017
1410110900201.0,14,141011,3,,1,,,3.0,,0,2017
1410110900301.0,14,141011,37,1,2,,,7.0,8,1,2017
1410110900301.0,14,141011,33,1,2,,,9.0,4,0,2017
1410110900301.0,14,141011,18,1,1,,,9.0,4,0,2017
1410110900301.0,14,141011,7,,1,,,7.0,1,0,2017
1410110900401.0,14,141011,76,2,2,,,9.0,4,1,2017
1410110910101.0,14,141011,45,1,2,,,11.0,5,1,2017
1410110910101.0,14,141011,40,1,2,,,9.0,4,0,2017
1410110910101.0,14,141011,14,,1,,,7.0,7,0,2017
1410110910101.0,14,141011,3,,1,,,3.0,,0,2017
1410110910201.0,14,141011,86,1,2,,,8.0,3,1,2017
1410110910301.0,14,141011,50,1,2,,,11.0,2,1,2017
1410110910301.0,14,141011,9,,1,,,7.0,4,0,2017
1410110910301.0,14,141011,50,1,2,,,11.0,2,0,2017
1410110910401.0,14,141011,64,1,2,,,11.0,4,1,2017
1410110910401.0,14,141011,35,1,2,,,9.0,4,0,2017
1410110910401.0,14,141011,31,1,2,,,9.0,4,0,2017
1410110910401.0,14,141011,58,1,2,,,7.0,4,0,2017
1410110910601.0,14,141011,74,2,2,,,1.0,,1,2017
1410110910601.0,14,141011,24,1,2,12,4,9.0,4,0,2017
1410110910701.0,14,141011,87,1,2,,,6.0,4,1,2017
1410110910701.0,14,141011,74,1,2,,,6.0,6,0,2017
1410110910701.0,14,141011,55,1,2,,,9.0,2,0,2017
1410110910801.0,14,141011,67,1,2,,,6.0,6,1,2017
1410110910801.0,14,141011,66,1,2,,,6.0,6,0,2017
1410110910901.0,14,141011,81,1,2,,,6.0,6,1,2017
1410110910901.0,14,141011,50,1,2,,,11.0,4,0,2017
1410110910901.0,14,141011,38,1,2,,,11.0,4,0,2017
1410110911001.0,14,141011,77,1,2,,,6.0,3,1,2017
1410110911001.0,14,141011,50,1,2,,,11.0,4,0,2017
1410110911001.0,14,141011,18,1,1,,,9.0,4,0,2017
1410110911001.0,14,141011,12,,1,,,7.0,6,0,2017
1410110920201.0,14,141011,69,1,2,,,7.0,4,1,2017
1410110920201.0,14,141011,91,1,2,,,6.0,2,0,2017
1410110920301.0,14,141011,69,1,2,,,9.0,1,1,2017
1410110920301.0,14,141011,54,1,2,,,9.0,2,0,2017
1410110920401.0,14,141011,68,1,2,,,7.0,3,1,2017
1410110920401.0,14,141011,62,1,2,,,7.0,3,0,2017
1410110920401.0,14,141011,42,1,2,,,9.0,4,0,2017
1410110920401.0,14,141011,28,1,2,6,4,9.0,3,0,2017
1410110930201.0,14,141011,44,1,2,,,9.0,4,1,2017
1410110930201.0,14,141011,24,1,2,11,4,9.0,4,0,2017
1410110930301.0,14,141011,65,1,2,,,13.0,4,1,2017
1410110930301.0,14,141011,57,1,2,,,7.0,8,0,2017
1410110930301.0,14,141011,74,1,2,,,6.0,6,0,2017
1410110930301.0,14,141011,30,1,2,99,9,13.0,1,0,2017
1410110930301.0,14,141011,26,1,2,12,9,9.0,4,0,2017
1410110930301.0,14,141011,22,1,1,,,12.0,2,0,2017
1410110930301.0,14,141011,6,,1,,,4.0,,0,2017
1410110930301.0,14,141011,1,,2,,,1.0,,0,2017
1410110930401.0,14,141011,93,3,2,,,7.0,3,1,2017
1410110940101.0,14,141011,72,1,2,,,13.0,5,1,2017
1410110940201.0,14,141011,84,1,2,,,6.0,6,1,2017
1410110940201.0,14,141011,60,1,2,,,9.0,3,0,2017
1410110940201.0,14,141011,51,1,2,,,7.0,7,0,2017
1410110940301.0,14,141011,52,1,2,,,11.0,5,1,2017
1410110940301.0,14,141011,25,1,1,,,13.0,3,0,2017
1410110940501.0,14,141011,62,1,2,,,9.0,4,1,2017
1410110940501.0,14,141011,33,1,2,,,12.0,1,0,2017
1410110940601.0,14,141011,72,1,2,,,8.0,6,1,2017
1410110940601.0,14,141011,30,1,2,7,3,13.0,4,0,2017
1410110940601.0,14,141011,10,,1,,,7.0,4,0,2017
1410110940801.0,14,141011,30,1,2,11,9,11.0,4,1,2017
1410110940801.0,14,141011,35,1,2,,,9.0,4,0,2017
1410110940801.0,14,141011,16,1,1,,,9.0,1,0,2017
1410110940801.0,14,141011,7,,1,,,7.0,2,0,2017
1410110940801.0,14,141011,5,,1,,,4.0,,0,2017
1410110940901.0,14,141011,29,1,2,99,4,11.0,4,1,2017
1410110940901.0,14,141011,47,1,2,,,7.0,4,0,2017
1410110940901.0,14,141011,19,1,1,,,13.0,1,0,2017
1410110940901.0,14,141011,9,,1,,,7.0,2,0,2017
1410110940901.0,14,141011,0,,2,,,1.0,,0,2017
1410110941001.0,14,141011,51,1,2,,,9.0,4,1,2017
1410110941001.0,14,141011,16,1,1,,,11.0,1,0,2017
1410110941001.0,14,141011,7,,1,,,7.0,1,0,2017
1410110950101.0,14,141011,30,1,2,11,9,9.0,4,1,2017
1410110950101.0,14,141011,26,1,2,11,9,11.0,4,0,2017
1410110950101.0,14,141011,4,,1,,,3.0,,0,2017
1410110950201.0,14,141011,64,1,2,,,12.0,2,1,2017
1410110950301.0,14,141011,56,1,2,,,11.0,4,1,2017
1410110950301.0,14,141011,83,1,2,,,10.0,3,0,2017
1410110950401.0,14,141011,57,1,2,,,9.0,4,1,2017
1410110950401.0,14,141011,30,1,2,7,4,9.0,4,0,2017
1410110950401.0,14,141011,7,,1,,,7.0,1,0,2017
1410110950401.0,14,141011,2,,1,,,3.0,,0,2017
1410110950501.0,14,141011,41,1,2,,,13.0,3,1,2017
1410110950501.0,14,141011,31,1,1,,,13.0,2,0,2017
1410110950501.0,14,141011,13,,1,,,7.0,7,0,2017
1410110950501.0,14,141011,9,,1,,,7.0,3,0,2017
1410110950501.0,14,141011,7,,1,,,7.0,1,0,2017
1410110950501.0,14,141011,5,,1,,,4.0,,0,2017
1410110950501.0,14,141011,1,,1,,,2.0,,0,2017
1410110950601.0,14,141011,55,1,2,,,11.0,3,1,2017
1410110950601.0,14,141011,16,1,1,,,9.0,3,0,2017
1410110950602.0,14,141011,24,1,2,7,9,12.0,3,1,2017
1410110950602.0,14,141011,25,1,2,12,9,11.0,4,0,2017
1410110950602.0,14,141011,4,,1,,,4.0,,0,2017
1410110950701.0,14,141011,91,1,2,,,6.0,5,1,2017
1410110950701.0,14,141011,88,1,2,,,6.0,5,0,2017
1410110950801.0,14,141011,78,1,2,,,6.0,4,1,2017
1410110950801.0,14,141011,74,1,2,,,6.0,6,0,2017
1410110950801.0,14,141011,46,1,2,,,9.0,2,0,2017
1410110950801.0,14,141011,23,1,1,,,12.0,2,0,2017
1410110951001.0,14,141011,52,1,2,,,7.0,6,1,2017
1410110951001.0,14,141011,39,1,2,,,7.0,7,0,2017
1410110951001.0,14,141011,23,1,2,7,4,12.0,3,0,2017
1410110951001.0,14,141011,4,,2,,,1.0,,0,2017
1410110960101.0,14,141011,61,1,2,,,12.0,2,1,2017
1410110960401.0,14,141011,52,3,2,,,9.0,4,1,2017
1410110970101.0,14,141011,59,1,2,,,9.0,4,1,2017
1410110970101.0,14,141011,63,1,2,,,7.0,8,0,2017
1410110970201.0,14,141011,56,1,2,,,13.0,3,1,2017
1410110970201.0,14,141011,50,1,2,,,11.0,4,0,2017
1410110970301.0,14,141011,35,1,2,,,13.0,4,1,2017
1410110970401.0,14,141011,47,1,2,,,9.0,4,1,2017
1410110970401.0,14,141011,46,1,2,,,7.0,8,0,2017
1410110970401.0,14,141011,18,1,1,,,9.0,4,0,2017
1410110970401.0,14,141011,9,,1,,,7.0,3,0,2017
1410110970401.0,14,141011,3,,2,,,1.0,,0,2017
1410110980101.0,14,141011,46,1,2,,,9.0,4,1,2017
1410110980101.0,14,141011,49,1,2,,,9.0,4,0,2017
1410110980101.0,14,141011,20,1,1,,,13.0,1,0,2017
1410110980101.0,14,141011,18,1,1,,,9.0,4,0,2017
1410110980201.0,14,141011,37,1,2,,,9.0,4,1,2017
1410110980201.0,14,141011,39,1,2,,,9.0,4,0,2017
1410110980201.0,14,141011,16,1,1,,,9.0,1,0,2017
1410110980201.0,14,141011,8,,1,,,7.0,1,0,2017
1410110980401.0,14,141011,73,1,2,,,8.0,4,1,2017
1410110980401.0,14,141011,46,1,2,,,7.0,5,0,2017
1410110990101.0,14,141011,68,1,2,,,9.0,2,1,2017
1410110990101.0,14,141011,79,1,2,,,9.0,2,0,2017
1410110990101.0,14,141011,21,1,1,,,13.0,3,0,2017
1410110990101.0,14,141011,3,,1,,,3.0,,0,2017
1410110990201.0,14,141011,80,1,2,,,6.0,6,1,2017
1410110990201.0,14,141011,72,1,2,,,6.0,6,0,2017
1410110990201.0,14,141011,18,1,1,,,13.0,1,0,2017
1410110990301.0,14,141011,40,1,2,,,9.0,4,1,2017
1410110990301.0,14,141011,5,,1,,,4.0,,0,2017
1410110990301.0,14,141011,14,,1,,,9.0,1,0,2017
1410111000301.0,14,141011,67,1,2,,,13.0,6,1,2017
1410111000301.0,14,141011,66,1,2,,,13.0,5,0,2017
1410111000401.0,14,141011,63,1,2,,,12.0,3,1,2017
1410111000401.0,14,141011,60,1,2,,,9.0,4,0,2017
1410111000401.0,14,141011,35,1,2,,,13.0,5,0,2017
1410111000601.0,14,141011,60,1,2,,,9.0,4,1,2017
1410111000601.0,14,141011,62,1,2,,,9.0,2,0,2017
1410111000601.0,14,141011,25,1,2,12,2,12.0,3,0,2017
1410111001001.0,14,141011,68,1,2,,,9.0,4,1,2017
1410111001001.0,14,141011,61,1,2,,,7.0,8,0,2017
1410111001001.0,14,141011,41,1,2,,,13.0,6,0,2017
1410111001001.0,14,141011,59,4,2,,,1.0,,0,2017
1410111001002.0,14,141011,64,1,2,,,13.0,5,1,2017
1410111010101.0,14,141011,71,1,2,,,8.0,5,1,2017
1410111010101.0,14,141011,22,1,1,,,12.0,3,0,2017
1410111010101.0,14,141011,5,,1,,,4.0,,0,2017
1410111010201.0,14,141011,71,1,2,,,7.0,4,1,2017
1410111010201.0,14,141011,62,1,2,,,9.0,2,0,2017
1410111010201.0,14,141011,33,1,2,,,9.0,4,0,2017
1410111010201.0,14,141011,18,1,1,,,11.0,3,0,2017
1410111010301.0,14,141011,25,1,2,12,9,11.0,4,1,2017
1410111010301.0,14,141011,25,1,2,12,9,13.0,5,0,2017
1410111010301.0,14,141011,24,1,2,12,9,12.0,3,0,2017
1410111010401.0,14,141011,60,1,2,,,12.0,3,1,2017
1410111010401.0,14,141011,58,1,2,,,12.0,3,0,2017
1410111010401.0,14,141011,25,1,2,7,2,13.0,5,0,2017
1410111010401.0,14,141011,7,,1,,,7.0,2,0,2017
1410111010601.0,14,141011,65,1,2,,,13.0,5,1,2017
1410111010801.0,14,141011,60,1,2,,,13.0,5,1,2017
1410111010801.0,14,141011,43,1,2,,,9.0,3,0,2017
1410111010801.0,14,141011,91,1,2,,,10.0,5,0,2017
1410111010801.0,14,141011,10,,1,,,7.0,3,0,2017
1410111011001.0,14,141011,68,1,2,,,6.0,6,1,2017
1410111011001.0,14,141011,67,1,2,,,6.0,6,0,2017
1410111011001.0,14,141011,41,1,2,,,9.0,4,0,2017
1410111011001.0,14,141011,37,1,2,,,9.0,4,0,2017
1410111011001.0,14,141011,10,,1,,,7.0,4,0,2017
1410111011001.0,14,141011,4,,1,,,3.0,,0,2017
1410111020101.0,14,141011,31,1,2,,,13.0,4,1,2017
1410111020101.0,14,141011,29,1,2,12,9,12.0,2,0,2017
1410111020101.0,14,141011,9,,1,,,7.0,3,0,2017
1410111020101.0,14,141011,3,,2,,,1.0,,0,2017
1410111020201.0,14,141011,33,1,1,,,13.0,2,1,2017
1410111020201.0,14,141011,33,1,1,,,13.0,2,0,2017
1410111020201.0,14,141011,34,1,2,,,12.0,3,0,2017
1410111020201.0,14,141011,9,,1,,,7.0,4,0,2017
1410111020201.0,14,141011,12,,1,,,7.0,7,0,2017
1410111020401.0,14,141011,51,1,2,,,9.0,4,1,2017
1410111020401.0,14,141011,50,1,2,,,9.0,4,0,2017
1410111020401.0,14,141011,23,1,1,,,13.0,4,0,2017
1410111020401.0,14,141011,19,1,1,,,13.0,1,0,2017
1410111030101.0,14,141011,44,1,2,,,13.0,5,1,2017
1410111030101.0,14,141011,42,1,2,,,13.0,5,0,2017
1410111030101.0,14,141011,14,,1,,,7.0,7,0,2017
1410111030101.0,14,141011,1,,2,,,1.0,,0,2017
1410111030201.0,14,141011,65,1,2,,,13.0,4,1,2017
1410111030301.0,14,141011,55,1,2,,,13.0,5,1,2017
1410111030301.0,14,141011,57,1,2,,,13.0,5,0,2017
1410111030301.0,14,141011,20,1,1,,,13.0,1,0,2017
1410111030401.0,14,141011,45,1,2,,,9.0,2,1,2017
1410111030401.0,14,141011,51,1,2,,,9.0,4,0,2017
1410111030401.0,14,141011,20,1,1,,,13.0,2,0,2017
1410111030501.0,14,141011,64,1,2,,,9.0,4,1,2017
1410111030501.0,14,141011,63,1,2,,,9.0,4,0,2017
1410111030501.0,14,141011,32,1,2,,,13.0,5,0,2017
1410111030501.0,14,141011,26,1,1,,,14.0,5,0,2017
1410111030601.0,14,141011,44,1,2,,,12.0,3,1,2017
1410111030601.0,14,141011,39,1,2,,,13.0,5,0,2017
1410111030601.0,14,141011,69,1,2,,,6.0,3,0,2017
1410111030601.0,14,141011,14,,1,,,9.0,1,0,2017
1410111030601.0,14,141011,8,,1,,,7.0,2,0,2017
1410111030701.0,14,141011,27,1,2,12,9,12.0,2,1,2017
1410111030701.0,14,141011,23,1,2,12,9,12.0,1,0,2017
1410111030701.0,14,141011,26,1,1,,,13.0,4,0,2017
1410111030701.0,14,141011,1,,2,,,1.0,,0,2017
1410111030901.0,14,141011,41,1,2,,,11.0,4,1,2017
1410111030901.0,14,141011,39,1,2,,,9.0,4,0,2017
1410111030901.0,14,141011,17,1,1,,,9.0,4,0,2017
1410111030901.0,14,141011,6,,1,,,4.0,,0,2017
1410111031001.0,14,141011,76,1,2,,,8.0,6,1,2017
1410111031001.0,14,141011,51,1,2,,,12.0,3,0,2017
1410111040101.0,14,141011,57,1,2,,,13.0,5,1,2017
1410111040101.0,14,141011,50,1,2,,,12.0,2,0,2017
1410111040101.0,14,141011,28,1,2,12,4,13.0,5,0,2017
1410111040101.0,14,141011,18,1,1,,,9.0,3,0,2017
1410111040401.0,14,141011,63,1,2,,,6.0,6,1,2017
1410111040401.0,14,141011,20,1,2,11,3,11.0,4,0,2017
1410111040401.0,14,141011,13,,1,,,7.0,7,0,2017
1410111041001.0,14,141011,52,1,2,,,15.0,7,1,2017
1410111041001.0,14,141011,43,1,2,,,13.0,5,0,2017
1410111041001.0,14,141011,12,,1,,,7.0,6,0,2017
1410111041001.0,14,141011,9,,1,,,7.0,4,0,2017
1410111041401.0,14,141011,63,1,2,,,9.0,4,1,2017
1410111041401.0,14,141011,41,1,2,,,9.0,1,0,2017
1410111041401.0,14,141011,72,1,2,,,6.0,6,0,2017
1410111041401.0,14,141011,72,1,2,,,6.0,6,0,2017
1410111041401.0,14,141011,22,1,1,,,12.0,3,0,2017
1410111041401.0,14,141011,16,1,1,,,9.0,2,0,2017
1410111041401.0,14,141011,4,,2,,,1.0,,0,2017
1410111041401.0,14,141011,3,,2,,,1.0,,0,2017
1410111041501.0,14,141011,69,1,2,,,9.0,4,1,2017
1410111050101.0,14,141011,63,1,2,,,13.0,5,1,2017
1410111050101.0,14,141011,52,1,2,,,7.0,7,0,2017
1410111050101.0,14,141011,18,1,1,,,9.0,4,0,2017
1410111050201.0,14,141011,48,1,2,,,11.0,4,1,2017
1410111050201.0,14,141011,46,1,2,,,9.0,4,0,2017
1410111050201.0,14,141011,14,,1,,,7.0,8,0,2017
1410111050301.0,14,141011,37,1,2,,,11.0,4,1,2017
1410111050301.0,14,141011,34,1,2,,,11.0,4,0,2017
1410111050301.0,14,141011,8,,1,,,7.0,2,0,2017
1410111050401.0,14,141011,42,1,2,,,9.0,4,1,2017
1410111050401.0,14,141011,47,1,2,,,12.0,2,0,2017
1410111050401.0,14,141011,20,1,1,,,13.0,1,0,2017
1410111050401.0,14,141011,15,1,1,,,9.0,1,0,2017
1410111050401.0,14,141011,13,,1,,,7.0,8,0,2017
1410111060101.0,14,141011,73,1,2,,,6.0,5,1,2017
1410111060101.0,14,141011,49,1,2,,,9.0,4,0,2017
1410111060101.0,14,141011,47,1,2,,,12.0,3,0,2017
1410111060201.0,14,141011,36,1,2,,,9.0,3,1,2017
1410111060201.0,14,141011,39,1,2,,,9.0,4,0,2017
1410111060201.0,14,141011,11,,1,,,7.0,5,0,2017
1410111060201.0,14,141011,3,,2,,,1.0,,0,2017
1410111060201.0,14,141011,3,,2,,,1.0,,0,2017
1410111060301.0,14,141011,49,1,2,,,12.0,3,1,2017
1410111060301.0,14,141011,25,1,1,,,13.0,4,0,2017
1410111060401.0,14,141011,48,1,2,,,13.0,5,1,2017
1410111070101.0,14,141011,57,1,2,,,11.0,4,1,2017
1410111070101.0,14,141011,21,1,1,,,12.0,3,0,2017
1410111070301.0,14,141011,49,1,2,,,12.0,3,1,2017
1410111070301.0,14,141011,44,1,2,,,13.0,5,0,2017
1410111070301.0,14,141011,19,1,1,,,9.0,4,0,2017
1410111070301.0,14,141011,11,,1,,,7.0,4,0,2017
1410111070301.0,14,141011,8,,1,,,7.0,2,0,2017
1410111080301.0,14,141011,42,1,1,,,12.0,1,1,2017
1410111080301.0,14,141011,42,1,2,,,9.0,4,0,2017
1410111080301.0,14,141011,17,1,1,,,9.0,3,0,2017
1410111080301.0,14,141011,14,,1,,,7.0,7,0,2017
1410111080401.0,14,141011,84,1,2,,,8.0,6,1,2017
1410111080401.0,14,141011,54,1,2,,,13.0,2,0,2017
1410111080601.0,14,141011,54,1,2,,,9.0,4,1,2017
1410111080601.0,14,141011,47,1,2,,,12.0,3,0,2017
1410111080601.0,14,141011,24,1,2,7,9,13.0,5,0,2017
1410111080601.0,14,141011,11,,1,,,7.0,5,0,2017
1410111080601.0,14,141011,6,,1,,,7.0,1,0,2017
1410111080701.0,14,141011,41,1,2,,,13.0,4,1,2017
1410111080701.0,14,141011,43,1,2,,,13.0,4,0,2017
1410111080801.0,14,141011,66,1,2,,,9.0,2,1,2017
1410111080802.0,14,141011,59,1,2,,,9.0,4,1,2017
1410111080803.0,14,141011,61,1,2,,,7.0,8,1,2017
1410111080901.0,14,141011,64,1,2,,,9.0,2,1,2017
1410111080901.0,14,141011,37,1,2,,,13.0,5,0,2017
1410111081001.0,14,141011,88,1,2,,,8.0,2,1,2017
1410111081001.0,14,141011,55,1,2,,,9.0,4,0,2017
1410111090101.0,14,141011,96,1,2,,,8.0,5,1,2017
1410111090101.0,14,141011,73,1,2,,,8.0,3,0,2017
1410111090101.0,14,141011,69,1,2,,,13.0,1,0,2017
1410111090301.0,14,141011,80,1,2,,,6.0,6,1,2017
1410111090301.0,14,141011,48,1,2,,,13.0,5,0,2017
1410111090301.0,14,141011,46,1,2,,,12.0,3,0,2017
1410111090301.0,14,141011,10,,1,,,7.0,3,0,2017
1410111090801.0,14,141011,90,1,2,,,6.0,6,1,2017
1410111090802.0,14,141011,64,1,2,,,8.0,6,1,2017
1410111100101.0,14,141011,84,1,2,,,6.0,3,1,2017
1410111100101.0,14,141011,49,1,2,,,9.0,2,0,2017
1410111100201.0,14,141011,48,1,2,,,9.0,4,1,2017
1410111100201.0,14,141011,64,1,2,,,14.0,8,0,2017
1410111100201.0,14,141011,38,1,2,,,9.0,4,0,2017
1410111100201.0,14,141011,15,1,1,,,7.0,8,0,2017
1410111100201.0,14,141011,8,,1,,,7.0,2,0,2017
1410111100201.0,14,141011,22,1,1,,,13.0,5,0,2017
1410111100301.0,14,141011,57,1,2,,,7.0,8,1,2017
1410111100301.0,14,141011,55,1,2,,,9.0,4,0,2017
1410111100301.0,14,141011,25,1,2,7,9,11.0,4,0,2017
1410111100301.0,14,141011,8,,1,,,7.0,2,0,2017
1410111100301.0,14,141011,1,,1,,,2.0,,0,2017
1410111100401.0,14,141011,54,1,2,,,11.0,4,1,2017
1410111100401.0,14,141011,68,1,2,,,7.0,8,0,2017
1410111100501.0,14,141011,59,1,2,,,9.0,4,1,2017
1410111100501.0,14,141011,56,1,2,,,9.0,2,0,2017
1410111100801.0,14,141011,41,1,2,,,11.0,4,1,2017
1410111100801.0,14,141011,38,1,2,,,9.0,1,0,2017
1410111100801.0,14,141011,20,1,1,,,9.0,4,0,2017
1410111100801.0,14,141011,10,,1,,,7.0,4,0,2017
1410111100801.0,14,141011,8,,1,,,7.0,2,0,2017
1410111100901.0,14,141011,88,1,2,,,8.0,4,1,2017
1410111100901.0,14,141011,72,1,2,,,8.0,5,0,2017
1410111100901.0,14,141011,60,1,2,,,9.0,4,0,2017
1410111100901.0,14,141011,63,1,2,,,11.0,4,0,2017
1410111101001.0,14,141011,56,1,2,,,11.0,4,1,2017
1410111101001.0,14,141011,18,1,1,,,9.0,4,0,2017
1410111110101.0,14,141011,82,1,2,,,7.0,6,1,2017
1410111110101.0,14,141011,57,1,2,,,9.0,4,0,2017
1410111110101.0,14,141011,24,1,1,,,13.0,3,0,2017
1410111110101.0,14,141011,22,1,1,,,13.0,2,0,2017
1410111110201.0,14,141011,51,1,2,,,9.0,4,1,2017
1410111110201.0,14,141011,6,,1,,,4.0,,0,2017
1410111110201.0,14,141011,9,,1,,,7.0,2,0,2017
1410111110301.0,14,141011,43,4,2,,,5.0,,1,2017
1410111110301.0,14,141011,43,1,2,,,9.0,4,0,2017
1410111110301.0,14,141011,16,1,1,,,9.0,1,0,2017
1410111110301.0,14,141011,7,,1,,,7.0,1,0,2017
1410111110501.0,14,141011,62,1,2,,,9.0,4,1,2017
1410111110601.0,14,141011,30,1,2,9,9,13.0,1,1,2017
1410111110601.0,14,141011,30,1,2,9,9,13.0,4,0,2017
1410111110601.0,14,141011,8,,1,,,7.0,2,0,2017
1410111110601.0,14,141011,0,,2,,,1.0,,0,2017
1410111110701.0,14,141011,27,1,1,,,13.0,3,1,2017
1410111110701.0,14,141011,55,1,2,,,9.0,2,0,2017
1410111110701.0,14,141011,28,1,2,7,3,13.0,4,0,2017
1410111110701.0,14,141011,22,1,1,,,12.0,1,0,2017
1410111110801.0,14,141011,37,1,2,,,9.0,4,1,2017
1410111110801.0,14,141011,65,1,2,,,9.0,2,0,2017
1410111110801.0,14,141011,13,,1,,,7.0,6,0,2017
1410111110801.0,14,141011,13,,1,,,7.0,6,0,2017
1410111110901.0,14,141011,34,1,2,,,13.0,4,1,2017
1410111110901.0,14,141011,24,1,1,,,13.0,4,0,2017
1410111111001.0,14,141011,45,1,2,,,9.0,4,1,2017
1410111111001.0,14,141011,43,1,2,,,9.0,4,0,2017
1410111111001.0,14,141011,22,1,1,,,13.0,4,0,2017
1410111111001.0,14,141011,17,1,1,,,9.0,4,0,2017
1410111111001.0,14,141011,12,,1,,,7.0,7,0,2017
1410111111001.0,14,141011,72,1,2,,,,99,0,2017
1410111120101.0,14,141011,63,1,2,,,6.0,6,1,2017
1410111120201.0,14,141011,58,1,2,,,7.0,6,1,2017
1410111120201.0,14,141011,45,1,2,,,9.0,1,0,2017
1410111120201.0,14,141011,27,1,2,12,4,9.0,4,0,2017
1410111120201.0,14,141011,24,1,2,12,4,9.0,4,0,2017
1410111120201.0,14,141011,22,1,2,12,4,9.0,4,0,2017
1410111120201.0,14,141011,18,1,1,,,9.0,2,0,2017
1410111120201.0,14,141011,27,1,2,2,4,9.0,2,0,2017
1410111120201.0,14,141011,10,,1,,,7.0,4,0,2017
1410111120201.0,14,141011,0,,2,,,1.0,,0,2017
1410111120201.0,14,141011,54,4,2,,,1.0,,0,2017
1410111120401.0,14,141011,50,1,2,,,9.0,4,1,2017
1410111120401.0,14,141011,46,1,2,,,9.0,4,0,2017
1410111120401.0,14,141011,17,1,1,,,11.0,3,0,2017
1410111130101.0,14,141011,74,1,2,,,6.0,2,1,2017
1410111130201.0,14,141011,49,1,2,,,11.0,4,1,2017
1410111130201.0,14,141011,22,1,2,11,4,9.0,4,0,2017
1410111130201.0,14,141011,19,1,2,11,2,11.0,4,0,2017
1410111130401.0,14,141011,55,1,2,,,7.0,3,1,2017
1410111130501.0,14,141011,75,1,2,,,7.0,5,1,2017
1410111130501.0,14,141011,30,1,2,7,4,13.0,5,0,2017
1410111130501.0,14,141011,34,1,2,,,11.0,4,0,2017
1410111130501.0,14,141011,12,,1,,,7.0,7,0,2017
1410111130501.0,14,141011,4,,1,,,3.0,,0,2017
1410111130901.0,14,141011,68,1,2,,,8.0,6,1,2017
1410111130901.0,14,141011,67,1,2,,,8.0,6,0,2017
1410111130901.0,14,141011,37,4,2,,,1.0,,0,2017
1410111131001.0,14,141011,42,1,2,,,12.0,3,1,2017
1410111131001.0,14,141011,38,1,2,,,12.0,3,0,2017
1410111131001.0,14,141011,3,,1,,,3.0,,0,2017
1410111131101.0,14,141011,44,1,2,,,9.0,4,1,2017
1410111131101.0,14,141011,36,1,2,,,11.0,4,0,2017
1410111131101.0,14,141011,11,,1,,,7.0,5,0,2017
1410111131101.0,14,141011,4,,1,,,3.0,,0,2017
1410111131301.0,14,141011,54,1,2,,,9.0,1,1,2017
1410111131301.0,14,141011,45,1,2,,,9.0,1,0,2017
1410111131301.0,14,141011,18,1,1,,,11.0,4,0,2017
1410111131401.0,14,141011,80,1,2,,,8.0,6,1,2017
1410111131501.0,14,141011,93,1,2,,,6.0,4,1,2017
1410111131501.0,14,141011,95,1,2,,,6.0,1,0,2017
1410111140101.0,14,141011,38,1,2,,,13.0,4,1,2017
1410111140101.0,14,141011,23,1,2,7,9,11.0,4,0,2017
1410111140101.0,14,141011,20,1,2,7,9,9.0,4,0,2017
1410111140101.0,14,141011,15,1,1,,,9.0,1,0,2017
1410111140201.0,14,141011,57,1,2,,,9.0,3,1,2017
1410111140201.0,14,141011,57,1,2,,,7.0,3,0,2017
1410111140201.0,14,141011,32,1,2,,,13.0,5,0,2017
1410111140401.0,14,141011,37,1,2,,,11.0,4,1,2017
1410111140401.0,14,141011,35,1,2,,,9.0,4,0,2017
1410111140401.0,14,141011,10,,1,,,7.0,4,0,2017
1410111140401.0,14,141011,5,,1,,,4.0,,0,2017
1410111150101.0,14,141011,50,1,2,,,9.0,4,1,2017
1410111150101.0,14,141011,48,1,2,,,12.0,2,0,2017
1410111150101.0,14,141011,24,1,1,,,13.0,2,0,2017
1410111150101.0,14,141011,19,1,1,,,13.0,2,0,2017
1410111150101.0,14,141011,15,1,1,,,7.0,8,0,2017
1410111150201.0,14,141011,49,1,2,,,12.0,3,1,2017
1410111150201.0,14,141011,18,1,1,,,9.0,4,0,2017
1410111150201.0,14,141011,10,,1,,,7.0,4,0,2017
1410111150501.0,14,141011,87,1,2,,,9.0,4,1,2017
1410111150501.0,14,141011,36,1,1,,,13.0,1,0,2017
1410111150501.0,14,141011,58,1,2,,,9.0,4,0,2017
1410111150601.0,14,141011,83,1,2,,,1.0,,1,2017
1410111150701.0,14,141011,72,1,2,,,12.0,3,1,2017
1410111150801.0,14,141011,47,1,2,,,13.0,5,1,2017
1410111150801.0,14,141011,51,1,2,,,13.0,5,0,2017
1410111150801.0,14,141011,17,1,1,,,9.0,3,0,2017
1410111150901.0,14,141011,47,1,2,,,13.0,5,1,2017
1410111150901.0,14,141011,14,,1,,,7.0,8,0,2017
1410111151101.0,14,141011,57,1,2,,,11.0,4,1,2017
1410111151101.0,14,141011,32,1,2,,,13.0,5,0,2017
1410111151201.0,14,141011,50,1,2,,,9.0,4,1,2017
1410111151301.0,14,141011,57,1,2,,,11.0,4,1,2017
1410111151301.0,14,141011,55,1,2,,,11.0,4,0,2017
1410111151401.0,14,141011,60,1,2,,,9.0,4,1,2017
1410111151401.0,14,141011,70,1,2,,,13.0,5,0,2017
1410111151401.0,14,141011,38,1,2,,,12.0,3,0,2017
1410111151501.0,14,141011,53,1,2,,,12.0,3,1,2017
1410111160101.0,14,141011,22,1,2,11,1,11.0,4,1,2017
1410111160101.0,14,141011,20,1,1,,,13.0,1,0,2017
1410111160101.0,14,141011,21,1,2,11,3,11.0,4,0,2017
1410111160201.0,14,141011,50,1,2,,,7.0,8,1,2017
1410111160201.0,14,141011,40,1,2,,,13.0,5,0,2017
1410111160201.0,14,141011,29,1,2,7,2,13.0,5,0,2017
1410111160201.0,14,141011,29,1,2,7,2,13.0,5,0,2017
1410111160301.0,14,141011,73,1,2,,,6.0,2,1,2017
1410111160301.0,14,141011,47,1,2,,,13.0,2,0,2017
1410111160501.0,14,141011,53,1,2,,,,4,1,2017
1410111160501.0,14,141011,43,1,2,,,11.0,4,0,2017
1410111160501.0,14,141011,21,1,1,,,13.0,3,0,2017
1410111160601.0,14,141011,38,1,2,,,13.0,5,1,2017
1410111160601.0,14,141011,8,,1,,,7.0,2,0,2017
1410111160901.0,14,141011,53,1,2,,,9.0,4,1,2017
1410111160901.0,14,141011,13,,1,,,7.0,8,0,2017
1410111161001.0,14,141011,53,1,2,,,11.0,4,1,2017
1410111161001.0,14,141011,51,1,2,,,9.0,4,0,2017
1410111161001.0,14,141011,26,1,1,,,13.0,3,0,2017
1410111170101.0,14,141011,53,1,2,,,9.0,4,1,2017
1410111170101.0,14,141011,22,1,1,,,13.0,3,0,2017
1410111170201.0,14,141011,75,1,2,,,8.0,6,1,2017
1410111170201.0,14,141011,52,1,2,,,13.0,5,0,2017
1410111170301.0,14,141011,69,1,2,,,9.0,4,1,2017
1410111170301.0,14,141011,70,1,2,,,9.0,4,0,2017
1410111180401.0,14,141011,73,1,2,,,12.0,3,1,2017
1410111180401.0,14,141011,63,1,2,,,13.0,4,0,2017
1410111190101.0,14,141011,64,1,2,,,9.0,4,1,2017
1410111190301.0,14,141011,50,1,2,,,11.0,4,1,2017
1410111190301.0,14,141011,53,1,2,,,11.0,4,0,2017
1410111190301.0,14,141011,26,1,2,12,3,12.0,3,0,2017
1410111190301.0,14,141011,1,,1,,,2.0,,0,2017
1410111190301.0,14,141011,74,1,2,,,10.0,3,0,2017
1410111190401.0,14,141011,42,1,2,,,9.0,4,1,2017
1410111190401.0,14,141011,39,1,2,,,13.0,1,0,2017
1410111190401.0,14,141011,16,1,1,,,9.0,2,0,2017
1410111190501.0,14,141011,60,1,2,,,7.0,8,1,2017
1410111190501.0,14,141011,35,1,2,,,9.0,4,0,2017
1410111190601.0,14,141011,28,1,2,12,9,13.0,4,1,2017
1410111190601.0,14,141011,4,,1,,,4.0,,0,2017
1410111190601.0,14,141011,1,,1,,,2.0,,0,2017
1410111190701.0,14,141011,55,1,2,,,9.0,4,1,2017
1410111190701.0,14,141011,57,1,2,,,9.0,1,0,2017
1410111190701.0,14,141011,20,1,1,,,13.0,1,0,2017
1410111191001.0,14,141011,55,1,2,,,12.0,3,1,2017
1410111191001.0,14,141011,55,1,2,,,12.0,3,0,2017
1410111200101.0,14,141011,74,1,2,,,8.0,6,1,2017
1410111200101.0,14,141011,28,1,2,12,4,12.0,3,0,2017
1410111200201.0,14,141011,75,1,2,,,10.0,2,1,2017
1410111200201.0,14,141011,79,1,2,,,8.0,5,0,2017
1410111200201.0,14,141011,24,1,1,,,13.0,4,0,2017
1410111200201.0,14,141011,19,1,1,,,13.0,1,0,2017
1410111200401.0,14,141011,77,1,2,,,9.0,4,1,2017
1410111200401.0,14,141011,77,1,2,,,10.0,4,0,2017
1410111220101.0,14,141011,52,1,2,,,9.0,4,1,2017
1410111220101.0,14,141011,28,1,2,12,9,13.0,5,0,2017
1410111220101.0,14,141011,23,1,1,,,13.0,3,0,2017
1410111220201.0,14,141011,40,1,2,,,9.0,4,1,2017
1410111220201.0,14,141011,36,1,2,,,9.0,4,0,2017
1410111220201.0,14,141011,10,,1,,,7.0,5,0,2017
1410111220201.0,14,141011,7,,1,,,7.0,2,0,2017
1410111220301.0,14,141011,75,1,2,,,6.0,4,1,2017
1410111220401.0,14,141011,70,1,2,,,,99,1,2017
1410111220401.0,14,141011,65,1,2,,,,99,0,2017
1410111230201.0,14,141011,62,1,2,,,12.0,3,1,2017
1410111230201.0,14,141011,60,1,2,,,9.0,4,0,2017
1410111230201.0,14,141011,32,1,2,,,13.0,5,0,2017
1410111230401.0,14,141011,63,1,2,,,13.0,4,1,2017
1410111230501.0,14,141011,51,1,2,,,9.0,4,1,2017
1410111230501.0,14,141011,49,1,2,,,9.0,4,0,2017
1410111230501.0,14,141011,21,1,1,,,13.0,1,0,2017
1410111230601.0,14,141011,78,1,2,,,8.0,3,1,2017
1410111230601.0,14,141011,97,1,2,,,,99,0,2017
1410111230601.0,14,141011,72,1,2,,,8.0,3,0,2017
1410111230701.0,14,141011,80,1,2,,,10.0,99,1,2017
1410111230701.0,14,141011,80,1,2,,,6.0,6,0,2017
1410111230701.0,14,141011,51,1,2,,,12.0,3,0,2017
1410111230701.0,14,141011,16,1,1,,,9.0,1,0,2017
1410111230801.0,14,141011,75,1,2,,,13.0,5,1,2017
1410111230901.0,14,141011,39,1,2,,,12.0,1,1,2017
1410111230901.0,14,141011,76,1,2,,,7.0,6,0,2017
1410111230901.0,14,141011,35,1,2,,,13.0,2,0,2017
1410111230901.0,14,141011,2,,2,,,1.0,,0,2017
1410111231201.0,14,141011,65,1,2,,,11.0,4,1,2017
1410111231201.0,14,141011,65,1,2,,,11.0,4,0,2017
1410111231201.0,14,141011,38,1,2,,,13.0,5,0,2017
1410111231401.0,14,141011,55,1,2,,,12.0,3,1,2017
1410111231401.0,14,141011,53,1,2,,,13.0,5,0,2017
1410111231401.0,14,141011,22,1,1,,,13.0,3,0,2017
1410111231501.0,14,141011,54,1,2,,,,4,1,2017
1410111231501.0,14,141011,56,1,2,,,9.0,4,0,2017
1410111231501.0,14,141011,19,1,1,,,13.0,2,0,2017
1410111231501.0,14,141011,16,1,1,,,9.0,3,0,2017
1410111231601.0,14,141011,37,1,2,,,15.0,7,1,2017
1410111231601.0,14,141011,38,1,2,,,13.0,4,0,2017
1410111231601.0,14,141011,21,1,1,,,13.0,3,0,2017
1410111231801.0,14,141011,49,1,2,,,13.0,5,1,2017
1410111231801.0,14,141011,44,1,2,,,12.0,3,0,2017
1410111231801.0,14,141011,24,1,1,,,13.0,3,0,2017
1410111231801.0,14,141011,16,1,1,,,9.0,2,0,2017
1410111231801.0,14,141011,12,,1,,,7.0,7,0,2017
1410111240501.0,14,141011,78,1,2,,,8.0,5,1,2017
1410111240501.0,14,141011,76,1,2,,,8.0,4,0,2017
1410111250101.0,14,141011,31,1,2,,,13.0,4,1,2017
1410111250101.0,14,141011,30,1,2,11,4,9.0,4,0,2017
1410111250101.0,14,141011,3,,2,,,1.0,,0,2017
1410111250201.0,14,141011,57,1,2,,,9.0,4,1,2017
1410111250201.0,14,141011,27,1,2,17,4,13.0,5,0,2017
1410111250301.0,14,141011,70,1,2,,,8.0,6,1,2017
1410111250401.0,14,141011,43,1,2,,,9.0,4,1,2017
1410111260201.0,14,141011,48,1,2,,,9.0,4,1,2017
1410111260201.0,14,141011,53,1,2,,,9.0,4,0,2017
1410111260201.0,14,141011,17,1,1,,,9.0,4,0,2017
1410111260201.0,14,141011,4,,1,,,4.0,,0,2017
1410111260201.0,14,141011,25,1,1,,,13.0,4,0,2017
1410111260301.0,14,141011,80,1,2,,,8.0,6,1,2017
1410111260301.0,14,141011,34,1,2,,,13.0,6,0,2017
1410111260401.0,14,141011,27,1,1,,,13.0,3,1,2017
1410111270401.0,14,141011,39,1,2,,,9.0,4,1,2017
1410111270401.0,14,141011,14,,1,,,7.0,8,0,2017
1410111270401.0,14,141011,1,,2,,,1.0,,0,2017
1410111270501.0,14,141011,76,1,2,,,6.0,6,1,2017
1410111270501.0,14,141011,69,1,2,,,6.0,6,0,2017
1410111270501.0,14,141011,41,1,2,,,11.0,4,0,2017
1410111270501.0,14,141011,47,1,2,,,9.0,4,0,2017
1410111270501.0,14,141011,15,1,1,,,9.0,1,0,2017
1410111270901.0,14,141011,77,1,2,,,8.0,1,1,2017
1410111270901.0,14,141011,74,1,2,,,6.0,5,0,2017
1410111271001.0,14,141011,51,1,2,,,9.0,4,1,2017
1410111271001.0,14,141011,52,1,2,,,9.0,4,0,2017
1410111271001.0,14,141011,16,1,1,,,11.0,2,0,2017
1410111280201.0,14,141011,79,4,2,,,1.0,,1,2017
1410111280201.0,14,141011,55,1,2,,,7.0,4,0,2017
1410111280401.0,14,141011,68,1,2,,,10.0,4,1,2017
1410111280401.0,14,141011,75,1,2,,,10.0,5,0,2017
1410111280401.0,14,141011,19,1,1,,,11.0,4,0,2017
1410111290101.0,14,141011,79,1,2,,,6.0,6,1,2017
1410111290201.0,14,141011,79,1,2,,,8.0,1,1,2017
1410111290201.0,14,141011,56,1,2,,,11.0,1,0,2017
1410111290401.0,14,141011,56,1,2,,,13.0,5,1,2017
1410111290401.0,14,141011,54,1,2,,,11.0,4,0,2017
1410111290401.0,14,141011,21,1,2,99,9,12.0,1,0,2017
1410111290401.0,14,141011,18,1,2,7,9,11.0,4,0,2017
1410111300101.0,14,141011,67,1,2,,,8.0,1,1,2017
1410111300101.0,14,141011,71,1,2,,,6.0,6,0,2017
1410111300201.0,14,141011,44,1,2,,,13.0,4,1,2017
1410111300201.0,14,141011,39,1,2,,,9.0,4,0,2017
1410111300201.0,14,141011,17,1,1,,,11.0,2,0,2017
1410111300201.0,14,141011,12,,1,,,7.0,7,0,2017
1410111300201.0,14,141011,4,,1,,,4.0,,0,2017
1410111300301.0,14,141011,64,1,2,,,9.0,4,1,2017
1410111300301.0,14,141011,67,1,2,,,12.0,3,0,2017
1410111300301.0,14,141011,29,1,2,7,4,13.0,5,0,2017
1410111300501.0,14,141011,77,1,2,,,6.0,6,1,2017
1410111300601.0,14,141011,66,1,2,,,6.0,5,1,2017
1410111300601.0,14,141011,27,1,1,,,13.0,3,0,2017
1410111300801.0,14,141011,22,1,2,12,4,9.0,4,1,2017
1410111300801.0,14,141011,22,1,2,12,4,9.0,4,0,2017
1410111300801.0,14,141011,25,1,1,,,12.0,1,0,2017
1410111301001.0,14,141011,24,1,2,12,9,11.0,4,1,2017
1410111301001.0,14,141011,23,1,2,12,9,11.0,5,0,2017
1410111301001.0,14,141011,0,,2,,,1.0,,0,2017
1410111310101.0,14,141011,65,1,2,,,7.0,7,1,2017
1410111310101.0,14,141011,64,1,2,,,7.0,7,0,2017
1410111310101.0,14,141011,32,1,2,,,11.0,4,0,2017
1410111310101.0,14,141011,14,,1,,,7.0,8,0,2017
1410111310101.0,14,141011,9,,1,,,7.0,4,0,2017
1410111310101.0,14,141011,2,,2,,,1.0,,0,2017
1410111310401.0,14,141011,53,1,2,,,9.0,4,1,2017
1410111310401.0,14,141011,23,1,1,,,13.0,3,0,2017
1410111320201.0,14,141011,42,1,2,,,12.0,3,1,2017
1410111320201.0,14,141011,41,1,2,,,11.0,1,0,2017
1410111320201.0,14,141011,18,1,1,,,9.0,4,0,2017
1410111320201.0,14,141011,7,,1,,,7.0,1,0,2017
1410111320401.0,14,141011,69,1,2,,,9.0,1,1,2017
1410111320401.0,14,141011,69,1,2,,,7.0,6,0,2017
1410111320401.0,14,141011,41,1,2,,,11.0,4,0,2017
1410111320401.0,14,141011,43,1,2,,,9.0,3,0,2017
1410111320401.0,14,141011,18,1,1,,,9.0,4,0,2017
1410111320401.0,14,141011,16,1,1,,,9.0,3,0,2017
1410111320401.0,14,141011,14,,1,,,9.0,1,0,2017
1410111320401.0,14,141011,67,1,2,,,7.0,8,0,2017
1410111330601.0,14,141011,73,1,2,,,6.0,6,1,2017
1410111330601.0,14,141011,57,1,2,,,7.0,7,0,2017
1410111330601.0,14,141011,23,1,2,11,4,13.0,1,0,2017
1410111330901.0,14,141011,65,1,2,,,6.0,6,1,2017
1410111330901.0,14,141011,76,1,2,,,8.0,6,0,2017
1410111330901.0,14,141011,45,1,2,,,9.0,4,0,2017
1410111331001.0,14,141011,69,1,2,,,8.0,2,1,2017
1410111331001.0,14,141011,64,1,2,,,8.0,1,0,2017
1410111340101.0,14,141011,71,1,2,,,9.0,4,1,2017
1410111340101.0,14,141011,66,1,2,,,9.0,4,0,2017
1410111340101.0,14,141011,29,1,2,11,4,13.0,2,0,2017
1410111340301.0,14,141011,77,1,2,,,6.0,6,1,2017
1410111340301.0,14,141011,44,1,2,,,7.0,8,0,2017
1410111340401.0,14,141011,83,1,2,,,6.0,2,1,2017
1410111350101.0,14,141011,45,1,2,,,11.0,5,1,2017
1410111350201.0,14,141011,54,1,2,,,9.0,4,1,2017
1410111350201.0,14,141011,50,1,2,,,9.0,4,0,2017
1410111350201.0,14,141011,26,1,2,99,4,9.0,4,0,2017
1410111350201.0,14,141011,19,1,2,12,3,9.0,4,0,2017
1410111350201.0,14,141011,12,,1,,,7.0,4,0,2017
1410111350201.0,14,141011,5,,1,,,4.0,,0,2017
1410111350201.0,14,141011,3,,1,,,3.0,,0,2017
1410111360101.0,14,141011,60,1,2,,,12.0,3,1,2017
1410111360201.0,14,141011,62,1,2,,,12.0,3,1,2017
1410111360301.0,14,141011,46,1,2,,,12.0,3,1,2017
1410111360301.0,14,141011,41,1,2,,,12.0,3,0,2017
1410111360301.0,14,141011,17,1,1,,,9.0,4,0,2017
1410111360401.0,14,141011,54,1,2,,,11.0,4,1,2017
1410111360401.0,14,141011,47,1,2,,,9.0,4,0,2017
1410111360401.0,14,141011,22,1,1,,,13.0,5,0,2017
1410111370101.0,14,141011,68,1,2,,,9.0,4,1,2017
1410111370101.0,14,141011,70,1,2,,,13.0,4,0,2017
1410111370201.0,14,141011,71,1,2,,,11.0,4,1,2017
1410111370201.0,14,141011,69,1,2,,,8.0,6,0,2017
1410111370201.0,14,141011,41,1,2,,,13.0,4,0,2017
1410111370301.0,14,141011,67,1,2,,,15.0,5,1,2017
1410111370301.0,14,141011,67,1,2,,,13.0,5,0,2017
1410111370501.0,14,141011,54,1,2,,,9.0,4,1,2017
1410111370501.0,14,141011,58,1,2,,,9.0,4,0,2017
1410111370501.0,14,141011,25,1,2,12,4,9.0,4,0,2017
1410111370601.0,14,141011,74,1,2,,,13.0,4,1,2017
1410111370701.0,14,141011,34,1,2,,,15.0,7,1,2017
1410111370701.0,14,141011,29,1,2,7,3,13.0,5,0,2017
1410111370701.0,14,141011,0,,1,,,2.0,,0,2017
1410111370801.0,14,141011,63,1,2,,,7.0,3,1,2017
1410111370901.0,14,141011,66,1,2,,,9.0,4,1,2017
1410111370901.0,14,141011,72,1,2,,,9.0,1,0,2017
1410111371001.0,14,141011,74,1,2,,,6.0,99,1,2017
1410111371001.0,14,141011,72,1,2,,,6.0,3,0,2017
1410111371001.0,14,141011,28,1,1,,,13.0,4,0,2017
1410111371101.0,14,141011,54,1,2,,,9.0,4,1,2017
1410111371101.0,14,141011,47,1,2,,,9.0,4,0,2017
1410111371101.0,14,141011,28,1,2,12,4,9.0,4,0,2017
1410111371101.0,14,141011,29,1,2,1,4,9.0,4,0,2017
1410111371101.0,14,141011,17,1,1,,,9.0,3,0,2017
1410111371101.0,14,141011,6,,1,,,4.0,,0,2017
1410111371201.0,14,141011,44,1,2,,,9.0,4,1,2017
1410111371201.0,14,141011,24,1,2,7,1,9.0,4,0,2017
1410111371201.0,14,141011,16,1,1,,,9.0,2,0,2017
1410111371201.0,14,141011,12,,1,,,7.0,6,0,2017
1410111371201.0,14,141011,8,,1,,,7.0,3,0,2017
1410111371201.0,14,141011,5,,1,,,4.0,,0,2017
1410111371301.0,14,141011,36,1,2,,,7.0,8,1,2017
1410111371301.0,14,141011,38,1,2,,,7.0,8,0,2017
1410111371301.0,14,141011,18,1,2,7,1,11.0,4,0,2017
1410111371301.0,14,141011,5,,1,,,4.0,,0,2017
1410111371401.0,14,141011,42,1,2,,,9.0,4,1,2017
1410111371401.0,14,141011,37,1,2,,,9.0,4,0,2017
1410111371401.0,14,141011,10,,1,,,7.0,5,0,2017
1410111371401.0,14,141011,2,,2,,,1.0,,0,2017
1410111371501.0,14,141011,40,1,2,,,9.0,4,1,2017
1410111371501.0,14,141011,44,1,2,,,9.0,4,0,2017
1410111371501.0,14,141011,7,,1,,,7.0,2,0,2017
1410111371501.0,14,141011,11,,1,,,7.0,4,0,2017
1410111371701.0,14,141011,34,1,2,,,7.0,3,1,2017
1410111371701.0,14,141011,17,1,1,,,7.0,7,0,2017
1410111371701.0,14,141011,14,,1,,,7.0,4,0,2017
1410111371701.0,14,141011,6,,1,,,7.0,1,0,2017
1410111371801.0,14,141011,29,1,2,12,9,7.0,8,1,2017
1410111371801.0,14,141011,42,1,2,,,7.0,7,0,2017
1410111371801.0,14,141011,9,,1,,,7.0,2,0,2017
1410111371801.0,14,141011,5,,1,,,4.0,,0,2017
1410111371901.0,14,141011,27,1,2,12,4,9.0,3,1,2017
1410111371901.0,14,141011,3,,1,,,3.0,,0,2017
1410111371901.0,14,141011,1,,1,,,2.0,,0,2017
1410111380301.0,14,141011,59,1,2,,,11.0,3,1,2017
1410111380301.0,14,141011,33,1,2,,,11.0,4,0,2017
1410111380301.0,14,141011,30,1,2,99,9,11.0,4,0,2017
1410111380301.0,14,141011,8,,1,,,7.0,2,0,2017
1410111380301.0,14,141011,4,,1,,,3.0,,0,2017
1410111380401.0,14,141011,46,1,2,,,9.0,4,1,2017
1410111390201.0,14,141011,40,1,2,,,13.0,5,1,2017
1410111390201.0,14,141011,33,1,2,,,9.0,4,0,2017
1410111390201.0,14,141011,14,,1,,,9.0,1,0,2017
1410111390201.0,14,141011,8,,1,,,7.0,3,0,2017
1410111390201.0,14,141011,0,,2,,,1.0,,0,2017
1410111390301.0,14,141011,49,1,2,,,12.0,3,1,2017
1410111390301.0,14,141011,52,2,2,,,12.0,3,0,2017
1410111390301.0,14,141011,27,2,1,,,13.0,3,0,2017
1410111390401.0,14,141011,55,1,2,,,9.0,4,1,2017
1410111390401.0,14,141011,55,1,2,,,12.0,3,0,2017
1410111390401.0,14,141011,24,1,2,12,3,13.0,4,0,2017
1410111390401.0,14,141011,22,1,1,,,13.0,4,0,2017
1410111400201.0,14,141011,56,1,2,,,9.0,4,1,2017
1410111400201.0,14,141011,51,1,2,,,7.0,6,0,2017
1410111400201.0,14,141011,19,1,2,9,2,9.0,4,0,2017
1410111400201.0,14,141011,11,,1,,,7.0,6,0,2017
1410111400301.0,14,141011,62,1,2,,,7.0,2,1,2017
1410111400301.0,14,141011,53,4,2,,,7.0,1,0,2017
1410111400501.0,14,141011,48,1,2,,,9.0,4,1,2017
1410111400501.0,14,141011,53,1,2,,,7.0,8,0,2017
1410111400601.0,14,141011,61,1,2,,,9.0,4,1,2017
1410111400601.0,14,141011,65,1,2,,,9.0,4,0,2017
1410111400601.0,14,141011,30,1,2,7,4,12.0,3,0,2017
1410111400601.0,14,141011,30,1,2,7,4,13.0,4,0,2017
1410111400601.0,14,141011,3,,1,,,3.0,,0,2017
1410111400801.0,14,141011,91,4,2,,,1.0,,1,2017
1410111400801.0,14,141011,64,1,2,,,9.0,4,0,2017
1410111400801.0,14,141011,52,1,2,,,9.0,4,0,2017
1410111410101.0,14,141011,61,1,2,,,11.0,4,1,2017
1410111410101.0,14,141011,57,1,2,,,11.0,3,0,2017
1410111410101.0,14,141011,23,1,1,,,13.0,4,0,2017
1410111410101.0,14,141011,22,1,1,,,13.0,2,0,2017
1410111410101.0,14,141011,20,1,1,,,13.0,2,0,2017
1410111420101.0,14,141011,73,1,2,,,10.0,1,1,2017
1410111420101.0,14,141011,73,1,2,,,6.0,4,0,2017
1410111420101.0,14,141011,52,1,2,,,7.0,6,0,2017
1410111420201.0,14,141011,51,1,2,,,9.0,4,1,2017
1410111420201.0,14,141011,33,1,2,,,12.0,2,0,2017
1410111420201.0,14,141011,22,1,2,11,1,12.0,2,0,2017
1410111420201.0,14,141011,12,,1,,,7.0,6,0,2017
1410111420301.0,14,141011,77,4,2,,,6.0,6,1,2017
1410111420301.0,14,141011,51,1,2,,,7.0,2,0,2017
1410111420301.0,14,141011,22,1,1,,,13.0,4,0,2017
1410111420501.0,14,141011,88,2,2,,,6.0,2,1,2017
1410111420501.0,14,141011,63,1,2,,,9.0,2,0,2017
1410111420501.0,14,141011,65,1,2,,,9.0,4,0,2017
1410111420601.0,14,141011,78,1,2,,,6.0,4,1,2017
1410111420601.0,14,141011,59,1,2,,,9.0,4,0,2017
1410111420601.0,14,141011,25,1,1,,,12.0,2,0,2017
1410111420701.0,14,141011,44,1,2,,,11.0,2,1,2017
1410111420701.0,14,141011,62,1,2,,,6.0,5,0,2017
1410111420701.0,14,141011,11,,1,,,7.0,4,0,2017
1410111420701.0,14,141011,24,1,2,17,9,11.0,3,0,2017
1410111420701.0,14,141011,44,4,2,,,7.0,1,0,2017
1410111420801.0,14,141011,61,1,2,,,8.0,5,1,2017
1410111421001.0,14,141011,51,1,2,,,11.0,5,1,2017
1410111430201.0,14,141011,59,1,2,,,9.0,4,1,2017
1410111430201.0,14,141011,54,1,2,,,9.0,1,0,2017
1410111430201.0,14,141011,29,1,2,7,4,13.0,5,0,2017
1410111430201.0,14,141011,22,1,1,,,13.0,3,0,2017
1410111430201.0,14,141011,7,,1,,,7.0,1,0,2017
1410111430301.0,14,141011,80,1,2,,,6.0,6,1,2017
1410111430301.0,14,141011,39,1,2,,,9.0,4,0,2017
1410111430301.0,14,141011,18,1,2,10,2,9.0,4,0,2017
1410111430401.0,14,141011,35,1,2,,,11.0,4,1,2017
1410111430401.0,14,141011,32,1,2,,,9.0,4,0,2017
1410111430401.0,14,141011,4,,1,,,4.0,,0,2017
1410111430601.0,14,141011,59,1,2,,,11.0,4,1,2017
1410111430601.0,14,141011,39,1,2,,,9.0,4,0,2017
1410111430601.0,14,141011,25,1,2,2,4,9.0,4,0,2017
1410111430601.0,14,141011,19,1,2,17,4,9.0,1,0,2017
1410111430601.0,14,141011,5,,1,,,4.0,,0,2017
1410111430701.0,14,141011,21,1,2,7,4,9.0,4,1,2017
1410111430701.0,14,141011,21,1,2,2,2,9.0,2,0,2017
1410111430701.0,14,141011,5,,1,,,4.0,,0,2017
1410111430701.0,14,141011,3,,1,,,3.0,,0,2017
1410111430901.0,14,141011,81,1,2,,,6.0,6,1,2017
1410111430901.0,14,141011,74,1,2,,,6.0,6,0,2017
1410111430901.0,14,141011,51,1,2,,,7.0,8,0,2017
1410111430901.0,14,141011,18,1,1,,,11.0,4,0,2017
1410111440201.0,14,141011,58,1,2,,,9.0,4,1,2017
1410111440201.0,14,141011,54,1,2,,,9.0,4,0,2017
1410111440201.0,14,141011,25,1,2,7,4,9.0,4,0,2017
1410111440301.0,14,141011,60,1,2,,,13.0,4,1,2017
1410111440301.0,14,141011,62,1,2,,,11.0,4,0,2017
1410111450201.0,14,141011,53,1,2,,,7.0,5,1,2017
1410111450201.0,14,141011,49,1,2,,,7.0,7,0,2017
1410111450201.0,14,141011,15,1,1,,,9.0,1,0,2017
1410111450301.0,14,141011,78,1,2,,,1.0,,1,2017
1410111450301.0,14,141011,67,1,2,,,9.0,1,0,2017
1410111450401.0,14,141011,69,1,2,,,6.0,6,1,2017
1410111450401.0,14,141011,67,1,2,,,11.0,4,0,2017
1410111460401.0,14,141011,35,1,1,,,13.0,3,1,2017
1410111460401.0,14,141011,33,1,2,,,13.0,5,0,2017
1410111460401.0,14,141011,12,,1,,,7.0,6,0,2017
1410111460401.0,14,141011,9,,1,,,7.0,4,0,2017
1410111460701.0,14,141011,40,1,2,,,13.0,5,1,2017
1410111460701.0,14,141011,22,1,1,,,13.0,2,0,2017
1410111470101.0,14,141011,42,1,2,,,13.0,4,1,2017
1410111470101.0,14,141011,38,1,1,,,13.0,1,0,2017
1410111470101.0,14,141011,17,1,1,,,9.0,3,0,2017
1410111470101.0,14,141011,32,1,2,,,13.0,6,0,2017
1410111470401.0,14,141011,49,1,2,,,12.0,3,1,2017
1410111470401.0,14,141011,44,1,2,,,12.0,3,0,2017
1410111470401.0,14,141011,25,1,1,,,13.0,4,0,2017
1410111470401.0,14,141011,21,1,1,,,13.0,3,0,2017
1410111470401.0,14,141011,13,,1,,,7.0,8,0,2017
1410111470401.0,14,141011,6,,1,,,7.0,1,0,2017
1410111480501.0,14,141011,42,1,2,,,11.0,4,1,2017
1410111480501.0,14,141011,42,1,2,,,11.0,4,0,2017
1410111480501.0,14,141011,20,1,1,,,13.0,3,0,2017
1410111480501.0,14,141011,14,,1,,,7.0,7,0,2017
1410111480501.0,14,141011,7,,1,,,7.0,1,0,2017
1410111480701.0,14,141011,48,1,2,,,11.0,4,1,2017
1410111480701.0,14,141011,17,1,1,,,9.0,4,0,2017
1410111480801.0,14,141011,29,1,2,12,4,13.0,3,1,2017
1410111480801.0,14,141011,29,1,2,12,4,13.0,3,0,2017
1410111480801.0,14,141011,4,,2,,,1.0,,0,2017
1410111490201.0,14,141011,30,1,2,7,3,13.0,6,1,2017
1410111490201.0,14,141011,28,1,2,7,4,12.0,3,0,2017
1410111490601.0,14,141011,65,1,2,,,13.0,5,1,2017
1410111490801.0,14,141011,52,1,2,,,13.0,2,1,2017
1410111490801.0,14,141011,52,1,2,,,12.0,3,0,2017
1410111490801.0,14,141011,24,1,1,,,13.0,3,0,2017
1410111491401.0,14,141011,29,1,2,12,9,13.0,5,1,2017
1410111491401.0,14,141011,28,1,2,12,9,13.0,5,0,2017
1410111500101.0,14,141011,60,1,2,,,7.0,7,1,2017
1410111500101.0,14,141011,36,1,2,,,13.0,3,0,2017
1410111500101.0,14,141011,31,1,2,,,12.0,3,0,2017
1410111500101.0,14,141011,6,,1,,,4.0,,0,2017
1410111500201.0,14,141011,46,1,2,,,9.0,4,1,2017
1410111500201.0,14,141011,24,1,2,1,3,13.0,1,0,2017
1410111500201.0,14,141011,21,1,1,,,13.0,2,0,2017
1410111500301.0,14,141011,47,1,2,,,7.0,6,1,2017
1410111500301.0,14,141011,47,1,2,,,7.0,8,0,2017
1410111500301.0,14,141011,26,1,2,7,2,13.0,5,0,2017
1410111500301.0,14,141011,21,1,2,9,4,9.0,4,0,2017
1410111500401.0,14,141011,35,1,2,,,12.0,3,1,2017
1410111500401.0,14,141011,30,1,2,7,4,12.0,3,0,2017
1410111500501.0,14,141011,45,1,2,,,11.0,4,1,2017
1410111500501.0,14,141011,20,1,1,,,13.0,1,0,2017
1410111500501.0,14,141011,11,,1,,,7.0,5,0,2017
1410111500601.0,14,141011,40,1,2,,,11.0,4,1,2017
1410111500601.0,14,141011,36,1,2,,,12.0,3,0,2017
1410111500601.0,14,141011,8,,1,,,7.0,2,0,2017
1410111500701.0,14,141011,78,1,2,,,8.0,2,1,2017
1410111500701.0,14,141011,74,1,2,,,6.0,6,0,2017
1410111500801.0,14,141011,53,1,2,,,11.0,5,1,2017
1410111500801.0,14,141011,49,1,2,,,9.0,4,0,2017
1410111500801.0,14,141011,26,1,2,7,4,13.0,5,0,2017
1410111500801.0,14,141011,19,1,1,,,9.0,4,0,2017
1410111500901.0,14,141011,80,1,2,,,8.0,3,1,2017
1410111501001.0,14,141011,74,1,2,,,13.0,2,1,2017
1410111501401.0,14,141011,57,1,2,,,9.0,4,1,2017
1410111501401.0,14,141011,66,1,2,,,8.0,1,0,2017
1410111501901.0,14,141011,58,1,2,,,12.0,3,1,2017
1410111501901.0,14,141011,50,1,2,,,13.0,1,0,2017
1410111501901.0,14,141011,27,1,2,7,4,13.0,5,0,2017
1410111501901.0,14,141011,23,1,1,,,13.0,3,0,2017
1410111502001.0,14,141011,53,1,2,,,12.0,3,1,2017
1410111502001.0,14,141011,58,1,2,,,9.0,4,0,2017
1410111502001.0,14,141011,25,1,2,7,2,12.0,3,0,2017
1410111502001.0,14,141011,22,1,1,,,13.0,2,0,2017
1410111502001.0,14,141011,25,1,1,,,13.0,2,0,2017
1410111510301.0,14,141011,85,1,2,,,8.0,4,1,2017
1410111510301.0,14,141011,85,1,2,,,10.0,5,0,2017
1410111510401.0,14,141011,38,1,2,,,13.0,5,1,2017
1410111510401.0,14,141011,37,1,2,,,13.0,5,0,2017
1410111510401.0,14,141011,5,,1,,,4.0,,0,2017
1410111510401.0,14,141011,3,,1,,,3.0,,0,2017
1410111530201.0,14,141011,64,1,2,,,13.0,5,1,2017
1410111530201.0,14,141011,76,4,2,,,10.0,2,0,2017
1410111530401.0,14,141011,32,1,2,,,13.0,5,1,2017
1410111530401.0,14,141011,32,1,2,,,13.0,5,0,2017
1410111530401.0,14,141011,10,,1,,,7.0,5,0,2017
1410111530401.0,14,141011,2,,1,,,2.0,,0,2017
1410111540101.0,14,141011,60,1,2,,,12.0,2,1,2017
1410111540101.0,14,141011,26,1,1,,,13.0,5,0,2017
1410111540101.0,14,141011,25,1,1,,,13.0,4,0,2017
1410111540101.0,14,141011,16,1,1,,,9.0,3,0,2017
1410111540201.0,14,141011,67,1,2,,,12.0,3,1,2017
1410111540301.0,14,141011,48,1,2,,,7.0,2,1,2017
1410111540301.0,14,141011,48,1,2,,,9.0,4,0,2017
1410111540501.0,14,141011,69,1,2,,,12.0,3,1,2017
1410111540901.0,14,141011,40,1,2,,,15.0,7,1,2017
1410111540901.0,14,141011,42,1,2,,,13.0,5,0,2017
1410111540901.0,14,141011,13,,1,,,7.0,7,0,2017
1410111540901.0,14,141011,10,,1,,,7.0,4,0,2017
1410111550101.0,14,141011,64,1,2,,,10.0,4,1,2017
1410111550101.0,14,141011,57,1,2,,,9.0,4,0,2017
1410111550101.0,14,141011,27,1,2,12,2,13.0,5,0,2017
1410111550102.0,14,141011,72,1,2,,,8.0,4,1,2017
1410111550201.0,14,141011,61,1,2,,,10.0,4,1,2017
1410111550201.0,14,141011,54,1,2,,,12.0,3,0,2017
1410111550201.0,14,141011,23,1,1,,,13.0,4,0,2017
1410111560101.0,14,141011,31,1,2,,,12.0,2,1,2017
1410111560101.0,14,141011,31,1,2,,,12.0,2,0,2017
1410111560101.0,14,141011,12,,1,,,7.0,7,0,2017
1410111560101.0,14,141011,0,,2,,,1.0,,0,2017
1410111560201.0,14,141011,27,1,2,12,4,13.0,5,1,2017
1410111560201.0,14,141011,33,1,2,,,13.0,5,0,2017
1410111560501.0,14,141011,73,1,2,,,10.0,4,1,2017
1410111560601.0,14,141011,79,1,2,,,9.0,4,1,2017
1410111560701.0,14,141011,44,1,2,,,11.0,5,1,2017
1410111560701.0,14,141011,48,1,2,,,11.0,4,0,2017
1410111560701.0,14,141011,22,1,2,99,9,9.0,4,0,2017
1410111560701.0,14,141011,17,1,1,,,11.0,3,0,2017
1410111560901.0,14,141011,44,1,2,,,9.0,4,1,2017
1410111560901.0,14,141011,45,1,2,,,7.0,3,0,2017
1410111560901.0,14,141011,18,1,1,,,9.0,4,0,2017
1410111561001.0,14,141011,44,1,2,,,12.0,2,1,2017
1410111561001.0,14,141011,38,1,2,,,13.0,4,0,2017
1410111561001.0,14,141011,84,1,2,,,8.0,6,0,2017
1410111561101.0,14,141011,40,1,2,,,9.0,4,1,2017
1410111561101.0,14,141011,38,1,2,,,9.0,4,0,2017
1410111561101.0,14,141011,16,1,1,,,9.0,2,0,2017
1410111561101.0,14,141011,12,,1,,,7.0,6,0,2017
1410111561101.0,14,141011,9,,1,,,7.0,4,0,2017
1410111561201.0,14,141011,38,1,2,,,13.0,4,1,2017
1410111561201.0,14,141011,8,,1,,,7.0,3,0,2017
1410111561201.0,14,141011,4,,1,,,3.0,,0,2017
1410111561301.0,14,141011,45,1,2,,,13.0,4,1,2017
1410111561301.0,14,141011,74,1,2,,,8.0,2,0,2017
1410111561301.0,14,141011,13,,1,,,7.0,8,0,2017
1410111561401.0,14,141011,72,1,2,,,8.0,6,1,2017
1410111561401.0,14,141011,76,1,2,,,8.0,6,0,2017
1410111561501.0,14,141011,30,1,2,12,9,13.0,5,1,2017
1410111561502.0,14,141011,25,1,2,12,4,13.0,4,1,2017
1410111561901.0,14,141011,32,1,2,,,13.0,4,1,2017
1410111561901.0,14,141011,35,1,2,,,9.0,4,0,2017
1410111561901.0,14,141011,5,,1,,,4.0,,0,2017
1410111570201.0,14,141011,20,1,1,,,13.0,1,1,2017
1410111570201.0,14,141011,20,1,1,,,13.0,1,0,2017
1410111570501.0,14,141011,59,1,2,,,12.0,3,1,2017
1410111570501.0,14,141011,29,1,2,99,9,13.0,5,0,2017
1410111570501.0,14,141011,9,,1,,,7.0,2,0,2017
1410111570501.0,14,141011,7,,1,,,7.0,1,0,2017
1410111570701.0,14,141011,66,1,2,,,11.0,4,1,2017
1410111570701.0,14,141011,65,1,2,,,7.0,8,0,2017
1410111570901.0,14,141011,60,1,1,,,12.0,3,1,2017
1410111570901.0,14,141011,25,1,1,,,13.0,4,0,2017
1410111571001.0,14,141011,56,1,2,,,12.0,3,1,2017
1410111571001.0,14,141011,50,1,2,,,12.0,3,0,2017
1410111571001.0,14,141011,14,,1,,,9.0,1,0,2017
1410111571001.0,14,141011,11,,1,,,7.0,5,0,2017
1410111580101.0,14,141011,34,1,1,,,13.0,4,1,2017
1410111580101.0,14,141011,62,1,2,,,9.0,4,0,2017
1410111580401.0,14,141011,48,1,2,,,9.0,4,1,2017
1410111580401.0,14,141011,47,1,2,,,9.0,4,0,2017
1410111580401.0,14,141011,14,,1,,,7.0,7,0,2017
1410111580401.0,14,141011,24,1,2,12,2,13.0,5,0,2017
1410111580401.0,14,141011,80,1,2,,,8.0,6,0,2017
1410111590201.0,14,141011,47,1,2,,,12.0,2,1,2017
1410111590201.0,14,141011,62,1,2,,,9.0,4,0,2017
1410111590201.0,14,141011,24,1,2,9,4,9.0,4,0,2017
1410111590201.0,14,141011,25,1,2,12,2,13.0,5,0,2017
1410111590201.0,14,141011,20,1,2,2,4,9.0,4,0,2017
1410111590201.0,14,141011,0,,2,,,1.0,,0,2017
1410111600101.0,14,141011,50,1,2,,,13.0,5,1,2017
1410111600101.0,14,141011,52,1,2,,,13.0,5,0,2017
1410111600101.0,14,141011,28,1,2,7,4,13.0,5,0,2017
1410111600101.0,14,141011,5,,1,,,4.0,,0,2017
1410111600101.0,14,141011,65,1,2,,,8.0,5,0,2017
1410111600101.0,14,141011,26,1,1,,,13.0,1,0,2017
1410111600401.0,14,141011,65,1,2,,,8.0,4,1,2017
1410111600401.0,14,141011,62,1,2,,,8.0,4,0,2017
1410111610101.0,14,141011,46,1,2,,,13.0,5,1,2017
1410111610101.0,14,141011,40,1,2,,,13.0,3,0,2017
1410111610101.0,14,141011,21,1,1,,,13.0,2,0,2017
1410111610101.0,14,141011,17,1,1,,,9.0,4,0,2017
1410111610201.0,14,141011,32,1,2,,,13.0,4,1,2017
1410111610201.0,14,141011,58,1,2,,,,99,0,2017
1410111610201.0,14,141011,10,,1,,,7.0,5,0,2017
1410111610301.0,14,141011,32,1,2,,,13.0,4,1,2017
1410111610301.0,14,141011,56,1,2,,,9.0,4,0,2017
1410111610301.0,14,141011,29,1,2,99,9,13.0,3,0,2017
1410111610401.0,14,141011,36,1,2,,,13.0,4,1,2017
1410111610401.0,14,141011,33,1,2,,,13.0,4,0,2017
1410111610401.0,14,141011,7,,1,,,7.0,1,0,2017
1410111610401.0,14,141011,12,,1,,,7.0,6,0,2017
1410111610601.0,14,141011,47,1,2,,,9.0,4,1,2017
1410111610601.0,14,141011,28,1,2,7,3,13.0,4,0,2017
1410111610701.0,14,141011,54,1,2,,,13.0,4,1,2017
1410111610701.0,14,141011,49,1,2,,,12.0,3,0,2017
1410111610701.0,14,141011,18,1,1,,,9.0,4,0,2017
1410111610701.0,14,141011,76,1,2,,,8.0,3,0,2017
1410111610801.0,14,141011,56,1,2,,,9.0,4,1,2017
1410111610801.0,14,141011,76,1,2,,,8.0,3,0,2017
1410111610801.0,14,141011,16,1,1,,,9.0,3,0,2017
1410111610901.0,14,141011,42,1,2,,,13.0,5,1,2017
1410111610901.0,14,141011,40,1,2,,,13.0,3,0,2017
1410111610901.0,14,141011,14,,1,,,7.0,8,0,2017
1410111611001.0,14,141011,32,1,2,,,13.0,4,1,2017
1410111611001.0,14,141011,31,1,2,,,12.0,2,0,2017
1410111620101.0,14,141011,44,1,2,,,9.0,4,1,2017
1410111620101.0,14,141011,76,1,2,,,8.0,3,0,2017
1410111620101.0,14,141011,16,1,1,,,9.0,2,0,2017
1410111620201.0,14,141011,46,1,2,,,9.0,4,1,2017
1410111620201.0,14,141011,43,1,2,,,9.0,4,0,2017
1410111620201.0,14,141011,21,1,1,,,13.0,2,0,2017
1410111620201.0,14,141011,12,,1,,,7.0,6,0,2017
1410111620401.0,14,141011,50,1,2,,,13.0,5,1,2017
1410111620401.0,14,141011,17,1,1,,,9.0,4,0,2017
1410111620401.0,14,141011,24,1,1,,,13.0,3,0,2017
1410111620701.0,14,141011,64,1,2,,,8.0,4,1,2017
1410111620701.0,14,141011,61,1,2,,,7.0,7,0,2017
1410111620701.0,14,141011,36,1,2,,,12.0,3,0,2017
1410111620701.0,14,141011,14,,1,,,7.0,8,0,2017
1410111620801.0,14,141011,33,1,2,,,13.0,5,1,2017
1410111620801.0,14,141011,62,1,2,,,7.0,6,0,2017
1410111620901.0,14,141011,48,1,2,,,11.0,4,1,2017
1410111620901.0,14,141011,43,1,2,,,11.0,4,0,2017
1410111620901.0,14,141011,20,1,1,,,12.0,2,0,2017
1410111620901.0,14,141011,16,1,1,,,9.0,2,0,2017
1410111620901.0,14,141011,12,,1,,,7.0,7,0,2017
1410111621001.0,14,141011,48,1,2,,,11.0,4,1,2017
1410111621001.0,14,141011,76,1,2,,,7.0,7,0,2017
1410111621001.0,14,141011,17,1,1,,,9.0,4,0,2017
1410111630401.0,14,141011,37,1,2,,,13.0,5,1,2017
1410111630401.0,14,141011,39,1,2,,,13.0,5,0,2017
1410111630401.0,14,141011,12,,1,,,7.0,6,0,2017
1410111630401.0,14,141011,9,,1,,,7.0,3,0,2017
1410111630401.0,14,141011,2,,2,,,1.0,,0,2017
1410111650101.0,14,141011,53,1,2,,,13.0,5,1,2017
1410111650101.0,14,141011,53,1,2,,,12.0,3,0,2017
1410111650201.0,14,141011,54,1,2,,,12.0,3,1,2017
1410111650201.0,14,141011,50,1,2,,,9.0,4,0,2017
1410111650201.0,14,141011,30,1,2,12,9,13.0,4,0,2017
1410111650301.0,14,141011,50,1,2,,,13.0,5,1,2017
1410111650301.0,14,141011,52,1,2,,,12.0,3,0,2017
1410111660201.0,14,141011,39,1,2,,,15.0,8,1,2017
1410111660201.0,14,141011,37,1,2,,,13.0,5,0,2017
1410111660201.0,14,141011,10,,1,,,7.0,4,0,2017
1410111660201.0,14,141011,0,,2,,,1.0,,0,2017
1410111660301.0,14,141011,32,1,2,,,13.0,5,1,2017
1410111660301.0,14,141011,36,1,2,,,13.0,3,0,2017
1410111660301.0,14,141011,5,,1,,,4.0,,0,2017
1410111660401.0,14,141011,67,1,2,,,13.0,3,1,2017
1410111660401.0,14,141011,66,1,2,,,13.0,5,0,2017
1410111660401.0,14,141011,37,1,2,,,13.0,5,0,2017
1410111670201.0,14,141011,69,1,2,,,13.0,5,1,2017
1410111670201.0,14,141011,60,1,2,,,13.0,5,0,2017
1410111670201.0,14,141011,18,1,1,,,9.0,4,0,2017
1410111680101.0,14,141011,79,1,2,,,8.0,6,1,2017
1410111680101.0,14,141011,75,1,2,,,8.0,6,0,2017
1410111680401.0,14,141011,63,1,2,,,15.0,6,1,2017
1410111680401.0,14,141011,62,1,2,,,12.0,3,0,2017
1410111690301.0,14,141011,60,1,2,,,12.0,3,1,2017
1410111690301.0,14,141011,60,1,2,,,12.0,3,0,2017
1410111690301.0,14,141011,34,1,2,,,13.0,5,0,2017
1410111690301.0,14,141011,30,1,1,,,13.0,3,0,2017
1410111690301.0,14,141011,6,,1,,,4.0,,0,2017
1410111690301.0,14,141011,2,,1,,,3.0,,0,2017
1410111690401.0,14,141011,59,1,2,,,9.0,2,1,2017
1410111690401.0,14,141011,64,1,2,,,7.0,3,0,2017
1410111700101.0,14,141011,54,1,2,,,15.0,7,1,2017
1410111700101.0,14,141011,52,1,2,,,13.0,5,0,2017
1410111700101.0,14,141011,26,1,1,,,13.0,6,0,2017
1410111700101.0,14,141011,16,1,1,,,9.0,1,0,2017
1410111700301.0,14,141011,45,1,2,,,15.0,5,1,2017
1410111700301.0,14,141011,41,1,2,,,9.0,4,0,2017
1410111700301.0,14,141011,24,1,1,,,13.0,4,0,2017
1410111700301.0,14,141011,15,1,1,,,9.0,2,0,2017
1410111700301.0,14,141011,12,,1,,,7.0,6,0,2017
1410111700401.0,14,141011,53,1,2,,,13.0,5,1,2017
1410111700401.0,14,141011,22,1,1,,,13.0,4,0,2017
1410111700401.0,14,141011,19,1,1,,,9.0,4,0,2017
1410111700401.0,14,141011,10,,1,,,7.0,5,0,2017
1410111710101.0,14,141011,44,1,2,,,13.0,5,1,2017
1410111710101.0,14,141011,10,,1,,,7.0,4,0,2017
1410111710101.0,14,141011,7,,1,,,7.0,1,0,2017
1410111710301.0,14,141011,62,1,2,,,13.0,5,1,2017
1410111710301.0,14,141011,49,1,2,,,13.0,5,0,2017
1410111710301.0,14,141011,83,1,2,,,8.0,6,0,2017
1410111720301.0,14,141011,39,1,2,,,12.0,3,1,2017
1410111720301.0,14,141011,28,1,2,12,4,9.0,4,0,2017
1410111720301.0,14,141011,4,,1,,,3.0,,0,2017
1410111720301.0,14,141011,14,,1,,,9.0,1,0,2017
1410111720501.0,14,141011,28,1,2,7,4,13.0,5,1,2017
1410111720501.0,14,141011,27,1,2,7,4,13.0,5,0,2017
1410111720701.0,14,141011,39,1,2,,,9.0,4,1,2017
1410111720701.0,14,141011,39,1,2,,,9.0,4,0,2017
1410111720701.0,14,141011,70,1,2,,,10.0,2,0,2017
1410111720701.0,14,141011,71,1,2,,,10.0,2,0,2017
1410111720701.0,14,141011,15,1,1,,,7.0,2,0,2017
1410111720701.0,14,141011,20,1,1,,,13.0,1,0,2017
1410111730501.0,14,141011,43,1,2,,,13.0,5,1,2017
1410111730501.0,14,141011,46,1,2,,,12.0,3,0,2017
1410111730501.0,14,141011,17,1,1,,,9.0,3,0,2017
1410111730501.0,14,141011,15,1,1,,,9.0,2,0,2017
1410111740201.0,14,141011,46,1,2,,,13.0,5,1,2017
1410111740201.0,14,141011,44,1,2,,,13.0,5,0,2017
1410111740201.0,14,141011,16,1,1,,,9.0,3,0,2017
1410111740201.0,14,141011,13,,1,,,7.0,7,0,2017
1410111740701.0,14,141011,45,1,2,,,13.0,5,1,2017
1410111740701.0,14,141011,40,1,2,,,13.0,5,0,2017
1410111740701.0,14,141011,18,1,1,,,13.0,1,0,2017
1410111740701.0,14,141011,12,,1,,,7.0,7,0,2017
1410111750301.0,14,141011,51,1,2,,,,3,1,2017
1410111750301.0,14,141011,45,1,2,,,9.0,4,0,2017
1410111750301.0,14,141011,27,1,2,7,4,9.0,4,0,2017
1410111750301.0,14,141011,19,1,1,,,9.0,4,0,2017
1410111750301.0,14,141011,14,,1,,,7.0,8,0,2017
1410111750401.0,14,141011,80,1,2,,,8.0,6,1,2017
1410111750401.0,14,141011,54,1,2,,,12.0,3,0,2017
1410111750401.0,14,141011,16,1,1,,,9.0,2,0,2017
1410111750501.0,14,141011,28,1,2,11,4,12.0,2,1,2017
1410111750501.0,14,141011,33,1,2,,,13.0,5,0,2017
1410111750501.0,14,141011,3,,2,,,1.0,,0,2017
1410111750501.0,14,141011,0,,2,,,1.0,,0,2017
1410111750601.0,14,141011,33,1,2,,,12.0,3,1,2017
1410111750601.0,14,141011,10,,1,,,7.0,4,0,2017
1410111750601.0,14,141011,4,,1,,,4.0,,0,2017
1410111750601.0,14,141011,2,,1,,,3.0,,0,2017
1410111750801.0,14,141011,53,1,2,,,12.0,3,1,2017
1410111750801.0,14,141011,62,1,2,,,13.0,2,0,2017
1410111750901.0,14,141011,47,1,2,,,13.0,5,1,2017
1410111750901.0,14,141011,42,1,2,,,13.0,5,0,2017
1410111750901.0,14,141011,9,,1,,,7.0,3,0,2017
1410111750901.0,14,141011,6,,1,,,4.0,,0,2017
1410111751001.0,14,141011,53,1,2,,,13.0,4,1,2017
1410111751001.0,14,141011,57,1,2,,,13.0,5,0,2017
1410111751001.0,14,141011,25,1,1,,,13.0,3,0,2017
1410111751001.0,14,141011,25,1,2,7,2,13.0,5,0,2017
1410111760101.0,14,141011,73,1,2,,,12.0,3,1,2017
1410111760101.0,14,141011,73,1,2,,,8.0,4,0,2017
1410111760101.0,14,141011,46,1,2,,,13.0,5,0,2017
1410111760101.0,14,141011,7,,1,,,7.0,1,0,2017
1410111760301.0,14,141011,65,1,2,,,9.0,4,1,2017
1410111760301.0,14,141011,54,1,2,,,9.0,4,0,2017
1410111760301.0,14,141011,33,1,2,,,13.0,3,0,2017
1410111760301.0,14,141011,32,1,2,,,13.0,5,0,2017
1410111760301.0,14,141011,12,,1,,,7.0,7,0,2017
1410111760401.0,14,141011,53,1,2,,,9.0,4,1,2017
1410111760401.0,14,141011,23,1,1,,,12.0,2,0,2017
1410111760401.0,14,141011,5,,1,,,4.0,,0,2017
1410111760501.0,14,141011,48,1,2,,,12.0,3,1,2017
1410111760501.0,14,141011,26,1,1,,,13.0,4,0,2017
1410111760501.0,14,141011,18,1,1,,,9.0,4,0,2017
1410111760501.0,14,141011,10,,1,,,7.0,4,0,2017
1410111760601.0,14,141011,34,1,2,,,13.0,4,1,2017
1410111760601.0,14,141011,31,1,2,,,13.0,5,0,2017
1410111760601.0,14,141011,11,,1,,,7.0,4,0,2017
1410111760601.0,14,141011,7,,1,,,7.0,1,0,2017
1410111760901.0,14,141011,47,1,2,,,12.0,3,1,2017
1410111760901.0,14,141011,55,1,2,,,12.0,3,0,2017
1410111761001.0,14,141011,42,1,2,,,15.0,9,1,2017
1410111761001.0,14,141011,41,1,2,,,12.0,3,0,2017
1410111761201.0,14,141011,56,1,2,,,11.0,4,1,2017
1410111761201.0,14,141011,58,1,2,,,11.0,4,0,2017
1410111761201.0,14,141011,23,1,1,,,13.0,2,0,2017
1410111761201.0,14,141011,22,1,1,,,13.0,2,0,2017
1410111761201.0,14,141011,21,1,1,,,13.0,1,0,2017
1410111761201.0,14,141011,19,1,1,,,9.0,4,0,2017
1410111761301.0,14,141011,66,1,2,,,13.0,5,1,2017
1410111761401.0,14,141011,49,1,2,,,12.0,3,1,2017
1410111761401.0,14,141011,23,1,1,,,13.0,1,0,2017
1410111761401.0,14,141011,22,1,1,,,13.0,2,0,2017
1410111761501.0,14,141011,34,1,1,,,14.0,9,1,2017
1410111761501.0,14,141011,32,1,1,,,14.0,6,0,2017
1410111770101.0,14,141011,66,1,2,,,8.0,6,1,2017
1410111770101.0,14,141011,78,1,2,,,6.0,4,0,2017
1410111770101.0,14,141011,40,1,2,,,9.0,4,0,2017
1410111770301.0,14,141011,75,1,2,,,13.0,5,1,2017
1410111780101.0,14,141011,51,1,2,,,12.0,2,1,2017
1410111780101.0,14,141011,52,1,2,,,9.0,4,0,2017
1410111780101.0,14,141011,25,1,2,12,2,13.0,4,0,2017
1410111780101.0,14,141011,19,1,1,,,13.0,1,0,2017
1410111780101.0,14,141011,12,,1,,,7.0,6,0,2017
1410111790101.0,14,141011,65,1,2,,,9.0,4,1,2017
1410111790101.0,14,141011,60,1,2,,,9.0,4,0,2017
1410111790301.0,14,141011,43,1,2,,,15.0,7,1,2017
1410111790301.0,14,141011,40,1,2,,,13.0,5,0,2017
1410111790301.0,14,141011,4,,1,,,3.0,,0,2017
1410111790301.0,14,141011,1,,2,,,1.0,,0,2017
1410111790401.0,14,141011,46,1,2,,,13.0,5,1,2017
1410111790401.0,14,141011,40,1,2,,,13.0,5,0,2017
1410111790401.0,14,141011,10,,1,,,7.0,4,0,2017
1410111790401.0,14,141011,6,,1,,,4.0,,0,2017
1410111790501.0,14,141011,54,1,2,,,15.0,7,1,2017
1410111790501.0,14,141011,49,1,2,,,15.0,7,0,2017
1410111790501.0,14,141011,14,,1,,,7.0,8,0,2017
1410111790501.0,14,141011,6,,1,,,7.0,1,0,2017
1410111790801.0,14,141011,57,1,2,,,13.0,5,1,2017
1410111790801.0,14,141011,55,1,2,,,12.0,3,0,2017
1410111790801.0,14,141011,23,1,1,,,13.0,4,0,2017
1410111790801.0,14,141011,17,1,1,,,9.0,3,0,2017
1410111790901.0,14,141011,45,1,2,,,13.0,5,1,2017
1410111790901.0,14,141011,37,1,2,,,12.0,3,0,2017
1410111790901.0,14,141011,17,1,1,,,9.0,3,0,2017
1410111790901.0,14,141011,14,,1,,,7.0,8,0,2017
1410111791001.0,14,141011,53,1,2,,,13.0,4,1,2017
1410111791001.0,14,141011,44,1,2,,,12.0,3,0,2017
1410111791001.0,14,141011,16,1,1,,,9.0,2,0,2017
1410111791001.0,14,141011,20,1,1,,,13.0,1,0,2017
1410111791101.0,14,141011,87,1,2,,,8.0,6,1,2017
1410111791101.0,14,141011,55,1,2,,,9.0,4,0,2017
1410111791201.0,14,141011,82,1,2,,,10.0,2,1,2017
1410111791201.0,14,141011,74,1,2,,,9.0,4,0,2017
1410111791201.0,14,141011,50,1,2,,,13.0,2,0,2017
1410111791501.0,14,141011,48,1,2,,,13.0,4,1,2017
1410111791501.0,14,141011,48,1,2,,,13.0,4,0,2017
1410111791501.0,14,141011,14,,1,,,7.0,8,0,2017
1410111791501.0,14,141011,9,,1,,,7.0,3,0,2017
1410111791701.0,14,141011,68,1,2,,,10.0,3,1,2017
1410111791901.0,14,141011,48,1,2,,,13.0,5,1,2017
1410111791901.0,14,141011,20,1,1,,,13.0,1,0,2017
1410111792001.0,14,141011,58,1,2,,,15.0,10,1,2017
1410111792001.0,14,141011,58,1,2,,,13.0,5,0,2017
1410111800101.0,14,141011,43,1,2,,,9.0,4,1,2017
1410111800101.0,14,141011,39,1,2,,,13.0,2,0,2017
1410111800101.0,14,141011,11,,1,,,7.0,4,0,2017
1410111800101.0,14,141011,7,,1,,,7.0,1,0,2017
1410111800201.0,14,141011,62,1,2,,,15.0,8,1,2017
1410111800201.0,14,141011,55,1,2,,,9.0,4,0,2017
1410111800201.0,14,141011,19,1,2,9,2,9.0,4,0,2017
1410111800301.0,14,141011,38,1,2,,,11.0,4,1,2017
1410111800301.0,14,141011,34,1,2,,,11.0,4,0,2017
1410111800301.0,14,141011,12,,1,,,7.0,7,0,2017
1410111800301.0,14,141011,7,,1,,,7.0,1,0,2017
1410111800401.0,14,141011,48,1,2,,,9.0,4,1,2017
1410111800401.0,14,141011,35,1,2,,,11.0,4,0,2017
1410111800401.0,14,141011,16,1,1,,,9.0,3,0,2017
1410111800401.0,14,141011,11,,1,,,7.0,6,0,2017
1410111800401.0,14,141011,8,,1,,,7.0,2,0,2017
1410111810101.0,14,141011,43,1,2,,,12.0,1,1,2017
1410111810101.0,14,141011,19,1,1,,,9.0,4,0,2017
1410111810101.0,14,141011,17,1,1,,,9.0,4,0,2017
1410111810301.0,14,141011,58,1,2,,,11.0,4,1,2017
1410111810301.0,14,141011,47,1,1,,,13.0,4,0,2017
1410111810301.0,14,141011,37,1,2,,,13.0,1,0,2017
1410111820101.0,14,141011,28,1,2,7,4,11.0,4,1,2017
1410111820101.0,14,141011,32,1,2,,,11.0,4,0,2017
1410111820101.0,14,141011,10,,1,,,7.0,4,0,2017
1410111820101.0,14,141011,3,,1,,,3.0,,0,2017
1410111820201.0,14,141011,40,1,2,,,12.0,1,1,2017
1410111820201.0,14,141011,37,1,2,,,13.0,5,0,2017
1410111820201.0,14,141011,12,,1,,,7.0,7,0,2017
1410111820301.0,14,141011,34,1,2,,,13.0,5,1,2017
1410111820301.0,14,141011,35,1,2,,,12.0,3,0,2017
1410111820301.0,14,141011,5,,1,,,4.0,,0,2017
1410111820301.0,14,141011,0,,2,,,1.0,,0,2017
1410111820301.0,14,141011,0,,2,,,1.0,,0,2017
1410111820401.0,14,141011,53,1,2,,,12.0,1,1,2017
1410111820401.0,14,141011,46,1,2,,,9.0,4,0,2017
1410111820401.0,14,141011,17,1,1,,,9.0,4,0,2017
1410111820401.0,14,141011,9,,1,,,7.0,3,0,2017
1410111830201.0,14,141011,40,1,2,,,15.0,7,1,2017
1410111830201.0,14,141011,43,1,2,,,12.0,3,0,2017
1410111830201.0,14,141011,10,,1,,,7.0,3,0,2017
1410111830201.0,14,141011,3,,1,,,3.0,,0,2017
1410111830301.0,14,141011,46,1,2,,,11.0,5,1,2017
1410111830301.0,14,141011,47,1,2,,,11.0,5,0,2017
1410111830301.0,14,141011,20,1,1,,,13.0,1,0,2017
1410111830301.0,14,141011,14,,1,,,7.0,8,0,2017
1410111830401.0,14,141011,48,1,2,,,9.0,4,1,2017
1410111830401.0,14,141011,46,1,2,,,11.0,4,0,2017
1410111830501.0,14,141011,50,1,2,,,11.0,4,1,2017
1410111830501.0,14,141011,80,1,2,,,6.0,6,0,2017
1410111830701.0,14,141011,77,1,2,,,10.0,3,1,2017
1410111830801.0,14,141011,45,1,2,,,11.0,5,1,2017
1410111830801.0,14,141011,38,1,2,,,11.0,4,0,2017
1410111830801.0,14,141011,19,1,1,,,13.0,1,0,2017
1410111830801.0,14,141011,12,,1,,,7.0,5,0,2017
1410111830901.0,14,141011,56,1,2,,,11.0,5,1,2017
1410111830901.0,14,141011,51,1,2,,,11.0,4,0,2017
1410111830901.0,14,141011,18,1,1,,,11.0,4,0,2017
1410111831001.0,14,141011,52,1,2,,,11.0,5,1,2017
1410111831001.0,14,141011,55,1,2,,,9.0,4,0,2017
1410111831001.0,14,141011,27,1,2,7,4,11.0,4,0,2017
1410111831001.0,14,141011,25,1,2,7,4,11.0,4,0,2017
1410111831001.0,14,141011,24,1,2,7,4,11.0,4,0,2017
1410111831001.0,14,141011,24,1,2,7,4,11.0,4,0,2017
1410111831001.0,14,141011,5,,1,,,4.0,,0,2017
1410111831001.0,14,141011,5,,1,,,4.0,,0,2017
1410111840101.0,14,141011,45,1,2,,,11.0,4,1,2017
1410111840101.0,14,141011,48,1,2,,,11.0,4,0,2017
1410111840101.0,14,141011,15,1,1,,,9.0,2,0,2017
1410111840101.0,14,141011,13,,1,,,7.0,7,0,2017
1410111840101.0,14,141011,77,1,2,,,6.0,4,0,2017
1410111840201.0,14,141011,51,1,2,,,9.0,4,1,2017
1410111840201.0,14,141011,55,1,2,,,11.0,5,0,2017
1410111840201.0,14,141011,9,,1,,,7.0,3,0,2017
1410111840401.0,14,141011,36,1,2,,,12.0,3,1,2017
1410111840401.0,14,141011,37,1,2,,,13.0,5,0,2017
1410111840401.0,14,141011,8,,1,,,7.0,2,0,2017
1410111850101.0,14,141011,27,1,2,7,9,13.0,5,1,2017
1410111850101.0,14,141011,32,1,2,,,13.0,2,0,2017
1410111850201.0,14,141011,36,1,2,,,9.0,4,1,2017
1410111850201.0,14,141011,40,1,2,,,9.0,4,0,2017
1410111850201.0,14,141011,14,,1,,,7.0,8,0,2017
1410111850301.0,14,141011,51,1,2,,,11.0,4,1,2017
1410111850301.0,14,141011,40,1,2,,,11.0,4,0,2017
1410111850301.0,14,141011,12,,1,,,7.0,6,0,2017
1410111850301.0,14,141011,7,,1,,,7.0,1,0,2017
1410111850401.0,14,141011,63,1,2,,,7.0,8,1,2017
1410111850401.0,14,141011,36,1,2,,,9.0,4,0,2017
1410111850401.0,14,141011,16,1,1,,,9.0,2,0,2017
1410111850401.0,14,141011,2,,2,,,1.0,,0,2017
1410111850501.0,14,141011,24,1,2,99,9,9.0,4,1,2017
1410111850501.0,14,141011,29,1,2,1,4,9.0,4,0,2017
1410111850501.0,14,141011,3,,1,,,3.0,,0,2017
1410111850701.0,14,141011,42,1,2,,,12.0,3,1,2017
1410111850701.0,14,141011,40,1,2,,,12.0,3,0,2017
1410111850701.0,14,141011,13,,1,,,7.0,8,0,2017
1410111850901.0,14,141011,57,1,2,,,9.0,4,1,2017
1410111850901.0,14,141011,49,1,2,,,9.0,2,0,2017
1410111850901.0,14,141011,16,1,1,,,9.0,3,0,2017
1410111850901.0,14,141011,31,1,1,,,13.0,2,0,2017
1410111850901.0,14,141011,7,,1,,,7.0,1,0,2017
1410111850901.0,14,141011,6,,1,,,4.0,,0,2017
1410111851001.0,14,141011,54,1,2,,,9.0,2,1,2017
1410111851001.0,14,141011,50,1,2,,,9.0,4,0,2017
1410111851101.0,14,141011,60,1,2,,,13.0,2,1,2017
1410111851201.0,14,141011,60,1,2,,,9.0,4,1,2017
1410111851201.0,14,141011,90,1,2,,,6.0,5,0,2017
1410111851201.0,14,141011,64,1,2,,,9.0,1,0,2017
1410111851201.0,14,141011,55,1,2,,,9.0,4,0,2017
1410111851301.0,14,141011,43,1,2,,,13.0,2,1,2017
1410111851301.0,14,141011,42,1,2,,,9.0,4,0,2017
1410111851301.0,14,141011,17,1,1,,,9.0,3,0,2017
1410111851401.0,14,141011,39,1,2,,,13.0,4,1,2017
1410111851501.0,14,141011,45,1,2,,,9.0,4,1,2017
1410111851501.0,14,141011,48,1,2,,,9.0,4,0,2017
1410111851501.0,14,141011,12,,1,,,7.0,5,0,2017
1410111851501.0,14,141011,76,1,2,,,13.0,5,0,2017
1410111870501.0,14,141011,83,1,2,,,8.0,2,1,2017
1410111870501.0,14,141011,48,1,2,,,12.0,2,0,2017
1410111870501.0,14,141011,56,1,2,,,13.0,7,0,2017
1410111870501.0,14,141011,21,1,2,99,9,13.0,2,0,2017
1410111870501.0,14,141011,18,1,1,,,9.0,4,0,2017
1410111870501.0,14,141011,16,1,1,,,9.0,2,0,2017
1410111870601.0,14,141011,56,1,2,,,9.0,4,1,2017
1410111870801.0,14,141011,51,1,2,,,13.0,4,1,2017
1410111870801.0,14,141011,20,1,1,,,13.0,3,0,2017
1410111871201.0,14,141011,51,1,2,,,9.0,3,1,2017
1410111871201.0,14,141011,58,4,2,,,5.0,,0,2017
1410111871201.0,14,141011,18,1,1,,,9.0,4,0,2017
1410111871201.0,14,141011,88,1,2,,,8.0,2,0,2017
1410111871301.0,14,141011,63,1,2,,,13.0,5,1,2017
1410111871301.0,14,141011,59,1,2,,,13.0,4,0,2017
1410111871301.0,14,141011,39,1,2,,,13.0,5,0,2017
1410111871301.0,14,141011,11,,1,,,7.0,5,0,2017
1410111871501.0,14,141011,70,1,2,,,12.0,2,1,2017
1410111871501.0,14,141011,73,1,2,,,11.0,4,0,2017
1410111871701.0,14,141011,91,1,2,,,8.0,6,1,2017
1410111871801.0,14,141011,55,1,2,,,13.0,2,1,2017
1410111871801.0,14,141011,50,1,2,,,9.0,4,0,2017
1410111871801.0,14,141011,30,1,1,,,14.0,7,0,2017
1410111871901.0,14,141011,55,1,2,,,13.0,5,1,2017
1410111871901.0,14,141011,78,1,2,,,9.0,2,0,2017
1410111871901.0,14,141011,31,1,2,,,13.0,5,0,2017
1410111872101.0,14,141011,73,1,2,,,13.0,5,1,2017
1410111872101.0,14,141011,72,1,2,,,13.0,5,0,2017
1410111872101.0,14,141011,33,1,2,,,13.0,5,0,2017
1410111872301.0,14,141011,78,1,2,,,6.0,6,1,2017
1410111872301.0,14,141011,75,1,2,,,6.0,6,0,2017
1410111872301.0,14,141011,41,1,1,,,12.0,1,0,2017
1410111880301.0,14,141011,30,1,2,99,9,13.0,5,1,2017
1410111880301.0,14,141011,9,,1,,,7.0,3,0,2017
1410111880301.0,14,141011,3,,2,,,1.0,,0,2017
1410111880401.0,14,141011,40,1,2,,,13.0,4,1,2017
1410111880401.0,14,141011,36,1,2,,,12.0,3,0,2017
1410111880401.0,14,141011,6,,1,,,7.0,1,0,2017
1410111880401.0,14,141011,0,,2,,,1.0,,0,2017
1410111890101.0,14,141011,69,1,2,,,8.0,5,1,2017
1410111890101.0,14,141011,44,1,2,,,13.0,5,0,2017
1410111890101.0,14,141011,40,1,2,,,9.0,4,0,2017
1410111890101.0,14,141011,23,1,2,12,2,13.0,5,0,2017
1410111890101.0,14,141011,13,,1,,,7.0,7,0,2017
1410111890101.0,14,141011,1,,2,,,1.0,,0,2017
1410111890301.0,14,141011,64,1,2,,,7.0,8,1,2017
1410111890301.0,14,141011,58,1,2,,,7.0,8,0,2017
1410111890301.0,14,141011,37,1,2,,,7.0,4,0,2017
1410111890301.0,14,141011,16,1,1,,,11.0,3,0,2017
1410111890401.0,14,141011,67,1,2,,,6.0,6,1,2017
1410111890401.0,14,141011,66,1,2,,,6.0,6,0,2017
1410111890401.0,14,141011,31,1,2,,,12.0,3,0,2017
1410111890501.0,14,141011,53,1,2,,,9.0,2,1,2017
1410111890501.0,14,141011,50,1,2,,,9.0,4,0,2017
1410111890501.0,14,141011,20,1,1,,,13.0,1,0,2017
1410111890501.0,14,141011,17,1,1,,,11.0,4,0,2017
1410111890601.0,14,141011,44,1,2,,,9.0,4,1,2017
1410111890601.0,14,141011,29,1,1,,,13.0,1,0,2017
1410111890601.0,14,141011,10,,1,,,7.0,5,0,2017
1410111890601.0,14,141011,8,,1,,,7.0,3,0,2017
1410111890601.0,14,141011,3,,1,,,3.0,,0,2017
1410111890601.0,14,141011,18,1,1,,,9.0,4,0,2017
1410111891001.0,14,141011,83,1,2,,,6.0,6,1,2017
1410111891001.0,14,141011,47,1,2,,,5.0,,0,2017
1410111891001.0,14,141011,44,1,2,,,9.0,2,0,2017
1410111891001.0,14,141011,18,1,1,,,13.0,1,0,2017
1410111891001.0,14,141011,10,,1,,,7.0,4,0,2017
1410111900101.0,14,141011,56,1,2,,,7.0,6,1,2017
1410111900101.0,14,141011,24,1,,,,9.0,1,0,2017
1410111900201.0,14,141011,77,1,2,,,7.0,8,1,2017
1410111900401.0,14,141011,45,1,2,,,7.0,8,1,2017
1410111900501.0,14,141011,88,4,2,,,1.0,,1,2017
1410111900501.0,14,141011,55,1,2,,,7.0,8,0,2017
1410111900501.0,14,141011,53,1,2,,,7.0,8,0,2017
1410111900601.0,14,141011,74,1,2,,,6.0,5,1,2017
1410111900701.0,14,141011,66,1,2,,,9.0,4,1,2017
1410111900701.0,14,141011,34,1,2,,,9.0,4,0,2017
1410111900701.0,14,141011,35,1,2,,,9.0,4,0,2017
1410111900701.0,14,141011,59,1,2,,,7.0,8,0,2017
1410111900801.0,14,141011,34,1,2,,,7.0,8,1,2017
1410111900801.0,14,141011,16,1,1,,,9.0,2,0,2017
1410111900801.0,14,141011,7,,1,,,7.0,1,0,2017
1410111900801.0,14,141011,40,1,2,,,9.0,4,0,2017
1410111900901.0,14,141011,74,1,2,,,7.0,5,1,2017
1410111900901.0,14,141011,48,1,2,,,7.0,7,0,2017
1410111900901.0,14,141011,47,1,2,,,7.0,8,0,2017
1410111900901.0,14,141011,50,1,2,,,7.0,8,0,2017
1410111901001.0,14,141011,64,1,2,,,6.0,3,1,2017
1410111901001.0,14,141011,66,1,2,,,6.0,6,0,2017
1410111901001.0,14,141011,40,1,2,,,9.0,4,0,2017
1410111901001.0,14,141011,27,1,2,99,9,9.0,4,0,2017
1410111901001.0,14,141011,16,1,1,,,11.0,2,0,2017
1410111910101.0,14,141011,63,1,2,,,6.0,4,1,2017
1410111910101.0,14,141011,48,1,2,,,7.0,8,0,2017
1410111910201.0,14,141011,38,1,2,,,9.0,1,1,2017
1410111910201.0,14,141011,16,1,1,,,9.0,1,0,2017
1410111910201.0,14,141011,8,,1,,,7.0,3,0,2017
1410111910301.0,14,141011,58,1,2,,,9.0,3,1,2017
1410111910301.0,14,141011,67,1,2,,,1.0,,0,2017
1410111910301.0,14,141011,22,1,1,,,13.0,2,0,2017
1410111920201.0,14,141011,63,1,2,,,7.0,8,1,2017
1410111920201.0,14,141011,41,1,2,,,9.0,4,0,2017
1410111920301.0,14,141011,74,1,2,,,7.0,4,1,2017
1410111920401.0,14,141011,63,1,2,,,9.0,3,1,2017
1410111920401.0,14,141011,49,1,2,,,9.0,1,0,2017
1410111920401.0,14,141011,34,1,2,,,12.0,3,0,2017
1410111920401.0,14,141011,17,1,1,,,9.0,3,0,2017
1410111920601.0,14,141011,37,1,2,,,12.0,3,1,2017
1410111920601.0,14,141011,36,1,2,,,9.0,4,0,2017
1410111920601.0,14,141011,5,,1,,,4.0,,0,2017
1410111920601.0,14,141011,0,,2,,,1.0,,0,2017
1410111920701.0,14,141011,61,1,2,,,7.0,4,1,2017
1410111920701.0,14,141011,55,1,2,,,9.0,1,0,2017
1410111920701.0,14,141011,31,1,2,,,13.0,4,0,2017
1410111920701.0,14,141011,7,,1,,,7.0,99,0,2017
1410111920701.0,14,141011,54,1,2,,,9.0,1,0,2017
1410111920801.0,14,141011,63,1,2,,,9.0,4,1,2017
1410111920801.0,14,141011,56,1,2,,,9.0,4,0,2017
1410111920801.0,14,141011,24,1,2,5,9,9.0,3,0,2017
1410111920801.0,14,141011,2,,1,,,3.0,,0,2017
1410111920901.0,14,141011,41,1,2,,,9.0,2,1,2017
1410111921001.0,14,141011,46,1,2,,,7.0,8,1,2017
1410111921001.0,14,141011,31,1,2,,,9.0,4,0,2017
1410111921001.0,14,141011,27,1,2,12,4,9.0,4,0,2017
1410111921001.0,14,141011,13,,1,,,7.0,7,0,2017
1410111921001.0,14,141011,7,,1,,,7.0,2,0,2017
1410111930101.0,14,141011,22,1,2,1,4,9.0,4,1,2017
1410111930101.0,14,141011,19,1,1,,,13.0,1,0,2017
1410111930101.0,14,141011,27,1,2,12,4,9.0,2,0,2017
1410111930101.0,14,141011,1,,2,,,1.0,,0,2017
1410111930201.0,14,141011,43,1,2,,,7.0,8,1,2017
1410111930201.0,14,141011,38,1,2,,,7.0,8,0,2017
1410111930201.0,14,141011,18,1,1,,,9.0,3,0,2017
1410111930201.0,14,141011,17,1,1,,,9.0,2,0,2017
1410111930201.0,14,141011,14,,1,,,7.0,8,0,2017
1410111930301.0,14,141011,67,4,2,,,7.0,2,1,2017
1410111930301.0,14,141011,51,1,2,,,7.0,3,0,2017
1410111930301.0,14,141011,27,1,2,12,4,9.0,4,0,2017
1410111930301.0,14,141011,12,,1,,,7.0,7,0,2017
1410111930401.0,14,141011,47,1,2,,,9.0,2,1,2017
1410111930401.0,14,141011,21,1,2,6,3,9.0,4,0,2017
1410111930401.0,14,141011,20,1,2,6,2,9.0,1,0,2017
1410111940101.0,14,141011,48,1,2,,,7.0,8,1,2017
1410111940101.0,14,141011,53,1,2,,,7.0,6,0,2017
1410111940101.0,14,141011,16,1,1,,,7.0,8,0,2017
1410111940201.0,14,141011,46,1,2,,,11.0,4,1,2017
1410111940201.0,14,141011,23,1,2,12,4,11.0,4,0,2017
1410111940201.0,14,141011,9,,1,,,7.0,3,0,2017
1410111940401.0,14,141011,54,1,2,,,9.0,4,1,2017
1410111940401.0,14,141011,63,1,2,,,9.0,3,0,2017
1410111950501.0,14,141011,63,1,2,,,9.0,4,1,2017
1410111950501.0,14,141011,59,1,2,,,9.0,4,0,2017
1410111950601.0,14,141011,52,1,2,,,7.0,8,1,2017
1410111950601.0,14,141011,43,1,2,,,12.0,3,0,2017
1410111950601.0,14,141011,3,,1,,,3.0,,0,2017
1410111950801.0,14,141011,83,1,2,,,6.0,4,1,2017
1410111950801.0,14,141011,73,1,2,,,7.0,2,0,2017
1410111950801.0,14,141011,94,4,2,,,1.0,,0,2017
1410111960501.0,14,141011,54,1,2,,,13.0,2,1,2017
1410111960501.0,14,141011,28,1,2,12,4,9.0,4,0,2017
1410111960601.0,14,141011,56,1,2,,,13.0,5,1,2017
1410111960601.0,14,141011,37,1,2,,,13.0,1,0,2017
1410111960601.0,14,141011,31,1,1,,,13.0,4,0,2017
1410111960701.0,14,141011,63,1,2,,,10.0,5,1,2017
1410111960701.0,14,141011,43,1,2,,,9.0,4,0,2017
1410111960701.0,14,141011,22,1,1,,,13.0,4,0,2017
1410111960801.0,14,141011,68,1,2,,,13.0,5,1,2017
1410111960801.0,14,141011,28,2,1,,,5.0,,0,2017
1410111961001.0,14,141011,68,1,2,,,6.0,6,1,2017
1410111961001.0,14,141011,65,1,2,,,6.0,6,0,2017
1410111961001.0,14,141011,48,1,2,,,7.0,8,0,2017
1410111961001.0,14,141011,7,,1,,,7.0,1,0,2017
1410111970101.0,14,141011,75,1,2,,,6.0,3,1,2017
1410111970101.0,14,141011,49,1,2,,,7.0,8,0,2017
1410111970101.0,14,141011,31,1,2,,,7.0,8,0,2017
1410111970101.0,14,141011,28,1,2,12,4,9.0,3,0,2017
1410111970101.0,14,141011,8,,1,,,7.0,3,0,2017
1410111970201.0,14,141011,46,1,2,,,7.0,4,1,2017
1410111970201.0,14,141011,36,1,2,,,12.0,2,0,2017
1410111970201.0,14,141011,17,1,1,,,9.0,3,0,2017
1410111970301.0,14,141011,74,1,2,,,6.0,4,1,2017
1410111970301.0,14,141011,47,1,2,,,9.0,2,0,2017
1410111970301.0,14,141011,21,1,2,7,3,9.0,4,0,2017
1410111970301.0,14,141011,2,,2,,,1.0,,0,2017
1410111970401.0,14,141011,40,1,2,,,9.0,4,1,2017
1410111970401.0,14,141011,15,1,1,,,9.0,2,0,2017
1410111980101.0,14,141011,41,1,2,,,9.0,3,1,2017
1410111980101.0,14,141011,22,1,2,12,4,9.0,2,0,2017
1410111980201.0,14,141011,34,1,2,,,9.0,4,1,2017
1410111980201.0,14,141011,29,1,2,12,4,9.0,4,0,2017
1410111980201.0,14,141011,9,,1,,,7.0,3,0,2017
1410111980201.0,14,141011,2,,1,,,2.0,,0,2017
1410111980301.0,14,141011,46,1,2,,,7.0,8,1,2017
1410111980301.0,14,141011,20,1,2,12,3,9.0,4,0,2017
1410111980301.0,14,141011,23,1,2,12,4,9.0,4,0,2017
1410111980301.0,14,141011,4,,1,,,4.0,,0,2017
1410111980401.0,14,141011,57,1,2,,,9.0,4,1,2017
1410111980401.0,14,141011,55,1,2,,,9.0,2,0,2017
1410111990201.0,14,141011,43,1,2,,,13.0,5,1,2017
1410111990201.0,14,141011,43,1,2,,,13.0,5,0,2017
1410111990201.0,14,141011,18,1,1,,,9.0,4,0,2017
1410111990201.0,14,141011,17,1,1,,,9.0,3,0,2017
1410111990201.0,14,141011,12,,1,,,7.0,7,0,2017
1410111990201.0,14,141011,5,,1,,,4.0,,0,2017
1410111990401.0,14,141011,30,1,2,12,9,12.0,2,1,2017
1410111990401.0,14,141011,31,1,2,,,12.0,2,0,2017
1410111990401.0,14,141011,1,,1,,,2.0,,0,2017
1410111990701.0,14,141011,34,1,2,,,13.0,3,1,2017
1410111990701.0,14,141011,37,1,2,,,13.0,6,0,2017
1410111990701.0,14,141011,0,,2,,,1.0,,0,2017
1410111990701.0,14,141011,13,,1,,,7.0,7,0,2017
1410111990701.0,14,141011,16,1,1,,,9.0,2,0,2017
1410111990701.0,14,141011,49,1,2,,,7.0,8,0,2017
1410112000101.0,14,141011,54,1,2,,,13.0,4,1,2017
1410112000101.0,14,141011,33,1,2,,,13.0,4,0,2017
1410112000101.0,14,141011,28,1,2,12,2,15.0,7,0,2017
1410112000101.0,14,141011,20,1,2,12,1,9.0,4,0,2017
1410112000201.0,14,141011,37,1,2,,,12.0,3,1,2017
1410112000201.0,14,141011,48,1,2,,,9.0,2,0,2017
1410112000201.0,14,141011,7,,1,,,7.0,1,0,2017
1410112000301.0,14,141011,61,1,2,,,10.0,5,1,2017
1410112000901.0,14,141011,42,1,2,,,9.0,4,1,2017
1410112000901.0,14,141011,21,1,1,,,13.0,2,0,2017
1410112000901.0,14,141011,19,1,2,12,2,9.0,4,0,2017
1410112010101.0,14,141011,60,1,2,,,8.0,2,1,2017
1410112010101.0,14,141011,57,4,2,,,1.0,,0,2017
1410112010101.0,14,141011,28,1,2,12,4,11.0,4,0,2017
1410112010102.0,14,141011,33,1,2,,,11.0,4,1,2017
1410112010102.0,14,141011,33,1,2,,,11.0,4,0,2017
1410112010102.0,14,141011,15,1,1,,,11.0,2,0,2017
1410112010102.0,14,141011,12,,1,,,7.0,6,0,2017
1410112010102.0,14,141011,5,,1,,,4.0,,0,2017
1410112010301.0,14,141011,67,1,2,,,8.0,4,1,2017
1410112010301.0,14,141011,66,1,2,,,8.0,4,0,2017
1410112010401.0,14,141011,27,1,2,7,4,11.0,4,1,2017
1410112010401.0,14,141011,30,1,2,7,4,13.0,3,0,2017
1410112010401.0,14,141011,10,,1,,,7.0,5,0,2017
1410112010401.0,14,141011,4,,1,,,4.0,,0,2017
1410112010401.0,14,141011,2,,1,,,3.0,,0,2017
1410112020101.0,14,141011,63,1,2,,,7.0,4,1,2017
1410112020101.0,14,141011,26,1,2,12,9,9.0,4,0,2017
1410112020101.0,14,141011,18,1,1,,,9.0,3,0,2017
1410112020101.0,14,141011,32,1,2,,,9.0,4,0,2017
1410112020201.0,14,141011,44,1,2,,,7.0,6,1,2017
1410112020201.0,14,141011,58,1,2,,,7.0,8,0,2017
1410112020301.0,14,141011,33,1,2,,,12.0,3,1,2017
1410112020301.0,14,141011,40,1,2,,,12.0,3,0,2017
1410112020301.0,14,141011,23,1,2,12,9,12.0,3,0,2017
1410112020401.0,14,141011,63,1,2,,,8.0,4,1,2017
1410112030101.0,14,141011,39,1,2,,,9.0,4,1,2017
1410112030101.0,14,141011,40,1,2,,,9.0,4,0,2017
1410112030101.0,14,141011,3,,1,,,3.0,,0,2017
1410112030101.0,14,141011,1,,2,,,1.0,,0,2017
1410112030201.0,14,141011,73,1,2,,,6.0,2,1,2017
1410112030301.0,14,141011,39,1,2,,,13.0,3,1,2017
1410112030301.0,14,141011,14,,1,,,7.0,8,0,2017
1410112030301.0,14,141011,7,,1,,,7.0,2,0,2017
1410112030301.0,14,141011,1,,2,,,1.0,,0,2017
1410112040101.0,14,141011,59,1,2,,,9.0,1,1,2017
1410112040101.0,14,141011,45,1,2,,,7.0,8,0,2017
1410112040101.0,14,141011,26,1,2,12,9,9.0,4,0,2017
1410112040101.0,14,141011,20,1,1,,,13.0,2,0,2017
1410112040101.0,14,141011,12,,1,,,7.0,5,0,2017
1410112040101.0,14,141011,22,1,2,12,9,9.0,4,0,2017
1410112040201.0,14,141011,54,4,2,,,1.0,,1,2017
1410112040201.0,14,141011,32,4,2,,,1.0,,0,2017
1410112040201.0,14,141011,29,1,2,5,4,9.0,1,0,2017
1410112040202.0,14,141011,23,1,2,12,4,7.0,8,1,2017
1410112040202.0,14,141011,4,,1,,,3.0,,0,2017
1410112040301.0,14,141011,46,1,,,,7.0,8,1,2017
1410112040301.0,14,141011,47,1,,,,7.0,7,0,2017
1410112040301.0,14,141011,11,,1,,,7.0,5,0,2017
1410112050101.0,14,141011,63,1,2,,,7.0,2,1,2017
1410112050101.0,14,141011,59,1,2,,,9.0,3,0,2017
1410112050101.0,14,141011,23,1,1,,,13.0,4,0,2017
1410112050101.0,14,141011,3,,1,,,3.0,,0,2017
1410112050201.0,14,141011,71,1,2,,,8.0,1,1,2017
1410112050201.0,14,141011,65,1,2,,,7.0,4,0,2017
1410112050201.0,14,141011,8,,1,,,7.0,3,0,2017
1410112050201.0,14,141011,10,,1,,,7.0,5,0,2017
1410112050301.0,14,141011,29,1,2,12,4,,4,1,2017
1410112050301.0,14,141011,27,1,2,1,4,9.0,4,0,2017
1410112050301.0,14,141011,7,,1,,,7.0,2,0,2017
1410112050301.0,14,141011,3,,1,,,3.0,,0,2017
1410112050301.0,14,141011,3,,1,,,3.0,,0,2017
1410112050301.0,14,141011,48,1,2,,,9.0,4,0,2017
1410112050301.0,14,141011,21,1,2,12,4,,2,0,2017
1410112050501.0,14,141011,67,9,2,,,7.0,7,1,2017
1410112050501.0,14,141011,19,1,2,12,9,7.0,7,0,2017
1410112050701.0,14,141011,53,1,2,,,7.0,4,1,2017
1410112050701.0,14,141011,48,1,2,,,9.0,1,0,2017
1410112050701.0,14,141011,23,1,2,12,4,12.0,3,0,2017
1410112050701.0,14,141011,3,,2,,,1.0,,0,2017
1410112050801.0,14,141011,74,1,2,,,6.0,5,1,2017
1410112060101.0,14,141011,53,1,2,,,7.0,8,1,2017
1410112060101.0,14,141011,58,1,2,,,7.0,8,0,2017
1410112060101.0,14,141011,38,1,2,,,13.0,5,0,2017
1410112060101.0,14,141011,36,1,2,,,9.0,4,0,2017
1410112060101.0,14,141011,28,1,2,7,4,9.0,4,0,2017
1410112060101.0,14,141011,25,1,2,12,4,9.0,2,0,2017
1410112060101.0,14,141011,17,1,1,,,9.0,4,0,2017
1410112060101.0,14,141011,9,,1,,,7.0,4,0,2017
1410112060201.0,14,141011,50,1,2,,,11.0,4,1,2017
1410112060201.0,14,141011,49,1,2,,,11.0,4,0,2017
1410112060201.0,14,141011,25,1,2,7,4,11.0,4,0,2017
1410112060201.0,14,141011,24,1,2,7,4,12.0,3,0,2017
1410112060201.0,14,141011,2,,2,,,1.0,,0,2017
1410112060301.0,14,141011,33,1,2,,,11.0,4,1,2017
1410112060301.0,14,141011,34,1,2,,,11.0,4,0,2017
1410112060301.0,14,141011,14,,1,,,9.0,1,0,2017
1410112060301.0,14,141011,11,,1,,,7.0,5,0,2017
1410112060301.0,14,141011,5,,1,,,4.0,,0,2017
1410112060401.0,14,141011,52,1,2,,,11.0,5,1,2017
1410112060401.0,14,141011,52,1,2,,,11.0,5,0,2017
1410112060401.0,14,141011,20,1,1,,,13.0,2,0,2017
1410112060401.0,14,141011,27,1,1,,,13.0,2,0,2017
1410112060501.0,14,141011,58,1,2,,,11.0,4,1,2017
1410112060501.0,14,141011,31,1,1,,,13.0,5,0,2017
1410112060501.0,14,141011,11,,1,,,7.0,5,0,2017
1410112060601.0,14,141011,40,1,2,,,11.0,4,1,2017
1410112060601.0,14,141011,39,1,2,,,11.0,4,0,2017
1410112060601.0,14,141011,17,1,1,,,9.0,2,0,2017
1410112060601.0,14,141011,28,1,2,12,4,9.0,4,0,2017
1410112060701.0,14,141011,71,1,2,,,6.0,6,1,2017
1410112060701.0,14,141011,73,1,2,,,6.0,6,0,2017
1410112060701.0,14,141011,45,1,2,,,13.0,5,0,2017
1410112060701.0,14,141011,45,1,2,,,13.0,5,0,2017
1410112060801.0,14,141011,46,1,2,,,12.0,3,1,2017
1410112060801.0,14,141011,44,1,2,,,13.0,3,0,2017
1410112060801.0,14,141011,18,1,1,,,9.0,4,0,2017
1410112060801.0,14,141011,16,1,1,,,9.0,2,0,2017
1410112060901.0,14,141011,72,1,2,,,10.0,5,1,2017
1410112060901.0,14,141011,67,1,2,,,13.0,5,0,2017
1410112060901.0,14,141011,30,1,2,7,4,13.0,5,0,2017
1410112060901.0,14,141011,30,1,2,7,4,13.0,5,0,2017
1410112060901.0,14,141011,22,1,2,7,3,9.0,4,0,2017
1410112061001.0,14,141011,43,1,2,,,11.0,4,1,2017
1410112061001.0,14,141011,24,1,2,7,2,12.0,3,0,2017
1410112061201.0,14,141011,57,1,2,,,11.0,4,1,2017
1410112061201.0,14,141011,38,1,2,,,11.0,4,0,2017
1410112061201.0,14,141011,23,1,2,7,2,13.0,5,0,2017
1410112061201.0,14,141011,17,1,1,,,9.0,3,0,2017
1410112061201.0,14,141011,13,,1,,,7.0,7,0,2017
1410112061201.0,14,141011,7,,1,,,7.0,2,0,2017
1410112061301.0,14,141011,62,1,2,,,9.0,4,1,2017
1410112061301.0,14,141011,26,1,2,12,4,11.0,4,0,2017
1410112061301.0,14,141011,11,,1,,,7.0,5,0,2017
1410112061301.0,14,141011,8,,1,,,7.0,3,0,2017
1410112061401.0,14,141011,67,1,2,,,6.0,6,1,2017
1410112061401.0,14,141011,64,1,2,,,10.0,6,0,2017
1410112061401.0,14,141011,46,1,2,,,7.0,5,0,2017
1410112061401.0,14,141011,45,1,2,,,9.0,4,0,2017
1410112061401.0,14,141011,18,1,2,7,2,11.0,4,0,2017
1410112061501.0,14,141011,55,1,2,,,9.0,4,1,2017
1410112061501.0,14,141011,35,1,2,,,9.0,4,0,2017
1410112061501.0,14,141011,3,,1,,,3.0,,0,2017
1410112070101.0,14,141011,43,1,2,,,9.0,4,1,2017
1410112070101.0,14,141011,47,1,2,,,9.0,2,0,2017
1410112070101.0,14,141011,51,4,2,,,1.0,,0,2017
1410112070101.0,14,141011,31,1,2,,,12.0,3,0,2017
1410112070101.0,14,141011,29,1,2,7,3,9.0,4,0,2017
1410112070101.0,14,141011,15,1,1,,,7.0,7,0,2017
1410112070101.0,14,141011,2,,1,,,2.0,,0,2017
1410112070301.0,14,141011,76,1,2,,,6.0,4,1,2017
1410112070401.0,14,141011,25,1,2,12,4,9.0,4,1,2017
1410112070401.0,14,141011,24,1,2,12,2,12.0,2,0,2017
1410112070401.0,14,141011,3,,1,,,3.0,,0,2017
1410112080201.0,14,141011,54,1,2,,,11.0,2,1,2017
1410112080201.0,14,141011,51,1,2,,,7.0,6,0,2017
1410112080201.0,14,141011,31,1,2,,,11.0,4,0,2017
1410112080201.0,14,141011,23,1,2,12,4,11.0,1,0,2017
1410112080201.0,14,141011,22,1,2,7,4,11.0,4,0,2017
1410112080401.0,14,141011,52,1,2,,,7.0,3,1,2017
1410112080401.0,14,141011,42,1,2,,,7.0,8,0,2017
1410112080401.0,14,141011,22,1,2,7,4,11.0,4,0,2017
1410112080401.0,14,141011,24,1,2,7,4,11.0,4,0,2017
1410112080401.0,14,141011,11,,1,,,7.0,6,0,2017
1410112080401.0,14,141011,0,,2,,,1.0,,0,2017
1410112090101.0,14,141011,39,1,2,,,9.0,4,1,2017
1410112090101.0,14,141011,63,1,2,,,7.0,7,0,2017
1410112090101.0,14,141011,11,,1,,,7.0,6,0,2017
1410112090201.0,14,141011,56,1,2,,,12.0,3,1,2017
1410112090201.0,14,141011,53,1,2,,,12.0,2,0,2017
1410112090201.0,14,141011,18,1,1,,,9.0,4,0,2017
1410112090301.0,14,141011,44,1,2,,,9.0,3,1,2017
1410112090301.0,14,141011,46,1,2,,,9.0,4,0,2017
1410112090301.0,14,141011,20,1,1,,,13.0,1,0,2017
1410112090401.0,14,141011,58,1,2,,,11.0,1,1,2017
1410112090401.0,14,141011,23,1,2,12,4,11.0,4,0,2017
1410112090601.0,14,141011,34,1,2,,,12.0,3,1,2017
1410112090601.0,14,141011,6,,1,,,4.0,,0,2017
1410112090601.0,14,141011,11,,1,,,7.0,5,0,2017
1410112090701.0,14,141011,50,1,2,,,9.0,2,1,2017
1410112090701.0,14,141011,21,1,2,12,4,9.0,4,0,2017
1410112090801.0,14,141011,69,1,2,,,9.0,4,1,2017
1410112090801.0,14,141011,33,1,2,,,12.0,2,0,2017
1410112090801.0,14,141011,29,1,2,7,4,13.0,5,0,2017
1410112091001.0,14,141011,29,1,2,12,4,12.0,3,1,2017
1410112091001.0,14,141011,31,1,2,,,9.0,4,0,2017
1410112091101.0,14,141011,41,1,2,,,9.0,3,1,2017
1410112091101.0,14,141011,37,1,2,,,9.0,4,0,2017
1410112091101.0,14,141011,64,1,2,,,8.0,3,0,2017
1410112091101.0,14,141011,18,1,1,,,9.0,4,0,2017
1410112091201.0,14,141011,49,1,2,,,7.0,8,1,2017
1410112091201.0,14,141011,46,1,2,,,9.0,2,0,2017
1410112091201.0,14,141011,16,1,1,,,9.0,3,0,2017
1410112091301.0,14,141011,38,1,2,,,9.0,2,1,2017
1410112091301.0,14,141011,36,1,2,,,9.0,4,0,2017
1410112091301.0,14,141011,13,,1,,,7.0,7,0,2017
1410112091301.0,14,141011,8,,1,,,7.0,1,0,2017
1410112091401.0,14,141011,52,1,2,,,11.0,4,1,2017
1410112091401.0,14,141011,52,1,2,,,7.0,8,0,2017
1410112091401.0,14,141011,27,1,2,12,9,7.0,8,0,2017
1410112091401.0,14,141011,26,1,2,12,9,9.0,4,0,2017
1410112091401.0,14,141011,3,,1,,,3.0,,0,2017
1410112091501.0,14,141011,47,1,2,,,9.0,4,1,2017
1410112091501.0,14,141011,19,1,2,12,2,9.0,4,0,2017
1410112100101.0,14,141011,52,1,2,,,7.0,6,1,2017
1410112100101.0,14,141011,52,1,2,,,9.0,4,0,2017
1410112100101.0,14,141011,19,1,2,12,3,11.0,3,0,2017
1410112100101.0,14,141011,17,1,1,,,11.0,2,0,2017
1410112100301.0,14,141011,54,1,2,,,7.0,3,1,2017
1410112100301.0,14,141011,58,1,2,,,9.0,1,0,2017
1410112100301.0,14,141011,15,1,1,,,9.0,1,0,2017
1410112100501.0,14,141011,69,1,2,,,8.0,1,1,2017
1410112100501.0,14,141011,67,1,2,,,8.0,1,0,2017
1410112100501.0,14,141011,21,1,1,,,13.0,2,0,2017
1410112100601.0,14,141011,59,1,2,,,9.0,4,1,2017
1410112100601.0,14,141011,22,1,1,,,13.0,4,0,2017
1410112100601.0,14,141011,32,1,2,,,13.0,5,0,2017
1410112100701.0,14,141011,51,1,2,,,9.0,4,1,2017
1410112100801.0,14,141011,60,1,2,,,9.0,4,1,2017
1410112100801.0,14,141011,19,1,2,7,9,9.0,4,0,2017
1410112100801.0,14,141011,18,1,1,,,9.0,4,0,2017
1410112100801.0,14,141011,16,1,1,,,9.0,1,0,2017
1410112101101.0,14,141011,30,1,2,12,4,9.0,4,1,2017
1410112101101.0,14,141011,30,1,2,12,4,11.0,4,0,2017
1410112101101.0,14,141011,61,1,2,,,11.0,3,0,2017
1410112101101.0,14,141011,9,,1,,,7.0,3,0,2017
1410112101101.0,14,141011,8,,1,,,7.0,2,0,2017
1410112101101.0,14,141011,8,,1,,,7.0,2,0,2017
1410112101101.0,14,141011,3,,1,,,3.0,,0,2017
1410112101201.0,14,141011,55,1,2,,,9.0,4,1,2017
1410112101201.0,14,141011,54,1,2,,,9.0,2,0,2017
1410112101201.0,14,141011,25,1,2,12,4,9.0,4,0,2017
1410112101201.0,14,141011,17,1,1,,,9.0,3,0,2017
1410112101301.0,14,141011,26,1,2,12,4,9.0,4,1,2017
1410112101301.0,14,141011,22,1,2,12,4,11.0,4,0,2017
1410112101401.0,14,141011,65,1,2,,,7.0,6,1,2017
1410112101501.0,14,141011,71,1,2,,,6.0,5,1,2017
1410112101601.0,14,141011,50,1,2,,,7.0,8,1,2017
1410112101601.0,14,141011,47,1,2,,,9.0,4,0,2017
1410112101601.0,14,141011,22,1,2,12,3,9.0,4,0,2017
1410112101801.0,14,141011,69,1,2,,,6.0,5,1,2017
1410112102001.0,14,141011,62,1,2,,,7.0,8,1,2017
1410112102001.0,14,141011,55,1,2,,,7.0,8,0,2017
1410112102001.0,14,141011,22,4,2,4,5,1.0,,0,2017
1410112102001.0,14,141011,2,,1,,,2.0,,0,2017
1410112102001.0,14,141011,11,,1,,,7.0,5,0,2017
1410112102001.0,14,141011,29,1,2,7,9,11.0,4,0,2017
1410112110401.0,14,141011,58,1,2,,,9.0,4,1,2017
1410112110401.0,14,141011,61,1,2,,,9.0,3,0,2017
1410112110401.0,14,141011,28,1,2,12,2,13.0,4,0,2017
1410112110401.0,14,141011,26,1,1,,,13.0,6,0,2017
1410112110401.0,14,141011,23,1,2,7,3,9.0,4,0,2017
1410112120201.0,14,141011,48,1,2,,,12.0,3,1,2017
1410112120201.0,14,141011,17,1,1,,,11.0,2,0,2017
1410112120301.0,14,141011,87,1,2,,,6.0,4,1,2017
1410112120301.0,14,141011,78,1,2,,,6.0,3,0,2017
1410112120401.0,14,141011,54,1,2,,,9.0,1,1,2017
1410112120401.0,14,141011,54,1,2,,,7.0,8,0,2017
1410112120701.0,14,141011,56,1,2,,,7.0,4,1,2017
1410112120701.0,14,141011,28,1,2,12,4,11.0,4,0,2017
1410112120701.0,14,141011,9,,1,,,7.0,3,0,2017
1410112120701.0,14,141011,5,,1,,,4.0,,0,2017
1410112120701.0,14,141011,2,,1,,,3.0,,0,2017
1410112120801.0,14,141011,39,1,2,,,9.0,4,1,2017
1410112120801.0,14,141011,20,1,1,,,12.0,1,0,2017
1410112120801.0,14,141011,16,1,1,,,11.0,2,0,2017
1410112120901.0,14,141011,52,1,2,,,9.0,2,1,2017
1410112120901.0,14,141011,11,,1,,,7.0,6,0,2017
1410112121001.0,14,141011,53,1,2,,,11.0,4,1,2017
1410112121001.0,14,141011,20,1,2,12,3,9.0,4,0,2017
1410112121001.0,14,141011,8,,1,,,7.0,2,0,2017
1410112130201.0,14,141011,51,1,2,,,7.0,8,1,2017
1410112130201.0,14,141011,48,1,2,,,7.0,8,0,2017
1410112130202.0,14,141011,30,1,2,12,4,9.0,2,1,2017
1410112130202.0,14,141011,28,1,2,2,4,9.0,4,0,2017
1410112130202.0,14,141011,6,,1,,,4.0,,0,2017
1410112130202.0,14,141011,0,,2,,,1.0,,0,2017
1410112130301.0,14,141011,57,1,2,,,11.0,4,1,2017
1410112130301.0,14,141011,47,1,2,,,9.0,4,0,2017
1410112130301.0,14,141011,16,1,1,,,9.0,2,0,2017
1410112130301.0,14,141011,11,,1,,,7.0,5,0,2017
1410112130301.0,14,141011,25,1,2,12,4,9.0,4,0,2017
1410112130301.0,14,141011,26,1,2,12,4,11.0,4,0,2017
1410112130301.0,14,141011,2,,1,,,2.0,,0,2017
1410112130401.0,14,141011,34,1,2,,,13.0,4,1,2017
1410112130401.0,14,141011,35,1,2,,,9.0,4,0,2017
1410112130401.0,14,141011,4,,1,,,4.0,,0,2017
1410112130501.0,14,141011,49,1,2,,,9.0,1,1,2017
1410112130501.0,14,141011,47,1,2,,,7.0,6,0,2017
1410112130501.0,14,141011,17,1,1,,,9.0,4,0,2017
1410112130501.0,14,141011,15,1,1,,,9.0,2,0,2017
1410112130501.0,14,141011,14,,1,,,7.0,8,0,2017
1410112130501.0,14,141011,12,,1,,,7.0,6,0,2017
1410112130501.0,14,141011,10,,1,,,7.0,5,0,2017
1410112130501.0,14,141011,6,,1,,,7.0,1,0,2017
1410112130701.0,14,141011,39,1,2,,,13.0,5,1,2017
1410112130701.0,14,141011,36,1,2,,,9.0,4,0,2017
1410112130701.0,14,141011,7,,1,,,7.0,1,0,2017
1410112130701.0,14,141011,1,,1,,,2.0,,0,2017
1410112130801.0,14,141011,49,1,2,,,9.0,4,1,2017
1410112130901.0,14,141011,57,1,2,,,7.0,2,1,2017
1410112130901.0,14,141011,28,1,2,7,2,13.0,5,0,2017
1410112130901.0,14,141011,22,1,1,,,12.0,1,0,2017
1410112131001.0,14,141011,48,1,2,,,9.0,4,1,2017
1410112131001.0,14,141011,28,1,2,12,4,9.0,4,0,2017
1410112131001.0,14,141011,21,1,2,12,3,9.0,4,0,2017
1410112140101.0,14,141011,54,1,2,,,9.0,4,1,2017
1410112140201.0,14,141011,56,1,2,,,7.0,6,1,2017
1410112140201.0,14,141011,52,1,2,,,9.0,4,0,2017
1410112140201.0,14,141011,32,1,2,,,9.0,4,0,2017
1410112140201.0,14,141011,30,1,2,12,9,9.0,4,0,2017
1410112140201.0,14,141011,25,1,2,12,9,9.0,4,0,2017
1410112140201.0,14,141011,22,1,2,12,9,11.0,4,0,2017
1410112150101.0,14,141011,80,1,2,,,6.0,1,1,2017
1410112150201.0,14,141011,72,1,2,,,6.0,4,1,2017
1410112150301.0,14,141011,64,1,2,,,6.0,5,1,2017
1410112150301.0,14,141011,68,1,2,,,6.0,5,0,2017
1410112150401.0,14,141011,81,1,2,,,1.0,,1,2017
1410112150401.0,14,141011,77,1,2,,,8.0,2,0,2017
1410112150401.0,14,141011,56,1,2,,,9.0,1,0,2017
1410112150501.0,14,141011,80,1,2,,,6.0,4,1,2017
1410112150501.0,14,141011,44,1,2,,,7.0,8,0,2017
1410112160201.0,14,141011,80,1,2,,,6.0,3,1,2017
1410112160201.0,14,141011,53,1,2,,,9.0,3,0,2017
1410112160301.0,14,141011,70,1,2,,,,99,1,2017
1410112160301.0,14,141011,68,1,2,,,,99,0,2017
1410112160401.0,14,141011,94,1,2,,,1.0,,1,2017
1410112160401.0,14,141011,84,1,2,,,1.0,,0,2017
1410112170101.0,14,141011,54,1,2,,,7.0,3,1,2017
1410112170101.0,14,141011,58,1,2,,,9.0,3,0,2017
1410112170201.0,14,141011,41,1,2,,,11.0,4,1,2017
1410112170201.0,14,141011,37,1,2,,,11.0,4,0,2017
1410112170201.0,14,141011,20,1,2,7,3,9.0,4,0,2017
1410112170401.0,14,141011,67,1,2,,,8.0,1,1,2017
1410112170401.0,14,141011,60,1,2,,,8.0,1,0,2017
1410112170401.0,14,141011,21,1,1,,,13.0,2,0,2017
1410112170501.0,14,141011,61,1,2,,,9.0,4,1,2017
1410112170501.0,14,141011,54,1,2,,,9.0,4,0,2017
1410112170501.0,14,141011,23,1,1,,,12.0,2,0,2017
1410112170601.0,14,141011,61,1,2,,,7.0,2,1,2017
1410112170601.0,14,141011,48,1,2,,,7.0,2,0,2017
1410112170801.0,14,141011,44,1,2,,,7.0,8,1,2017
1410112170801.0,14,141011,48,1,2,,,1.0,,0,2017
1410112170801.0,14,141011,22,1,,,,9.0,3,0,2017
1410112170801.0,14,141011,15,1,1,,,11.0,1,0,2017
1410112171001.0,14,141011,51,1,2,,,7.0,5,1,2017
1410112171001.0,14,141011,58,1,2,,,7.0,5,0,2017
1410112171001.0,14,141011,11,,1,,,7.0,5,0,2017
1410112171001.0,14,141011,6,,1,,,7.0,1,0,2017
1410112180201.0,14,141011,80,1,2,,,6.0,99,1,2017
1410112180201.0,14,141011,17,1,2,7,1,11.0,4,0,2017
1410112180201.0,14,141011,14,,1,,,7.0,7,0,2017
1410112180301.0,14,141011,56,1,2,,,9.0,4,1,2017
1410112180301.0,14,141011,27,1,2,12,2,13.0,5,0,2017
1410112180301.0,14,141011,30,1,2,1,2,13.0,5,0,2017
1410112180301.0,14,141011,1,,2,,,1.0,,0,2017
1410112180501.0,14,141011,43,1,2,,,9.0,4,1,2017
1410112180501.0,14,141011,21,1,2,12,4,9.0,4,0,2017
1410112180501.0,14,141011,16,1,1,,,9.0,2,0,2017
1410112180501.0,14,141011,9,,1,,,7.0,3,0,2017
1410112180501.0,14,141011,1,,2,,,1.0,,0,2017
1410112180601.0,14,141011,59,1,2,,,7.0,6,1,2017
1410112180601.0,14,141011,54,1,2,,,7.0,6,0,2017
1410112180701.0,14,141011,58,1,1,,,7.0,4,1,2017
1410112180901.0,14,141011,29,1,2,12,9,9.0,4,1,2017
1410112180901.0,14,141011,9,,1,,,7.0,4,0,2017
1410112180901.0,14,141011,48,1,2,,,7.0,8,0,2017
1410112190101.0,14,141011,65,1,2,,,6.0,4,1,2017
1410112190101.0,14,141011,43,1,2,,,9.0,4,0,2017
1410112190101.0,14,141011,22,1,2,12,1,9.0,3,0,2017
1410112190201.0,14,141011,51,1,2,,,9.0,4,1,2017
1410112190201.0,14,141011,52,1,2,,,12.0,2,0,2017
1410112190401.0,14,141011,47,1,2,,,7.0,8,1,2017
1410112190401.0,14,141011,31,1,2,,,9.0,4,0,2017
1410112190401.0,14,141011,16,1,1,,,11.0,2,0,2017
1410112190401.0,14,141011,0,,2,,,2.0,,0,2017
1410112200101.0,14,141011,48,1,2,,,9.0,4,1,2017
1410112200101.0,14,141011,23,1,1,,,13.0,5,0,2017
1410112200101.0,14,141011,14,,1,,,7.0,8,0,2017
1410112200101.0,14,141011,6,,1,,,4.0,,0,2017
1410112210101.0,14,141011,34,1,2,,,9.0,4,1,2017
1410112210101.0,14,141011,41,1,2,,,7.0,8,0,2017
1410112210101.0,14,141011,15,1,1,,,9.0,1,0,2017
1410112210101.0,14,141011,8,,1,,,7.0,2,0,2017
1410112210101.0,14,141011,4,,1,,,3.0,,0,2017
1410112210201.0,14,141011,47,1,2,,,11.0,4,1,2017
1410112210201.0,14,141011,10,,1,,,7.0,4,0,2017
1410112210301.0,14,141011,53,1,2,,,9.0,2,1,2017
1410112210301.0,14,141011,51,1,2,,,9.0,4,0,2017
1410112210301.0,14,141011,26,1,2,12,2,13.0,5,0,2017
1410112210301.0,14,141011,20,1,1,,,13.0,2,0,2017
1410112210701.0,14,141011,69,1,2,,,8.0,3,1,2017
1410112210801.0,14,141011,45,1,2,,,,1,1,2017
1410112210901.0,14,141011,45,1,2,,,9.0,4,1,2017
1410112210901.0,14,141011,49,1,2,,,9.0,4,0,2017
1410112210901.0,14,141011,24,1,2,12,2,12.0,3,0,2017
1410112210901.0,14,141011,15,1,1,,,9.0,1,0,2017
1410112210901.0,14,141011,25,1,2,12,4,9.0,2,0,2017
1410112220201.0,14,141011,78,1,2,,,6.0,3,1,2017
1410112220301.0,14,141011,28,1,1,,,12.0,1,1,2017
1410112220301.0,14,141011,31,1,1,,,12.0,1,0,2017
1410112220301.0,14,141011,7,,1,,,7.0,1,0,2017
1410112220301.0,14,141011,3,,1,,,3.0,,0,2017
1410112220401.0,14,141011,42,1,2,,,11.0,4,1,2017
1410112220401.0,14,141011,21,1,2,7,3,9.0,4,0,2017
1410112220401.0,14,141011,15,1,1,,,7.0,8,0,2017
1410112220501.0,14,141011,37,1,2,,,11.0,4,1,2017
1410112220501.0,14,141011,35,1,1,,,13.0,3,0,2017
1410112220501.0,14,141011,15,1,1,,,9.0,2,0,2017
1410112220501.0,14,141011,9,,1,,,7.0,3,0,2017
1410112220601.0,14,141011,40,1,2,,,12.0,3,1,2017
1410112220601.0,14,141011,42,1,2,,,12.0,3,0,2017
1410112220601.0,14,141011,7,,1,,,7.0,1,0,2017
1410112220601.0,14,141011,10,,1,,,7.0,5,0,2017
1410112220601.0,14,141011,3,,2,,,1.0,,0,2017
1410112220602.0,14,141011,70,1,2,,,10.0,4,1,2017
1410112220602.0,14,141011,17,1,1,,,9.0,2,0,2017
1410112220701.0,14,141011,43,1,2,,,13.0,5,1,2017
1410112220701.0,14,141011,17,1,1,,,9.0,3,0,2017
1410112220701.0,14,141011,13,,1,,,7.0,8,0,2017
1410112220701.0,14,141011,7,,1,,,7.0,1,0,2017
1410112220901.0,14,141011,55,1,2,,,9.0,4,1,2017
1410112220901.0,14,141011,62,1,2,,,6.0,6,0,2017
1410112221001.0,14,141011,65,1,2,,,8.0,6,1,2017
1410112221001.0,14,141011,62,1,2,,,9.0,4,0,2017
1410112230201.0,14,141011,36,1,2,,,7.0,7,1,2017
1410112230201.0,14,141011,21,1,1,,,9.0,4,0,2017
1410112230201.0,14,141011,16,1,1,,,9.0,1,0,2017
1410112230201.0,14,141011,6,,1,,,7.0,1,0,2017
1410112230401.0,14,141011,50,1,2,,,9.0,4,1,2017
1410112230401.0,14,141011,21,1,2,12,9,9.0,4,0,2017
1410112240201.0,14,141011,53,1,2,,,11.0,3,1,2017
1410112240201.0,14,141011,50,1,2,,,11.0,4,0,2017
1410112240201.0,14,141011,13,,1,,,7.0,7,0,2017
1410112240301.0,14,141011,29,1,2,7,4,13.0,5,1,2017
1410112240401.0,14,141011,53,1,2,,,13.0,4,1,2017
1410112240401.0,14,141011,22,1,1,,,13.0,2,0,2017
1410112240401.0,14,141011,18,1,1,,,9.0,4,0,2017
1410112240501.0,14,141011,28,1,2,12,4,9.0,4,1,2017
1410112240501.0,14,141011,27,1,2,12,4,9.0,4,0,2017
1410112240501.0,14,141011,59,1,2,,,7.0,6,0,2017
1410112240501.0,14,141011,2,,1,,,3.0,,0,2017
1410112240501.0,14,141011,9,,1,,,7.0,3,0,2017
1410112240701.0,14,141011,80,1,2,,,13.0,5,1,2017
1410112240701.0,14,141011,75,1,2,,,9.0,4,0,2017
1410112240801.0,14,141011,61,1,2,,,9.0,2,1,2017
1410112240801.0,14,141011,53,1,2,,,11.0,2,0,2017
1410112240801.0,14,141011,29,1,1,,,13.0,4,0,2017
1410112240801.0,14,141011,23,1,1,,,13.0,4,0,2017
1410112240801.0,14,141011,21,1,1,,,13.0,4,0,2017
1410112240901.0,14,141011,49,1,2,,,9.0,1,1,2017
1410112240901.0,14,141011,55,1,2,,,11.0,4,0,2017
1410112240901.0,14,141011,17,1,1,,,9.0,2,0,2017
1410112240901.0,14,141011,15,1,1,,,9.0,2,0,2017
1410112241101.0,14,141011,71,1,2,,,6.0,6,1,2017
1410112241201.0,14,141011,22,1,1,,,13.0,4,1,2017
1410112241201.0,14,141011,23,1,1,,,13.0,3,0,2017
1410112250301.0,14,141011,42,1,2,,,7.0,7,1,2017
1410112250301.0,14,141011,21,1,2,12,3,11.0,4,0,2017
1410112250301.0,14,141011,16,1,1,,,9.0,2,0,2017
1410112250401.0,14,141011,51,1,2,,,7.0,8,1,2017
1410112250401.0,14,141011,23,1,2,12,2,12.0,3,0,2017
1410112250401.0,14,141011,5,,1,,,4.0,,0,2017
1410112250402.0,14,141011,31,1,2,,,7.0,8,1,2017
1410112250402.0,14,141011,11,,1,,,7.0,6,0,2017
1410112250501.0,14,141011,46,1,2,,,9.0,4,1,2017
1410112250501.0,14,141011,47,1,2,,,9.0,4,0,2017
1410112250501.0,14,141011,19,1,2,7,1,9.0,4,0,2017
1410112250501.0,14,141011,11,,1,,,7.0,6,0,2017
1410112250601.0,14,141011,80,1,2,,,6.0,2,1,2017
1410112250601.0,14,141011,59,1,2,,,9.0,4,0,2017
1410112250601.0,14,141011,52,1,2,,,9.0,4,0,2017
1410112250601.0,14,141011,20,1,1,,,13.0,1,0,2017
1410112250601.0,14,141011,13,,1,,,7.0,7,0,2017
1410112250801.0,14,141011,22,1,2,12,4,9.0,4,1,2017
1410112250801.0,14,141011,21,1,1,,,13.0,2,0,2017
1410112250901.0,14,141011,53,1,2,,,11.0,5,1,2017
1410112250901.0,14,141011,49,1,2,,,11.0,5,0,2017
1410112251101.0,14,141011,39,1,2,,,9.0,4,1,2017
1410112251101.0,14,141011,34,1,2,,,9.0,4,0,2017
1410112251101.0,14,141011,8,,1,,,7.0,3,0,2017
1410112251101.0,14,141011,7,,1,,,7.0,1,0,2017
1410112251101.0,14,141011,0,,2,,,1.0,,0,2017
1410112251201.0,14,141011,44,1,2,,,9.0,4,1,2017
1410112251201.0,14,141011,26,1,1,,,12.0,2,0,2017
1410112251201.0,14,141011,17,1,1,,,9.0,2,0,2017
1410112251201.0,14,141011,47,1,2,,,7.0,8,0,2017
1410112251301.0,14,141011,58,1,2,,,9.0,4,1,2017
1410112251301.0,14,141011,52,1,2,,,11.0,4,0,2017
1410112251301.0,14,141011,30,1,2,7,1,13.0,5,0,2017
1410112251301.0,14,141011,11,,1,,,7.0,5,0,2017
1410112251401.0,14,141011,52,1,2,,,13.0,5,1,2017
1410112251401.0,14,141011,53,1,2,,,9.0,4,0,2017
1410112251401.0,14,141011,31,1,1,,,13.0,2,0,2017
1410112251401.0,14,141011,20,1,1,,,13.0,2,0,2017
1410112251401.0,14,141011,18,1,1,,,9.0,4,0,2017
1410112251402.0,14,141011,54,1,2,,,9.0,4,1,2017
1410112251402.0,14,141011,56,1,2,,,11.0,5,0,2017
1410112251402.0,14,141011,26,1,1,,,13.0,5,0,2017
1410112251402.0,14,141011,4,,1,,,3.0,,0,2017
1410112251501.0,14,141011,69,1,2,,,9.0,4,1,2017
1410112251501.0,14,141011,70,1,2,,,8.0,6,0,2017
1410112251601.0,14,141011,36,1,2,,,13.0,5,1,2017
1410112251601.0,14,141011,42,1,2,,,9.0,4,0,2017
1410112260101.0,14,141011,31,1,2,,,13.0,5,1,2017
1410112260101.0,14,141011,30,1,2,7,4,13.0,5,0,2017
1410112260201.0,14,141011,27,1,2,7,4,9.0,4,1,2017
1410112260201.0,14,141011,28,1,2,7,4,9.0,4,0,2017
1410112260201.0,14,141011,3,,1,,,3.0,,0,2017
1410112260301.0,14,141011,50,1,2,,,9.0,4,1,2017
1410112260301.0,14,141011,24,1,2,2,1,12.0,2,0,2017
1410112260301.0,14,141011,26,1,1,,,13.0,4,0,2017
1410112260401.0,14,141011,25,1,1,,,13.0,3,1,2017
1410112260401.0,14,141011,24,1,1,,,13.0,3,0,2017
1410112260501.0,14,141011,64,1,2,,,9.0,4,1,2017
1410112260501.0,14,141011,66,1,2,,,9.0,4,0,2017
1410112260501.0,14,141011,40,1,2,,,12.0,3,0,2017
1410112260501.0,14,141011,40,1,2,,,11.0,4,0,2017
1410112260501.0,14,141011,13,,1,,,7.0,8,0,2017
1410112260501.0,14,141011,9,,1,,,7.0,4,0,2017
1410112260601.0,14,141011,24,1,2,6,4,11.0,4,1,2017
1410112260601.0,14,141011,24,1,2,6,4,11.0,4,0,2017
1410112260701.0,14,141011,28,1,2,6,4,9.0,4,1,2017
1410112260701.0,14,141011,27,1,2,6,4,9.0,4,0,2017
1410112260801.0,14,141011,89,1,2,,,6.0,6,1,2017
1410112260901.0,14,141011,82,1,2,,,6.0,3,1,2017
1410112260901.0,14,141011,79,1,2,,,6.0,5,0,2017
1410112260901.0,14,141011,55,1,2,,,9.0,4,0,2017
1410112260901.0,14,141011,54,1,2,,,9.0,4,0,2017
1410112261001.0,14,141011,60,1,2,,,11.0,4,1,2017
1410112261001.0,14,141011,58,1,2,,,11.0,4,0,2017
1410112261101.0,14,141011,20,1,1,,,13.0,1,1,2017
1410112261201.0,14,141011,30,1,2,7,4,13.0,5,1,2017
1410112261301.0,14,141011,54,1,2,,,11.0,4,1,2017
1410112261301.0,14,141011,16,1,1,,,11.0,3,0,2017
1410112261401.0,14,141011,23,1,2,2,1,13.0,2,1,2017
1410112261401.0,14,141011,22,1,2,2,1,12.0,1,0,2017
1410112261501.0,14,141011,86,1,2,,,8.0,2,1,2017
1410112261501.0,14,141011,55,1,2,,,11.0,4,0,2017
1410112270101.0,14,141011,52,1,2,,,9.0,4,1,2017
1410112270101.0,14,141011,53,1,2,,,12.0,3,0,2017
1410112270401.0,14,141011,20,1,1,,,13.0,2,1,2017
1410112270401.0,14,141011,21,1,1,,,13.0,2,0,2017
1410112270501.0,14,141011,69,4,2,,,1.0,,1,2017
1410112270501.0,14,141011,34,1,2,,,13.0,5,0,2017
1410112270601.0,14,141011,23,1,1,,,13.0,3,1,2017
1410112270601.0,14,141011,24,1,1,,,13.0,3,0,2017
1410112270701.0,14,141011,72,1,2,,,10.0,4,1,2017
1410112270701.0,14,141011,72,1,2,,,9.0,3,0,2017
1410112270801.0,14,141011,28,1,1,,,12.0,2,1,2017
1410112270801.0,14,141011,28,1,1,,,12.0,3,0,2017
1410112270901.0,14,141011,37,1,2,,,14.0,7,1,2017
1410112271001.0,14,141011,92,1,2,,,8.0,2,1,2017
1410112271001.0,14,141011,87,1,2,,,8.0,2,0,2017
1410112271001.0,14,141011,54,1,2,,,12.0,3,0,2017
1410112271001.0,14,141011,24,1,2,7,3,12.0,3,0,2017
1410112271001.0,14,141011,22,1,1,,,13.0,2,0,2017
1410112280201.0,14,141011,49,1,2,,,9.0,4,1,2017
1410112280201.0,14,141011,30,1,2,12,4,9.0,4,0,2017
1410112280201.0,14,141011,16,1,1,,,9.0,1,0,2017
1410112280201.0,14,141011,27,1,1,,,13.0,3,0,2017
1410112280201.0,14,141011,18,1,1,,,9.0,2,0,2017
1410112280201.0,14,141011,52,1,2,,,9.0,4,0,2017
1410112280301.0,14,141011,56,1,2,,,12.0,2,1,2017
1410112280301.0,14,141011,23,1,1,,,13.0,3,0,2017
1410112280301.0,14,141011,21,1,1,,,13.0,3,0,2017
1410112290301.0,14,141011,59,1,2,,,13.0,5,1,2017
1410112290301.0,14,141011,50,1,2,,,13.0,5,0,2017
1410112300201.0,14,141011,52,1,2,,,11.0,4,1,2017
1410112300201.0,14,141011,60,1,2,,,8.0,4,0,2017
1410112300301.0,14,141011,60,1,2,,,8.0,6,1,2017
1410112300301.0,14,141011,43,1,2,,,9.0,4,0,2017
1410112300301.0,14,141011,28,1,2,7,4,12.0,3,0,2017
1410112300301.0,14,141011,4,,1,,,3.0,,0,2017
1410112300401.0,14,141011,73,1,2,,,6.0,6,1,2017
1410112300401.0,14,141011,50,1,2,,,9.0,4,0,2017
1410112300601.0,14,141011,54,1,2,,,11.0,4,1,2017
1410112300801.0,14,141011,62,1,2,,,8.0,3,1,2017
1410112300901.0,14,141011,23,1,1,,,13.0,2,1,2017
1410112300901.0,14,141011,20,1,1,,,13.0,1,0,2017
1410112301001.0,14,141011,51,1,2,,,9.0,4,1,2017
1410112301001.0,14,141011,37,1,2,,,9.0,4,0,2017
1410112301101.0,14,141011,24,1,2,11,4,9.0,4,1,2017
1410112301101.0,14,141011,25,1,2,2,2,12.0,3,0,2017
1410112301101.0,14,141011,1,,2,,,1.0,,0,2017
1410112301301.0,14,141011,44,1,2,,,11.0,4,1,2017
1410112301301.0,14,141011,15,1,1,,,9.0,1,0,2017
1410112301301.0,14,141011,7,,1,,,7.0,2,0,2017
1410112301401.0,14,141011,23,1,1,,,13.0,2,1,2017
1410112301401.0,14,141011,21,1,1,,,13.0,2,0,2017
1410112301501.0,14,141011,52,1,2,,,7.0,6,1,2017
1410112301501.0,14,141011,31,1,2,,,13.0,3,0,2017
1410112301501.0,14,141011,19,1,1,,,11.0,4,0,2017
1410112301601.0,14,141011,56,4,2,,,7.0,3,1,2017
1410112301601.0,14,141011,25,1,2,12,3,13.0,5,0,2017
1410112301601.0,14,141011,22,1,1,,,13.0,3,0,2017
1410112301601.0,14,141011,16,1,1,,,9.0,2,0,2017
1410112301601.0,14,141011,57,1,2,,,9.0,1,0,2017
1410112301801.0,14,141011,47,1,2,,,9.0,4,1,2017
1410112301801.0,14,141011,42,1,2,,,9.0,4,0,2017
1410112301801.0,14,141011,22,1,1,,,13.0,3,0,2017
1410112301901.0,14,141011,26,1,2,11,4,13.0,2,1,2017
1410112301901.0,14,141011,26,1,2,11,4,13.0,2,0,2017
1410112301901.0,14,141011,2,,1,,,2.0,,0,2017
1410112302001.0,14,141011,59,1,2,,,7.0,8,1,2017
1410112302001.0,14,141011,20,1,1,,,13.0,3,0,2017
1410112310101.0,14,141011,58,1,2,,,9.0,4,1,2017
1410112310101.0,14,141011,36,1,2,,,11.0,4,0,2017
1410112310101.0,14,141011,35,1,2,,,9.0,4,0,2017
1410112310101.0,14,141011,18,1,,,,9.0,2,0,2017
1410112310101.0,14,141011,20,1,,,,9.0,4,0,2017
1410112310101.0,14,141011,15,1,1,,,9.0,2,0,2017
1410112310101.0,14,141011,11,,1,,,7.0,5,0,2017
1410112310101.0,14,141011,9,,1,,,7.0,3,0,2017
1410112310201.0,14,141011,42,1,2,,,9.0,4,1,2017
1410112310201.0,14,141011,12,,1,,,7.0,7,0,2017
1410112310201.0,14,141011,9,,1,,,7.0,4,0,2017
1410112310301.0,14,141011,42,1,2,,,9.0,2,1,2017
1410112310501.0,14,141011,43,1,2,,,7.0,8,1,2017
1410112310501.0,14,141011,26,1,1,,,13.0,6,0,2017
1410112310501.0,14,141011,19,1,1,,,13.0,1,0,2017
1410112310501.0,14,141011,0,,2,,,1.0,,0,2017
1410112310501.0,14,141011,52,1,2,,,7.0,8,0,2017
1410112310601.0,14,141011,48,1,2,,,7.0,8,1,2017
1410112310601.0,14,141011,17,1,2,4,4,7.0,6,0,2017
1410112310801.0,14,141011,44,1,2,,,12.0,1,1,2017
1410112310801.0,14,141011,15,1,1,,,9.0,1,0,2017
1410112310801.0,14,141011,21,1,1,,,13.0,3,0,2017
1410112310801.0,14,141011,22,1,1,,,13.0,5,0,2017
1410112311001.0,14,141011,72,1,2,,,9.0,2,1,2017
1410112311001.0,14,141011,42,1,2,,,13.0,5,0,2017
1410112320301.0,14,141011,50,1,2,,,13.0,5,1,2017
1410112320301.0,14,141011,26,1,1,,,13.0,5,0,2017
1410112320301.0,14,141011,18,1,1,,,13.0,1,0,2017
1410112320401.0,14,141011,74,1,2,,,8.0,4,1,2017
1410112320401.0,14,141011,71,1,2,,,8.0,2,0,2017
1410112320401.0,14,141011,26,1,2,99,9,9.0,4,0,2017
1410112320501.0,14,141011,50,1,2,,,13.0,5,1,2017
1410112320601.0,14,141011,67,1,2,,,13.0,2,1,2017
1410112320601.0,14,141011,60,1,2,,,9.0,2,0,2017
1410112320601.0,14,141011,22,1,2,7,1,13.0,4,0,2017
1410112320601.0,14,141011,28,1,2,12,4,13.0,5,0,2017
1410112320801.0,14,141011,33,1,2,,,9.0,4,1,2017
1410112320801.0,14,141011,33,1,2,,,9.0,4,0,2017
1410112320801.0,14,141011,10,,1,,,7.0,3,0,2017
1410112321001.0,14,141011,44,1,2,,,12.0,2,1,2017
1410112321001.0,14,141011,44,1,2,,,9.0,4,0,2017
1410112321001.0,14,141011,17,1,1,,,9.0,3,0,2017
1410112321001.0,14,141011,15,1,1,,,9.0,1,0,2017
1410112321001.0,14,141011,1,,1,,,2.0,,0,2017
1410112321101.0,14,141011,26,1,2,7,4,9.0,4,1,2017
1410112321101.0,14,141011,23,1,2,7,4,12.0,2,0,2017
1410112321101.0,14,141011,1,,2,,,1.0,,0,2017
1410112321201.0,14,141011,24,1,2,12,4,11.0,4,1,2017
1410112321301.0,14,141011,71,1,2,,,6.0,5,1,2017
1410112321401.0,14,141011,64,1,2,,,6.0,1,1,2017
1410112321401.0,14,141011,62,1,2,,,6.0,5,0,2017
1410112321401.0,14,141011,32,1,2,,,13.0,5,0,2017
1410112321401.0,14,141011,22,1,1,,,13.0,4,0,2017
1410112330101.0,14,141011,44,1,2,,,13.0,5,1,2017
1410112330101.0,14,141011,43,1,1,,,12.0,1,0,2017
1410112330101.0,14,141011,22,1,1,,,13.0,2,0,2017
1410112330101.0,14,141011,13,,1,,,7.0,7,0,2017
1410112330201.0,14,141011,30,1,1,,,13.0,3,1,2017
1410112330201.0,14,141011,27,1,2,7,2,13.0,6,0,2017
1410112330201.0,14,141011,21,1,1,,,13.0,2,0,2017
1410112330401.0,14,141011,33,1,2,,,13.0,6,1,2017
1410112330401.0,14,141011,26,1,1,,,13.0,5,0,2017
1410112330401.0,14,141011,25,1,1,,,13.0,5,0,2017
1410112330601.0,14,141011,32,1,2,,,13.0,4,1,2017
1410112330601.0,14,141011,31,1,2,,,13.0,4,0,2017
1410112330601.0,14,141011,0,,2,,,1.0,,0,2017
1410112340701.0,14,141011,74,1,2,,,13.0,5,1,2017
1410112340701.0,14,141011,67,1,2,,,13.0,5,0,2017
1410112340801.0,14,141011,57,1,2,,,15.0,8,1,2017
1410112340801.0,14,141011,55,1,2,,,13.0,4,0,2017
1410112340901.0,14,141011,61,1,2,,,6.0,6,1,2017
1410112340901.0,14,141011,27,1,1,,,13.0,1,0,2017
1410112350201.0,14,141011,61,1,2,,,6.0,6,1,2017
1410112350201.0,14,141011,27,1,1,,,13.0,5,0,2017
1410112350301.0,14,141011,68,1,2,,,8.0,6,1,2017
1410112350301.0,14,141011,92,1,2,,,8.0,6,0,2017
1410112350301.0,14,141011,96,1,2,,,6.0,6,0,2017
1410112350301.0,14,141011,35,1,2,,,13.0,5,0,2017
1410112350302.0,14,141011,35,1,2,,,9.0,4,1,2017
1410112350302.0,14,141011,37,1,2,,,9.0,4,0,2017
1410112350303.0,14,141011,38,1,2,,,11.0,4,1,2017
1410112350401.0,14,141011,70,1,2,,,6.0,6,1,2017
1410112360101.0,14,141011,45,1,2,,,13.0,5,1,2017
1410112360201.0,14,141011,70,1,2,,,13.0,5,1,2017
1410112360201.0,14,141011,68,1,2,,,13.0,4,0,2017
1410112360301.0,14,141011,45,1,2,,,13.0,3,1,2017
1410112360301.0,14,141011,80,1,2,,,6.0,6,0,2017
1410112360401.0,14,141011,46,1,2,,,9.0,4,1,2017
1410112360401.0,14,141011,86,1,2,,,7.0,4,0,2017
1410112360401.0,14,141011,72,1,2,,,1.0,,0,2017
1410112360401.0,14,141011,12,,1,,,7.0,6,0,2017
1410112360401.0,14,141011,11,,1,,,7.0,5,0,2017
1410112360401.0,14,141011,11,,1,,,7.0,5,0,2017
1410112360401.0,14,141011,8,,1,,,7.0,3,0,2017
1410112360501.0,14,141011,30,1,1,,,13.0,4,1,2017
1410112360501.0,14,141011,26,1,1,,,13.0,4,0,2017
1410112360501.0,14,141011,25,1,1,,,12.0,2,0,2017
1410112360701.0,14,141011,34,1,2,,,13.0,5,1,2017
1410112360701.0,14,141011,29,1,2,12,4,13.0,5,0,2017
1410112360901.0,14,141011,58,1,2,,,7.0,6,1,2017
1410112360901.0,14,141011,58,1,2,,,7.0,6,0,2017
1410112361001.0,14,141011,30,1,2,7,9,13.0,5,1,2017
1410112361001.0,14,141011,31,1,2,,,13.0,5,0,2017
1410112361001.0,14,141011,6,,1,,,7.0,1,0,2017
1410112361101.0,14,141011,70,1,2,,,6.0,6,1,2017
1410112361201.0,14,141011,82,1,2,,,6.0,4,1,2017
1410112361301.0,14,141011,31,1,2,,,13.0,5,1,2017
1410112361301.0,14,141011,30,1,2,1,4,13.0,4,0,2017
1410112361301.0,14,141011,6,,1,,,4.0,,0,2017
1410112361401.0,14,141011,56,1,2,,,13.0,5,1,2017
1410112361401.0,14,141011,64,1,2,,,13.0,4,0,2017
1410112361401.0,14,141011,22,1,1,,,13.0,4,0,2017
1410112361501.0,14,141011,35,1,2,,,13.0,4,1,2017
1410112361501.0,14,141011,60,1,2,,,8.0,6,0,2017
1410112361501.0,14,141011,24,1,1,,,13.0,5,0,2017
1410112361601.0,14,141011,49,1,2,,,7.0,2,1,2017
1410112361601.0,14,141011,46,1,2,,,7.0,1,0,2017
1410112361601.0,14,141011,18,1,1,,,9.0,3,0,2017
1410112361601.0,14,141011,24,1,2,2,4,9.0,4,0,2017
1410112361601.0,14,141011,7,,1,,,7.0,1,0,2017
1410112361601.0,14,141011,3,,2,,,1.0,,0,2017
1410112361801.0,14,141011,74,1,2,,,8.0,2,1,2017
1410112361801.0,14,141011,97,1,2,,,9.0,4,0,2017
1410112361901.0,14,141011,43,1,2,,,7.0,3,1,2017
1410112361901.0,14,141011,51,1,2,,,9.0,4,0,2017
1410112361901.0,14,141011,16,1,1,,,11.0,1,0,2017
1410112361901.0,14,141011,16,1,1,,,11.0,1,0,2017
1410112370101.0,14,141011,51,1,2,,,12.0,3,1,2017
1410112370101.0,14,141011,52,1,2,,,11.0,5,0,2017
1410112370101.0,14,141011,15,1,1,,,9.0,2,0,2017
1410112370201.0,14,141011,60,1,2,,,12.0,3,1,2017
1410112370401.0,14,141011,60,1,2,,,7.0,5,1,2017
1410112370701.0,14,141011,81,1,2,,,10.0,5,1,2017
1410112370701.0,14,141011,81,1,2,,,13.0,5,0,2017
1410112370801.0,14,141011,65,1,2,,,9.0,4,1,2017
1410112370801.0,14,141011,62,1,2,,,9.0,4,0,2017
1410112370801.0,14,141011,22,1,1,,,13.0,1,0,2017
1410112370801.0,14,141011,55,1,2,,,9.0,4,0,2017
1410112371001.0,14,141011,63,1,2,,,11.0,4,1,2017
1410112371001.0,14,141011,65,1,2,,,11.0,4,0,2017
1410112371001.0,14,141011,28,1,2,7,4,13.0,8,0,2017
1410112371001.0,14,141011,85,1,2,,,8.0,6,0,2017
1410112390101.0,14,141011,70,1,2,,,9.0,4,1,2017
1410112390201.0,14,141011,30,1,2,12,4,13.0,3,1,2017
1410112390201.0,14,141011,27,1,2,12,4,9.0,4,0,2017
1410112390301.0,14,141011,38,1,2,,,9.0,4,1,2017
1410112390301.0,14,141011,14,,1,,,9.0,1,0,2017
1410112390401.0,14,141011,77,1,2,,,6.0,1,1,2017
1410112390401.0,14,141011,60,1,2,,,6.0,1,0,2017
1410112400101.0,14,141011,25,1,2,6,4,9.0,4,1,2017
1410112400101.0,14,141011,30,1,2,6,4,9.0,4,0,2017
1410112400101.0,14,141011,2,,2,,,1.0,,0,2017
1410112400201.0,14,141011,88,1,2,,,11.0,5,1,2017
1410112400401.0,14,141011,40,1,2,,,12.0,2,1,2017
1410112400401.0,14,141011,39,1,2,,,12.0,2,0,2017
1410112400401.0,14,141011,18,1,1,,,13.0,1,0,2017
1410112400401.0,14,141011,12,,1,,,7.0,6,0,2017
1410112400401.0,14,141011,10,,1,,,7.0,5,0,2017
1410112400501.0,14,141011,43,1,2,,,9.0,4,1,2017
1410112400501.0,14,141011,38,1,2,,,9.0,4,0,2017
1410112400501.0,14,141011,16,1,1,,,9.0,2,0,2017
1410112400501.0,14,141011,6,,1,,,7.0,1,0,2017
1410112400601.0,14,141011,76,1,2,,,13.0,4,1,2017
1410112400601.0,14,141011,76,1,2,,,13.0,3,0,2017
1410112400801.0,14,141011,25,1,2,12,9,13.0,4,1,2017
1410112400801.0,14,141011,26,1,2,12,9,13.0,3,0,2017
1410112400801.0,14,141011,23,1,1,,,13.0,4,0,2017
1410112400901.0,14,141011,61,1,2,,,10.0,4,1,2017
1410112400901.0,14,141011,70,1,2,,,9.0,4,0,2017
1410112401001.0,14,141011,70,1,2,,,10.0,4,1,2017
1410112401001.0,14,141011,33,1,2,,,9.0,4,0,2017
1410112401101.0,14,141011,58,1,2,,,9.0,3,1,2017
1410112401101.0,14,141011,54,1,2,,,9.0,4,0,2017
1410112401101.0,14,141011,22,1,1,,,13.0,4,0,2017
1410112401101.0,14,141011,10,,1,,,7.0,4,0,2017
1410112401301.0,14,141011,65,1,2,,,13.0,4,1,2017
1410112401301.0,14,141011,22,1,1,,,13.0,2,0,2017
1410112401301.0,14,141011,34,1,2,,,13.0,5,0,2017
1410112410101.0,14,141011,74,1,2,,,8.0,2,1,2017
1410112410101.0,14,141011,51,1,2,,,13.0,5,0,2017
1410112410101.0,14,141011,25,1,1,,,13.0,5,0,2017
1410112410101.0,14,141011,18,1,1,,,9.0,4,0,2017
1410112410101.0,14,141011,16,1,1,,,9.0,3,0,2017
1410112410201.0,14,141011,43,1,2,,,12.0,2,1,2017
1410112410201.0,14,141011,43,1,2,,,9.0,4,0,2017
1410112410201.0,14,141011,3,,1,,,3.0,,0,2017
1410112410301.0,14,141011,74,1,2,,,9.0,4,1,2017
1410112410301.0,14,141011,69,1,2,,,9.0,4,0,2017
1410112410501.0,14,141011,64,1,2,,,13.0,5,1,2017
1410112410601.0,14,141011,24,1,1,,,13.0,5,1,2017
1410112410601.0,14,141011,3,,2,,,1.0,,0,2017
1410112410701.0,14,141011,42,1,2,,,9.0,4,1,2017
1410112410701.0,14,141011,35,1,2,,,9.0,4,0,2017
1410112410701.0,14,141011,15,1,1,,,9.0,2,0,2017
1410112410701.0,14,141011,13,,1,,,7.0,8,0,2017
1410112410801.0,14,141011,25,1,2,12,4,12.0,3,1,2017
1410112410801.0,14,141011,19,1,2,12,3,9.0,4,0,2017
1410112411001.0,14,141011,62,1,2,,,7.0,5,1,2017
1410112411001.0,14,141011,54,1,2,,,7.0,4,0,2017
1410112411001.0,14,141011,18,1,1,,,9.0,4,0,2017
1410112420101.0,14,141011,48,1,2,,,13.0,5,1,2017
1410112420101.0,14,141011,45,1,2,,,13.0,5,0,2017
1410112420201.0,14,141011,86,1,2,,,8.0,6,1,2017
1410112420201.0,14,141011,56,1,2,,,9.0,4,0,2017
1410112420201.0,14,141011,49,1,1,,,13.0,5,0,2017
1410112420201.0,14,141011,19,1,1,,,13.0,1,0,2017
1410112420301.0,14,141011,33,1,2,,,13.0,5,1,2017
1410112420301.0,14,141011,30,1,2,7,4,12.0,2,0,2017
1410112420301.0,14,141011,7,,1,,,7.0,2,0,2017
1410112420301.0,14,141011,2,,2,,,1.0,,0,2017
1410112420401.0,14,141011,60,1,2,,,13.0,5,1,2017
1410112430101.0,14,141011,88,1,2,,,12.0,3,1,2017
1410112430101.0,14,141011,79,1,2,,,13.0,4,0,2017
1410112430201.0,14,141011,54,1,2,,,13.0,2,1,2017
1410112430201.0,14,141011,24,1,1,,,13.0,3,0,2017
1410112430201.0,14,141011,20,1,1,,,13.0,2,0,2017
1410112430401.0,14,141011,63,1,2,,,9.0,4,1,2017
1410112430501.0,14,141011,60,1,2,,,13.0,5,1,2017
1410112430501.0,14,141011,50,1,2,,,13.0,5,0,2017
1410112430501.0,14,141011,25,1,1,,,13.0,5,0,2017
1410112430501.0,14,141011,66,1,2,,,9.0,4,0,2017
1410112430601.0,14,141011,28,1,2,7,4,13.0,5,1,2017
1410112430801.0,14,141011,53,1,2,,,12.0,3,1,2017
1410112430801.0,14,141011,66,1,2,,,13.0,4,0,2017
1410112430801.0,14,141011,26,1,1,,,13.0,5,0,2017
1410112430801.0,14,141011,24,1,1,,,13.0,6,0,2017
1410112430801.0,14,141011,64,1,2,,,12.0,2,0,2017
1410112430801.0,14,141011,64,1,2,,,12.0,3,0,2017
1410112431001.0,14,141011,36,1,2,,,9.0,4,1,2017
1410112431001.0,14,141011,28,1,2,17,9,9.0,4,0,2017
1410112431001.0,14,141011,32,1,2,,,9.0,4,0,2017
1410112431001.0,14,141011,7,,1,,,7.0,2,0,2017
1410112431001.0,14,141011,6,,1,,,4.0,,0,2017
1410112431001.0,14,141011,4,,1,,,4.0,,0,2017
1410112431001.0,14,141011,2,,1,,,2.0,,0,2017
1410112440101.0,14,141011,30,1,2,12,4,9.0,4,1,2017
1410112440101.0,14,141011,25,1,2,14,4,9.0,4,0,2017
1410112440101.0,14,141011,7,,1,,,7.0,2,0,2017
1410112440201.0,14,141011,44,1,2,,,9.0,4,1,2017
1410112440201.0,14,141011,45,1,2,,,13.0,4,0,2017
1410112440201.0,14,141011,21,1,1,,,13.0,2,0,2017
1410112440301.0,14,141011,36,1,2,,,13.0,5,1,2017
1410112440301.0,14,141011,34,1,2,,,12.0,3,0,2017
1410112440301.0,14,141011,6,,1,,,7.0,1,0,2017
1410112440401.0,14,141011,27,1,2,12,4,9.0,4,1,2017
1410112450101.0,14,141011,80,1,2,,,6.0,4,1,2017
1410112450301.0,14,141011,82,2,2,,,7.0,5,1,2017
1410112450301.0,14,141011,29,1,1,,,13.0,2,0,2017
1410112450401.0,14,141011,65,1,2,,,7.0,4,1,2017
1410112450501.0,14,141011,73,1,2,,,8.0,4,1,2017
1410112450501.0,14,141011,67,1,2,,,8.0,5,0,2017
1410112450601.0,14,141011,76,1,2,,,7.0,8,1,2017
1410112450601.0,14,141011,40,1,2,,,9.0,4,0,2017
1410112450701.0,14,141011,58,1,2,,,9.0,2,1,2017
1410112450701.0,14,141011,64,1,2,,,9.0,2,0,2017
1410112450701.0,14,141011,33,1,2,,,13.0,5,0,2017
1410112450701.0,14,141011,5,,1,,,4.0,,0,2017
1410112450801.0,14,141011,62,1,2,,,7.0,7,1,2017
1410112450801.0,14,141011,64,1,2,,,7.0,4,0,2017
1410112450801.0,14,141011,23,1,1,,,9.0,4,0,2017
1410112450901.0,14,141011,84,1,2,,,7.0,4,1,2017
1410112450901.0,14,141011,88,1,2,,,7.0,1,0,2017
1410112451001.0,14,141011,67,1,2,,,7.0,5,1,2017
1410112451001.0,14,141011,58,1,2,,,9.0,4,0,2017
1410112460301.0,14,141011,54,1,2,,,9.0,4,1,2017
1410112460301.0,14,141011,47,1,2,,,9.0,4,0,2017
1410112460401.0,14,141011,59,1,2,,,9.0,4,1,2017
1410112460401.0,14,141011,38,1,2,,,9.0,4,0,2017
1410112460401.0,14,141011,18,1,1,,,9.0,3,0,2017
1410112460401.0,14,141011,20,1,1,,,13.0,2,0,2017
1410112470101.0,14,141011,35,1,2,,,13.0,5,1,2017
1410112470102.0,14,141011,30,1,2,7,4,12.0,2,1,2017
1410112470103.0,14,141011,23,1,1,,,13.0,3,1,2017
1410112470201.0,14,141011,33,1,2,,,9.0,4,1,2017
1410112470201.0,14,141011,35,1,2,,,9.0,4,0,2017
1410112470201.0,14,141011,9,,1,,,7.0,4,0,2017
1410112470201.0,14,141011,3,,1,,,3.0,,0,2017
1410112470301.0,14,141011,70,1,2,,,8.0,6,1,2017
1410112470401.0,14,141011,40,1,2,,,9.0,4,1,2017
1410112480301.0,14,141011,43,1,2,,,12.0,3,1,2017
1410112480301.0,14,141011,44,1,1,,,13.0,2,0,2017
1410112480301.0,14,141011,14,,1,,,9.0,1,0,2017
1410112490101.0,14,141011,52,1,2,,,9.0,4,1,2017
1410112490101.0,14,141011,70,1,2,,,8.0,6,0,2017
1410112490101.0,14,141011,40,1,2,,,12.0,3,0,2017
1410112490101.0,14,141011,47,1,2,,,9.0,4,0,2017
1410112490101.0,14,141011,14,,1,,,7.0,8,0,2017
1410112490201.0,14,141011,38,1,2,,,11.0,4,1,2017
1410112490201.0,14,141011,34,1,2,,,11.0,4,0,2017
1410112490201.0,14,141011,15,1,1,,,9.0,1,0,2017
1410112490201.0,14,141011,9,,1,,,7.0,4,0,2017
1410112490201.0,14,141011,1,,2,,,1.0,,0,2017
1410112490301.0,14,141011,30,1,2,12,4,11.0,4,1,2017
1410112490301.0,14,141011,30,1,2,12,4,12.0,2,0,2017
1410112490301.0,14,141011,4,,2,,,1.0,,0,2017
1410112490301.0,14,141011,9,,1,,,7.0,3,0,2017
1410112490301.0,14,141011,1,,2,,,1.0,,0,2017
1410112490401.0,14,141011,60,1,2,,,9.0,1,1,2017
1410112490401.0,14,141011,85,1,2,,,8.0,6,0,2017
1410112490601.0,14,141011,28,1,2,11,4,11.0,4,1,2017
1410112490701.0,14,141011,32,1,2,,,9.0,4,1,2017
1410112490701.0,14,141011,24,1,2,7,2,13.0,5,0,2017
1410112490701.0,14,141011,6,,1,,,4.0,,0,2017
1410112490901.0,14,141011,47,1,2,,,9.0,2,1,2017
1410112490901.0,14,141011,17,1,1,,,9.0,2,0,2017
1410112491001.0,14,141011,86,1,2,,,6.0,3,1,2017
1410112491101.0,14,141011,55,1,2,,,13.0,2,1,2017
1410112491101.0,14,141011,56,1,2,,,11.0,5,0,2017
1410112491101.0,14,141011,90,1,2,,,6.0,6,0,2017
1410112491201.0,14,141011,71,1,2,,,8.0,1,1,2017
1410112491201.0,14,141011,42,1,2,,,12.0,3,0,2017
1410112491201.0,14,141011,20,1,1,,,13.0,1,0,2017
1410112491201.0,14,141011,2,,2,,,1.0,,0,2017
1410112491301.0,14,141011,72,1,2,,,13.0,3,1,2017
1410112491301.0,14,141011,79,1,2,,,11.0,4,0,2017
1410112491301.0,14,141011,42,1,2,,,12.0,3,0,2017
1410112491401.0,14,141011,54,1,2,,,13.0,2,1,2017
1410112491401.0,14,141011,47,1,2,,,11.0,4,0,2017
1410112491401.0,14,141011,85,1,2,,,6.0,6,0,2017
1410112491401.0,14,141011,9,,1,,,7.0,4,0,2017
1410112491401.0,14,141011,8,,1,,,7.0,1,0,2017
1410112491501.0,14,141011,74,1,2,,,8.0,3,1,2017
1410112491501.0,14,141011,74,1,2,,,6.0,3,0,2017
1410112491501.0,14,141011,47,1,2,,,11.0,2,0,2017
1410112491501.0,14,141011,43,4,2,,,1.0,,0,2017
1410112491601.0,14,141011,67,4,2,,,1.0,,1,2017
1410112491601.0,14,141011,76,1,2,,,8.0,2,0,2017
1410112491801.0,14,141011,51,1,2,,,12.0,2,1,2017
1410130010101.0,14,141013,47,1,2,,,9.0,4,1,2017
1410130010101.0,14,141013,36,1,2,,,9.0,4,0,2017
1410130010101.0,14,141013,8,,1,,,7.0,2,0,2017
1410130010101.0,14,141013,20,1,1,,,13.0,2,0,2017
1410130010201.0,14,141013,37,1,2,,,9.0,4,1,2017
1410130010201.0,14,141013,33,1,2,,,7.0,8,0,2017
1410130010201.0,14,141013,18,1,1,,,9.0,4,0,2017
1410130010201.0,14,141013,13,,1,,,7.0,6,0,2017
1410130010301.0,14,141013,26,1,2,12,4,12.0,3,1,2017
1410130010301.0,14,141013,26,1,2,12,4,13.0,5,0,2017
1410130010301.0,14,141013,8,,1,,,7.0,2,0,2017
1410130010401.0,14,141013,63,1,2,,,7.0,4,1,2017
1410130010401.0,14,141013,61,1,2,,,7.0,3,0,2017
1410130010401.0,14,141013,33,1,2,,,9.0,4,0,2017
1410130010401.0,14,141013,26,1,2,12,4,9.0,4,0,2017
1410130010501.0,14,141013,43,1,2,,,9.0,4,1,2017
1410130010501.0,14,141013,41,1,2,,,9.0,4,0,2017
1410130010501.0,14,141013,21,1,1,,,13.0,3,0,2017
1410130010501.0,14,141013,17,1,1,,,11.0,3,0,2017
1410130010601.0,14,141013,81,1,2,,,6.0,6,1,2017
1410130010601.0,14,141013,71,2,2,,,6.0,1,0,2017
1410130010601.0,14,141013,51,1,2,,,9.0,4,0,2017
1410130010601.0,14,141013,48,1,2,,,9.0,4,0,2017
1410130010601.0,14,141013,18,1,1,,,7.0,6,0,2017
1410130010601.0,14,141013,18,1,1,,,7.0,6,0,2017
1410130010601.0,14,141013,10,,1,,,7.0,3,0,2017
1410130010701.0,14,141013,51,1,2,,,9.0,1,1,2017
1410130010701.0,14,141013,30,1,1,,,13.0,2,0,2017
1410130010701.0,14,141013,12,,1,,,7.0,6,0,2017
1410130010701.0,14,141013,13,,1,,,7.0,7,0,2017
1410130010801.0,14,141013,54,1,2,,,9.0,2,1,2017
1410130010801.0,14,141013,38,1,2,,,9.0,4,0,2017
1410130010801.0,14,141013,19,1,1,,,12.0,1,0,2017
1410130010801.0,14,141013,9,,1,,,7.0,4,0,2017
1410130010801.0,14,141013,4,,1,,,4.0,,0,2017
1410130010901.0,14,141013,65,1,2,,,6.0,6,1,2017
1410130010901.0,14,141013,57,1,2,,,9.0,4,0,2017
1410130010901.0,14,141013,39,1,2,,,11.0,4,0,2017
1410130010901.0,14,141013,35,1,2,,,13.0,5,0,2017
1410130010901.0,14,141013,3,,1,,,3.0,,0,2017
1410130011001.0,14,141013,50,1,2,,,9.0,4,1,2017
1410130011001.0,14,141013,48,1,2,,,12.0,3,0,2017
1410130011001.0,14,141013,15,1,1,,,9.0,1,0,2017
1410130011001.0,14,141013,23,1,2,12,4,9.0,4,0,2017
1410130011101.0,14,141013,31,1,2,,,9.0,4,1,2017
1410130011101.0,14,141013,30,1,2,7,4,9.0,4,0,2017
1410130011101.0,14,141013,6,,1,,,4.0,,0,2017
1410130011201.0,14,141013,56,1,2,,,9.0,1,1,2017
1410130011201.0,14,141013,51,1,2,,,9.0,4,0,2017
1410130011201.0,14,141013,31,1,2,,,13.0,5,0,2017
1410130011201.0,14,141013,9,,1,,,7.0,4,0,2017
1410130011201.0,14,141013,21,1,1,,,13.0,2,0,2017
1410130011301.0,14,141013,53,1,2,,,9.0,2,1,2017
1410130011301.0,14,141013,57,1,2,,,7.0,8,0,2017
1410130011401.0,14,141013,54,1,2,,,7.0,3,1,2017
1410130011401.0,14,141013,52,1,2,,,7.0,3,0,2017
1410130011401.0,14,141013,26,1,2,12,4,9.0,1,0,2017
1410130011501.0,14,141013,72,1,2,,,7.0,4,1,2017
1410130011501.0,14,141013,77,4,2,,,1.0,,0,2017
1410130011601.0,14,141013,44,1,2,,,7.0,8,1,2017
1410130011601.0,14,141013,46,1,2,,,7.0,8,0,2017
1410130011601.0,14,141013,22,1,2,2,4,9.0,4,0,2017
1410130011601.0,14,141013,26,1,2,12,4,9.0,4,0,2017
1410130011601.0,14,141013,20,1,2,12,2,9.0,4,0,2017
1410130011601.0,14,141013,24,1,2,12,4,7.0,8,0,2017
1410130011601.0,14,141013,12,,1,,,7.0,7,0,2017
1410130011601.0,14,141013,7,,1,,,7.0,2,0,2017
1410130011601.0,14,141013,3,,2,,,1.0,,0,2017
1410130011701.0,14,141013,46,1,2,,,9.0,4,1,2017
1410130011701.0,14,141013,17,1,1,,,9.0,4,0,2017
1410130011801.0,14,141013,74,4,2,,,6.0,4,1,2017
1410130011901.0,14,141013,66,1,2,,,6.0,5,1,2017
1410130020401.0,14,141013,63,1,2,,,6.0,3,1,2017
1410130020401.0,14,141013,26,1,2,12,4,12.0,3,0,2017
1410130020401.0,14,141013,19,1,1,,,13.0,2,0,2017
1410130020401.0,14,141013,10,,1,,,7.0,5,0,2017
1410130020401.0,14,141013,6,,1,,,7.0,1,0,2017
1410130020501.0,14,141013,59,1,2,,,7.0,8,1,2017
1410130020501.0,14,141013,26,1,2,12,4,9.0,4,0,2017
1410130020601.0,14,141013,60,1,2,,,9.0,2,1,2017
1410130020601.0,14,141013,69,4,2,,,1.0,,0,2017
1410130020701.0,14,141013,54,1,2,,,7.0,4,1,2017
1410130020801.0,14,141013,72,1,2,,,6.0,3,1,2017
1410130020801.0,14,141013,66,1,2,,,6.0,4,0,2017
1410130020901.0,14,141013,29,1,2,12,4,9.0,2,1,2017
1410130020901.0,14,141013,28,1,2,1,4,9.0,1,0,2017
1410130020901.0,14,141013,9,,1,,,7.0,3,0,2017
1410130020901.0,14,141013,8,,1,,,7.0,2,0,2017
1410130020901.0,14,141013,6,,1,,,7.0,1,0,2017
1410130021001.0,14,141013,31,1,2,,,9.0,3,1,2017
1410130021001.0,14,141013,40,1,2,,,9.0,1,0,2017
1410130021101.0,14,141013,81,1,2,,,6.0,4,1,2017
1410130021101.0,14,141013,68,4,2,,,6.0,1,0,2017
1410130021101.0,14,141013,47,1,2,,,7.0,6,0,2017
1410130021201.0,14,141013,57,1,2,,,7.0,6,1,2017
1410130021201.0,14,141013,55,1,2,,,7.0,7,0,2017
1410130021401.0,14,141013,50,1,2,,,7.0,8,1,2017
1410130021401.0,14,141013,47,1,2,,,7.0,8,0,2017
1410130021401.0,14,141013,16,1,1,,,9.0,3,0,2017
1410130021801.0,14,141013,68,1,2,,,6.0,3,1,2017
1410130021801.0,14,141013,66,1,2,,,6.0,6,0,2017
1410130021901.0,14,141013,42,1,2,,,13.0,5,1,2017
1410130021901.0,14,141013,40,1,2,,,13.0,5,0,2017
1410130021901.0,14,141013,6,,1,,,7.0,1,0,2017
1410130021901.0,14,141013,8,,1,,,7.0,2,0,2017
1410130021901.0,14,141013,2,,1,,,3.0,,0,2017
1410130022001.0,14,141013,43,1,2,,,7.0,8,1,2017
1410130022001.0,14,141013,67,4,2,,,1.0,,0,2017
1410130030101.0,14,141013,37,1,2,,,7.0,8,1,2017
1410130030101.0,14,141013,34,1,2,,,12.0,3,0,2017
1410130030101.0,14,141013,1,,2,,,1.0,,0,2017
1410130030101.0,14,141013,62,1,2,,,14.0,6,0,2017
1410130030201.0,14,141013,42,1,2,,,13.0,5,1,2017
1410130030201.0,14,141013,40,1,2,,,13.0,5,0,2017
1410130030201.0,14,141013,6,,1,,,7.0,1,0,2017
1410130030201.0,14,141013,8,,1,,,7.0,2,0,2017
1410130030201.0,14,141013,2,,1,,,3.0,,0,2017
1410130030401.0,14,141013,48,1,2,,,9.0,4,1,2017
1410130030401.0,14,141013,35,1,1,,,12.0,1,0,2017
1410130030401.0,14,141013,3,,1,,,3.0,,0,2017
1410130030501.0,14,141013,42,1,2,,,13.0,5,1,2017
1410130030501.0,14,141013,42,1,2,,,12.0,3,0,2017
1410130030501.0,14,141013,16,1,1,,,9.0,3,0,2017
1410130030501.0,14,141013,13,,1,,,7.0,8,0,2017
1410130030501.0,14,141013,8,,1,,,7.0,3,0,2017
1410130031101.0,14,141013,37,1,2,,,13.0,5,1,2017
1410130031101.0,14,141013,34,1,2,,,13.0,5,0,2017
1410130031101.0,14,141013,6,,1,,,4.0,,0,2017
1410130031101.0,14,141013,3,,1,,,3.0,,0,2017
1410130031101.0,14,141013,0,,2,,,1.0,,0,2017
1410130031201.0,14,141013,51,1,2,,,9.0,4,1,2017
1410130031201.0,14,141013,50,1,2,,,9.0,4,0,2017
1410130031301.0,14,141013,46,1,2,,,7.0,5,1,2017
1410130031301.0,14,141013,54,1,2,,,7.0,8,0,2017
1410130031401.0,14,141013,48,1,2,,,7.0,8,1,2017
1410130031401.0,14,141013,55,1,2,,,7.0,5,0,2017
1410130031401.0,14,141013,15,1,1,,,9.0,1,0,2017
1410130031501.0,14,141013,65,1,2,,,7.0,6,1,2017
1410130031501.0,14,141013,57,1,2,,,7.0,6,0,2017
1410130031601.0,14,141013,45,1,2,,,11.0,5,1,2017
1410130031601.0,14,141013,40,1,2,,,9.0,4,0,2017
1410130031601.0,14,141013,20,1,1,,,11.0,3,0,2017
1410130031601.0,14,141013,1,,2,,,1.0,,0,2017
1410130031701.0,14,141013,40,1,2,,,9.0,3,1,2017
1410130031701.0,14,141013,28,1,2,1,4,7.0,8,0,2017
1410130031701.0,14,141013,9,,1,,,7.0,4,0,2017
1410130031801.0,14,141013,36,1,2,,,7.0,6,1,2017
1410130031801.0,14,141013,34,1,2,,,9.0,2,0,2017
1410130031801.0,14,141013,15,1,1,,,9.0,2,0,2017
1410130031801.0,14,141013,1,,2,,,1.0,,0,2017
1410130031901.0,14,141013,74,1,2,,,6.0,2,1,2017
1410130031901.0,14,141013,68,4,2,,,1.0,,0,2017
1410130031901.0,14,141013,52,1,2,,,7.0,4,0,2017
1410130031901.0,14,141013,50,1,2,,,9.0,4,0,2017
1410130031901.0,14,141013,42,1,2,,,9.0,4,0,2017
1410130031901.0,14,141013,24,1,2,12,4,7.0,8,0,2017
1410130031901.0,14,141013,1,,2,,,1.0,,0,2017
1410130031901.0,14,141013,9,,1,,,7.0,4,0,2017
1410130031901.0,14,141013,40,1,2,,,9.0,4,0,2017
1410130031901.0,14,141013,21,1,2,1,4,9.0,4,0,2017
1410130032001.0,14,141013,42,1,2,,,9.0,4,1,2017
1410130032001.0,14,141013,33,1,2,,,9.0,4,0,2017
1410130032001.0,14,141013,13,,1,,,7.0,8,0,2017
1410130032001.0,14,141013,7,,1,,,7.0,1,0,2017
1410130040101.0,14,141013,63,1,2,,,7.0,2,1,2017
1410130040101.0,14,141013,74,1,2,,,7.0,5,0,2017
1410130040101.0,14,141013,45,1,2,,,7.0,8,0,2017
1410130040301.0,14,141013,74,1,2,,,13.0,5,1,2017
1410130040301.0,14,141013,64,1,2,,,13.0,5,0,2017
1410130040401.0,14,141013,78,1,2,,,7.0,8,1,2017
1410130040401.0,14,141013,35,1,2,,,7.0,8,0,2017
1410130040401.0,14,141013,27,1,2,1,4,11.0,4,0,2017
1410130040401.0,14,141013,2,,2,,,1.0,,0,2017
1410130040401.0,14,141013,11,,1,,,7.0,6,0,2017
1410130040501.0,14,141013,65,1,2,,,6.0,6,1,2017
1410130040601.0,14,141013,60,1,2,,,6.0,6,1,2017
1410130040601.0,14,141013,17,1,1,,,11.0,3,0,2017
1410130040701.0,14,141013,68,1,2,,,6.0,6,1,2017
1410130040701.0,14,141013,52,1,2,,,9.0,4,0,2017
1410130040701.0,14,141013,49,1,2,,,9.0,4,0,2017
1410130040701.0,14,141013,45,1,2,,,9.0,4,0,2017
1410130040701.0,14,141013,47,1,2,,,9.0,4,0,2017
1410130040801.0,14,141013,90,1,2,,,6.0,6,1,2017
1410130040801.0,14,141013,84,1,2,,,6.0,5,0,2017
1410130040801.0,14,141013,59,1,2,,,9.0,3,0,2017
1410130040801.0,14,141013,54,1,2,,,9.0,3,0,2017
1410130040801.0,14,141013,28,1,2,12,4,12.0,3,0,2017
1410130040801.0,14,141013,27,1,2,12,4,12.0,1,0,2017
1410130040801.0,14,141013,4,,1,,,3.0,,0,2017
1410130040901.0,14,141013,54,1,2,,,7.0,8,1,2017
1410130040901.0,14,141013,54,1,2,,,9.0,1,0,2017
1410130040901.0,14,141013,26,1,1,,,13.0,4,0,2017
1410130041001.0,14,141013,48,1,2,,,7.0,8,1,2017
1410130041001.0,14,141013,58,1,2,,,7.0,8,0,2017
1410130041001.0,14,141013,27,1,2,12,4,9.0,4,0,2017
1410130041001.0,14,141013,22,1,2,12,4,9.0,4,0,2017
1410130041001.0,14,141013,0,,1,,,2.0,,0,2017
1410130041001.0,14,141013,0,,1,,,2.0,,0,2017
1410130041101.0,14,141013,61,1,2,,,10.0,2,1,2017
1410130041101.0,14,141013,25,1,2,7,4,11.0,4,0,2017
1410130041101.0,14,141013,1,,2,,,1.0,,0,2017
1410130041201.0,14,141013,62,1,2,,,6.0,6,1,2017
1410130041201.0,14,141013,57,1,2,,,7.0,6,0,2017
1410130041301.0,14,141013,42,1,2,,,11.0,4,1,2017
1410130041301.0,14,141013,39,1,2,,,9.0,2,0,2017
1410130041301.0,14,141013,15,1,1,,,11.0,1,0,2017
1410130041301.0,14,141013,0,,2,,,1.0,,0,2017
1410130041401.0,14,141013,54,1,2,,,7.0,6,1,2017
1410130041401.0,14,141013,52,1,2,,,7.0,6,0,2017
1410130041401.0,14,141013,26,1,2,12,4,11.0,4,0,2017
1410130041401.0,14,141013,22,1,2,12,4,11.0,4,0,2017
1410130041401.0,14,141013,21,1,2,2,4,11.0,1,0,2017
1410130041401.0,14,141013,3,,2,,,1.0,,0,2017
1410130041401.0,14,141013,2,,2,,,1.0,,0,2017
1410130041501.0,14,141013,35,1,2,,,9.0,4,1,2017
1410130041501.0,14,141013,40,1,2,,,7.0,8,0,2017
1410130041501.0,14,141013,11,,1,,,7.0,6,0,2017
1410130041501.0,14,141013,7,,1,,,7.0,1,0,2017
1410130041601.0,14,141013,57,4,2,,,1.0,,1,2017
1410130041601.0,14,141013,63,1,2,,,6.0,6,0,2017
1410130041701.0,14,141013,55,1,2,,,7.0,7,1,2017
1410130041701.0,14,141013,50,1,2,,,7.0,3,0,2017
1410130041701.0,14,141013,19,1,2,12,4,9.0,1,0,2017
1410130041701.0,14,141013,13,,1,,,7.0,6,0,2017
1410130041801.0,14,141013,70,1,2,,,1.0,,1,2017
1410130041801.0,14,141013,70,1,2,,,1.0,,0,2017
1410130041801.0,14,141013,24,1,2,12,4,11.0,4,0,2017
1410130041801.0,14,141013,24,1,2,12,4,11.0,4,0,2017
1410130041801.0,14,141013,4,,2,,,1.0,,0,2017
1410130041901.0,14,141013,44,1,2,,,9.0,4,1,2017
1410130041901.0,14,141013,44,1,2,,,9.0,4,0,2017
1410130041901.0,14,141013,17,1,1,,,9.0,2,0,2017
1410130050101.0,14,141013,32,1,2,,,7.0,8,1,2017
1410130050101.0,14,141013,14,,1,,,7.0,8,0,2017
1410130050201.0,14,141013,40,1,2,,,9.0,4,1,2017
1410130050201.0,14,141013,50,1,2,,,9.0,4,0,2017
1410130050301.0,14,141013,63,1,2,,,9.0,4,1,2017
1410130050301.0,14,141013,32,1,2,,,13.0,5,0,2017
1410130050301.0,14,141013,7,,1,,,7.0,1,0,2017
1410130050401.0,14,141013,49,1,2,,,7.0,8,1,2017
1410130050401.0,14,141013,63,1,2,,,6.0,4,0,2017
1410130050501.0,14,141013,67,1,2,,,9.0,4,1,2017
1410130050501.0,14,141013,40,1,2,,,13.0,5,0,2017
1410130050601.0,14,141013,78,1,2,,,6.0,4,1,2017
1410130050601.0,14,141013,41,1,2,,,9.0,4,0,2017
1410130050601.0,14,141013,39,1,2,,,7.0,8,0,2017
1410130050601.0,14,141013,21,1,1,,,13.0,3,0,2017
1410130050601.0,14,141013,19,1,1,,,13.0,2,0,2017
1410130050601.0,14,141013,1,,2,,,1.0,,0,2017
1410130050701.0,14,141013,52,1,2,,,11.0,4,1,2017
1410130050701.0,14,141013,52,1,2,,,9.0,4,0,2017
1410130050701.0,14,141013,21,1,1,,,13.0,4,0,2017
1410130050701.0,14,141013,7,,1,,,7.0,2,0,2017
1410130050801.0,14,141013,45,1,2,,,9.0,4,1,2017
1410130050801.0,14,141013,33,1,2,,,9.0,4,0,2017
1410130050801.0,14,141013,7,,1,,,7.0,2,0,2017
1410130050901.0,14,141013,64,1,2,,,7.0,8,1,2017
1410130050901.0,14,141013,42,1,2,,,9.0,4,0,2017
1410130051001.0,14,141013,39,1,2,,,13.0,3,1,2017
1410130051001.0,14,141013,53,1,2,,,9.0,4,0,2017
1410130051001.0,14,141013,18,1,1,,,9.0,4,0,2017
1410130051001.0,14,141013,16,1,1,,,9.0,2,0,2017
1410130051101.0,14,141013,35,1,2,,,9.0,4,1,2017
1410130051101.0,14,141013,37,1,2,,,12.0,3,0,2017
1410130051201.0,14,141013,68,1,2,,,6.0,6,1,2017
1410130051201.0,14,141013,50,1,2,,,11.0,4,0,2017
1410130051201.0,14,141013,15,1,1,,,9.0,2,0,2017
1410130051301.0,14,141013,30,1,2,12,4,9.0,4,1,2017
1410130051301.0,14,141013,28,1,1,,,13.0,2,0,2017
1410130051301.0,14,141013,8,,1,,,7.0,2,0,2017
1410130051301.0,14,141013,3,,2,,,1.0,,0,2017
1410130051401.0,14,141013,56,4,2,,,7.0,8,1,2017
1410130051401.0,14,141013,34,1,2,,,7.0,8,0,2017
1410130051401.0,14,141013,18,1,1,,,9.0,4,0,2017
1410130051401.0,14,141013,14,,1,,,9.0,1,0,2017
1410130051401.0,14,141013,11,,1,,,7.0,6,0,2017
1410130051401.0,14,141013,4,,2,,,1.0,,0,2017
1410130051501.0,14,141013,51,1,2,,,9.0,1,1,2017
1410130051501.0,14,141013,50,1,2,,,7.0,8,0,2017
1410130051501.0,14,141013,30,1,2,12,4,9.0,2,0,2017
1410130051601.0,14,141013,32,1,2,,,13.0,2,1,2017
1410130051601.0,14,141013,2,,1,,,2.0,,0,2017
1410130051701.0,14,141013,44,1,2,,,13.0,3,1,2017
1410130051701.0,14,141013,45,1,2,,,13.0,5,0,2017
1410130051701.0,14,141013,23,1,1,,,13.0,2,0,2017
1410130051701.0,14,141013,24,1,2,99,9,13.0,5,0,2017
1410130051701.0,14,141013,24,1,1,,,13.0,3,0,2017
1410130051701.0,14,141013,1,,2,,,1.0,,0,2017
1410130051801.0,14,141013,65,1,2,,,7.0,1,1,2017
1410130051801.0,14,141013,57,1,2,,,7.0,4,0,2017
1410130051801.0,14,141013,28,1,2,12,4,11.0,4,0,2017
1410130051901.0,14,141013,36,1,2,,,9.0,4,1,2017
1410130051901.0,14,141013,47,1,2,,,9.0,1,0,2017
1410130051901.0,14,141013,8,,1,,,5.0,,0,2017
1410130052001.0,14,141013,51,1,2,,,7.0,2,1,2017
1410130052001.0,14,141013,50,1,2,,,7.0,8,0,2017
1410130052001.0,14,141013,40,1,2,,,9.0,2,0,2017
1410130061901.0,14,141013,59,1,2,,,11.0,4,1,2017
1410130061901.0,14,141013,53,1,2,,,11.0,4,0,2017
1410130061901.0,14,141013,32,1,2,,,13.0,5,0,2017
1410130061901.0,14,141013,31,1,2,,,13.0,5,0,2017
1410130062001.0,14,141013,53,1,2,,,9.0,4,1,2017
1410130062001.0,14,141013,48,1,2,,,7.0,8,0,2017
1410130062001.0,14,141013,27,1,1,,,13.0,5,0,2017
1410130070101.0,14,141013,66,1,2,,,7.0,8,1,2017
1410130070101.0,14,141013,40,1,2,,,7.0,8,0,2017
1410130070101.0,14,141013,21,1,1,,,9.0,4,0,2017
1410130070101.0,14,141013,8,,1,,,7.0,3,0,2017
1410130070201.0,14,141013,36,1,2,,,7.0,8,1,2017
1410130070201.0,14,141013,39,1,2,,,13.0,4,0,2017
1410130070201.0,14,141013,9,,1,,,7.0,3,0,2017
1410130070201.0,14,141013,7,,1,,,7.0,2,0,2017
1410130070201.0,14,141013,3,,1,,,3.0,,0,2017
1410130070301.0,14,141013,71,1,2,,,9.0,4,1,2017
1410130070301.0,14,141013,76,1,2,,,9.0,4,0,2017
1410130070301.0,14,141013,47,1,2,,,9.0,4,0,2017
1410130070401.0,14,141013,65,1,2,,,7.0,3,1,2017
1410130070501.0,14,141013,61,1,2,,,7.0,8,1,2017
1410130070501.0,14,141013,60,1,2,,,7.0,8,0,2017
1410130070601.0,14,141013,45,1,2,,,9.0,4,1,2017
1410130070601.0,14,141013,12,,1,,,7.0,6,0,2017
1410130070601.0,14,141013,14,,1,,,9.0,1,0,2017
1410130070701.0,14,141013,42,1,2,,,7.0,6,1,2017
1410130070701.0,14,141013,37,1,2,,,7.0,8,0,2017
1410130070701.0,14,141013,17,1,2,2,9,9.0,4,0,2017
1410130070701.0,14,141013,12,,1,,,7.0,6,0,2017
1410130070701.0,14,141013,1,,2,,,1.0,,0,2017
1410130070801.0,14,141013,39,1,2,,,7.0,8,1,2017
1410130070801.0,14,141013,35,1,2,,,9.0,4,0,2017
1410130070801.0,14,141013,19,1,1,,,12.0,1,0,2017
1410130070801.0,14,141013,14,,1,,,9.0,1,0,2017
1410130070801.0,14,141013,12,,1,,,7.0,7,0,2017
1410130070901.0,14,141013,60,1,2,,,7.0,8,1,2017
1410130070901.0,14,141013,65,1,2,,,7.0,3,0,2017
1410130071101.0,14,141013,65,1,2,,,7.0,3,1,2017
1410130071101.0,14,141013,27,1,2,7,9,9.0,4,0,2017
1410130071101.0,14,141013,25,1,2,7,9,9.0,4,0,2017
1410130071201.0,14,141013,63,1,2,,,7.0,3,1,2017
1410130071201.0,14,141013,10,,1,,,7.0,4,0,2017
1410130071301.0,14,141013,53,1,2,,,7.0,8,1,2017
1410130071301.0,14,141013,48,1,2,,,9.0,4,0,2017
1410130071401.0,14,141013,65,1,2,,,8.0,5,1,2017
1410130071401.0,14,141013,66,1,2,,,9.0,4,0,2017
1410130071701.0,14,141013,41,1,2,,,7.0,6,1,2017
1410130071701.0,14,141013,50,1,2,,,7.0,4,0,2017
1410130071701.0,14,141013,17,1,1,,,9.0,3,0,2017
1410130071701.0,14,141013,4,,2,,,1.0,,0,2017
1410130071801.0,14,141013,46,1,2,,,7.0,2,1,2017
1410130071801.0,14,141013,47,1,2,,,7.0,4,0,2017
1410130071901.0,14,141013,68,1,2,,,6.0,2,1,2017
1410130080101.0,14,141013,38,1,2,,,13.0,7,1,2017
1410130080101.0,14,141013,30,1,2,12,4,13.0,7,0,2017
1410130080101.0,14,141013,4,,1,,,3.0,,0,2017
1410130080201.0,14,141013,53,4,2,,,1.0,,1,2017
1410130080201.0,14,141013,54,1,2,,,7.0,4,0,2017
1410130080201.0,14,141013,21,1,2,1,3,9.0,4,0,2017
1410130080201.0,14,141013,2,,1,,,2.0,,0,2017
1410130080201.0,14,141013,22,1,2,12,3,9.0,4,0,2017
1410130080301.0,14,141013,54,1,2,,,7.0,2,1,2017
1410130080301.0,14,141013,49,1,2,,,7.0,4,0,2017
1410130080301.0,14,141013,30,1,2,12,4,7.0,8,0,2017
1410130080301.0,14,141013,20,1,2,12,4,11.0,4,0,2017
1410130080401.0,14,141013,36,1,2,,,7.0,6,1,2017
1410130080401.0,14,141013,31,1,2,,,7.0,8,0,2017
1410130080401.0,14,141013,10,,1,,,7.0,4,0,2017
1410130080401.0,14,141013,5,,1,,,4.0,,0,2017
1410130080501.0,14,141013,58,4,2,,,1.0,,1,2017
1410130080501.0,14,141013,54,1,2,,,7.0,4,0,2017
1410130080501.0,14,141013,23,1,2,7,3,12.0,3,0,2017
1410130080501.0,14,141013,20,1,2,2,4,7.0,8,0,2017
1410130080501.0,14,141013,24,1,2,12,4,9.0,4,0,2017
1410130080501.0,14,141013,2,,2,,,1.0,,0,2017
1410130080601.0,14,141013,44,1,2,,,7.0,8,1,2017
1410130080701.0,14,141013,51,1,2,,,7.0,3,1,2017
1410130080701.0,14,141013,47,1,2,,,7.0,3,0,2017
1410130080801.0,14,141013,39,1,2,,,7.0,8,1,2017
1410130080801.0,14,141013,29,1,2,1,9,9.0,3,0,2017
1410130080801.0,14,141013,8,,1,,,7.0,3,0,2017
1410130080801.0,14,141013,5,,1,,,4.0,,0,2017
1410130080801.0,14,141013,2,,2,,,1.0,,0,2017
1410130080901.0,14,141013,66,1,2,,,13.0,5,1,2017
1410130081001.0,14,141013,84,4,2,,,6.0,3,1,2017
1410130081001.0,14,141013,73,1,2,,,1.0,,0,2017
1410130081001.0,14,141013,37,1,2,,,7.0,6,0,2017
1410130081101.0,14,141013,51,1,2,,,7.0,8,1,2017
1410130081101.0,14,141013,14,,1,,,9.0,1,0,2017
1410130081101.0,14,141013,10,,1,,,7.0,4,0,2017
1410130081101.0,14,141013,22,1,2,12,4,9.0,4,0,2017
1410130081201.0,14,141013,58,1,2,,,9.0,1,1,2017
1410130081201.0,14,141013,57,1,2,,,1.0,,0,2017
1410130081301.0,14,141013,29,1,2,12,4,9.0,4,1,2017
1410130081301.0,14,141013,24,1,2,11,4,7.0,6,0,2017
1410130081301.0,14,141013,7,,1,,,7.0,1,0,2017
1410130081301.0,14,141013,1,,2,,,1.0,,0,2017
1410130081401.0,14,141013,56,1,2,,,7.0,5,1,2017
1410130081401.0,14,141013,46,1,2,,,7.0,2,0,2017
1410130081401.0,14,141013,8,,1,,,7.0,2,0,2017
1410130081501.0,14,141013,50,1,2,,,9.0,4,1,2017
1410130081501.0,14,141013,48,1,2,,,9.0,4,0,2017
1410130081501.0,14,141013,10,,1,,,7.0,5,0,2017
1410130081501.0,14,141013,26,1,2,7,3,13.0,4,0,2017
1410130081601.0,14,141013,69,1,2,,,6.0,4,1,2017
1410130081601.0,14,141013,79,1,2,,,6.0,4,0,2017
1410130081601.0,14,141013,24,1,2,7,9,12.0,3,0,2017
1410130081701.0,14,141013,62,1,2,,,6.0,1,1,2017
1410130081701.0,14,141013,52,1,2,,,7.0,5,0,2017
1410130081701.0,14,141013,18,4,1,,,5.0,,0,2017
1410130081801.0,14,141013,35,1,2,,,7.0,8,1,2017
1410130081801.0,14,141013,42,1,2,,,7.0,5,0,2017
1410130081801.0,14,141013,2,,2,,,1.0,,0,2017
1410130081901.0,14,141013,60,1,2,,,9.0,4,1,2017
1410130081901.0,14,141013,63,1,2,,,9.0,2,0,2017
1410130081901.0,14,141013,21,1,2,7,2,9.0,4,0,2017
1410130081901.0,14,141013,17,1,1,,,7.0,8,0,2017
1410130090101.0,14,141013,76,1,2,,,7.0,1,1,2017
1410130090101.0,14,141013,75,1,2,,,7.0,1,0,2017
1410130090201.0,14,141013,42,1,2,,,13.0,5,1,2017
1410130090301.0,14,141013,67,1,2,,,9.0,1,1,2017
1410130090401.0,14,141013,65,1,2,,,12.0,2,1,2017
1410130090401.0,14,141013,63,1,2,,,9.0,4,0,2017
1410130090401.0,14,141013,35,1,2,,,9.0,4,0,2017
1410130090501.0,14,141013,55,1,2,,,7.0,2,1,2017
1410130090501.0,14,141013,24,1,1,,,12.0,2,0,2017
1410130090601.0,14,141013,68,1,2,,,7.0,5,1,2017
1410130090601.0,14,141013,53,1,2,,,7.0,5,0,2017
1410130090601.0,14,141013,40,1,2,,,7.0,5,0,2017
1410130090701.0,14,141013,48,1,2,,,7.0,8,1,2017
1410130090701.0,14,141013,45,1,2,,,9.0,4,0,2017
1410130090701.0,14,141013,19,1,2,12,4,9.0,4,0,2017
1410130090701.0,14,141013,21,1,2,12,4,9.0,4,0,2017
1410130090801.0,14,141013,70,1,2,,,10.0,5,1,2017
1410130090801.0,14,141013,64,1,2,,,13.0,4,0,2017
1410130090801.0,14,141013,37,1,2,,,13.0,4,0,2017
1410130090901.0,14,141013,56,1,2,,,7.0,4,1,2017
1410130090901.0,14,141013,68,1,2,,,7.0,4,0,2017
1410130091001.0,14,141013,58,1,2,,,7.0,8,1,2017
1410130091001.0,14,141013,56,1,2,,,1.0,,0,2017
1410130091001.0,14,141013,28,1,1,,,13.0,1,0,2017
1410130091001.0,14,141013,11,,1,,,7.0,5,0,2017
1410130091101.0,14,141013,70,1,2,,,7.0,5,1,2017
1410130091201.0,14,141013,60,1,2,,,7.0,8,1,2017
1410130091201.0,14,141013,63,1,2,,,9.0,2,0,2017
1410130091201.0,14,141013,91,1,2,,,7.0,7,0,2017
1410130091201.0,14,141013,39,1,2,,,13.0,5,0,2017
1410130091201.0,14,141013,25,1,2,7,3,13.0,5,0,2017
1410130091201.0,14,141013,9,,1,,,7.0,4,0,2017
1410130091301.0,14,141013,71,1,2,,,7.0,4,1,2017
1410130091301.0,14,141013,75,1,2,,,7.0,4,0,2017
1410130091401.0,14,141013,49,1,2,,,7.0,4,1,2017
1410130091401.0,14,141013,46,1,2,,,7.0,5,0,2017
1410130091401.0,14,141013,16,1,1,,,9.0,3,0,2017
1410130091501.0,14,141013,58,1,2,,,7.0,5,1,2017
1410130091501.0,14,141013,59,1,2,,,7.0,8,0,2017
1410130091501.0,14,141013,3,,2,,,1.0,,0,2017
1410130091601.0,14,141013,60,1,2,,,7.0,8,1,2017
1410130091701.0,14,141013,43,1,2,,,7.0,8,1,2017
1410130091701.0,14,141013,32,1,2,,,9.0,4,0,2017
1410130091701.0,14,141013,12,,1,,,7.0,5,0,2017
1410130091701.0,14,141013,2,,2,,,1.0,,0,2017
1410130091801.0,14,141013,50,1,2,,,9.0,2,1,2017
1410130091801.0,14,141013,49,1,2,,,9.0,4,0,2017
1410130091801.0,14,141013,23,1,1,,,13.0,5,0,2017
1410130091901.0,14,141013,36,1,2,,,13.0,5,1,2017
1410130091901.0,14,141013,49,1,2,,,13.0,5,0,2017
1410130092001.0,14,141013,48,1,2,,,9.0,4,1,2017
1410130092001.0,14,141013,46,1,2,,,7.0,8,0,2017
1410130092001.0,14,141013,17,1,1,,,9.0,3,0,2017
1410130100101.0,14,141013,61,1,2,,,10.0,5,1,2017
1410130100201.0,14,141013,27,1,2,12,4,9.0,2,1,2017
1410130100201.0,14,141013,27,1,2,1,4,9.0,4,0,2017
1410130100201.0,14,141013,0,,2,,,1.0,,0,2017
1410130100301.0,14,141013,83,4,2,,,1.0,,1,2017
1410130100401.0,14,141013,60,1,2,,,7.0,8,1,2017
1410130100401.0,14,141013,67,1,2,,,6.0,6,0,2017
1410130100501.0,14,141013,64,1,2,,,6.0,6,1,2017
1410130100601.0,14,141013,64,1,2,,,9.0,4,1,2017
1410130100601.0,14,141013,45,1,2,,,13.0,3,0,2017
1410130100601.0,14,141013,32,1,2,,,9.0,4,0,2017
1410130100601.0,14,141013,17,1,1,,,9.0,2,0,2017
1410130100601.0,14,141013,11,,1,,,7.0,5,0,2017
1410130100701.0,14,141013,56,1,2,,,9.0,4,1,2017
1410130100701.0,14,141013,37,1,2,,,7.0,8,0,2017
1410130100701.0,14,141013,14,,1,,,9.0,1,0,2017
1410130100701.0,14,141013,9,,1,,,7.0,3,0,2017
1410130100801.0,14,141013,71,1,2,,,8.0,6,1,2017
1410130100901.0,14,141013,68,4,2,,,6.0,1,1,2017
1410130100901.0,14,141013,40,4,2,,,7.0,1,0,2017
1410130100901.0,14,141013,17,1,1,,,11.0,4,0,2017
1410130100901.0,14,141013,21,1,2,12,3,11.0,4,0,2017
1410130101001.0,14,141013,30,1,2,12,4,11.0,4,1,2017
1410130101101.0,14,141013,55,1,2,,,9.0,4,1,2017
1410130101101.0,14,141013,55,1,2,,,9.0,4,0,2017
1410130101201.0,14,141013,50,1,2,,,7.0,3,1,2017
1410130101201.0,14,141013,26,1,1,,,13.0,2,0,2017
1410130101201.0,14,141013,24,1,2,12,9,9.0,2,0,2017
1410130101201.0,14,141013,21,1,2,12,9,9.0,3,0,2017
1410130101301.0,14,141013,55,1,2,,,7.0,1,1,2017
1410130101301.0,14,141013,64,1,2,,,8.0,1,0,2017
1410130101301.0,14,141013,67,1,2,,,8.0,5,0,2017
1410130101401.0,14,141013,75,1,2,,,6.0,3,1,2017
1410130101401.0,14,141013,73,4,2,,,1.0,,0,2017
1410130101501.0,14,141013,90,1,2,,,6.0,6,1,2017
1410130101601.0,14,141013,77,1,2,,,8.0,4,1,2017
1410130101701.0,14,141013,59,1,2,,,7.0,4,1,2017
1410130101701.0,14,141013,63,1,2,,,7.0,3,0,2017
1410130101701.0,14,141013,36,1,2,,,7.0,3,0,2017
1410130101701.0,14,141013,44,1,2,,,9.0,1,0,2017
1410130101701.0,14,141013,22,1,2,2,4,9.0,1,0,2017
1410130101701.0,14,141013,20,1,2,12,4,9.0,4,0,2017
1410130101701.0,14,141013,9,,1,,,7.0,3,0,2017
1410130101701.0,14,141013,4,,1,,,3.0,,0,2017
1410130101801.0,14,141013,41,1,2,,,7.0,2,1,2017
1410130101801.0,14,141013,50,1,2,,,7.0,4,0,2017
1410130101801.0,14,141013,28,1,2,12,3,11.0,4,0,2017
1410130101801.0,14,141013,24,1,2,12,4,9.0,3,0,2017
1410130101801.0,14,141013,20,1,2,12,1,9.0,4,0,2017
1410130101801.0,14,141013,7,,1,,,7.0,1,0,2017
1410130101801.0,14,141013,7,,1,,,7.0,1,0,2017
1410130101901.0,14,141013,65,1,2,,,6.0,6,1,2017
1410130102001.0,14,141013,73,1,2,,,6.0,1,1,2017
1410130102001.0,14,141013,73,1,2,,,6.0,1,0,2017
1410130110101.0,14,141013,35,1,2,,,15.0,7,1,2017
1410130110101.0,14,141013,40,1,2,,,9.0,4,0,2017
1410130110101.0,14,141013,20,1,1,,,13.0,1,0,2017
1410130110101.0,14,141013,16,1,1,,,9.0,1,0,2017
1410130110201.0,14,141013,44,1,2,,,11.0,4,1,2017
1410130110201.0,14,141013,35,1,2,,,11.0,4,0,2017
1410130110201.0,14,141013,18,1,1,,,11.0,4,0,2017
1410130110201.0,14,141013,4,,1,,,4.0,,0,2017
1410130110201.0,14,141013,1,,2,,,4.0,,0,2017
1410130110201.0,14,141013,1,,2,,,1.0,,0,2017
1410130110301.0,14,141013,68,1,2,,,6.0,4,1,2017
1410130110401.0,14,141013,45,1,2,,,9.0,2,1,2017
1410130110401.0,14,141013,46,1,2,,,7.0,5,0,2017
1410130110401.0,14,141013,13,,1,,,7.0,7,0,2017
1410130110501.0,14,141013,49,1,2,,,7.0,8,1,2017
1410130110501.0,14,141013,23,1,1,,,13.0,5,0,2017
1410130110501.0,14,141013,25,1,2,7,1,13.0,5,0,2017
1410130110501.0,14,141013,25,1,2,2,3,9.0,4,0,2017
1410130110601.0,14,141013,64,1,2,,,8.0,1,1,2017
1410130110601.0,14,141013,63,1,2,,,6.0,5,0,2017
1410130110701.0,14,141013,24,1,2,2,4,11.0,3,1,2017
1410130110701.0,14,141013,29,1,2,12,4,9.0,4,0,2017
1410130110701.0,14,141013,6,,1,,,4.0,,0,2017
1410130110701.0,14,141013,0,,2,,,1.0,,0,2017
1410130110801.0,14,141013,39,1,2,,,11.0,4,1,2017
1410130110801.0,14,141013,39,1,2,,,9.0,2,0,2017
1410130110801.0,14,141013,15,1,1,,,9.0,1,0,2017
1410130110801.0,14,141013,9,,1,,,7.0,3,0,2017
1410130110801.0,14,141013,1,,1,,,2.0,,0,2017
1410130110801.0,14,141013,41,1,2,,,1.0,,0,2017
1410130110901.0,14,141013,45,1,2,,,9.0,2,1,2017
1410130110901.0,14,141013,42,1,2,,,9.0,4,0,2017
1410130110901.0,14,141013,10,,1,,,7.0,5,0,2017
1410130110901.0,14,141013,22,1,1,,,13.0,3,0,2017
1410130111001.0,14,141013,60,1,2,,,9.0,1,1,2017
1410130111001.0,14,141013,65,1,2,,,9.0,4,0,2017
1410130111101.0,14,141013,44,1,2,,,7.0,8,1,2017
1410130111101.0,14,141013,62,1,2,,,8.0,6,0,2017
1410130111201.0,14,141013,36,1,2,,,7.0,8,1,2017
1410130111201.0,14,141013,28,1,2,1,4,9.0,4,0,2017
1410130111201.0,14,141013,2,,2,,,1.0,,0,2017
1410130111201.0,14,141013,10,,1,,,7.0,4,0,2017
1410130111201.0,14,141013,8,,1,,,7.0,3,0,2017
1410130111301.0,14,141013,57,1,2,,,9.0,4,1,2017
1410130111301.0,14,141013,58,1,2,,,9.0,4,0,2017
1410130111301.0,14,141013,17,1,1,,,9.0,4,0,2017
1410130111401.0,14,141013,82,1,2,,,6.0,3,1,2017
1410130111401.0,14,141013,41,1,2,,,9.0,2,0,2017
1410130111401.0,14,141013,40,1,2,,,9.0,4,0,2017
1410130111401.0,14,141013,50,1,2,,,7.0,8,0,2017
1410130111401.0,14,141013,25,1,2,12,4,9.0,4,0,2017
1410130111402.0,14,141013,55,1,2,,,7.0,7,1,2017
1410130111402.0,14,141013,28,1,2,12,4,11.0,4,0,2017
1410130111402.0,14,141013,21,1,1,,,13.0,3,0,2017
1410130111402.0,14,141013,16,1,1,,,11.0,2,0,2017
1410130111501.0,14,141013,54,1,2,,,12.0,3,1,2017
1410130111501.0,14,141013,60,1,2,,,9.0,4,0,2017
1410130111501.0,14,141013,22,1,1,,,13.0,4,0,2017
1410130111501.0,14,141013,20,1,1,,,13.0,2,0,2017
1410130111601.0,14,141013,47,1,2,,,12.0,3,1,2017
1410130111601.0,14,141013,48,1,2,,,13.0,5,0,2017
1410130111601.0,14,141013,15,1,1,,,9.0,2,0,2017
1410130111701.0,14,141013,57,1,2,,,9.0,4,1,2017
1410130111801.0,14,141013,40,1,2,,,13.0,6,1,2017
1410130111801.0,14,141013,36,1,2,,,13.0,4,0,2017
1410130111801.0,14,141013,10,,1,,,7.0,4,0,2017
1410130111801.0,14,141013,4,,1,,,3.0,,0,2017
1410130111901.0,14,141013,26,1,2,12,2,13.0,5,1,2017
1410130111901.0,14,141013,25,1,2,12,2,12.0,3,0,2017
1410130111901.0,14,141013,30,1,2,12,2,12.0,3,0,2017
1410130112001.0,14,141013,70,4,2,,,6.0,1,1,2017
1410130112001.0,14,141013,40,1,2,,,11.0,4,0,2017
1410130120601.0,14,141013,55,1,2,,,13.0,5,1,2017
1410130120601.0,14,141013,56,1,2,,,13.0,5,0,2017
1410130120801.0,14,141013,56,1,2,,,13.0,4,1,2017
1410130120801.0,14,141013,54,1,2,,,13.0,4,0,2017
1410130120901.0,14,141013,72,2,2,,,13.0,3,1,2017
1410130121001.0,14,141013,57,1,2,,,13.0,6,1,2017
1410130121001.0,14,141013,46,1,2,,,13.0,5,0,2017
1410130121001.0,14,141013,9,,1,,,7.0,3,0,2017
1410130121101.0,14,141013,22,1,1,,,13.0,4,1,2017
1410130121201.0,14,141013,45,1,2,,,15.0,7,1,2017
1410130121201.0,14,141013,46,1,2,,,13.0,5,0,2017
1410130121201.0,14,141013,14,,1,,,9.0,1,0,2017
1410130121201.0,14,141013,12,,1,,,7.0,7,0,2017
1410130121301.0,14,141013,36,1,2,,,13.0,5,1,2017
1410130121301.0,14,141013,34,1,2,,,13.0,4,0,2017
1410130121301.0,14,141013,15,1,1,,,9.0,1,0,2017
1410130121301.0,14,141013,7,,1,,,7.0,1,0,2017
1410130121301.0,14,141013,4,,1,,,3.0,,0,2017
1410130121901.0,14,141013,42,1,2,,,15.0,5,1,2017
1410130121901.0,14,141013,42,1,2,,,13.0,5,0,2017
1410130121901.0,14,141013,9,,1,,,7.0,3,0,2017
1410130121901.0,14,141013,4,,1,,,3.0,,0,2017
1410130121901.0,14,141013,50,1,2,,,9.0,4,0,2017
1410130131201.0,14,141013,41,1,2,,,13.0,4,1,2017
1410130131201.0,14,141013,34,1,2,,,13.0,5,0,2017
1410130131301.0,14,141013,40,1,2,,,13.0,5,1,2017
1410130131301.0,14,141013,40,1,2,,,13.0,5,0,2017
1410130131401.0,14,141013,46,1,2,,,9.0,4,1,2017
1410130131401.0,14,141013,61,1,2,,,8.0,6,0,2017
1410130131501.0,14,141013,50,1,2,,,9.0,4,1,2017
1410130131501.0,14,141013,46,1,2,,,9.0,4,0,2017
1410130131501.0,14,141013,23,1,1,,,13.0,4,0,2017
1410130131501.0,14,141013,15,1,1,,,9.0,1,0,2017
1410130131601.0,14,141013,74,1,2,,,13.0,5,1,2017
1410130131601.0,14,141013,49,1,2,,,11.0,4,0,2017
1410130131701.0,14,141013,62,1,2,,,7.0,5,1,2017
1410130131701.0,14,141013,66,1,2,,,8.0,1,0,2017
1410130131901.0,14,141013,54,1,2,,,9.0,4,1,2017
1410130131901.0,14,141013,61,1,2,,,9.0,4,0,2017
1410130131901.0,14,141013,62,1,2,,,9.0,4,0,2017
1410130131901.0,14,141013,19,1,1,,,9.0,3,0,2017
1410130132001.0,14,141013,64,3,2,,,7.0,4,1,2017
1410130140101.0,14,141013,55,1,2,,,9.0,4,1,2017
1410130140101.0,14,141013,56,1,2,,,9.0,3,0,2017
1410130140101.0,14,141013,24,1,2,6,4,11.0,3,0,2017
1410130140201.0,14,141013,50,1,2,,,9.0,4,1,2017
1410130140201.0,14,141013,48,1,2,,,9.0,4,0,2017
1410130140201.0,14,141013,26,1,2,12,9,12.0,3,0,2017
1410130140201.0,14,141013,24,1,2,12,4,9.0,4,0,2017
1410130140201.0,14,141013,5,,1,,,4.0,,0,2017
1410130140301.0,14,141013,58,1,2,,,7.0,8,1,2017
1410130140401.0,14,141013,61,1,2,,,7.0,5,1,2017
1410130140401.0,14,141013,43,4,2,,,1.0,,0,2017
1410130140401.0,14,141013,40,1,2,,,7.0,6,0,2017
1410130140501.0,14,141013,82,1,2,,,6.0,6,1,2017
1410130140501.0,14,141013,82,1,2,,,6.0,6,0,2017
1410130140501.0,14,141013,50,1,2,,,9.0,4,0,2017
1410130140501.0,14,141013,47,1,2,,,12.0,3,0,2017
1410130140701.0,14,141013,43,1,2,,,9.0,4,1,2017
1410130140701.0,14,141013,33,1,2,,,9.0,4,0,2017
1410130140701.0,14,141013,6,,1,,,4.0,,0,2017
1410130140801.0,14,141013,50,1,2,,,9.0,1,1,2017
1410130140801.0,14,141013,52,1,2,,,9.0,3,0,2017
1410130140801.0,14,141013,24,1,2,12,4,9.0,4,0,2017
1410130140801.0,14,141013,14,,1,,,7.0,8,0,2017
1410130141001.0,14,141013,44,4,2,,,7.0,99,1,2017
1410130141001.0,14,141013,21,1,2,12,4,7.0,8,0,2017
1410130141001.0,14,141013,19,1,2,12,3,9.0,2,0,2017
1410130141101.0,14,141013,43,1,2,,,7.0,6,1,2017
1410130141101.0,14,141013,63,4,2,,,7.0,2,0,2017
1410130141201.0,14,141013,84,1,2,,,15.0,7,1,2017
1410130141201.0,14,141013,56,1,2,,,13.0,4,0,2017
1410130141301.0,14,141013,71,1,2,,,9.0,1,1,2017
1410130141301.0,14,141013,48,1,2,,,7.0,6,0,2017
1410130141301.0,14,141013,45,4,2,,,1.0,,0,2017
1410130141301.0,14,141013,14,,1,,,7.0,8,0,2017
1410130141401.0,14,141013,63,1,2,,,7.0,4,1,2017
1410130141401.0,14,141013,60,1,2,,,7.0,5,0,2017
1410130141501.0,14,141013,50,1,2,,,7.0,4,1,2017
1410130141501.0,14,141013,51,1,2,,,7.0,4,0,2017
1410130141601.0,14,141013,25,1,2,12,4,9.0,3,1,2017
1410130141601.0,14,141013,32,1,2,,,9.0,4,0,2017
1410130141601.0,14,141013,5,,1,,,4.0,,0,2017
1410130141701.0,14,141013,50,1,2,,,7.0,4,1,2017
1410130141801.0,14,141013,61,1,2,,,6.0,3,1,2017
1410130141801.0,14,141013,63,1,2,,,6.0,3,0,2017
1410130141901.0,14,141013,34,1,2,,,7.0,8,1,2017
1410130142001.0,14,141013,60,1,2,,,6.0,6,1,2017
1410130142001.0,14,141013,53,1,2,,,7.0,6,0,2017
1410130142001.0,14,141013,32,1,2,,,11.0,4,0,2017
1410130142001.0,14,141013,15,1,1,,,9.0,2,0,2017
1410130142001.0,14,141013,11,,1,,,7.0,6,0,2017
1410130150101.0,14,141013,70,9,2,,,6.0,5,1,2017
1410130150201.0,14,141013,46,1,2,,,7.0,5,1,2017
1410130150201.0,14,141013,50,2,2,,,7.0,5,0,2017
1410130150201.0,14,141013,16,1,1,,,7.0,8,0,2017
1410130150301.0,14,141013,62,1,2,,,7.0,7,1,2017
1410130150301.0,14,141013,60,1,2,,,9.0,2,0,2017
1410130150401.0,14,141013,68,4,2,,,7.0,5,1,2017
1410130150401.0,14,141013,29,1,2,12,4,9.0,4,0,2017
1410130150401.0,14,141013,8,,1,,,7.0,3,0,2017
1410130150501.0,14,141013,31,1,2,,,13.0,5,1,2017
1410130150501.0,14,141013,46,1,2,,,13.0,5,0,2017
1410130150601.0,14,141013,57,1,2,,,7.0,8,1,2017
1410130150601.0,14,141013,54,1,2,,,9.0,1,0,2017
1410130150601.0,14,141013,24,1,2,12,4,9.0,4,0,2017
1410130150601.0,14,141013,24,1,2,12,4,9.0,4,0,2017
1410130150701.0,14,141013,55,1,2,,,9.0,3,1,2017
1410130150701.0,14,141013,42,1,2,,,13.0,5,0,2017
1410130150701.0,14,141013,7,,1,,,7.0,1,0,2017
1410130150801.0,14,141013,80,4,2,,,7.0,2,1,2017
1410130150901.0,14,141013,71,1,2,,,8.0,2,1,2017
1410130151001.0,14,141013,65,1,2,,,6.0,3,1,2017
1410130151001.0,14,141013,59,1,2,,,7.0,4,0,2017
1410130151101.0,14,141013,43,1,2,,,9.0,1,1,2017
1410130151101.0,14,141013,44,1,2,,,9.0,1,0,2017
1410130151101.0,14,141013,17,1,1,,,9.0,3,0,2017
1410130151201.0,14,141013,31,1,2,,,9.0,4,1,2017
1410130151301.0,14,141013,72,4,2,,,6.0,1,1,2017
1410130151301.0,14,141013,44,1,2,,,9.0,4,0,2017
1410130151301.0,14,141013,21,1,2,7,9,11.0,4,0,2017
1410130151301.0,14,141013,14,,1,,,7.0,8,0,2017
1410130151301.0,14,141013,12,,1,,,7.0,5,0,2017
1410130151401.0,14,141013,52,1,2,,,9.0,4,1,2017
1410130151401.0,14,141013,47,1,2,,,9.0,4,0,2017
1410130151401.0,14,141013,8,,1,,,7.0,3,0,2017
1410130151501.0,14,141013,70,1,2,,,8.0,6,1,2017
1410130151601.0,14,141013,40,1,2,,,11.0,4,1,2017
1410130151601.0,14,141013,33,1,2,,,9.0,1,0,2017
1410130151601.0,14,141013,14,,1,,,9.0,1,0,2017
1410130151601.0,14,141013,7,,1,,,7.0,1,0,2017
1410130151701.0,14,141013,55,2,2,,,7.0,8,1,2017
1410130151701.0,14,141013,53,2,2,,,1.0,,0,2017
1410130151801.0,14,141013,24,1,2,12,4,9.0,2,1,2017
1410130151801.0,14,141013,31,1,2,,,7.0,8,0,2017
1410130151801.0,14,141013,3,,2,,,1.0,,0,2017
1410130151801.0,14,141013,0,,2,,,1.0,,0,2017
1410130151901.0,14,141013,48,1,2,,,7.0,3,1,2017
1410130152001.0,14,141013,85,1,2,,,6.0,6,1,2017
1410130152001.0,14,141013,75,1,2,,,6.0,5,0,2017
1410130160101.0,14,141013,84,1,2,,,8.0,3,1,2017
1410130160101.0,14,141013,48,4,2,,,7.0,4,0,2017
1410130160201.0,14,141013,59,1,2,,,7.0,8,1,2017
1410130160201.0,14,141013,57,1,2,,,7.0,8,0,2017
1410130160301.0,14,141013,55,1,2,,,7.0,6,1,2017
1410130160301.0,14,141013,30,1,2,11,4,11.0,4,0,2017
1410130160401.0,14,141013,47,1,2,,,9.0,4,1,2017
1410130160501.0,14,141013,53,1,2,,,12.0,3,1,2017
1410130160501.0,14,141013,23,1,1,,,13.0,2,0,2017
1410130160601.0,14,141013,67,1,2,,,6.0,4,1,2017
1410130160601.0,14,141013,60,1,2,,,6.0,6,0,2017
1410130160601.0,14,141013,30,2,2,4,4,5.0,,0,2017
1410130160701.0,14,141013,65,1,2,,,9.0,4,1,2017
1410130160801.0,14,141013,50,1,2,,,9.0,2,1,2017
1410130160801.0,14,141013,48,1,2,,,9.0,1,0,2017
1410130160801.0,14,141013,27,1,2,12,4,12.0,2,0,2017
1410130160801.0,14,141013,5,,1,,,4.0,,0,2017
1410130160801.0,14,141013,5,,1,,,4.0,,0,2017
1410130160901.0,14,141013,63,1,2,,,11.0,4,1,2017
1410130160901.0,14,141013,26,1,2,12,4,9.0,4,0,2017
1410130160901.0,14,141013,1,,2,,,1.0,,0,2017
1410130160901.0,14,141013,25,1,2,12,4,7.0,8,0,2017
1410130161001.0,14,141013,24,1,2,12,4,9.0,3,1,2017
1410130161001.0,14,141013,22,1,1,,,12.0,3,0,2017
1410130161101.0,14,141013,40,1,2,,,9.0,4,1,2017
1410130161101.0,14,141013,40,1,2,,,9.0,1,0,2017
1410130161101.0,14,141013,21,1,2,12,4,13.0,1,0,2017
1410130161101.0,14,141013,17,1,1,,,9.0,3,0,2017
1410130161201.0,14,141013,62,1,2,,,6.0,4,1,2017
1410130161201.0,14,141013,70,1,2,,,6.0,5,0,2017
1410130161201.0,14,141013,24,1,2,11,4,9.0,2,0,2017
1410130161201.0,14,141013,17,1,1,,,11.0,2,0,2017
1410130161301.0,14,141013,53,1,2,,,9.0,4,1,2017
1410130161301.0,14,141013,43,1,2,,,9.0,2,0,2017
1410130161301.0,14,141013,21,1,1,,,13.0,2,0,2017
1410130161401.0,14,141013,68,1,2,,,7.0,3,1,2017
1410130161401.0,14,141013,45,1,2,,,7.0,8,0,2017
1410130161401.0,14,141013,55,1,2,,,9.0,2,0,2017
1410130161401.0,14,141013,46,1,2,,,7.0,8,0,2017
1410130161401.0,14,141013,15,1,1,,,9.0,2,0,2017
1410130161501.0,14,141013,79,1,2,,,7.0,2,1,2017
1410130161501.0,14,141013,57,1,2,,,7.0,2,0,2017
1410130161601.0,14,141013,50,1,2,,,9.0,4,1,2017
1410130161601.0,14,141013,22,1,1,,,13.0,4,0,2017
1410130161701.0,14,141013,76,1,2,,,9.0,4,1,2017
1410130161701.0,14,141013,68,1,2,,,7.0,6,0,2017
1410130161801.0,14,141013,69,1,2,,,11.0,4,1,2017
1410130161801.0,14,141013,68,1,2,,,13.0,4,0,2017
1410130162001.0,14,141013,61,1,2,,,7.0,8,1,2017
1410130162001.0,14,141013,59,2,2,,,7.0,2,0,2017
1410130170101.0,14,141013,71,1,2,,,9.0,4,1,2017
1410130170101.0,14,141013,82,1,2,,,9.0,2,0,2017
1410130170101.0,14,141013,47,1,2,,,12.0,3,0,2017
1410130170301.0,14,141013,41,1,2,,,7.0,2,1,2017
1410130170301.0,14,141013,63,1,2,,,7.0,5,0,2017
1410130170401.0,14,141013,62,1,2,,,9.0,4,1,2017
1410130170401.0,14,141013,50,1,2,,,9.0,2,0,2017
1410130170401.0,14,141013,14,,1,,,7.0,8,0,2017
1410130170401.0,14,141013,11,,1,,,7.0,6,0,2017
1410130170401.0,14,141013,1,,2,,,1.0,,0,2017
1410130170501.0,14,141013,70,4,2,,,7.0,4,1,2017
1410130170501.0,14,141013,68,1,2,,,7.0,4,0,2017
1410130170601.0,14,141013,53,1,2,,,9.0,1,1,2017
1410130170601.0,14,141013,53,1,2,,,9.0,4,0,2017
1410130170601.0,14,141013,32,1,2,,,12.0,3,0,2017
1410130170601.0,14,141013,29,1,2,12,4,9.0,4,0,2017
1410130170701.0,14,141013,92,1,2,,,6.0,2,1,2017
1410130170701.0,14,141013,48,1,2,,,7.0,8,0,2017
1410130170801.0,14,141013,63,1,2,,,7.0,8,1,2017
1410130170901.0,14,141013,60,1,2,,,7.0,5,1,2017
1410130171001.0,14,141013,70,1,2,,,7.0,3,1,2017
1410130171201.0,14,141013,70,1,2,,,7.0,4,1,2017
1410130171301.0,14,141013,73,1,2,,,6.0,6,1,2017
1410130171301.0,14,141013,90,1,2,,,8.0,1,0,2017
1410130171401.0,14,141013,72,1,2,,,6.0,4,1,2017
1410130171401.0,14,141013,60,1,2,,,7.0,8,0,2017
1410130171401.0,14,141013,13,,1,,,7.0,7,0,2017
1410130171501.0,14,141013,66,1,2,,,7.0,6,1,2017
1410130171501.0,14,141013,66,1,2,,,7.0,6,0,2017
1410130171601.0,14,141013,26,4,2,12,4,11.0,4,1,2017
1410130171601.0,14,141013,23,1,2,12,4,,4,0,2017
1410130171601.0,14,141013,25,1,2,12,4,9.0,4,0,2017
1410130171601.0,14,141013,5,,1,,,4.0,,0,2017
1410130171601.0,14,141013,2,,2,,,1.0,,0,2017
1410130171801.0,14,141013,27,1,1,,,13.0,1,1,2017
1410130171801.0,14,141013,10,,1,,,7.0,3,0,2017
1410130171801.0,14,141013,25,1,2,12,4,7.0,6,0,2017
1410130171901.0,14,141013,50,1,2,,,9.0,4,1,2017
1410130171901.0,14,141013,53,1,2,,,9.0,4,0,2017
1410130171901.0,14,141013,25,1,1,,,13.0,5,0,2017
1410130172001.0,14,141013,62,1,2,,,7.0,5,1,2017
1410220010101.0,14,141022,57,1,2,,,9.0,4,1,2017
1410220010101.0,14,141022,54,1,2,,,9.0,4,0,2017
1410220010101.0,14,141022,34,1,2,,,13.0,4,0,2017
1410220010201.0,14,141022,59,1,2,,,7.0,8,1,2017
1410220010201.0,14,141022,31,1,2,,,9.0,4,0,2017
1410220010201.0,14,141022,33,1,2,,,9.0,2,0,2017
1410220010301.0,14,141022,51,1,2,,,12.0,2,1,2017
1410220010301.0,14,141022,57,1,2,,,9.0,2,0,2017
1410220010301.0,14,141022,17,1,1,,,9.0,3,0,2017
1410220010301.0,14,141022,17,1,1,,,9.0,1,0,2017
1410220010401.0,14,141022,59,1,2,,,7.0,8,1,2017
1410220010401.0,14,141022,56,1,2,,,9.0,2,0,2017
1410220010401.0,14,141022,29,1,2,99,9,7.0,8,0,2017
1410220010601.0,14,141022,40,1,2,,,9.0,4,1,2017
1410220010601.0,14,141022,44,1,2,,,9.0,4,0,2017
1410220010601.0,14,141022,14,,1,,,7.0,8,0,2017
1410220010601.0,14,141022,21,1,1,,,13.0,3,0,2017
1410220010601.0,14,141022,7,,1,,,7.0,1,0,2017
1410220010701.0,14,141022,67,1,2,,,6.0,4,1,2017
1410220010701.0,14,141022,63,1,2,,,9.0,3,0,2017
1410220010701.0,14,141022,30,1,2,7,4,11.0,4,0,2017
1410220010801.0,14,141022,62,1,2,,,6.0,3,1,2017
1410220010801.0,14,141022,65,1,2,,,6.0,6,0,2017
1410220010901.0,14,141022,44,1,2,,,7.0,8,1,2017
1410220010901.0,14,141022,40,1,2,,,9.0,1,0,2017
1410220010901.0,14,141022,17,1,1,,,11.0,3,0,2017
1410220010901.0,14,141022,11,,1,,,7.0,4,0,2017
1410220011001.0,14,141022,55,1,2,,,7.0,4,1,2017
1410220011001.0,14,141022,52,1,2,,,7.0,3,0,2017
1410220011001.0,14,141022,68,4,2,,,1.0,,0,2017
1410220011101.0,14,141022,32,1,2,,,9.0,2,1,2017
1410220011101.0,14,141022,9,,1,,,7.0,3,0,2017
1410220011101.0,14,141022,3,,1,,,4.0,,0,2017
1410220011101.0,14,141022,35,1,2,,,9.0,4,0,2017
1410220011201.0,14,141022,75,4,2,,,1.0,,1,2017
1410220011301.0,14,141022,43,1,2,,,9.0,4,1,2017
1410220011301.0,14,141022,40,1,2,,,9.0,4,0,2017
1410220011301.0,14,141022,24,1,1,,,13.0,2,0,2017
1410220011301.0,14,141022,23,1,1,,,13.0,2,0,2017
1410220011301.0,14,141022,17,1,1,,,9.0,4,0,2017
1410220011301.0,14,141022,13,,1,,,7.0,7,0,2017
1410220011401.0,14,141022,26,1,2,12,4,9.0,4,1,2017
1410220011401.0,14,141022,23,1,2,1,4,11.0,4,0,2017
1410220011401.0,14,141022,2,,2,,,1.0,,0,2017
1410220011501.0,14,141022,39,1,2,,,9.0,4,1,2017
1410220011501.0,14,141022,40,1,2,,,7.0,6,0,2017
1410220011501.0,14,141022,24,1,2,7,3,9.0,4,0,2017
1410220011501.0,14,141022,19,1,2,7,3,9.0,4,0,2017
1410220011501.0,14,141022,13,,1,,,7.0,8,0,2017
1410220011501.0,14,141022,2,,2,,,1.0,,0,2017
1410220011601.0,14,141022,28,1,2,7,4,9.0,4,1,2017
1410220011601.0,14,141022,26,1,2,7,4,9.0,4,0,2017
1410220011601.0,14,141022,6,,1,,,7.0,1,0,2017
1410220011601.0,14,141022,1,,2,,,1.0,,0,2017
1410220011701.0,14,141022,43,1,2,,,7.0,8,1,2017
1410220011701.0,14,141022,51,1,2,,,9.0,4,0,2017
1410220011701.0,14,141022,25,1,1,,,13.0,5,0,2017
1410220011701.0,14,141022,9,,1,,,7.0,3,0,2017
1410220011801.0,14,141022,52,1,2,,,7.0,8,1,2017
1410220011801.0,14,141022,62,1,2,,,8.0,3,0,2017
1410220011801.0,14,141022,23,1,2,2,4,9.0,1,0,2017
1410220011801.0,14,141022,16,1,1,,,9.0,3,0,2017
1410220011801.0,14,141022,7,,1,,,7.0,1,0,2017
1410220011901.0,14,141022,35,1,2,,,11.0,4,1,2017
1410220011901.0,14,141022,17,1,1,,,11.0,2,0,2017
1410220011901.0,14,141022,19,1,1,,,11.0,3,0,2017
1410220011901.0,14,141022,6,,1,,,4.0,,0,2017
1410220020201.0,14,141022,39,1,2,,,9.0,4,1,2017
1410220020201.0,14,141022,40,1,2,,,11.0,4,0,2017
1410220020201.0,14,141022,19,1,1,,,13.0,2,0,2017
1410220020201.0,14,141022,11,,1,,,7.0,5,0,2017
1410220020301.0,14,141022,74,1,2,,,7.0,8,1,2017
1410220020302.0,14,141022,45,1,2,,,9.0,4,1,2017
1410220020302.0,14,141022,20,1,1,,,13.0,2,0,2017
1410220020302.0,14,141022,10,,1,,,7.0,3,0,2017
1410220020401.0,14,141022,29,1,2,7,3,13.0,5,1,2017
1410220020401.0,14,141022,30,1,2,7,3,13.0,5,0,2017
1410220020401.0,14,141022,1,,2,,,1.0,,0,2017
1410220020501.0,14,141022,56,1,2,,,12.0,3,1,2017
1410220020502.0,14,141022,54,1,2,,,9.0,4,1,2017
1410220020601.0,14,141022,46,1,2,,,7.0,8,1,2017
1410220020601.0,14,141022,49,1,2,,,9.0,2,0,2017
1410220020601.0,14,141022,19,1,1,,,9.0,4,0,2017
1410220020601.0,14,141022,18,1,1,,,9.0,4,0,2017
1410220020701.0,14,141022,57,1,2,,,7.0,8,1,2017
1410220020701.0,14,141022,49,1,2,,,9.0,4,0,2017
1410220020701.0,14,141022,18,1,1,,,9.0,4,0,2017
1410220020801.0,14,141022,32,1,2,,,9.0,4,1,2017
1410220020801.0,14,141022,11,,1,,,7.0,6,0,2017
1410220020801.0,14,141022,7,,1,,,7.0,1,0,2017
1410220020801.0,14,141022,3,,2,,,1.0,,0,2017
1410220020901.0,14,141022,51,1,2,,,9.0,3,1,2017
1410220020901.0,14,141022,50,1,2,,,7.0,8,0,2017
1410220020901.0,14,141022,17,1,1,,,11.0,3,0,2017
1410220021001.0,14,141022,64,1,2,,,9.0,4,1,2017
1410220021101.0,14,141022,49,1,2,,,7.0,5,1,2017
1410220021101.0,14,141022,49,1,2,,,9.0,4,0,2017
1410220021101.0,14,141022,21,1,1,,,12.0,1,0,2017
1410220021101.0,14,141022,14,,1,,,7.0,8,0,2017
1410220021201.0,14,141022,90,1,2,,,6.0,6,1,2017
1410220021301.0,14,141022,44,1,2,,,9.0,4,1,2017
1410220021301.0,14,141022,37,1,2,,,9.0,4,0,2017
1410220021301.0,14,141022,12,,1,,,7.0,7,0,2017
1410220021401.0,14,141022,80,1,2,,,6.0,6,1,2017
1410220021401.0,14,141022,42,1,2,,,9.0,4,0,2017
1410220021401.0,14,141022,6,,1,,,4.0,,0,2017
1410220021501.0,14,141022,67,1,2,,,6.0,4,1,2017
1410220021501.0,14,141022,66,1,2,,,7.0,8,0,2017
1410220021501.0,14,141022,34,1,2,,,11.0,4,0,2017
1410220021601.0,14,141022,35,1,2,,,9.0,2,1,2017
1410220021601.0,14,141022,39,1,2,,,9.0,4,0,2017
1410220021601.0,14,141022,20,1,1,,,13.0,2,0,2017
1410220021601.0,14,141022,12,,1,,,7.0,7,0,2017
1410220021601.0,14,141022,5,,1,,,4.0,,0,2017
1410220021701.0,14,141022,81,1,2,,,6.0,4,1,2017
1410220021701.0,14,141022,48,1,2,,,9.0,3,0,2017
1410220021701.0,14,141022,54,1,2,,,9.0,4,0,2017
1410220021801.0,14,141022,38,1,2,,,11.0,4,1,2017
1410220021801.0,14,141022,19,1,2,7,3,11.0,4,0,2017
1410220021801.0,14,141022,4,,1,,,4.0,,0,2017
1410220021901.0,14,141022,52,1,2,,,9.0,4,1,2017
1410220021901.0,14,141022,42,1,2,,,9.0,4,0,2017
1410220021901.0,14,141022,24,1,1,,,13.0,4,0,2017
1410220021901.0,14,141022,20,1,1,,,13.0,3,0,2017
1410220021901.0,14,141022,16,1,1,,,9.0,3,0,2017
1410220021901.0,14,141022,8,,1,,,7.0,2,0,2017
1410220021901.0,14,141022,4,,1,,,3.0,,0,2017
1410220030101.0,14,141022,46,1,2,,,7.0,8,1,2017
1410220030101.0,14,141022,43,1,2,,,9.0,4,0,2017
1410220030101.0,14,141022,25,1,2,99,9,9.0,4,0,2017
1410220030101.0,14,141022,16,1,1,,,9.0,2,0,2017
1410220030101.0,14,141022,6,,1,,,4.0,,0,2017
1410220030201.0,14,141022,59,1,2,,,7.0,8,1,2017
1410220030201.0,14,141022,53,1,2,,,7.0,4,0,2017
1410220030301.0,14,141022,50,1,2,,,7.0,8,1,2017
1410220030301.0,14,141022,43,1,2,,,9.0,4,0,2017
1410220030301.0,14,141022,17,1,1,,,9.0,3,0,2017
1410220030301.0,14,141022,18,1,1,,,9.0,2,0,2017
1410220030401.0,14,141022,68,1,2,,,6.0,3,1,2017
1410220030401.0,14,141022,53,4,2,,,9.0,1,0,2017
1410220030401.0,14,141022,20,1,2,99,9,7.0,8,0,2017
1410220030601.0,14,141022,31,1,2,,,9.0,2,1,2017
1410220030601.0,14,141022,14,,1,,,7.0,6,0,2017
1410220030601.0,14,141022,8,,1,,,7.0,3,0,2017
1410220030701.0,14,141022,66,1,2,,,7.0,3,1,2017
1410220030701.0,14,141022,60,1,2,,,7.0,7,0,2017
1410220030801.0,14,141022,50,1,2,,,7.0,8,1,2017
1410220030801.0,14,141022,52,1,2,,,9.0,4,0,2017
1410220030801.0,14,141022,13,,1,,,7.0,8,0,2017
1410220030901.0,14,141022,53,1,2,,,9.0,2,1,2017
1410220030901.0,14,141022,55,1,2,,,9.0,2,0,2017
1410220030901.0,14,141022,26,1,2,12,1,13.0,4,0,2017
1410220030901.0,14,141022,10,,1,,,7.0,5,0,2017
1410220031001.0,14,141022,57,1,2,,,7.0,8,1,2017
1410220031001.0,14,141022,18,1,1,,,9.0,3,0,2017
1410220031001.0,14,141022,28,1,2,12,4,9.0,4,0,2017
1410220031101.0,14,141022,47,1,2,,,9.0,4,1,2017
1410220031101.0,14,141022,58,1,2,,,9.0,4,0,2017
1410220031201.0,14,141022,64,1,2,,,7.0,5,1,2017
1410220031201.0,14,141022,57,1,2,,,9.0,3,0,2017
1410220031201.0,14,141022,19,1,1,,,13.0,1,0,2017
1410220031201.0,14,141022,17,1,1,,,9.0,3,0,2017
1410220031201.0,14,141022,14,,1,,,7.0,5,0,2017
1410220031201.0,14,141022,10,,1,,,7.0,4,0,2017
1410220031301.0,14,141022,30,1,2,99,9,13.0,3,1,2017
1410220031301.0,14,141022,30,1,1,,,12.0,1,0,2017
1410220031301.0,14,141022,8,,1,,,7.0,3,0,2017
1410220031301.0,14,141022,7,,1,,,7.0,2,0,2017
1410220031301.0,14,141022,2,,1,,,2.0,,0,2017
1410220031401.0,14,141022,58,1,2,,,7.0,5,1,2017
1410220031401.0,14,141022,21,1,2,12,4,7.0,8,0,2017
1410220031501.0,14,141022,77,1,2,,,6.0,6,1,2017
1410220031501.0,14,141022,72,1,2,,,7.0,2,0,2017
1410220031501.0,14,141022,29,1,2,4,4,9.0,1,0,2017
1410220031501.0,14,141022,14,,1,,,9.0,1,0,2017
1410220031601.0,14,141022,30,1,2,7,4,9.0,4,1,2017
1410220031601.0,14,141022,40,1,2,,,13.0,5,0,2017
1410220031601.0,14,141022,7,,1,,,7.0,1,0,2017
1410220031601.0,14,141022,2,,1,,,2.0,,0,2017
1410220031701.0,14,141022,46,1,2,,,12.0,3,1,2017
1410220031701.0,14,141022,45,1,2,,,12.0,3,0,2017
1410220031701.0,14,141022,6,,1,,,4.0,,0,2017
1410220031701.0,14,141022,2,,1,,,2.0,,0,2017
1410220031801.0,14,141022,73,1,2,,,6.0,5,1,2017
1410220031801.0,14,141022,49,1,2,,,7.0,8,0,2017
1410220031801.0,14,141022,21,1,2,12,3,9.0,4,0,2017
1410220031801.0,14,141022,19,1,2,6,4,9.0,1,0,2017
1410220031801.0,14,141022,16,1,1,,,9.0,1,0,2017
1410220031901.0,14,141022,76,1,2,,,7.0,3,1,2017
1410220031901.0,14,141022,60,1,2,,,7.0,6,0,2017
1410220031901.0,14,141022,17,1,1,,,11.0,3,0,2017
1410220032001.0,14,141022,41,1,2,,,11.0,4,1,2017
1410230010201.0,14,141023,77,4,2,,,1.0,,1,2017
1410230010201.0,14,141023,52,1,2,,,7.0,5,0,2017
1410230010201.0,14,141023,10,,1,,,7.0,4,0,2017
1410230010301.0,14,141023,54,4,2,,,1.0,,1,2017
1410230010301.0,14,141023,51,4,2,,,1.0,,0,2017
1410230010301.0,14,141023,9,,1,,,7.0,3,0,2017
1410230010301.0,14,141023,4,,1,,,3.0,,0,2017
1410230010401.0,14,141023,77,2,2,,,7.0,1,1,2017
1410230010501.0,14,141023,64,1,2,,,6.0,6,1,2017
1410230010501.0,14,141023,22,1,1,,,13.0,3,0,2017
1410230010501.0,14,141023,16,1,1,,,9.0,3,0,2017
1410230010701.0,14,141023,65,1,2,,,9.0,4,1,2017
1410230010701.0,14,141023,57,1,2,,,9.0,1,0,2017
1410230010701.0,14,141023,16,1,1,,,9.0,3,0,2017
1410230010801.0,14,141023,31,1,1,,,12.0,2,1,2017
1410230010801.0,14,141023,31,1,2,,,9.0,3,0,2017
1410230010801.0,14,141023,13,,1,,,7.0,7,0,2017
1410230010801.0,14,141023,6,,1,,,4.0,,0,2017
1410230010901.0,14,141023,64,1,2,,,7.0,6,1,2017
1410230011001.0,14,141023,66,2,2,,,1.0,,1,2017
1410230011001.0,14,141023,58,1,2,,,9.0,4,0,2017
1410230011101.0,14,141023,42,1,2,,,9.0,4,1,2017
1410230011101.0,14,141023,35,1,2,,,7.0,8,0,2017
1410230011101.0,14,141023,16,1,1,,,9.0,2,0,2017
1410230011101.0,14,141023,10,,1,,,7.0,5,0,2017
1410230011101.0,14,141023,8,,1,,,7.0,3,0,2017
1410230011201.0,14,141023,72,1,2,,,6.0,4,1,2017
1410230011201.0,14,141023,73,1,2,,,6.0,6,0,2017
1410230011301.0,14,141023,38,1,2,,,7.0,8,1,2017
1410230011301.0,14,141023,38,1,2,,,12.0,3,0,2017
1410230011301.0,14,141023,15,1,1,,,9.0,2,0,2017
1410230011301.0,14,141023,5,,1,,,4.0,,0,2017
1410230011301.0,14,141023,3,,1,,,3.0,,0,2017
1410230011601.0,14,141023,52,1,2,,,7.0,7,1,2017
1410230011701.0,14,141023,60,1,2,,,7.0,4,1,2017
1410230011701.0,14,141023,50,1,2,,,7.0,4,0,2017
1410230011701.0,14,141023,93,1,2,,,6.0,3,0,2017
1410230011701.0,14,141023,26,1,2,12,3,9.0,1,0,2017
1410230020301.0,14,141023,54,1,2,,,7.0,5,1,2017
1410230020401.0,14,141023,49,1,2,,,7.0,8,1,2017
1410230020401.0,14,141023,55,1,2,,,7.0,5,0,2017
1410230020401.0,14,141023,21,1,1,,,13.0,4,0,2017
1410230020401.0,14,141023,11,,1,,,7.0,6,0,2017
1410230020501.0,14,141023,54,1,2,,,7.0,2,1,2017
1410230020701.0,14,141023,82,1,2,,,6.0,4,1,2017
1410230020701.0,14,141023,77,1,2,,,6.0,4,0,2017
1410230020701.0,14,141023,57,1,2,,,7.0,6,0,2017
1410230020801.0,14,141023,77,1,2,,,6.0,5,1,2017
1410230020801.0,14,141023,76,1,2,,,6.0,2,0,2017
1410230020901.0,14,141023,62,1,2,,,9.0,4,1,2017
1410230020902.0,14,141023,24,1,2,12,9,7.0,8,1,2017
1410230020902.0,14,141023,20,1,2,1,9,9.0,1,0,2017
1410230020902.0,14,141023,4,,2,,,1.0,,0,2017
1410230021001.0,14,141023,61,1,2,,,7.0,5,1,2017
1410230021001.0,14,141023,68,4,2,,,7.0,2,0,2017
1410230021101.0,14,141023,54,1,2,,,7.0,8,1,2017
1410230021301.0,14,141023,83,1,2,,,7.0,8,1,2017
1410230021301.0,14,141023,51,1,2,,,9.0,3,0,2017
1410230021501.0,14,141023,54,1,2,,,7.0,3,1,2017
1410230021501.0,14,141023,53,1,2,,,7.0,8,0,2017
1410230021701.0,14,141023,75,2,2,,,7.0,4,1,2017
1410310010101.0,14,141031,79,1,2,,,6.0,2,1,2017
1410310010101.0,14,141031,50,1,2,,,9.0,4,0,2017
1410310010201.0,14,141031,31,1,2,,,12.0,3,1,2017
1410310010201.0,14,141031,28,1,1,,,13.0,2,0,2017
1410310010201.0,14,141031,3,,1,,,4.0,,0,2017
1410310020101.0,14,141031,34,1,2,,,13.0,5,1,2017
1410310020101.0,14,141031,1,,2,,,1.0,,0,2017
1410310020201.0,14,141031,21,1,2,6,4,9.0,3,1,2017
1410310030201.0,14,141031,55,1,2,,,9.0,4,1,2017
1410310030201.0,14,141031,58,1,2,,,9.0,4,0,2017
1410310030401.0,14,141031,35,1,2,,,11.0,4,1,2017
1410310030401.0,14,141031,42,1,2,,,12.0,3,0,2017
1410310030401.0,14,141031,15,1,1,,,9.0,1,0,2017
1410310030401.0,14,141031,8,,1,,,7.0,3,0,2017
1410310030501.0,14,141031,74,1,2,,,8.0,2,1,2017
1410310030501.0,14,141031,67,1,2,,,8.0,4,0,2017
1410310030601.0,14,141031,66,1,2,,,7.0,8,1,2017
1410310030601.0,14,141031,66,1,2,,,8.0,4,0,2017
1410310030701.0,14,141031,66,1,2,,,6.0,4,1,2017
1410310030701.0,14,141031,59,1,2,,,7.0,7,0,2017
1410310030701.0,14,141031,26,1,1,,,12.0,1,0,2017
1410310030701.0,14,141031,16,1,1,,,9.0,2,0,2017
1410310030701.0,14,141031,4,,1,,,4.0,,0,2017
1410310030901.0,14,141031,69,1,2,,,13.0,6,1,2017
1410310031001.0,14,141031,75,1,2,,,8.0,4,1,2017
1410310031001.0,14,141031,53,1,2,,,13.0,5,0,2017
1410310040101.0,14,141031,42,1,2,,,9.0,4,1,2017
1410310040101.0,14,141031,48,1,2,,,9.0,4,0,2017
1410310040101.0,14,141031,87,4,2,,,8.0,6,0,2017
1410310040201.0,14,141031,67,1,2,,,10.0,4,1,2017
1410310040201.0,14,141031,64,1,2,,,7.0,8,0,2017
1410310040201.0,14,141031,70,1,2,,,6.0,6,0,2017
1410310040301.0,14,141031,75,1,2,,,8.0,1,1,2017
1410310050101.0,14,141031,60,4,2,,,6.0,1,1,2017
1410310050201.0,14,141031,50,1,2,,,9.0,4,1,2017
1410310050201.0,14,141031,44,1,2,,,9.0,4,0,2017
1410310050201.0,14,141031,21,4,2,12,4,9.0,1,0,2017
1410310050201.0,14,141031,11,,1,,,7.0,5,0,2017
1410310050401.0,14,141031,51,1,2,,,7.0,8,1,2017
1410310050401.0,14,141031,58,1,2,,,7.0,8,0,2017
1410310050401.0,14,141031,17,1,1,,,9.0,4,0,2017
1410310050401.0,14,141031,28,1,2,12,4,9.0,4,0,2017
1410310050401.0,14,141031,11,,1,,,7.0,6,0,2017
1410310050401.0,14,141031,8,,1,,,7.0,1,0,2017
1410310050401.0,14,141031,29,1,2,12,4,11.0,4,0,2017
1410310060101.0,14,141031,56,1,2,,,13.0,5,1,2017
1410310060101.0,14,141031,50,1,2,,,12.0,3,0,2017
1410310060201.0,14,141031,60,1,2,,,9.0,4,1,2017
1410310060201.0,14,141031,50,1,2,,,9.0,4,0,2017
1410310060301.0,14,141031,75,1,2,,,6.0,6,1,2017
1410310060301.0,14,141031,69,1,2,,,6.0,3,0,2017
1410310060301.0,14,141031,18,1,1,,,11.0,3,0,2017
1410310060301.0,14,141031,13,,1,,,7.0,5,0,2017
1410310060401.0,14,141031,60,1,2,,,9.0,4,1,2017
1410310060401.0,14,141031,40,1,2,,,11.0,4,0,2017
1410310060401.0,14,141031,43,1,2,,,12.0,3,0,2017
1410310060401.0,14,141031,14,,1,,,9.0,1,0,2017
1410310060401.0,14,141031,11,,1,,,7.0,5,0,2017
1410310060501.0,14,141031,63,1,2,,,9.0,4,1,2017
1410310060701.0,14,141031,59,1,2,,,13.0,5,1,2017
1410310060701.0,14,141031,55,1,2,,,9.0,4,0,2017
1410310060701.0,14,141031,26,1,2,7,2,13.0,4,0,2017
1410310060701.0,14,141031,23,1,1,,,13.0,3,0,2017
1410310060801.0,14,141031,32,1,2,,,9.0,4,1,2017
1410310060801.0,14,141031,28,1,2,12,4,9.0,4,0,2017
1410310060801.0,14,141031,9,,1,,,7.0,4,0,2017
1410310060901.0,14,141031,55,1,2,,,9.0,4,1,2017
1410310060901.0,14,141031,30,1,2,7,4,12.0,3,0,2017
1410310060901.0,14,141031,24,1,2,7,4,12.0,3,0,2017
1410310060901.0,14,141031,32,1,2,,,11.0,4,0,2017
1410310060901.0,14,141031,2,,1,,,2.0,,0,2017
1410310070101.0,14,141031,62,1,2,,,8.0,6,1,2017
1410310070101.0,14,141031,61,1,2,,,8.0,6,0,2017
1410310070102.0,14,141031,30,1,2,12,4,9.0,4,1,2017
1410310070102.0,14,141031,28,1,2,1,4,9.0,4,0,2017
1410310070102.0,14,141031,4,,1,,,4.0,,0,2017
1410310070102.0,14,141031,1,,2,,,1.0,,0,2017
1410310070201.0,14,141031,42,1,2,,,7.0,8,1,2017
1410310070201.0,14,141031,19,1,2,7,2,11.0,4,0,2017
1410310070201.0,14,141031,69,1,2,,,7.0,8,0,2017
1410310070201.0,14,141031,6,,1,,,7.0,1,0,2017
1410310070301.0,14,141031,58,2,2,,,9.0,4,1,2017
1410310070301.0,14,141031,55,1,2,,,9.0,4,0,2017
1410310070401.0,14,141031,44,1,2,,,13.0,5,1,2017
1410310070401.0,14,141031,15,1,1,,,9.0,2,0,2017
1410310070401.0,14,141031,13,,1,,,7.0,8,0,2017
1410310070401.0,14,141031,3,,2,,,1.0,,0,2017
1410310080101.0,14,141031,70,1,2,,,7.0,6,1,2017
1410310080101.0,14,141031,45,1,2,,,9.0,1,0,2017
1410310080101.0,14,141031,24,1,2,6,4,7.0,8,0,2017
1410310080101.0,14,141031,20,1,2,12,3,7.0,8,0,2017
1410310080401.0,14,141031,35,1,2,,,11.0,4,1,2017
1410310080401.0,14,141031,9,,1,,,7.0,4,0,2017
1410310090101.0,14,141031,64,1,2,,,7.0,3,1,2017
1410310090101.0,14,141031,67,1,2,,,7.0,3,0,2017
1410310090101.0,14,141031,26,1,2,12,4,9.0,1,0,2017
1410310090201.0,14,141031,61,1,2,,,7.0,3,1,2017
1410310090201.0,14,141031,20,1,2,7,3,9.0,4,0,2017
1410310090301.0,14,141031,82,4,2,,,1.0,,1,2017
1410310090301.0,14,141031,79,1,2,,,6.0,1,0,2017
1410310090501.0,14,141031,44,1,2,,,7.0,8,1,2017
1410310090501.0,14,141031,37,1,2,,,9.0,4,0,2017
1410310090501.0,14,141031,7,,1,,,7.0,2,0,2017
1410310090601.0,14,141031,70,1,2,,,7.0,8,1,2017
1410310090601.0,14,141031,67,1,2,,,7.0,8,0,2017
1410310090701.0,14,141031,55,1,2,,,7.0,8,1,2017
1410310090801.0,14,141031,61,1,2,,,9.0,2,1,2017
1410310090801.0,14,141031,64,1,2,,,7.0,5,0,2017
1410310090801.0,14,141031,22,1,2,7,2,12.0,3,0,2017
1410310090901.0,14,141031,54,1,2,,,7.0,8,1,2017
1410310091001.0,14,141031,22,1,1,,,12.0,2,1,2017
1410310091001.0,14,141031,3,,2,,,1.0,,0,2017
1410310100101.0,14,141031,80,4,2,,,1.0,,1,2017
1410310100201.0,14,141031,36,1,2,,,9.0,2,1,2017
1410310100201.0,14,141031,26,1,2,2,4,9.0,4,0,2017
1410310100201.0,14,141031,0,,2,,,1.0,,0,2017
1410310100301.0,14,141031,65,1,2,,,7.0,1,1,2017
1410310100301.0,14,141031,16,1,1,,,9.0,2,0,2017
1410310100401.0,14,141031,64,1,2,,,7.0,5,1,2017
1410310100401.0,14,141031,43,1,2,,,9.0,4,0,2017
1410310100401.0,14,141031,23,1,2,12,4,9.0,4,0,2017
1410310110101.0,14,141031,63,1,2,,,7.0,8,1,2017
1410310110101.0,14,141031,69,1,2,,,7.0,6,0,2017
1410310110101.0,14,141031,26,1,1,,,12.0,2,0,2017
1410310110101.0,14,141031,0,,2,,,1.0,,0,2017
1410310110201.0,14,141031,65,1,2,,,7.0,4,1,2017
1410310110401.0,14,141031,73,2,2,,,6.0,1,1,2017
1410310110401.0,14,141031,34,1,2,,,13.0,5,0,2017
1410310120101.0,14,141031,62,1,2,,,7.0,8,1,2017
1410310120101.0,14,141031,36,1,2,,,9.0,4,0,2017
1410310120101.0,14,141031,19,1,1,,,13.0,2,0,2017
1410310120101.0,14,141031,7,,1,,,7.0,1,0,2017
1410310120201.0,14,141031,64,1,2,,,9.0,2,1,2017
1410310120201.0,14,141031,88,1,2,,,7.0,6,0,2017
1410310120301.0,14,141031,76,1,2,,,6.0,3,1,2017
1410310120401.0,14,141031,60,4,2,,,1.0,,1,2017
1410310120401.0,14,141031,55,1,2,,,7.0,8,0,2017
1410310120401.0,14,141031,25,1,2,12,4,9.0,4,0,2017
1410310120501.0,14,141031,77,1,2,,,7.0,6,1,2017
1410310120501.0,14,141031,68,1,2,,,7.0,5,0,2017
1410310120501.0,14,141031,24,1,1,,,13.0,3,0,2017
1410310120601.0,14,141031,42,1,2,,,13.0,5,1,2017
1410310120601.0,14,141031,36,1,2,,,13.0,2,0,2017
1410310120601.0,14,141031,10,,1,,,7.0,5,0,2017
1410310120601.0,14,141031,8,,1,,,7.0,3,0,2017
1410310120701.0,14,141031,43,1,2,,,13.0,2,1,2017
1410310120801.0,14,141031,56,1,2,,,7.0,8,1,2017
1410310120801.0,14,141031,87,1,2,,,2.0,,0,2017
1410310120901.0,14,141031,80,1,2,,,1.0,,1,2017
1410310121001.0,14,141031,79,1,2,,,7.0,4,1,2017
1410310130101.0,14,141031,66,1,2,,,8.0,2,1,2017
1410310130101.0,14,141031,69,1,2,,,10.0,4,0,2017
1410310130201.0,14,141031,46,1,2,,,7.0,8,1,2017
1410310130201.0,14,141031,56,1,2,,,7.0,8,0,2017
1410310130201.0,14,141031,19,1,1,,,13.0,2,0,2017
1410310130201.0,14,141031,3,,1,,,3.0,,0,2017
1410310130301.0,14,141031,35,1,2,,,13.0,3,1,2017
1410310130301.0,14,141031,33,1,2,,,13.0,3,0,2017
1410310130301.0,14,141031,6,,2,,,1.0,,0,2017
1410310130301.0,14,141031,4,,2,,,1.0,,0,2017
1410310130301.0,14,141031,3,,2,,,1.0,,0,2017
1410310130401.0,14,141031,70,1,2,,,6.0,6,1,2017
1410310130401.0,14,141031,88,1,2,,,8.0,1,0,2017
1410310130401.0,14,141031,34,1,2,,,7.0,8,0,2017
1410330010101.0,14,141033,50,1,2,,,12.0,2,1,2017
1410330010101.0,14,141033,43,1,2,,,12.0,1,0,2017
1410330010101.0,14,141033,18,1,1,,,9.0,4,0,2017
1410330010101.0,14,141033,5,,1,,,4.0,,0,2017
1410330010201.0,14,141033,70,1,2,,,7.0,6,1,2017
1410330010201.0,14,141033,63,1,2,,,9.0,4,0,2017
1410330010301.0,14,141033,77,1,2,,,7.0,6,1,2017
1410330010301.0,14,141033,76,1,2,,,7.0,6,0,2017
1410330010401.0,14,141033,89,1,2,,,6.0,4,1,2017
1410330010401.0,14,141033,89,1,2,,,6.0,4,0,2017
1410330010501.0,14,141033,44,1,2,,,7.0,8,1,2017
1410330010501.0,14,141033,38,1,2,,,9.0,4,0,2017
1410330010501.0,14,141033,19,1,1,,,13.0,1,0,2017
1410330010501.0,14,141033,12,,1,,,7.0,6,0,2017
1410330010601.0,14,141033,47,1,2,,,9.0,4,1,2017
1410330010601.0,14,141033,43,1,2,,,9.0,4,0,2017
1410330010601.0,14,141033,24,1,1,,,13.0,4,0,2017
1410330010601.0,14,141033,17,1,1,,,9.0,3,0,2017
1410330010701.0,14,141033,44,1,2,,,7.0,8,1,2017
1410330010701.0,14,141033,38,1,2,,,9.0,4,0,2017
1410330010701.0,14,141033,19,1,1,,,13.0,2,0,2017
1410330010701.0,14,141033,12,,1,,,7.0,6,0,2017
1410330010801.0,14,141033,77,1,2,,,1.0,,1,2017
1410330010901.0,14,141033,82,1,2,,,6.0,3,1,2017
1410330010901.0,14,141033,89,1,2,,,6.0,3,0,2017
1410330011001.0,14,141033,68,1,2,,,7.0,8,1,2017
1410330011001.0,14,141033,48,1,2,,,9.0,4,0,2017
1410330011101.0,14,141033,52,1,2,,,7.0,6,1,2017
1410330011101.0,14,141033,52,1,2,,,7.0,6,0,2017
1410330011101.0,14,141033,26,1,2,12,9,9.0,4,0,2017
1410330011101.0,14,141033,20,1,2,12,9,9.0,4,0,2017
1410330011101.0,14,141033,14,,1,,,7.0,8,0,2017
1410330011101.0,14,141033,4,,1,,,3.0,,0,2017
1410330011101.0,14,141033,74,1,2,,,7.0,3,0,2017
1410330011201.0,14,141033,51,1,2,,,9.0,2,1,2017
1410330011201.0,14,141033,49,1,2,,,9.0,4,0,2017
1410330011201.0,14,141033,14,,1,,,7.0,8,0,2017
1410330011301.0,14,141033,48,1,2,,,9.0,1,1,2017
1410330011301.0,14,141033,48,1,2,,,9.0,4,0,2017
1410330011301.0,14,141033,21,1,2,12,4,9.0,4,0,2017
1410330011301.0,14,141033,8,,1,,,7.0,3,0,2017
1410330011301.0,14,141033,6,,1,,,4.0,,0,2017
1410330011401.0,14,141033,33,1,2,,,11.0,4,1,2017
1410330011401.0,14,141033,36,1,2,,,9.0,4,0,2017
1410330011401.0,14,141033,6,,1,,,7.0,1,0,2017
1410330011701.0,14,141033,53,1,2,,,7.0,8,1,2017
1410330011701.0,14,141033,47,1,2,,,7.0,8,0,2017
1410330011701.0,14,141033,21,1,1,,,12.0,2,0,2017
1410330011701.0,14,141033,17,1,2,7,1,11.0,4,0,2017
1410330011701.0,14,141033,3,,2,,,1.0,,0,2017
1410330011801.0,14,141033,49,1,2,,,9.0,4,1,2017
1410330011801.0,14,141033,49,1,2,,,7.0,6,0,2017
1410330011801.0,14,141033,22,1,2,99,9,13.0,4,0,2017
1410330011901.0,14,141033,28,1,2,12,4,9.0,4,1,2017
1410330011901.0,14,141033,53,1,2,,,7.0,8,0,2017
1410330011901.0,14,141033,20,1,2,1,4,9.0,4,0,2017
1410330011901.0,14,141033,18,1,1,,,13.0,1,0,2017
1410330011901.0,14,141033,14,,1,,,9.0,1,0,2017
1410330011901.0,14,141033,10,,1,,,7.0,5,0,2017
1410330012001.0,14,141033,35,1,2,,,7.0,6,1,2017
1410330012001.0,14,141033,28,1,2,7,4,9.0,4,0,2017
1410330012001.0,14,141033,4,,1,,,3.0,,0,2017
1410330020101.0,14,141033,82,1,2,,,6.0,4,1,2017
1410330020101.0,14,141033,50,1,2,,,9.0,2,0,2017
1410330020201.0,14,141033,34,1,2,,,7.0,8,1,2017
1410330020201.0,14,141033,35,1,2,,,7.0,8,0,2017
1410330020201.0,14,141033,15,1,1,,,11.0,1,0,2017
1410330020201.0,14,141033,13,,1,,,7.0,6,0,2017
1410330020201.0,14,141033,10,,1,,,7.0,5,0,2017
1410330020201.0,14,141033,6,,1,,,4.0,,0,2017
1410330020301.0,14,141033,22,1,2,12,4,9.0,4,1,2017
1410330020301.0,14,141033,28,1,2,12,4,9.0,4,0,2017
1410330020401.0,14,141033,53,1,2,,,7.0,3,1,2017
1410330020401.0,14,141033,48,1,2,,,7.0,3,0,2017
1410330020401.0,14,141033,22,4,2,17,9,7.0,3,0,2017
1410330020501.0,14,141033,78,1,2,,,,99,1,2017
1410330020501.0,14,141033,31,1,2,,,9.0,4,0,2017
1410330020501.0,14,141033,40,1,2,,,9.0,4,0,2017
1410330020501.0,14,141033,12,,1,,,7.0,6,0,2017
1410330020501.0,14,141033,9,,1,,,7.0,3,0,2017
1410330020601.0,14,141033,31,1,2,,,9.0,4,1,2017
1410330020601.0,14,141033,27,1,2,1,4,9.0,4,0,2017
1410330020601.0,14,141033,2,,2,,,1.0,,0,2017
1410330020701.0,14,141033,41,1,2,,,11.0,4,1,2017
1410330020701.0,14,141033,39,1,2,,,12.0,3,0,2017
1410330020701.0,14,141033,19,1,1,,,9.0,4,0,2017
1410330020701.0,14,141033,11,,1,,,7.0,6,0,2017
1410330020801.0,14,141033,30,1,2,12,4,9.0,4,1,2017
1410330020801.0,14,141033,26,1,2,3,4,9.0,4,0,2017
1410330020801.0,14,141033,8,,1,,,7.0,2,0,2017
1410330020801.0,14,141033,4,,1,,,4.0,,0,2017
1410330020901.0,14,141033,53,1,2,,,11.0,4,1,2017
1410330020901.0,14,141033,49,1,2,,,9.0,4,0,2017
1410330020901.0,14,141033,21,1,2,12,4,11.0,4,0,2017
1410330020901.0,14,141033,18,1,1,,,11.0,3,0,2017
1410330020901.0,14,141033,76,1,2,,,6.0,3,0,2017
1410330021001.0,14,141033,58,1,2,,,13.0,4,1,2017
1410330021001.0,14,141033,51,1,2,,,9.0,4,0,2017
1410330021001.0,14,141033,20,1,1,,,13.0,1,0,2017
1410330021001.0,14,141033,23,1,2,17,9,13.0,3,0,2017
1410330021001.0,14,141033,30,1,2,17,9,13.0,6,0,2017
1410330021101.0,14,141033,30,1,2,3,4,9.0,4,1,2017
1410330021101.0,14,141033,9,,1,,,7.0,3,0,2017
1410330021201.0,14,141033,63,1,2,,,7.0,8,1,2017
1410330021201.0,14,141033,54,1,2,,,7.0,6,0,2017
1410330021201.0,14,141033,31,1,2,,,9.0,2,0,2017
1410330021301.0,14,141033,35,1,2,,,9.0,4,1,2017
1410330021301.0,14,141033,31,1,1,,,12.0,1,0,2017
1410330021301.0,14,141033,17,1,1,,,9.0,3,0,2017
1410330021401.0,14,141033,39,1,2,,,11.0,4,1,2017
1410330021401.0,14,141033,42,1,2,,,9.0,4,0,2017
1410330021401.0,14,141033,13,,1,,,7.0,8,0,2017
1410330021501.0,14,141033,43,1,2,,,13.0,2,1,2017
1410330021501.0,14,141033,42,1,2,,,7.0,7,0,2017
1410330021501.0,14,141033,20,1,1,,,13.0,2,0,2017
1410330021501.0,14,141033,11,,1,,,7.0,6,0,2017
1410330021501.0,14,141033,3,,1,,,4.0,,0,2017
1410330021501.0,14,141033,3,,1,,,4.0,,0,2017
1410330021601.0,14,141033,54,1,2,,,7.0,8,1,2017
1410330021601.0,14,141033,50,1,2,,,9.0,2,0,2017
1410330021601.0,14,141033,22,1,1,,,13.0,3,0,2017
1410330021701.0,14,141033,62,1,2,,,9.0,2,1,2017
1410330021701.0,14,141033,54,1,2,,,9.0,2,0,2017
1410330021701.0,14,141033,21,1,1,,,13.0,2,0,2017
1410330021801.0,14,141033,51,1,2,,,7.0,8,1,2017
1410330021801.0,14,141033,79,1,2,,,7.0,2,0,2017
1410330021801.0,14,141033,54,1,2,,,7.0,6,0,2017
1410330021801.0,14,141033,31,1,2,,,9.0,4,0,2017
1410330021801.0,14,141033,12,,1,,,7.0,7,0,2017
1410330021801.0,14,141033,8,,1,,,7.0,3,0,2017
1410330021801.0,14,141033,3,,1,,,3.0,,0,2017
1410330021901.0,14,141033,56,1,2,,,9.0,2,1,2017
1410330021901.0,14,141033,46,1,2,,,9.0,2,0,2017
1410330021901.0,14,141033,21,1,1,,,13.0,1,0,2017
1410330021901.0,14,141033,9,,1,,,7.0,3,0,2017
1410330030101.0,14,141033,83,1,2,,,7.0,6,1,2017
1410330030101.0,14,141033,86,1,2,,,7.0,3,0,2017
1410330030101.0,14,141033,52,1,2,,,9.0,4,0,2017
1410330030201.0,14,141033,85,1,2,,,7.0,6,1,2017
1410330030201.0,14,141033,78,1,2,,,7.0,6,0,2017
1410330030301.0,14,141033,70,1,2,,,7.0,3,1,2017
1410330030301.0,14,141033,62,1,2,,,7.0,3,0,2017
1410330030301.0,14,141033,42,1,2,,,7.0,6,0,2017
1410330030301.0,14,141033,41,1,2,,,7.0,6,0,2017
1410330030301.0,14,141033,21,1,2,12,9,9.0,3,0,2017
1410330030401.0,14,141033,57,1,2,,,7.0,8,1,2017
1410330030401.0,14,141033,61,1,2,,,9.0,3,0,2017
1410330030401.0,14,141033,28,1,2,12,4,9.0,4,0,2017
1410330030401.0,14,141033,11,,1,,,7.0,5,0,2017
1410330030401.0,14,141033,11,,1,,,7.0,5,0,2017
1410330030401.0,14,141033,1,,2,,,1.0,,0,2017
1410330030501.0,14,141033,46,1,2,,,7.0,6,1,2017
1410330030501.0,14,141033,40,1,2,,,7.0,2,0,2017
1410330030501.0,14,141033,22,1,1,,,13.0,2,0,2017
1410330030501.0,14,141033,17,1,1,,,9.0,3,0,2017
1410330030501.0,14,141033,12,,1,,,7.0,6,0,2017
1410330030501.0,14,141033,11,,1,,,7.0,5,0,2017
1410330030501.0,14,141033,5,,2,,,1.0,,0,2017
1410330030501.0,14,141033,16,1,1,,,7.0,7,0,2017
1410330030501.0,14,141033,87,4,2,,,1.0,,0,2017
1410330030601.0,14,141033,49,1,2,,,7.0,8,1,2017
1410330030601.0,14,141033,39,1,2,,,9.0,2,0,2017
1410330030601.0,14,141033,17,1,1,,,9.0,3,0,2017
1410330030601.0,14,141033,6,,1,,,7.0,1,0,2017
1410330030601.0,14,141033,4,,2,,,1.0,,0,2017
1410330030701.0,14,141033,103,1,2,,,6.0,3,1,2017
1410330030701.0,14,141033,85,1,2,,,6.0,2,0,2017
1410330030801.0,14,141033,68,1,2,,,6.0,2,1,2017
1410330030901.0,14,141033,48,1,2,,,7.0,8,1,2017
1410330030901.0,14,141033,78,4,2,,,1.0,,0,2017
1410330031001.0,14,141033,94,4,2,,,1.0,,1,2017
1410330031001.0,14,141033,77,1,2,,,6.0,3,0,2017
1410330031001.0,14,141033,80,1,2,,,6.0,3,0,2017
1410330031101.0,14,141033,65,1,2,,,6.0,6,1,2017
1410330031101.0,14,141033,61,1,2,,,6.0,3,0,2017
1410330031102.0,14,141033,19,1,2,12,2,11.0,2,1,2017
1410330031102.0,14,141033,21,1,2,2,2,11.0,4,0,2017
1410330031201.0,14,141033,85,1,2,,,7.0,6,1,2017
1410330031201.0,14,141033,76,1,2,,,7.0,4,0,2017
1410330031201.0,14,141033,49,1,2,,,7.0,8,0,2017
1410330031201.0,14,141033,43,1,2,,,9.0,4,0,2017
1410330031201.0,14,141033,25,1,1,,,12.0,2,0,2017
1410330031301.0,14,141033,25,1,2,12,4,9.0,4,1,2017
1410330031301.0,14,141033,24,1,2,12,4,9.0,1,0,2017
1410330031301.0,14,141033,4,,2,,,1.0,,0,2017
1410330031301.0,14,141033,8,,1,,,7.0,2,0,2017
1410330031401.0,14,141033,71,1,2,,,9.0,1,1,2017
1410330031401.0,14,141033,61,1,2,,,7.0,8,0,2017
1410330031501.0,14,141033,55,1,2,,,9.0,2,1,2017
1410330031501.0,14,141033,51,1,2,,,9.0,2,0,2017
1410330031501.0,14,141033,14,,1,,,9.0,1,0,2017
1410330031601.0,14,141033,88,1,2,,,6.0,4,1,2017
1410330031701.0,14,141033,50,1,2,,,7.0,6,1,2017
1410330031701.0,14,141033,25,1,2,12,4,9.0,4,0,2017
1410330031801.0,14,141033,62,1,2,,,6.0,6,1,2017
1410330031801.0,14,141033,52,1,2,,,9.0,4,0,2017
1410330031901.0,14,141033,56,1,2,,,7.0,6,1,2017
1410330031901.0,14,141033,68,1,2,,,7.0,6,0,2017
1410410020101.0,14,141041,67,1,2,,,7.0,8,1,2017
1410410020201.0,14,141041,37,1,2,,,9.0,4,1,2017
1410410020201.0,14,141041,35,1,2,,,11.0,4,0,2017
1410410020201.0,14,141041,10,,1,,,7.0,4,0,2017
1410410020201.0,14,141041,2,,2,,,1.0,,0,2017
1410410020301.0,14,141041,65,1,2,,,7.0,8,1,2017
1410410020301.0,14,141041,52,1,2,,,9.0,2,0,2017
1410410020401.0,14,141041,73,4,2,,,1.0,,1,2017
1410410020401.0,14,141041,27,1,2,7,4,11.0,4,0,2017
1410410020401.0,14,141041,25,1,2,7,4,11.0,4,0,2017
1410410020401.0,14,141041,1,,2,,,1.0,,0,2017
1410410020401.0,14,141041,19,1,1,,,11.0,4,0,2017
1410410030101.0,14,141041,46,1,2,,,7.0,8,1,2017
1410410030101.0,14,141041,22,1,2,12,4,9.0,4,0,2017
1410410030101.0,14,141041,20,1,2,12,3,9.0,4,0,2017
1410410030301.0,14,141041,28,1,2,12,4,9.0,4,1,2017
1410410030301.0,14,141041,34,1,2,,,9.0,4,0,2017
1410410030401.0,14,141041,65,1,2,,,11.0,4,1,2017
1410410030401.0,14,141041,58,1,2,,,11.0,2,0,2017
1410410030401.0,14,141041,30,1,2,7,4,11.0,4,0,2017
1410410040101.0,14,141041,65,1,2,,,9.0,4,1,2017
1410410040201.0,14,141041,49,1,2,,,9.0,4,1,2017
1410410040201.0,14,141041,17,1,1,,,9.0,3,0,2017
1410410040201.0,14,141041,21,1,1,,,13.0,3,0,2017
1410410040401.0,14,141041,90,4,2,,,6.0,2,1,2017
1410410040401.0,14,141041,72,1,2,,,7.0,8,0,2017
1410410050101.0,14,141041,49,1,2,,,9.0,4,1,2017
1410410050101.0,14,141041,53,1,2,,,9.0,3,0,2017
1410410050101.0,14,141041,19,1,1,,,12.0,1,0,2017
1410410050201.0,14,141041,61,1,2,,,7.0,8,1,2017
1410410050201.0,14,141041,59,1,2,,,7.0,8,0,2017
1410410050201.0,14,141041,80,1,2,,,6.0,3,0,2017
1410410050301.0,14,141041,48,1,2,,,9.0,4,1,2017
1410410050301.0,14,141041,36,1,2,,,9.0,4,0,2017
1410410050301.0,14,141041,87,1,2,,,6.0,2,0,2017
1410410050301.0,14,141041,7,,1,,,7.0,1,0,2017
1410410050301.0,14,141041,2,,2,,,1.0,,0,2017
1410410060101.0,14,141041,62,1,2,,,7.0,7,1,2017
1410410060101.0,14,141041,48,1,2,,,9.0,4,0,2017
1410410060101.0,14,141041,7,,1,,,7.0,2,0,2017
1410410060201.0,14,141041,30,1,2,11,4,9.0,2,1,2017
1410410060201.0,14,141041,27,1,1,,,12.0,3,0,2017
1410410060201.0,14,141041,3,,1,,,3.0,,0,2017
1410410060301.0,14,141041,29,1,2,11,4,9.0,4,1,2017
1410410060301.0,14,141041,29,1,2,11,4,7.0,8,0,2017
1410410060301.0,14,141041,10,,1,,,7.0,4,0,2017
1410410060301.0,14,141041,6,,1,,,4.0,,0,2017
1410410060401.0,14,141041,34,1,2,,,9.0,4,1,2017
1410410060401.0,14,141041,29,1,2,11,4,11.0,4,0,2017
1410410060401.0,14,141041,9,,1,,,7.0,3,0,2017
1410410060401.0,14,141041,6,,1,,,7.0,1,0,2017
1410410060401.0,14,141041,5,,1,,,4.0,,0,2017
1410410060501.0,14,141041,60,1,2,,,9.0,3,1,2017
1410410060501.0,14,141041,25,1,1,,,13.0,4,0,2017
1410410060501.0,14,141041,54,1,2,,,9.0,1,0,2017
1410410060601.0,14,141041,54,1,2,,,7.0,3,1,2017
1410410060601.0,14,141041,49,1,2,,,7.0,3,0,2017
1410410060701.0,14,141041,34,1,2,,,7.0,8,1,2017
1410410060701.0,14,141041,8,,1,,,7.0,3,0,2017
1410410060701.0,14,141041,4,,1,,,3.0,,0,2017
1410410060701.0,14,141041,33,1,2,,,7.0,4,0,2017
1410410060701.0,14,141041,8,,1,,,7.0,3,0,2017
1410410060701.0,14,141041,2,,1,,,3.0,,0,2017
1410410060801.0,14,141041,51,1,2,,,9.0,4,1,2017
1410410060801.0,14,141041,12,,1,,,7.0,6,0,2017
1410410060801.0,14,141041,57,1,2,,,9.0,4,0,2017
1410410060801.0,14,141041,53,1,2,,,9.0,4,0,2017
1410410060901.0,14,141041,54,1,2,,,9.0,4,1,2017
1410410060901.0,14,141041,20,1,1,,,12.0,1,0,2017
1410410060901.0,14,141041,15,1,1,,,9.0,2,0,2017
1410410061001.0,14,141041,23,1,2,2,4,9.0,1,1,2017
1410410061001.0,14,141041,20,1,2,5,3,9.0,4,0,2017
1410410061001.0,14,141041,7,,1,,,7.0,1,0,2017
1410410061001.0,14,141041,0,,2,,,1.0,,0,2017
1410410061101.0,14,141041,64,1,2,,,6.0,6,1,2017
1410410061101.0,14,141041,66,1,2,,,6.0,5,0,2017
1410410070101.0,14,141041,54,1,2,,,9.0,4,1,2017
1410410070101.0,14,141041,26,1,2,12,4,11.0,4,0,2017
1410410070101.0,14,141041,21,1,2,2,4,11.0,4,0,2017
1410410070101.0,14,141041,1,,2,,,1.0,,0,2017
1410410070401.0,14,141041,68,1,2,,,7.0,6,1,2017
1410410080201.0,14,141041,87,4,2,,,1.0,,1,2017
1410410080201.0,14,141041,90,4,2,,,1.0,,0,2017
1410410080201.0,14,141041,65,1,2,,,7.0,8,0,2017
1410410080301.0,14,141041,46,1,2,,,7.0,8,1,2017
1410410080401.0,14,141041,70,1,2,,,1.0,,1,2017
1410410080401.0,14,141041,16,1,1,,,11.0,3,0,2017
1410410090101.0,14,141041,30,1,2,12,4,9.0,4,1,2017
1410410090101.0,14,141041,13,,1,,,7.0,8,0,2017
1410410090101.0,14,141041,7,,1,,,7.0,2,0,2017
1410410090101.0,14,141041,2,,1,,,3.0,,0,2017
1410410090201.0,14,141041,71,1,2,,,13.0,5,1,2017
1410410090401.0,14,141041,48,1,2,,,11.0,5,1,2017
1410410090401.0,14,141041,49,1,2,,,11.0,5,0,2017
1410410090401.0,14,141041,15,1,1,,,7.0,8,0,2017
1410410090401.0,14,141041,13,,1,,,7.0,7,0,2017
1410410090401.0,14,141041,10,,1,,,7.0,4,0,2017
1410410100201.0,14,141041,45,1,2,,,9.0,4,1,2017
1410410100201.0,14,141041,50,1,2,,,9.0,2,0,2017
1410410100201.0,14,141041,84,1,2,,,9.0,4,0,2017
1410410100201.0,14,141041,8,,1,,,7.0,2,0,2017
1410410100301.0,14,141041,76,1,2,,,9.0,4,1,2017
1410410100301.0,14,141041,51,1,2,,,15.0,99,0,2017
1410410100301.0,14,141041,17,1,1,,,9.0,1,0,2017
1410410100401.0,14,141041,53,1,2,,,7.0,8,1,2017
1410410100401.0,14,141041,90,1,2,,,11.0,4,0,2017
1410410100401.0,14,141041,32,1,2,,,11.0,4,0,2017
1410410100401.0,14,141041,22,1,1,,,13.0,4,0,2017
1410410100601.0,14,141041,84,2,2,,,1.0,,1,2017
1410410100701.0,14,141041,72,1,2,,,6.0,6,1,2017
1410410100701.0,14,141041,66,1,2,,,7.0,2,0,2017
1410410101001.0,14,141041,52,1,2,,,14.0,99,1,2017
1410410101001.0,14,141041,50,1,2,,,13.0,99,0,2017
1410410101001.0,14,141041,24,1,1,,,13.0,99,0,2017
1410410101001.0,14,141041,17,1,1,,,9.0,4,0,2017
1410410101101.0,14,141041,31,1,1,,,14.0,7,1,2017
1410410101101.0,14,141041,38,1,1,,,14.0,7,0,2017
1410410110201.0,14,141041,68,1,2,,,6.0,2,1,2017
1410410110201.0,14,141041,65,1,2,,,6.0,6,0,2017
1410410110301.0,14,141041,54,1,2,,,7.0,5,1,2017
1410410110301.0,14,141041,25,1,2,11,4,7.0,8,0,2017
1410410110301.0,14,141041,30,1,2,11,4,7.0,8,0,2017
1410410110301.0,14,141041,12,,1,,,7.0,6,0,2017
1410410110301.0,14,141041,7,,1,,,7.0,1,0,2017
1410410110301.0,14,141041,5,,1,,,4.0,,0,2017
1410410110401.0,14,141041,75,1,2,,,6.0,4,1,2017
1410410110401.0,14,141041,84,1,2,,,6.0,3,0,2017
1410410110401.0,14,141041,47,1,2,,,7.0,4,0,2017
1410410110401.0,14,141041,33,1,2,,,9.0,4,0,2017
1410410120101.0,14,141041,36,1,2,,,9.0,2,1,2017
1410410120101.0,14,141041,37,1,2,,,9.0,3,0,2017
1410410120101.0,14,141041,18,1,1,,,9.0,4,0,2017
1410410120101.0,14,141041,11,,1,,,7.0,5,0,2017
1410410120101.0,14,141041,12,,1,,,7.0,6,0,2017
1410410120101.0,14,141041,20,1,1,,,12.0,1,0,2017
1410410120201.0,14,141041,33,1,2,,,9.0,4,1,2017
1410410120201.0,14,141041,14,,1,,,7.0,8,0,2017
1410410120301.0,14,141041,71,1,2,,,6.0,4,1,2017
1410410120301.0,14,141041,73,1,2,,,6.0,3,0,2017
1410410120401.0,14,141041,33,1,2,,,7.0,8,1,2017
1410410120401.0,14,141041,31,1,2,,,9.0,4,0,2017
1410410130201.0,14,141041,22,1,2,11,4,11.0,4,1,2017
1410410130201.0,14,141041,21,1,2,2,4,11.0,4,0,2017
1410410130201.0,14,141041,3,,2,,,1.0,,0,2017
1410410130301.0,14,141041,59,1,2,,,9.0,2,1,2017
1410410130301.0,14,141041,23,1,1,,,12.0,3,0,2017
1410410130301.0,14,141041,21,1,2,11,4,9.0,2,0,2017
1410410130301.0,14,141041,6,,1,,,4.0,,0,2017
1410410130401.0,14,141041,85,1,2,,,6.0,2,1,2017
1410410130501.0,14,141041,70,1,2,,,6.0,4,1,2017
1410410130601.0,14,141041,52,1,2,,,7.0,8,1,2017
1410410130601.0,14,141041,19,1,2,11,2,9.0,4,0,2017
1410410130601.0,14,141041,14,,1,,,5.0,,0,2017
1410410130601.0,14,141041,28,1,2,11,4,9.0,4,0,2017
1410410130701.0,14,141041,42,1,2,,,7.0,6,1,2017
1410410130701.0,14,141041,18,1,2,2,2,9.0,4,0,2017
1410410130901.0,14,141041,33,1,1,,,13.0,5,1,2017
1410410130901.0,14,141041,39,1,2,,,13.0,5,0,2017
1410410130901.0,14,141041,11,,1,,,7.0,5,0,2017
1410410131001.0,14,141041,44,1,2,,,9.0,4,1,2017
1410410131001.0,14,141041,40,1,2,,,9.0,4,0,2017
1410410131001.0,14,141041,16,1,1,,,9.0,2,0,2017
1410410131001.0,14,141041,6,,1,,,7.0,1,0,2017
1410410131101.0,14,141041,42,1,2,,,9.0,4,1,2017
1410410131101.0,14,141041,37,1,2,,,9.0,4,0,2017
1410410131101.0,14,141041,12,,1,,,7.0,6,0,2017
1410410131101.0,14,141041,10,,1,,,7.0,5,0,2017
1410430010101.0,14,141043,33,1,2,,,7.0,6,1,2017
1410430010101.0,14,141043,44,1,2,,,7.0,3,0,2017
1410430010101.0,14,141043,11,,1,,,7.0,6,0,2017
1410430010201.0,14,141043,76,1,2,,,7.0,3,1,2017
1410430010201.0,14,141043,82,1,2,,,7.0,3,0,2017
1410430010301.0,14,141043,66,1,2,,,13.0,5,1,2017
1410430010401.0,14,141043,35,1,2,,,11.0,4,1,2017
1410430010401.0,14,141043,30,1,2,1,4,7.0,8,0,2017
1410430010401.0,14,141043,12,,1,,,7.0,6,0,2017
1410430010501.0,14,141043,44,1,2,,,7.0,6,1,2017
1410430010501.0,14,141043,17,1,1,,,9.0,3,0,2017
1410430010601.0,14,141043,28,1,2,7,4,9.0,4,1,2017
1410430010601.0,14,141043,28,1,2,9,4,9.0,2,0,2017
1410430010601.0,14,141043,9,,1,,,7.0,4,0,2017
1410430010701.0,14,141043,61,1,2,,,6.0,3,1,2017
1410430010801.0,14,141043,61,1,2,,,7.0,8,1,2017
1410430010901.0,14,141043,38,1,2,,,9.0,4,1,2017
1410430010901.0,14,141043,25,1,2,99,9,9.0,3,0,2017
1410430010901.0,14,141043,8,,1,,,7.0,3,0,2017
1410430010901.0,14,141043,3,,2,,,1.0,,0,2017
1410430011001.0,14,141043,54,1,2,,,7.0,7,1,2017
1410430011001.0,14,141043,53,1,2,,,7.0,8,0,2017
1410430011001.0,14,141043,23,1,2,2,4,11.0,4,0,2017
1410430011001.0,14,141043,2,,2,,,1.0,,0,2017
1410430011101.0,14,141043,50,2,2,,,9.0,2,1,2017
1410430011101.0,14,141043,44,1,2,,,7.0,4,0,2017
1410430011201.0,14,141043,47,1,2,,,11.0,2,1,2017
1410430011201.0,14,141043,47,1,2,,,7.0,8,0,2017
1410430011201.0,14,141043,50,1,2,,,7.0,5,0,2017
1410430011201.0,14,141043,10,,1,,,7.0,4,0,2017
1410430011201.0,14,141043,6,,1,,,4.0,,0,2017
1410430011301.0,14,141043,66,1,2,,,7.0,8,1,2017
1410430011301.0,14,141043,60,1,2,,,7.0,3,0,2017
1410430011301.0,14,141043,35,1,2,,,5.0,,0,2017
1410430011301.0,14,141043,34,1,2,,,11.0,4,0,2017
1410430011301.0,14,141043,27,1,2,7,4,11.0,4,0,2017
1410430011301.0,14,141043,4,,1,,,3.0,,0,2017
1410430011301.0,14,141043,0,,2,,,1.0,,0,2017
1410430011401.0,14,141043,68,1,2,,,6.0,4,1,2017
1410430011401.0,14,141043,64,1,2,,,6.0,4,0,2017
1410430011501.0,14,141043,33,1,2,,,11.0,4,1,2017
1410430011501.0,14,141043,34,1,2,,,12.0,3,0,2017
1410430011501.0,14,141043,11,,1,,,7.0,6,0,2017
1410430011501.0,14,141043,10,,1,,,7.0,4,0,2017
1410430011501.0,14,141043,7,,1,,,7.0,1,0,2017
1410430011501.0,14,141043,5,,1,,,4.0,,0,2017
1410430011501.0,14,141043,54,1,2,,,7.0,8,0,2017
1410430011501.0,14,141043,52,1,2,,,7.0,8,0,2017
1410430011601.0,14,141043,76,4,2,,,6.0,2,1,2017
1410430011601.0,14,141043,77,4,2,,,1.0,,0,2017
1410430011701.0,14,141043,65,1,2,,,6.0,6,1,2017
1410430011701.0,14,141043,60,4,2,,,1.0,,0,2017
1410430011801.0,14,141043,62,1,2,,,7.0,5,1,2017
1410430011801.0,14,141043,64,1,2,,,7.0,8,0,2017
1410430020101.0,14,141043,80,1,2,,,6.0,3,1,2017
1410430020101.0,14,141043,40,1,2,,,12.0,3,0,2017
1410430020101.0,14,141043,87,1,2,,,6.0,3,0,2017
1410430020201.0,14,141043,80,1,2,,,6.0,3,1,2017
1410430020201.0,14,141043,40,1,2,,,12.0,3,0,2017
1410430020201.0,14,141043,87,1,2,,,6.0,3,0,2017
1410430020301.0,14,141043,66,1,2,,,6.0,4,1,2017
1410430020301.0,14,141043,60,1,2,,,6.0,6,0,2017
1410430020301.0,14,141043,39,1,2,,,9.0,4,0,2017
1410430020301.0,14,141043,41,1,2,,,9.0,4,0,2017
1410430020301.0,14,141043,12,,1,,,7.0,7,0,2017
1410430020401.0,14,141043,47,1,2,,,9.0,3,1,2017
1410430020401.0,14,141043,4,,1,,,4.0,,0,2017
1410430020401.0,14,141043,26,1,2,99,9,9.0,4,0,2017
1410430020501.0,14,141043,88,4,2,,,1.0,,1,2017
1410430020501.0,14,141043,66,1,2,,,7.0,3,0,2017
1410430020601.0,14,141043,42,1,2,,,11.0,4,1,2017
1410430020601.0,14,141043,36,1,2,,,9.0,4,0,2017
1410430020601.0,14,141043,18,1,1,,,9.0,4,0,2017
1410430020601.0,14,141043,11,,1,,,7.0,6,0,2017
1410430020701.0,14,141043,77,1,2,,,6.0,1,1,2017
1410430020701.0,14,141043,48,1,2,,,7.0,8,0,2017
1410430020801.0,14,141043,49,1,2,,,7.0,7,1,2017
1410430020801.0,14,141043,26,1,2,11,4,11.0,4,0,2017
1410430020801.0,14,141043,12,,1,,,7.0,7,0,2017
1410430020801.0,14,141043,52,1,2,,,7.0,5,0,2017
1410430020901.0,14,141043,81,4,2,,,1.0,,1,2017
1410430021001.0,14,141043,55,1,2,,,7.0,8,1,2017
1410430021101.0,14,141043,83,4,2,,,6.0,3,1,2017
1410430021101.0,14,141043,73,1,2,,,6.0,1,0,2017
1410430021201.0,14,141043,46,1,2,,,9.0,4,1,2017
1410430021201.0,14,141043,22,1,2,7,3,12.0,2,0,2017
1410430021301.0,14,141043,30,1,2,12,4,12.0,1,1,2017
1410430021301.0,14,141043,36,1,2,,,9.0,2,0,2017
1410430021301.0,14,141043,8,,1,,,7.0,2,0,2017
1410430021301.0,14,141043,4,,1,,,3.0,,0,2017
1410430021401.0,14,141043,40,1,2,,,9.0,4,1,2017
1410430021401.0,14,141043,39,1,2,,,7.0,8,0,2017
1410430021401.0,14,141043,17,1,1,,,11.0,2,0,2017
1410430021401.0,14,141043,9,,1,,,7.0,3,0,2017
1410430021501.0,14,141043,61,1,2,,,9.0,3,1,2017
1410430021601.0,14,141043,51,1,2,,,7.0,4,1,2017
1410430021601.0,14,141043,43,1,2,,,7.0,4,0,2017
1410430021601.0,14,141043,19,1,1,,,12.0,1,0,2017
1410430021601.0,14,141043,10,,1,,,7.0,4,0,2017
1410430021701.0,14,141043,52,1,2,,,9.0,3,1,2017
1410430021701.0,14,141043,52,1,2,,,9.0,4,0,2017
1410430021801.0,14,141043,51,1,2,,,9.0,2,1,2017
1410430021801.0,14,141043,43,1,2,,,9.0,4,0,2017
1410430021801.0,14,141043,22,1,1,,,13.0,4,0,2017
1410430021801.0,14,141043,15,1,1,,,11.0,2,0,2017
1410430021801.0,14,141043,12,,1,,,7.0,6,0,2017
1410430030101.0,14,141043,68,1,2,,,13.0,1,1,2017
1410430030201.0,14,141043,30,1,2,7,9,11.0,4,1,2017
1410430030201.0,14,141043,25,1,2,1,9,11.0,4,0,2017
1410430030201.0,14,141043,18,1,2,11,1,7.0,8,0,2017
1410430030301.0,14,141043,56,1,2,,,9.0,4,1,2017
1410430030301.0,14,141043,29,1,2,11,4,11.0,4,0,2017
1410430030301.0,14,141043,6,,1,,,7.0,1,0,2017
1410430030401.0,14,141043,50,1,2,,,7.0,3,1,2017
1410430030401.0,14,141043,55,1,2,,,9.0,4,0,2017
1410430030401.0,14,141043,24,1,2,11,4,12.0,2,0,2017
1410430030501.0,14,141043,43,1,2,,,9.0,4,1,2017
1410430030501.0,14,141043,44,1,2,,,7.0,8,0,2017
1410430030501.0,14,141043,12,,1,,,7.0,5,0,2017
1410430030501.0,14,141043,12,,1,,,7.0,5,0,2017
1410430030501.0,14,141043,19,1,1,,,11.0,4,0,2017
1410430030601.0,14,141043,62,1,2,,,7.0,8,1,2017
1410430030601.0,14,141043,53,1,2,,,9.0,1,0,2017
1410430030601.0,14,141043,25,1,2,12,3,11.0,4,0,2017
1410430030701.0,14,141043,46,1,2,,,9.0,2,1,2017
1410430030701.0,14,141043,23,1,1,,,13.0,4,0,2017
1410430030701.0,14,141043,22,1,2,7,2,12.0,3,0,2017
1410430030701.0,14,141043,14,,1,,,7.0,8,0,2017
1410430030801.0,14,141043,54,1,2,,,7.0,7,1,2017
1410430030801.0,14,141043,17,1,1,,,11.0,2,0,2017
1410430030901.0,14,141043,44,1,2,,,7.0,8,1,2017
1410430030901.0,14,141043,42,1,2,,,9.0,3,0,2017
1410430030901.0,14,141043,19,1,1,,,11.0,4,0,2017
1410430030901.0,14,141043,13,,1,,,7.0,7,0,2017
1410430030901.0,14,141043,11,,1,,,7.0,4,0,2017
1410430031001.0,14,141043,42,1,2,,,7.0,7,1,2017
1410430031001.0,14,141043,45,4,2,,,7.0,3,0,2017
1410430031001.0,14,141043,15,1,1,,,11.0,1,0,2017
1410430031001.0,14,141043,27,1,2,11,4,11.0,4,0,2017
1410430031101.0,14,141043,63,1,2,,,8.0,1,1,2017
1410430031101.0,14,141043,73,1,2,,,6.0,3,0,2017
1410430031101.0,14,141043,27,1,2,12,4,9.0,4,0,2017
1410430031201.0,14,141043,59,1,2,,,9.0,2,1,2017
1410430031201.0,14,141043,64,1,2,,,7.0,8,0,2017
1410430031201.0,14,141043,50,1,2,,,9.0,4,0,2017
1410430031201.0,14,141043,54,1,2,,,9.0,2,0,2017
1410430031301.0,14,141043,54,1,2,,,9.0,4,1,2017
1410430031401.0,14,141043,63,1,2,,,7.0,6,1,2017
1410430031401.0,14,141043,43,1,2,,,7.0,8,0,2017
1410430031401.0,14,141043,17,1,1,,,11.0,4,0,2017
1410430031401.0,14,141043,5,,1,,,4.0,,0,2017
1410430031501.0,14,141043,51,1,2,,,7.0,8,1,2017
1410430031501.0,14,141043,48,1,2,,,9.0,4,0,2017
1410430031501.0,14,141043,24,1,1,,,12.0,2,0,2017
1410430031501.0,14,141043,10,,1,,,7.0,4,0,2017
1410430031601.0,14,141043,75,1,2,,,6.0,1,1,2017
1410430031601.0,14,141043,56,1,2,,,7.0,2,0,2017
1410430031601.0,14,141043,25,1,1,,,12.0,2,0,2017
1410430031701.0,14,141043,67,1,2,,,8.0,6,1,2017
1410430031701.0,14,141043,22,1,2,11,3,11.0,2,0,2017
1410430031701.0,14,141043,25,1,2,11,2,13.0,4,0,2017
1410430031701.0,14,141043,0,,2,,,1.0,,0,2017
1410430031801.0,14,141043,26,1,2,13,4,9.0,1,1,2017
1410430031801.0,14,141043,24,1,2,11,4,13.0,2,0,2017
1410430031801.0,14,141043,26,1,2,11,4,9.0,4,0,2017
1410430031801.0,14,141043,22,1,2,11,4,9.0,2,0,2017
1410430031901.0,14,141043,56,1,2,,,9.0,1,1,2017
1410430031901.0,14,141043,49,1,2,,,9.0,1,0,2017
1410430040101.0,14,141043,63,1,2,,,9.0,1,1,2017
1410430040201.0,14,141043,78,1,2,,,7.0,8,1,2017
1410430040201.0,14,141043,77,4,2,,,7.0,1,0,2017
1410430040301.0,14,141043,63,1,2,,,8.0,1,1,2017
1410430040301.0,14,141043,73,1,2,,,6.0,3,0,2017
1410430040301.0,14,141043,27,1,2,12,4,9.0,4,0,2017
1410430040401.0,14,141043,39,1,2,,,11.0,4,1,2017
1410430040401.0,14,141043,41,1,2,,,9.0,4,0,2017
1410430040401.0,14,141043,22,1,1,,,13.0,4,0,2017
1410430040401.0,14,141043,12,,1,,,7.0,6,0,2017
1410430040401.0,14,141043,5,,1,,,4.0,,0,2017
1410430040501.0,14,141043,77,1,2,,,6.0,6,1,2017
1410430040501.0,14,141043,64,1,2,,,6.0,4,0,2017
1410430040501.0,14,141043,42,1,2,,,7.0,8,0,2017
1410430040701.0,14,141043,51,1,2,,,7.0,8,1,2017
1410430040701.0,14,141043,55,1,2,,,7.0,5,0,2017
1410430040701.0,14,141043,24,1,2,7,4,12.0,3,0,2017
1410430040701.0,14,141043,4,,1,,,3.0,,0,2017
1410430040801.0,14,141043,39,1,2,,,7.0,8,1,2017
1410430040801.0,14,141043,18,1,1,,,11.0,3,0,2017
1410430040801.0,14,141043,9,,1,,,7.0,4,0,2017
1410430040801.0,14,141043,4,,1,,,4.0,,0,2017
1410430040901.0,14,141043,56,1,2,,,11.0,1,1,2017
1410430040901.0,14,141043,46,1,2,,,7.0,8,0,2017
1410430040901.0,14,141043,12,,1,,,7.0,1,0,2017
1410430041001.0,14,141043,50,1,2,,,7.0,8,1,2017
1410430041001.0,14,141043,49,1,2,,,7.0,2,0,2017
1410430041001.0,14,141043,13,,1,,,7.0,7,0,2017
1410430041001.0,14,141043,9,,1,,,7.0,3,0,2017
1410430041002.0,14,141043,85,4,2,,,1.0,,1,2017
1410430041101.0,14,141043,57,1,2,,,9.0,4,1,2017
1410430041101.0,14,141043,82,1,2,,,7.0,8,0,2017
1410430041201.0,14,141043,49,1,2,,,7.0,6,1,2017
1410430041201.0,14,141043,54,1,2,,,7.0,8,0,2017
1410430041301.0,14,141043,55,1,2,,,9.0,4,1,2017
1410430041301.0,14,141043,55,1,2,,,9.0,4,0,2017
1410430041301.0,14,141043,37,1,2,,,12.0,3,0,2017
1410430041301.0,14,141043,25,1,2,99,9,13.0,3,0,2017
1410430041301.0,14,141043,1,,2,,,1.0,,0,2017
1410430041401.0,14,141043,40,1,2,,,7.0,8,1,2017
1410430041401.0,14,141043,19,1,2,7,9,11.0,4,0,2017
1410430041401.0,14,141043,3,,2,,,1.0,,0,2017
1410430041501.0,14,141043,46,1,2,,,11.0,1,1,2017
1410430041501.0,14,141043,41,1,2,,,7.0,8,0,2017
1410430041501.0,14,141043,20,1,2,4,1,12.0,1,0,2017
1410430041601.0,14,141043,36,1,2,,,7.0,3,1,2017
1410430041601.0,14,141043,35,1,2,,,11.0,2,0,2017
1410430041601.0,14,141043,15,1,1,,,9.0,2,0,2017
1410430041601.0,14,141043,1,,2,,,1.0,,0,2017
1410430041801.0,14,141043,60,1,2,,,7.0,4,1,2017
1410430041801.0,14,141043,50,4,2,,,7.0,1,0,2017
1410430041801.0,14,141043,28,1,2,12,4,7.0,7,0,2017
1410430041801.0,14,141043,15,1,1,,,11.0,2,0,2017
1410430041901.0,14,141043,60,1,2,,,11.0,4,1,2017
1410430041901.0,14,141043,60,1,2,,,11.0,4,0,2017
1410430050101.0,14,141043,55,1,2,,,7.0,6,1,2017
1410430050101.0,14,141043,37,1,2,,,7.0,7,0,2017
1410430050101.0,14,141043,13,,1,,,7.0,6,0,2017
1410430050101.0,14,141043,9,,1,,,7.0,4,0,2017
1410430050201.0,14,141043,56,1,2,,,7.0,8,1,2017
1410430050201.0,14,141043,56,1,2,,,7.0,7,0,2017
1410430050201.0,14,141043,21,1,1,,,13.0,1,0,2017
1410430050301.0,14,141043,56,1,2,,,9.0,3,1,2017
1410430050301.0,14,141043,48,1,2,,,7.0,5,0,2017
1410430050301.0,14,141043,22,1,2,2,9,9.0,4,0,2017
1410430050301.0,14,141043,15,1,1,,,9.0,2,0,2017
1410430050301.0,14,141043,3,,2,,,1.0,,0,2017
1410430050401.0,14,141043,26,1,2,7,9,11.0,4,1,2017
1410430050401.0,14,141043,20,1,2,7,9,11.0,4,0,2017
1410430050501.0,14,141043,67,1,2,,,6.0,6,1,2017
1410430050501.0,14,141043,58,1,2,,,7.0,8,0,2017
1410430050501.0,14,141043,42,4,2,,,7.0,1,0,2017
1410430050601.0,14,141043,67,1,2,,,7.0,8,1,2017
1410430050601.0,14,141043,64,1,2,,,8.0,1,0,2017
1410430050701.0,14,141043,71,4,2,,,1.0,,1,2017
1410430050701.0,14,141043,22,1,2,11,4,11.0,4,0,2017
1410430050801.0,14,141043,69,4,2,,,1.0,,1,2017
1410430050801.0,14,141043,63,4,2,,,1.0,,0,2017
1410430050901.0,14,141043,52,1,2,,,7.0,8,1,2017
1410430050901.0,14,141043,51,1,2,,,9.0,1,0,2017
1410430050901.0,14,141043,24,1,2,12,4,11.0,4,0,2017
1410430050901.0,14,141043,3,,2,,,1.0,,0,2017
1410430051001.0,14,141043,77,1,2,,,7.0,6,1,2017
1410430051001.0,14,141043,76,1,2,,,7.0,3,0,2017
1410430051001.0,14,141043,18,1,1,,,9.0,4,0,2017
1410430051001.0,14,141043,58,1,2,,,7.0,4,0,2017
1410430051101.0,14,141043,45,1,2,,,11.0,4,1,2017
1410430051101.0,14,141043,47,1,2,,,9.0,2,0,2017
1410430051101.0,14,141043,79,1,2,,,7.0,8,0,2017
1410430051101.0,14,141043,59,1,2,,,7.0,4,0,2017
1410430051201.0,14,141043,62,1,2,,,13.0,5,1,2017
1410430051201.0,14,141043,58,1,2,,,13.0,5,0,2017
1410430051201.0,14,141043,30,1,1,,,13.0,5,0,2017
1410430051301.0,14,141043,54,1,2,,,7.0,3,1,2017
1410430051301.0,14,141043,64,1,2,,,7.0,8,0,2017
1410430051301.0,14,141043,32,1,2,,,12.0,2,0,2017
1410430051301.0,14,141043,30,1,2,11,9,12.0,2,0,2017
1410430051301.0,14,141043,10,,1,,,7.0,4,0,2017
1410430051301.0,14,141043,5,,1,,,4.0,,0,2017
1410430051401.0,14,141043,55,4,2,,,1.0,,1,2017
1410430051401.0,14,141043,58,1,2,,,7.0,5,0,2017
1410430051401.0,14,141043,21,1,1,,,13.0,2,0,2017
1410430051501.0,14,141043,30,1,2,11,9,9.0,4,1,2017
1410430051601.0,14,141043,57,1,2,,,7.0,4,1,2017
1410430051701.0,14,141043,28,1,2,11,9,11.0,1,1,2017
1410430051701.0,14,141043,29,1,2,11,9,9.0,1,0,2017
1410430051701.0,14,141043,6,,1,,,7.0,1,0,2017
1410430051701.0,14,141043,4,,1,,,4.0,,0,2017
1410430051701.0,14,141043,3,,2,,,1.0,,0,2017
1410430051801.0,14,141043,77,1,2,,,6.0,4,1,2017
1410430051801.0,14,141043,74,1,2,,,6.0,3,0,2017
1410430051901.0,14,141043,44,1,2,,,9.0,1,1,2017
1410430051901.0,14,141043,31,1,2,,,7.0,8,0,2017
1410430051901.0,14,141043,0,,2,,,1.0,,0,2017
1410430051901.0,14,141043,81,1,2,,,1.0,,0,2017
1410520010201.0,14,141052,44,1,2,,,12.0,3,1,2017
1410520010201.0,14,141052,22,1,1,,,12.0,2,0,2017
1410520010201.0,14,141052,19,1,1,,,12.0,1,0,2017
1410520010201.0,14,141052,4,,1,,,3.0,,0,2017
1410520010301.0,14,141052,54,1,2,,,9.0,1,1,2017
1410520010301.0,14,141052,54,1,2,,,9.0,1,0,2017
1410520010301.0,14,141052,84,1,2,,,6.0,3,0,2017
1410520010401.0,14,141052,68,1,2,,,6.0,2,1,2017
1410520010401.0,14,141052,37,1,2,,,9.0,4,0,2017
1410520010401.0,14,141052,15,1,1,,,9.0,2,0,2017
1410520010401.0,14,141052,2,,2,,,1.0,,0,2017
1410520010501.0,14,141052,60,1,2,,,9.0,3,1,2017
1410520010501.0,14,141052,58,1,2,,,7.0,8,0,2017
1410520010501.0,14,141052,25,1,2,7,1,13.0,5,0,2017
1410520010601.0,14,141052,47,1,2,,,9.0,4,1,2017
1410520010601.0,14,141052,48,1,2,,,9.0,4,0,2017
1410520010701.0,14,141052,30,1,2,12,4,9.0,4,1,2017
1410520010701.0,14,141052,29,1,2,2,4,9.0,2,0,2017
1410520010701.0,14,141052,13,,1,,,7.0,6,0,2017
1410520010701.0,14,141052,10,,1,,,7.0,4,0,2017
1410520010701.0,14,141052,3,,1,,,3.0,,0,2017
1410520010701.0,14,141052,53,1,2,,,9.0,1,0,2017
1410520010701.0,14,141052,9,,1,,,7.0,3,0,2017
1410520010701.0,14,141052,8,,1,,,7.0,2,0,2017
1410520010801.0,14,141052,62,1,2,,,7.0,5,1,2017
1410520010801.0,14,141052,63,1,2,,,7.0,5,0,2017
1410520010801.0,14,141052,33,1,2,,,9.0,4,0,2017
1410520010801.0,14,141052,28,1,2,12,4,9.0,4,0,2017
1410520010801.0,14,141052,27,1,2,12,4,9.0,4,0,2017
1410520011301.0,14,141052,82,1,2,,,7.0,7,1,2017
1410520011401.0,14,141052,52,1,2,,,9.0,2,1,2017
1410520011401.0,14,141052,61,1,2,,,7.0,3,0,2017
1410520011501.0,14,141052,52,1,2,,,7.0,8,1,2017
1410520011501.0,14,141052,69,4,2,,,7.0,3,0,2017
1410520011701.0,14,141052,69,1,2,,,7.0,8,1,2017
1410520011701.0,14,141052,34,1,2,,,9.0,3,0,2017
1410520011701.0,14,141052,27,1,2,12,9,9.0,4,0,2017
1410520011801.0,14,141052,64,1,2,,,6.0,3,1,2017
1410520011801.0,14,141052,63,1,2,,,6.0,3,0,2017
1410520012001.0,14,141052,66,1,2,,,6.0,6,1,2017
1410520012001.0,14,141052,29,1,2,12,3,9.0,4,0,2017
1410520012001.0,14,141052,13,,1,,,7.0,7,0,2017
1410520012001.0,14,141052,2,,1,,,3.0,,0,2017
1410520020101.0,14,141052,64,1,2,,,9.0,4,1,2017
1410520020101.0,14,141052,31,1,2,,,9.0,2,0,2017
1410520020101.0,14,141052,37,1,2,,,9.0,4,0,2017
1410520020201.0,14,141052,57,1,2,,,7.0,7,1,2017
1410520020201.0,14,141052,20,1,1,,,13.0,3,0,2017
1410520020301.0,14,141052,79,1,2,,,6.0,4,1,2017
1410520020301.0,14,141052,48,1,2,,,7.0,8,0,2017
1410520020401.0,14,141052,52,1,2,,,12.0,2,1,2017
1410520020401.0,14,141052,32,1,2,,,9.0,4,0,2017
1410520020401.0,14,141052,31,1,2,,,9.0,4,0,2017
1410520020401.0,14,141052,8,,1,,,7.0,2,0,2017
1410520020401.0,14,141052,4,,1,,,3.0,,0,2017
1410520021001.0,14,141052,55,1,2,,,12.0,2,1,2017
1410520021001.0,14,141052,55,1,2,,,13.0,5,0,2017
1410520021001.0,14,141052,24,1,1,,,13.0,4,0,2017
1410520021001.0,14,141052,21,1,1,,,13.0,2,0,2017
1410520021201.0,14,141052,77,1,2,,,9.0,4,1,2017
1410520021201.0,14,141052,56,1,2,,,9.0,4,0,2017
1410520021301.0,14,141052,40,2,2,,,9.0,2,1,2017
1410520021301.0,14,141052,18,1,2,12,1,11.0,4,0,2017
1410520021301.0,14,141052,14,,1,,,7.0,8,0,2017
1410520021401.0,14,141052,72,4,2,,,6.0,1,1,2017
1410520021501.0,14,141052,50,1,2,,,9.0,4,1,2017
1410520021501.0,14,141052,28,1,1,,,13.0,5,0,2017
1410520021501.0,14,141052,26,1,1,,,13.0,5,0,2017
1410520021501.0,14,141052,15,1,1,,,9.0,2,0,2017
1410520021601.0,14,141052,61,1,2,,,9.0,4,1,2017
1410520021601.0,14,141052,58,1,2,,,7.0,8,0,2017
1410520021601.0,14,141052,42,1,2,,,13.0,3,0,2017
1410520021601.0,14,141052,11,,1,,,7.0,6,0,2017
1410520021701.0,14,141052,80,4,2,,,1.0,,1,2017
1410520021701.0,14,141052,50,4,2,,,7.0,2,0,2017
1410520021701.0,14,141052,34,4,2,,,1.0,,0,2017
1410520021801.0,14,141052,82,4,2,,,1.0,,1,2017
1410520021801.0,14,141052,67,4,2,,,1.0,,0,2017
1410520021801.0,14,141052,44,1,2,,,7.0,8,0,2017
1410520021801.0,14,141052,23,1,2,6,4,7.0,8,0,2017
1410520021901.0,14,141052,59,1,2,,,11.0,5,1,2017
1410520030101.0,14,141052,48,1,2,,,9.0,4,1,2017
1410520030101.0,14,141052,20,1,1,,,13.0,1,0,2017
1410520030101.0,14,141052,27,1,1,,,13.0,5,0,2017
1410520030201.0,14,141052,42,1,2,,,13.0,4,1,2017
1410520030201.0,14,141052,44,1,2,,,9.0,3,0,2017
1410520030201.0,14,141052,19,1,1,,,13.0,1,0,2017
1410520030201.0,14,141052,11,,1,,,7.0,4,0,2017
1410520030301.0,14,141052,52,1,2,,,7.0,8,1,2017
1410520030401.0,14,141052,59,1,2,,,9.0,4,1,2017
1410520030401.0,14,141052,53,1,2,,,11.0,4,0,2017
1410520030401.0,14,141052,33,1,2,,,9.0,4,0,2017
1410520030401.0,14,141052,25,1,1,,,13.0,4,0,2017
1410520030401.0,14,141052,24,1,2,7,9,12.0,3,0,2017
1410520030501.0,14,141052,63,1,2,,,6.0,6,1,2017
1410520030501.0,14,141052,103,3,2,,,6.0,5,0,2017
1410520030601.0,14,141052,55,1,2,,,11.0,5,1,2017
1410520030601.0,14,141052,51,1,2,,,9.0,4,0,2017
1410520030601.0,14,141052,28,1,2,7,4,12.0,2,0,2017
1410520030601.0,14,141052,23,1,2,7,4,13.0,5,0,2017
1410520030601.0,14,141052,21,1,2,7,4,13.0,4,0,2017
1410520030601.0,14,141052,72,1,2,,,6.0,6,0,2017
1410520030701.0,14,141052,56,1,2,,,9.0,4,1,2017
1410520030701.0,14,141052,48,1,2,,,9.0,4,0,2017
1410520030701.0,14,141052,25,1,2,12,4,13.0,5,0,2017
1410520030801.0,14,141052,37,1,2,,,11.0,4,1,2017
1410520030801.0,14,141052,36,1,2,,,11.0,4,0,2017
1410520030801.0,14,141052,14,,1,,,9.0,1,0,2017
1410520030801.0,14,141052,13,,1,,,7.0,8,0,2017
1410520030801.0,14,141052,12,,1,,,7.0,6,0,2017
1410520030801.0,14,141052,0,,2,,,1.0,,0,2017
1410520030901.0,14,141052,67,1,2,,,13.0,5,1,2017
1410520030901.0,14,141052,67,1,2,,,9.0,4,0,2017
1410520030901.0,14,141052,42,1,2,,,13.0,5,0,2017
1410520030901.0,14,141052,5,,1,,,4.0,,0,2017
1410520031001.0,14,141052,59,1,2,,,11.0,5,1,2017
1410520031001.0,14,141052,63,1,2,,,9.0,4,0,2017
1410520031101.0,14,141052,50,1,2,,,9.0,4,1,2017
1410520031101.0,14,141052,52,1,2,,,9.0,4,0,2017
1410520031101.0,14,141052,28,1,2,7,4,13.0,6,0,2017
1410520031101.0,14,141052,15,1,1,,,9.0,2,0,2017
1410520031301.0,14,141052,58,1,2,,,7.0,8,1,2017
1410520031301.0,14,141052,49,1,2,,,7.0,8,0,2017
1410520031301.0,14,141052,13,,1,,,7.0,6,0,2017
1410520031301.0,14,141052,11,,1,,,7.0,5,0,2017
1410520031401.0,14,141052,55,1,2,,,9.0,4,1,2017
1410520031401.0,14,141052,54,1,2,,,11.0,4,0,2017
1410520031401.0,14,141052,28,1,2,12,9,11.0,4,0,2017
1410520031501.0,14,141052,28,1,2,12,4,11.0,4,1,2017
1410520031501.0,14,141052,33,1,2,,,12.0,3,0,2017
1410520031501.0,14,141052,7,,1,,,7.0,1,0,2017
1410520031601.0,14,141052,50,1,2,,,15.0,9,1,2017
1410520031701.0,14,141052,49,1,2,,,9.0,4,1,2017
1410520031701.0,14,141052,45,1,2,,,9.0,4,0,2017
1410520031701.0,14,141052,24,1,1,,,13.0,5,0,2017
1410520031701.0,14,141052,8,,1,,,7.0,3,0,2017
1410520031701.0,14,141052,23,1,1,,,12.0,1,0,2017
1410520031801.0,14,141052,89,1,2,,,7.0,8,1,2017
1410520031801.0,14,141052,61,1,2,,,9.0,4,0,2017
1410520031901.0,14,141052,49,1,2,,,9.0,4,1,2017
1410520031901.0,14,141052,25,1,2,13,4,13.0,3,0,2017
1410530010101.0,14,141053,55,1,2,,,9.0,4,1,2017
1410530010201.0,14,141053,38,1,2,,,7.0,2,1,2017
1410530010201.0,14,141053,36,1,2,,,9.0,3,0,2017
1410530010201.0,14,141053,14,,1,,,11.0,1,0,2017
1410530010201.0,14,141053,5,,1,,,4.0,,0,2017
1410530010201.0,14,141053,2,,2,,,1.0,,0,2017
1410530010301.0,14,141053,76,4,2,,,1.0,,1,2017
1410530010301.0,14,141053,75,1,2,,,9.0,4,0,2017
1410530010301.0,14,141053,40,1,2,,,7.0,7,0,2017
1410530010501.0,14,141053,73,1,2,,,6.0,4,1,2017
1410530010501.0,14,141053,26,1,2,12,4,9.0,4,0,2017
1410530010501.0,14,141053,52,1,2,,,7.0,4,0,2017
1410530010601.0,14,141053,63,1,2,,,13.0,5,1,2017
1410530010601.0,14,141053,64,1,2,,,13.0,5,0,2017
1410530010701.0,14,141053,72,1,2,,,7.0,6,1,2017
1410530010701.0,14,141053,71,4,2,,,1.0,,0,2017
1410530010701.0,14,141053,17,1,1,,,9.0,2,0,2017
1410530010801.0,14,141053,27,1,2,7,4,11.0,4,1,2017
1410530010801.0,14,141053,27,1,2,7,4,9.0,4,0,2017
1410530010801.0,14,141053,10,,1,,,7.0,4,0,2017
1410530010801.0,14,141053,4,,1,,,3.0,,0,2017
1410530010901.0,14,141053,65,1,2,,,7.0,6,1,2017
1410530010901.0,14,141053,64,1,2,,,7.0,6,0,2017
1410530011101.0,14,141053,26,1,2,12,4,7.0,6,1,2017
1410530011101.0,14,141053,24,1,2,2,4,9.0,4,0,2017
1410530011101.0,14,141053,4,,1,,,4.0,,0,2017
1410530011101.0,14,141053,2,,2,,,1.0,,0,2017
1410530011301.0,14,141053,55,1,2,,,7.0,8,1,2017
1410530011301.0,14,141053,25,1,2,2,4,7.0,7,0,2017
1410530011301.0,14,141053,24,1,2,2,4,7.0,6,0,2017
1410530011301.0,14,141053,32,1,2,,,7.0,3,0,2017
1410530011301.0,14,141053,7,,1,,,7.0,1,0,2017
1410530011301.0,14,141053,7,,1,,,7.0,1,0,2017
1410530011301.0,14,141053,4,,2,,,1.0,,0,2017
1410530011401.0,14,141053,44,1,2,,,7.0,8,1,2017
1410530011401.0,14,141053,43,1,2,,,7.0,7,0,2017
1410530011401.0,14,141053,26,1,2,2,4,9.0,4,0,2017
1410530011401.0,14,141053,14,,1,,,7.0,3,0,2017
1410530011401.0,14,141053,6,,1,,,4.0,,0,2017
1410530011501.0,14,141053,91,1,2,,,6.0,3,1,2017
1410530011501.0,14,141053,85,3,2,,,6.0,3,0,2017
1410530011601.0,14,141053,29,1,2,7,4,12.0,3,1,2017
1410530011601.0,14,141053,26,1,1,,,13.0,4,0,2017
1410530011601.0,14,141053,2,,2,,,1.0,,0,2017
1410530011701.0,14,141053,58,1,2,,,7.0,2,1,2017
1410530011701.0,14,141053,55,1,2,,,7.0,6,0,2017
1410530011701.0,14,141053,11,,1,,,7.0,5,0,2017
1410530011801.0,14,141053,74,9,2,,,1.0,,1,2017
1410530011801.0,14,141053,45,1,2,,,7.0,2,0,2017
1410530011901.0,14,141053,59,1,2,,,9.0,3,1,2017
1410530012001.0,14,141053,27,1,2,7,3,13.0,5,1,2017
1410530012001.0,14,141053,26,1,2,12,3,13.0,1,0,2017
1410530012001.0,14,141053,5,,1,,,4.0,,0,2017
1410530012101.0,14,141053,33,1,2,,,13.0,5,1,2017
1410530012101.0,14,141053,33,1,2,,,12.0,3,0,2017
1410530012101.0,14,141053,5,,1,,,4.0,,0,2017
1410530020101.0,14,141053,68,4,2,,,1.0,,1,2017
1410530020101.0,14,141053,71,4,2,,,1.0,,0,2017
1410530020201.0,14,141053,71,1,2,,,6.0,6,1,2017
1410530020201.0,14,141053,65,1,2,,,6.0,3,0,2017
1410530020301.0,14,141053,90,1,2,,,6.0,3,1,2017
1410530020301.0,14,141053,45,1,2,,,7.0,6,0,2017
1410530020401.0,14,141053,49,1,2,,,7.0,6,1,2017
1410530020401.0,14,141053,48,1,2,,,7.0,6,0,2017
1410530020401.0,14,141053,17,1,1,,,9.0,3,0,2017
1410530020401.0,14,141053,15,1,1,,,9.0,2,0,2017
1410530020501.0,14,141053,80,4,2,,,1.0,,1,2017
1410530020501.0,14,141053,48,1,2,,,7.0,6,0,2017
1410530020601.0,14,141053,46,1,2,,,7.0,8,1,2017
1410530020601.0,14,141053,43,1,2,,,7.0,7,0,2017
1410530020601.0,14,141053,12,,1,,,7.0,7,0,2017
1410530020601.0,14,141053,6,,1,,,4.0,,0,2017
1410530020701.0,14,141053,89,2,2,,,6.0,1,1,2017
1410530020801.0,14,141053,85,1,2,,,6.0,5,1,2017
1410530020901.0,14,141053,48,1,2,,,7.0,8,1,2017
1410530020901.0,14,141053,43,1,2,,,7.0,6,0,2017
1410530020901.0,14,141053,18,1,1,,,9.0,4,0,2017
1410530020901.0,14,141053,16,1,1,,,9.0,2,0,2017
1410530020901.0,14,141053,14,,1,,,7.0,7,0,2017
1410530021001.0,14,141053,54,1,2,,,7.0,8,1,2017
1410530021001.0,14,141053,50,1,2,,,7.0,3,0,2017
1410530021101.0,14,141053,56,1,2,,,7.0,3,1,2017
1410530021201.0,14,141053,71,1,2,,,6.0,6,1,2017
1410530021201.0,14,141053,62,1,2,,,6.0,6,0,2017
1410530021301.0,14,141053,70,1,2,,,6.0,6,1,2017
1410530021301.0,14,141053,51,1,2,,,7.0,8,0,2017
1410530021301.0,14,141053,47,1,2,,,9.0,3,0,2017
1410530021301.0,14,141053,17,1,1,,,7.0,8,0,2017
1410530021301.0,14,141053,13,,1,,,7.0,7,0,2017
1410530021401.0,14,141053,40,1,2,,,7.0,6,1,2017
1410530021401.0,14,141053,41,1,2,,,9.0,4,0,2017
1410530021401.0,14,141053,15,1,1,,,9.0,1,0,2017
1410530021401.0,14,141053,12,,1,,,7.0,6,0,2017
1410530021401.0,14,141053,8,,1,,,7.0,2,0,2017
1410530021401.0,14,141053,3,,1,,,4.0,,0,2017
1410530021501.0,14,141053,75,1,2,,,7.0,8,1,2017
1410530021601.0,14,141053,70,1,2,,,9.0,2,1,2017
1410530021601.0,14,141053,81,1,2,,,6.0,6,0,2017
1410530021701.0,14,141053,73,1,2,,,6.0,2,1,2017
1410530021701.0,14,141053,68,1,2,,,6.0,5,0,2017
1410530021801.0,14,141053,67,1,2,,,6.0,3,1,2017
1410530021801.0,14,141053,66,1,2,,,6.0,3,0,2017
1410530021801.0,14,141053,26,1,2,13,4,9.0,4,0,2017
1410530021901.0,14,141053,90,4,2,,,1.0,,1,2017
1410530021901.0,14,141053,85,2,2,,,6.0,2,0,2017
1410530021901.0,14,141053,49,1,2,,,7.0,3,0,2017
1410530022001.0,14,141053,62,1,2,,,9.0,4,1,2017
1410530022001.0,14,141053,89,1,2,,,6.0,1,0,2017
1410610010101.0,14,141061,70,1,2,,,6.0,6,1,2017
1410610010101.0,14,141061,73,1,2,,,8.0,3,0,2017
1410610010201.0,14,141061,76,1,2,,,10.0,4,1,2017
1410610010201.0,14,141061,67,1,2,,,6.0,6,0,2017
1410610010401.0,14,141061,28,1,2,12,4,9.0,2,1,2017
1410610010401.0,14,141061,20,1,2,12,3,9.0,4,0,2017
1410610020101.0,14,141061,67,1,2,,,7.0,4,1,2017
1410610020101.0,14,141061,64,1,2,,,9.0,1,0,2017
1410610020101.0,14,141061,31,1,2,,,13.0,5,0,2017
1410610020201.0,14,141061,49,1,2,,,7.0,8,1,2017
1410610020201.0,14,141061,43,1,2,,,11.0,4,0,2017
1410610020201.0,14,141061,19,1,2,7,1,11.0,4,0,2017
1410610020201.0,14,141061,7,,1,,,7.0,1,0,2017
1410610020201.0,14,141061,0,,2,,,1.0,,0,2017
1410610020301.0,14,141061,52,1,2,,,9.0,4,1,2017
1410610020301.0,14,141061,16,1,1,,,9.0,3,0,2017
1410610030101.0,14,141061,68,1,2,,,8.0,6,1,2017
1410610030101.0,14,141061,63,1,2,,,8.0,3,0,2017
1410610030201.0,14,141061,50,1,2,,,11.0,5,1,2017
1410610030201.0,14,141061,50,1,2,,,9.0,3,0,2017
1410610030201.0,14,141061,24,1,2,12,4,11.0,4,0,2017
1410610030201.0,14,141061,15,1,1,,,11.0,2,0,2017
1410610030201.0,14,141061,10,,1,,,7.0,5,0,2017
1410610030301.0,14,141061,72,1,2,,,13.0,5,1,2017
1410610030301.0,14,141061,71,1,2,,,6.0,6,0,2017
1410610030301.0,14,141061,12,,1,,,7.0,7,0,2017
1410610030401.0,14,141061,74,1,2,,,7.0,8,1,2017
1410610030401.0,14,141061,28,1,1,,,12.0,1,0,2017
1410610030401.0,14,141061,3,,1,,,3.0,,0,2017
1410610040101.0,14,141061,85,1,2,,,6.0,2,1,2017
1410610040201.0,14,141061,54,1,2,,,7.0,8,1,2017
1410610040201.0,14,141061,56,1,2,,,11.0,4,0,2017
1410610040201.0,14,141061,30,1,2,12,4,9.0,4,0,2017
1410610040201.0,14,141061,27,1,2,7,4,12.0,2,0,2017
1410610040201.0,14,141061,90,1,2,,,7.0,2,0,2017
1410610040401.0,14,141061,57,1,2,,,7.0,4,1,2017
1410610040401.0,14,141061,24,1,2,4,9,9.0,4,0,2017
1410610050101.0,14,141061,67,1,2,,,13.0,5,1,2017
1410610050101.0,14,141061,35,1,2,,,13.0,5,0,2017
1410610050201.0,14,141061,67,4,2,,,6.0,3,1,2017
1410610050201.0,14,141061,72,1,2,,,8.0,5,0,2017
1410610050201.0,14,141061,36,1,2,,,12.0,3,0,2017
1410610050401.0,14,141061,22,1,2,99,9,11.0,2,1,2017
1410610050401.0,14,141061,34,1,2,,,9.0,3,0,2017
1410610050401.0,14,141061,6,,1,,,4.0,,0,2017
1410610050401.0,14,141061,4,,1,,,3.0,,0,2017
1410610060101.0,14,141061,50,1,2,,,7.0,5,1,2017
1410610060101.0,14,141061,40,1,2,,,7.0,3,0,2017
1410610060101.0,14,141061,14,,1,,,9.0,1,0,2017
1410610060101.0,14,141061,7,,1,,,7.0,1,0,2017
1410610060301.0,14,141061,52,1,2,,,7.0,8,1,2017
1410610060301.0,14,141061,23,1,1,,,13.0,1,0,2017
1410610060301.0,14,141061,21,1,1,,,13.0,3,0,2017
1410610060401.0,14,141061,41,1,2,,,13.0,4,1,2017
1410610060401.0,14,141061,41,1,2,,,13.0,6,0,2017
1410610060401.0,14,141061,10,,1,,,7.0,4,0,2017
1410610060401.0,14,141061,5,,1,,,4.0,,0,2017
1410610070101.0,14,141061,72,1,2,,,8.0,4,1,2017
1410610070101.0,14,141061,46,1,2,,,9.0,4,0,2017
1410610070101.0,14,141061,34,1,2,,,12.0,3,0,2017
1410610070201.0,14,141061,85,4,2,,,1.0,,1,2017
1410610070201.0,14,141061,22,1,2,12,4,9.0,4,0,2017
1410610070201.0,14,141061,25,1,2,12,4,9.0,3,0,2017
1410610070201.0,14,141061,58,1,2,,,7.0,1,0,2017
1410610070201.0,14,141061,6,,1,,,7.0,1,0,2017
1410610070201.0,14,141061,0,,2,,,1.0,,0,2017
1410610070201.0,14,141061,97,1,2,,,6.0,3,0,2017
1410610070301.0,14,141061,79,1,2,,,8.0,2,1,2017
1410610070401.0,14,141061,58,1,2,,,9.0,2,1,2017
1410610070401.0,14,141061,28,1,2,99,4,13.0,3,0,2017
1410610080201.0,14,141061,34,1,2,,,13.0,5,1,2017
1410610080201.0,14,141061,14,,1,,,9.0,1,0,2017
1410610080301.0,14,141061,83,1,2,,,7.0,6,1,2017
1410610080301.0,14,141061,78,1,2,,,7.0,6,0,2017
1410610080301.0,14,141061,32,1,2,,,9.0,4,0,2017
1410610080401.0,14,141061,48,1,2,,,11.0,4,1,2017
1410610080401.0,14,141061,40,1,2,,,9.0,4,0,2017
1410610080401.0,14,141061,10,,1,,,7.0,5,0,2017
1410610090101.0,14,141061,71,1,2,,,6.0,6,1,2017
1410610090101.0,14,141061,69,1,2,,,6.0,3,0,2017
1410610090101.0,14,141061,32,1,2,,,9.0,4,0,2017
1410610090101.0,14,141061,15,1,1,,,7.0,8,0,2017
1410610090201.0,14,141061,36,1,2,,,13.0,1,1,2017
1410610090201.0,14,141061,30,1,2,1,4,9.0,4,0,2017
1410610090201.0,14,141061,10,,1,,,7.0,3,0,2017
1410610090201.0,14,141061,4,,1,,,3.0,,0,2017
1410610090301.0,14,141061,50,1,2,,,9.0,4,1,2017
1410610090301.0,14,141061,53,1,2,,,9.0,4,0,2017
1410610090301.0,14,141061,28,1,1,,,13.0,5,0,2017
1410610090401.0,14,141061,59,1,2,,,7.0,8,1,2017
1410610090401.0,14,141061,24,1,1,,,13.0,3,0,2017
1410610090401.0,14,141061,19,1,1,,,13.0,1,0,2017
1410610100101.0,14,141061,70,1,2,,,8.0,3,1,2017
1410610100101.0,14,141061,65,1,2,,,8.0,4,0,2017
1410610100201.0,14,141061,66,1,2,,,8.0,6,1,2017
1410610100201.0,14,141061,60,1,2,,,9.0,3,0,2017
1410610100201.0,14,141061,29,1,2,7,4,5.0,,0,2017
1410610100201.0,14,141061,29,1,2,7,4,5.0,,0,2017
1410610100201.0,14,141061,22,1,1,,,13.0,3,0,2017
1410610100201.0,14,141061,21,1,2,12,3,9.0,4,0,2017
1410610100301.0,14,141061,90,1,2,,,8.0,4,1,2017
1410610100301.0,14,141061,74,1,2,,,8.0,4,0,2017
1410610100401.0,14,141061,62,1,2,,,7.0,8,1,2017
1410610100401.0,14,141061,53,2,2,,,7.0,6,0,2017
1410610110101.0,14,141061,49,1,2,,,7.0,4,1,2017
1410610110101.0,14,141061,21,1,2,13,9,9.0,3,0,2017
1410610110201.0,14,141061,52,1,2,,,7.0,4,1,2017
1410610110201.0,14,141061,57,1,2,,,7.0,4,0,2017
1410610110301.0,14,141061,52,1,2,,,9.0,1,1,2017
1410610110301.0,14,141061,52,1,2,,,9.0,4,0,2017
1410610110301.0,14,141061,24,1,2,7,2,13.0,5,0,2017
1410610110301.0,14,141061,22,1,2,1,4,11.0,4,0,2017
1410610110301.0,14,141061,21,1,1,,,13.0,3,0,2017
1410610110401.0,14,141061,50,1,2,,,7.0,8,1,2017
1410610110401.0,14,141061,49,1,2,,,9.0,4,0,2017
1410610110401.0,14,141061,29,1,2,7,3,12.0,3,0,2017
1410610110401.0,14,141061,19,1,1,,,13.0,1,0,2017
1410610120101.0,14,141061,42,1,2,,,7.0,8,1,2017
1410610120101.0,14,141061,22,1,2,7,4,9.0,4,0,2017
1410610120101.0,14,141061,20,1,2,13,2,9.0,2,0,2017
1410610120201.0,14,141061,46,1,2,,,9.0,4,1,2017
1410610120301.0,14,141061,76,1,2,,,1.0,,1,2017
1410610120301.0,14,141061,80,4,2,,,1.0,,0,2017
1410610120401.0,14,141061,41,1,2,,,11.0,2,1,2017
1410610120401.0,14,141061,10,,1,,,7.0,4,0,2017
1410610120401.0,14,141061,2,,2,,,1.0,,0,2017
1410610130101.0,14,141061,47,1,2,,,7.0,8,1,2017
1410610130101.0,14,141061,86,4,2,,,1.0,,0,2017
1410610130101.0,14,141061,80,4,2,,,1.0,,0,2017
1410610130201.0,14,141061,45,1,2,,,9.0,4,1,2017
1410610130201.0,14,141061,21,1,2,10,4,9.0,4,0,2017
1410610130201.0,14,141061,14,,1,,,9.0,1,0,2017
1410610130201.0,14,141061,9,,1,,,7.0,4,0,2017
1410610130201.0,14,141061,2,,2,,,1.0,,0,2017
1410610130301.0,14,141061,28,1,2,12,4,9.0,4,1,2017
1410610130301.0,14,141061,27,1,2,12,4,11.0,4,0,2017
1410610130301.0,14,141061,8,,1,,,7.0,2,0,2017
1410610130301.0,14,141061,1,,1,,,2.0,,0,2017
1410610130401.0,14,141061,50,1,2,,,7.0,6,1,2017
1410610130401.0,14,141061,46,1,2,,,7.0,6,0,2017
1410610130401.0,14,141061,18,1,1,,,11.0,4,0,2017
1410610130401.0,14,141061,13,,1,,,7.0,8,0,2017
1410610140101.0,14,141061,27,1,2,99,9,9.0,4,1,2017
1410610140101.0,14,141061,27,1,2,99,9,9.0,4,0,2017
1410610140101.0,14,141061,7,,1,,,7.0,1,0,2017
1410610140101.0,14,141061,1,,2,,,1.0,,0,2017
1410610140201.0,14,141061,45,1,2,,,9.0,4,1,2017
1410610140201.0,14,141061,47,1,2,,,7.0,6,0,2017
1410610140201.0,14,141061,21,1,1,,,13.0,3,0,2017
1410610140201.0,14,141061,19,1,1,,,13.0,2,0,2017
1410610140201.0,14,141061,17,1,1,,,9.0,3,0,2017
1410610140201.0,14,141061,8,,1,,,7.0,2,0,2017
1410610140301.0,14,141061,31,1,2,,,11.0,4,1,2017
1410610140301.0,14,141061,35,1,2,,,9.0,4,0,2017
1410610140301.0,14,141061,16,1,1,,,9.0,2,0,2017
1410610140301.0,14,141061,11,,1,,,7.0,5,0,2017
1410610140301.0,14,141061,4,,1,,,3.0,,0,2017
1410610140401.0,14,141061,59,1,2,,,7.0,8,1,2017
1410610140401.0,14,141061,63,4,2,,,1.0,,0,2017
1410610150101.0,14,141061,46,1,2,,,7.0,8,1,2017
1410610150101.0,14,141061,49,1,2,,,7.0,6,0,2017
1410610150101.0,14,141061,11,,1,,,7.0,5,0,2017
1410610150301.0,14,141061,31,1,2,,,11.0,4,1,2017
1410610150301.0,14,141061,31,1,2,,,11.0,4,0,2017
1410610150301.0,14,141061,9,,1,,,7.0,4,0,2017
1410610150301.0,14,141061,7,,1,,,7.0,2,0,2017
1410610150301.0,14,141061,3,,1,,,4.0,,0,2017
1410610150401.0,14,141061,45,1,2,,,7.0,8,1,2017
1410610150401.0,14,141061,88,4,2,,,6.0,1,0,2017
1410610150501.0,14,141061,48,1,2,,,7.0,8,1,2017
1410610150501.0,14,141061,19,1,1,,,11.0,4,0,2017
1410610150501.0,14,141061,13,,1,,,7.0,8,0,2017
1410610150601.0,14,141061,53,4,2,,,7.0,1,1,2017
1410610150601.0,14,141061,84,4,2,,,7.0,1,0,2017
1410610150701.0,14,141061,42,1,2,,,12.0,2,1,2017
1410610150701.0,14,141061,24,1,2,99,9,9.0,4,0,2017
1410610150701.0,14,141061,20,1,1,,,13.0,2,0,2017
1410610150701.0,14,141061,16,1,1,,,9.0,3,0,2017
1410610150701.0,14,141061,10,,1,,,7.0,5,0,2017
1410610150801.0,14,141061,50,1,2,,,7.0,2,1,2017
1410610150801.0,14,141061,22,1,2,99,9,7.0,4,0,2017
1410610150901.0,14,141061,78,4,2,,,7.0,1,1,2017
1410610150901.0,14,141061,32,1,2,,,7.0,8,0,2017
1410610150901.0,14,141061,20,1,2,12,3,9.0,4,0,2017
1410610151101.0,14,141061,74,1,2,,,7.0,4,1,2017
1410610151101.0,14,141061,68,1,2,,,7.0,3,0,2017
1410610151101.0,14,141061,35,1,2,,,9.0,4,0,2017
1410610160101.0,14,141061,26,1,1,,,13.0,3,1,2017
1410610160101.0,14,141061,11,,1,,,7.0,5,0,2017
1410610160101.0,14,141061,4,,1,,,4.0,,0,2017
1410610160201.0,14,141061,82,1,2,,,7.0,2,1,2017
1410610160201.0,14,141061,78,1,2,,,7.0,2,0,2017
1410610160201.0,14,141061,54,1,2,,,11.0,3,0,2017
1410610160301.0,14,141061,26,1,2,12,4,11.0,4,1,2017
1410610160301.0,14,141061,7,,1,,,7.0,2,0,2017
1410610160401.0,14,141061,47,1,2,,,9.0,4,1,2017
1410610160401.0,14,141061,42,1,2,,,7.0,8,0,2017
1410610160401.0,14,141061,13,,1,,,7.0,7,0,2017
1410610170101.0,14,141061,43,1,2,,,9.0,4,1,2017
1410610170101.0,14,141061,21,1,2,12,4,9.0,4,0,2017
1410610170101.0,14,141061,19,1,2,12,2,9.0,4,0,2017
1410610170101.0,14,141061,10,,1,,,7.0,5,0,2017
1410610170201.0,14,141061,65,2,2,,,7.0,8,1,2017
1410610170301.0,14,141061,50,1,2,,,7.0,7,1,2017
1410610170301.0,14,141061,48,1,2,,,9.0,1,0,2017
1410610170301.0,14,141061,18,1,2,7,2,9.0,4,0,2017
1410610170401.0,14,141061,56,4,2,,,1.0,,1,2017
1410610170401.0,14,141061,18,1,1,,,11.0,4,0,2017
1410610170501.0,14,141061,71,1,2,,,7.0,7,1,2017
1410610170501.0,14,141061,45,1,2,,,7.0,5,0,2017
1410610170501.0,14,141061,21,1,2,12,4,9.0,2,0,2017
1410610170601.0,14,141061,77,1,2,,,6.0,6,1,2017
1410610170601.0,14,141061,47,1,2,,,9.0,4,0,2017
1410610170601.0,14,141061,15,1,1,,,7.0,8,0,2017
1410610170601.0,14,141061,14,,1,,,9.0,1,0,2017
1410610170701.0,14,141061,47,1,2,,,7.0,6,1,2017
1410610170701.0,14,141061,47,1,2,,,7.0,7,0,2017
1410610170701.0,14,141061,26,1,2,12,4,11.0,4,0,2017
1410610170701.0,14,141061,24,1,2,7,4,11.0,4,0,2017
1410610170701.0,14,141061,23,1,2,12,4,11.0,4,0,2017
1410610170701.0,14,141061,18,1,1,,,11.0,4,0,2017
1410610170701.0,14,141061,16,1,1,,,11.0,3,0,2017
1410610170701.0,14,141061,18,1,2,12,4,7.0,8,0,2017
1410610170701.0,14,141061,18,1,1,,,9.0,2,0,2017
1410610170901.0,14,141061,65,1,2,,,6.0,4,1,2017
1410610170901.0,14,141061,65,1,2,,,6.0,4,0,2017
1410610170901.0,14,141061,71,1,2,,,6.0,3,0,2017
1410610171001.0,14,141061,27,1,2,12,4,11.0,4,1,2017
1410610171001.0,14,141061,23,1,2,2,4,7.0,7,0,2017
1410610171001.0,14,141061,3,,1,,,3.0,,0,2017
1410610171001.0,14,141061,0,,2,,,1.0,,0,2017
1410610180101.0,14,141061,62,1,2,,,6.0,6,1,2017
1410610180201.0,14,141061,62,1,2,,,6.0,4,1,2017
1410610180201.0,14,141061,66,1,2,,,6.0,4,0,2017
1410610180401.0,14,141061,63,1,2,,,7.0,6,1,2017
1410610190101.0,14,141061,81,4,2,,,1.0,,1,2017
1410610190101.0,14,141061,70,1,2,,,6.0,2,0,2017
1410610190101.0,14,141061,71,4,2,,,1.0,,0,2017
1410610190101.0,14,141061,42,1,2,,,7.0,4,0,2017
1410610190301.0,14,141061,56,4,2,,,1.0,,1,2017
1410610190301.0,14,141061,60,1,2,,,8.0,4,0,2017
1410610190401.0,14,141061,43,1,2,,,7.0,8,1,2017
1410610190401.0,14,141061,50,1,2,,,7.0,6,0,2017
1410610190401.0,14,141061,17,1,1,,,9.0,3,0,2017
1410610190401.0,14,141061,15,1,1,,,9.0,2,0,2017
1410610200101.0,14,141061,70,1,2,,,7.0,3,1,2017
1410610200101.0,14,141061,25,1,2,12,9,9.0,4,0,2017
1410610200101.0,14,141061,6,,1,,,4.0,,0,2017
1410610200201.0,14,141061,23,1,2,12,1,13.0,2,1,2017
1410610200301.0,14,141061,54,1,2,,,13.0,5,1,2017
1410610200301.0,14,141061,32,1,2,,,13.0,5,0,2017
1410610200301.0,14,141061,22,1,2,7,4,9.0,4,0,2017
1410610200301.0,14,141061,9,,1,,,7.0,3,0,2017
1410610200401.0,14,141061,64,1,2,,,9.0,4,1,2017
1410610200401.0,14,141061,61,1,2,,,9.0,4,0,2017
1410610210101.0,14,141061,71,1,2,,,7.0,8,1,2017
1410610210101.0,14,141061,66,1,2,,,8.0,2,0,2017
1410610210201.0,14,141061,29,1,2,7,4,11.0,4,1,2017
1410610210201.0,14,141061,28,1,2,7,4,11.0,4,0,2017
1410610210201.0,14,141061,10,,1,,,7.0,4,0,2017
1410610210201.0,14,141061,4,,1,,,3.0,,0,2017
1410610210201.0,14,141061,4,,1,,,3.0,,0,2017
1410610210301.0,14,141061,47,1,2,,,7.0,6,1,2017
1410610210301.0,14,141061,48,1,2,,,13.0,4,0,2017
1410610210301.0,14,141061,21,1,1,,,13.0,2,0,2017
1410610210401.0,14,141061,46,1,2,,,9.0,4,1,2017
1410610210401.0,14,141061,50,1,2,,,9.0,2,0,2017
1410610210401.0,14,141061,14,,1,,,7.0,8,0,2017
1410610220301.0,14,141061,67,1,2,,,10.0,2,1,2017
1410610220301.0,14,141061,64,1,2,,,6.0,5,0,2017
1410610220301.0,14,141061,32,1,2,,,9.0,4,0,2017
1410610230101.0,14,141061,50,1,2,,,13.0,5,1,2017
1410610230101.0,14,141061,41,1,2,,,13.0,5,0,2017
1410610230101.0,14,141061,3,,2,,,1.0,,0,2017
1410610230101.0,14,141061,10,,1,,,7.0,4,0,2017
1410610230101.0,14,141061,13,,1,,,7.0,7,0,2017
1410610240101.0,14,141061,78,1,2,,,8.0,3,1,2017
1410610240201.0,14,141061,50,1,2,,,11.0,5,1,2017
1410610240201.0,14,141061,42,1,2,,,9.0,4,0,2017
1410610240201.0,14,141061,23,1,2,2,4,9.0,4,0,2017
1410610240201.0,14,141061,20,1,1,,,13.0,3,0,2017
1410610240201.0,14,141061,4,,2,,,1.0,,0,2017
1410610240301.0,14,141061,69,1,2,,,13.0,4,1,2017
1410610240301.0,14,141061,62,1,2,,,12.0,2,0,2017
1410610240301.0,14,141061,32,1,2,,,12.0,3,0,2017
1410610240401.0,14,141061,54,1,2,,,13.0,3,1,2017
1410610240401.0,14,141061,56,1,2,,,13.0,5,0,2017
1410610240401.0,14,141061,21,1,1,,,13.0,1,0,2017
1410610250101.0,14,141061,82,4,2,,,1.0,,1,2017
1410610250201.0,14,141061,42,1,2,,,9.0,4,1,2017
1410610250201.0,14,141061,36,1,2,,,11.0,4,0,2017
1410610250201.0,14,141061,9,,1,,,7.0,4,0,2017
1410610250201.0,14,141061,6,,1,,,4.0,,0,2017
1410610250301.0,14,141061,38,1,2,,,9.0,4,1,2017
1410610250301.0,14,141061,34,1,2,,,9.0,4,0,2017
1410610250301.0,14,141061,19,1,2,6,2,9.0,4,0,2017
1410610250301.0,14,141061,13,,1,,,7.0,8,0,2017
1410610250301.0,14,141061,2,,1,,,3.0,,0,2017
1410610250401.0,14,141061,46,1,2,,,7.0,6,1,2017
1410610250401.0,14,141061,18,1,1,,,9.0,4,0,2017
1410610250501.0,14,141061,41,1,2,,,7.0,6,1,2017
1410610250501.0,14,141061,52,1,2,,,7.0,6,0,2017
1410610250501.0,14,141061,7,,1,,,7.0,1,0,2017
1410610250601.0,14,141061,60,1,2,,,7.0,8,1,2017
1410610250601.0,14,141061,22,1,2,12,4,9.0,2,0,2017
1410610250601.0,14,141061,8,,1,,,7.0,2,0,2017
1410610250701.0,14,141061,62,1,2,,,7.0,8,1,2017
1410610250701.0,14,141061,48,1,2,,,9.0,4,0,2017
1410610250701.0,14,141061,24,1,2,12,4,9.0,4,0,2017
1410610250701.0,14,141061,20,1,1,,,9.0,4,0,2017
1410610250801.0,14,141061,36,1,2,,,9.0,4,1,2017
1410610250801.0,14,141061,33,1,2,,,9.0,4,0,2017
1410610250801.0,14,141061,15,1,1,,,9.0,1,0,2017
1410610250801.0,14,141061,8,,1,,,7.0,3,0,2017
1410610250801.0,14,141061,5,,1,,,4.0,,0,2017
1410610250901.0,14,141061,50,1,2,,,9.0,4,1,2017
1410610250901.0,14,141061,28,1,2,7,4,9.0,2,0,2017
1410610250901.0,14,141061,24,1,2,7,4,9.0,4,0,2017
1410610250901.0,14,141061,21,1,1,,,9.0,4,0,2017
1410610250901.0,14,141061,7,,1,,,7.0,1,0,2017
1410610250901.0,14,141061,4,,1,,,3.0,,0,2017
1410610251001.0,14,141061,52,1,2,,,9.0,2,1,2017
1410610251001.0,14,141061,48,1,2,,,7.0,6,0,2017
1410610251001.0,14,141061,20,1,1,,,13.0,1,0,2017
1410630010101.0,14,141063,98,1,2,,,6.0,2,1,2017
1410630010201.0,14,141063,38,1,2,,,9.0,2,1,2017
1410630010201.0,14,141063,37,1,2,,,9.0,2,0,2017
1410630010201.0,14,141063,15,1,1,,,9.0,1,0,2017
1410630010201.0,14,141063,4,,2,,,1.0,,0,2017
1410630010301.0,14,141063,68,1,2,,,6.0,6,1,2017
1410630010301.0,14,141063,63,1,2,,,9.0,2,0,2017
1410630010301.0,14,141063,24,1,1,,,13.0,4,0,2017
1410630010301.0,14,141063,23,1,1,,,13.0,3,0,2017
1410630010401.0,14,141063,28,1,2,12,4,11.0,2,1,2017
1410630010401.0,14,141063,27,1,2,7,4,9.0,4,0,2017
1410630010401.0,14,141063,3,,1,,,3.0,,0,2017
1410630010501.0,14,141063,37,1,2,,,9.0,4,1,2017
1410630010501.0,14,141063,24,1,2,1,4,9.0,4,0,2017
1410630010501.0,14,141063,5,,1,,,4.0,,0,2017
1410630010601.0,14,141063,69,1,2,,,7.0,6,1,2017
1410630010601.0,14,141063,72,4,2,,,1.0,,0,2017
1410630010701.0,14,141063,69,1,2,,,6.0,6,1,2017
1410630010701.0,14,141063,43,4,2,,,7.0,1,0,2017
1410630010701.0,14,141063,19,1,1,,,9.0,4,0,2017
1410630010801.0,14,141063,89,2,2,,,6.0,2,1,2017
1410630010801.0,14,141063,54,4,2,,,7.0,1,0,2017
1410630010901.0,14,141063,54,1,2,,,7.0,5,1,2017
1410630010901.0,14,141063,43,1,2,,,7.0,8,0,2017
1410630010901.0,14,141063,17,1,1,,,9.0,2,0,2017
1410630011001.0,14,141063,30,1,2,12,9,9.0,4,1,2017
1410630011001.0,14,141063,7,,1,,,7.0,2,0,2017
1410630011101.0,14,141063,40,1,2,,,9.0,4,1,2017
1410630011101.0,14,141063,37,1,2,,,9.0,4,0,2017
1410630011101.0,14,141063,1,,2,,,1.0,,0,2017
1410630011101.0,14,141063,18,1,1,,,9.0,3,0,2017
1410630011201.0,14,141063,38,1,2,,,7.0,8,1,2017
1410630011201.0,14,141063,31,1,2,,,7.0,8,0,2017
1410630011201.0,14,141063,15,1,1,,,11.0,1,0,2017
1410630011201.0,14,141063,13,,1,,,7.0,7,0,2017
1410630011201.0,14,141063,6,,1,,,4.0,,0,2017
1410630011301.0,14,141063,59,1,2,,,7.0,8,1,2017
1410630011301.0,14,141063,62,1,2,,,7.0,6,0,2017
1410630011401.0,14,141063,37,1,2,,,7.0,8,1,2017
1410630011401.0,14,141063,31,1,2,,,7.0,8,0,2017
1410630011401.0,14,141063,15,1,1,,,9.0,1,0,2017
1410630011401.0,14,141063,13,,1,,,7.0,8,0,2017
1410630011401.0,14,141063,6,,1,,,4.0,,0,2017
1410630011501.0,14,141063,43,1,2,,,7.0,8,1,2017
1410630011501.0,14,141063,43,1,2,,,7.0,8,0,2017
1410630011501.0,14,141063,11,,1,,,7.0,6,0,2017
1410630011501.0,14,141063,18,1,2,13,2,11.0,3,0,2017
1410630011601.0,14,141063,47,1,2,,,12.0,3,1,2017
1410630011601.0,14,141063,15,1,1,,,9.0,1,0,2017
1410630011601.0,14,141063,40,1,2,,,9.0,4,0,2017
1410630011601.0,14,141063,10,,1,,,7.0,5,0,2017
1410630011601.0,14,141063,4,,2,,,1.0,,0,2017
1410630011701.0,14,141063,41,1,2,,,7.0,6,1,2017
1410630011701.0,14,141063,34,1,2,,,7.0,8,0,2017
1410630011701.0,14,141063,14,,1,,,7.0,8,0,2017
1410630011801.0,14,141063,69,1,2,,,6.0,2,1,2017
1410630011801.0,14,141063,55,1,2,,,7.0,8,0,2017
1410630011801.0,14,141063,20,1,1,,,12.0,1,0,2017
1410630011801.0,14,141063,18,1,1,,,9.0,4,0,2017
1410630011901.0,14,141063,54,1,2,,,7.0,8,1,2017
1410630011901.0,14,141063,54,1,2,,,7.0,5,0,2017
1410630011901.0,14,141063,29,1,2,12,9,7.0,8,0,2017
1410630011901.0,14,141063,9,,1,,,7.0,3,0,2017
1410630012001.0,14,141063,33,1,2,,,9.0,4,1,2017
1410630012001.0,14,141063,36,1,2,,,7.0,6,0,2017
1410630012101.0,14,141063,27,1,2,12,9,9.0,4,1,2017
1410630012101.0,14,141063,24,1,2,12,9,7.0,8,0,2017
1410630012101.0,14,141063,4,,1,,,4.0,,0,2017
1410630012101.0,14,141063,7,,1,,,7.0,2,0,2017
1410630012101.0,14,141063,3,,1,,,3.0,,0,2017
1410630020101.0,14,141063,65,1,2,,,6.0,6,1,2017
1410630020101.0,14,141063,58,1,2,,,7.0,7,0,2017
1410630020301.0,14,141063,74,1,2,,,6.0,3,1,2017
1410630020401.0,14,141063,62,1,2,,,7.0,8,1,2017
1410630020401.0,14,141063,54,1,2,,,7.0,8,0,2017
1410630020401.0,14,141063,22,1,1,,,13.0,2,0,2017
1410630020501.0,14,141063,73,1,2,,,7.0,1,1,2017
1410630020501.0,14,141063,82,1,2,,,8.0,3,0,2017
1410630020601.0,14,141063,50,1,2,,,7.0,8,1,2017
1410630020601.0,14,141063,26,4,2,13,9,5.0,,0,2017
1410630020601.0,14,141063,24,1,2,6,9,11.0,2,0,2017
1410630020601.0,14,141063,1,,2,,,1.0,,0,2017
1410630020701.0,14,141063,59,1,2,,,9.0,4,1,2017
1410630020801.0,14,141063,57,1,2,,,7.0,6,1,2017
1410630020801.0,14,141063,81,4,2,,,1.0,,0,2017
1410630020901.0,14,141063,59,1,2,,,7.0,8,1,2017
1410630020901.0,14,141063,58,1,2,,,9.0,2,0,2017
1410630021001.0,14,141063,86,4,2,,,1.0,,1,2017
1410630021001.0,14,141063,42,4,2,,,1.0,,0,2017
1410630021001.0,14,141063,53,1,2,,,7.0,8,0,2017
1410630021101.0,14,141063,80,1,2,,,6.0,6,1,2017
1410630021201.0,14,141063,86,1,2,,,6.0,6,1,2017
1410630021301.0,14,141063,41,1,2,,,7.0,6,1,2017
1410630021301.0,14,141063,18,1,1,,,9.0,3,0,2017
1410630021301.0,14,141063,7,,1,,,7.0,1,0,2017
1410630021301.0,14,141063,5,,2,,,1.0,,0,2017
1410630021401.0,14,141063,69,1,2,,,6.0,6,1,2017
1410630021401.0,14,141063,64,1,2,,,6.0,6,0,2017
1410630021501.0,14,141063,52,1,2,,,7.0,8,1,2017
1410630021501.0,14,141063,42,1,2,,,7.0,6,0,2017
1410630021501.0,14,141063,27,1,2,11,9,12.0,2,0,2017
1410630021501.0,14,141063,23,1,2,11,9,9.0,4,0,2017
1410630021501.0,14,141063,7,,1,,,7.0,1,0,2017
1410630021701.0,14,141063,81,4,2,,,1.0,,1,2017
1410630021701.0,14,141063,57,1,2,,,7.0,6,0,2017
1410630021801.0,14,141063,67,1,2,,,13.0,4,1,2017
1410630021801.0,14,141063,66,1,2,,,6.0,3,0,2017
1410630021801.0,14,141063,16,1,1,,,11.0,2,0,2017
1410630021901.0,14,141063,64,1,2,,,7.0,2,1,2017
1410630021901.0,14,141063,75,1,2,,,7.0,2,0,2017
1410630022001.0,14,141063,64,1,2,,,1.0,,1,2017
1410630022001.0,14,141063,69,1,2,,,1.0,,0,2017
1410630022101.0,14,141063,50,1,2,,,7.0,5,1,2017
1410630022101.0,14,141063,56,4,2,,,7.0,3,0,2017
1410630022101.0,14,141063,21,1,1,,,11.0,3,0,2017
1410630022101.0,14,141063,13,,1,,,7.0,8,0,2017
1410630030101.0,14,141063,77,1,2,,,6.0,6,1,2017
1410630030101.0,14,141063,67,1,2,,,6.0,6,0,2017
1410630030201.0,14,141063,70,1,2,,,6.0,4,1,2017
1410630030201.0,14,141063,68,1,2,,,8.0,2,0,2017
1410630030201.0,14,141063,47,1,2,,,5.0,,0,2017
1410630030301.0,14,141063,59,1,2,,,9.0,2,1,2017
1410630030301.0,14,141063,50,1,2,,,9.0,3,0,2017
1410630030301.0,14,141063,25,1,1,,,13.0,1,0,2017
1410630030301.0,14,141063,8,,1,,,7.0,3,0,2017
1410630030301.0,14,141063,2,,1,,,3.0,,0,2017
1410630030401.0,14,141063,99,1,2,,,7.0,2,1,2017
1410630030401.0,14,141063,71,4,2,,,1.0,,0,2017
1410630030401.0,14,141063,59,1,2,,,9.0,2,0,2017
1410630030401.0,14,141063,33,1,2,,,9.0,4,0,2017
1410630030401.0,14,141063,19,1,1,,,13.0,1,0,2017
1410630030601.0,14,141063,62,1,2,,,13.0,4,1,2017
1410630030601.0,14,141063,60,1,2,,,12.0,2,0,2017
1410630030601.0,14,141063,42,1,2,,,13.0,5,0,2017
1410630030601.0,14,141063,9,,1,,,7.0,4,0,2017
1410630030601.0,14,141063,7,,1,,,7.0,2,0,2017
1410630030601.0,14,141063,4,,1,,,4.0,,0,2017
1410630030701.0,14,141063,53,1,2,,,7.0,8,1,2017
1410630030701.0,14,141063,9,,1,,,7.0,3,0,2017
1410630030701.0,14,141063,6,,1,,,7.0,1,0,2017
1410630030801.0,14,141063,60,1,2,,,6.0,6,1,2017
1410630030801.0,14,141063,67,1,2,,,6.0,3,0,2017
1410630030801.0,14,141063,33,1,2,,,11.0,4,0,2017
1410630031001.0,14,141063,74,1,2,,,6.0,6,1,2017
1410630031001.0,14,141063,68,1,2,,,6.0,6,0,2017
1410630031001.0,14,141063,42,1,2,,,13.0,5,0,2017
1410630031101.0,14,141063,57,1,2,,,7.0,8,1,2017
1410630031101.0,14,141063,49,1,2,,,11.0,2,0,2017
1410630031101.0,14,141063,30,1,2,4,4,11.0,4,0,2017
1410630031101.0,14,141063,25,1,1,,,13.0,5,0,2017
1410630031101.0,14,141063,15,1,1,,,9.0,2,0,2017
1410630031101.0,14,141063,15,1,1,,,9.0,2,0,2017
1410630031201.0,14,141063,57,1,2,,,9.0,3,1,2017
1410630031201.0,14,141063,25,1,1,,,13.0,2,0,2017
1410630031201.0,14,141063,12,,1,,,7.0,6,0,2017
1410630031201.0,14,141063,5,,1,,,4.0,,0,2017
1410630031301.0,14,141063,52,1,2,,,9.0,4,1,2017
1410630031301.0,14,141063,46,1,2,,,9.0,2,0,2017
1410630031301.0,14,141063,92,1,2,,,6.0,3,0,2017
1410630031401.0,14,141063,60,1,2,,,9.0,4,1,2017
1410630031401.0,14,141063,55,1,2,,,9.0,4,0,2017
1410630031401.0,14,141063,23,1,1,,,13.0,1,0,2017
1410630031501.0,14,141063,50,1,2,,,7.0,8,1,2017
1410630031501.0,14,141063,45,1,2,,,7.0,8,0,2017
1410630031501.0,14,141063,24,1,2,12,9,12.0,2,0,2017
1410630031501.0,14,141063,11,,1,,,7.0,5,0,2017
1410630031501.0,14,141063,5,,1,,,4.0,,0,2017
1410630031501.0,14,141063,3,,1,,,3.0,,0,2017
1410630031601.0,14,141063,43,1,2,,,9.0,4,1,2017
1410630031601.0,14,141063,28,1,2,1,4,9.0,2,0,2017
1410630031601.0,14,141063,9,,1,,,7.0,3,0,2017
1410630031601.0,14,141063,5,,1,,,4.0,,0,2017
1410630031601.0,14,141063,2,,2,,,1.0,,0,2017
1410630031701.0,14,141063,59,1,2,,,9.0,2,1,2017
1410630031801.0,14,141063,34,1,2,,,12.0,3,1,2017
1410630031901.0,14,141063,50,1,2,,,9.0,4,1,2017
1410630031901.0,14,141063,48,1,2,,,9.0,4,0,2017
1410630031901.0,14,141063,21,1,1,,,13.0,2,0,2017
1410630031901.0,14,141063,14,,1,,,9.0,1,0,2017
1410630032001.0,14,141063,91,1,2,,,7.0,2,1,2017
1410630032001.0,14,141063,59,1,2,,,7.0,6,0,2017
1410630032101.0,14,141063,72,1,2,,,6.0,4,1,2017
1410630032101.0,14,141063,59,1,2,,,7.0,5,0,2017
1410630040101.0,14,141063,42,1,2,,,9.0,4,1,2017
1410630040101.0,14,141063,49,1,2,,,9.0,2,0,2017
1410630040101.0,14,141063,22,1,2,12,4,7.0,8,0,2017
1410630040101.0,14,141063,13,,1,,,7.0,8,0,2017
1410630040201.0,14,141063,71,1,2,,,9.0,4,1,2017
1410630040301.0,14,141063,57,1,2,,,9.0,4,1,2017
1410630040301.0,14,141063,46,1,2,,,7.0,5,0,2017
1410630040301.0,14,141063,12,,1,,,7.0,6,0,2017
1410630040401.0,14,141063,43,1,2,,,11.0,4,1,2017
1410630040501.0,14,141063,35,1,2,,,12.0,3,1,2017
1410630040501.0,14,141063,32,1,2,,,12.0,3,0,2017
1410630040601.0,14,141063,52,1,2,,,7.0,8,1,2017
1410630040601.0,14,141063,47,1,2,,,9.0,2,0,2017
1410630040601.0,14,141063,22,1,2,12,9,13.0,5,0,2017
1410630040701.0,14,141063,33,1,2,,,11.0,4,1,2017
1410630040701.0,14,141063,35,1,2,,,11.0,4,0,2017
1410630040701.0,14,141063,14,,1,,,7.0,8,0,2017
1410630040701.0,14,141063,6,,1,,,4.0,,0,2017
1410630040801.0,14,141063,27,1,2,12,4,9.0,4,1,2017
1410630040901.0,14,141063,65,1,2,,,7.0,99,1,2017
1410630040901.0,14,141063,55,1,2,,,9.0,4,0,2017
1410630040901.0,14,141063,27,1,2,12,9,9.0,4,0,2017
1410630040901.0,14,141063,22,1,2,12,4,9.0,4,0,2017
1410630040901.0,14,141063,18,1,1,,,9.0,4,0,2017
1410630040901.0,14,141063,15,1,1,,,9.0,2,0,2017
1410630040901.0,14,141063,18,1,1,,,9.0,4,0,2017
1410630040901.0,14,141063,0,,2,,,1.0,,0,2017
1410630041001.0,14,141063,31,1,2,,,11.0,4,1,2017
1410630041001.0,14,141063,3,,2,,,1.0,,0,2017
1410630041001.0,14,141063,11,,1,,,7.0,5,0,2017
1410630041101.0,14,141063,71,1,2,,,6.0,6,1,2017
1410630041101.0,14,141063,64,1,2,,,6.0,6,0,2017
1410630041101.0,14,141063,29,1,2,7,4,11.0,4,0,2017
1410630041101.0,14,141063,7,,1,,,7.0,2,0,2017
1410630041201.0,14,141063,69,1,2,,,6.0,4,1,2017
1410630041201.0,14,141063,76,1,2,,,6.0,5,0,2017
1410630041301.0,14,141063,61,1,2,,,10.0,4,1,2017
1410630041301.0,14,141063,58,1,2,,,11.0,4,0,2017
1410630041401.0,14,141063,26,1,2,2,4,9.0,4,1,2017
1410630041401.0,14,141063,2,,1,,,3.0,,0,2017
1410630041501.0,14,141063,64,1,2,,,7.0,6,1,2017
1410630041501.0,14,141063,34,1,2,,,9.0,4,0,2017
1410630041601.0,14,141063,70,1,2,,,8.0,1,1,2017
1410630041701.0,14,141063,62,1,2,,,7.0,8,1,2017
1410630041701.0,14,141063,57,1,2,,,7.0,7,0,2017
1410630041701.0,14,141063,31,1,2,,,7.0,8,0,2017
1410630041801.0,14,141063,62,1,2,,,9.0,4,1,2017
1410630041801.0,14,141063,51,1,2,,,9.0,4,0,2017
1410630041801.0,14,141063,20,1,1,,,13.0,3,0,2017
1410630041901.0,14,141063,48,1,2,,,9.0,4,1,2017
1410630041901.0,14,141063,38,1,2,,,9.0,2,0,2017
1410630042101.0,14,141063,36,1,2,,,11.0,4,1,2017
1410630042101.0,14,141063,27,1,2,2,4,7.0,8,0,2017
1410630042101.0,14,141063,8,,1,,,7.0,2,0,2017
1410630042101.0,14,141063,5,,1,,,4.0,,0,2017
1410630042101.0,14,141063,0,,2,,,1.0,,0,2017
1410630050101.0,14,141063,75,1,2,,,8.0,6,1,2017
1410630050101.0,14,141063,69,1,2,,,8.0,6,0,2017
1410630050301.0,14,141063,56,1,2,,,7.0,8,1,2017
1410630050301.0,14,141063,30,1,2,12,4,9.0,4,0,2017
1410630050401.0,14,141063,57,1,2,,,7.0,8,1,2017
1410630050501.0,14,141063,47,1,2,,,13.0,5,1,2017
1410630050501.0,14,141063,38,1,2,,,12.0,2,0,2017
1410630050601.0,14,141063,71,1,2,,,6.0,4,1,2017
1410630050601.0,14,141063,43,1,2,,,7.0,8,0,2017
1410630050601.0,14,141063,40,1,2,,,7.0,8,0,2017
1410630050601.0,14,141063,39,1,2,,,9.0,1,0,2017
1410630050701.0,14,141063,23,1,2,12,4,7.0,8,1,2017
1410630050701.0,14,141063,30,1,2,12,4,7.0,6,0,2017
1410630050701.0,14,141063,25,1,2,12,4,7.0,8,0,2017
1410630050701.0,14,141063,28,1,2,12,4,7.0,4,0,2017
1410630050801.0,14,141063,45,1,2,,,7.0,8,1,2017
1410630050801.0,14,141063,48,1,2,,,7.0,8,0,2017
1410630050801.0,14,141063,17,1,1,,,9.0,4,0,2017
1410630050901.0,14,141063,71,1,2,,,6.0,4,1,2017
1410630050901.0,14,141063,54,1,2,,,7.0,6,0,2017
1410630050901.0,14,141063,24,1,,,,9.0,3,0,2017
1410630051101.0,14,141063,47,1,2,,,9.0,4,1,2017
1410630051101.0,14,141063,35,1,1,,,12.0,2,0,2017
1410630051101.0,14,141063,15,1,1,,,7.0,8,0,2017
1410630051101.0,14,141063,13,,1,,,7.0,5,0,2017
1410630051101.0,14,141063,6,,1,,,4.0,,0,2017
1410630051201.0,14,141063,52,1,2,,,9.0,4,1,2017
1410630051201.0,14,141063,21,1,2,7,3,9.0,4,0,2017
1410630051201.0,14,141063,13,,1,,,7.0,8,0,2017
1410630051301.0,14,141063,56,1,2,,,9.0,4,1,2017
1410630051301.0,14,141063,30,1,2,7,4,13.0,5,0,2017
1410630051401.0,14,141063,54,1,2,,,9.0,4,1,2017
1410630051501.0,14,141063,49,1,2,,,9.0,4,1,2017
1410630051501.0,14,141063,42,1,2,,,9.0,4,0,2017
1410630051501.0,14,141063,18,1,1,,,9.0,4,0,2017
1410630051501.0,14,141063,7,,1,,,7.0,1,0,2017
1410630051601.0,14,141063,40,1,2,,,9.0,1,1,2017
1410630051601.0,14,141063,34,1,2,,,9.0,4,0,2017
1410630051601.0,14,141063,16,1,1,,,9.0,2,0,2017
1410630051601.0,14,141063,9,,1,,,7.0,3,0,2017
1410630051601.0,14,141063,3,,2,,,1.0,,0,2017
1410630051701.0,14,141063,44,1,2,,,7.0,8,1,2017
1410630051701.0,14,141063,42,1,2,,,7.0,6,0,2017
1410630051701.0,14,141063,18,1,1,,,13.0,1,0,2017
1410630051801.0,14,141063,88,1,2,,,8.0,3,1,2017
1410630051901.0,14,141063,31,1,2,,,9.0,4,1,2017
1410630051901.0,14,141063,27,1,2,1,4,9.0,4,0,2017
1410630051901.0,14,141063,9,,1,,,7.0,3,0,2017
1410630051901.0,14,141063,8,,1,,,7.0,2,0,2017
1410630051901.0,14,141063,2,,2,,,1.0,,0,2017
1410630052001.0,14,141063,67,1,2,,,13.0,6,1,2017
1410630052001.0,14,141063,67,1,2,,,13.0,6,0,2017
1410630052001.0,14,141063,22,1,1,,,13.0,3,0,2017
1410630052101.0,14,141063,61,1,2,,,9.0,4,1,2017
1410630052101.0,14,141063,45,1,2,,,7.0,6,0,2017
1410630052101.0,14,141063,21,1,2,7,9,13.0,4,0,2017
1410630052101.0,14,141063,5,,1,,,4.0,,0,2017
1410630052101.0,14,141063,18,1,1,,,13.0,1,0,2017
1410630060101.0,14,141063,78,4,2,,,6.0,2,1,2017
1410630060201.0,14,141063,51,1,2,,,7.0,8,1,2017
1410630060201.0,14,141063,47,1,2,,,7.0,8,0,2017
1410630060301.0,14,141063,64,1,2,,,6.0,4,1,2017
1410630060301.0,14,141063,75,4,2,,,1.0,,0,2017
1410630060301.0,14,141063,56,4,2,,,1.0,,0,2017
1410630060401.0,14,141063,51,1,2,,,13.0,5,1,2017
1410630060401.0,14,141063,47,1,2,,,13.0,5,0,2017
1410630060401.0,14,141063,19,1,1,,,13.0,1,0,2017
1410630060401.0,14,141063,13,,1,,,7.0,7,0,2017
1410630060401.0,14,141063,11,,1,,,7.0,5,0,2017
1410630060501.0,14,141063,44,1,2,,,9.0,4,1,2017
1410630060501.0,14,141063,33,1,2,,,11.0,4,0,2017
1410630060501.0,14,141063,25,1,1,,,13.0,3,0,2017
1410630060501.0,14,141063,27,1,2,12,9,13.0,4,0,2017
1410630060501.0,14,141063,11,,1,,,5.0,,0,2017
1410630060501.0,14,141063,2,,1,,,2.0,,0,2017
1410630060601.0,14,141063,37,1,2,,,9.0,2,1,2017
1410630060601.0,14,141063,37,1,2,,,9.0,2,0,2017
1410630060601.0,14,141063,15,1,1,,,9.0,1,0,2017
1410630060601.0,14,141063,7,,1,,,7.0,1,0,2017
1410630060701.0,14,141063,80,1,2,,,6.0,4,1,2017
1410630060801.0,14,141063,61,1,2,,,7.0,7,1,2017
1410630060901.0,14,141063,44,1,2,,,11.0,5,1,2017
1410630060901.0,14,141063,38,1,1,,,13.0,1,0,2017
1410630060901.0,14,141063,17,1,1,,,9.0,4,0,2017
1410630060901.0,14,141063,10,,1,,,7.0,4,0,2017
1410630061001.0,14,141063,43,1,2,,,7.0,8,1,2017
1410630061001.0,14,141063,38,1,2,,,7.0,8,0,2017
1410630061001.0,14,141063,8,,1,,,7.0,3,0,2017
1410630061001.0,14,141063,0,,2,,,1.0,,0,2017
1410630061101.0,14,141063,64,1,2,,,6.0,5,1,2017
1410630061101.0,14,141063,21,1,1,,,13.0,3,0,2017
1410630061201.0,14,141063,69,1,2,,,6.0,6,1,2017
1410630061201.0,14,141063,68,1,2,,,6.0,1,0,2017
1410630061201.0,14,141063,40,1,2,,,7.0,8,0,2017
1410630061301.0,14,141063,65,1,2,,,7.0,8,1,2017
1410630061301.0,14,141063,61,1,2,,,9.0,1,0,2017
1410630061301.0,14,141063,22,1,2,7,4,9.0,4,0,2017
1410630061301.0,14,141063,35,1,2,,,9.0,4,0,2017
1410630061301.0,14,141063,12,,1,,,7.0,6,0,2017
1410630061301.0,14,141063,11,,1,,,7.0,5,0,2017
1410630061401.0,14,141063,67,1,2,,,6.0,6,1,2017
1410630061401.0,14,141063,54,1,2,,,9.0,2,0,2017
1410630061401.0,14,141063,32,1,2,,,12.0,3,0,2017
1410630061401.0,14,141063,31,1,2,,,11.0,4,0,2017
1410630061401.0,14,141063,6,,1,,,7.0,1,0,2017
1410630061401.0,14,141063,8,,1,,,7.0,3,0,2017
1410630061401.0,14,141063,2,,2,,,1.0,,0,2017
1410630061501.0,14,141063,32,1,2,,,9.0,4,1,2017
1410630061501.0,14,141063,32,1,2,,,9.0,4,0,2017
1410630061501.0,14,141063,11,,1,,,7.0,5,0,2017
1410630061701.0,14,141063,50,1,2,,,7.0,8,1,2017
1410630061701.0,14,141063,50,1,2,,,7.0,7,0,2017
1410630061701.0,14,141063,21,1,2,4,9,11.0,4,0,2017
1410630061701.0,14,141063,14,,1,,,7.0,8,0,2017
1410630061801.0,14,141063,69,1,2,,,6.0,6,1,2017
1410630061801.0,14,141063,72,1,2,,,6.0,5,0,2017
1410630061901.0,14,141063,94,1,2,,,6.0,2,1,2017
1410630061901.0,14,141063,52,1,2,,,7.0,6,0,2017
1410630061901.0,14,141063,58,1,2,,,7.0,6,0,2017
1410630061901.0,14,141063,46,1,2,,,7.0,8,0,2017
1410630062001.0,14,141063,46,1,2,,,7.0,7,1,2017
1410630062101.0,14,141063,89,4,2,,,1.0,,1,2017
1410630062101.0,14,141063,64,1,2,,,9.0,4,0,2017
1410630062101.0,14,141063,57,1,2,,,7.0,8,0,2017
1410710010101.0,14,141071,51,1,2,,,7.0,8,1,2017
1410710010101.0,14,141071,44,1,2,,,9.0,4,0,2017
1410710010101.0,14,141071,10,,1,,,7.0,5,0,2017
1410710010201.0,14,141071,48,1,2,,,7.0,7,1,2017
1410710010201.0,14,141071,8,,1,,,7.0,3,0,2017
1410710010301.0,14,141071,54,1,2,,,9.0,4,1,2017
1410710010301.0,14,141071,15,1,1,,,9.0,1,0,2017
1410710010301.0,14,141071,58,1,2,,,9.0,4,0,2017
1410710010301.0,14,141071,23,1,2,12,4,9.0,3,0,2017
1410710020101.0,14,141071,61,1,2,,,7.0,4,1,2017
1410710020101.0,14,141071,54,1,2,,,7.0,4,0,2017
1410710020101.0,14,141071,31,1,2,,,9.0,4,0,2017
1410710020201.0,14,141071,71,1,2,,,7.0,4,1,2017
1410710020201.0,14,141071,58,1,2,,,7.0,4,0,2017
1410710020201.0,14,141071,47,1,2,,,9.0,2,0,2017
1410710020201.0,14,141071,12,,1,,,7.0,5,0,2017
1410710020301.0,14,141071,60,1,2,,,7.0,6,1,2017
1410710020401.0,14,141071,72,1,2,,,6.0,6,1,2017
1410710020401.0,14,141071,68,1,2,,,1.0,,0,2017
1410710020401.0,14,141071,27,1,2,12,4,9.0,3,0,2017
1410710020401.0,14,141071,25,1,1,,,13.0,4,0,2017
1410710020401.0,14,141071,13,,1,,,7.0,8,0,2017
1410710020501.0,14,141071,60,1,2,,,7.0,3,1,2017
1410710020501.0,14,141071,17,1,1,,,9.0,3,0,2017
1410710020601.0,14,141071,66,1,2,,,6.0,6,1,2017
1410710020601.0,14,141071,66,1,2,,,8.0,3,0,2017
1410710020701.0,14,141071,63,1,2,,,7.0,7,1,2017
1410710020701.0,14,141071,57,1,2,,,7.0,3,0,2017
1410710020801.0,14,141071,68,1,2,,,8.0,2,1,2017
1410710020901.0,14,141071,35,1,2,,,7.0,8,1,2017
1410710020901.0,14,141071,38,1,2,,,9.0,4,0,2017
1410710020901.0,14,141071,19,1,1,,,9.0,4,0,2017
1410710020901.0,14,141071,17,1,1,,,9.0,3,0,2017
1410710020901.0,14,141071,13,,1,,,7.0,8,0,2017
1410710020901.0,14,141071,10,,1,,,7.0,4,0,2017
1410710020901.0,14,141071,10,,1,,,7.0,4,0,2017
1410710021001.0,14,141071,56,1,2,,,7.0,8,1,2017
1410710021001.0,14,141071,52,1,2,,,7.0,8,0,2017
1410710021001.0,14,141071,29,1,2,1,4,9.0,4,0,2017
1410710021001.0,14,141071,19,1,2,1,3,11.0,3,0,2017
1410710021001.0,14,141071,14,,1,,,11.0,1,0,2017
1410710021001.0,14,141071,6,,1,,,4.0,,0,2017
1410710021001.0,14,141071,3,,2,,,1.0,,0,2017
1410710030101.0,14,141071,44,1,2,,,13.0,2,1,2017
1410710030101.0,14,141071,21,1,2,11,2,13.0,2,0,2017
1410710030101.0,14,141071,19,1,1,,,13.0,1,0,2017
1410710030101.0,14,141071,15,1,1,,,9.0,1,0,2017
1410710030101.0,14,141071,5,,1,,,4.0,,0,2017
1410710030201.0,14,141071,71,1,2,,,9.0,3,1,2017
1410710030301.0,14,141071,29,1,2,12,4,11.0,2,1,2017
1410710030301.0,14,141071,4,,1,,,3.0,,0,2017
1410710030401.0,14,141071,56,1,2,,,9.0,4,1,2017
1410710040101.0,14,141071,71,1,2,,,7.0,8,1,2017
1410710040101.0,14,141071,70,1,2,,,7.0,8,0,2017
1410710040201.0,14,141071,56,1,2,,,9.0,4,1,2017
1410710040201.0,14,141071,56,1,2,,,9.0,2,0,2017
1410710040301.0,14,141071,65,1,2,,,12.0,2,1,2017
1410710040401.0,14,141071,79,4,2,,,1.0,,1,2017
1410710040401.0,14,141071,73,4,2,,,1.0,,0,2017
1410710040401.0,14,141071,50,1,2,,,9.0,3,0,2017
1410710040401.0,14,141071,27,1,2,12,4,9.0,4,0,2017
1410710050201.0,14,141071,72,1,2,,,8.0,1,1,2017
1410710050201.0,14,141071,32,1,2,,,13.0,1,0,2017
1410710050201.0,14,141071,21,1,1,,,13.0,3,0,2017
1410710050301.0,14,141071,56,1,2,,,7.0,8,1,2017
1410710050301.0,14,141071,51,1,2,,,7.0,6,0,2017
1410710050301.0,14,141071,21,1,1,,,13.0,3,0,2017
1410710050401.0,14,141071,69,1,2,,,9.0,4,1,2017
1410710050501.0,14,141071,51,1,2,,,9.0,4,1,2017
1410710050501.0,14,141071,83,1,2,,,7.0,4,0,2017
1410710050601.0,14,141071,38,1,2,,,9.0,4,1,2017
1410710050601.0,14,141071,35,1,2,,,9.0,4,0,2017
1410710050601.0,14,141071,12,,1,,,7.0,6,0,2017
1410710050601.0,14,141071,8,,1,,,5.0,,0,2017
1410710050701.0,14,141071,40,1,2,,,7.0,8,1,2017
1410710050701.0,14,141071,37,1,2,,,9.0,4,0,2017
1410710050701.0,14,141071,17,1,1,,,9.0,4,0,2017
1410710050701.0,14,141071,12,,1,,,7.0,7,0,2017
1410710050701.0,14,141071,9,,1,,,7.0,4,0,2017
1410710050701.0,14,141071,53,4,2,,,7.0,2,0,2017
1410710050801.0,14,141071,80,1,2,,,6.0,3,1,2017
1410710050901.0,14,141071,43,1,2,,,13.0,4,1,2017
1410710050901.0,14,141071,35,1,2,,,13.0,2,0,2017
1410710050901.0,14,141071,11,,1,,,7.0,6,0,2017
1410710060101.0,14,141071,71,4,2,,,6.0,2,1,2017
1410710060101.0,14,141071,31,1,2,,,13.0,4,0,2017
1410710060201.0,14,141071,80,1,2,,,8.0,6,1,2017
1410710060301.0,14,141071,50,1,2,,,12.0,3,1,2017
1410710060301.0,14,141071,16,1,1,,,9.0,3,0,2017
1410710060401.0,14,141071,77,1,2,,,6.0,3,1,2017
1410710060401.0,14,141071,44,1,2,,,7.0,8,0,2017
1410710070101.0,14,141071,48,1,2,,,7.0,8,1,2017
1410710070101.0,14,141071,64,1,2,,,6.0,6,0,2017
1410710070101.0,14,141071,26,1,2,12,4,9.0,2,0,2017
1410710070101.0,14,141071,13,,1,,,7.0,7,0,2017
1410710070101.0,14,141071,11,,1,,,7.0,6,0,2017
1410710070101.0,14,141071,9,,1,,,7.0,3,0,2017
1410710070201.0,14,141071,69,1,2,,,13.0,5,1,2017
1410710070201.0,14,141071,56,1,2,,,13.0,5,0,2017
1410710070201.0,14,141071,28,1,2,7,4,13.0,5,0,2017
1410710070201.0,14,141071,25,1,2,7,3,13.0,5,0,2017
1410710070201.0,14,141071,20,1,2,7,1,13.0,2,0,2017
1410710070201.0,14,141071,80,1,2,,,7.0,2,0,2017
1410710070201.0,14,141071,22,1,2,7,4,9.0,4,0,2017
1410710070201.0,14,141071,15,1,1,,,9.0,2,0,2017
1410710070301.0,14,141071,35,1,2,,,9.0,4,1,2017
1410710070301.0,14,141071,8,,1,,,7.0,2,0,2017
1410710070301.0,14,141071,4,,1,,,3.0,,0,2017
1410710070401.0,14,141071,43,1,2,,,9.0,3,1,2017
1410710070401.0,14,141071,20,3,2,7,2,11.0,4,0,2017
1410710070401.0,14,141071,8,,1,,,7.0,2,0,2017
1410710080101.0,14,141071,79,1,2,,,6.0,4,1,2017
1410710090101.0,14,141071,49,1,2,,,9.0,2,1,2017
1410710090101.0,14,141071,50,1,2,,,11.0,3,0,2017
1410710090101.0,14,141071,26,1,1,,,13.0,4,0,2017
1410710090101.0,14,141071,21,1,1,,,13.0,3,0,2017
1410710090101.0,14,141071,18,1,1,,,9.0,4,0,2017
1410710090201.0,14,141071,72,1,2,,,6.0,3,1,2017
1410710090201.0,14,141071,62,1,2,,,8.0,1,0,2017
1410710090201.0,14,141071,39,1,2,,,13.0,4,0,2017
1410710090201.0,14,141071,27,1,1,,,13.0,4,0,2017
1410710090301.0,14,141071,29,1,2,7,4,12.0,3,1,2017
1410710090301.0,14,141071,25,1,2,7,4,12.0,3,0,2017
1410710090301.0,14,141071,5,,1,,,4.0,,0,2017
1410710090301.0,14,141071,0,,2,,,1.0,,0,2017
1410710090401.0,14,141071,29,1,2,12,4,12.0,2,1,2017
1410710090401.0,14,141071,27,1,2,12,4,7.0,8,0,2017
1410710090401.0,14,141071,8,,1,,,7.0,3,0,2017
1410710090401.0,14,141071,14,,1,,,7.0,8,0,2017
1410710090401.0,14,141071,15,1,1,,,9.0,1,0,2017
1410710100101.0,14,141071,32,1,2,,,9.0,4,1,2017
1410710100101.0,14,141071,10,,1,,,7.0,4,0,2017
1410710100101.0,14,141071,7,,1,,,7.0,2,0,2017
1410710100101.0,14,141071,2,,2,,,1.0,,0,2017
1410710100201.0,14,141071,52,1,2,,,11.0,1,1,2017
1410710100201.0,14,141071,45,1,2,,,11.0,4,0,2017
1410710100201.0,14,141071,25,1,2,12,4,11.0,4,0,2017
1410710100201.0,14,141071,28,1,2,6,4,11.0,4,0,2017
1410710100201.0,14,141071,23,1,2,1,4,11.0,4,0,2017
1410710100201.0,14,141071,28,1,2,12,4,11.0,4,0,2017
1410710100201.0,14,141071,3,,1,,,3.0,,0,2017
1410710100201.0,14,141071,6,,1,,,4.0,,0,2017
1410710100201.0,14,141071,1,,2,,,1.0,,0,2017
1410710100301.0,14,141071,35,1,2,,,9.0,4,1,2017
1410710100301.0,14,141071,9,,1,,,7.0,4,0,2017
1410710100301.0,14,141071,15,1,1,,,9.0,2,0,2017
1410710100701.0,14,141071,59,1,2,,,9.0,2,1,2017
1410710100701.0,14,141071,55,1,2,,,9.0,4,0,2017
1410710100801.0,14,141071,79,1,2,,,6.0,5,1,2017
1410710100901.0,14,141071,77,1,2,,,6.0,6,1,2017
1410710100901.0,14,141071,85,1,2,,,6.0,6,0,2017
1410710110101.0,14,141071,26,1,2,7,4,13.0,5,1,2017
1410710110101.0,14,141071,28,1,2,7,4,12.0,2,0,2017
1410710110301.0,14,141071,77,1,2,,,6.0,6,1,2017
1410710110302.0,14,141071,51,1,2,,,12.0,2,1,2017
1410710110302.0,14,141071,21,1,2,7,2,12.0,3,0,2017
1410710120101.0,14,141071,73,1,2,,,7.0,8,1,2017
1410710120201.0,14,141071,38,1,2,,,11.0,4,1,2017
1410710120201.0,14,141071,34,1,2,,,11.0,4,0,2017
1410710120201.0,14,141071,9,,1,,,7.0,3,0,2017
1410710120201.0,14,141071,2,,1,,,2.0,,0,2017
1410710120301.0,14,141071,43,1,2,,,9.0,4,1,2017
1410710120301.0,14,141071,32,1,2,,,9.0,4,0,2017
1410710120301.0,14,141071,9,,1,,,7.0,4,0,2017
1410710120301.0,14,141071,7,,1,,,7.0,2,0,2017
1410710120401.0,14,141071,69,1,2,,,7.0,3,1,2017
1410710120401.0,14,141071,50,1,2,,,7.0,3,0,2017
1410710130201.0,14,141071,64,1,2,,,12.0,2,1,2017
1410710130201.0,14,141071,59,1,2,,,12.0,2,0,2017
1410710130301.0,14,141071,49,1,2,,,9.0,4,1,2017
1410710130401.0,14,141071,73,2,2,,,1.0,,1,2017
1410710130401.0,14,141071,54,1,2,,,1.0,,0,2017
1410710130401.0,14,141071,40,4,2,,,1.0,,0,2017
1410710130401.0,14,141071,67,4,2,,,1.0,,0,2017
1410710130501.0,14,141071,64,1,2,,,7.0,8,1,2017
1410710130501.0,14,141071,16,1,1,,,9.0,1,0,2017
1410710140101.0,14,141071,76,1,2,,,6.0,2,1,2017
1410710140102.0,14,141071,69,1,2,,,6.0,6,1,2017
1410710140102.0,14,141071,67,1,2,,,6.0,6,0,2017
1410710140201.0,14,141071,58,1,2,,,9.0,4,1,2017
1410710140201.0,14,141071,58,1,2,,,7.0,8,0,2017
1410710140201.0,14,141071,24,1,1,,,13.0,5,0,2017
1410710140301.0,14,141071,39,1,2,,,12.0,3,1,2017
1410710140301.0,14,141071,19,1,2,17,1,9.0,4,0,2017
1410710140401.0,14,141071,55,1,2,,,12.0,3,1,2017
1410710140401.0,14,141071,54,1,2,,,12.0,3,0,2017
1410710140401.0,14,141071,31,1,1,,,13.0,5,0,2017
1410710140401.0,14,141071,11,,1,,,7.0,6,0,2017
1410710150101.0,14,141071,69,1,2,,,6.0,3,1,2017
1410710150101.0,14,141071,70,1,2,,,6.0,6,0,2017
1410710150101.0,14,141071,64,1,2,,,8.0,4,0,2017
1410710150301.0,14,141071,53,1,2,,,7.0,6,1,2017
1410710150301.0,14,141071,14,,1,,,9.0,1,0,2017
1410710160101.0,14,141071,54,1,2,,,9.0,4,1,2017
1410710160101.0,14,141071,54,1,2,,,9.0,1,0,2017
1410710160101.0,14,141071,13,,1,,,7.0,7,0,2017
1410710160201.0,14,141071,23,1,2,12,4,11.0,3,1,2017
1410710160201.0,14,141071,29,1,2,7,4,11.0,4,0,2017
1410710170101.0,14,141071,77,1,2,,,8.0,3,1,2017
1410710170101.0,14,141071,66,1,2,,,7.0,4,0,2017
1410710170101.0,14,141071,47,1,2,,,9.0,4,0,2017
1410710170201.0,14,141071,58,1,2,,,9.0,4,1,2017
1410710170201.0,14,141071,24,1,1,,,12.0,1,0,2017
1410710170301.0,14,141071,73,1,2,,,9.0,4,1,2017
1410710170301.0,14,141071,38,1,2,,,9.0,4,0,2017
1410710170301.0,14,141071,41,1,2,,,9.0,4,0,2017
1410710170401.0,14,141071,28,1,2,12,4,11.0,4,1,2017
1410710170401.0,14,141071,25,1,2,2,4,11.0,4,0,2017
1410710170401.0,14,141071,3,,2,,,1.0,,0,2017
1410710170601.0,14,141071,47,1,2,,,7.0,8,1,2017
1410710170601.0,14,141071,13,,1,,,7.0,7,0,2017
1410710170601.0,14,141071,12,,1,,,7.0,6,0,2017
1410710170601.0,14,141071,12,,1,,,7.0,6,0,2017
1410710170701.0,14,141071,67,1,2,,,7.0,8,1,2017
1410710170701.0,14,141071,68,1,2,,,7.0,6,0,2017
1410710170801.0,14,141071,68,1,2,,,6.0,5,1,2017
1410710170901.0,14,141071,52,1,2,,,7.0,6,1,2017
1410710170901.0,14,141071,24,1,2,7,4,9.0,4,0,2017
1410710170901.0,14,141071,21,1,2,7,4,7.0,8,0,2017
1410710170901.0,14,141071,29,1,2,7,4,9.0,4,0,2017
1410710170901.0,14,141071,22,1,2,7,4,9.0,4,0,2017
1410710170901.0,14,141071,10,,1,,,7.0,4,0,2017
1410710170901.0,14,141071,5,,1,,,4.0,,0,2017
1410710170901.0,14,141071,3,,1,,,3.0,,0,2017
1410710170901.0,14,141071,2,,1,,,2.0,,0,2017
1410710180101.0,14,141071,50,1,2,,,9.0,4,1,2017
1410710180101.0,14,141071,23,1,2,7,4,9.0,4,0,2017
1410710180101.0,14,141071,16,1,1,,,9.0,1,0,2017
1410710180301.0,14,141071,45,1,2,,,9.0,2,1,2017
1410710180301.0,14,141071,39,1,2,,,9.0,2,0,2017
1410710180301.0,14,141071,1,,2,,,1.0,,0,2017
1410710190101.0,14,141071,26,1,2,7,4,12.0,3,1,2017
1410710190201.0,14,141071,27,1,2,7,4,9.0,4,1,2017
1410710190201.0,14,141071,24,1,2,7,1,11.0,4,0,2017
1410710190201.0,14,141071,6,,1,,,7.0,1,0,2017
1410710190301.0,14,141071,43,1,2,,,9.0,2,1,2017
1410710190301.0,14,141071,50,1,2,,,9.0,4,0,2017
1410710190301.0,14,141071,21,1,1,,,12.0,1,0,2017
1410710190301.0,14,141071,2,,2,,,1.0,,0,2017
1410710190301.0,14,141071,18,1,2,2,3,7.0,8,0,2017
1410710190401.0,14,141071,50,1,2,,,7.0,8,1,2017
1410710190401.0,14,141071,51,1,2,,,7.0,8,0,2017
1410710190401.0,14,141071,21,1,1,,,12.0,1,0,2017
1410710190401.0,14,141071,19,1,1,,,12.0,2,0,2017
1410710190401.0,14,141071,14,,1,,,7.0,8,0,2017
1410710190501.0,14,141071,49,1,2,,,7.0,8,1,2017
1410710190501.0,14,141071,47,1,2,,,9.0,3,0,2017
1410710190501.0,14,141071,18,1,1,,,9.0,3,0,2017
1410710190501.0,14,141071,25,1,1,,,13.0,5,0,2017
1410710190601.0,14,141071,59,1,2,,,7.0,8,1,2017
1410710190601.0,14,141071,54,1,2,,,7.0,8,0,2017
1410710190601.0,14,141071,32,1,2,,,12.0,3,0,2017
1410710190601.0,14,141071,27,1,2,12,3,12.0,3,0,2017
1410710190601.0,14,141071,5,,1,,,4.0,,0,2017
1410710190701.0,14,141071,66,1,2,,,8.0,4,1,2017
1410710190701.0,14,141071,66,1,2,,,8.0,4,0,2017
1410710190801.0,14,141071,27,1,1,,,12.0,3,1,2017
1410710190801.0,14,141071,19,1,1,,,13.0,2,0,2017
1410710190901.0,14,141071,66,1,2,,,9.0,4,1,2017
1410710190901.0,14,141071,66,1,2,,,9.0,4,0,2017
1410730010101.0,14,141073,45,1,2,,,13.0,6,1,2017
1410730010101.0,14,141073,44,1,2,,,9.0,4,0,2017
1410730010201.0,14,141073,40,1,2,,,9.0,2,1,2017
1410730010201.0,14,141073,23,1,1,,,13.0,1,0,2017
1410730010201.0,14,141073,21,1,2,12,3,9.0,4,0,2017
1410730010201.0,14,141073,11,,1,,,7.0,5,0,2017
1410730010201.0,14,141073,6,,1,,,7.0,1,0,2017
1410730010301.0,14,141073,55,1,2,,,7.0,4,1,2017
1410730010401.0,14,141073,50,1,2,,,7.0,5,1,2017
1410730010401.0,14,141073,20,1,1,,,13.0,3,0,2017
1410730010501.0,14,141073,71,1,2,,,7.0,8,1,2017
1410730010501.0,14,141073,71,1,2,,,7.0,8,0,2017
1410730010601.0,14,141073,70,1,2,,,7.0,5,1,2017
1410730010601.0,14,141073,70,1,2,,,7.0,5,0,2017
1410730010701.0,14,141073,53,1,2,,,9.0,4,1,2017
1410730010701.0,14,141073,54,1,2,,,9.0,4,0,2017
1410730010701.0,14,141073,88,1,2,,,6.0,2,0,2017
1410730010701.0,14,141073,33,1,2,,,9.0,4,0,2017
1410730010701.0,14,141073,28,4,2,99,9,9.0,4,0,2017
1410730010701.0,14,141073,15,1,1,,,9.0,1,0,2017
1410730010801.0,14,141073,31,1,2,,,13.0,5,1,2017
1410730010801.0,14,141073,31,1,2,,,9.0,4,0,2017
1410730010801.0,14,141073,12,,1,,,7.0,7,0,2017
1410730010801.0,14,141073,3,,2,,,1.0,,0,2017
1410730010901.0,14,141073,52,1,2,,,9.0,2,1,2017
1410730010901.0,14,141073,14,,1,,,9.0,1,0,2017
1410730011001.0,14,141073,56,1,2,,,7.0,3,1,2017
1410730011001.0,14,141073,47,1,2,,,7.0,6,0,2017
1410730011001.0,14,141073,11,,1,,,7.0,5,0,2017
1410730011101.0,14,141073,60,1,2,,,9.0,1,1,2017
1410730011101.0,14,141073,38,4,2,,,13.0,6,0,2017
1410730011101.0,14,141073,29,1,2,99,9,12.0,3,0,2017
1410730011101.0,14,141073,1,,1,,,2.0,,0,2017
1410730011201.0,14,141073,30,1,2,12,4,7.0,8,1,2017
1410730011201.0,14,141073,16,1,1,,,9.0,2,0,2017
1410730011201.0,14,141073,5,,1,,,4.0,,0,2017
1410730011301.0,14,141073,41,1,2,,,7.0,8,1,2017
1410730011301.0,14,141073,22,1,2,2,4,9.0,2,0,2017
1410730011301.0,14,141073,14,,1,,,9.0,1,0,2017
1410730011501.0,14,141073,51,1,2,,,9.0,3,1,2017
1410730011501.0,14,141073,40,1,2,,,9.0,1,0,2017
1410730011501.0,14,141073,15,1,1,,,9.0,1,0,2017
1410730011501.0,14,141073,5,,1,,,4.0,,0,2017
1410730011601.0,14,141073,89,4,2,,,1.0,,1,2017
1410730011601.0,14,141073,63,1,2,,,7.0,8,0,2017
1410730011601.0,14,141073,73,1,2,,,7.0,8,0,2017
1410730011701.0,14,141073,82,1,2,,,7.0,7,1,2017
1410730011701.0,14,141073,59,1,2,,,7.0,4,0,2017
1410730011801.0,14,141073,58,1,2,,,13.0,5,1,2017
1410730011801.0,14,141073,64,1,2,,,12.0,3,0,2017
1410730011901.0,14,141073,62,1,2,,,9.0,4,1,2017
1410730011901.0,14,141073,56,2,2,,,7.0,5,0,2017
1410730011901.0,14,141073,13,,1,,,7.0,8,0,2017
1410730011901.0,14,141073,10,,1,,,7.0,5,0,2017
1410730012001.0,14,141073,64,1,2,,,6.0,4,1,2017
1410730012001.0,14,141073,50,2,2,,,7.0,1,0,2017
1410730012101.0,14,141073,82,1,2,,,6.0,4,1,2017
1410730020201.0,14,141073,26,1,2,7,9,11.0,4,1,2017
1410730020201.0,14,141073,30,1,2,7,9,13.0,5,0,2017
1410730020201.0,14,141073,0,,2,,,1.0,,0,2017
1410730020501.0,14,141073,83,1,2,,,8.0,2,1,2017
1410730020501.0,14,141073,60,1,2,,,7.0,8,0,2017
1410730020501.0,14,141073,52,1,2,,,7.0,8,0,2017
1410730020501.0,14,141073,17,1,1,,,9.0,2,0,2017
1410730020501.0,14,141073,33,1,2,,,12.0,3,0,2017
1410730020501.0,14,141073,9,,1,,,7.0,4,0,2017
1410730020501.0,14,141073,10,,1,,,7.0,4,0,2017
1410730020701.0,14,141073,45,1,2,,,9.0,4,1,2017
1410730020701.0,14,141073,89,1,2,,,8.0,3,0,2017
1410730020701.0,14,141073,85,1,2,,,6.0,2,0,2017
1410730020701.0,14,141073,46,1,2,,,12.0,2,0,2017
1410730020701.0,14,141073,21,1,2,2,4,9.0,4,0,2017
1410730020701.0,14,141073,3,,1,,,3.0,,0,2017
1410730020701.0,14,141073,1,,1,,,2.0,,0,2017
1410730020901.0,14,141073,51,4,2,,,1.0,,1,2017
1410730020901.0,14,141073,18,1,2,7,9,11.0,4,0,2017
1410730020901.0,14,141073,15,1,1,,,7.0,7,0,2017
1410730021201.0,14,141073,40,1,2,,,12.0,3,1,2017
1410730021201.0,14,141073,49,1,2,,,7.0,1,0,2017
1410730021201.0,14,141073,67,1,2,,,10.0,6,0,2017
1410730021201.0,14,141073,18,1,1,,,9.0,2,0,2017
1410730021201.0,14,141073,15,1,1,,,9.0,1,0,2017
1410730021301.0,14,141073,64,4,2,,,1.0,,1,2017
1410730021301.0,14,141073,44,4,2,,,1.0,,0,2017
1410730021601.0,14,141073,79,1,2,,,9.0,1,1,2017
1410730021601.0,14,141073,88,1,2,,,9.0,1,0,2017
1410730021701.0,14,141073,53,4,2,,,7.0,3,1,2017
1410730021701.0,14,141073,22,1,2,2,4,7.0,6,0,2017
1410730021701.0,14,141073,6,,1,,,7.0,1,0,2017
1410730021701.0,14,141073,24,1,2,7,4,11.0,4,0,2017
1410730021801.0,14,141073,55,4,2,,,7.0,2,1,2017
1410730021801.0,14,141073,54,4,2,,,7.0,3,0,2017
1410730021901.0,14,141073,52,1,2,,,7.0,3,1,2017
1410730021901.0,14,141073,24,1,2,7,4,13.0,4,0,2017
1410730022001.0,14,141073,19,1,2,12,9,7.0,6,1,2017
1410730022001.0,14,141073,19,1,2,12,2,9.0,3,0,2017
1410730030101.0,14,141073,44,1,2,,,13.0,4,1,2017
1410730030101.0,14,141073,42,1,2,,,11.0,4,0,2017
1410730030201.0,14,141073,39,1,2,,,7.0,8,1,2017
1410730030201.0,14,141073,52,1,2,,,7.0,8,0,2017
1410730030201.0,14,141073,8,,1,,,7.0,2,0,2017
1410730030601.0,14,141073,57,1,2,,,7.0,6,1,2017
1410730030701.0,14,141073,66,1,2,,,6.0,6,1,2017
1410730030701.0,14,141073,73,1,2,,,8.0,2,0,2017
1410730030901.0,14,141073,60,1,2,,,13.0,3,1,2017
1410730031001.0,14,141073,73,1,2,,,8.0,2,1,2017
1410730031001.0,14,141073,65,1,2,,,7.0,8,0,2017
1410730031101.0,14,141073,70,1,2,,,7.0,5,1,2017
1410730031101.0,14,141073,35,1,2,,,11.0,5,0,2017
1410730031101.0,14,141073,19,1,1,,,11.0,3,0,2017
1410730031101.0,14,141073,16,1,1,,,11.0,1,0,2017
1410730031101.0,14,141073,12,,1,,,7.0,6,0,2017
1410730031101.0,14,141073,54,4,2,,,1.0,,0,2017
1410730031201.0,14,141073,51,1,2,,,7.0,4,1,2017
1410730031201.0,14,141073,28,1,2,12,4,13.0,4,0,2017
1410730031301.0,14,141073,43,1,2,,,7.0,8,1,2017
1410730031301.0,14,141073,41,1,2,,,9.0,4,0,2017
1410730031301.0,14,141073,20,1,1,,,12.0,2,0,2017
1410730031301.0,14,141073,13,,1,,,7.0,8,0,2017
1410730031301.0,14,141073,2,,1,,,2.0,,0,2017
1410730031401.0,14,141073,55,1,2,,,7.0,8,1,2017
1410730031501.0,14,141073,50,1,2,,,7.0,5,1,2017
1410730031501.0,14,141073,47,1,2,,,11.0,5,0,2017
1410730031501.0,14,141073,18,1,1,,,9.0,4,0,2017
1410730031501.0,14,141073,15,1,1,,,9.0,2,0,2017
1410730031501.0,14,141073,14,,1,,,7.0,7,0,2017
1410730031601.0,14,141073,40,1,2,,,9.0,4,1,2017
1410730031601.0,14,141073,33,1,2,,,9.0,3,0,2017
1410730031601.0,14,141073,11,,1,,,7.0,6,0,2017
1410730031601.0,14,141073,10,,1,,,7.0,4,0,2017
1410730031601.0,14,141073,8,,1,,,7.0,2,0,2017
1410730031701.0,14,141073,62,1,2,,,9.0,4,1,2017
1410730031701.0,14,141073,60,1,2,,,7.0,5,0,2017
1410730031701.0,14,141073,8,,1,,,7.0,3,0,2017
1410730031701.0,14,141073,8,,1,,,7.0,3,0,2017
1410730031801.0,14,141073,72,1,2,,,7.0,4,1,2017
1410730031901.0,14,141073,64,1,2,,,7.0,6,1,2017
1410730031901.0,14,141073,75,1,2,,,7.0,6,0,2017
1410730031901.0,14,141073,42,1,2,,,7.0,8,0,2017
1410730031901.0,14,141073,39,1,2,,,9.0,4,0,2017
1410730032001.0,14,141073,78,1,2,,,6.0,3,1,2017
1410730032001.0,14,141073,72,1,2,,,8.0,1,0,2017
1410730040101.0,14,141073,86,1,2,,,6.0,2,1,2017
1410730040101.0,14,141073,53,1,2,,,12.0,3,0,2017
1410730040201.0,14,141073,55,1,2,,,7.0,8,1,2017
1410730040201.0,14,141073,52,1,2,,,7.0,8,0,2017
1410730040201.0,14,141073,23,1,1,,,13.0,5,0,2017
1410730040301.0,14,141073,40,1,2,,,7.0,8,1,2017
1410730040301.0,14,141073,10,,1,,,7.0,5,0,2017
1410730040301.0,14,141073,3,,1,,,3.0,,0,2017
1410730040401.0,14,141073,44,1,2,,,7.0,7,1,2017
1410730040401.0,14,141073,14,,1,,,7.0,7,0,2017
1410730040501.0,14,141073,70,1,2,,,6.0,3,1,2017
1410730040501.0,14,141073,70,1,2,,,9.0,4,0,2017
1410730040501.0,14,141073,37,1,2,,,12.0,3,0,2017
1410730040501.0,14,141073,39,1,2,,,9.0,4,0,2017
1410730040501.0,14,141073,7,,1,,,7.0,1,0,2017
1410730040501.0,14,141073,5,,1,,,4.0,,0,2017
1410730040501.0,14,141073,3,,2,,,1.0,,0,2017
1410730040501.0,14,141073,0,,2,,,1.0,,0,2017
1410730040601.0,14,141073,56,1,2,,,7.0,5,1,2017
1410730040601.0,14,141073,56,1,2,,,7.0,8,0,2017
1410730040701.0,14,141073,65,1,2,,,6.0,6,1,2017
1410730040801.0,14,141073,57,1,2,,,7.0,8,1,2017
1410730040801.0,14,141073,52,1,2,,,7.0,7,0,2017
1410730040901.0,14,141073,43,1,2,,,9.0,2,1,2017
1410730040901.0,14,141073,51,1,2,,,7.0,6,0,2017
1410730040901.0,14,141073,16,1,1,,,11.0,1,0,2017
1410730040901.0,14,141073,13,,1,,,7.0,7,0,2017
1410730041001.0,14,141073,59,1,2,,,9.0,4,1,2017
1410730041001.0,14,141073,55,1,2,,,11.0,4,0,2017
1410730041101.0,14,141073,80,4,2,,,1.0,,1,2017
1410730041201.0,14,141073,84,1,2,,,6.0,3,1,2017
1410730041201.0,14,141073,47,1,2,,,9.0,2,0,2017
1410730041201.0,14,141073,45,1,2,,,9.0,3,0,2017
1410730041201.0,14,141073,10,,1,,,7.0,4,0,2017
1410730041301.0,14,141073,60,1,2,,,6.0,4,1,2017
1410730041301.0,14,141073,34,1,2,,,11.0,4,0,2017
1410730041301.0,14,141073,11,,1,,,7.0,5,0,2017
1410730041401.0,14,141073,60,1,2,,,14.0,6,1,2017
1410730041401.0,14,141073,47,1,2,,,9.0,1,0,2017
1410730041401.0,14,141073,6,,1,,,7.0,1,0,2017
1410730041401.0,14,141073,9,,1,,,7.0,4,0,2017
1410730041501.0,14,141073,64,1,2,,,6.0,4,1,2017
1410730041501.0,14,141073,58,3,2,,,7.0,4,0,2017
1410730041501.0,14,141073,36,1,2,,,9.0,4,0,2017
1410730041601.0,14,141073,35,1,2,,,11.0,4,1,2017
1410730041601.0,14,141073,36,1,2,,,9.0,4,0,2017
1410730041601.0,14,141073,15,1,1,,,9.0,2,0,2017
1410730041601.0,14,141073,13,,1,,,7.0,8,0,2017
1410730041701.0,14,141073,65,1,2,,,12.0,2,1,2017
1410730041701.0,14,141073,65,1,2,,,12.0,3,0,2017
1410730041701.0,14,141073,25,1,1,,,13.0,4,0,2017
1410730041701.0,14,141073,21,1,1,,,13.0,3,0,2017
1410730041801.0,14,141073,78,4,2,,,1.0,,1,2017
1410730041801.0,14,141073,59,1,2,,,9.0,4,0,2017
1410730041801.0,14,141073,58,1,2,,,7.0,5,0,2017
1410730041801.0,14,141073,55,1,2,,,7.0,8,0,2017
1410730041801.0,14,141073,68,1,2,,,6.0,3,0,2017
1410730041901.0,14,141073,45,1,2,,,9.0,4,1,2017
1410730041901.0,14,141073,47,1,2,,,7.0,8,0,2017
1410730041901.0,14,141073,15,1,1,,,9.0,1,0,2017
1410730041901.0,14,141073,13,,1,,,7.0,7,0,2017
1410730041901.0,14,141073,5,,1,,,4.0,,0,2017
1410730042001.0,14,141073,52,1,2,,,7.0,5,1,2017
1410730042001.0,14,141073,50,1,2,,,7.0,4,0,2017
1410810010101.0,14,141081,72,1,2,,,6.0,6,1,2017
1410810010101.0,14,141081,14,,1,,,7.0,8,0,2017
1410810010201.0,14,141081,71,1,2,,,9.0,4,1,2017
1410810010201.0,14,141081,61,1,2,,,8.0,6,0,2017
1410810010201.0,14,141081,37,1,2,,,9.0,4,0,2017
1410810010201.0,14,141081,15,1,1,,,7.0,8,0,2017
1410810010301.0,14,141081,71,1,2,,,9.0,2,1,2017
1410810010301.0,14,141081,36,1,2,,,9.0,4,0,2017
1410810010401.0,14,141081,69,1,2,,,13.0,5,1,2017
1410810020201.0,14,141081,77,1,2,,,13.0,5,1,2017
1410810020301.0,14,141081,71,1,2,,,8.0,4,1,2017
1410810020301.0,14,141081,70,1,2,,,8.0,1,0,2017
1410810020401.0,14,141081,66,1,2,,,7.0,3,1,2017
1410810020401.0,14,141081,76,1,2,,,7.0,3,0,2017
1410810020501.0,14,141081,65,1,2,,,8.0,5,1,2017
1410810020501.0,14,141081,62,1,2,,,9.0,3,0,2017
1410810020501.0,14,141081,32,1,1,,,13.0,2,0,2017
1410810020601.0,14,141081,66,1,2,,,9.0,4,1,2017
1410810020701.0,14,141081,40,1,2,,,9.0,4,1,2017
1410810020701.0,14,141081,91,1,2,,,1.0,,0,2017
1410810020701.0,14,141081,49,1,2,,,9.0,3,0,2017
1410810020701.0,14,141081,21,1,2,11,3,7.0,8,0,2017
1410810020701.0,14,141081,15,1,1,,,9.0,2,0,2017
1410810020801.0,14,141081,77,1,2,,,8.0,2,1,2017
1410810020801.0,14,141081,70,1,2,,,6.0,6,0,2017
1410810020901.0,14,141081,50,1,2,,,9.0,3,1,2017
1410810020901.0,14,141081,18,1,1,,,9.0,3,0,2017
1410810030101.0,14,141081,49,1,2,,,9.0,4,1,2017
1410810030101.0,14,141081,47,1,2,,,9.0,4,0,2017
1410810030101.0,14,141081,18,1,2,7,1,9.0,4,0,2017
1410810030201.0,14,141081,79,1,2,,,7.0,3,1,2017
1410810030201.0,14,141081,33,1,2,,,9.0,1,0,2017
1410810030201.0,14,141081,13,,1,,,7.0,6,0,2017
1410810030201.0,14,141081,8,,1,,,7.0,2,0,2017
1410810030201.0,14,141081,5,,1,,,4.0,,0,2017
1410810030301.0,14,141081,80,1,2,,,7.0,2,1,2017
1410810030401.0,14,141081,48,1,2,,,9.0,4,1,2017
1410810030401.0,14,141081,50,1,2,,,9.0,4,0,2017
1410810040101.0,14,141081,25,1,2,2,3,9.0,4,1,2017
1410810040101.0,14,141081,38,1,2,,,9.0,4,0,2017
1410810040101.0,14,141081,0,,2,,,1.0,,0,2017
1410810040301.0,14,141081,37,1,2,,,9.0,4,1,2017
1410810040301.0,14,141081,24,1,2,99,9,11.0,4,0,2017
1410810040301.0,14,141081,5,,1,,,4.0,,0,2017
1410810040301.0,14,141081,7,,1,,,7.0,1,0,2017
1410810050201.0,14,141081,70,1,2,,,9.0,1,1,2017
1410810050301.0,14,141081,59,1,2,,,7.0,6,1,2017
1410810050301.0,14,141081,36,1,2,,,9.0,4,0,2017
1410810050301.0,14,141081,12,,1,,,7.0,7,0,2017
1410810050301.0,14,141081,5,,1,,,4.0,,0,2017
1410810050401.0,14,141081,57,1,2,,,13.0,4,1,2017
1410810050401.0,14,141081,51,1,2,,,13.0,4,0,2017
1410810050401.0,14,141081,25,1,1,,,13.0,5,0,2017
1410810050401.0,14,141081,21,1,1,,,13.0,1,0,2017
1410810050601.0,14,141081,47,1,2,,,13.0,5,1,2017
1410810050601.0,14,141081,49,1,2,,,9.0,4,0,2017
1410810050601.0,14,141081,17,1,1,,,9.0,2,0,2017
1410810050601.0,14,141081,21,1,1,,,13.0,2,0,2017
1410810050701.0,14,141081,51,2,2,,,11.0,4,1,2017
1410810050701.0,14,141081,52,1,2,,,11.0,4,0,2017
1410810050801.0,14,141081,87,1,2,,,7.0,8,1,2017
1410810050801.0,14,141081,63,1,2,,,9.0,4,0,2017
1410810050901.0,14,141081,60,1,2,,,7.0,5,1,2017
1410810050901.0,14,141081,75,1,2,,,7.0,5,0,2017
1410810051001.0,14,141081,57,1,2,,,12.0,2,1,2017
1410810060101.0,14,141081,45,1,2,,,9.0,4,1,2017
1410810060101.0,14,141081,26,1,2,7,9,13.0,5,0,2017
1410810060201.0,14,141081,51,1,2,,,11.0,4,1,2017
1410810060201.0,14,141081,40,1,2,,,9.0,4,0,2017
1410810060201.0,14,141081,17,1,1,,,9.0,2,0,2017
1410810060201.0,14,141081,5,,1,,,4.0,,0,2017
1410810060301.0,14,141081,29,1,2,7,9,13.0,4,1,2017
1410810060401.0,14,141081,57,1,2,,,9.0,4,1,2017
1410810060401.0,14,141081,15,1,1,,,9.0,1,0,2017
1410810060501.0,14,141081,67,1,2,,,7.0,8,1,2017
1410810060501.0,14,141081,8,,1,,,7.0,3,0,2017
1410810070101.0,14,141081,47,1,2,,,7.0,6,1,2017
1410810070101.0,14,141081,41,1,2,,,9.0,4,0,2017
1410810070101.0,14,141081,21,1,2,10,4,9.0,4,0,2017
1410810070101.0,14,141081,17,1,1,,,9.0,2,0,2017
1410810070301.0,14,141081,78,1,2,,,7.0,2,1,2017
1410810070301.0,14,141081,54,1,2,,,7.0,5,0,2017
1410810070301.0,14,141081,47,1,2,,,9.0,1,0,2017
1410810070401.0,14,141081,47,1,2,,,7.0,8,1,2017
1410810070402.0,14,141081,24,1,2,12,4,9.0,3,1,2017
1410810070402.0,14,141081,24,1,2,1,4,9.0,2,0,2017
1410810070402.0,14,141081,6,,1,,,7.0,1,0,2017
1410810080201.0,14,141081,60,1,2,,,7.0,6,1,2017
1410810080201.0,14,141081,59,1,2,,,7.0,5,0,2017
1410810080301.0,14,141081,40,1,2,,,9.0,1,1,2017
1410810080301.0,14,141081,35,1,2,,,7.0,8,0,2017
1410810080301.0,14,141081,19,1,2,4,9,9.0,3,0,2017
1410810080301.0,14,141081,11,,1,,,7.0,5,0,2017
1410810080301.0,14,141081,0,,2,,,1.0,,0,2017
1410810080401.0,14,141081,26,1,1,,,13.0,5,1,2017
1410810090101.0,14,141081,92,4,2,,,7.0,7,1,2017
1410810090201.0,14,141081,37,1,2,,,9.0,4,1,2017
1410810090201.0,14,141081,36,1,2,,,9.0,3,0,2017
1410810090201.0,14,141081,11,,1,,,7.0,4,0,2017
1410810090201.0,14,141081,9,,1,,,7.0,2,0,2017
1410810090301.0,14,141081,61,1,2,,,8.0,2,1,2017
1410810090401.0,14,141081,44,1,2,,,11.0,4,1,2017
1410810090401.0,14,141081,44,1,2,,,11.0,4,0,2017
1410810090401.0,14,141081,17,1,1,,,9.0,3,0,2017
1410810100101.0,14,141081,39,1,2,,,13.0,5,1,2017
1410810100101.0,14,141081,10,,1,,,7.0,3,0,2017
1410810100101.0,14,141081,10,,1,,,7.0,3,0,2017
1410810100201.0,14,141081,48,1,2,,,11.0,4,1,2017
1410810100201.0,14,141081,56,1,2,,,11.0,4,0,2017
1410810100201.0,14,141081,85,1,2,,,10.0,4,0,2017
1410810100201.0,14,141081,22,1,1,,,13.0,3,0,2017
1410810100201.0,14,141081,17,1,1,,,9.0,3,0,2017
1410810100301.0,14,141081,38,1,2,,,13.0,5,1,2017
1410810100401.0,14,141081,61,1,2,,,8.0,6,1,2017
1410810100401.0,14,141081,55,1,2,,,9.0,4,0,2017
1410810100401.0,14,141081,26,1,2,12,4,9.0,4,0,2017
1410810100401.0,14,141081,17,1,1,,,9.0,3,0,2017
1410810100401.0,14,141081,17,1,1,,,9.0,3,0,2017
1410810110101.0,14,141081,37,1,2,,,9.0,4,1,2017
1410810110101.0,14,141081,42,1,2,,,7.0,7,0,2017
1410810110101.0,14,141081,16,1,1,,,9.0,2,0,2017
1410810110101.0,14,141081,10,,1,,,7.0,4,0,2017
1410810110201.0,14,141081,44,1,2,,,9.0,4,1,2017
1410810110201.0,14,141081,46,1,2,,,9.0,4,0,2017
1410810110201.0,14,141081,14,,1,,,7.0,8,0,2017
1410810110201.0,14,141081,10,,1,,,7.0,5,0,2017
1410810110301.0,14,141081,58,1,2,,,9.0,4,1,2017
1410810110301.0,14,141081,46,1,2,,,13.0,4,0,2017
1410810110401.0,14,141081,70,1,2,,,12.0,3,1,2017
1410810110501.0,14,141081,75,1,2,,,8.0,2,1,2017
1410810110501.0,14,141081,69,1,2,,,8.0,6,0,2017
1410810110501.0,14,141081,43,1,2,,,12.0,3,0,2017
1410810110601.0,14,141081,59,1,2,,,9.0,4,1,2017
1410810110701.0,14,141081,42,1,2,,,9.0,4,1,2017
1410810110701.0,14,141081,14,,1,,,7.0,8,0,2017
1410810110801.0,14,141081,85,1,2,,,6.0,6,1,2017
1410810110901.0,14,141081,58,1,2,,,12.0,2,1,2017
1410810110901.0,14,141081,27,1,1,,,13.0,2,0,2017
1410810110901.0,14,141081,10,,1,,,7.0,5,0,2017
1410810111001.0,14,141081,76,1,2,,,6.0,2,1,2017
1410810111001.0,14,141081,52,1,2,,,9.0,1,0,2017
1410810111001.0,14,141081,49,1,2,,,7.0,5,0,2017
1410810111001.0,14,141081,17,1,2,2,2,9.0,3,0,2017
1410810111001.0,14,141081,2,,2,,,1.0,,0,2017
1410810111101.0,14,141081,64,1,2,,,8.0,6,1,2017
1410810111101.0,14,141081,60,1,2,,,8.0,6,0,2017
1410810111101.0,14,141081,39,1,2,,,13.0,4,0,2017
1410810111101.0,14,141081,14,,1,,,7.0,8,0,2017
1410810111101.0,14,141081,36,1,2,,,13.0,4,0,2017
1410810111101.0,14,141081,21,1,2,9,4,9.0,4,0,2017
1410810111501.0,14,141081,79,1,2,,,6.0,6,1,2017
1410810111501.0,14,141081,56,1,2,,,9.0,4,0,2017
1410810111501.0,14,141081,20,1,1,,,13.0,2,0,2017
1410810111601.0,14,141081,85,1,2,,,8.0,6,1,2017
1410810111601.0,14,141081,77,1,2,,,8.0,6,0,2017
1410810111701.0,14,141081,50,1,2,,,9.0,4,1,2017
1410810120101.0,14,141081,57,1,2,,,13.0,5,1,2017
1410810120101.0,14,141081,60,1,2,,,13.0,5,0,2017
1410810120201.0,14,141081,72,1,2,,,7.0,8,1,2017
1410810120201.0,14,141081,74,1,2,,,7.0,8,0,2017
1410810120301.0,14,141081,70,1,2,,,7.0,6,1,2017
1410810120401.0,14,141081,27,1,2,12,4,13.0,5,1,2017
1410810120401.0,14,141081,32,1,2,,,11.0,4,0,2017
1410810120401.0,14,141081,9,,1,,,7.0,4,0,2017
1410810120401.0,14,141081,7,,1,,,7.0,2,0,2017
1410810120401.0,14,141081,5,,1,,,4.0,,0,2017
1410810130101.0,14,141081,53,1,2,,,11.0,4,1,2017
1410810130101.0,14,141081,52,1,2,,,9.0,4,0,2017
1410810130101.0,14,141081,12,,1,,,7.0,6,0,2017
1410810130101.0,14,141081,23,1,1,,,13.0,4,0,2017
1410810130201.0,14,141081,77,1,2,,,10.0,4,1,2017
1410810130201.0,14,141081,48,1,2,,,13.0,4,0,2017
1410810130301.0,14,141081,35,1,2,,,13.0,5,1,2017
1410810130301.0,14,141081,37,1,2,,,13.0,5,0,2017
1410810130301.0,14,141081,2,,2,,,1.0,,0,2017
1410810130301.0,14,141081,1,,2,,,1.0,,0,2017
1410810130401.0,14,141081,46,1,2,,,13.0,5,1,2017
1410810130501.0,14,141081,80,1,2,,,6.0,3,1,2017
1410810130601.0,14,141081,32,1,2,,,12.0,3,1,2017
1410810130601.0,14,141081,43,1,2,,,12.0,3,0,2017
1410810130601.0,14,141081,1,,2,,,1.0,,0,2017
1410810130701.0,14,141081,33,1,2,,,12.0,3,1,2017
1410810130801.0,14,141081,29,1,2,7,9,13.0,4,1,2017
1410810130901.0,14,141081,59,1,2,,,9.0,4,1,2017
1410810131101.0,14,141081,39,1,2,,,9.0,4,1,2017
1410810131101.0,14,141081,35,1,2,,,9.0,4,0,2017
1410810131101.0,14,141081,13,,1,,,7.0,7,0,2017
1410810131101.0,14,141081,5,,1,,,4.0,,0,2017
1410810140101.0,14,141081,43,1,2,,,12.0,2,1,2017
1410810140301.0,14,141081,57,1,2,,,9.0,4,1,2017
1410810140301.0,14,141081,54,1,2,,,11.0,4,0,2017
1410810140401.0,14,141081,53,1,2,,,9.0,4,1,2017
1410810140401.0,14,141081,50,1,2,,,9.0,4,0,2017
1410810140401.0,14,141081,11,,1,,,7.0,5,0,2017
1410810140501.0,14,141081,65,1,2,,,9.0,4,1,2017
1410810140501.0,14,141081,63,1,2,,,9.0,4,0,2017
1410830010101.0,14,141083,63,1,2,,,6.0,3,1,2017
1410830010201.0,14,141083,59,1,2,,,7.0,6,1,2017
1410830010201.0,14,141083,49,1,2,,,7.0,8,0,2017
1410830010201.0,14,141083,24,1,2,13,4,9.0,4,0,2017
1410830010201.0,14,141083,22,1,2,13,4,9.0,4,0,2017
1410830010301.0,14,141083,82,4,2,,,1.0,,1,2017
1410830010301.0,14,141083,24,1,2,13,4,9.0,4,0,2017
1410830010401.0,14,141083,75,1,2,,,8.0,2,1,2017
1410830010401.0,14,141083,29,1,2,1,4,9.0,4,0,2017
1410830010401.0,14,141083,12,,1,,,7.0,6,0,2017
1410830010401.0,14,141083,1,,2,,,1.0,,0,2017
1410830010401.0,14,141083,70,1,2,,,8.0,2,0,2017
1410830010501.0,14,141083,81,1,2,,,6.0,2,1,2017
1410830010501.0,14,141083,28,1,1,,,13.0,4,0,2017
1410830010601.0,14,141083,22,1,2,7,4,12.0,3,1,2017
1410830010601.0,14,141083,30,1,2,11,4,11.0,4,0,2017
1410830010601.0,14,141083,23,1,2,11,4,9.0,4,0,2017
1410830010701.0,14,141083,57,1,2,,,9.0,4,1,2017
1410830010701.0,14,141083,56,1,2,,,9.0,2,0,2017
1410830010801.0,14,141083,63,1,2,,,9.0,1,1,2017
1410830010801.0,14,141083,23,1,2,12,9,9.0,4,0,2017
1410830010901.0,14,141083,45,1,2,,,9.0,4,1,2017
1410830010901.0,14,141083,41,1,2,,,9.0,4,0,2017
1410830010901.0,14,141083,20,4,2,12,3,9.0,4,0,2017
1410830010901.0,14,141083,4,,2,,,1.0,,0,2017
1410830011001.0,14,141083,78,4,2,,,1.0,,1,2017
1410830011101.0,14,141083,35,1,2,,,11.0,4,1,2017
1410830011101.0,14,141083,28,1,2,2,4,9.0,4,0,2017
1410830011101.0,14,141083,2,,2,,,1.0,,0,2017
1410830011101.0,14,141083,8,,1,,,7.0,2,0,2017
1410830011201.0,14,141083,27,1,2,7,4,12.0,3,1,2017
1410830011201.0,14,141083,34,1,2,,,13.0,5,0,2017
1410830011201.0,14,141083,7,,1,,,7.0,1,0,2017
1410830011301.0,14,141083,44,1,2,,,7.0,3,1,2017
1410830011301.0,14,141083,37,1,2,,,7.0,8,0,2017
1410830011301.0,14,141083,20,1,2,6,4,9.0,1,0,2017
1410830011301.0,14,141083,19,1,2,13,3,9.0,1,0,2017
1410830011301.0,14,141083,14,,1,,,7.0,8,0,2017
1410830011301.0,14,141083,12,,1,,,7.0,7,0,2017
1410830011301.0,14,141083,7,,1,,,7.0,1,0,2017
1410830011401.0,14,141083,53,1,2,,,7.0,8,1,2017
1410830011401.0,14,141083,55,1,2,,,7.0,8,0,2017
1410830011401.0,14,141083,18,1,1,,,9.0,4,0,2017
1410830011401.0,14,141083,17,1,1,,,9.0,3,0,2017
1410830011401.0,14,141083,17,1,1,,,9.0,3,0,2017
1410830011501.0,14,141083,25,1,2,12,4,,4,1,2017
1410830011501.0,14,141083,20,1,2,11,4,9.0,2,0,2017
1410830011601.0,14,141083,45,1,2,,,9.0,4,1,2017
1410830011601.0,14,141083,45,1,2,,,13.0,5,0,2017
1410830011601.0,14,141083,12,,1,,,7.0,6,0,2017
1410830011601.0,14,141083,8,,1,,,7.0,2,0,2017
1410830011701.0,14,141083,38,1,2,,,9.0,4,1,2017
1410830011701.0,14,141083,27,1,2,2,4,9.0,4,0,2017
1410830011701.0,14,141083,5,,1,,,4.0,,0,2017
1410830011701.0,14,141083,2,,2,,,1.0,,0,2017
1410830011801.0,14,141083,80,1,2,,,9.0,3,1,2017
1410830011901.0,14,141083,67,1,2,,,6.0,6,1,2017
1410830011901.0,14,141083,38,1,2,,,13.0,4,0,2017
1410830011901.0,14,141083,36,1,2,,,9.0,4,0,2017
1410830011901.0,14,141083,25,1,2,2,4,11.0,4,0,2017
1410830011901.0,14,141083,6,,1,,,7.0,1,0,2017
1410830011901.0,14,141083,6,,1,,,7.0,1,0,2017
1410830011901.0,14,141083,1,,2,,,1.0,,0,2017
1410830012001.0,14,141083,51,1,2,,,7.0,6,1,2017
1410830012001.0,14,141083,49,1,2,,,7.0,6,0,2017
1410830012001.0,14,141083,27,1,2,2,4,11.0,4,0,2017
1410830012001.0,14,141083,28,1,2,12,4,11.0,4,0,2017
1410830012001.0,14,141083,0,,2,,,1.0,,0,2017
1410830012101.0,14,141083,59,1,2,,,7.0,6,1,2017
1410830012101.0,14,141083,55,1,2,,,7.0,6,0,2017
1410830012101.0,14,141083,28,1,2,11,4,11.0,4,0,2017
1410830012101.0,14,141083,22,1,2,11,4,11.0,4,0,2017
1410830012101.0,14,141083,7,,1,,,7.0,1,0,2017
1410830012101.0,14,141083,3,,2,,,1.0,,0,2017
1410830020101.0,14,141083,74,2,2,,,2.0,,1,2017
1410830020201.0,14,141083,32,1,2,,,11.0,4,1,2017
1410830020301.0,14,141083,52,1,2,,,7.0,8,1,2017
1410830020301.0,14,141083,48,1,2,,,7.0,5,0,2017
1410830020301.0,14,141083,14,,1,,,7.0,8,0,2017
1410830020401.0,14,141083,54,1,2,,,11.0,2,1,2017
1410830020401.0,14,141083,49,1,2,,,9.0,4,0,2017
1410830020501.0,14,141083,57,1,2,,,7.0,8,1,2017
1410830020501.0,14,141083,47,1,2,,,7.0,5,0,2017
1410830020501.0,14,141083,21,1,1,,,13.0,1,0,2017
1410830020601.0,14,141083,69,1,2,,,7.0,7,1,2017
1410830020601.0,14,141083,73,1,2,,,7.0,2,0,2017
1410830020701.0,14,141083,85,4,2,,,2.0,,1,2017
1410830020701.0,14,141083,41,1,2,,,7.0,8,0,2017
1410830020901.0,14,141083,78,1,2,,,1.0,,1,2017
1410830020901.0,14,141083,54,1,2,,,11.0,4,0,2017
1410830020901.0,14,141083,58,1,2,,,9.0,3,0,2017
1410830020901.0,14,141083,22,1,2,12,9,11.0,4,0,2017
1410830021001.0,14,141083,56,1,2,,,7.0,2,1,2017
1410830021001.0,14,141083,25,1,2,12,4,9.0,2,0,2017
1410830021001.0,14,141083,3,,2,,,1.0,,0,2017
1410830021101.0,14,141083,54,1,2,,,7.0,7,1,2017
1410830021101.0,14,141083,53,1,2,,,7.0,7,0,2017
1410830021201.0,14,141083,62,1,2,,,9.0,4,1,2017
1410830021201.0,14,141083,63,1,2,,,7.0,8,0,2017
1410830021301.0,14,141083,60,4,2,,,1.0,,1,2017
1410830021301.0,14,141083,30,1,2,12,4,9.0,3,0,2017
1410830021401.0,14,141083,67,1,2,,,7.0,4,1,2017
1410830021401.0,14,141083,73,4,2,,,1.0,,0,2017
1410830021501.0,14,141083,62,1,2,,,7.0,8,1,2017
1410830021501.0,14,141083,54,1,2,,,9.0,4,0,2017
1410830021501.0,14,141083,35,1,2,,,9.0,4,0,2017
1410830021601.0,14,141083,53,1,2,,,7.0,6,1,2017
1410830021701.0,14,141083,84,1,2,,,8.0,2,1,2017
1410830021701.0,14,141083,67,1,2,,,2.0,,0,2017
1410830021901.0,14,141083,62,1,2,,,6.0,3,1,2017
1410830021901.0,14,141083,52,1,2,,,9.0,3,0,2017
1410830022001.0,14,141083,78,4,2,,,1.0,,1,2017
1410830022001.0,14,141083,58,1,2,,,7.0,4,0,2017
1410830022101.0,14,141083,59,4,2,,,1.0,,1,2017
1410830022101.0,14,141083,26,1,2,99,9,7.0,8,0,2017
1410830022101.0,14,141083,28,1,2,99,9,7.0,8,0,2017
1410830022101.0,14,141083,25,1,2,99,9,7.0,8,0,2017
1410830022101.0,14,141083,3,,2,,,1.0,,0,2017
1410830022201.0,14,141083,65,1,2,,,7.0,8,1,2017
1410830022201.0,14,141083,57,1,2,,,7.0,7,0,2017
1410830030101.0,14,141083,63,1,2,,,6.0,4,1,2017
1410830030701.0,14,141083,62,1,2,,,8.0,6,1,2017
1410830030701.0,14,141083,60,1,2,,,6.0,6,0,2017
1410830030701.0,14,141083,37,1,2,,,9.0,4,0,2017
1410830030801.0,14,141083,63,1,2,,,8.0,3,1,2017
1410830030801.0,14,141083,29,1,2,7,4,12.0,1,0,2017
1410830030801.0,14,141083,20,1,1,,,13.0,2,0,2017
1410830030801.0,14,141083,7,,1,,,7.0,1,0,2017
1410830030901.0,14,141083,47,1,2,,,9.0,2,1,2017
1410830030901.0,14,141083,47,1,2,,,9.0,2,0,2017
1410830030901.0,14,141083,11,,1,,,7.0,6,0,2017
1410830031001.0,14,141083,66,1,2,,,12.0,3,1,2017
1410830031001.0,14,141083,56,1,2,,,9.0,4,0,2017
1410830031001.0,14,141083,38,4,2,,,5.0,,0,2017
1410830031001.0,14,141083,36,1,2,,,13.0,5,0,2017
1410830031001.0,14,141083,24,1,2,12,9,13.0,5,0,2017
1410830031001.0,14,141083,22,1,1,,,13.0,3,0,2017
1410830031001.0,14,141083,10,,1,,,7.0,4,0,2017
1410830031001.0,14,141083,8,,1,,,7.0,2,0,2017
1410830031101.0,14,141083,56,1,2,,,9.0,4,1,2017
1410830031101.0,14,141083,49,1,2,,,9.0,4,0,2017
1410830031101.0,14,141083,20,1,1,,,13.0,2,0,2017
1410830031201.0,14,141083,77,1,2,,,6.0,2,1,2017
1410830031201.0,14,141083,64,1,2,,,7.0,8,0,2017
1410830031301.0,14,141083,84,1,2,,,6.0,2,1,2017
1410830031301.0,14,141083,45,1,2,,,7.0,5,0,2017
1410830031301.0,14,141083,21,1,2,2,4,11.0,4,0,2017
1410830031301.0,14,141083,3,,2,,,1.0,,0,2017
1410830031401.0,14,141083,31,1,2,,,12.0,3,1,2017
1410830031401.0,14,141083,32,1,2,,,9.0,4,0,2017
1410830031401.0,14,141083,4,,2,,,1.0,,0,2017
1410830031401.0,14,141083,1,,2,,,1.0,,0,2017
1410830031501.0,14,141083,67,1,2,,,6.0,2,1,2017
1410830031501.0,14,141083,71,2,2,,,1.0,,0,2017
1410830031501.0,14,141083,32,1,1,,,13.0,6,0,2017
1410830031801.0,14,141083,63,1,2,,,6.0,6,1,2017
1410830031801.0,14,141083,56,1,2,,,9.0,4,0,2017
1410830031801.0,14,141083,28,4,2,3,5,1.0,,0,2017
1410830031801.0,14,141083,18,4,1,,,7.0,8,0,2017
1410830031801.0,14,141083,11,,1,,,7.0,6,0,2017
1410830031801.0,14,141083,8,,1,,,7.0,2,0,2017
1410830031901.0,14,141083,62,1,2,,,8.0,4,1,2017
1410830031901.0,14,141083,64,1,2,,,8.0,4,0,2017
1410830031901.0,14,141083,25,1,1,,,13.0,2,0,2017
1410830040101.0,14,141083,64,1,2,,,6.0,6,1,2017
1410830040101.0,14,141083,65,1,2,,,6.0,5,0,2017
1410830040201.0,14,141083,78,1,2,,,6.0,6,1,2017
1410830040301.0,14,141083,64,1,2,,,6.0,6,1,2017
1410830040301.0,14,141083,48,1,2,,,7.0,5,0,2017
1410830040301.0,14,141083,12,,1,,,7.0,7,0,2017
1410830040401.0,14,141083,43,1,2,,,9.0,4,1,2017
1410830040401.0,14,141083,43,1,2,,,7.0,6,0,2017
1410830040401.0,14,141083,14,,1,,,9.0,1,0,2017
1410830040501.0,14,141083,54,1,2,,,7.0,8,1,2017
1410830040501.0,14,141083,28,1,2,12,9,12.0,3,0,2017
1410830040501.0,14,141083,29,1,2,12,9,12.0,3,0,2017
1410830040501.0,14,141083,10,,1,,,7.0,5,0,2017
1410830040501.0,14,141083,1,,2,,,1.0,,0,2017
1410830040601.0,14,141083,35,1,2,,,9.0,4,1,2017
1410830040601.0,14,141083,34,1,2,,,9.0,4,0,2017
1410830040601.0,14,141083,7,,1,,,7.0,1,0,2017
1410830040601.0,14,141083,2,,2,,,1.0,,0,2017
1410830040601.0,14,141083,1,,2,,,1.0,,0,2017
1410830040701.0,14,141083,56,1,2,,,7.0,8,1,2017
1410830040701.0,14,141083,43,1,2,,,9.0,4,0,2017
1410830040701.0,14,141083,23,1,1,,,13.0,5,0,2017
1410830040701.0,14,141083,21,1,1,,,13.0,4,0,2017
1410830040801.0,14,141083,60,1,2,,,7.0,8,1,2017
1410830040801.0,14,141083,55,1,2,,,7.0,6,0,2017
1410830040801.0,14,141083,25,1,2,12,9,13.0,5,0,2017
1410830040901.0,14,141083,57,1,2,,,7.0,6,1,2017
1410830040901.0,14,141083,51,1,2,,,7.0,5,0,2017
1410830040901.0,14,141083,24,1,1,,,12.0,2,0,2017
1410830041001.0,14,141083,58,1,2,,,7.0,5,1,2017
1410830041001.0,14,141083,42,1,2,,,7.0,5,0,2017
1410830041001.0,14,141083,18,1,1,,,11.0,3,0,2017
1410830041001.0,14,141083,10,,1,,,7.0,4,0,2017
1410830041101.0,14,141083,46,1,2,,,7.0,4,1,2017
1410830041101.0,14,141083,32,1,2,,,7.0,8,0,2017
1410830041101.0,14,141083,3,,2,,,1.0,,0,2017
1410830041101.0,14,141083,10,,1,,,7.0,4,0,2017
1410830041201.0,14,141083,52,1,2,,,9.0,4,1,2017
1410830041201.0,14,141083,43,1,2,,,9.0,4,0,2017
1410830041201.0,14,141083,75,4,2,,,1.0,,0,2017
1410830041201.0,14,141083,4,,1,,,3.0,,0,2017
1410830041301.0,14,141083,55,1,2,,,9.0,4,1,2017
1410830041301.0,14,141083,56,1,2,,,9.0,4,0,2017
1410830041501.0,14,141083,69,1,2,,,6.0,6,1,2017
1410830041501.0,14,141083,68,1,2,,,6.0,4,0,2017
1410830041501.0,14,141083,25,1,2,11,4,11.0,4,0,2017
1410830041601.0,14,141083,48,1,2,,,9.0,4,1,2017
1410830041601.0,14,141083,22,1,2,7,1,12.0,3,0,2017
1410830041701.0,14,141083,43,1,2,,,7.0,7,1,2017
1410830041701.0,14,141083,36,1,2,,,9.0,3,0,2017
1410830041701.0,14,141083,18,1,2,17,1,11.0,4,0,2017
1410830041801.0,14,141083,57,1,2,,,9.0,4,1,2017
1410830041801.0,14,141083,53,1,2,,,9.0,4,0,2017
1410830041901.0,14,141083,55,1,2,,,9.0,4,1,2017
1410830041901.0,14,141083,50,1,2,,,9.0,4,0,2017
1410830041901.0,14,141083,9,,1,,,7.0,3,0,2017
1410830042001.0,14,141083,74,1,2,,,8.0,6,1,2017
1410830042001.0,14,141083,64,1,2,,,8.0,3,0,2017
1410830042001.0,14,141083,38,1,2,,,13.0,5,0,2017
1410830042001.0,14,141083,32,1,2,,,11.0,2,0,2017
1410830042101.0,14,141083,56,1,2,,,7.0,8,1,2017
1410830042101.0,14,141083,48,1,2,,,7.0,8,0,2017
1410830042101.0,14,141083,44,1,2,,,7.0,8,0,2017
1410830050101.0,14,141083,56,1,2,,,7.0,8,1,2017
1410830050101.0,14,141083,52,1,2,,,7.0,4,0,2017
1410830050201.0,14,141083,34,1,2,,,9.0,3,1,2017
1410830050201.0,14,141083,28,1,2,12,4,7.0,8,0,2017
1410830050201.0,14,141083,10,,1,,,7.0,5,0,2017
1410830050201.0,14,141083,8,,1,,,7.0,2,0,2017
1410830050301.0,14,141083,66,2,2,,,8.0,1,1,2017
1410830050301.0,14,141083,59,1,2,,,9.0,4,0,2017
1410830050401.0,14,141083,58,4,2,,,1.0,,1,2017
1410830050401.0,14,141083,33,1,2,,,9.0,2,0,2017
1410830050701.0,14,141083,67,1,2,,,7.0,6,1,2017
1410830050701.0,14,141083,21,1,1,,,12.0,1,0,2017
1410830050801.0,14,141083,52,1,2,,,7.0,8,1,2017
1410830050801.0,14,141083,42,1,2,,,7.0,5,0,2017
1410830050801.0,14,141083,21,1,2,12,4,9.0,4,0,2017
1410830050801.0,14,141083,11,,1,,,7.0,6,0,2017
1410830050901.0,14,141083,68,1,2,,,7.0,4,1,2017
1410830050901.0,14,141083,38,1,2,,,9.0,4,0,2017
1410830050901.0,14,141083,13,,1,,,7.0,7,0,2017
1410830050901.0,14,141083,6,,1,,,7.0,1,0,2017
1410830051001.0,14,141083,64,1,2,,,7.0,7,1,2017
1410830051001.0,14,141083,49,1,2,,,7.0,8,0,2017
1410830051001.0,14,141083,26,1,2,99,9,7.0,8,0,2017
1410830051101.0,14,141083,42,1,2,,,11.0,5,1,2017
1410830051101.0,14,141083,40,1,2,,,9.0,4,0,2017
1410830051101.0,14,141083,18,1,1,,,13.0,1,0,2017
1410830051101.0,14,141083,15,1,1,,,7.0,8,0,2017
1410830051101.0,14,141083,17,1,1,,,9.0,3,0,2017
1410830051101.0,14,141083,24,1,1,,,12.0,3,0,2017
1410830051101.0,14,141083,22,1,2,12,9,9.0,3,0,2017
1410830051201.0,14,141083,45,1,2,,,9.0,4,1,2017
1410830051201.0,14,141083,44,1,2,,,9.0,4,0,2017
1410830051201.0,14,141083,22,1,1,,,13.0,3,0,2017
1410830051201.0,14,141083,16,1,1,,,9.0,2,0,2017
1410830051201.0,14,141083,7,,1,,,7.0,2,0,2017
1410830051301.0,14,141083,56,1,2,,,7.0,8,1,2017
1410830051301.0,14,141083,64,1,2,,,7.0,6,0,2017
1410830051301.0,14,141083,12,,1,,,7.0,6,0,2017
1410830051401.0,14,141083,43,1,2,,,7.0,7,1,2017
1410830051401.0,14,141083,33,1,2,,,7.0,8,0,2017
1410830051401.0,14,141083,17,1,1,,,11.0,4,0,2017
1410830051401.0,14,141083,8,,1,,,7.0,3,0,2017
1410830051401.0,14,141083,9,,2,3,4,1.0,,0,2017
1410830051501.0,14,141083,85,1,2,,,6.0,4,1,2017
1410830051601.0,14,141083,54,1,2,,,7.0,7,1,2017
1410830051701.0,14,141083,38,1,2,,,7.0,7,1,2017
1410830051701.0,14,141083,37,1,2,,,7.0,8,0,2017
1410830051701.0,14,141083,17,1,1,,,11.0,3,0,2017
1410830051701.0,14,141083,7,,1,,,7.0,2,0,2017
1410830051801.0,14,141083,46,1,2,,,7.0,3,1,2017
1410830051801.0,14,141083,24,1,1,,,12.0,3,0,2017
1410830051801.0,14,141083,16,1,1,,,11.0,3,0,2017
1410830051801.0,14,141083,1,,1,,,2.0,,0,2017
1410830051901.0,14,141083,28,1,2,7,4,13.0,5,1,2017
1410830051901.0,14,141083,33,1,2,,,13.0,5,0,2017
1410830052001.0,14,141083,38,1,2,,,13.0,5,1,2017
1410830052001.0,14,141083,16,1,1,,,9.0,3,0,2017
1410830052001.0,14,141083,2,,2,,,1.0,,0,2017
1410830052101.0,14,141083,86,2,2,,,6.0,1,1,2017
1410830052101.0,14,141083,58,1,2,,,7.0,7,0,2017
1410830052101.0,14,141083,56,1,2,,,7.0,5,0,2017
1410830060101.0,14,141083,54,1,2,,,9.0,2,1,2017
1410830060201.0,14,141083,56,1,2,,,7.0,8,1,2017
1410830060201.0,14,141083,58,1,2,,,7.0,4,0,2017
1410830060201.0,14,141083,22,1,2,12,9,9.0,4,0,2017
1410830060201.0,14,141083,19,1,1,,,12.0,2,0,2017
1410830060201.0,14,141083,19,1,2,1,2,9.0,4,0,2017
1410830060301.0,14,141083,54,1,2,,,9.0,1,1,2017
1410830060301.0,14,141083,44,1,2,,,9.0,3,0,2017
1410830060301.0,14,141083,26,1,2,12,4,13.0,5,0,2017
1410830060401.0,14,141083,54,1,2,,,9.0,1,1,2017
1410830060401.0,14,141083,32,1,2,,,9.0,4,0,2017
1410830060401.0,14,141083,62,1,2,,,7.0,8,0,2017
1410830060501.0,14,141083,82,1,2,,,6.0,4,1,2017
1410830060501.0,14,141083,48,1,2,,,7.0,8,0,2017
1410830060601.0,14,141083,60,1,2,,,7.0,4,1,2017
1410830060601.0,14,141083,51,1,2,,,7.0,5,0,2017
1410830060701.0,14,141083,74,1,2,,,6.0,6,1,2017
1410830060701.0,14,141083,76,1,2,,,7.0,2,0,2017
1410830060701.0,14,141083,47,1,2,,,9.0,4,0,2017
1410830060701.0,14,141083,45,1,2,,,9.0,4,0,2017
1410830060701.0,14,141083,19,1,1,,,13.0,1,0,2017
1410830060701.0,14,141083,18,1,1,,,9.0,4,0,2017
1410830060701.0,14,141083,13,,1,,,7.0,8,0,2017
1410830060801.0,14,141083,58,1,2,,,7.0,8,1,2017
1410830060801.0,14,141083,60,1,2,,,7.0,8,0,2017
1410830060901.0,14,141083,64,1,2,,,7.0,6,1,2017
1410830060901.0,14,141083,55,1,2,,,7.0,6,0,2017
1410830061001.0,14,141083,78,1,2,,,7.0,4,1,2017
1410830061001.0,14,141083,32,1,2,,,9.0,2,0,2017
1410830061001.0,14,141083,4,,1,,,3.0,,0,2017
1410830061101.0,14,141083,57,1,2,,,9.0,4,1,2017
1410830061101.0,14,141083,59,1,2,,,9.0,1,0,2017
1410830061201.0,14,141083,41,1,2,,,9.0,2,1,2017
1410830061201.0,14,141083,25,1,2,2,9,9.0,2,0,2017
1410830061201.0,14,141083,6,,1,,,4.0,,0,2017
1410830061301.0,14,141083,40,1,2,,,7.0,8,1,2017
1410830061301.0,14,141083,48,1,2,,,11.0,4,0,2017
1410830061301.0,14,141083,21,1,2,12,3,9.0,4,0,2017
1410830061301.0,14,141083,7,,1,,,7.0,1,0,2017
1410830061401.0,14,141083,59,4,2,,,7.0,8,1,2017
1410830061401.0,14,141083,54,1,2,,,9.0,3,0,2017
1410830061501.0,14,141083,43,1,2,,,7.0,8,1,2017
1410830061501.0,14,141083,48,1,2,,,9.0,2,0,2017
1410830061501.0,14,141083,20,3,1,,,13.0,1,0,2017
1410830061501.0,14,141083,15,3,1,,,9.0,1,0,2017
1410830061501.0,14,141083,9,,1,,,7.0,4,0,2017
1410830061601.0,14,141083,77,1,2,,,7.0,6,1,2017
1410830061601.0,14,141083,37,1,2,,,9.0,1,0,2017
1410830061601.0,14,141083,17,1,1,,,9.0,4,0,2017
1410830061601.0,14,141083,5,,1,,,4.0,,0,2017
1410830061601.0,14,141083,47,1,2,,,13.0,5,0,2017
1410830061701.0,14,141083,87,4,2,,,1.0,,1,2017
1410830061701.0,14,141083,57,1,2,,,9.0,3,0,2017
1410830061701.0,14,141083,55,4,2,,,1.0,,0,2017
1410830061801.0,14,141083,64,1,2,,,7.0,4,1,2017
1410830061801.0,14,141083,87,1,2,,,6.0,6,0,2017
1410830061801.0,14,141083,38,1,2,,,9.0,4,0,2017
1410830061901.0,14,141083,82,1,2,,,7.0,2,1,2017
1410830061901.0,14,141083,83,1,2,,,7.0,4,0,2017
1410830061901.0,14,141083,48,1,2,,,7.0,8,0,2017
1410830061901.0,14,141083,46,1,2,,,9.0,2,0,2017
1410830061901.0,14,141083,12,,1,,,7.0,6,0,2017
1410830062001.0,14,141083,48,1,2,,,7.0,8,1,2017
1410830062001.0,14,141083,54,1,2,,,7.0,8,0,2017
1410830062001.0,14,141083,16,1,1,,,9.0,1,0,2017
1410830062001.0,14,141083,29,1,2,7,4,9.0,4,0,2017
1410830062001.0,14,141083,24,1,2,7,4,9.0,4,0,2017
1410830062001.0,14,141083,1,,2,,,1.0,,0,2017
1410830062101.0,14,141083,84,1,2,,,6.0,2,1,2017
1410830062101.0,14,141083,84,1,2,,,6.0,3,0,2017
1410830070101.0,14,141083,54,1,2,,,7.0,6,1,2017
1410830070101.0,14,141083,41,1,2,,,7.0,6,0,2017
1410830070101.0,14,141083,67,4,2,,,1.0,,0,2017
1410830070101.0,14,141083,18,1,1,,,11.0,4,0,2017
1410830070201.0,14,141083,37,1,2,,,9.0,3,1,2017
1410830070201.0,14,141083,31,1,2,,,7.0,6,0,2017
1410830070201.0,14,141083,11,,1,,,7.0,5,0,2017
1410830070201.0,14,141083,5,,1,,,4.0,,0,2017
1410830070301.0,14,141083,35,1,2,,,9.0,4,1,2017
1410830070301.0,14,141083,31,1,2,,,9.0,4,0,2017
1410830070301.0,14,141083,9,,1,,,7.0,3,0,2017
1410830070301.0,14,141083,7,,1,,,7.0,1,0,2017
1410830070301.0,14,141083,57,1,2,,,9.0,4,0,2017
1410830070401.0,14,141083,41,1,2,,,11.0,1,1,2017
1410830070401.0,14,141083,33,1,2,,,9.0,1,0,2017
1410830070401.0,14,141083,3,,2,,,1.0,,0,2017
1410830070401.0,14,141083,9,,1,,,7.0,4,0,2017
1410830070501.0,14,141083,79,4,2,,,1.0,,1,2017
1410830070601.0,14,141083,38,1,2,,,7.0,8,1,2017
1410830070601.0,14,141083,21,1,2,1,4,7.0,8,0,2017
1410830070601.0,14,141083,2,,2,,,1.0,,0,2017
1410830070701.0,14,141083,85,4,2,,,1.0,,1,2017
1410830070701.0,14,141083,43,1,2,,,7.0,7,0,2017
1410830070701.0,14,141083,15,1,1,,,11.0,2,0,2017
1410830070801.0,14,141083,66,1,2,,,7.0,5,1,2017
1410830070901.0,14,141083,50,1,2,,,7.0,4,1,2017
1410830070901.0,14,141083,62,1,2,,,6.0,4,0,2017
1410830070901.0,14,141083,25,1,2,12,4,9.0,2,0,2017
1410830070901.0,14,141083,26,1,2,2,4,9.0,3,0,2017
1410830070901.0,14,141083,8,,1,,,7.0,2,0,2017
1410830070901.0,14,141083,4,,1,,,4.0,,0,2017
1410830071001.0,14,141083,53,1,2,,,7.0,6,1,2017
1410830071001.0,14,141083,56,1,2,,,7.0,6,0,2017
1410830071001.0,14,141083,25,1,2,12,4,9.0,4,0,2017
1410830071101.0,14,141083,61,1,2,,,7.0,3,1,2017
1410830071101.0,14,141083,24,1,2,12,4,9.0,4,0,2017
1410830071201.0,14,141083,48,1,2,,,9.0,2,1,2017
1410830071201.0,14,141083,21,1,2,9,9,11.0,4,0,2017
1410830071201.0,14,141083,29,1,2,9,9,9.0,4,0,2017
1410830071201.0,14,141083,24,1,2,9,9,9.0,4,0,2017
1410830071201.0,14,141083,10,,1,,,7.0,4,0,2017
1410830071301.0,14,141083,52,1,2,,,7.0,4,1,2017
1410830071301.0,14,141083,49,1,2,,,7.0,4,0,2017
1410830071301.0,14,141083,32,1,2,,,13.0,3,0,2017
1410830071301.0,14,141083,22,1,2,12,4,9.0,4,0,2017
1410830071301.0,14,141083,18,1,1,,,9.0,4,0,2017
1410830071401.0,14,141083,48,1,2,,,7.0,4,1,2017
1410830071401.0,14,141083,56,1,2,,,7.0,4,0,2017
1410830071501.0,14,141083,53,2,2,,,7.0,4,1,2017
1410830071501.0,14,141083,38,1,2,,,7.0,6,0,2017
1410830071601.0,14,141083,54,1,2,,,7.0,6,1,2017
1410830071602.0,14,141083,20,1,2,12,4,9.0,4,1,2017
1410830071602.0,14,141083,20,1,2,1,4,7.0,8,0,2017
1410830071602.0,14,141083,3,,1,,,3.0,,0,2017
1410830071603.0,14,141083,27,1,2,7,3,9.0,2,1,2017
1410830071603.0,14,141083,24,1,2,7,3,11.0,4,0,2017
1410830071701.0,14,141083,69,1,2,,,7.0,8,1,2017
1410830071701.0,14,141083,69,1,2,,,10.0,5,0,2017
1410830071801.0,14,141083,39,1,2,,,7.0,7,1,2017
1410830071801.0,14,141083,28,1,2,12,4,9.0,2,0,2017
1410830071801.0,14,141083,14,,1,,,11.0,1,0,2017
1410830071801.0,14,141083,11,,1,,,7.0,6,0,2017
1410830071801.0,14,141083,8,,1,,,7.0,3,0,2017
1410830071901.0,14,141083,23,1,2,12,4,11.0,4,1,2017
1410830071901.0,14,141083,22,1,1,,,12.0,1,0,2017
1410830071901.0,14,141083,5,,1,,,4.0,,0,2017
1410830071901.0,14,141083,2,,2,,,1.0,,0,2017
1410830072001.0,14,141083,60,1,2,,,8.0,1,1,2017
1410830072001.0,14,141083,57,1,2,,,7.0,8,0,2017
1410830072001.0,14,141083,26,1,2,1,3,13.0,5,0,2017
1410830072001.0,14,141083,11,,1,,,7.0,6,0,2017
1410830072001.0,14,141083,7,,1,,,7.0,1,0,2017
1410830072001.0,14,141083,20,1,1,,,13.0,2,0,2017
1410830072001.0,14,141083,19,1,2,10,2,9.0,4,0,2017
1410830072101.0,14,141083,49,1,2,,,7.0,8,1,2017
1410830072101.0,14,141083,26,1,2,12,4,9.0,2,0,2017
1410830072201.0,14,141083,68,1,2,,,9.0,4,1,2017
1410830072201.0,14,141083,51,4,2,,,1.0,,0,2017
1410830072201.0,14,141083,22,1,1,,,12.0,2,0,2017
1410830072301.0,14,141083,48,1,2,,,7.0,8,1,2017
1410830072301.0,14,141083,47,1,2,,,9.0,4,0,2017
1410830072301.0,14,141083,20,1,1,,,13.0,1,0,2017
1410830080301.0,14,141083,50,1,2,,,7.0,4,1,2017
1410830080301.0,14,141083,48,1,2,,,7.0,8,0,2017
1410830080301.0,14,141083,13,,1,,,7.0,7,0,2017
1410830080401.0,14,141083,49,1,2,,,7.0,5,1,2017
1410830080401.0,14,141083,48,1,2,,,7.0,7,0,2017
1410830080601.0,14,141083,51,1,2,,,7.0,7,1,2017
1410830080601.0,14,141083,48,1,2,,,7.0,7,0,2017
1410830080601.0,14,141083,18,1,1,,,9.0,4,0,2017
1410830080701.0,14,141083,42,1,2,,,9.0,1,1,2017
1410830080701.0,14,141083,11,,1,,,7.0,5,0,2017
1410830080801.0,14,141083,25,1,2,12,4,9.0,4,1,2017
1410830080801.0,14,141083,23,1,2,2,4,9.0,4,0,2017
1410830080801.0,14,141083,3,,2,,,1.0,,0,2017
1410830080901.0,14,141083,51,1,2,,,7.0,6,1,2017
1410830080901.0,14,141083,44,1,2,,,7.0,6,0,2017
1410830080901.0,14,141083,27,1,2,6,4,9.0,4,0,2017
1410830080901.0,14,141083,30,1,2,12,4,9.0,3,0,2017
1410830080901.0,14,141083,4,,1,,,4.0,,0,2017
1410830081001.0,14,141083,38,1,2,,,7.0,8,1,2017
1410830081001.0,14,141083,38,1,2,,,7.0,8,0,2017
1410830081001.0,14,141083,21,1,2,7,1,12.0,3,0,2017
1410830081001.0,14,141083,15,1,1,,,9.0,2,0,2017
1410830081201.0,14,141083,64,1,2,,,6.0,4,1,2017
1410830081201.0,14,141083,59,1,2,,,7.0,4,0,2017
1410830081201.0,14,141083,20,1,1,,,13.0,2,0,2017
1410830081301.0,14,141083,75,1,2,,,7.0,3,1,2017
1410830081301.0,14,141083,55,1,2,,,7.0,2,0,2017
1410830081301.0,14,141083,37,1,2,,,7.0,6,0,2017
1410830081401.0,14,141083,62,1,2,,,13.0,5,1,2017
1410830081401.0,14,141083,60,1,2,,,13.0,5,0,2017
1410830081501.0,14,141083,61,4,2,,,1.0,,1,2017
1410830081501.0,14,141083,43,1,2,,,7.0,7,0,2017
1410830081601.0,14,141083,44,1,2,,,7.0,8,1,2017
1410830081601.0,14,141083,37,1,2,,,7.0,7,0,2017
1410830081601.0,14,141083,17,1,1,,,9.0,4,0,2017
1410830081601.0,14,141083,13,,1,,,7.0,8,0,2017
1410830081601.0,14,141083,4,,1,,,3.0,,0,2017
1410830081701.0,14,141083,37,1,2,,,9.0,2,1,2017
1410830081701.0,14,141083,3,,2,,,1.0,,0,2017
1410830081701.0,14,141083,38,1,2,,,7.0,8,0,2017
1410830081901.0,14,141083,58,4,2,,,1.0,,1,2017
1410830081901.0,14,141083,44,1,2,,,9.0,4,0,2017
1410830081901.0,14,141083,23,4,2,3,4,5.0,,0,2017
1410830082001.0,14,141083,84,2,2,,,6.0,1,1,2017
1420110010101.0,14,142011,65,1,2,,,6.0,3,1,2017
1420110010101.0,14,142011,63,1,2,,,7.0,7,0,2017
1420110010101.0,14,142011,41,1,2,,,9.0,4,0,2017
1420110010101.0,14,142011,8,,1,,,7.0,2,0,2017
1420110010201.0,14,142011,74,1,2,,,8.0,6,1,2017
1420110010401.0,14,142011,66,1,2,,,7.0,6,1,2017
1420110010401.0,14,142011,75,1,2,,,7.0,7,0,2017
1420110010601.0,14,142011,72,1,2,,,7.0,3,1,2017
1420110010801.0,14,142011,30,1,2,7,9,9.0,4,1,2017
1420110010801.0,14,142011,31,1,2,,,9.0,4,0,2017
1420110010801.0,14,142011,15,1,1,,,7.0,8,0,2017
1420110010901.0,14,142011,25,1,2,12,3,12.0,2,1,2017
1420110010901.0,14,142011,23,1,2,2,4,9.0,4,0,2017
1420110010901.0,14,142011,4,,1,,,5.0,,0,2017
1420110010901.0,14,142011,2,,1,,,2.0,,0,2017
1420110011001.0,14,142011,62,1,2,,,7.0,6,1,2017
1420110011001.0,14,142011,54,1,2,,,13.0,5,0,2017
1420110020101.0,14,142011,75,1,2,,,8.0,5,1,2017
1420110020201.0,14,142011,75,1,2,,,8.0,1,1,2017
1420110020301.0,14,142011,44,1,2,,,12.0,2,1,2017
1420110020301.0,14,142011,48,1,2,,,11.0,5,0,2017
1420110020301.0,14,142011,9,,1,,,7.0,3,0,2017
1420110020401.0,14,142011,24,1,1,,,13.0,4,1,2017
1420110020401.0,14,142011,28,1,1,,,12.0,2,0,2017
1420110020401.0,14,142011,6,,1,,,4.0,,0,2017
1420110020501.0,14,142011,51,1,2,,,7.0,6,1,2017
1420110020501.0,14,142011,62,1,2,,,7.0,4,0,2017
1420110020501.0,14,142011,73,1,2,,,7.0,1,0,2017
1420110020601.0,14,142011,43,1,2,,,7.0,1,1,2017
1420110020601.0,14,142011,24,1,2,2,9,9.0,4,0,2017
1420110020601.0,14,142011,23,1,2,12,9,9.0,4,0,2017
1420110020601.0,14,142011,16,1,1,,,9.0,1,0,2017
1420110020601.0,14,142011,5,,1,,,4.0,,0,2017
1420110020601.0,14,142011,3,,2,,,1.0,,0,2017
1420110020601.0,14,142011,0,,2,,,1.0,,0,2017
1420110020701.0,14,142011,67,1,2,,,6.0,2,1,2017
1420110020701.0,14,142011,52,1,2,,,7.0,8,0,2017
1420110020701.0,14,142011,25,1,2,7,3,12.0,3,0,2017
1420110020801.0,14,142011,53,1,2,,,7.0,8,1,2017
1420110020901.0,14,142011,77,1,2,,,8.0,6,1,2017
1420110020901.0,14,142011,74,1,2,,,6.0,6,0,2017
1420110021001.0,14,142011,67,1,2,,,10.0,1,1,2017
1420110021001.0,14,142011,64,1,2,,,11.0,4,0,2017
1420110030101.0,14,142011,36,1,2,,,13.0,5,1,2017
1420110030101.0,14,142011,34,1,2,,,13.0,5,0,2017
1420110030101.0,14,142011,10,,1,,,7.0,4,0,2017
1420110030201.0,14,142011,36,1,2,,,13.0,5,1,2017
1420110030201.0,14,142011,36,1,2,,,13.0,4,0,2017
1420110030201.0,14,142011,7,,1,,,7.0,1,0,2017
1420110030201.0,14,142011,3,,1,,,3.0,,0,2017
1420110030301.0,14,142011,57,1,2,,,13.0,5,1,2017
1420110030301.0,14,142011,50,1,2,,,13.0,3,0,2017
1420110030301.0,14,142011,25,1,2,7,2,13.0,5,0,2017
1420110030301.0,14,142011,23,1,2,7,2,13.0,5,0,2017
1420110030301.0,14,142011,19,1,1,,,13.0,2,0,2017
1420110030401.0,14,142011,79,1,2,,,6.0,6,1,2017
1420110030401.0,14,142011,66,1,2,,,9.0,4,0,2017
1420110030501.0,14,142011,76,1,2,,,6.0,2,1,2017
1420110030501.0,14,142011,50,1,2,,,12.0,3,0,2017
1420110030501.0,14,142011,43,1,2,,,12.0,3,0,2017
1420110030601.0,14,142011,50,1,2,,,9.0,4,1,2017
1420110030601.0,14,142011,30,1,2,99,9,12.0,3,0,2017
1420110030601.0,14,142011,18,1,1,,,9.0,4,0,2017
1420110030601.0,14,142011,16,1,1,,,9.0,2,0,2017
1420110030701.0,14,142011,59,1,2,,,9.0,4,1,2017
1420110030701.0,14,142011,35,1,2,,,13.0,4,0,2017
1420110030901.0,14,142011,70,1,2,,,8.0,6,1,2017
1420110030901.0,14,142011,68,1,2,,,10.0,6,0,2017
1420110030901.0,14,142011,39,1,2,,,9.0,4,0,2017
1420110030901.0,14,142011,38,1,2,,,12.0,3,0,2017
1420110031101.0,14,142011,53,1,2,,,5.0,,1,2017
1420110031101.0,14,142011,51,1,2,,,5.0,,0,2017
1420110031101.0,14,142011,28,1,1,,,12.0,3,0,2017
1420110031201.0,14,142011,29,1,2,1,9,7.0,8,1,2017
1420110031201.0,14,142011,29,1,2,12,9,7.0,8,0,2017
1420110031201.0,14,142011,12,,1,,,7.0,6,0,2017
1420110031201.0,14,142011,8,,1,,,7.0,3,0,2017
1420110031201.0,14,142011,0,,2,,,1.0,,0,2017
1420110031301.0,14,142011,63,1,2,,,7.0,4,1,2017
1420110031301.0,14,142011,70,1,2,,,7.0,3,0,2017
1420110031301.0,14,142011,43,4,2,,,5.0,,0,2017
1420110031401.0,14,142011,61,1,2,,,9.0,4,1,2017
1420110031501.0,14,142011,49,1,2,,,9.0,4,1,2017
1420110031501.0,14,142011,12,,1,,,7.0,6,0,2017
1420110040101.0,14,142011,72,1,2,,,9.0,2,1,2017
1420110040101.0,14,142011,74,1,2,,,8.0,6,0,2017
1420110040201.0,14,142011,76,1,2,,,9.0,4,1,2017
1420110040201.0,14,142011,70,1,2,,,13.0,5,0,2017
1420110050201.0,14,142011,87,1,2,,,10.0,2,1,2017
1420110050301.0,14,142011,50,1,2,,,9.0,4,1,2017
1420110060101.0,14,142011,77,1,2,,,6.0,4,1,2017
1420110060101.0,14,142011,20,1,2,99,9,13.0,2,0,2017
1420110060201.0,14,142011,48,1,2,,,11.0,3,1,2017
1420110060201.0,14,142011,53,1,2,,,9.0,4,0,2017
1420110060201.0,14,142011,24,1,1,,,13.0,4,0,2017
1420110060301.0,14,142011,44,1,2,,,12.0,2,1,2017
1420110060301.0,14,142011,33,1,2,,,9.0,4,0,2017
1420110060301.0,14,142011,72,1,2,,,6.0,6,0,2017
1420110060301.0,14,142011,14,,1,,,7.0,8,0,2017
1420110060301.0,14,142011,5,,1,,,4.0,,0,2017
1420110060401.0,14,142011,54,1,2,,,13.0,7,1,2017
1420110060401.0,14,142011,56,1,2,,,13.0,8,0,2017
1420110060401.0,14,142011,23,1,1,,,13.0,5,0,2017
1420110060501.0,14,142011,79,1,2,,,7.0,5,1,2017
1420110060501.0,14,142011,77,1,2,,,6.0,4,0,2017
1420110060601.0,14,142011,63,1,2,,,9.0,4,1,2017
1420110060601.0,14,142011,54,1,2,,,9.0,2,0,2017
1420110060601.0,14,142011,23,1,1,,,13.0,5,0,2017
1420110060601.0,14,142011,15,1,1,,,7.0,8,0,2017
1420110060701.0,14,142011,71,1,2,,,6.0,1,1,2017
1420110060701.0,14,142011,72,1,2,,,10.0,2,0,2017
1420110060901.0,14,142011,36,1,2,,,11.0,4,1,2017
1420110061001.0,14,142011,49,1,2,,,9.0,4,1,2017
1420110061001.0,14,142011,14,,1,,,7.0,7,0,2017
1420110070101.0,14,142011,67,1,2,,,8.0,1,1,2017
1420110070101.0,14,142011,20,1,1,,,12.0,2,0,2017
1420110070201.0,14,142011,65,1,2,,,8.0,2,1,2017
1420110070201.0,14,142011,80,4,2,,,1.0,,0,2017
1420110070201.0,14,142011,18,1,1,,,11.0,4,0,2017
1420110070401.0,14,142011,48,1,2,,,7.0,8,1,2017
1420110070401.0,14,142011,47,1,2,,,7.0,8,0,2017
1420110070401.0,14,142011,19,1,2,99,9,11.0,4,0,2017
1420110070401.0,14,142011,7,,1,,,7.0,1,0,2017
1420110070501.0,14,142011,51,1,2,,,7.0,6,1,2017
1420110070501.0,14,142011,50,1,2,,,7.0,6,0,2017
1420110070501.0,14,142011,50,1,2,,,7.0,7,0,2017
1420110070501.0,14,142011,21,1,2,7,4,9.0,4,0,2017
1420110070601.0,14,142011,54,1,2,,,9.0,4,1,2017
1420110070601.0,14,142011,53,1,2,,,9.0,4,0,2017
1420110070701.0,14,142011,25,1,2,12,9,9.0,4,1,2017
1420110070801.0,14,142011,67,1,2,,,6.0,4,1,2017
1420110070801.0,14,142011,80,1,2,,,6.0,6,0,2017
1420110070801.0,14,142011,45,1,2,,,12.0,3,0,2017
1420110070801.0,14,142011,17,1,1,,,9.0,4,0,2017
1420110070801.0,14,142011,2,,2,,,1.0,,0,2017
1420110071001.0,14,142011,42,1,1,,,12.0,1,1,2017
1420110071001.0,14,142011,32,1,2,,,12.0,3,0,2017
1420110071001.0,14,142011,62,1,2,,,13.0,3,0,2017
1420110071001.0,14,142011,13,,1,,,7.0,7,0,2017
1420110071101.0,14,142011,60,1,2,,,9.0,2,1,2017
1420110071101.0,14,142011,21,1,1,,,13.0,2,0,2017
1420110071101.0,14,142011,17,1,1,,,9.0,4,0,2017
1420110071201.0,14,142011,75,2,2,,,6.0,3,1,2017
1420110071301.0,14,142011,46,1,2,,,7.0,5,1,2017
1420110071301.0,14,142011,17,1,1,,,9.0,2,0,2017
1420110071401.0,14,142011,26,1,2,99,9,7.0,8,1,2017
1420110071401.0,14,142011,30,1,2,99,9,7.0,6,0,2017
1420110071401.0,14,142011,13,,1,,,7.0,7,0,2017
1420110071401.0,14,142011,11,,1,,,7.0,5,0,2017
1420110071401.0,14,142011,3,,2,,,1.0,,0,2017
1420110071501.0,14,142011,36,1,2,,,13.0,4,1,2017
1420110071501.0,14,142011,30,1,2,99,9,12.0,1,0,2017
1420110071501.0,14,142011,0,,2,,,1.0,,0,2017
1420110080101.0,14,142011,61,1,2,,,13.0,5,1,2017
1420110080101.0,14,142011,64,1,2,,,13.0,5,0,2017
1420110080101.0,14,142011,28,1,1,,,13.0,5,0,2017
1420110080201.0,14,142011,38,1,2,,,13.0,4,1,2017
1420110080201.0,14,142011,36,1,2,,,12.0,3,0,2017
1420110080201.0,14,142011,14,,1,,,7.0,8,0,2017
1420110080201.0,14,142011,2,,2,,,1.0,,0,2017
1420110080401.0,14,142011,56,1,2,,,9.0,4,1,2017
1420110080401.0,14,142011,32,1,2,,,13.0,4,0,2017
1420110080401.0,14,142011,20,1,1,,,13.0,2,0,2017
1420110080501.0,14,142011,30,1,2,12,4,9.0,4,1,2017
1420110080501.0,14,142011,28,1,2,12,4,12.0,3,0,2017
1420110080501.0,14,142011,10,,1,,,7.0,4,0,2017
1420110080601.0,14,142011,64,1,2,,,7.0,8,1,2017
1420110080601.0,14,142011,59,1,2,,,9.0,2,0,2017
1420110080701.0,14,142011,82,1,2,,,8.0,2,1,2017
1420110080701.0,14,142011,58,1,2,,,9.0,4,0,2017
1420110080801.0,14,142011,86,1,2,,,10.0,2,1,2017
1420110080901.0,14,142011,72,1,2,,,6.0,2,1,2017
1420110080901.0,14,142011,36,1,2,,,12.0,3,0,2017
1420110080901.0,14,142011,14,,1,,,9.0,1,0,2017
1420110080901.0,14,142011,12,,1,,,7.0,7,0,2017
1420110081001.0,14,142011,69,1,2,,,12.0,3,1,2017
1420110081001.0,14,142011,73,1,2,,,12.0,3,0,2017
1420110081001.0,14,142011,92,1,2,,,6.0,4,0,2017
1420110081101.0,14,142011,82,1,2,,,6.0,3,1,2017
1420110081101.0,14,142011,57,1,2,,,9.0,4,0,2017
1420110081101.0,14,142011,52,1,2,,,11.0,4,0,2017
1420110081101.0,14,142011,16,1,1,,,9.0,2,0,2017
1420110081201.0,14,142011,89,1,2,,,10.0,6,1,2017
1420110081201.0,14,142011,57,1,2,,,7.0,8,0,2017
1420110081301.0,14,142011,58,1,2,,,7.0,8,1,2017
1420110081301.0,14,142011,58,1,2,,,7.0,4,0,2017
1420110081301.0,14,142011,20,1,1,,,13.0,2,0,2017
1420110081401.0,14,142011,91,1,2,,,6.0,6,1,2017
1420110081401.0,14,142011,24,1,1,,,13.0,2,0,2017
1420110081401.0,14,142011,23,1,1,,,13.0,4,0,2017
1420110081401.0,14,142011,24,1,2,7,4,9.0,4,0,2017
1420110081501.0,14,142011,53,1,2,,,12.0,3,1,2017
1420110081501.0,14,142011,50,1,2,,,13.0,5,0,2017
1420110081501.0,14,142011,23,1,2,1,4,12.0,2,0,2017
1420110081501.0,14,142011,3,,1,,,3.0,,0,2017
1420110081601.0,14,142011,65,1,2,,,7.0,8,1,2017
1420110081601.0,14,142011,37,1,2,,,9.0,4,0,2017
1420110090101.0,14,142011,53,1,2,,,9.0,4,1,2017
1420110090101.0,14,142011,54,1,2,,,13.0,5,0,2017
1420110090101.0,14,142011,17,1,1,,,9.0,4,0,2017
1420110090101.0,14,142011,15,1,1,,,9.0,2,0,2017
1420110090201.0,14,142011,31,1,1,,,13.0,3,1,2017
1420110090301.0,14,142011,64,1,2,,,8.0,6,1,2017
1420110090301.0,14,142011,64,1,2,,,8.0,6,0,2017
1420110090301.0,14,142011,28,1,2,12,4,9.0,4,0,2017
1420110090301.0,14,142011,9,,1,,,7.0,3,0,2017
1420110090401.0,14,142011,80,1,2,,,8.0,6,1,2017
1420110090401.0,14,142011,72,1,2,,,8.0,6,0,2017
1420110100101.0,14,142011,83,1,2,,,8.0,3,1,2017
1420110100101.0,14,142011,77,1,2,,,6.0,6,0,2017
1420110100201.0,14,142011,98,1,2,,,6.0,99,1,2017
1420110100201.0,14,142011,42,1,2,,,9.0,2,0,2017
1420110100201.0,14,142011,10,,1,,,7.0,4,0,2017
1420110100301.0,14,142011,25,1,2,12,9,13.0,5,1,2017
1420110100401.0,14,142011,45,1,2,,,9.0,4,1,2017
1420110110101.0,14,142011,70,1,2,,,14.0,6,1,2017
1420110110201.0,14,142011,57,1,2,,,13.0,4,1,2017
1420110110201.0,14,142011,54,1,2,,,12.0,3,0,2017
1420110110401.0,14,142011,89,1,2,,,8.0,4,1,2017
1420110120301.0,14,142011,41,1,2,,,15.0,6,1,2017
1420110120301.0,14,142011,37,1,2,,,13.0,4,0,2017
1420110120301.0,14,142011,21,1,1,,,13.0,2,0,2017
1420110120301.0,14,142011,10,,1,,,7.0,4,0,2017
1420110120401.0,14,142011,42,1,2,,,9.0,1,1,2017
1420110120401.0,14,142011,43,1,2,,,13.0,5,0,2017
1420110120401.0,14,142011,15,1,1,,,9.0,2,0,2017
1420110120401.0,14,142011,11,,1,,,7.0,4,0,2017
1420110120401.0,14,142011,0,,2,,,1.0,,0,2017
1420110120501.0,14,142011,51,1,2,,,9.0,4,1,2017
1420110120601.0,14,142011,76,1,2,,,6.0,6,1,2017
1420110120701.0,14,142011,58,1,2,,,9.0,1,1,2017
1420110120701.0,14,142011,52,1,2,,,9.0,1,0,2017
1420110120701.0,14,142011,20,1,1,,,9.0,4,0,2017
1420110120801.0,14,142011,78,1,2,,,6.0,3,1,2017
1420110120801.0,14,142011,62,1,2,,,6.0,6,0,2017
1420110120801.0,14,142011,59,1,2,,,9.0,1,0,2017
1420110120901.0,14,142011,81,1,2,,,6.0,3,1,2017
1420110120901.0,14,142011,74,1,2,,,6.0,5,0,2017
1420110120901.0,14,142011,27,1,2,7,4,12.0,3,0,2017
1420110121001.0,14,142011,39,1,2,,,12.0,3,1,2017
1420110121001.0,14,142011,37,1,2,,,13.0,5,0,2017
1420110121001.0,14,142011,13,,1,,,7.0,7,0,2017
1420110121001.0,14,142011,7,,1,,,7.0,2,0,2017
1420110121001.0,14,142011,6,,1,,,4.0,,0,2017
1420110121101.0,14,142011,75,1,2,,,6.0,3,1,2017
1420110121101.0,14,142011,79,1,2,,,6.0,2,0,2017
1420110121101.0,14,142011,48,1,2,,,11.0,4,0,2017
1420110121201.0,14,142011,50,1,2,,,12.0,2,1,2017
1420110121201.0,14,142011,58,1,2,,,9.0,4,0,2017
1420110121301.0,14,142011,70,1,2,,,7.0,5,1,2017
1420110121301.0,14,142011,66,1,2,,,7.0,5,0,2017
1420110121401.0,14,142011,27,1,2,7,4,9.0,4,1,2017
1420110121401.0,14,142011,26,1,2,7,4,9.0,4,0,2017
1420110121401.0,14,142011,5,,1,,,4.0,,0,2017
1420110121501.0,14,142011,69,1,2,,,7.0,3,1,2017
1420110121501.0,14,142011,53,1,2,,,7.0,8,0,2017
1420110121501.0,14,142011,15,1,1,,,9.0,2,0,2017
1420110121601.0,14,142011,64,1,2,,,9.0,4,1,2017
1420110121601.0,14,142011,54,1,2,,,9.0,4,0,2017
1420110121601.0,14,142011,33,1,2,,,9.0,4,0,2017
1420110121601.0,14,142011,7,,1,,,7.0,2,0,2017
1420110121701.0,14,142011,47,1,2,,,12.0,2,1,2017
1420110121701.0,14,142011,13,,1,,,7.0,8,0,2017
1420110121801.0,14,142011,42,1,2,,,9.0,4,1,2017
1420110121801.0,14,142011,38,1,2,,,9.0,3,0,2017
1420110121801.0,14,142011,18,1,1,,,13.0,1,0,2017
1420110121801.0,14,142011,10,,1,,,7.0,4,0,2017
1420110121801.0,14,142011,10,,1,,,7.0,4,0,2017
1420110121901.0,14,142011,42,1,2,,,9.0,4,1,2017
1420110121901.0,14,142011,19,1,2,10,2,9.0,4,0,2017
1420110130101.0,14,142011,66,1,2,,,7.0,8,1,2017
1420110130101.0,14,142011,64,1,2,,,9.0,4,0,2017
1420110130101.0,14,142011,23,1,2,12,4,9.0,4,0,2017
1420110130201.0,14,142011,80,1,2,,,6.0,3,1,2017
1420110130201.0,14,142011,57,1,2,,,12.0,3,0,2017
1420110130301.0,14,142011,61,1,2,,,9.0,2,1,2017
1420110130301.0,14,142011,65,1,2,,,13.0,5,0,2017
1420110130301.0,14,142011,31,1,2,,,13.0,5,0,2017
1420110130301.0,14,142011,3,,1,,,3.0,,0,2017
1420110140101.0,14,142011,35,1,2,,,9.0,4,1,2017
1420110140101.0,14,142011,40,1,2,,,9.0,2,0,2017
1420110140101.0,14,142011,18,1,1,,,11.0,4,0,2017
1420110140101.0,14,142011,16,1,1,,,9.0,2,0,2017
1420110140201.0,14,142011,56,1,2,,,13.0,4,1,2017
1420110140201.0,14,142011,22,1,1,,,13.0,3,0,2017
1420110140201.0,14,142011,20,1,1,,,13.0,2,0,2017
1420110140301.0,14,142011,53,1,2,,,9.0,3,1,2017
1420110140301.0,14,142011,43,1,2,,,9.0,4,0,2017
1420110140301.0,14,142011,20,1,1,,,13.0,1,0,2017
1420110140401.0,14,142011,76,1,2,,,6.0,1,1,2017
1420110140401.0,14,142011,77,1,2,,,6.0,2,0,2017
1420110150101.0,14,142011,30,1,2,12,4,13.0,5,1,2017
1420110150201.0,14,142011,30,1,2,7,4,12.0,3,1,2017
1420110150201.0,14,142011,12,,1,,,7.0,7,0,2017
1420110150301.0,14,142011,34,1,2,,,9.0,2,1,2017
1420110150301.0,14,142011,18,1,1,,,9.0,3,0,2017
1420110150301.0,14,142011,12,,1,,,7.0,6,0,2017
1420110150301.0,14,142011,8,,1,,,7.0,2,0,2017
1420110160101.0,14,142011,75,1,2,,,7.0,8,1,2017
1420110160101.0,14,142011,22,1,2,12,9,9.0,3,0,2017
1420110160201.0,14,142011,67,1,2,,,8.0,2,1,2017
1420110160201.0,14,142011,67,1,2,,,8.0,4,0,2017
1420110160301.0,14,142011,21,1,2,7,4,11.0,4,1,2017
1420110160301.0,14,142011,4,,1,,,3.0,,0,2017
1420110160401.0,14,142011,61,1,2,,,9.0,4,1,2017
1420110160501.0,14,142011,59,1,2,,,9.0,1,1,2017
1420110160501.0,14,142011,58,1,2,,,9.0,4,0,2017
1420110160501.0,14,142011,22,1,1,,,13.0,4,0,2017
1420110160601.0,14,142011,63,1,2,,,6.0,6,1,2017
1420110160601.0,14,142011,64,1,2,,,6.0,6,0,2017
1420110160601.0,14,142011,31,1,2,,,9.0,4,0,2017
1420110160601.0,14,142011,13,,1,,,7.0,7,0,2017
1420110160701.0,14,142011,58,1,2,,,7.0,8,1,2017
1420110160701.0,14,142011,28,1,2,11,2,13.0,2,0,2017
1420110160801.0,14,142011,30,1,2,12,9,7.0,8,1,2017
1420110160801.0,14,142011,44,1,2,,,11.0,5,0,2017
1420110160801.0,14,142011,6,,1,,,7.0,1,0,2017
1420110160901.0,14,142011,48,1,2,,,9.0,2,1,2017
1420110170201.0,14,142011,32,1,2,,,9.0,4,1,2017
1420110170201.0,14,142011,29,1,2,12,9,9.0,4,0,2017
1420110170201.0,14,142011,7,,1,,,7.0,2,0,2017
1420110170301.0,14,142011,74,1,2,,,8.0,2,1,2017
1420110170301.0,14,142011,68,1,2,,,8.0,2,0,2017
1420110170301.0,14,142011,28,1,2,12,9,12.0,3,0,2017
1420110170401.0,14,142011,71,1,2,,,7.0,6,1,2017
1420110170401.0,14,142011,33,1,2,,,9.0,4,0,2017
1420110180101.0,14,142011,22,1,2,7,4,11.0,4,1,2017
1420110180101.0,14,142011,1,,2,,,1.0,,0,2017
1420110180201.0,14,142011,49,1,2,,,7.0,6,1,2017
1420110180201.0,14,142011,16,1,1,,,9.0,3,0,2017
1420110180301.0,14,142011,62,1,2,,,9.0,2,1,2017
1420110180301.0,14,142011,35,1,2,,,9.0,4,0,2017
1420110180301.0,14,142011,6,,1,,,4.0,,0,2017
1420110190101.0,14,142011,36,1,2,,,12.0,3,1,2017
1420110190101.0,14,142011,32,1,2,,,9.0,4,0,2017
1420110190101.0,14,142011,12,,1,,,7.0,6,0,2017
1420110190101.0,14,142011,0,,2,,,1.0,,0,2017
1420110190201.0,14,142011,30,1,2,12,4,7.0,8,1,2017
1420110190201.0,14,142011,31,1,2,,,9.0,3,0,2017
1420110190201.0,14,142011,10,,1,,,7.0,2,0,2017
1420110190201.0,14,142011,3,,1,,,3.0,,0,2017
1420110190201.0,14,142011,6,,1,,,7.0,1,0,2017
1420110190201.0,14,142011,22,4,2,11,4,7.0,3,0,2017
1420110190301.0,14,142011,61,1,2,,,7.0,8,1,2017
1420110190301.0,14,142011,20,2,2,12,9,9.0,4,0,2017
1420110190401.0,14,142011,60,1,2,,,7.0,7,1,2017
1420110190401.0,14,142011,54,1,2,,,7.0,7,0,2017
1420110190401.0,14,142011,22,1,2,7,1,12.0,3,0,2017
1420110200101.0,14,142011,63,1,2,,,9.0,2,1,2017
1420110200201.0,14,142011,64,1,2,,,9.0,1,1,2017
1420110200301.0,14,142011,62,1,2,,,9.0,4,1,2017
1420110200301.0,14,142011,59,1,2,,,7.0,8,0,2017
1420110200401.0,14,142011,67,1,2,,,8.0,1,1,2017
1420110200401.0,14,142011,35,1,2,,,11.0,4,0,2017
1420110200401.0,14,142011,12,,1,,,7.0,6,0,2017
1420110210101.0,14,142011,24,1,2,2,4,12.0,1,1,2017
1420110210101.0,14,142011,25,1,2,2,4,12.0,1,0,2017
1420110210101.0,14,142011,1,,2,,,1.0,,0,2017
1420110210201.0,14,142011,29,1,2,12,9,7.0,8,1,2017
1420110210201.0,14,142011,24,1,2,99,9,7.0,7,0,2017
1420110210201.0,14,142011,8,,1,,,7.0,2,0,2017
1420110210301.0,14,142011,72,1,2,,,9.0,3,1,2017
1420110210301.0,14,142011,63,1,2,,,7.0,8,0,2017
1420110220101.0,14,142011,80,1,2,,,6.0,6,1,2017
1420110220201.0,14,142011,47,1,2,,,7.0,8,1,2017
1420110220201.0,14,142011,42,1,2,,,9.0,2,0,2017
1420110220201.0,14,142011,21,1,2,12,3,9.0,4,0,2017
1420110220201.0,14,142011,19,1,2,12,1,9.0,4,0,2017
1420110220301.0,14,142011,50,1,2,,,7.0,8,1,2017
1420110220301.0,14,142011,43,1,2,,,7.0,5,0,2017
1420110220301.0,14,142011,24,1,1,,,12.0,1,0,2017
1420110220301.0,14,142011,15,1,1,,,11.0,2,0,2017
1420110220401.0,14,142011,72,1,2,,,8.0,2,1,2017
1420110220401.0,14,142011,63,1,2,,,6.0,1,0,2017
1420110220401.0,14,142011,21,1,2,7,4,11.0,4,0,2017
1420110220401.0,14,142011,20,1,2,7,4,11.0,4,0,2017
1420110220401.0,14,142011,20,1,1,,,12.0,1,0,2017
1420110220701.0,14,142011,51,1,2,,,9.0,4,1,2017
1420110220701.0,14,142011,56,1,2,,,9.0,2,0,2017
1420110220801.0,14,142011,78,1,2,,,6.0,2,1,2017
1420110220901.0,14,142011,78,1,2,,,6.0,3,1,2017
1420110221001.0,14,142011,58,1,2,,,7.0,6,1,2017
1420110221101.0,14,142011,39,1,2,,,12.0,2,1,2017
1420110221101.0,14,142011,34,1,2,,,9.0,4,0,2017
1420110221101.0,14,142011,12,,1,,,7.0,7,0,2017
1420110221101.0,14,142011,10,,1,,,7.0,4,0,2017
1420110221101.0,14,142011,0,,2,,,1.0,,0,2017
1420110221201.0,14,142011,93,1,2,,,6.0,5,1,2017
1420110221201.0,14,142011,67,1,2,,,6.0,6,0,2017
1420110221301.0,14,142011,59,1,2,,,9.0,4,1,2017
1420110221301.0,14,142011,58,1,2,,,9.0,3,0,2017
1420110221301.0,14,142011,36,1,2,,,12.0,3,0,2017
1420110221301.0,14,142011,31,1,2,,,9.0,4,0,2017
1420110221401.0,14,142011,50,2,2,,,7.0,1,1,2017
1420110221401.0,14,142011,25,2,1,,,5.0,,0,2017
1420110221401.0,14,142011,24,2,1,,,5.0,,0,2017
1420110221501.0,14,142011,63,1,2,,,7.0,8,1,2017
1420110221501.0,14,142011,63,1,2,,,9.0,4,0,2017
1420110221601.0,14,142011,59,3,2,,,7.0,1,1,2017
1420110221601.0,14,142011,58,4,2,,,7.0,1,0,2017
1420110230101.0,14,142011,71,1,2,,,8.0,6,1,2017
1420110230101.0,14,142011,70,1,2,,,8.0,6,0,2017
1420110230201.0,14,142011,72,1,2,,,6.0,6,1,2017
1420110230301.0,14,142011,21,1,2,7,2,12.0,3,1,2017
1420110230301.0,14,142011,6,,1,,,7.0,1,0,2017
1420110230301.0,14,142011,28,1,2,7,4,9.0,4,0,2017
1420110230401.0,14,142011,72,1,2,,,6.0,2,1,2017
1420110230401.0,14,142011,72,1,2,,,8.0,1,0,2017
1420110230401.0,14,142011,26,1,2,1,4,9.0,2,0,2017
1420110230501.0,14,142011,73,1,2,,,7.0,4,1,2017
1420110230501.0,14,142011,43,1,2,,,9.0,4,0,2017
1420110230501.0,14,142011,38,1,2,,,7.0,8,0,2017
1420110230501.0,14,142011,14,,1,,,9.0,1,0,2017
1420110230501.0,14,142011,12,,1,,,7.0,6,0,2017
1420110230501.0,14,142011,6,,1,,,4.0,,0,2017
1420110230601.0,14,142011,69,3,2,,,13.0,4,1,2017
1420110230701.0,14,142011,62,1,2,,,9.0,4,1,2017
1420110230701.0,14,142011,61,1,2,,,7.0,3,0,2017
1420110230801.0,14,142011,48,1,2,,,7.0,7,1,2017
1420110230801.0,14,142011,65,4,2,,,1.0,,0,2017
1420110230801.0,14,142011,26,1,2,7,4,11.0,4,0,2017
1420110230901.0,14,142011,56,1,2,,,7.0,7,1,2017
1420110231001.0,14,142011,63,1,2,,,7.0,8,1,2017
1420110231001.0,14,142011,63,1,2,,,9.0,4,0,2017
1420110240101.0,14,142011,30,1,2,1,4,9.0,4,1,2017
1420110240101.0,14,142011,11,,1,,,7.0,6,0,2017
1420110240101.0,14,142011,4,,1,,,3.0,,0,2017
1420110240201.0,14,142011,36,1,2,,,9.0,4,1,2017
1420110240201.0,14,142011,27,1,2,7,4,9.0,4,0,2017
1420110240201.0,14,142011,17,1,1,,,9.0,2,0,2017
1420110240201.0,14,142011,14,,1,,,11.0,1,0,2017
1420110240201.0,14,142011,11,,1,,,7.0,6,0,2017
1420110240201.0,14,142011,6,,1,,,7.0,1,0,2017
1420110240201.0,14,142011,2,,1,,,2.0,,0,2017
1420110250101.0,14,142011,53,1,2,,,9.0,2,1,2017
1420110250101.0,14,142011,45,4,2,,,7.0,2,0,2017
1420110250101.0,14,142011,28,1,2,7,4,9.0,4,0,2017
1420110250101.0,14,142011,19,1,2,7,2,9.0,4,0,2017
1420110250101.0,14,142011,6,,1,,,7.0,1,0,2017
1420110250201.0,14,142011,36,1,2,,,9.0,4,1,2017
1420110250201.0,14,142011,34,1,2,,,9.0,4,0,2017
1420110250201.0,14,142011,16,1,1,,,9.0,2,0,2017
1420110250201.0,14,142011,11,,1,,,7.0,5,0,2017
1420110250201.0,14,142011,5,,1,,,4.0,,0,2017
1420110250301.0,14,142011,54,1,2,,,7.0,8,1,2017
1420110250301.0,14,142011,48,1,2,,,7.0,8,0,2017
1420110250301.0,14,142011,16,1,1,,,9.0,2,0,2017
1420110250401.0,14,142011,36,1,2,,,7.0,4,1,2017
1420110250401.0,14,142011,20,1,2,99,9,7.0,8,0,2017
1420110250401.0,14,142011,16,1,1,,,9.0,1,0,2017
1420110250401.0,14,142011,6,,1,,,7.0,1,0,2017
1420110250501.0,14,142011,60,1,2,,,12.0,3,1,2017
1420110250501.0,14,142011,51,1,2,,,9.0,4,0,2017
1420110250501.0,14,142011,29,1,1,,,12.0,1,0,2017
1420110250501.0,14,142011,27,1,2,7,4,13.0,5,0,2017
1420110250501.0,14,142011,25,1,2,7,4,13.0,4,0,2017
1420110250501.0,14,142011,9,,1,,,7.0,3,0,2017
1420110250501.0,14,142011,5,,1,,,4.0,,0,2017
1420110250601.0,14,142011,53,1,2,,,7.0,8,1,2017
1420110250601.0,14,142011,48,1,2,,,7.0,8,0,2017
1420110250601.0,14,142011,22,1,2,7,1,12.0,2,0,2017
1420110250601.0,14,142011,14,,1,,,7.0,8,0,2017
1420110250701.0,14,142011,44,1,2,,,9.0,4,1,2017
1420110250701.0,14,142011,15,1,1,,,9.0,2,0,2017
1420110250801.0,14,142011,34,1,2,,,9.0,2,1,2017
1420110250801.0,14,142011,35,1,2,,,7.0,6,0,2017
1420110250801.0,14,142011,10,,1,,,7.0,5,0,2017
1420110250801.0,14,142011,19,1,1,,,9.0,4,0,2017
1420110250801.0,14,142011,5,,1,,,4.0,,0,2017
1420110250901.0,14,142011,30,1,2,1,4,9.0,4,1,2017
1420110250901.0,14,142011,29,1,2,12,4,9.0,4,0,2017
1420110250901.0,14,142011,12,,1,,,7.0,6,0,2017
1420110250901.0,14,142011,0,,1,,,2.0,,0,2017
1420110260101.0,14,142011,26,1,2,1,9,9.0,3,1,2017
1420110260101.0,14,142011,6,,1,,,4.0,,0,2017
1420110260101.0,14,142011,3,,2,,,1.0,,0,2017
1420110260301.0,14,142011,54,1,2,,,9.0,1,1,2017
1420110260301.0,14,142011,52,1,2,,,7.0,8,0,2017
1420110260301.0,14,142011,30,1,2,2,4,13.0,5,0,2017
1420110260301.0,14,142011,0,,2,,,1.0,,0,2017
1420110260401.0,14,142011,70,1,2,,,9.0,1,1,2017
1420110260401.0,14,142011,18,1,2,7,1,9.0,4,0,2017
1420110260401.0,14,142011,42,4,2,,,5.0,,0,2017
1420110260701.0,14,142011,68,1,2,,,9.0,4,1,2017
1420110260801.0,14,142011,44,1,2,,,9.0,4,1,2017
1420110260801.0,14,142011,39,1,2,,,9.0,4,0,2017
1420110260801.0,14,142011,10,,1,,,7.0,4,0,2017
1420110260801.0,14,142011,7,,1,,,7.0,2,0,2017
1420110260801.0,14,142011,2,,2,,,1.0,,0,2017
1420110260901.0,14,142011,50,1,2,,,9.0,2,1,2017
1420110260901.0,14,142011,26,1,1,,,12.0,1,0,2017
1420110260901.0,14,142011,4,,1,,,3.0,,0,2017
1420110261001.0,14,142011,46,1,2,,,9.0,4,1,2017
1420110261001.0,14,142011,44,1,2,,,9.0,4,0,2017
1420110261001.0,14,142011,2,,1,,,3.0,,0,2017
1420110261101.0,14,142011,57,1,2,,,9.0,1,1,2017
1420110261101.0,14,142011,77,1,2,,,8.0,5,0,2017
1420110261101.0,14,142011,26,4,2,4,9,1.0,,0,2017
1420110261201.0,14,142011,76,4,2,,,6.0,1,1,2017
1420110261201.0,14,142011,66,1,2,,,7.0,3,0,2017
1420110261301.0,14,142011,63,1,2,,,7.0,8,1,2017
1420110261301.0,14,142011,31,1,2,,,9.0,4,0,2017
1420110261301.0,14,142011,26,1,2,12,4,12.0,3,0,2017
1420110261401.0,14,142011,68,1,2,,,6.0,6,1,2017
1420110261401.0,14,142011,70,1,2,,,8.0,6,0,2017
1420110261401.0,14,142011,39,1,2,,,13.0,5,0,2017
1420110261501.0,14,142011,95,1,2,,,7.0,1,1,2017
1420110261501.0,14,142011,66,1,2,,,9.0,4,0,2017
1420110261501.0,14,142011,63,1,2,,,13.0,5,0,2017
1420110261501.0,14,142011,39,1,2,,,13.0,5,0,2017
1420110261501.0,14,142011,35,1,2,,,13.0,2,0,2017
1420110261501.0,14,142011,12,,1,,,7.0,6,0,2017
1420110261501.0,14,142011,9,,1,,,7.0,2,0,2017
1420110261501.0,14,142011,4,,1,,,4.0,,0,2017
1420110261601.0,14,142011,44,1,2,,,9.0,4,1,2017
1420110261601.0,14,142011,38,1,2,,,9.0,4,0,2017
1420110261701.0,14,142011,23,1,2,99,9,9.0,4,1,2017
1420110261701.0,14,142011,14,,1,,,7.0,8,0,2017
1420110261701.0,14,142011,46,1,2,,,9.0,2,0,2017
1420110261701.0,14,142011,2,,2,,,1.0,,0,2017
1420110261801.0,14,142011,89,4,2,,,1.0,,1,2017
1420110261801.0,14,142011,30,1,2,12,9,7.0,8,0,2017
1420130010101.0,14,142013,51,1,2,,,7.0,5,1,2017
1420130010101.0,14,142013,50,1,2,,,9.0,4,0,2017
1420130010201.0,14,142013,30,1,2,7,4,13.0,5,1,2017
1420130010201.0,14,142013,32,1,2,,,13.0,4,0,2017
1420130010201.0,14,142013,12,,1,,,7.0,6,0,2017
1420130010201.0,14,142013,3,,2,,,1.0,,0,2017
1420130010301.0,14,142013,44,1,2,,,9.0,3,1,2017
1420130010301.0,14,142013,19,1,1,,,12.0,1,0,2017
1420130010401.0,14,142013,68,1,2,,,7.0,7,1,2017
1420130010401.0,14,142013,67,1,2,,,7.0,3,0,2017
1420130010401.0,14,142013,56,4,2,,,1.0,,0,2017
1420130010501.0,14,142013,69,1,2,,,6.0,6,1,2017
1420130010501.0,14,142013,59,1,2,,,7.0,8,0,2017
1420130010701.0,14,142013,83,4,2,,,1.0,,1,2017
1420130010801.0,14,142013,39,1,2,,,13.0,5,1,2017
1420130010801.0,14,142013,43,1,2,,,13.0,5,0,2017
1420130010801.0,14,142013,2,,2,,,1.0,,0,2017
1420130010901.0,14,142013,48,1,2,,,9.0,1,1,2017
1420130010901.0,14,142013,47,1,2,,,9.0,2,0,2017
1420130011001.0,14,142013,47,1,2,,,7.0,8,1,2017
1420130011001.0,14,142013,76,1,2,,,8.0,6,0,2017
1420130011101.0,14,142013,24,1,2,99,9,7.0,8,1,2017
1420130011101.0,14,142013,22,1,2,99,9,9.0,4,0,2017
1420130011101.0,14,142013,4,,1,,,3.0,,0,2017
1420130011101.0,14,142013,1,,2,,,1.0,,0,2017
1420130011201.0,14,142013,24,1,2,12,9,7.0,8,1,2017
1420130011201.0,14,142013,22,1,2,12,9,11.0,4,0,2017
1420130011201.0,14,142013,4,,1,,,3.0,,0,2017
1420130011201.0,14,142013,1,,1,,,2.0,,0,2017
1420130011301.0,14,142013,76,1,2,,,6.0,6,1,2017
1420130011301.0,14,142013,69,1,2,,,6.0,6,0,2017
1420130011401.0,14,142013,70,1,2,,,8.0,6,1,2017
1420130011401.0,14,142013,62,1,2,,,7.0,8,0,2017
1420130011401.0,14,142013,25,1,2,12,4,11.0,4,0,2017
1420130011501.0,14,142013,67,1,2,,,6.0,2,1,2017
1420130011501.0,14,142013,56,1,2,,,7.0,3,0,2017
1420130011501.0,14,142013,60,1,2,,,6.0,99,0,2017
1420130011601.0,14,142013,52,1,2,,,7.0,8,1,2017
1420130011601.0,14,142013,46,1,2,,,7.0,7,0,2017
1420130011701.0,14,142013,36,1,2,,,9.0,4,1,2017
1420130011701.0,14,142013,27,1,2,1,4,9.0,4,0,2017
1420130011701.0,14,142013,8,,1,,,7.0,3,0,2017
1420130011801.0,14,142013,73,1,2,,,7.0,3,1,2017
1420130011801.0,14,142013,67,1,2,,,7.0,3,0,2017
1420130011901.0,14,142013,48,1,2,,,7.0,4,1,2017
1420130011901.0,14,142013,38,1,2,,,9.0,4,0,2017
1420130011901.0,14,142013,10,,1,,,7.0,4,0,2017
1420130011901.0,14,142013,21,1,2,99,4,9.0,4,0,2017
1420130011901.0,14,142013,1,,2,,,1.0,,0,2017
1420130020101.0,14,142013,76,1,2,,,6.0,6,1,2017
1420130020101.0,14,142013,69,1,2,,,6.0,4,0,2017
1420130020201.0,14,142013,46,1,2,,,9.0,4,1,2017
1420130020201.0,14,142013,75,4,2,,,1.0,,0,2017
1420130020301.0,14,142013,53,1,2,,,9.0,4,1,2017
1420130020301.0,14,142013,56,1,2,,,9.0,4,0,2017
1420130020301.0,14,142013,16,1,1,,,11.0,3,0,2017
1420130020401.0,14,142013,85,1,2,,,6.0,2,1,2017
1420130020401.0,14,142013,72,1,2,,,6.0,2,0,2017
1420130020501.0,14,142013,27,1,2,99,9,9.0,4,1,2017
1420130020501.0,14,142013,34,1,1,,,12.0,2,0,2017
1420130020501.0,14,142013,20,1,1,,,12.0,1,0,2017
1420130020501.0,14,142013,11,,1,,,7.0,6,0,2017
1420130020501.0,14,142013,7,,1,,,7.0,2,0,2017
1420130020601.0,14,142013,70,1,2,,,8.0,1,1,2017
1420130020601.0,14,142013,62,1,2,,,6.0,5,0,2017
1420130020601.0,14,142013,40,1,2,,,7.0,7,0,2017
1420130020701.0,14,142013,65,1,2,,,6.0,6,1,2017
1420130020701.0,14,142013,63,1,2,,,6.0,6,0,2017
1420130020701.0,14,142013,30,1,2,12,4,9.0,4,0,2017
1420130020801.0,14,142013,56,4,2,,,7.0,4,1,2017
1420130020801.0,14,142013,54,1,2,,,7.0,5,0,2017
1420130020901.0,14,142013,50,1,2,,,13.0,5,1,2017
1420130021001.0,14,142013,31,1,2,,,7.0,8,1,2017
1420130021001.0,14,142013,25,1,2,17,9,7.0,8,0,2017
1420130021001.0,14,142013,8,,1,,,7.0,2,0,2017
1420130021001.0,14,142013,5,,1,,,4.0,,0,2017
1420130021001.0,14,142013,51,1,2,,,7.0,1,0,2017
1420130021101.0,14,142013,59,1,2,,,7.0,8,1,2017
1420130021101.0,14,142013,55,1,2,,,9.0,2,0,2017
1420130021101.0,14,142013,24,1,2,7,4,9.0,4,0,2017
1420130021201.0,14,142013,55,1,2,,,7.0,6,1,2017
1420130021301.0,14,142013,76,1,2,,,7.0,2,1,2017
1420130021301.0,14,142013,69,1,2,,,7.0,3,0,2017
1420130021401.0,14,142013,48,1,2,,,9.0,2,1,2017
1420130021401.0,14,142013,48,1,2,,,9.0,4,0,2017
1420130021501.0,14,142013,55,1,2,,,7.0,8,1,2017
1420130021501.0,14,142013,20,1,1,,,13.0,2,0,2017
1420130021601.0,14,142013,68,1,2,,,7.0,5,1,2017
1420130021601.0,14,142013,57,1,2,,,7.0,8,0,2017
1420130021701.0,14,142013,38,1,2,,,7.0,8,1,2017
1420130021701.0,14,142013,28,1,2,1,4,9.0,4,0,2017
1420130021701.0,14,142013,5,,1,,,4.0,,0,2017
1420130021801.0,14,142013,55,1,2,,,9.0,4,1,2017
1420130021901.0,14,142013,53,1,2,,,9.0,4,1,2017
1420130021901.0,14,142013,45,1,2,,,9.0,4,0,2017
1420130021901.0,14,142013,18,1,1,,,9.0,4,0,2017
1420130030101.0,14,142013,59,1,2,,,7.0,8,1,2017
1420130030101.0,14,142013,53,1,2,,,7.0,6,0,2017
1420130030201.0,14,142013,47,1,2,,,9.0,2,1,2017
1420130030201.0,14,142013,47,1,2,,,7.0,8,0,2017
1420130030201.0,14,142013,18,1,1,,,13.0,1,0,2017
1420130030301.0,14,142013,76,4,2,,,1.0,,1,2017
1420130030301.0,14,142013,70,1,2,,,6.0,3,0,2017
1420130030401.0,14,142013,53,1,2,,,7.0,8,1,2017
1420130030401.0,14,142013,43,1,2,,,7.0,8,0,2017
1420130030401.0,14,142013,14,,1,,,7.0,8,0,2017
1420130030501.0,14,142013,74,1,2,,,6.0,3,1,2017
1420130030501.0,14,142013,49,1,2,,,7.0,3,0,2017
1420130030601.0,14,142013,56,1,2,,,9.0,4,1,2017
1420130030701.0,14,142013,28,1,2,7,2,13.0,5,1,2017
1420130030701.0,14,142013,43,1,2,,,9.0,1,0,2017
1420130030701.0,14,142013,0,,2,,,1.0,,0,2017
1420130030801.0,14,142013,59,1,2,,,7.0,2,1,2017
1420130030801.0,14,142013,61,1,2,,,7.0,8,0,2017
1420130030901.0,14,142013,76,2,2,,,1.0,,1,2017
1420130030901.0,14,142013,36,1,2,,,7.0,3,0,2017
1420130030901.0,14,142013,48,1,2,,,7.0,6,0,2017
1420130031001.0,14,142013,53,4,2,,,1.0,,1,2017
1420130031001.0,14,142013,57,4,2,,,7.0,1,0,2017
1420130031101.0,14,142013,42,1,2,,,9.0,3,1,2017
1420130031101.0,14,142013,40,1,2,,,7.0,8,0,2017
1420130031101.0,14,142013,18,1,2,7,1,9.0,4,0,2017
1420130031101.0,14,142013,7,,1,,,7.0,1,0,2017
1420130031201.0,14,142013,75,1,2,,,6.0,3,1,2017
1420130031201.0,14,142013,46,1,2,,,9.0,4,0,2017
1420130031301.0,14,142013,45,1,2,,,9.0,4,1,2017
1420130031401.0,14,142013,73,1,2,,,6.0,5,1,2017
1420130031401.0,14,142013,64,1,2,,,6.0,1,0,2017
1420130031401.0,14,142013,38,1,2,,,7.0,8,0,2017
1420130031501.0,14,142013,67,1,2,,,6.0,4,1,2017
1420130031601.0,14,142013,35,1,2,,,7.0,6,1,2017
1420130031601.0,14,142013,30,1,2,11,4,9.0,2,0,2017
1420130031601.0,14,142013,3,,2,,,1.0,,0,2017
1420130031601.0,14,142013,9,,1,,,7.0,3,0,2017
1420130031701.0,14,142013,53,1,2,,,7.0,8,1,2017
1420130031701.0,14,142013,52,1,2,,,7.0,8,0,2017
1420130031701.0,14,142013,30,1,2,12,4,9.0,4,0,2017
1420130031701.0,14,142013,23,1,2,12,4,12.0,3,0,2017
1420130031701.0,14,142013,6,,1,,,7.0,1,0,2017
1420130031701.0,14,142013,4,,2,,,1.0,,0,2017
1420130031701.0,14,142013,19,1,2,1,3,9.0,4,0,2017
1420130031701.0,14,142013,2,,2,,,1.0,,0,2017
1420130031801.0,14,142013,55,4,2,,,1.0,,1,2017
1420130031801.0,14,142013,54,1,2,,,7.0,6,0,2017
1420130031801.0,14,142013,24,1,2,12,4,9.0,4,0,2017
1420130031901.0,14,142013,52,1,2,,,7.0,6,1,2017
1420130031901.0,14,142013,53,1,2,,,7.0,8,0,2017
1420130031901.0,14,142013,32,1,2,,,13.0,2,0,2017
1420130031901.0,14,142013,26,1,2,12,4,12.0,2,0,2017
1420130031901.0,14,142013,6,,1,,,4.0,,0,2017
1420130031901.0,14,142013,28,1,2,12,4,12.0,3,0,2017
1420130040101.0,14,142013,64,1,2,,,8.0,4,1,2017
1420130040101.0,14,142013,33,9,2,,,11.0,4,0,2017
1420130040201.0,14,142013,26,1,2,2,4,9.0,3,1,2017
1420130040201.0,14,142013,31,1,2,,,9.0,4,0,2017
1420130040201.0,14,142013,9,,1,,,7.0,4,0,2017
1420130040201.0,14,142013,5,,2,,,1.0,,0,2017
1420130040301.0,14,142013,29,1,2,12,4,7.0,8,1,2017
1420130040301.0,14,142013,28,1,2,1,4,9.0,4,0,2017
1420130040401.0,14,142013,78,1,2,,,8.0,2,1,2017
1420130040401.0,14,142013,54,1,2,,,9.0,4,0,2017
1420130040601.0,14,142013,60,1,2,,,6.0,5,1,2017
1420130040601.0,14,142013,61,1,2,,,1.0,,0,2017
1420130040701.0,14,142013,63,1,2,,,7.0,8,1,2017
1420130040701.0,14,142013,23,1,2,2,9,9.0,4,0,2017
1420130040701.0,14,142013,2,,2,,,1.0,,0,2017
1420130040801.0,14,142013,59,4,2,,,7.0,5,1,2017
1420130040801.0,14,142013,47,1,2,,,9.0,4,0,2017
1420130040901.0,14,142013,28,1,2,7,9,9.0,4,1,2017
1420130040901.0,14,142013,28,1,2,7,9,9.0,4,0,2017
1420130040901.0,14,142013,7,,1,,,7.0,2,0,2017
1420130040901.0,14,142013,3,,2,,,1.0,,0,2017
1420130041001.0,14,142013,52,1,2,,,9.0,4,1,2017
1420130041001.0,14,142013,50,1,2,,,7.0,8,0,2017
1420130041001.0,14,142013,21,1,1,,,12.0,1,0,2017
1420130041001.0,14,142013,5,,2,,,1.0,,0,2017
1420130041101.0,14,142013,78,1,2,,,8.0,2,1,2017
1420130041101.0,14,142013,72,1,2,,,6.0,2,0,2017
1420130041201.0,14,142013,77,4,2,,,6.0,1,1,2017
1420130041201.0,14,142013,23,1,2,12,9,9.0,4,0,2017
1420130041201.0,14,142013,5,,1,,,4.0,,0,2017
1420130041401.0,14,142013,70,1,2,,,2.0,,1,2017
1420130041401.0,14,142013,22,1,2,6,4,11.0,2,0,2017
1420130041501.0,14,142013,94,1,2,,,8.0,2,1,2017
1420130041501.0,14,142013,68,1,2,,,9.0,4,0,2017
1420130041501.0,14,142013,60,1,2,,,,4,0,2017
1420130041601.0,14,142013,68,1,2,,,7.0,3,1,2017
1420130041601.0,14,142013,63,1,2,,,7.0,5,0,2017
1420130041601.0,14,142013,87,1,2,,,1.0,,0,2017
1420130041601.0,14,142013,58,1,2,,,7.0,5,0,2017
1420130041701.0,14,142013,70,4,2,,,6.0,2,1,2017
1420130041701.0,14,142013,60,4,2,,,8.0,2,0,2017
1420130041701.0,14,142013,27,1,2,12,9,7.0,8,0,2017
1420130041801.0,14,142013,71,1,2,,,8.0,3,1,2017
1420130041901.0,14,142013,37,1,2,,,12.0,3,1,2017
1420130041901.0,14,142013,11,,1,,,7.0,6,0,2017
1420130041901.0,14,142013,5,,2,,,1.0,,0,2017
1420130042001.0,14,142013,72,1,2,,,6.0,3,1,2017
1420130042001.0,14,142013,73,1,2,,,6.0,2,0,2017
1420130050101.0,14,142013,30,1,2,7,4,13.0,5,1,2017
1420130050101.0,14,142013,29,1,2,11,4,13.0,2,0,2017
1420130050101.0,14,142013,8,,1,,,7.0,2,0,2017
1420130050101.0,14,142013,1,,2,,,1.0,,0,2017
1420130050201.0,14,142013,53,1,2,,,7.0,8,1,2017
1420130050201.0,14,142013,49,1,2,,,7.0,8,0,2017
1420130050301.0,14,142013,51,1,2,,,7.0,8,1,2017
1420130050301.0,14,142013,38,1,1,,,12.0,3,0,2017
1420130050401.0,14,142013,51,1,2,,,9.0,3,1,2017
1420130050401.0,14,142013,41,1,2,,,9.0,4,0,2017
1420130050401.0,14,142013,21,1,2,12,3,9.0,4,0,2017
1420130050401.0,14,142013,16,1,1,,,9.0,3,0,2017
1420130050501.0,14,142013,41,1,2,,,12.0,2,1,2017
1420130050501.0,14,142013,13,,1,,,7.0,8,0,2017
1420130050501.0,14,142013,17,1,1,,,9.0,3,0,2017
1420130050601.0,14,142013,75,1,2,,,12.0,2,1,2017
1420130050601.0,14,142013,70,1,2,,,9.0,3,0,2017
1420130050701.0,14,142013,42,1,2,,,7.0,8,1,2017
1420130050701.0,14,142013,41,1,2,,,7.0,6,0,2017
1420130050701.0,14,142013,18,1,1,,,9.0,2,0,2017
1420130050701.0,14,142013,7,,1,,,7.0,2,0,2017
1420130050801.0,14,142013,41,1,2,,,9.0,1,1,2017
1420130050801.0,14,142013,34,1,2,,,7.0,8,0,2017
1420130050801.0,14,142013,6,,1,,,7.0,1,0,2017
1420130050801.0,14,142013,10,,1,,,7.0,5,0,2017
1420130050801.0,14,142013,14,,1,,,7.0,8,0,2017
1420130050901.0,14,142013,62,1,2,,,9.0,2,1,2017
1420130050901.0,14,142013,56,1,2,,,7.0,8,0,2017
1420130050901.0,14,142013,28,1,2,7,4,9.0,4,0,2017
1420130050901.0,14,142013,4,,1,,,3.0,,0,2017
1420130050901.0,14,142013,3,,2,,,3.0,,0,2017
1420130051001.0,14,142013,74,1,2,,,6.0,2,1,2017
1420130051001.0,14,142013,40,1,2,,,13.0,5,0,2017
1420130051101.0,14,142013,80,1,2,,,6.0,3,1,2017
1420130051101.0,14,142013,78,1,2,,,6.0,3,0,2017
1420130051101.0,14,142013,68,1,2,,,6.0,5,0,2017
1420130051101.0,14,142013,65,1,2,,,6.0,6,0,2017
1420130051101.0,14,142013,70,1,2,,,6.0,6,0,2017
1420130051201.0,14,142013,73,1,2,,,6.0,2,1,2017
1420130051201.0,14,142013,43,1,2,,,7.0,8,0,2017
1420130051301.0,14,142013,38,1,2,,,7.0,6,1,2017
1420130051301.0,14,142013,14,,1,,,9.0,1,0,2017
1420130051301.0,14,142013,16,1,1,,,9.0,2,0,2017
1420130051301.0,14,142013,13,,1,,,7.0,7,0,2017
1420130051301.0,14,142013,32,1,2,,,7.0,8,0,2017
1420130051301.0,14,142013,36,1,2,,,9.0,4,0,2017
1420130051401.0,14,142013,74,1,2,,,6.0,6,1,2017
1420130051401.0,14,142013,60,1,2,,,7.0,7,0,2017
1420130051501.0,14,142013,83,1,2,,,6.0,6,1,2017
1420130051501.0,14,142013,73,1,2,,,6.0,3,0,2017
1420130051601.0,14,142013,78,1,2,,,6.0,3,1,2017
1420130051601.0,14,142013,49,1,2,,,7.0,6,0,2017
1420130051601.0,14,142013,38,1,2,,,7.0,5,0,2017
1420130051701.0,14,142013,88,1,2,,,6.0,6,1,2017
1420130051701.0,14,142013,78,1,2,,,6.0,3,0,2017
1420130051701.0,14,142013,53,1,2,,,7.0,6,0,2017
1420130051801.0,14,142013,52,1,2,,,7.0,6,1,2017
1420130051801.0,14,142013,55,1,2,,,7.0,5,0,2017
1420130051901.0,14,142013,67,1,2,,,6.0,3,1,2017
1420130051901.0,14,142013,66,1,2,,,6.0,5,0,2017
1420130060101.0,14,142013,53,1,2,,,7.0,8,1,2017
1420130060101.0,14,142013,43,1,2,,,7.0,8,0,2017
1420130060101.0,14,142013,15,1,1,,,9.0,2,0,2017
1420130060201.0,14,142013,57,1,2,,,9.0,1,1,2017
1420130060201.0,14,142013,38,1,2,,,7.0,7,0,2017
1420130060301.0,14,142013,56,1,2,,,7.0,8,1,2017
1420130060301.0,14,142013,50,1,2,,,7.0,6,0,2017
1420130060501.0,14,142013,71,1,2,,,8.0,3,1,2017
1420130060601.0,14,142013,77,1,2,,,6.0,5,1,2017
1420130060701.0,14,142013,85,1,2,,,6.0,3,1,2017
1420130060701.0,14,142013,49,1,2,,,9.0,4,0,2017
1420130060801.0,14,142013,86,1,2,,,2.0,,1,2017
1420130060801.0,14,142013,66,1,2,,,12.0,3,0,2017
1420130060801.0,14,142013,51,1,2,,,7.0,5,0,2017
1420130060901.0,14,142013,54,4,2,,,7.0,3,1,2017
1420130061001.0,14,142013,92,1,2,,,6.0,2,1,2017
1420130061001.0,14,142013,72,4,2,,,7.0,2,0,2017
1420130061001.0,14,142013,69,1,2,,,7.0,4,0,2017
1420130061001.0,14,142013,54,1,2,,,7.0,8,0,2017
1420130061101.0,14,142013,60,1,2,,,7.0,8,1,2017
1420130061101.0,14,142013,49,1,2,,,7.0,8,0,2017
1420130061201.0,14,142013,57,1,2,,,7.0,8,1,2017
1420130061301.0,14,142013,89,1,2,,,6.0,99,1,2017
1420130061401.0,14,142013,78,1,2,,,1.0,,1,2017
1420130061401.0,14,142013,81,1,2,,,1.0,,0,2017
1420130061501.0,14,142013,63,1,2,,,6.0,6,1,2017
1420130061501.0,14,142013,59,1,2,,,7.0,6,0,2017
1420130061501.0,14,142013,29,1,2,11,9,7.0,8,0,2017
1420130061601.0,14,142013,64,1,2,,,7.0,7,1,2017
1420130061601.0,14,142013,60,1,2,,,7.0,4,0,2017
1420130061601.0,14,142013,23,1,2,11,4,7.0,8,0,2017
1420130061701.0,14,142013,63,1,2,,,7.0,4,1,2017
1420130061701.0,14,142013,57,1,2,,,7.0,5,0,2017
1420130061801.0,14,142013,80,1,2,,,1.0,,1,2017
1420130061901.0,14,142013,65,1,2,,,7.0,5,1,2017
1420130061901.0,14,142013,14,,1,,,7.0,8,0,2017
1420130062001.0,14,142013,61,4,2,,,1.0,,1,2017
1420130062001.0,14,142013,82,1,2,,,2.0,,0,2017
1420210010201.0,14,142021,39,1,2,,,7.0,6,1,2017
1420210010201.0,14,142021,44,1,2,,,7.0,8,0,2017
1420210010201.0,14,142021,36,4,2,,,1.0,,0,2017
1420210010201.0,14,142021,21,1,1,,,13.0,4,0,2017
1420210010201.0,14,142021,7,,1,,,7.0,2,0,2017
1420210010301.0,14,142021,58,1,2,,,7.0,6,1,2017
1420210010301.0,14,142021,51,1,2,,,7.0,8,0,2017
1420210010301.0,14,142021,22,1,2,12,4,11.0,4,0,2017
1420210010401.0,14,142021,69,1,2,,,7.0,1,1,2017
1420210010501.0,14,142021,67,1,2,,,6.0,6,1,2017
1420210010701.0,14,142021,57,1,2,,,7.0,8,1,2017
1420210010701.0,14,142021,47,1,2,,,7.0,6,0,2017
1420210010701.0,14,142021,18,1,2,17,2,11.0,4,0,2017
1420210010701.0,14,142021,15,1,1,,,7.0,8,0,2017
1420210010801.0,14,142021,31,1,2,,,9.0,4,1,2017
1420210010801.0,14,142021,41,1,2,,,9.0,4,0,2017
1420210010801.0,14,142021,17,1,1,,,9.0,3,0,2017
1420210010901.0,14,142021,65,4,2,,,1.0,,1,2017
1420210020101.0,14,142021,80,1,2,,,6.0,2,1,2017
1420210020201.0,14,142021,28,1,2,12,4,11.0,4,1,2017
1420210020201.0,14,142021,40,1,2,,,9.0,4,0,2017
1420210020201.0,14,142021,10,,1,,,7.0,5,0,2017
1420210020201.0,14,142021,5,,1,,,4.0,,0,2017
1420210020301.0,14,142021,42,1,2,,,9.0,4,1,2017
1420210020301.0,14,142021,43,1,2,,,9.0,4,0,2017
1420210020301.0,14,142021,13,,1,,,7.0,6,0,2017
1420210020501.0,14,142021,83,1,2,,,6.0,3,1,2017
1420210020601.0,14,142021,70,1,2,,,6.0,3,1,2017
1420210020602.0,14,142021,67,1,2,,,6.0,3,1,2017
1420210020801.0,14,142021,59,1,2,,,7.0,8,1,2017
1420210020801.0,14,142021,61,1,2,,,7.0,8,0,2017
1420210020801.0,14,142021,37,1,2,,,12.0,3,0,2017
1420210020801.0,14,142021,16,1,1,,,9.0,1,0,2017
1420210020801.0,14,142021,2,,2,,,1.0,,0,2017
1420210020901.0,14,142021,46,1,2,,,7.0,2,1,2017
1420210020901.0,14,142021,37,1,2,,,7.0,8,0,2017
1420210020901.0,14,142021,19,1,2,9,2,9.0,4,0,2017
1420210020901.0,14,142021,15,1,1,,,9.0,1,0,2017
1420210020901.0,14,142021,3,,1,,,3.0,,0,2017
1420210030201.0,14,142021,50,1,2,,,7.0,5,1,2017
1420210030201.0,14,142021,23,1,2,13,4,9.0,3,0,2017
1420210030201.0,14,142021,22,4,2,4,4,5.0,,0,2017
1420210030301.0,14,142021,72,1,2,,,6.0,6,1,2017
1420210030301.0,14,142021,70,1,2,,,8.0,2,0,2017
1420210030301.0,14,142021,79,1,2,,,6.0,6,0,2017
1420210030401.0,14,142021,49,1,2,,,13.0,5,1,2017
1420210030401.0,14,142021,48,1,1,,,12.0,3,0,2017
1420210030401.0,14,142021,27,1,1,,,13.0,4,0,2017
1420210030401.0,14,142021,7,,1,,,7.0,2,0,2017
1420210040201.0,14,142021,72,1,2,,,6.0,5,1,2017
1420210040201.0,14,142021,72,1,2,,,8.0,3,0,2017
1420210040301.0,14,142021,56,1,2,,,11.0,4,1,2017
1420210040301.0,14,142021,80,4,2,,,1.0,,0,2017
1420210040301.0,14,142021,57,4,2,,,1.0,,0,2017
1420210040401.0,14,142021,60,1,2,,,9.0,4,1,2017
1420210040401.0,14,142021,57,1,2,,,9.0,4,0,2017
1420210050101.0,14,142021,57,1,2,,,11.0,4,1,2017
1420210050201.0,14,142021,44,1,2,,,13.0,2,1,2017
1420210050201.0,14,142021,46,1,2,,,12.0,3,0,2017
1420210050201.0,14,142021,18,1,1,,,13.0,1,0,2017
1420210050201.0,14,142021,13,,1,,,7.0,7,0,2017
1420210050201.0,14,142021,11,,1,,,7.0,6,0,2017
1420210060101.0,14,142021,53,1,2,,,9.0,2,1,2017
1420210060101.0,14,142021,62,1,2,,,7.0,3,0,2017
1420210060201.0,14,142021,46,1,2,,,9.0,4,1,2017
1420210060201.0,14,142021,17,1,1,,,9.0,4,0,2017
1420210060301.0,14,142021,60,1,2,,,7.0,8,1,2017
1420210060301.0,14,142021,52,1,2,,,7.0,8,0,2017
1420210060301.0,14,142021,24,1,1,,,12.0,1,0,2017
1420210060301.0,14,142021,14,,1,,,5.0,,0,2017
1420210060401.0,14,142021,53,1,2,,,7.0,5,1,2017
1420210060501.0,14,142021,56,1,2,,,7.0,4,1,2017
1420210060501.0,14,142021,59,1,2,,,7.0,8,0,2017
1420210060501.0,14,142021,20,1,1,,,13.0,1,0,2017
1420210060601.0,14,142021,94,1,2,,,6.0,2,1,2017
1420210060701.0,14,142021,52,1,2,,,9.0,2,1,2017
1420210060701.0,14,142021,50,1,2,,,9.0,4,0,2017
1420210060701.0,14,142021,24,1,2,2,9,13.0,2,0,2017
1420210060701.0,14,142021,17,1,1,,,9.0,3,0,2017
1420210060701.0,14,142021,2,,1,,,2.0,,0,2017
1420210061001.0,14,142021,61,1,2,,,9.0,2,1,2017
1420210061001.0,14,142021,57,1,2,,,12.0,3,0,2017
1420210061001.0,14,142021,26,1,1,,,13.0,1,0,2017
1420210061201.0,14,142021,30,1,2,12,4,12.0,3,1,2017
1420210061301.0,14,142021,41,1,2,,,9.0,4,1,2017
1420210061301.0,14,142021,30,1,2,11,4,9.0,4,0,2017
1420210061301.0,14,142021,4,,2,,,1.0,,0,2017
1420210061401.0,14,142021,77,1,2,,,6.0,6,1,2017
1420210061501.0,14,142021,71,1,2,,,13.0,5,1,2017
1420210061501.0,14,142021,65,1,2,,,9.0,4,0,2017
1420210061501.0,14,142021,58,1,2,,,9.0,4,0,2017
1420210061501.0,14,142021,20,1,1,,,13.0,3,0,2017
1420210061701.0,14,142021,49,1,2,,,7.0,8,1,2017
1420210061701.0,14,142021,45,1,2,,,9.0,4,0,2017
1420210061701.0,14,142021,5,,1,,,4.0,,0,2017
1420210061701.0,14,142021,13,,1,,,7.0,7,0,2017
1420210061801.0,14,142021,65,1,2,,,7.0,2,1,2017
1420210061801.0,14,142021,63,1,2,,,7.0,4,0,2017
1420210061901.0,14,142021,61,1,2,,,13.0,5,1,2017
1420210061901.0,14,142021,56,1,2,,,9.0,4,0,2017
1420210062001.0,14,142021,56,1,2,,,9.0,4,1,2017
1420210062001.0,14,142021,56,1,2,,,13.0,5,0,2017
1420210062001.0,14,142021,28,1,1,,,12.0,3,0,2017
1420210062001.0,14,142021,4,,1,,,4.0,,0,2017
1420210062101.0,14,142021,55,1,2,,,13.0,5,1,2017
1420210062101.0,14,142021,60,1,2,,,9.0,4,0,2017
1420210062201.0,14,142021,28,1,2,12,4,9.0,1,1,2017
1420210062201.0,14,142021,28,1,2,7,4,11.0,4,0,2017
1420210062201.0,14,142021,9,,1,,,7.0,3,0,2017
1420210062201.0,14,142021,5,,1,,,4.0,,0,2017
1420210062301.0,14,142021,42,1,2,,,11.0,4,1,2017
1420210062301.0,14,142021,20,1,1,,,13.0,1,0,2017
1420210062301.0,14,142021,15,1,1,,,9.0,2,0,2017
1420210062301.0,14,142021,5,,1,,,4.0,,0,2017
1420210062401.0,14,142021,34,1,2,,,13.0,5,1,2017
1420210062501.0,14,142021,40,1,2,,,9.0,4,1,2017
1420210062501.0,14,142021,39,1,2,,,11.0,4,0,2017
1420210062501.0,14,142021,15,1,1,,,11.0,2,0,2017
1420210062501.0,14,142021,4,,2,,,1.0,,0,2017
1420210070101.0,14,142021,20,1,2,13,2,9.0,2,1,2017
1420210070101.0,14,142021,21,1,2,13,3,9.0,4,0,2017
1420210070101.0,14,142021,0,,2,,,1.0,,0,2017
1420210070201.0,14,142021,56,1,2,,,9.0,4,1,2017
1420210070201.0,14,142021,31,4,2,,,5.0,,0,2017
1420210070301.0,14,142021,70,4,2,,,1.0,,1,2017
1420210070401.0,14,142021,63,1,2,,,7.0,6,1,2017
1420210070401.0,14,142021,32,1,2,,,9.0,4,0,2017
1420210070501.0,14,142021,55,1,2,,,7.0,4,1,2017
1420210070501.0,14,142021,21,1,1,,,13.0,2,0,2017
1420210070601.0,14,142021,28,1,2,12,4,9.0,1,1,2017
1420210070601.0,14,142021,26,1,2,4,4,7.0,7,0,2017
1420210070601.0,14,142021,5,,1,,,4.0,,0,2017
1420210070601.0,14,142021,1,,1,,,2.0,,0,2017
1420210070601.0,14,142021,1,,1,,,2.0,,0,2017
1420210070701.0,14,142021,80,4,2,,,1.0,,1,2017
1420210070701.0,14,142021,63,4,2,,,1.0,,0,2017
1420210070801.0,14,142021,40,1,2,,,9.0,4,1,2017
1420210070801.0,14,142021,40,1,2,,,9.0,4,0,2017
1420210070801.0,14,142021,9,,1,,,7.0,4,0,2017
1420210070801.0,14,142021,19,1,2,13,1,9.0,4,0,2017
1420210070801.0,14,142021,49,1,2,,,7.0,5,0,2017
1420210070901.0,14,142021,77,4,2,,,1.0,,1,2017
1420210070901.0,14,142021,52,1,2,,,9.0,1,0,2017
1420210071001.0,14,142021,38,3,2,,,7.0,1,1,2017
1420210071001.0,14,142021,40,1,2,,,7.0,4,0,2017
1420210071001.0,14,142021,11,,1,,,7.0,6,0,2017
1420210071101.0,14,142021,40,1,2,,,7.0,8,1,2017
1420210071101.0,14,142021,36,4,2,,,7.0,4,0,2017
1420210071101.0,14,142021,15,1,1,,,7.0,8,0,2017
1420210071101.0,14,142021,13,,1,,,7.0,7,0,2017
1420210071201.0,14,142021,70,1,2,,,15.0,7,1,2017
1420210071301.0,14,142021,82,1,2,,,8.0,2,1,2017
1420210071401.0,14,142021,46,1,2,,,7.0,7,1,2017
1420210071501.0,14,142021,54,1,2,,,9.0,2,1,2017
1420210071501.0,14,142021,48,1,2,,,9.0,4,0,2017
1420210071501.0,14,142021,15,1,1,,,9.0,1,0,2017
1420210071601.0,14,142021,44,1,2,,,7.0,8,1,2017
1420210071701.0,14,142021,66,1,2,,,6.0,3,1,2017
1420210071701.0,14,142021,50,1,2,,,7.0,8,0,2017
1420210071701.0,14,142021,51,1,2,,,9.0,2,0,2017
1420210071701.0,14,142021,26,1,2,13,4,9.0,4,0,2017
1420210071701.0,14,142021,8,,1,,,7.0,2,0,2017
1420230010201.0,14,142023,44,1,2,,,9.0,2,1,2017
1420230010201.0,14,142023,44,1,2,,,9.0,3,0,2017
1420230010201.0,14,142023,18,1,1,,,9.0,4,0,2017
1420230010201.0,14,142023,13,,1,,,7.0,8,0,2017
1420230010301.0,14,142023,47,1,2,,,9.0,4,1,2017
1420230010301.0,14,142023,47,1,2,,,9.0,4,0,2017
1420230010301.0,14,142023,23,1,1,,,12.0,3,0,2017
1420230010301.0,14,142023,18,1,1,,,12.0,1,0,2017
1420230010301.0,14,142023,6,,1,,,7.0,1,0,2017
1420230010401.0,14,142023,48,1,2,,,9.0,4,1,2017
1420230010401.0,14,142023,36,1,2,,,7.0,8,0,2017
1420230010401.0,14,142023,16,1,1,,,9.0,2,0,2017
1420230010401.0,14,142023,2,,2,,,1.0,,0,2017
1420230010601.0,14,142023,51,1,2,,,7.0,8,1,2017
1420230010601.0,14,142023,49,1,2,,,12.0,3,0,2017
1420230010601.0,14,142023,17,1,1,,,9.0,4,0,2017
1420230011001.0,14,142023,45,1,2,,,9.0,4,1,2017
1420230011001.0,14,142023,35,1,2,,,11.0,4,0,2017
1420230011001.0,14,142023,18,1,2,7,1,11.0,4,0,2017
1420230011001.0,14,142023,6,,1,,,4.0,,0,2017
1420230011201.0,14,142023,58,1,2,,,7.0,8,1,2017
1420230011201.0,14,142023,45,1,2,,,9.0,3,0,2017
1420230011201.0,14,142023,21,1,2,12,4,11.0,4,0,2017
1420230011201.0,14,142023,8,,1,,,7.0,2,0,2017
1420230011501.0,14,142023,27,1,2,12,4,11.0,4,1,2017
1420230011501.0,14,142023,25,1,2,1,4,11.0,4,0,2017
1420230011501.0,14,142023,2,,2,,,1.0,,0,2017
1420230011601.0,14,142023,44,1,2,,,9.0,2,1,2017
1420230011701.0,14,142023,33,1,2,,,9.0,2,1,2017
1420230011701.0,14,142023,30,1,2,7,4,12.0,3,0,2017
1420230011701.0,14,142023,4,,1,,,4.0,,0,2017
1420230011701.0,14,142023,9,,1,,,7.0,4,0,2017
1420230011801.0,14,142023,43,1,2,,,7.0,8,1,2017
1420230011801.0,14,142023,41,1,2,,,11.0,4,0,2017
1420230011801.0,14,142023,20,1,1,,,12.0,2,0,2017
1420230011801.0,14,142023,16,1,1,,,11.0,2,0,2017
1420230011801.0,14,142023,11,,1,,,7.0,5,0,2017
1420230011901.0,14,142023,49,1,2,,,9.0,4,1,2017
1420230011901.0,14,142023,41,1,2,,,9.0,4,0,2017
1420230011901.0,14,142023,23,1,2,7,3,12.0,3,0,2017
1420230020101.0,14,142023,47,1,2,,,9.0,1,1,2017
1420230020101.0,14,142023,42,1,2,,,7.0,8,0,2017
1420230020101.0,14,142023,61,1,2,,,6.0,6,0,2017
1420230020101.0,14,142023,9,,1,,,7.0,4,0,2017
1420230020201.0,14,142023,51,1,2,,,7.0,6,1,2017
1420230020201.0,14,142023,56,1,2,,,7.0,2,0,2017
1420230020301.0,14,142023,78,4,2,,,6.0,4,1,2017
1420230020301.0,14,142023,81,1,2,,,6.0,4,0,2017
1420230020301.0,14,142023,90,1,2,,,6.0,4,0,2017
1420230020401.0,14,142023,77,4,2,,,1.0,,1,2017
1420230020501.0,14,142023,67,1,2,,,7.0,8,1,2017
1420230020501.0,14,142023,57,1,2,,,7.0,6,0,2017
1420230020501.0,14,142023,27,1,2,11,4,11.0,4,0,2017
1420230020601.0,14,142023,47,1,2,,,7.0,4,1,2017
1420230020601.0,14,142023,60,1,2,,,7.0,2,0,2017
1420230020601.0,14,142023,20,1,2,12,3,9.0,4,0,2017
1420230020701.0,14,142023,48,1,2,,,7.0,8,1,2017
1420230020701.0,14,142023,47,1,2,,,7.0,8,0,2017
1420230020701.0,14,142023,16,2,1,,,9.0,2,0,2017
1420230020701.0,14,142023,7,,1,,,7.0,1,0,2017
1420230020801.0,14,142023,59,1,2,,,7.0,8,1,2017
1420230020801.0,14,142023,53,1,2,,,7.0,5,0,2017
1420230020801.0,14,142023,32,1,2,,,9.0,4,0,2017
1420230020901.0,14,142023,45,1,2,,,7.0,6,1,2017
1420230020901.0,14,142023,49,1,2,,,9.0,1,0,2017
1420230020901.0,14,142023,14,,1,,,7.0,8,0,2017
1420230021001.0,14,142023,34,1,2,,,9.0,4,1,2017
1420230021001.0,14,142023,36,1,2,,,9.0,4,0,2017
1420230021001.0,14,142023,14,,1,,,7.0,8,0,2017
1420230021001.0,14,142023,12,,1,,,7.0,6,0,2017
1420230021101.0,14,142023,78,1,2,,,7.0,2,1,2017
1420230021101.0,14,142023,20,1,2,7,1,11.0,4,0,2017
1420230021201.0,14,142023,46,1,2,,,7.0,7,1,2017
1420230021201.0,14,142023,19,1,1,,,11.0,4,0,2017
1420230021201.0,14,142023,11,,1,,,7.0,4,0,2017
1420230021301.0,14,142023,68,1,2,,,9.0,1,1,2017
1420230021301.0,14,142023,80,4,2,,,1.0,,0,2017
1420230021401.0,14,142023,49,1,2,,,7.0,8,1,2017
1420230021401.0,14,142023,47,1,2,,,7.0,3,0,2017
1420230021401.0,14,142023,24,1,2,12,4,11.0,4,0,2017
1420230021401.0,14,142023,6,,1,,,7.0,1,0,2017
1420230021401.0,14,142023,2,,1,,,3.0,,0,2017
1420230021501.0,14,142023,65,1,2,,,7.0,1,1,2017
1420230021502.0,14,142023,53,1,2,,,9.0,1,1,2017
1420230021502.0,14,142023,25,1,2,99,9,9.0,1,0,2017
1420230021502.0,14,142023,7,,1,,,7.0,1,0,2017
1420230021502.0,14,142023,5,,2,,,1.0,,0,2017
1420230021502.0,14,142023,4,,2,,,1.0,,0,2017
1420230021601.0,14,142023,60,1,2,,,7.0,6,1,2017
1420230021601.0,14,142023,50,1,2,,,7.0,8,0,2017
1420230021601.0,14,142023,21,1,2,2,3,9.0,4,0,2017
1420230021601.0,14,142023,4,,1,,,4.0,,0,2017
1420230021701.0,14,142023,73,1,2,,,7.0,5,1,2017
1420230021701.0,14,142023,57,1,2,,,7.0,5,0,2017
1420230021801.0,14,142023,65,1,2,,,7.0,6,1,2017
1420230021801.0,14,142023,51,1,2,,,7.0,6,0,2017
1420230021801.0,14,142023,27,1,2,99,9,9.0,4,0,2017
1420230021801.0,14,142023,26,2,2,99,9,12.0,3,0,2017
1420230021801.0,14,142023,22,1,1,,,13.0,3,0,2017
1420230021901.0,14,142023,59,3,2,,,7.0,8,1,2017
1420230021901.0,14,142023,60,1,2,,,7.0,8,0,2017
1420230021901.0,14,142023,26,1,2,12,4,9.0,4,0,2017
1420230021901.0,14,142023,6,,1,,,7.0,1,0,2017
1420230030301.0,14,142023,90,1,2,,,8.0,2,1,2017
1420230030401.0,14,142023,45,1,2,,,13.0,2,1,2017
1420230030401.0,14,142023,42,1,2,,,11.0,4,0,2017
1420230030401.0,14,142023,24,1,2,1,4,11.0,4,0,2017
1420230030401.0,14,142023,19,1,2,1,2,11.0,4,0,2017
1420230030501.0,14,142023,61,1,2,,,7.0,8,1,2017
1420230030601.0,14,142023,68,1,2,,,9.0,4,1,2017
1420230030601.0,14,142023,74,1,2,,,8.0,6,0,2017
1420230030601.0,14,142023,21,1,1,,,13.0,4,0,2017
1420230030701.0,14,142023,52,1,2,,,11.0,1,1,2017
1420230030701.0,14,142023,39,1,2,,,7.0,8,0,2017
1420230030701.0,14,142023,24,1,2,7,4,11.0,4,0,2017
1420230030701.0,14,142023,18,1,2,7,1,11.0,4,0,2017
1420230030701.0,14,142023,17,1,1,,,11.0,3,0,2017
1420230030701.0,14,142023,15,1,1,,,11.0,2,0,2017
1420230030801.0,14,142023,32,1,2,,,7.0,5,1,2017
1420230030901.0,14,142023,57,1,2,,,7.0,8,1,2017
1420230030901.0,14,142023,54,1,2,,,7.0,8,0,2017
1420230030901.0,14,142023,64,4,2,,,1.0,,0,2017
1420230031001.0,14,142023,62,1,2,,,9.0,2,1,2017
1420230031001.0,14,142023,50,1,2,,,7.0,8,0,2017
1420230031001.0,14,142023,31,1,2,,,13.0,4,0,2017
1420230031001.0,14,142023,28,1,2,11,4,9.0,4,0,2017
1420230031001.0,14,142023,26,1,1,,,13.0,2,0,2017
1420230031001.0,14,142023,24,1,2,11,4,13.0,4,0,2017
1420230031001.0,14,142023,22,1,1,,,13.0,4,0,2017
1420230031001.0,14,142023,8,,1,,,7.0,2,0,2017
1420230031001.0,14,142023,1,,2,,,1.0,,0,2017
1420230031101.0,14,142023,65,1,2,,,7.0,4,1,2017
1420230031101.0,14,142023,64,4,2,,,7.0,2,0,2017
1420230031201.0,14,142023,51,1,2,,,9.0,1,1,2017
1420230031201.0,14,142023,43,1,2,,,9.0,1,0,2017
1420230031201.0,14,142023,18,1,1,,,9.0,4,0,2017
1420230031201.0,14,142023,17,1,1,,,9.0,2,0,2017
1420230031201.0,14,142023,9,,1,,,7.0,4,0,2017
1420230031201.0,14,142023,43,1,2,,,7.0,2,0,2017
1420230031301.0,14,142023,27,1,2,12,9,11.0,4,1,2017
1420230031301.0,14,142023,16,1,1,,,9.0,1,0,2017
1420230031301.0,14,142023,22,1,2,12,9,11.0,4,0,2017
1420230031301.0,14,142023,21,1,2,2,4,9.0,4,0,2017
1420230031301.0,14,142023,0,,2,,,1.0,,0,2017
1420230031301.0,14,142023,4,,1,,,3.0,,0,2017
1420230031501.0,14,142023,63,1,2,,,7.0,6,1,2017
1420230031501.0,14,142023,59,1,2,,,7.0,3,0,2017
1420230031501.0,14,142023,22,1,2,1,3,11.0,4,0,2017
1420230031601.0,14,142023,53,2,2,,,7.0,5,1,2017
1420230031601.0,14,142023,53,4,2,,,1.0,,0,2017
1420230031601.0,14,142023,28,1,2,12,4,7.0,8,0,2017
1420230031601.0,14,142023,26,1,2,12,4,9.0,4,0,2017
1420230031601.0,14,142023,24,1,2,1,4,9.0,4,0,2017
1420230031601.0,14,142023,5,,1,,,4.0,,0,2017
1420230031701.0,14,142023,56,1,2,,,7.0,6,1,2017
1420230031701.0,14,142023,51,1,2,,,7.0,3,0,2017
1420230031701.0,14,142023,16,1,1,,,7.0,8,0,2017
1420230031801.0,14,142023,58,1,2,,,7.0,5,1,2017
1420230031801.0,14,142023,49,4,2,,,1.0,,0,2017
1420230031901.0,14,142023,56,1,2,,,11.0,2,1,2017
1420320010101.0,14,142032,67,1,2,,,8.0,4,1,2017
1420320010101.0,14,142032,71,1,2,,,13.0,4,0,2017
1420320010201.0,14,142032,42,1,2,,,11.0,4,1,2017
1420320010201.0,14,142032,48,1,2,,,9.0,4,0,2017
1420320010201.0,14,142032,24,1,1,,,13.0,3,0,2017
1420320010201.0,14,142032,15,1,1,,,9.0,2,0,2017
1420320010201.0,14,142032,14,,1,,,7.0,7,0,2017
1420320010301.0,14,142032,60,1,2,,,13.0,6,1,2017
1420320010301.0,14,142032,55,1,2,,,13.0,4,0,2017
1420320010301.0,14,142032,22,1,1,,,13.0,3,0,2017
1420320010401.0,14,142032,53,1,2,,,9.0,4,1,2017
1420320010401.0,14,142032,82,1,2,,,13.0,5,0,2017
1420320010801.0,14,142032,66,4,2,,,13.0,5,1,2017
1420320010901.0,14,142032,60,1,2,,,9.0,4,1,2017
1420320011201.0,14,142032,69,1,2,,,7.0,4,1,2017
1420320011201.0,14,142032,42,1,2,,,13.0,5,0,2017
1420320011301.0,14,142032,64,1,2,,,7.0,3,1,2017
1420320011301.0,14,142032,21,1,2,7,4,11.0,4,0,2017
1420320011301.0,14,142032,2,,2,,,1.0,,0,2017
1420320011301.0,14,142032,21,1,1,,,7.0,99,0,2017
1420320011401.0,14,142032,39,1,2,,,7.0,8,1,2017
1420320011401.0,14,142032,67,1,2,,,6.0,5,0,2017
1420320011401.0,14,142032,27,1,2,7,4,9.0,4,0,2017
1420320011401.0,14,142032,2,,2,,,1.0,,0,2017
1420320011401.0,14,142032,1,,2,,,1.0,,0,2017
1420320011501.0,14,142032,64,1,2,,,7.0,4,1,2017
1420320011501.0,14,142032,58,1,2,,,7.0,8,0,2017
1420320011501.0,14,142032,37,1,2,,,11.0,4,0,2017
1420320011501.0,14,142032,23,1,2,12,3,9.0,4,0,2017
1420320011501.0,14,142032,3,,1,,,3.0,,0,2017
1420320011601.0,14,142032,80,4,2,,,6.0,1,1,2017
1420320011701.0,14,142032,69,1,2,,,9.0,4,1,2017
1420320011701.0,14,142032,61,1,2,,,9.0,4,0,2017
1420320011801.0,14,142032,27,1,2,7,3,13.0,4,1,2017
1420320011801.0,14,142032,23,1,2,2,3,13.0,2,0,2017
1420320011801.0,14,142032,1,,2,,,1.0,,0,2017
1420320011801.0,14,142032,1,,2,,,1.0,,0,2017
1420320020101.0,14,142032,63,1,2,,,9.0,4,1,2017
1420320020301.0,14,142032,38,1,2,,,9.0,4,1,2017
1420320020301.0,14,142032,48,1,2,,,7.0,3,0,2017
1420320020301.0,14,142032,6,,1,,,4.0,,0,2017
1420320020401.0,14,142032,69,1,2,,,7.0,2,1,2017
1420320020401.0,14,142032,57,1,2,,,7.0,4,0,2017
1420320020401.0,14,142032,19,1,2,2,9,9.0,4,0,2017
1420320020401.0,14,142032,26,1,1,,,12.0,1,0,2017
1420320020401.0,14,142032,1,,2,,,1.0,,0,2017
1420320020701.0,14,142032,71,3,2,,,1.0,,1,2017
1420320020701.0,14,142032,57,1,2,,,7.0,7,0,2017
1420320020701.0,14,142032,35,1,2,,,9.0,4,0,2017
1420320020801.0,14,142032,65,1,2,,,9.0,1,1,2017
1420320020901.0,14,142032,48,1,2,,,9.0,4,1,2017
1420320020901.0,14,142032,28,1,2,12,9,13.0,4,0,2017
1420320020901.0,14,142032,26,1,1,,,13.0,4,0,2017
1420320020901.0,14,142032,7,,1,,,7.0,1,0,2017
1420320021001.0,14,142032,54,1,2,,,7.0,8,1,2017
1420320021001.0,14,142032,52,1,2,,,7.0,7,0,2017
1420320021001.0,14,142032,22,1,1,,,12.0,2,0,2017
1420320021101.0,14,142032,40,1,2,,,7.0,8,1,2017
1420320021101.0,14,142032,34,1,2,,,9.0,4,0,2017
1420320021101.0,14,142032,17,1,1,,,9.0,4,0,2017
1420320021101.0,14,142032,14,,1,,,7.0,8,0,2017
1420320021401.0,14,142032,88,2,2,,,1.0,,1,2017
1420320021401.0,14,142032,20,1,2,6,3,9.0,2,0,2017
1420320021501.0,14,142032,39,1,2,,,9.0,4,1,2017
1420320021501.0,14,142032,28,1,2,12,4,7.0,8,0,2017
1420320021501.0,14,142032,8,,1,,,7.0,3,0,2017
1420320021501.0,14,142032,5,,1,,,4.0,,0,2017
1420320021501.0,14,142032,3,,1,,,3.0,,0,2017
1420320021601.0,14,142032,62,1,2,,,9.0,3,1,2017
1420320021601.0,14,142032,58,1,2,,,9.0,3,0,2017
1420320021601.0,14,142032,83,1,2,,,8.0,6,0,2017
1420320021701.0,14,142032,53,1,2,,,7.0,8,1,2017
1420320021701.0,14,142032,54,1,2,,,7.0,6,0,2017
1420320021901.0,14,142032,42,1,2,,,12.0,3,1,2017
1420320021901.0,14,142032,20,1,1,,,13.0,2,0,2017
1420320021901.0,14,142032,16,1,1,,,9.0,3,0,2017
1420320030201.0,14,142032,68,1,2,,,7.0,8,1,2017
1420320030301.0,14,142032,48,1,2,,,7.0,8,1,2017
1420320030301.0,14,142032,55,1,2,,,12.0,3,0,2017
1420320030401.0,14,142032,42,1,2,,,9.0,3,1,2017
1420320030401.0,14,142032,28,1,2,99,9,12.0,3,0,2017
1420320030401.0,14,142032,8,,1,,,7.0,2,0,2017
1420320030401.0,14,142032,7,,1,,,7.0,1,0,2017
1420320030501.0,14,142032,30,1,1,,,12.0,1,1,2017
1420320030501.0,14,142032,30,1,2,99,9,11.0,4,0,2017
1420320030501.0,14,142032,12,,1,,,7.0,6,0,2017
1420320030701.0,14,142032,82,1,2,,,8.0,2,1,2017
1420320030801.0,14,142032,44,1,2,,,12.0,3,1,2017
1420320030801.0,14,142032,44,1,2,,,13.0,5,0,2017
1420320030801.0,14,142032,8,,1,,,7.0,2,0,2017
1420320030801.0,14,142032,6,,1,,,4.0,,0,2017
1420320030901.0,14,142032,76,1,2,,,7.0,5,1,2017
1420320030901.0,14,142032,43,1,2,,,9.0,4,0,2017
1420320031101.0,14,142032,47,1,2,,,9.0,4,1,2017
1420320031101.0,14,142032,47,1,2,,,9.0,4,0,2017
1420320031101.0,14,142032,17,1,1,,,9.0,3,0,2017
1420320031201.0,14,142032,67,1,2,,,7.0,8,1,2017
1420320031201.0,14,142032,39,1,2,,,9.0,4,0,2017
1420320031201.0,14,142032,23,1,1,,,12.0,2,0,2017
1420320031501.0,14,142032,62,1,2,,,7.0,8,1,2017
1420320031601.0,14,142032,61,1,2,,,7.0,8,1,2017
1420320031601.0,14,142032,56,1,2,,,7.0,8,0,2017
1420320031601.0,14,142032,31,1,2,,,13.0,4,0,2017
1420320031601.0,14,142032,15,1,1,,,9.0,2,0,2017
1420320031601.0,14,142032,6,,1,,,4.0,,0,2017
1420320031701.0,14,142032,76,1,2,,,6.0,2,1,2017
1420320031701.0,14,142032,55,1,2,,,7.0,8,0,2017
1420320031801.0,14,142032,38,1,2,,,13.0,5,1,2017
1420320031801.0,14,142032,37,1,2,,,9.0,4,0,2017
1420320031801.0,14,142032,15,1,1,,,9.0,2,0,2017
1420320031801.0,14,142032,10,,1,,,7.0,4,0,2017
1420320031901.0,14,142032,35,1,2,,,9.0,4,1,2017
1420320031901.0,14,142032,16,1,1,,,9.0,3,0,2017
1420320031901.0,14,142032,7,,1,,,7.0,1,0,2017
1420330010101.0,14,142033,56,1,2,,,7.0,7,1,2017
1420330010101.0,14,142033,49,1,2,,,9.0,2,0,2017
1420330010201.0,14,142033,75,1,2,,,7.0,4,1,2017
1420330010201.0,14,142033,48,1,2,,,7.0,8,0,2017
1420330010301.0,14,142033,78,1,2,,,6.0,4,1,2017
1420330010401.0,14,142033,70,4,2,,,6.0,1,1,2017
1420330010401.0,14,142033,75,4,2,,,6.0,1,0,2017
1420330010501.0,14,142033,57,1,2,,,7.0,4,1,2017
1420330010501.0,14,142033,50,1,2,,,7.0,8,0,2017
1420330010501.0,14,142033,19,1,1,,,13.0,1,0,2017
1420330010501.0,14,142033,14,,1,,,7.0,7,0,2017
1420330010601.0,14,142033,44,1,2,,,9.0,4,1,2017
1420330010601.0,14,142033,17,1,1,,,9.0,3,0,2017
1420330010701.0,14,142033,74,1,2,,,8.0,6,1,2017
1420330010801.0,14,142033,30,1,2,99,9,7.0,8,1,2017
1420330010801.0,14,142033,21,1,2,99,9,7.0,8,0,2017
1420330010801.0,14,142033,3,,2,,,1.0,,0,2017
1420330010901.0,14,142033,50,1,2,,,7.0,7,1,2017
1420330010901.0,14,142033,48,1,2,,,7.0,8,0,2017
1420330010901.0,14,142033,23,1,2,12,9,9.0,4,0,2017
1420330010901.0,14,142033,5,,1,,,4.0,,0,2017
1420330011001.0,14,142033,93,1,2,,,6.0,3,1,2017
1420330011001.0,14,142033,56,1,2,,,7.0,8,0,2017
1420330011101.0,14,142033,55,1,2,,,7.0,8,1,2017
1420330011101.0,14,142033,38,1,2,,,7.0,8,0,2017
1420330011101.0,14,142033,25,1,2,2,4,9.0,4,0,2017
1420330011101.0,14,142033,23,1,2,12,4,9.0,4,0,2017
1420330011101.0,14,142033,5,,1,,,4.0,,0,2017
1420330011101.0,14,142033,1,,2,,,1.0,,0,2017
1420330011201.0,14,142033,72,1,2,,,6.0,2,1,2017
1420330011301.0,14,142033,61,1,2,,,7.0,4,1,2017
1420330011301.0,14,142033,46,1,2,,,7.0,8,0,2017
1420330011301.0,14,142033,13,,1,,,7.0,7,0,2017
1420330011401.0,14,142033,64,1,2,,,7.0,5,1,2017
1420330011401.0,14,142033,60,1,2,,,7.0,5,0,2017
1420330011401.0,14,142033,38,1,2,,,7.0,8,0,2017
1420330011401.0,14,142033,32,1,2,,,9.0,4,0,2017
1420330011401.0,14,142033,30,1,2,1,4,9.0,4,0,2017
1420330011401.0,14,142033,12,,1,,,7.0,6,0,2017
1420330011401.0,14,142033,2,,2,,,1.0,,0,2017
1420330011501.0,14,142033,42,1,2,,,7.0,8,1,2017
1420330011501.0,14,142033,46,1,2,,,7.0,7,0,2017
1420330011501.0,14,142033,16,1,1,,,9.0,3,0,2017
1420330011501.0,14,142033,12,,1,,,7.0,6,0,2017
1420330011601.0,14,142033,54,1,2,,,7.0,8,1,2017
1420330011601.0,14,142033,51,1,2,,,,1,0,2017
1420330011701.0,14,142033,53,1,2,,,7.0,8,1,2017
1420330011701.0,14,142033,51,1,2,,,7.0,4,0,2017
1420330011801.0,14,142033,54,1,2,,,7.0,8,1,2017
1420330011801.0,14,142033,53,1,2,,,7.0,8,0,2017
1420330011801.0,14,142033,19,1,1,,,9.0,3,0,2017
1420330011801.0,14,142033,14,,1,,,7.0,8,0,2017
1420330011801.0,14,142033,10,,1,,,7.0,5,0,2017
1420330011901.0,14,142033,70,1,2,,,6.0,3,1,2017
1420330011901.0,14,142033,70,1,2,,,8.0,6,0,2017
1420330011901.0,14,142033,40,1,2,,,7.0,7,0,2017
1420330012001.0,14,142033,84,1,2,,,1.0,,1,2017
1420330012001.0,14,142033,46,1,2,,,9.0,2,0,2017
1420330012001.0,14,142033,40,1,2,,,7.0,8,0,2017
1420330012001.0,14,142033,18,1,1,,,9.0,4,0,2017
1420330012001.0,14,142033,6,,1,,,7.0,1,0,2017
1420330012001.0,14,142033,1,,2,,,1.0,,0,2017
1420330020101.0,14,142033,76,1,2,,,6.0,3,1,2017
1420330020101.0,14,142033,67,2,2,,,1.0,,0,2017
1420330020201.0,14,142033,73,1,2,,,6.0,2,1,2017
1420330020201.0,14,142033,59,1,2,,,9.0,4,0,2017
1420330020301.0,14,142033,65,1,2,,,6.0,4,1,2017
1420330020301.0,14,142033,70,1,2,,,6.0,3,0,2017
1420330020301.0,14,142033,35,1,2,,,11.0,4,0,2017
1420330020301.0,14,142033,30,1,2,9,9,11.0,4,0,2017
1420330020401.0,14,142033,73,1,2,,,6.0,6,1,2017
1420330020401.0,14,142033,62,1,2,,,7.0,5,0,2017
1420330020501.0,14,142033,65,1,2,,,7.0,8,1,2017
1420330020501.0,14,142033,56,1,2,,,7.0,7,0,2017
1420330020501.0,14,142033,31,1,2,,,12.0,2,0,2017
1420330020501.0,14,142033,10,,1,,,7.0,4,0,2017
1420330020601.0,14,142033,55,1,2,,,7.0,8,1,2017
1420330020601.0,14,142033,47,1,2,,,7.0,8,0,2017
1420330020601.0,14,142033,24,1,2,7,9,12.0,2,0,2017
1420330020601.0,14,142033,25,1,2,11,9,13.0,2,0,2017
1420330020601.0,14,142033,28,1,2,7,9,12.0,3,0,2017
1420330020701.0,14,142033,54,1,2,,,7.0,8,1,2017
1420330020701.0,14,142033,50,1,2,,,7.0,6,0,2017
1420330020801.0,14,142033,27,1,2,1,4,9.0,2,1,2017
1420330020801.0,14,142033,22,1,2,12,4,9.0,2,0,2017
1420330020801.0,14,142033,7,,1,,,7.0,1,0,2017
1420330020801.0,14,142033,1,,2,,,1.0,,0,2017
1420330020901.0,14,142033,49,1,2,,,7.0,8,1,2017
1420330020901.0,14,142033,44,1,2,,,7.0,7,0,2017
1420330020901.0,14,142033,15,1,1,,,9.0,2,0,2017
1420330020901.0,14,142033,13,,1,,,7.0,6,0,2017
1420330020901.0,14,142033,5,,1,,,4.0,,0,2017
1420330021001.0,14,142033,26,1,2,6,3,9.0,3,1,2017
1420330021001.0,14,142033,28,1,2,6,3,9.0,3,0,2017
1420330021001.0,14,142033,7,,1,,,7.0,1,0,2017
1420330021001.0,14,142033,5,,1,,,4.0,,0,2017
1420330021101.0,14,142033,65,1,2,,,6.0,5,1,2017
1420330021101.0,14,142033,59,1,2,,,7.0,2,0,2017
1420330021101.0,14,142033,19,1,2,12,3,7.0,8,0,2017
1420330021101.0,14,142033,50,1,2,,,12.0,3,0,2017
1420330021101.0,14,142033,91,1,2,,,8.0,3,0,2017
1420330021201.0,14,142033,44,1,2,,,7.0,8,1,2017
1420330021201.0,14,142033,34,1,1,,,12.0,1,0,2017
1420330021201.0,14,142033,18,1,1,,,11.0,4,0,2017
1420330021301.0,14,142033,52,1,2,,,9.0,4,1,2017
1420330021301.0,14,142033,48,1,2,,,11.0,4,0,2017
1420330021301.0,14,142033,20,1,1,,,13.0,2,0,2017
1420330021401.0,14,142033,56,1,2,,,9.0,1,1,2017
1420330021401.0,14,142033,67,1,2,,,7.0,8,0,2017
1420330021401.0,14,142033,82,1,2,,,2.0,,0,2017
1420330021501.0,14,142033,59,1,2,,,9.0,3,1,2017
1420330021501.0,14,142033,20,1,2,5,2,12.0,1,0,2017
1420330021601.0,14,142033,47,1,2,,,9.0,4,1,2017
1420330021601.0,14,142033,40,1,2,,,11.0,4,0,2017
1420330021601.0,14,142033,18,1,1,,,9.0,4,0,2017
1420330021601.0,14,142033,7,,1,,,7.0,1,0,2017
1420330021701.0,14,142033,49,1,2,,,7.0,8,1,2017
1420330021701.0,14,142033,47,1,2,,,7.0,7,0,2017
1420330021701.0,14,142033,7,,1,,,7.0,1,0,2017
1420330021701.0,14,142033,19,1,1,,,13.0,1,0,2017
1420330021801.0,14,142033,44,1,2,,,7.0,8,1,2017
1420330021801.0,14,142033,32,1,2,,,7.0,8,0,2017
1420330021801.0,14,142033,11,,1,,,7.0,5,0,2017
1420330021801.0,14,142033,9,,1,,,7.0,2,0,2017
1420330021901.0,14,142033,50,1,2,,,7.0,5,1,2017
1420330021901.0,14,142033,44,1,2,,,9.0,1,0,2017
1420330021901.0,14,142033,18,1,2,13,9,13.0,1,0,2017
1420330022101.0,14,142033,34,1,2,,,12.0,3,1,2017
1420330022101.0,14,142033,26,1,2,7,4,12.0,3,0,2017
1420330022101.0,14,142033,8,,1,,,7.0,2,0,2017
1420410010101.0,14,142041,53,1,2,,,7.0,8,1,2017
1420410010101.0,14,142041,49,1,2,,,7.0,4,0,2017
1420410010201.0,14,142041,77,1,2,,,6.0,2,1,2017
1420410010201.0,14,142041,58,1,2,,,7.0,4,0,2017
1420410010301.0,14,142041,36,1,2,,,13.0,4,1,2017
1420410010301.0,14,142041,16,1,1,,,9.0,3,0,2017
1420410010301.0,14,142041,8,,1,,,7.0,2,0,2017
1420410010401.0,14,142041,25,1,2,12,4,12.0,1,1,2017
1420410010401.0,14,142041,3,,1,,,3.0,,0,2017
1420410010501.0,14,142041,49,1,2,,,9.0,2,1,2017
1420410010501.0,14,142041,49,1,2,,,7.0,8,0,2017
1420410010501.0,14,142041,27,1,2,1,4,9.0,4,0,2017
1420410010501.0,14,142041,28,1,2,7,4,9.0,4,0,2017
1420410010501.0,14,142041,0,,2,,,1.0,,0,2017
1420410010601.0,14,142041,33,1,2,,,9.0,4,1,2017
1420410010601.0,14,142041,62,1,2,,,7.0,7,0,2017
1420410010601.0,14,142041,53,1,2,,,7.0,8,0,2017
1420410010601.0,14,142041,33,1,2,,,9.0,4,0,2017
1420410010601.0,14,142041,14,,1,,,9.0,1,0,2017
1420410010701.0,14,142041,54,1,2,,,7.0,8,1,2017
1420410010701.0,14,142041,51,1,2,,,7.0,8,0,2017
1420410010701.0,14,142041,19,1,,,,9.0,2,0,2017
1420410010801.0,14,142041,38,1,2,,,9.0,2,1,2017
1420410010801.0,14,142041,21,1,2,2,3,9.0,2,0,2017
1420410010801.0,14,142041,20,1,2,12,3,9.0,4,0,2017
1420410010801.0,14,142041,0,,2,,,1.0,,0,2017
1420410010801.0,14,142041,6,,1,,,7.0,1,0,2017
1420410010901.0,14,142041,67,1,2,,,6.0,4,1,2017
1420410010901.0,14,142041,85,1,2,,,6.0,4,0,2017
1420410010901.0,14,142041,51,4,2,,,7.0,8,0,2017
1420410010901.0,14,142041,62,1,2,,,7.0,8,0,2017
1420410020101.0,14,142041,44,1,2,,,9.0,4,1,2017
1420410020101.0,14,142041,43,1,2,,,9.0,4,0,2017
1420410020101.0,14,142041,22,1,1,,,13.0,4,0,2017
1420410020101.0,14,142041,13,,1,,,7.0,8,0,2017
1420410020101.0,14,142041,11,,1,,,7.0,6,0,2017
1420410020201.0,14,142041,51,1,2,,,7.0,8,1,2017
1420410020201.0,14,142041,47,1,2,,,9.0,4,0,2017
1420410020201.0,14,142041,25,1,1,,,13.0,2,0,2017
1420410020301.0,14,142041,70,1,2,,,7.0,6,1,2017
1420410020301.0,14,142041,90,2,2,,,6.0,1,0,2017
1420410020401.0,14,142041,75,1,2,,,8.0,2,1,2017
1420410020401.0,14,142041,73,1,2,,,8.0,6,0,2017
1420410020401.0,14,142041,41,1,2,,,13.0,5,0,2017
1420410020401.0,14,142041,23,1,1,,,13.0,5,0,2017
1420410030101.0,14,142041,70,1,2,,,6.0,2,1,2017
1420410030201.0,14,142041,69,1,2,,,13.0,5,1,2017
1420410030201.0,14,142041,54,1,2,,,9.0,4,0,2017
1420410030301.0,14,142041,57,1,2,,,9.0,4,1,2017
1420410030301.0,14,142041,16,1,1,,,9.0,3,0,2017
1420410030401.0,14,142041,72,1,2,,,6.0,2,1,2017
1420410030401.0,14,142041,72,1,2,,,6.0,3,0,2017
1420410030401.0,14,142041,59,1,2,,,9.0,1,0,2017
1420410030501.0,14,142041,41,1,2,,,12.0,2,1,2017
1420410030501.0,14,142041,45,1,2,,,11.0,5,0,2017
1420410030501.0,14,142041,16,1,1,,,9.0,2,0,2017
1420410040101.0,14,142041,48,1,2,,,9.0,4,1,2017
1420410040101.0,14,142041,45,1,2,,,9.0,4,0,2017
1420410040101.0,14,142041,23,1,2,7,2,12.0,3,0,2017
1420410040101.0,14,142041,0,,2,,,1.0,,0,2017
1420410040201.0,14,142041,37,1,2,,,11.0,4,1,2017
1420410040201.0,14,142041,36,1,2,,,11.0,4,0,2017
1420410040201.0,14,142041,13,,1,,,7.0,7,0,2017
1420410040301.0,14,142041,33,1,2,,,9.0,4,1,2017
1420410040301.0,14,142041,3,,1,,,3.0,,0,2017
1420410040301.0,14,142041,9,,1,,,7.0,3,0,2017
1420410040301.0,14,142041,10,,1,,,7.0,4,0,2017
1420410040401.0,14,142041,47,1,2,,,9.0,4,1,2017
1420410040401.0,14,142041,40,1,2,,,9.0,4,0,2017
1420410040401.0,14,142041,20,1,1,,,13.0,3,0,2017
1420410040401.0,14,142041,10,,1,,,7.0,5,0,2017
1420410050101.0,14,142041,54,1,2,,,12.0,3,1,2017
1420410050101.0,14,142041,31,1,2,,,13.0,5,0,2017
1420410050101.0,14,142041,24,1,1,,,13.0,3,0,2017
1420410050201.0,14,142041,41,1,2,,,7.0,8,1,2017
1420410050201.0,14,142041,24,1,1,,,13.0,6,0,2017
1420410050201.0,14,142041,21,1,1,,,12.0,3,0,2017
1420410050301.0,14,142041,20,1,1,,,12.0,1,1,2017
1420410050401.0,14,142041,83,1,2,,,8.0,99,1,2017
1420410050401.0,14,142041,13,,1,,,7.0,8,0,2017
1420410060101.0,14,142041,45,1,2,,,12.0,2,1,2017
1420410060401.0,14,142041,60,1,2,,,13.0,6,1,2017
1420410060401.0,14,142041,64,1,2,,,13.0,2,0,2017
1420410070201.0,14,142041,84,1,2,,,6.0,6,1,2017
1420410070201.0,14,142041,58,1,2,,,9.0,4,0,2017
1420410070301.0,14,142041,42,1,2,,,11.0,4,1,2017
1420410070301.0,14,142041,23,1,2,11,3,11.0,4,0,2017
1420410070301.0,14,142041,82,1,2,,,6.0,4,0,2017
1420410070301.0,14,142041,20,1,2,11,3,11.0,4,0,2017
1420410070301.0,14,142041,18,1,2,11,2,11.0,4,0,2017
1420410070301.0,14,142041,15,1,1,,,7.0,8,0,2017
1420410070301.0,14,142041,12,,1,,,7.0,4,0,2017
1420410070401.0,14,142041,75,1,2,,,6.0,4,1,2017
1420410080101.0,14,142041,68,1,2,,,8.0,6,1,2017
1420410080301.0,14,142041,69,1,2,,,13.0,5,1,2017
1420410080301.0,14,142041,37,1,2,,,13.0,5,0,2017
1420410090101.0,14,142041,44,1,2,,,11.0,4,1,2017
1420410090101.0,14,142041,42,1,2,,,12.0,1,0,2017
1420410090101.0,14,142041,18,1,1,,,13.0,1,0,2017
1420410090101.0,14,142041,12,,1,,,7.0,6,0,2017
1420410090201.0,14,142041,72,1,2,,,7.0,7,1,2017
1420410090201.0,14,142041,62,1,2,,,7.0,7,0,2017
1420410090201.0,14,142041,40,1,2,,,9.0,4,0,2017
1420410090201.0,14,142041,17,1,1,,,9.0,3,0,2017
1420410090301.0,14,142041,47,1,2,,,13.0,6,1,2017
1420410090301.0,14,142041,42,1,2,,,9.0,4,0,2017
1420410090301.0,14,142041,22,4,1,,,13.0,2,0,2017
1420410090301.0,14,142041,18,1,1,,,9.0,4,0,2017
1420410090301.0,14,142041,16,4,1,,,5.0,,0,2017
1420410090301.0,14,142041,11,,1,,,7.0,6,0,2017
1420410090401.0,14,142041,54,1,2,,,9.0,4,1,2017
1420410090501.0,14,142041,50,1,2,,,9.0,4,1,2017
1420410090501.0,14,142041,27,1,2,7,4,9.0,4,0,2017
1420410090501.0,14,142041,19,1,2,7,2,9.0,4,0,2017
1420410090501.0,14,142041,18,1,2,7,1,9.0,4,0,2017
1420410090601.0,14,142041,53,1,2,,,13.0,3,1,2017
1420410090601.0,14,142041,15,1,1,,,9.0,2,0,2017
1420410090701.0,14,142041,53,1,2,,,11.0,2,1,2017
1420410090701.0,14,142041,56,1,2,,,11.0,4,0,2017
1420410090801.0,14,142041,68,1,2,,,13.0,6,1,2017
1420410090901.0,14,142041,44,1,2,,,9.0,4,1,2017
1420410090901.0,14,142041,54,1,2,,,7.0,4,0,2017
1420410090901.0,14,142041,22,1,1,,,13.0,3,0,2017
1420410091001.0,14,142041,37,1,2,,,12.0,3,1,2017
1420410091001.0,14,142041,31,1,2,,,12.0,3,0,2017
1420410091001.0,14,142041,9,,1,,,7.0,4,0,2017
1420410091101.0,14,142041,57,1,2,,,9.0,4,1,2017
1420410091101.0,14,142041,19,1,1,,,13.0,2,0,2017
1420410091401.0,14,142041,82,1,2,,,8.0,6,1,2017
1420410091501.0,14,142041,42,1,2,,,12.0,2,1,2017
1420410091501.0,14,142041,16,1,1,,,9.0,2,0,2017
1420410091501.0,14,142041,6,,1,,,4.0,,0,2017
1420410091701.0,14,142041,38,1,2,,,12.0,3,1,2017
1420410091701.0,14,142041,13,,1,,,7.0,8,0,2017
1420410091701.0,14,142041,9,,1,,,7.0,4,0,2017
1420410091901.0,14,142041,24,1,2,12,4,7.0,8,1,2017
1420410091901.0,14,142041,31,1,2,,,7.0,8,0,2017
1420410091901.0,14,142041,11,,1,,,7.0,5,0,2017
1420410091901.0,14,142041,5,,1,,,4.0,,0,2017
1420410092001.0,14,142041,26,1,2,7,2,12.0,3,1,2017
1420410092001.0,14,142041,22,1,2,7,1,12.0,3,0,2017
1420410092001.0,14,142041,5,,1,,,4.0,,0,2017
1420410092101.0,14,142041,31,1,2,,,9.0,4,1,2017
1420410092101.0,14,142041,26,1,2,10,9,12.0,3,0,2017
1420410092101.0,14,142041,4,,2,,,1.0,,0,2017
1420410092201.0,14,142041,67,1,2,,,8.0,3,1,2017
1420410092201.0,14,142041,66,1,2,,,8.0,3,0,2017
1420410092301.0,14,142041,52,1,2,,,9.0,4,1,2017
1420410092301.0,14,142041,16,1,1,,,9.0,3,0,2017
1420410092401.0,14,142041,24,1,2,12,4,9.0,4,1,2017
1420410092401.0,14,142041,21,1,2,12,4,9.0,4,0,2017
1420410092401.0,14,142041,3,,1,,,3.0,,0,2017
1420410092401.0,14,142041,0,,2,,,1.0,,0,2017
1420410100201.0,14,142041,70,1,2,,,7.0,5,1,2017
1420410100201.0,14,142041,64,4,2,,,7.0,2,0,2017
1420410100201.0,14,142041,32,1,2,,,7.0,2,0,2017
1420410100301.0,14,142041,80,1,2,,,6.0,5,1,2017
1420410100401.0,14,142041,53,1,2,,,13.0,5,1,2017
1420410110101.0,14,142041,50,1,2,,,9.0,4,1,2017
1420410110101.0,14,142041,48,1,2,,,9.0,4,0,2017
1420410110101.0,14,142041,25,1,1,,,13.0,4,0,2017
1420410110101.0,14,142041,20,1,1,,,13.0,2,0,2017
1420410110101.0,14,142041,0,,2,,,1.0,,0,2017
1420410110201.0,14,142041,74,1,2,,,7.0,8,1,2017
1420410110201.0,14,142041,61,1,2,,,9.0,4,0,2017
1420410110201.0,14,142041,29,1,2,7,4,13.0,5,0,2017
1420410110201.0,14,142041,22,1,1,,,13.0,4,0,2017
1420410110201.0,14,142041,29,1,2,7,4,13.0,5,0,2017
1420410120101.0,14,142041,38,1,2,,,9.0,3,1,2017
1420410120101.0,14,142041,37,1,2,,,9.0,4,0,2017
1420410120101.0,14,142041,17,1,1,,,9.0,3,0,2017
1420410120101.0,14,142041,8,,1,,,7.0,2,0,2017
1420410120201.0,14,142041,72,1,2,,,8.0,6,1,2017
1420410120201.0,14,142041,65,1,2,,,9.0,2,0,2017
1420410120301.0,14,142041,47,1,2,,,9.0,4,1,2017
1420410120301.0,14,142041,20,1,2,11,3,9.0,4,0,2017
1420410120301.0,14,142041,13,,1,,,7.0,7,0,2017
1420410130101.0,14,142041,46,1,2,,,9.0,4,1,2017
1420410130101.0,14,142041,19,1,1,,,13.0,1,0,2017
1420410130301.0,14,142041,63,1,2,,,8.0,1,1,2017
1420410130301.0,14,142041,62,1,2,,,9.0,4,0,2017
1420410130301.0,14,142041,23,1,2,4,4,13.0,1,0,2017
1420410130301.0,14,142041,35,4,2,,,1.0,,0,2017
1420410130401.0,14,142041,45,1,2,,,9.0,4,1,2017
1420410130401.0,14,142041,68,1,2,,,9.0,4,0,2017
1420410130401.0,14,142041,30,4,2,3,5,5.0,,0,2017
1420410140101.0,14,142041,55,1,2,,,7.0,3,1,2017
1420410140201.0,14,142041,72,1,2,,,6.0,6,1,2017
1420410140201.0,14,142041,76,1,2,,,6.0,5,0,2017
1420410140301.0,14,142041,45,1,2,,,9.0,4,1,2017
1420410140301.0,14,142041,39,1,2,,,9.0,4,0,2017
1420410140301.0,14,142041,13,,1,,,7.0,7,0,2017
1420410140301.0,14,142041,10,,1,,,7.0,4,0,2017
1420410140401.0,14,142041,44,1,2,,,12.0,3,1,2017
1420410140401.0,14,142041,15,1,1,,,11.0,1,0,2017
1420410140401.0,14,142041,6,,1,,,4.0,,0,2017
1420410150101.0,14,142041,67,1,2,,,6.0,6,1,2017
1420410150101.0,14,142041,61,1,2,,,6.0,6,0,2017
1420410150101.0,14,142041,32,2,2,,,5.0,,0,2017
1420410150101.0,14,142041,4,,1,,,3.0,,0,2017
1420410150201.0,14,142041,59,1,2,,,9.0,4,1,2017
1420410150201.0,14,142041,55,1,2,,,9.0,4,0,2017
1420410150401.0,14,142041,67,1,2,,,9.0,4,1,2017
1420410150401.0,14,142041,61,1,2,,,9.0,4,0,2017
1420410150401.0,14,142041,80,1,2,,,13.0,5,0,2017
1420410150401.0,14,142041,29,1,1,,,13.0,3,0,2017
1420410160201.0,14,142041,50,1,2,,,12.0,2,1,2017
1420410160201.0,14,142041,60,2,2,,,9.0,4,0,2017
1420410160301.0,14,142041,42,1,2,,,13.0,5,1,2017
1420410160301.0,14,142041,35,1,2,,,12.0,2,0,2017
1420410160301.0,14,142041,10,,1,,,7.0,5,0,2017
1420410170101.0,14,142041,48,1,2,,,12.0,3,1,2017
1420410170101.0,14,142041,51,1,2,,,9.0,4,0,2017
1420410170201.0,14,142041,57,1,2,,,9.0,4,1,2017
1420410170301.0,14,142041,61,1,2,,,9.0,4,1,2017
1420410170401.0,14,142041,48,1,2,,,9.0,2,1,2017
1420410170401.0,14,142041,44,1,2,,,9.0,3,0,2017
1420410170401.0,14,142041,25,1,2,7,3,12.0,3,0,2017
1420410180101.0,14,142041,63,1,2,,,7.0,8,1,2017
1420410180101.0,14,142041,58,1,2,,,9.0,4,0,2017
1420410180101.0,14,142041,23,1,2,7,4,11.0,4,0,2017
1420410180201.0,14,142041,62,1,2,,,7.0,8,1,2017
1420410180201.0,14,142041,57,1,2,,,7.0,7,0,2017
1420410180201.0,14,142041,25,1,2,7,4,9.0,4,0,2017
1420410180201.0,14,142041,73,4,2,,,1.0,,0,2017
1420410180301.0,14,142041,45,1,2,,,7.0,8,1,2017
1420410180301.0,14,142041,42,4,2,,,7.0,8,0,2017
1420410180301.0,14,142041,23,1,1,,,13.0,4,0,2017
1420410180301.0,14,142041,14,,1,,,9.0,1,0,2017
1420410180401.0,14,142041,74,1,2,,,8.0,2,1,2017
1420410190101.0,14,142041,41,1,2,,,9.0,4,1,2017
1420410190101.0,14,142041,41,1,2,,,9.0,4,0,2017
1420410190101.0,14,142041,15,1,1,,,9.0,1,0,2017
1420410190101.0,14,142041,9,,1,,,7.0,3,0,2017
1420410190201.0,14,142041,36,1,2,,,9.0,4,1,2017
1420410190201.0,14,142041,42,1,2,,,9.0,4,0,2017
1420410190201.0,14,142041,18,1,1,,,9.0,4,0,2017
1420410190201.0,14,142041,13,,1,,,7.0,8,0,2017
1420410190301.0,14,142041,43,1,2,,,12.0,2,1,2017
1420410190301.0,14,142041,11,,1,,,7.0,5,0,2017
1420410190301.0,14,142041,23,1,1,,,12.0,2,0,2017
1420410190301.0,14,142041,21,1,1,,,13.0,4,0,2017
1420410190401.0,14,142041,43,1,2,,,9.0,4,1,2017
1420410190401.0,14,142041,70,1,2,,,7.0,6,0,2017
1420410190401.0,14,142041,19,1,1,,,12.0,1,0,2017
1420410200201.0,14,142041,82,1,2,,,6.0,4,1,2017
1420410200301.0,14,142041,60,1,2,,,9.0,4,1,2017
1420410200301.0,14,142041,53,1,2,,,13.0,5,0,2017
1420410210101.0,14,142041,67,1,2,,,6.0,6,1,2017
1420410210101.0,14,142041,61,4,2,,,1.0,,0,2017
1420410210201.0,14,142041,37,1,2,,,7.0,8,1,2017
1420410210201.0,14,142041,20,1,1,,,13.0,2,0,2017
1420410210201.0,14,142041,16,1,1,,,11.0,3,0,2017
1420410210301.0,14,142041,53,1,2,,,9.0,4,1,2017
1420410210301.0,14,142041,19,1,2,7,9,9.0,4,0,2017
1420410210301.0,14,142041,13,,1,,,7.0,8,0,2017
1420410210401.0,14,142041,61,1,2,,,9.0,4,1,2017
1420410210401.0,14,142041,19,1,1,,,13.0,1,0,2017
1420410210401.0,14,142041,18,1,1,,,11.0,3,0,2017
1420410210601.0,14,142041,63,1,2,,,7.0,6,1,2017
1420410210601.0,14,142041,68,1,2,,,7.0,2,0,2017
1420410210601.0,14,142041,20,1,1,,,13.0,2,0,2017
1420410210601.0,14,142041,1,,2,,,1.0,,0,2017
1420410210701.0,14,142041,43,1,2,,,9.0,4,1,2017
1420410210701.0,14,142041,36,1,2,,,9.0,4,0,2017
1420410210701.0,14,142041,60,1,2,,,7.0,8,0,2017
1420410210701.0,14,142041,18,1,2,99,1,9.0,4,0,2017
1420410210701.0,14,142041,11,,1,,,7.0,5,0,2017
1420410210701.0,14,142041,6,,1,,,4.0,,0,2017
1420410210801.0,14,142041,74,1,2,,,7.0,6,1,2017
1420410210801.0,14,142041,69,4,2,,,7.0,3,0,2017
1420410220101.0,14,142041,27,1,1,,,13.0,1,1,2017
1420410220101.0,14,142041,7,,1,,,7.0,2,0,2017
1420410220201.0,14,142041,52,1,2,,,7.0,6,1,2017
1420410220201.0,14,142041,26,1,2,12,1,7.0,8,0,2017
1420410220301.0,14,142041,53,1,2,,,7.0,2,1,2017
1420410220301.0,14,142041,14,,1,,,7.0,7,0,2017
1420410220401.0,14,142041,33,1,2,,,9.0,4,1,2017
1420410220401.0,14,142041,13,,1,,,7.0,7,0,2017
1420410220401.0,14,142041,6,,1,,,7.0,1,0,2017
1420410220501.0,14,142041,45,1,2,,,7.0,6,1,2017
1420410220501.0,14,142041,26,1,2,12,9,11.0,4,0,2017
1420410220501.0,14,142041,18,1,1,,,11.0,4,0,2017
1420410220601.0,14,142041,41,1,2,,,11.0,4,1,2017
1420410220601.0,14,142041,22,1,2,7,4,11.0,4,0,2017
1420410220601.0,14,142041,29,1,2,7,4,11.0,4,0,2017
1420410220601.0,14,142041,7,,1,,,7.0,2,0,2017
1420410220601.0,14,142041,2,,1,,,3.0,,0,2017
1420410220901.0,14,142041,38,1,2,,,9.0,4,1,2017
1420410220901.0,14,142041,38,1,2,,,9.0,4,0,2017
1420410220901.0,14,142041,19,1,1,,,11.0,4,0,2017
1420410220901.0,14,142041,14,,1,,,11.0,1,0,2017
1420410220901.0,14,142041,8,,1,,,7.0,3,0,2017
1420410220901.0,14,142041,2,,2,,,1.0,,0,2017
1420410230101.0,14,142041,58,1,2,,,12.0,3,1,2017
1420410230101.0,14,142041,60,1,2,,,12.0,3,0,2017
1420410230101.0,14,142041,21,1,1,,,13.0,3,0,2017
1420410230201.0,14,142041,51,1,2,,,9.0,4,1,2017
1420410230201.0,14,142041,40,1,2,,,12.0,3,0,2017
1420410230201.0,14,142041,19,1,2,7,1,9.0,4,0,2017
1420410230201.0,14,142041,16,1,1,,,9.0,3,0,2017
1420410230401.0,14,142041,43,1,2,,,9.0,4,1,2017
1420410240101.0,14,142041,51,1,2,,,9.0,4,1,2017
1420410240101.0,14,142041,45,1,2,,,9.0,4,0,2017
1420410240101.0,14,142041,25,1,2,7,2,13.0,5,0,2017
1420410240101.0,14,142041,19,1,2,7,1,9.0,4,0,2017
1420410240201.0,14,142041,29,1,2,7,9,12.0,2,1,2017
1420410240201.0,14,142041,30,1,2,7,9,13.0,6,0,2017
1420410240201.0,14,142041,1,,1,,,2.0,,0,2017
1420410240201.0,14,142041,8,,1,,,7.0,2,0,2017
1420410240401.0,14,142041,37,1,2,,,12.0,2,1,2017
1420410240401.0,14,142041,34,1,2,,,13.0,5,0,2017
1420410240401.0,14,142041,12,,1,,,7.0,7,0,2017
1420410250101.0,14,142041,25,1,2,4,9,12.0,1,1,2017
1420410250101.0,14,142041,21,1,2,3,9,13.0,1,0,2017
1420410250101.0,14,142041,1,,2,,,1.0,,0,2017
1420410250201.0,14,142041,29,1,2,9,9,9.0,4,1,2017
1420410250201.0,14,142041,23,1,2,9,9,9.0,4,0,2017
1420410250201.0,14,142041,5,,1,,,4.0,,0,2017
1420410250401.0,14,142041,50,1,2,,,7.0,8,1,2017
1420410250401.0,14,142041,41,1,2,,,9.0,4,0,2017
1420410250401.0,14,142041,8,,1,,,7.0,3,0,2017
1420410250501.0,14,142041,59,1,2,,,7.0,3,1,2017
1420410250501.0,14,142041,68,1,2,,,6.0,5,0,2017
1420410250501.0,14,142041,35,1,2,,,9.0,4,0,2017
1420410250801.0,14,142041,72,1,2,,,6.0,4,1,2017
1420410250801.0,14,142041,83,1,2,,,6.0,4,0,2017
1420410250801.0,14,142041,43,1,2,,,9.0,4,0,2017
1420410250801.0,14,142041,50,1,2,,,7.0,8,0,2017
1420410250801.0,14,142041,21,1,1,,,13.0,4,0,2017
1420410250801.0,14,142041,10,,1,,,7.0,4,0,2017
1420410260101.0,14,142041,61,4,2,,,1.0,,1,2017
1420410260101.0,14,142041,73,1,2,,,7.0,8,0,2017
1420410260201.0,14,142041,71,1,2,,,6.0,3,1,2017
1420410260201.0,14,142041,62,1,2,,,6.0,3,0,2017
1420410260201.0,14,142041,42,1,2,,,11.0,4,0,2017
1420410260201.0,14,142041,28,1,2,7,2,13.0,4,0,2017
1420410260501.0,14,142041,37,1,2,,,9.0,4,1,2017
1420410260501.0,14,142041,27,1,2,7,4,11.0,4,0,2017
1420410260501.0,14,142041,6,,1,,,7.0,1,0,2017
1420410260501.0,14,142041,0,,2,,,1.0,,0,2017
1420410260601.0,14,142041,70,1,2,,,6.0,5,1,2017
1420410260601.0,14,142041,47,1,2,,,7.0,8,0,2017
1420410260601.0,14,142041,19,1,2,7,2,11.0,4,0,2017
1420410260701.0,14,142041,50,1,2,,,7.0,4,1,2017
1420410260801.0,14,142041,60,1,2,,,8.0,6,1,2017
1420410260801.0,14,142041,65,1,2,,,10.0,5,0,2017
1420410260801.0,14,142041,67,1,2,,,8.0,4,0,2017
1420410260801.0,14,142041,52,1,2,,,12.0,2,0,2017
1420410260901.0,14,142041,59,1,2,,,9.0,4,1,2017
1420410260901.0,14,142041,22,1,1,,,13.0,4,0,2017
1420410260901.0,14,142041,50,1,2,,,9.0,1,0,2017
1420410270101.0,14,142041,28,1,2,7,3,9.0,4,1,2017
1420410270101.0,14,142041,37,1,2,,,9.0,2,0,2017
1420410270101.0,14,142041,6,,1,,,4.0,,0,2017
1420410270101.0,14,142041,12,,1,,,7.0,6,0,2017
1420410270101.0,14,142041,8,,1,,,7.0,2,0,2017
1420410270201.0,14,142041,95,4,2,,,6.0,3,1,2017
1420410270501.0,14,142041,34,1,2,,,9.0,4,1,2017
1420410270501.0,14,142041,40,1,2,,,12.0,3,0,2017
1420410270501.0,14,142041,2,,2,,,1.0,,0,2017
1420410270601.0,14,142041,71,1,2,,,7.0,7,1,2017
1420410270601.0,14,142041,64,1,2,,,7.0,5,0,2017
1420410270601.0,14,142041,39,1,2,,,9.0,3,0,2017
1420410270801.0,14,142041,53,1,2,,,9.0,4,1,2017
1420410270801.0,14,142041,53,1,2,,,9.0,2,0,2017
1420410270901.0,14,142041,37,4,2,,,13.0,4,1,2017
1420410271001.0,14,142041,52,1,2,,,7.0,6,1,2017
1420410271001.0,14,142041,45,1,2,,,7.0,6,0,2017
1420410271001.0,14,142041,7,,1,,,7.0,1,0,2017
1420410271101.0,14,142041,48,1,2,,,7.0,4,1,2017
1420410271201.0,14,142041,73,1,2,,,6.0,6,1,2017
1420410271201.0,14,142041,79,1,2,,,6.0,6,0,2017
1420410271201.0,14,142041,52,1,2,,,9.0,4,0,2017
1420410271301.0,14,142041,58,1,2,,,12.0,3,1,2017
1420410271301.0,14,142041,71,1,2,,,7.0,3,0,2017
1420410271401.0,14,142041,61,1,2,,,12.0,2,1,2017
1420410271401.0,14,142041,65,1,2,,,9.0,4,0,2017
1420410280101.0,14,142041,45,1,2,,,9.0,4,1,2017
1420410280101.0,14,142041,23,1,2,4,4,11.0,3,0,2017
1420410280101.0,14,142041,5,,1,,,4.0,,0,2017
1420410280101.0,14,142041,3,,1,,,3.0,,0,2017
1420410280201.0,14,142041,33,1,2,,,9.0,4,1,2017
1420410280201.0,14,142041,41,1,2,,,9.0,4,0,2017
1420410280201.0,14,142041,12,,1,,,7.0,6,0,2017
1420410280201.0,14,142041,1,,1,,,2.0,,0,2017
1420410280301.0,14,142041,37,1,2,,,9.0,4,1,2017
1420410280301.0,14,142041,11,,1,,,7.0,6,0,2017
1420410280401.0,14,142041,50,1,2,,,9.0,4,1,2017
1420410290101.0,14,142041,49,1,2,,,14.0,8,1,2017
1420410290101.0,14,142041,48,1,2,,,14.0,9,0,2017
1420410290201.0,14,142041,35,1,2,,,7.0,8,1,2017
1420410290201.0,14,142041,51,1,2,,,12.0,3,0,2017
1420410290201.0,14,142041,25,1,1,,,13.0,3,0,2017
1420410290201.0,14,142041,10,,1,,,7.0,5,0,2017
1420410300101.0,14,142041,59,1,2,,,9.0,4,1,2017
1420410300101.0,14,142041,61,1,2,,,13.0,4,0,2017
1420410300101.0,14,142041,21,1,1,,,12.0,2,0,2017
1420410300201.0,14,142041,84,1,2,,,8.0,2,1,2017
1420410300301.0,14,142041,64,1,2,,,7.0,7,1,2017
1420410300301.0,14,142041,28,1,2,12,9,12.0,2,0,2017
1420410300301.0,14,142041,8,,1,,,7.0,3,0,2017
1420410300401.0,14,142041,93,1,2,,,6.0,2,1,2017
1420410300401.0,14,142041,24,1,1,,,13.0,1,0,2017
1420410300401.0,14,142041,22,1,1,,,13.0,1,0,2017
1420410300401.0,14,142041,3,,2,,,1.0,,0,2017
1420410310101.0,14,142041,42,1,2,,,11.0,4,1,2017
1420410310101.0,14,142041,20,1,2,9,1,9.0,4,0,2017
1420410310101.0,14,142041,10,,1,,,7.0,5,0,2017
1420410310201.0,14,142041,58,1,2,,,13.0,5,1,2017
1420410310201.0,14,142041,25,1,2,7,2,13.0,6,0,2017
1420410310201.0,14,142041,20,1,1,,,13.0,1,0,2017
1420410310301.0,14,142041,70,1,2,,,8.0,4,1,2017
1420410310301.0,14,142041,84,1,2,,,8.0,4,0,2017
1420410310401.0,14,142041,41,1,2,,,13.0,5,1,2017
1420410310401.0,14,142041,68,1,2,,,9.0,4,0,2017
1420410310401.0,14,142041,66,1,2,,,12.0,3,0,2017
1420410310401.0,14,142041,21,1,1,,,13.0,3,0,2017
1420430010101.0,14,142043,65,1,2,,,7.0,3,1,2017
1420430010101.0,14,142043,39,2,2,,,7.0,8,0,2017
1420430010101.0,14,142043,38,1,2,,,7.0,7,0,2017
1420430010101.0,14,142043,2,,1,,,2.0,,0,2017
1420430010201.0,14,142043,59,1,2,,,7.0,8,1,2017
1420430010201.0,14,142043,57,1,2,,,7.0,8,0,2017
1420430010201.0,14,142043,27,1,2,12,4,11.0,4,0,2017
1420430010301.0,14,142043,78,4,2,,,1.0,,1,2017
1420430010301.0,14,142043,52,1,2,,,7.0,8,0,2017
1420430010401.0,14,142043,43,1,2,,,7.0,6,1,2017
1420430010401.0,14,142043,49,1,2,,,7.0,5,0,2017
1420430010401.0,14,142043,17,1,1,,,11.0,3,0,2017
1420430010401.0,14,142043,14,,1,,,11.0,1,0,2017
1420430010501.0,14,142043,42,1,2,,,9.0,2,1,2017
1420430010501.0,14,142043,36,1,2,,,7.0,7,0,2017
1420430010501.0,14,142043,14,,1,,,9.0,1,0,2017
1420430010501.0,14,142043,6,,1,,,4.0,,0,2017
1420430010601.0,14,142043,63,3,2,,,1.0,,1,2017
1420430010701.0,14,142043,50,1,2,,,7.0,8,1,2017
1420430010701.0,14,142043,62,4,2,,,7.0,2,0,2017
1420430010801.0,14,142043,60,4,2,,,7.0,1,1,2017
1420430010801.0,14,142043,40,1,2,,,7.0,5,0,2017
1420430010801.0,14,142043,39,1,2,,,7.0,4,0,2017
1420430010901.0,14,142043,47,1,2,,,7.0,7,1,2017
1420430010901.0,14,142043,26,1,2,99,9,7.0,8,0,2017
1420430010901.0,14,142043,20,1,1,,,13.0,2,0,2017
1420430010901.0,14,142043,7,,1,,,7.0,1,0,2017
1420430010901.0,14,142043,6,,1,,,4.0,,0,2017
1420430011001.0,14,142043,40,1,2,,,7.0,6,1,2017
1420430011001.0,14,142043,18,1,1,,,11.0,2,0,2017
1420430011001.0,14,142043,18,1,1,,,11.0,4,0,2017
1420430011001.0,14,142043,16,1,1,,,11.0,3,0,2017
1420430011001.0,14,142043,9,,1,,,7.0,4,0,2017
1420430011101.0,14,142043,64,1,2,,,7.0,8,1,2017
1420430011101.0,14,142043,20,1,,,,9.0,4,0,2017
1420430011201.0,14,142043,69,3,2,,,7.0,5,1,2017
1420430011301.0,14,142043,33,1,2,,,9.0,4,1,2017
1420430011301.0,14,142043,27,1,2,12,4,9.0,2,0,2017
1420430011301.0,14,142043,7,,1,,,7.0,2,0,2017
1420430011301.0,14,142043,1,,1,,,2.0,,0,2017
1420430011301.0,14,142043,1,,1,,,2.0,,0,2017
1420430011401.0,14,142043,38,1,2,,,9.0,4,1,2017
1420430011401.0,14,142043,39,1,2,,,9.0,4,0,2017
1420430011401.0,14,142043,16,1,1,,,9.0,2,0,2017
1420430011401.0,14,142043,13,,1,,,7.0,6,0,2017
1420430011401.0,14,142043,9,,1,,,7.0,4,0,2017
1420430011501.0,14,142043,58,1,2,,,7.0,6,1,2017
1420430011501.0,14,142043,47,3,2,,,7.0,8,0,2017
1420430011501.0,14,142043,12,,1,,,7.0,7,0,2017
1420430011601.0,14,142043,28,1,2,12,9,7.0,5,1,2017
1420430011601.0,14,142043,40,1,2,,,9.0,2,0,2017
1420430011601.0,14,142043,19,1,1,,,9.0,3,0,2017
1420430011601.0,14,142043,11,,1,,,7.0,5,0,2017
1420430011601.0,14,142043,2,,1,,,3.0,,0,2017
1420430011701.0,14,142043,51,1,2,,,9.0,2,1,2017
1420430011701.0,14,142043,46,1,2,,,7.0,4,0,2017
1420430011701.0,14,142043,13,,1,,,7.0,7,0,2017
1420430011801.0,14,142043,76,1,2,,,7.0,4,1,2017
1420430011901.0,14,142043,38,1,2,,,7.0,8,1,2017
1420430011901.0,14,142043,42,1,2,,,7.0,6,0,2017
1420430011901.0,14,142043,19,1,1,,,12.0,1,0,2017
1420430011901.0,14,142043,7,,1,,,7.0,2,0,2017
1420430011901.0,14,142043,4,,2,,,1.0,,0,2017
1420430020101.0,14,142043,47,1,2,,,9.0,1,1,2017
1420430020101.0,14,142043,40,1,2,,,9.0,4,0,2017
1420430020101.0,14,142043,10,,1,,,7.0,5,0,2017
1420430020201.0,14,142043,79,1,2,,,6.0,3,1,2017
1420430020201.0,14,142043,68,1,2,,,6.0,3,0,2017
1420430020301.0,14,142043,46,1,2,,,7.0,4,1,2017
1420430020301.0,14,142043,36,1,2,,,9.0,2,0,2017
1420430020301.0,14,142043,21,1,2,12,3,9.0,4,0,2017
1420430020301.0,14,142043,10,,1,,,7.0,2,0,2017
1420430020401.0,14,142043,66,1,2,,,6.0,6,1,2017
1420430020401.0,14,142043,62,1,2,,,6.0,6,0,2017
1420430020401.0,14,142043,31,1,2,,,11.0,5,0,2017
1420430020401.0,14,142043,5,,1,,,4.0,,0,2017
1420430020401.0,14,142043,2,,2,,,1.0,,0,2017
1420430020501.0,14,142043,61,1,2,,,7.0,8,1,2017
1420430020501.0,14,142043,62,1,2,,,9.0,2,0,2017
1420430020501.0,14,142043,25,1,2,12,2,12.0,3,0,2017
1420430020501.0,14,142043,6,,1,,,7.0,1,0,2017
1420430020601.0,14,142043,50,1,2,,,7.0,8,1,2017
1420430020601.0,14,142043,28,1,2,12,4,9.0,4,0,2017
1420430020601.0,14,142043,26,1,2,12,4,11.0,2,0,2017
1420430020601.0,14,142043,6,,1,,,7.0,1,0,2017
1420430020601.0,14,142043,3,,2,,,1.0,,0,2017
1420430020701.0,14,142043,52,1,2,,,9.0,4,1,2017
1420430020701.0,14,142043,37,1,2,,,9.0,2,0,2017
1420430020801.0,14,142043,73,1,2,,,7.0,3,1,2017
1420430020801.0,14,142043,67,1,2,,,7.0,2,0,2017
1420430020801.0,14,142043,41,2,2,,,7.0,7,0,2017
1420430020901.0,14,142043,68,1,2,,,6.0,6,1,2017
1420430020901.0,14,142043,58,1,2,,,7.0,6,0,2017
1420430020901.0,14,142043,19,1,2,10,3,7.0,8,0,2017
1420430020901.0,14,142043,2,,2,,,1.0,,0,2017
1420430021001.0,14,142043,38,1,2,,,9.0,2,1,2017
1420430021001.0,14,142043,47,1,2,,,7.0,8,0,2017
1420430021001.0,14,142043,1,,2,,,1.0,,0,2017
1420430021101.0,14,142043,79,1,2,,,6.0,3,1,2017
1420430021101.0,14,142043,67,1,2,,,13.0,6,0,2017
1420430021201.0,14,142043,76,1,2,,,6.0,4,1,2017
1420430021201.0,14,142043,76,1,2,,,6.0,4,0,2017
1420430021201.0,14,142043,49,1,2,,,11.0,4,0,2017
1420430021201.0,14,142043,46,1,2,,,9.0,4,0,2017
1420430021301.0,14,142043,58,1,2,,,7.0,4,1,2017
1420430021301.0,14,142043,32,1,2,,,7.0,4,0,2017
1420430021301.0,14,142043,11,,1,,,7.0,4,0,2017
1420430021301.0,14,142043,16,1,1,,,7.0,7,0,2017
1420430021301.0,14,142043,8,,1,,,7.0,2,0,2017
1420430021401.0,14,142043,35,1,2,,,13.0,3,1,2017
1420430021401.0,14,142043,9,,1,,,7.0,3,0,2017
1420430021401.0,14,142043,7,,1,,,7.0,2,0,2017
1420430021501.0,14,142043,47,1,2,,,9.0,4,1,2017
1420430021501.0,14,142043,5,,1,,,4.0,,0,2017
1420430021601.0,14,142043,60,1,2,,,6.0,5,1,2017
1420430021601.0,14,142043,61,1,2,,,6.0,4,0,2017
1420430021701.0,14,142043,35,1,2,,,7.0,4,1,2017
1420430021701.0,14,142043,21,1,2,6,4,9.0,4,0,2017
1420430021701.0,14,142043,19,1,1,,,9.0,4,0,2017
1420430021701.0,14,142043,17,1,1,,,9.0,3,0,2017
1420430021701.0,14,142043,10,,1,,,7.0,4,0,2017
1420430021801.0,14,142043,77,1,2,,,7.0,8,1,2017
1420430021801.0,14,142043,58,1,2,,,9.0,4,0,2017
1420430021801.0,14,142043,27,1,2,6,4,9.0,4,0,2017
1420430021801.0,14,142043,23,1,2,7,4,13.0,5,0,2017
1420430021901.0,14,142043,75,1,2,,,6.0,6,1,2017
1420430022001.0,14,142043,51,4,2,,,1.0,,1,2017
1420430022001.0,14,142043,30,1,2,12,9,7.0,8,0,2017
1420430022001.0,14,142043,16,1,1,,,11.0,2,0,2017
1420430022001.0,14,142043,15,1,1,,,11.0,2,0,2017
1420430030101.0,14,142043,63,2,2,,,6.0,5,1,2017
1420430030101.0,14,142043,72,1,2,,,6.0,3,0,2017
1420430030201.0,14,142043,86,1,2,,,6.0,3,1,2017
1420430030201.0,14,142043,81,1,2,,,6.0,3,0,2017
1420430030301.0,14,142043,67,1,2,,,8.0,1,1,2017
1420430030301.0,14,142043,59,1,2,,,7.0,3,0,2017
1420430030301.0,14,142043,44,4,2,,,1.0,,0,2017
1420430030401.0,14,142043,59,4,2,,,1.0,,1,2017
1420430030401.0,14,142043,50,1,2,,,9.0,4,0,2017
1420430030501.0,14,142043,45,1,2,,,7.0,8,1,2017
1420430030501.0,14,142043,44,1,2,,,9.0,4,0,2017
1420430030501.0,14,142043,18,1,1,,,9.0,4,0,2017
1420430030601.0,14,142043,69,1,2,,,6.0,5,1,2017
1420430030601.0,14,142043,70,1,2,,,6.0,6,0,2017
1420430030601.0,14,142043,35,1,1,,,13.0,1,0,2017
1420430030601.0,14,142043,38,1,2,,,9.0,4,0,2017
1420430030701.0,14,142043,60,1,2,,,6.0,6,1,2017
1420430030701.0,14,142043,58,1,2,,,7.0,8,0,2017
1420430030801.0,14,142043,71,1,2,,,6.0,4,1,2017
1420430030801.0,14,142043,66,1,2,,,6.0,3,0,2017
1420430030901.0,14,142043,67,1,2,,,6.0,4,1,2017
1420430030901.0,14,142043,50,1,2,,,7.0,8,0,2017
1420430031001.0,14,142043,78,4,2,,,,1,1,2017
1420430031001.0,14,142043,57,1,2,,,7.0,6,0,2017
1420430031001.0,14,142043,16,1,1,,,9.0,2,0,2017
1420430031101.0,14,142043,61,4,2,,,1.0,,1,2017
1420430031101.0,14,142043,34,1,2,,,9.0,1,0,2017
1420430031101.0,14,142043,13,,1,,,7.0,7,0,2017
1420430031101.0,14,142043,15,1,1,,,9.0,2,0,2017
1420430031201.0,14,142043,62,1,2,,,6.0,5,1,2017
1420430031201.0,14,142043,64,1,2,,,8.0,2,0,2017
1420430031201.0,14,142043,40,1,2,,,9.0,3,0,2017
1420430031201.0,14,142043,15,1,1,,,9.0,2,0,2017
1420430031201.0,14,142043,8,,1,,,7.0,1,0,2017
1420430031301.0,14,142043,56,1,2,,,7.0,5,1,2017
1420430031301.0,14,142043,57,1,2,,,7.0,8,0,2017
1420430031301.0,14,142043,12,,1,,,7.0,7,0,2017
1420430031401.0,14,142043,46,1,2,,,7.0,8,1,2017
1420430031401.0,14,142043,43,1,2,,,9.0,4,0,2017
1420430031401.0,14,142043,16,1,1,,,9.0,3,0,2017
1420430031401.0,14,142043,9,,1,,,7.0,4,0,2017
1420430031501.0,14,142043,67,1,2,,,7.0,3,1,2017
1420430031501.0,14,142043,41,1,2,,,7.0,7,0,2017
1420430031501.0,14,142043,23,1,2,12,4,9.0,4,0,2017
1420430031501.0,14,142043,13,,1,,,7.0,7,0,2017
1420430031501.0,14,142043,13,,1,,,7.0,7,0,2017
1420430031601.0,14,142043,62,1,2,,,6.0,6,1,2017
1420430031701.0,14,142043,77,1,2,,,6.0,2,1,2017
1420430031801.0,14,142043,70,1,2,,,7.0,7,1,2017
1420430031801.0,14,142043,71,1,2,,,7.0,3,0,2017
1420430031801.0,14,142043,38,1,2,,,9.0,1,0,2017
1420430031901.0,14,142043,58,1,2,,,9.0,4,1,2017
1420430040101.0,14,142043,51,1,2,,,7.0,3,1,2017
1420430040101.0,14,142043,52,1,2,,,7.0,6,0,2017
1420430040101.0,14,142043,13,,1,,,7.0,7,0,2017
1420430040201.0,14,142043,57,1,2,,,7.0,8,1,2017
1420430040201.0,14,142043,58,1,2,,,7.0,7,0,2017
1420430040201.0,14,142043,19,1,2,17,3,9.0,4,0,2017
1420430040301.0,14,142043,59,1,2,,,7.0,8,1,2017
1420430040301.0,14,142043,66,1,2,,,10.0,4,0,2017
1420430040401.0,14,142043,53,1,2,,,7.0,8,1,2017
1420430040401.0,14,142043,47,1,2,,,7.0,8,0,2017
1420430040501.0,14,142043,47,1,2,,,9.0,3,1,2017
1420430040501.0,14,142043,42,1,2,,,9.0,1,0,2017
1420430040501.0,14,142043,84,1,2,,,6.0,5,0,2017
1420430040501.0,14,142043,14,,1,,,7.0,8,0,2017
1420430040501.0,14,142043,7,,1,,,7.0,2,0,2017
1420430040601.0,14,142043,51,1,2,,,9.0,4,1,2017
1420430040601.0,14,142043,33,1,2,,,9.0,4,0,2017
1420430040601.0,14,142043,10,,1,,,7.0,4,0,2017
1420430040701.0,14,142043,38,1,2,,,7.0,3,1,2017
1420430040701.0,14,142043,46,1,2,,,9.0,2,0,2017
1420430040701.0,14,142043,22,1,2,12,4,9.0,4,0,2017
1420430040701.0,14,142043,13,,1,,,7.0,7,0,2017
1420430040701.0,14,142043,18,1,2,12,3,9.0,4,0,2017
1420430040701.0,14,142043,0,,2,,,1.0,,0,2017
1420430040701.0,14,142043,21,1,2,12,4,9.0,2,0,2017
1420430040701.0,14,142043,23,1,2,12,4,9.0,4,0,2017
1420430040701.0,14,142043,2,,1,,,3.0,,0,2017
1420430040801.0,14,142043,56,1,2,,,7.0,8,1,2017
1420430040801.0,14,142043,46,1,2,,,7.0,8,0,2017
1420430040801.0,14,142043,23,1,2,12,4,11.0,4,0,2017
1420430040801.0,14,142043,4,,1,,,3.0,,0,2017
1420430040901.0,14,142043,60,1,2,,,9.0,4,1,2017
1420430040901.0,14,142043,51,1,2,,,9.0,3,0,2017
1420430040901.0,14,142043,30,1,2,12,4,7.0,8,0,2017
1420430041001.0,14,142043,43,1,2,,,7.0,8,1,2017
1420430041001.0,14,142043,37,1,2,,,9.0,4,0,2017
1420430041001.0,14,142043,18,1,1,,,9.0,4,0,2017
1420430041001.0,14,142043,15,1,1,,,9.0,2,0,2017
1420430041101.0,14,142043,53,1,2,,,9.0,4,1,2017
1420430041101.0,14,142043,49,1,2,,,9.0,4,0,2017
1420430041201.0,14,142043,32,1,2,,,7.0,8,1,2017
1420430041201.0,14,142043,31,1,2,,,9.0,3,0,2017
1420430041201.0,14,142043,13,,1,,,7.0,6,0,2017
1420430041201.0,14,142043,4,,1,,,3.0,,0,2017
1420430041301.0,14,142043,52,1,2,,,9.0,4,1,2017
1420430041301.0,14,142043,50,3,2,,,7.0,3,0,2017
1420430041301.0,14,142043,23,1,2,1,4,9.0,3,0,2017
1420430041301.0,14,142043,21,1,2,12,4,7.0,8,0,2017
1420430041301.0,14,142043,20,1,2,1,4,11.0,4,0,2017
1420430041301.0,14,142043,1,,2,,,1.0,,0,2017
1420430041301.0,14,142043,6,,1,,,7.0,1,0,2017
1420430041301.0,14,142043,2,,2,,,1.0,,0,2017
1420430041301.0,14,142043,0,,2,,,1.0,,0,2017
1420430041401.0,14,142043,50,1,2,,,9.0,2,1,2017
1420430041401.0,14,142043,44,1,2,,,9.0,2,0,2017
1420430041401.0,14,142043,13,,1,,,7.0,8,0,2017
1420430041501.0,14,142043,56,1,2,,,9.0,3,1,2017
1420430041501.0,14,142043,46,1,2,,,11.0,5,0,2017
1420430041501.0,14,142043,3,,1,,,3.0,,0,2017
1420430041601.0,14,142043,59,1,2,,,7.0,8,1,2017
1420430041701.0,14,142043,54,1,2,,,7.0,8,1,2017
1420430041701.0,14,142043,43,1,2,,,7.0,5,0,2017
1420430041701.0,14,142043,8,,1,,,7.0,3,0,2017
1420430041701.0,14,142043,2,,2,,,1.0,,0,2017
1420430041801.0,14,142043,64,1,2,,,7.0,4,1,2017
1420430041801.0,14,142043,57,4,2,,,1.0,,0,2017
1420430041801.0,14,142043,28,1,2,99,9,9.0,1,0,2017
1420430041901.0,14,142043,82,4,2,,,1.0,,1,2017
1420430041901.0,14,142043,84,4,2,,,1.0,,0,2017
1420430041901.0,14,142043,27,1,2,4,4,11.0,4,0,2017
1420430041901.0,14,142043,52,1,2,,,7.0,6,0,2017
1420430050101.0,14,142043,42,1,2,,,9.0,4,1,2017
1420430050101.0,14,142043,15,1,1,,,9.0,1,0,2017
1420430050201.0,14,142043,43,1,2,,,7.0,8,1,2017
1420430050201.0,14,142043,32,1,2,,,7.0,8,0,2017
1420430050201.0,14,142043,3,,2,,,1.0,,0,2017
1420430050301.0,14,142043,59,1,2,,,9.0,3,1,2017
1420430050301.0,14,142043,70,1,2,,,6.0,4,0,2017
1420430050301.0,14,142043,67,1,2,,,6.0,5,0,2017
1420430050301.0,14,142043,18,1,1,,,9.0,4,0,2017
1420430050301.0,14,142043,14,,1,,,7.0,8,0,2017
1420430050401.0,14,142043,80,1,2,,,7.0,3,1,2017
1420430050501.0,14,142043,50,1,2,,,7.0,8,1,2017
1420430050501.0,14,142043,40,1,2,,,7.0,6,0,2017
1420430050601.0,14,142043,79,1,2,,,8.0,2,1,2017
1420430050701.0,14,142043,44,1,2,,,7.0,6,1,2017
1420430050701.0,14,142043,44,1,2,,,9.0,2,0,2017
1420430050701.0,14,142043,2,,1,,,3.0,,0,2017
1420430050701.0,14,142043,1,,2,,,1.0,,0,2017
1420430050901.0,14,142043,62,1,2,,,7.0,6,1,2017
1420430051001.0,14,142043,60,1,2,,,7.0,8,1,2017
1420430051001.0,14,142043,55,1,2,,,7.0,8,0,2017
1420430051001.0,14,142043,21,1,2,11,3,9.0,4,0,2017
1420430051101.0,14,142043,73,1,2,,,7.0,1,1,2017
1420430051201.0,14,142043,67,1,2,,,7.0,8,1,2017
1420430051201.0,14,142043,67,1,2,,,7.0,6,0,2017
1420430051201.0,14,142043,47,1,2,,,7.0,8,0,2017
1420430051201.0,14,142043,46,1,2,,,7.0,6,0,2017
1420430051201.0,14,142043,16,1,1,,,11.0,2,0,2017
1420430051301.0,14,142043,86,1,2,,,6.0,3,1,2017
1420430051401.0,14,142043,65,1,2,,,7.0,5,1,2017
1420430051401.0,14,142043,36,1,2,,,7.0,3,0,2017
1420430051501.0,14,142043,59,1,2,,,7.0,6,1,2017
1420430051501.0,14,142043,50,1,2,,,9.0,4,0,2017
1420430051501.0,14,142043,26,1,2,12,4,9.0,4,0,2017
1420430051501.0,14,142043,13,,1,,,7.0,8,0,2017
1420430051501.0,14,142043,4,,1,,,3.0,,0,2017
1420430051601.0,14,142043,48,1,2,,,9.0,4,1,2017
1420430051601.0,14,142043,56,1,2,,,7.0,8,0,2017
1420430051601.0,14,142043,19,1,1,,,13.0,1,0,2017
1420430051601.0,14,142043,16,1,1,,,9.0,2,0,2017
1420430051701.0,14,142043,76,1,2,,,7.0,3,1,2017
1420430051701.0,14,142043,54,1,2,,,7.0,8,0,2017
1420430051701.0,14,142043,43,1,2,,,7.0,8,0,2017
1420430051701.0,14,142043,19,1,1,,,12.0,2,0,2017
1420430051701.0,14,142043,14,,1,,,9.0,1,0,2017
1420430051701.0,14,142043,1,,2,,,1.0,,0,2017
1420430051801.0,14,142043,82,1,2,,,7.0,5,1,2017
1420430051801.0,14,142043,50,1,2,,,7.0,8,0,2017
1420430051901.0,14,142043,85,1,2,,,6.0,2,1,2017
1420430051901.0,14,142043,50,1,2,,,7.0,8,0,2017
1420430060101.0,14,142043,73,4,2,,,1.0,,1,2017
1420430060101.0,14,142043,70,1,2,,,6.0,3,0,2017
1420430060201.0,14,142043,64,1,2,,,6.0,6,1,2017
1420430060201.0,14,142043,38,1,2,,,9.0,2,0,2017
1420430060201.0,14,142043,40,1,2,,,9.0,4,0,2017
1420430060201.0,14,142043,13,,1,,,7.0,7,0,2017
1420430060301.0,14,142043,57,1,2,,,9.0,4,1,2017
1420430060301.0,14,142043,57,1,2,,,9.0,4,0,2017
1420430060301.0,14,142043,16,1,1,,,9.0,3,0,2017
1420430060401.0,14,142043,74,1,2,,,7.0,8,1,2017
1420430060601.0,14,142043,65,1,2,,,8.0,4,1,2017
1420430060601.0,14,142043,55,1,2,,,7.0,8,0,2017
1420430060801.0,14,142043,33,1,2,,,7.0,8,1,2017
1420430060801.0,14,142043,28,1,2,7,4,7.0,8,0,2017
1420430060801.0,14,142043,12,,1,,,7.0,7,0,2017
1420430060801.0,14,142043,12,,1,,,7.0,6,0,2017
1420430060801.0,14,142043,3,,2,,,1.0,,0,2017
1420430060901.0,14,142043,40,1,2,,,11.0,4,1,2017
1420430060901.0,14,142043,38,1,2,,,9.0,4,0,2017
1420430060901.0,14,142043,16,1,1,,,9.0,2,0,2017
1420430060901.0,14,142043,13,,1,,,7.0,7,0,2017
1420430060901.0,14,142043,6,,1,,,4.0,,0,2017
1420430061001.0,14,142043,58,1,2,,,7.0,4,1,2017
1420430061001.0,14,142043,60,1,2,,,7.0,5,0,2017
1420430061001.0,14,142043,12,,1,,,7.0,5,0,2017
1420430061001.0,14,142043,16,1,1,,,9.0,2,0,2017
1420430061001.0,14,142043,26,1,2,12,4,9.0,1,0,2017
1420430061101.0,14,142043,58,1,2,,,7.0,7,1,2017
1420430061101.0,14,142043,53,1,2,,,7.0,7,0,2017
1420430061101.0,14,142043,30,1,2,12,4,11.0,4,0,2017
1420430061101.0,14,142043,28,1,2,12,4,7.0,8,0,2017
1420430061201.0,14,142043,65,1,2,,,7.0,8,1,2017
1420430061201.0,14,142043,35,1,2,,,9.0,4,0,2017
1420430061201.0,14,142043,27,1,2,11,4,11.0,4,0,2017
1420430061201.0,14,142043,11,,1,,,7.0,5,0,2017
1420430061201.0,14,142043,9,,1,,,7.0,2,0,2017
1420430061301.0,14,142043,49,1,2,,,7.0,4,1,2017
1420430061301.0,14,142043,45,1,2,,,7.0,8,0,2017
1420430061301.0,14,142043,5,,2,,,1.0,,0,2017
1420430061401.0,14,142043,63,1,2,,,7.0,4,1,2017
1420430061401.0,14,142043,56,1,2,,,7.0,6,0,2017
1420430061401.0,14,142043,32,1,2,,,7.0,6,0,2017
1420430061501.0,14,142043,53,1,2,,,9.0,2,1,2017
1420430061501.0,14,142043,30,1,1,,,12.0,2,0,2017
1420430061501.0,14,142043,23,1,1,,,12.0,1,0,2017
1420430061501.0,14,142043,7,,1,,,7.0,2,0,2017
1420430061501.0,14,142043,3,,2,,,1.0,,0,2017
1420430061501.0,14,142043,52,1,2,,,7.0,8,0,2017
1420430061601.0,14,142043,52,1,2,,,9.0,3,1,2017
1420430061601.0,14,142043,45,1,2,,,7.0,8,0,2017
1420430061601.0,14,142043,17,1,1,,,9.0,3,0,2017
1420430061701.0,14,142043,40,1,2,,,9.0,2,1,2017
1420430061701.0,14,142043,34,4,2,,,7.0,3,0,2017
1420430061701.0,14,142043,8,,1,,,7.0,2,0,2017
1420430061701.0,14,142043,11,,1,,,7.0,5,0,2017
1420430061701.0,14,142043,10,,1,,,7.0,3,0,2017
1420430061801.0,14,142043,55,1,2,,,7.0,8,1,2017
1420430061801.0,14,142043,49,1,2,,,7.0,8,0,2017
1420430061801.0,14,142043,29,1,2,99,9,9.0,3,0,2017
1420430061801.0,14,142043,18,1,2,99,9,9.0,1,0,2017
1420430070101.0,14,142043,50,1,2,,,7.0,4,1,2017
1420430070101.0,14,142043,49,1,2,,,7.0,8,0,2017
1420430070101.0,14,142043,23,1,2,12,4,9.0,2,0,2017
1420430070101.0,14,142043,12,,1,,,7.0,7,0,2017
1420430070101.0,14,142043,3,,2,,,1.0,,0,2017
1420430070201.0,14,142043,56,1,2,,,7.0,4,1,2017
1420430070201.0,14,142043,69,1,2,,,9.0,4,0,2017
1420430070201.0,14,142043,20,1,1,,,12.0,1,0,2017
1420430070301.0,14,142043,39,1,2,,,7.0,8,1,2017
1420430070301.0,14,142043,37,1,2,,,7.0,8,0,2017
1420430070301.0,14,142043,17,1,1,,,9.0,4,0,2017
1420430070301.0,14,142043,12,,1,,,7.0,7,0,2017
1420430070301.0,14,142043,10,,1,,,7.0,5,0,2017
1420430070401.0,14,142043,48,1,2,,,7.0,8,1,2017
1420430070401.0,14,142043,45,1,2,,,7.0,8,0,2017
1420430070401.0,14,142043,20,1,1,,,12.0,1,0,2017
1420430070501.0,14,142043,53,1,2,,,7.0,5,1,2017
1420430070501.0,14,142043,47,4,2,,,7.0,1,0,2017
1420430070601.0,14,142043,41,1,2,,,7.0,8,1,2017
1420430070601.0,14,142043,43,1,2,,,9.0,4,0,2017
1420430070701.0,14,142043,41,1,2,,,7.0,8,1,2017
1420430070701.0,14,142043,53,1,2,,,7.0,8,0,2017
1420430070701.0,14,142043,13,,1,,,7.0,8,0,2017
1420430070801.0,14,142043,48,1,2,,,7.0,8,1,2017
1420430070801.0,14,142043,52,1,2,,,7.0,7,0,2017
1420430070901.0,14,142043,62,1,2,,,9.0,1,1,2017
1420430070901.0,14,142043,55,1,2,,,7.0,7,0,2017
1420430071001.0,14,142043,74,4,2,,,7.0,1,1,2017
1420430071001.0,14,142043,59,1,2,,,7.0,6,0,2017
1420430071001.0,14,142043,57,1,2,,,13.0,5,0,2017
1420430071101.0,14,142043,69,3,2,,,7.0,3,1,2017
1420430071101.0,14,142043,38,1,2,,,9.0,1,0,2017
1420430071201.0,14,142043,59,1,2,,,7.0,8,1,2017
1420430071201.0,14,142043,46,1,2,,,9.0,4,0,2017
1420430071301.0,14,142043,60,1,2,,,7.0,3,1,2017
1420430071301.0,14,142043,54,1,2,,,7.0,8,0,2017
1420430071301.0,14,142043,79,1,2,,,2.0,,0,2017
1420430071401.0,14,142043,60,1,2,,,7.0,6,1,2017
1420430071401.0,14,142043,55,1,2,,,7.0,3,0,2017
1420430071401.0,14,142043,27,1,2,2,4,9.0,4,0,2017
1420430071401.0,14,142043,50,1,2,,,7.0,8,0,2017
1420430071401.0,14,142043,8,,1,,,7.0,2,0,2017
1420430071501.0,14,142043,33,1,2,,,7.0,8,1,2017
1420430071501.0,14,142043,29,9,2,1,4,7.0,8,0,2017
1420430071501.0,14,142043,3,,2,,,1.0,,0,2017
1420430071501.0,14,142043,7,,1,,,7.0,1,0,2017
1420430071601.0,14,142043,51,1,2,,,7.0,7,1,2017
1420430071601.0,14,142043,51,1,2,,,7.0,3,0,2017
1420430071601.0,14,142043,21,1,2,12,4,9.0,1,0,2017
1420430071601.0,14,142043,7,,1,,,7.0,1,0,2017
1420430071601.0,14,142043,25,1,2,12,4,9.0,1,0,2017
1420430071701.0,14,142043,42,1,2,,,9.0,4,1,2017
1420430071701.0,14,142043,37,1,2,,,7.0,8,0,2017
1420430071701.0,14,142043,10,,1,,,7.0,5,0,2017
1420430071701.0,14,142043,7,,1,,,7.0,2,0,2017
1420430071701.0,14,142043,5,,1,,,4.0,,0,2017
1420430071901.0,14,142043,66,1,2,,,8.0,6,1,2017
1420430071901.0,14,142043,65,1,2,,,8.0,6,0,2017
1420430080301.0,14,142043,72,1,2,,,7.0,8,1,2017
1420430080301.0,14,142043,35,1,2,,,11.0,4,0,2017
1420430080401.0,14,142043,60,1,2,,,7.0,7,1,2017
1420430080501.0,14,142043,77,4,2,,,1.0,,1,2017
1420430080601.0,14,142043,72,4,2,,,1.0,,1,2017
1420430080601.0,14,142043,75,1,2,,,6.0,6,0,2017
1420430080801.0,14,142043,86,1,2,,,1.0,,1,2017
1420430080801.0,14,142043,33,1,2,,,9.0,4,0,2017
1420430080901.0,14,142043,56,1,2,,,9.0,4,1,2017
1420430080901.0,14,142043,39,1,2,,,9.0,4,0,2017
1420430080901.0,14,142043,23,1,1,,,13.0,5,0,2017
1420430080901.0,14,142043,19,1,2,13,1,13.0,1,0,2017
1420430081001.0,14,142043,55,1,2,,,7.0,8,1,2017
1420430081001.0,14,142043,11,,1,,,7.0,6,0,2017
1420430081101.0,14,142043,71,1,2,,,7.0,5,1,2017
1420430081101.0,14,142043,61,1,2,,,7.0,4,0,2017
1420430081101.0,14,142043,41,1,2,,,12.0,3,0,2017
1420430081101.0,14,142043,20,1,1,,,11.0,3,0,2017
1420430081201.0,14,142043,34,1,2,,,11.0,4,1,2017
1420430081201.0,14,142043,12,,1,,,7.0,7,0,2017
1420430081201.0,14,142043,40,1,2,,,7.0,8,0,2017
1420430081201.0,14,142043,1,,2,,,1.0,,0,2017
1420430081301.0,14,142043,93,1,2,,,6.0,1,1,2017
1420430081401.0,14,142043,87,1,2,,,6.0,2,1,2017
1420430081401.0,14,142043,84,2,2,,,1.0,,0,2017
1420430081401.0,14,142043,54,1,2,,,9.0,4,0,2017
1420430081501.0,14,142043,51,1,2,,,9.0,3,1,2017
1420430081501.0,14,142043,41,1,2,,,7.0,8,0,2017
1420430081501.0,14,142043,19,1,1,,,12.0,1,0,2017
1420430081501.0,14,142043,16,1,1,,,9.0,3,0,2017
1420430081501.0,14,142043,15,1,1,,,9.0,1,0,2017
1420430081801.0,14,142043,54,1,2,,,7.0,8,1,2017
1420430081801.0,14,142043,56,1,2,,,7.0,6,0,2017
1420430081801.0,14,142043,27,1,2,12,9,9.0,4,0,2017
1420430081801.0,14,142043,26,1,2,12,9,9.0,4,0,2017
1420430081901.0,14,142043,88,1,2,,,8.0,1,1,2017
1420430082001.0,14,142043,64,1,2,,,7.0,8,1,2017
1420430082001.0,14,142043,53,1,2,,,7.0,4,0,2017
1420430082001.0,14,142043,34,1,2,,,9.0,4,0,2017
100390101.0,14,1410714,51,1,2,,,7.0,8,1,2024
100390101.0,14,1410714,16,1,1,,,9.0,2,0,2024
100390201.0,14,1410714,44,1,2,,,7.0,8,0,2024
100390201.0,14,1410714,41,1,2,,,11.0,4,1,2024
100390201.0,14,1410714,28,1,1,,,13.0,4,0,2024
100390201.0,14,1410714,20,1,1,,,13.0,1,0,2024
100390301.0,14,1410714,28,1,2,,,9.0,4,1,2024
100390301.0,14,1410714,33,1,1,,,12.0,1,0,2024
100390301.0,14,1410714,9,,1,,,7.0,3,,2024
100390301.0,14,1410714,3,,1,,,3.0,,,2024
100390401.0,14,1410714,39,1,2,,,7.0,8,1,2024
100390401.0,14,1410714,39,1,2,,,9.0,4,0,2024
100390401.0,14,1410714,15,1,1,,,9.0,1,0,2024
100390401.0,14,1410714,1,,1,,,2.0,,,2024
100390601.0,14,1410714,49,1,2,,,9.0,4,1,2024
100390601.0,14,1410714,52,1,2,,,12.0,3,0,2024
100390601.0,14,1410714,23,1,1,,,13.0,4,0,2024
100390601.0,14,1410714,21,1,1,,,13.0,3,0,2024
100390601.0,14,1410714,20,1,1,,,12.0,2,0,2024
100390701.0,14,1410714,58,1,2,,,7.0,6,1,2024
100390701.0,14,1410714,42,1,2,,,11.0,4,0,2024
101250101.0,14,1410113,22,1,1,,,13.0,4,0,2024
101250101.0,14,1410113,27,1,2,,,13.0,6,0,2024
101250101.0,14,1410113,54,1,2,,,13.0,5,1,2024
101250201.0,14,1410113,55,1,2,,,12.0,3,1,2024
101250201.0,14,1410113,54,1,2,,,13.0,5,0,2024
101250301.0,14,1410113,68,1,2,,,12.0,3,1,2024
101250301.0,14,1410113,67,4,2,,,1.0,,0,2024
101250401.0,14,1410113,60,1,2,,,13.0,6,1,2024
101250401.0,14,1410113,84,1,2,,,13.0,3,0,2024
101250401.0,14,1410113,36,1,1,,,13.0,6,0,2024
101250401.0,14,1410113,32,1,2,,,13.0,7,0,2024
101250401.0,14,1410113,29,1,2,,,12.0,3,0,2024
101250401.0,14,1410113,27,1,2,,,13.0,5,0,2024
101250601.0,14,1410113,50,1,1,,,15.0,4,1,2024
101250601.0,14,1410113,50,1,1,,,14.0,1,0,2024
101250601.0,14,1410113,17,1,1,,,9.0,2,0,2024
101250601.0,14,1410113,14,,1,,,7.0,7,0,2024
101250801.0,14,1410113,55,1,2,,,14.0,2,0,2024
101250801.0,14,1410113,52,1,2,,,14.0,4,1,2024
101900101.0,14,1410113,59,1,2,,,9.0,4,1,2024
101900201.0,14,1410113,42,1,2,,,13.0,5,1,2024
101900201.0,14,1410113,9,,1,,,7.0,2,,2024
101900301.0,14,1410113,43,1,2,,,11.0,4,0,2024
101900301.0,14,1410113,42,1,2,,,11.0,4,1,2024
101900301.0,14,1410113,21,1,1,,,13.0,1,0,2024
101900301.0,14,1410113,8,,1,,,7.0,2,,2024
101900401.0,14,1410113,57,1,2,,,7.0,8,1,2024
101900501.0,14,1410113,43,1,2,,,13.0,2,1,2024
101900501.0,14,1410113,12,,1,,,7.0,6,,2024
101900601.0,14,1410113,44,1,2,,,13.0,5,1,2024
101900701.0,14,1410113,42,1,2,,,12.0,3,1,2024
101900701.0,14,1410113,41,1,2,,,12.0,3,0,2024
101900701.0,14,1410113,10,,1,,,7.0,5,,2024
101900701.0,14,1410113,4,,1,,,4.0,,,2024
101900801.0,14,1410113,37,1,2,,,11.0,4,1,2024
101900801.0,14,1410113,36,1,2,,,12.0,3,0,2024
101900801.0,14,1410113,10,,1,,,7.0,4,,2024
101900801.0,14,1410113,13,,1,,,7.0,7,,2024
102460101.0,14,1420126,48,1,2,,,7.0,8,0,2024
102460101.0,14,1420126,37,1,2,,,9.0,4,1,2024
102460101.0,14,1420126,15,1,1,,,9.0,2,0,2024
102460101.0,14,1420126,8,,1,,,7.0,2,,2024
102460201.0,14,1420126,51,1,2,,,11.0,4,0,2024
102460201.0,14,1420126,74,1,2,,,7.0,2,1,2024
102460201.0,14,1420126,72,1,2,,,1.0,,0,2024
102460301.0,14,1420126,49,4,2,,,1.0,,1,2024
102460301.0,14,1420126,67,1,2,,,7.0,4,0,2024
102460401.0,14,1420126,73,1,2,,,6.0,3,1,2024
102460501.0,14,1420126,77,4,2,,,1.0,,1,2024
102460601.0,14,1420126,76,1,2,,,7.0,-88,1,2024
102460601.0,14,1420126,70,1,2,,,12.0,3,0,2024
102460701.0,14,1420126,62,1,2,,,7.0,3,0,2024
102460701.0,14,1420126,63,1,2,,,9.0,4,1,2024
102460801.0,14,1420126,70,1,2,,,7.0,5,0,2024
102460801.0,14,1420126,75,1,2,,,7.0,8,1,2024
102460901.0,14,1420126,63,1,2,,,7.0,8,0,2024
102460901.0,14,1420126,64,1,2,,,7.0,8,1,2024
102461001.0,14,1420126,68,1,2,,,7.0,8,0,2024
102461001.0,14,1420126,73,1,2,,,7.0,8,0,2024
102461001.0,14,1420126,95,4,2,,,1.0,,1,2024
102970201.0,14,1420111,48,1,2,,,11.0,4,1,2024
102970201.0,14,1420111,28,1,2,,,13.0,4,0,2024
102970201.0,14,1420111,7,,1,,,7.0,2,,2024
102970201.0,14,1420111,56,1,2,,,7.0,8,0,2024
102970201.0,14,1420111,22,1,2,11,3,11.0,4,0,2024
102970301.0,14,1420111,59,1,2,,,7.0,8,1,2024
102970301.0,14,1420111,21,1,1,,,12.0,2,0,2024
102970401.0,14,1420111,28,1,2,,,12.0,3,1,2024
102970501.0,14,1420111,71,1,2,,,7.0,4,1,2024
102970501.0,14,1420111,34,1,2,,,13.0,5,0,2024
102970501.0,14,1420111,35,1,2,,,12.0,3,0,2024
102970501.0,14,1420111,8,,1,,,7.0,2,,2024
102970501.0,14,1420111,4,,1,,,3.0,,,2024
102970601.0,14,1420111,77,1,2,,,6.0,3,1,2024
102970601.0,14,1420111,76,1,2,,,6.0,3,0,2024
102970701.0,14,1420111,36,1,2,,,14.0,4,1,2024
102970701.0,14,1420111,36,1,2,,,13.0,5,0,2024
102970701.0,14,1420111,2,,2,,,1.0,,,2024
102970701.0,14,1420111,0,,2,,,1.0,,,2024
102970801.0,14,1420111,61,1,2,,,9.0,3,1,2024
105070101.0,14,1420126,52,1,2,,,7.0,5,0,2024
105070101.0,14,1420126,63,1,2,,,7.0,6,1,2024
105070101.0,14,1420126,19,1,2,10,2,11.0,4,0,2024
105070201.0,14,1420126,35,4,2,,,7.0,7,1,2024
105070501.0,14,1420126,38,1,2,,,9.0,1,0,2024
105070501.0,14,1420126,40,1,2,,,9.0,4,1,2024
105070501.0,14,1420126,2,,2,,,1.0,,,2024
105070501.0,14,1420126,6,,1,,,4.0,,,2024
105070601.0,14,1420126,85,1,2,,,7.0,3,1,2024
105070701.0,14,1420126,60,1,2,,,7.0,5,1,2024
105070801.0,14,1420126,65,1,2,,,7.0,8,1,2024
105070901.0,14,1420126,66,1,2,,,7.0,6,1,2024
105071001.0,14,1420126,63,1,2,,,7.0,5,1,2024
105071001.0,14,1420126,62,1,2,,,7.0,5,0,2024
105440101.0,14,1410424,49,1,2,,,9.0,4,1,2024
105440101.0,14,1410424,24,1,1,,,13.0,5,0,2024
105440101.0,14,1410424,1,,2,,,1.0,,,2024
105440201.0,14,1410424,76,1,2,,,12.0,3,1,2024
105440201.0,14,1410424,88,1,2,,,13.0,5,0,2024
105440701.0,14,1410424,51,1,2,,,7.0,4,0,2024
105440701.0,14,1410424,64,1,2,,,7.0,6,1,2024
105440801.0,14,1410424,47,1,2,,,9.0,1,1,2024
105440801.0,14,1410424,21,1,2,14,2,9.0,2,0,2024
105440801.0,14,1410424,18,1,2,5,2,9.0,2,0,2024
105440801.0,14,1410424,16,1,1,,,7.0,8,0,2024
105440801.0,14,1410424,13,,1,,,7.0,6,,2024
105440801.0,14,1410424,13,,1,,,7.0,6,,2024
105440801.0,14,1410424,51,1,2,,,7.0,8,0,2024
105440901.0,14,1410424,76,1,2,,,13.0,5,1,2024
105440901.0,14,1410424,66,1,2,,,9.0,4,0,2024
105441001.0,14,1410424,61,1,2,,,7.0,8,1,2024
105441001.0,14,1410424,57,1,2,,,7.0,6,0,2024
105441001.0,14,1410424,5,,1,,,4.0,,,2024
106060101.0,14,1420126,62,1,2,,,9.0,4,1,2024
106060201.0,14,1420126,58,3,2,,,7.0,5,1,2024
106060201.0,14,1420126,61,1,2,,,7.0,8,0,2024
106060201.0,14,1420126,36,1,2,,,9.0,4,0,2024
106060201.0,14,1420126,31,1,2,,,9.0,4,0,2024
106060301.0,14,1420126,56,1,2,,,9.0,4,1,2024
106060301.0,14,1420126,65,1,2,,,7.0,8,0,2024
106060301.0,14,1420126,19,1,2,16,2,9.0,4,0,2024
106060401.0,14,1420126,79,4,2,,,1.0,,1,2024
106060501.0,14,1420126,68,1,2,,,11.0,4,1,2024
106060501.0,14,1420126,72,1,2,,,9.0,4,0,2024
106060601.0,14,1420126,71,1,2,,,9.0,4,0,2024
106060601.0,14,1420126,68,1,2,,,9.0,4,1,2024
106060701.0,14,1420126,34,1,2,,,12.0,3,0,2024
106060701.0,14,1420126,35,1,2,,,12.0,3,1,2024
106060701.0,14,1420126,14,,1,,,9.0,1,0,2024
106060701.0,14,1420126,2,,1,,,3.0,,,2024
106060801.0,14,1420126,57,1,2,,,9.0,4,1,2024
106060801.0,14,1420126,23,1,2,8,4,11.0,5,0,2024
106060801.0,14,1420126,18,1,1,,,11.0,4,0,2024
106060801.0,14,1420126,16,1,1,,,11.0,3,0,2024
106060901.0,14,1420126,75,1,2,,,7.0,3,1,2024
106061001.0,14,1420126,54,1,2,,,9.0,4,1,2024
106061001.0,14,1420126,56,1,2,,,7.0,8,0,2024
106061001.0,14,1420126,15,1,1,,,9.0,2,0,2024
106380101.0,14,1410112,83,1,2,,,1.0,,1,2024
106380201.0,14,1410112,61,1,2,,,12.0,3,0,2024
106380201.0,14,1410112,62,1,2,,,13.0,3,1,2024
106380401.0,14,1410112,33,1,2,,,12.0,3,1,2024
106380501.0,14,1410112,23,1,2,12,2,11.0,4,0,2024
106380501.0,14,1410112,22,1,1,,,13.0,2,1,2024
106380801.0,14,1410112,63,1,2,,,13.0,5,1,2024
106380801.0,14,1410112,85,1,2,,,8.0,6,0,2024
106460101.0,14,1410824,54,1,2,,,9.0,1,1,2024
106460201.0,14,1410824,61,1,2,,,9.0,4,0,2024
106460201.0,14,1410824,66,1,2,,,9.0,4,1,2024
106460201.0,14,1410824,84,1,2,,,6.0,6,0,2024
106460401.0,14,1410824,29,1,2,,,14.0,4,1,2024
106460401.0,14,1410824,35,1,2,,,12.0,3,0,2024
106460701.0,14,1410824,49,1,2,,,12.0,3,0,2024
106460701.0,14,1410824,45,1,2,,,12.0,3,1,2024
106460701.0,14,1410824,13,,1,,,7.0,8,,2024
106460901.0,14,1410824,68,1,2,,,9.0,3,1,2024
106460901.0,14,1410824,70,4,2,,,1.0,,0,2024
106460901.0,14,1410824,47,4,2,,,7.0,6,0,2024
107000101.0,14,1420314,62,1,2,,,12.0,2,1,2024
107000201.0,14,1420314,93,1,2,,,9.0,4,1,2024
107000401.0,14,1420314,65,1,2,,,7.0,3,1,2024
107000401.0,14,1420314,63,1,2,,,7.0,4,0,2024
107000501.0,14,1420314,43,1,2,,,13.0,5,1,2024
107000501.0,14,1420314,15,1,1,,,9.0,2,0,2024
107000601.0,14,1420314,74,1,2,,,7.0,5,1,2024
107000701.0,14,1420314,25,1,2,8,4,12.0,3,1,2024
107000701.0,14,1420314,29,1,2,,,13.0,5,0,2024
107000701.0,14,1420314,61,1,2,,,13.0,5,0,2024
107000701.0,14,1420314,67,1,2,,,13.0,5,0,2024
107000701.0,14,1420314,0,,2,,,1.0,,,2024
107000701.0,14,1420314,0,,2,,,1.0,,,2024
107000801.0,14,1420314,67,1,2,,,13.0,5,1,2024
107000801.0,14,1420314,66,1,2,,,13.0,5,0,2024
107500101.0,14,1410814,35,1,2,,,12.0,3,1,2024
107500101.0,14,1410814,16,1,1,,,9.0,2,0,2024
107500201.0,14,1410814,50,1,2,,,7.0,8,0,2024
107500201.0,14,1410814,53,1,2,,,7.0,7,1,2024
107500301.0,14,1410814,34,1,2,,,9.0,4,1,2024
107500301.0,14,1410814,3,,1,,,3.0,,,2024
107500401.0,14,1410814,39,1,2,,,11.0,4,1,2024
107500401.0,14,1410814,1,,1,,,2.0,,,2024
107500501.0,14,1410814,29,1,2,,,12.0,3,1,2024
107500501.0,14,1410814,27,1,2,,,11.0,2,0,2024
107500501.0,14,1410814,0,,2,,,1.0,,,2024
107500701.0,14,1410814,73,1,2,,,8.0,6,1,2024
108220101.0,14,1410414,76,1,2,,,6.0,3,1,2024
108220201.0,14,1410414,40,1,2,,,12.0,3,1,2024
108220201.0,14,1410414,17,1,1,,,9.0,4,0,2024
108220201.0,14,1410414,11,,1,,,7.0,6,,2024
108220301.0,14,1410414,41,1,2,,,9.0,4,0,2024
108220301.0,14,1410414,40,1,2,,,12.0,3,1,2024
108220301.0,14,1410414,10,,1,,,7.0,3,,2024
108220301.0,14,1410414,12,,1,,,7.0,7,,2024
108220401.0,14,1410414,56,1,2,,,9.0,4,1,2024
108220401.0,14,1410414,26,1,1,,,13.0,4,0,2024
108220501.0,14,1410414,54,1,2,,,12.0,3,0,2024
108220501.0,14,1410414,53,1,2,,,9.0,4,1,2024
108220601.0,14,1410414,44,1,2,,,9.0,4,1,2024
108220601.0,14,1410414,22,1,1,,,12.0,3,0,2024
108220601.0,14,1410414,12,,1,,,7.0,6,,2024
108220601.0,14,1410414,39,1,2,,,9.0,4,0,2024
108220701.0,14,1410414,28,1,2,,,11.0,4,1,2024
108220701.0,14,1410414,36,1,2,,,9.0,4,0,2024
108220701.0,14,1410414,10,,1,,,7.0,4,,2024
108220701.0,14,1410414,5,,1,,,4.0,,,2024
108220701.0,14,1410414,2,,2,,,1.0,,,2024
108420101.0,14,1410111,43,1,1,,,12.0,2,0,2024
108420101.0,14,1410111,72,1,2,,,7.0,8,0,2024
108420101.0,14,1410111,49,1,2,,,11.0,4,1,2024
108420101.0,14,1410111,15,1,1,,,9.0,2,0,2024
108420101.0,14,1410111,13,,1,,,7.0,7,,2024
108420301.0,14,1410111,61,1,2,,,7.0,4,1,2024
108420301.0,14,1410111,67,1,2,,,6.0,5,0,2024
108420401.0,14,1410111,63,1,2,,,7.0,5,1,2024
108420401.0,14,1410111,36,1,1,,,13.0,4,0,2024
108420501.0,14,1410111,68,1,2,,,7.0,5,1,2024
108420501.0,14,1410111,67,4,2,,,1.0,,0,2024
108420501.0,14,1410111,42,4,2,,,1.0,,0,2024
108420601.0,14,1410111,29,1,2,,,11.0,2,1,2024
108420701.0,14,1410111,61,1,2,,,7.0,8,1,2024
108420701.0,14,1410111,54,1,2,,,9.0,4,0,2024
108420701.0,14,1410111,28,1,2,,,9.0,4,0,2024
108710201.0,14,1410113,64,1,2,,,13.0,4,0,2024
108710201.0,14,1410113,63,1,2,,,13.0,5,1,2024
108710301.0,14,1410113,44,1,2,,,13.0,5,0,2024
108710301.0,14,1410113,46,1,2,,,13.0,5,1,2024
108710401.0,14,1410113,43,1,2,,,13.0,5,0,2024
108710401.0,14,1410113,41,1,2,,,13.0,5,1,2024
108710401.0,14,1410113,11,,1,,,7.0,5,,2024
108710401.0,14,1410113,12,,1,,,7.0,6,,2024
108710501.0,14,1410113,63,1,2,,,14.0,2,1,2024
108710501.0,14,1410113,32,1,2,,,13.0,5,0,2024
108710501.0,14,1410113,13,,1,,,7.0,7,,2024
108710501.0,14,1410113,5,,1,,,4.0,,,2024
109040101.0,14,1410113,58,1,2,,,12.0,3,0,2024
109040101.0,14,1410113,47,1,2,,,13.0,4,1,2024
109040101.0,14,1410113,32,1,2,,,13.0,4,0,2024
109040401.0,14,1410113,28,1,2,,,13.0,5,1,2024
109040501.0,14,1410113,23,1,2,12,1,13.0,5,1,2024
109040801.0,14,1410113,65,1,2,,,12.0,3,1,2024
109040801.0,14,1410113,60,1,2,,,13.0,5,0,2024
109040801.0,14,1410113,33,1,2,,,13.0,5,0,2024
109310101.0,14,1410112,51,1,2,,,13.0,5,0,2024
109310101.0,14,1410112,72,1,2,,,10.0,4,0,2024
109310101.0,14,1410112,66,4,2,,,7.0,4,1,2024
109310201.0,14,1410112,73,1,2,,,10.0,4,1,2024
109310201.0,14,1410112,21,1,2,8,4,9.0,4,0,2024
109310301.0,14,1410112,26,1,2,,,12.0,3,1,2024
109310301.0,14,1410112,28,1,2,,,12.0,3,0,2024
109310301.0,14,1410112,1,,2,,,1.0,,,2024
109310501.0,14,1410112,72,1,2,,,6.0,6,1,2024
109310701.0,14,1410112,39,1,2,,,13.0,3,1,2024
109310801.0,14,1410112,62,1,2,,,9.0,4,1,2024
111070101.0,14,1420117,56,1,2,,,7.0,6,0,2024
111070101.0,14,1420117,60,1,2,,,11.0,1,1,2024
111070101.0,14,1420117,29,1,1,,,13.0,5,0,2024
111070301.0,14,1420117,44,1,2,,,13.0,4,1,2024
111070301.0,14,1420117,46,1,2,,,12.0,3,0,2024
111070301.0,14,1420117,9,,1,,,7.0,3,,2024
111070301.0,14,1420117,5,,1,,,4.0,,,2024
111070401.0,14,1420117,41,1,2,,,12.0,3,1,2024
111070401.0,14,1420117,24,1,2,8,3,13.0,4,0,2024
111070401.0,14,1420117,18,1,2,5,1,13.0,1,0,2024
111070401.0,14,1420117,17,1,1,,,11.0,3,0,2024
111070501.0,14,1420117,48,1,2,,,12.0,3,1,2024
111070501.0,14,1420117,27,1,2,,,13.0,5,0,2024
111070601.0,14,1420117,61,1,2,,,7.0,8,1,2024
111070601.0,14,1420117,67,1,2,,,11.0,5,0,2024
111070701.0,14,1420117,52,1,2,,,9.0,4,0,2024
111070701.0,14,1420117,52,1,2,,,12.0,3,1,2024
111070701.0,14,1420117,16,1,1,,,9.0,2,0,2024
111070801.0,14,1420117,53,4,2,,,7.0,3,1,2024
111070801.0,14,1420117,24,1,1,,,13.0,4,0,2024
111070801.0,14,1420117,16,1,1,,,11.0,3,0,2024
112240101.0,14,1420416,55,1,2,,,9.0,4,1,2024
112240101.0,14,1420416,52,1,2,,,9.0,4,0,2024
112240101.0,14,1420416,28,1,2,,,13.0,5,0,2024
112240201.0,14,1420416,79,1,2,,,7.0,8,1,2024
112240201.0,14,1420416,76,1,2,,,7.0,8,0,2024
112240301.0,14,1420416,66,1,2,,,7.0,5,1,2024
112240301.0,14,1420416,42,1,2,,,9.0,3,0,2024
112240301.0,14,1420416,23,1,2,12,2,12.0,2,0,2024
112240601.0,14,1420416,80,1,2,,,7.0,3,1,2024
112240601.0,14,1420416,44,1,2,,,13.0,5,0,2024
112240601.0,14,1420416,35,1,2,,,9.0,4,0,2024
112240601.0,14,1420416,15,1,1,,,9.0,2,0,2024
112240601.0,14,1420416,12,,1,,,7.0,5,,2024
112240701.0,14,1420416,66,1,2,,,9.0,4,1,2024
112240801.0,14,1420416,68,1,2,,,9.0,4,1,2024
112610101.0,14,1410111,88,4,2,,,1.0,,1,2024
112610101.0,14,1410111,59,1,2,,,7.0,4,0,2024
112610102.0,14,1410111,60,1,2,,,7.0,8,1,2024
112610102.0,14,1410111,24,1,2,12,4,9.0,4,0,2024
112610201.0,14,1410111,58,1,2,,,7.0,8,1,2024
112610201.0,14,1410111,60,1,2,,,9.0,4,0,2024
112610201.0,14,1410111,19,1,1,,,9.0,4,0,2024
112610201.0,14,1410111,25,1,1,,,12.0,1,0,2024
112610201.0,14,1410111,7,,1,,,7.0,2,,2024
112610201.0,14,1410111,2,,1,,,3.0,,,2024
112610401.0,14,1410111,67,1,2,,,8.0,6,1,2024
112610401.0,14,1410111,63,1,2,,,9.0,1,0,2024
112610401.0,14,1410111,39,1,2,,,9.0,4,0,2024
112610501.0,14,1410111,53,1,2,,,9.0,4,0,2024
112610501.0,14,1410111,56,1,2,,,12.0,3,1,2024
112610601.0,14,1410111,60,1,2,,,11.0,4,1,2024
112610701.0,14,1410111,79,1,2,,,10.0,2,1,2024
112610701.0,14,1410111,78,1,2,,,6.0,4,0,2024
112610701.0,14,1410111,49,1,2,,,11.0,4,0,2024
112610701.0,14,1410111,24,1,2,5,4,11.0,4,0,2024
112610701.0,14,1410111,22,1,1,,,12.0,3,0,2024
112610801.0,14,1410111,81,1,2,,,6.0,3,1,2024
112610801.0,14,1410111,83,1,2,,,6.0,3,0,2024
112610801.0,14,1410111,59,1,2,,,9.0,1,0,2024
112620101.0,14,1410221,71,1,2,,,6.0,6,1,2024
112620201.0,14,1410221,54,1,2,,,14.0,2,1,2024
112620201.0,14,1410221,62,1,2,,,13.0,5,0,2024
112620301.0,14,1410221,83,1,2,,,6.0,4,1,2024
112620401.0,14,1410221,68,1,2,,,9.0,4,1,2024
112620401.0,14,1410221,51,1,2,,,7.0,4,0,2024
112620401.0,14,1410221,15,1,1,,,9.0,2,0,2024
112620501.0,14,1410221,67,1,2,,,7.0,6,1,2024
112620501.0,14,1410221,57,1,2,,,7.0,6,0,2024
112620501.0,14,1410221,37,1,2,,,9.0,4,0,2024
112620601.0,14,1410221,49,1,2,,,7.0,5,1,2024
112620701.0,14,1410221,68,1,2,,,7.0,7,1,2024
112620701.0,14,1410221,68,1,2,,,7.0,6,0,2024
112620701.0,14,1410221,30,1,2,,,11.0,4,0,2024
112620701.0,14,1410221,29,1,2,,,12.0,2,0,2024
112620801.0,14,1410221,46,1,2,,,12.0,3,0,2024
112620801.0,14,1410221,47,1,2,,,9.0,4,1,2024
112620901.0,14,1410221,30,1,2,,,9.0,4,0,2024
112620901.0,14,1410221,30,1,2,,,11.0,4,0,2024
112620901.0,14,1410221,70,1,2,,,7.0,2,1,2024
115110101.0,14,1410112,69,1,2,,,10.0,2,1,2024
115110101.0,14,1410112,66,1,2,,,6.0,6,0,2024
115110201.0,14,1410112,62,1,2,,,7.0,4,0,2024
115110201.0,14,1410112,67,1,2,,,7.0,6,1,2024
115110201.0,14,1410112,39,1,2,,,9.0,4,0,2024
115110201.0,14,1410112,37,1,2,,,9.0,4,0,2024
115110201.0,14,1410112,32,1,2,,,9.0,4,0,2024
115110201.0,14,1410112,6,,1,,,7.0,1,,2024
115110401.0,14,1410112,58,1,2,,,13.0,5,1,2024
115110401.0,14,1410112,32,1,2,,,9.0,4,0,2024
115110401.0,14,1410112,15,1,1,,,9.0,2,0,2024
115110401.0,14,1410112,13,,1,,,7.0,6,,2024
115110401.0,14,1410112,5,,1,,,4.0,,,2024
115110501.0,14,1410112,72,1,2,,,8.0,4,1,2024
115110601.0,14,1410112,65,1,2,,,11.0,4,1,2024
115110601.0,14,1410112,22,1,2,7,4,9.0,4,0,2024
115110801.0,14,1410112,75,1,2,,,6.0,3,1,2024
116150101.0,14,1420214,55,1,2,,,7.0,8,1,2024
116150101.0,14,1420214,18,1,1,,,11.0,1,0,2024
116150101.0,14,1420214,35,1,2,,,11.0,4,0,2024
116150201.0,14,1420214,60,1,2,,,13.0,5,1,2024
116150301.0,14,1420214,48,1,2,,,7.0,8,1,2024
116150301.0,14,1420214,22,1,1,,,13.0,1,0,2024
116150301.0,14,1420214,26,1,2,,,12.0,3,0,2024
116150301.0,14,1420214,47,1,2,,,9.0,2,0,2024
116150301.0,14,1420214,2,,2,,,1.0,,,2024
116150501.0,14,1420214,71,1,2,,,9.0,2,1,2024
116150601.0,14,1420214,50,1,2,,,9.0,4,1,2024
116150601.0,14,1420214,20,1,1,,,13.0,2,0,2024
116150701.0,14,1420214,23,1,1,,,13.0,4,0,2024
116150701.0,14,1420214,2,,2,,,1.0,,,2024
116150701.0,14,1420214,27,1,2,,,12.0,3,1,2024
116150801.0,14,1420214,47,1,2,,,7.0,8,0,2024
116150801.0,14,1420214,32,1,1,,,12.0,3,1,2024
116150801.0,14,1420214,7,,1,,,7.0,1,,2024
116150801.0,14,1420214,13,,1,,,7.0,7,,2024
116150801.0,14,1420214,10,,1,,,7.0,4,,2024
117800201.0,14,1410112,36,1,2,,,13.0,5,1,2024
117800401.0,14,1410112,24,1,2,8,4,9.0,4,0,2024
117800401.0,14,1410112,24,1,1,,,13.0,3,1,2024
117800501.0,14,1410112,70,1,2,,,9.0,2,1,2024
117800501.0,14,1410112,62,1,2,,,9.0,4,0,2024
117800601.0,14,1410112,20,1,1,,,13.0,3,1,2024
117800601.0,14,1410112,21,1,1,,,13.0,3,0,2024
119540101.0,14,1410824,43,1,2,,,11.0,4,0,2024
119540101.0,14,1410824,56,1,2,,,9.0,2,1,2024
119540101.0,14,1410824,16,1,1,,,11.0,3,0,2024
119540101.0,14,1410824,6,,1,,,7.0,1,,2024
119540301.0,14,1410824,69,1,2,,,7.0,7,1,2024
119540301.0,14,1410824,57,1,2,,,7.0,8,0,2024
120490101.0,14,1410113,38,1,2,,,13.0,5,1,2024
120490101.0,14,1410113,15,1,1,,,9.0,1,0,2024
120490201.0,14,1410113,35,1,2,,,13.0,5,0,2024
120490201.0,14,1410113,6,,1,,,4.0,,,2024
120490201.0,14,1410113,46,1,2,,,12.0,3,1,2024
120490301.0,14,1410113,37,1,2,,,12.0,3,0,2024
120490301.0,14,1410113,44,1,2,,,13.0,5,1,2024
120490301.0,14,1410113,15,1,1,,,9.0,2,0,2024
120490301.0,14,1410113,6,,1,,,4.0,,,2024
120490401.0,14,1410113,58,1,2,,,13.0,4,0,2024
120490401.0,14,1410113,56,1,2,,,12.0,3,1,2024
120490501.0,14,1410113,43,1,2,,,12.0,3,1,2024
120490501.0,14,1410113,13,,1,,,7.0,8,,2024
120490501.0,14,1410113,43,1,2,,,13.0,4,0,2024
120490501.0,14,1410113,19,1,1,,,13.0,1,0,2024
120490701.0,14,1410113,28,1,2,,,13.0,5,1,2024
120490801.0,14,1410113,32,1,2,,,13.0,5,0,2024
120490801.0,14,1410113,34,1,2,,,13.0,4,1,2024
120490801.0,14,1410113,3,,1,,,3.0,,,2024
120710201.0,14,1410824,50,1,2,,,9.0,4,1,2024
120710201.0,14,1410824,40,1,2,,,9.0,1,0,2024
120710201.0,14,1410824,24,1,2,3,2,13.0,5,0,2024
120710301.0,14,1410824,58,1,2,,,7.0,8,1,2024
120710401.0,14,1410824,42,1,2,,,11.0,4,1,2024
120710401.0,14,1410824,18,1,1,,,12.0,1,0,2024
120710401.0,14,1410824,11,,1,,,7.0,5,,2024
120710501.0,14,1410824,39,1,2,,,11.0,4,0,2024
120710501.0,14,1410824,39,1,2,,,9.0,2,1,2024
120710501.0,14,1410824,19,1,2,8,2,9.0,4,0,2024
120710501.0,14,1410824,13,,1,,,7.0,8,,2024
120710601.0,14,1410824,49,1,2,,,7.0,6,1,2024
120710601.0,14,1410824,47,1,2,,,9.0,4,0,2024
120710701.0,14,1410824,57,1,2,,,7.0,8,1,2024
120710701.0,14,1410824,55,1,2,,,9.0,1,0,2024
120710701.0,14,1410824,17,1,1,,,9.0,4,0,2024
120710701.0,14,1410824,14,,1,,,7.0,8,0,2024
120710901.0,14,1410824,22,1,2,8,3,12.0,3,0,2024
120710901.0,14,1410824,44,1,2,,,9.0,1,1,2024
120710901.0,14,1410824,13,,1,,,7.0,8,,2024
120711001.0,14,1410824,64,1,2,,,7.0,8,1,2024
120711001.0,14,1410824,60,1,2,,,7.0,8,0,2024
120711001.0,14,1410824,16,1,1,,,9.0,2,0,2024
121500101.0,14,1420214,58,1,2,,,7.0,4,1,2024
121500101.0,14,1420214,60,1,2,,,9.0,4,0,2024
121500101.0,14,1420214,36,1,2,,,9.0,4,0,2024
121500201.0,14,1420214,82,1,2,,,7.0,8,1,2024
121500301.0,14,1420214,40,1,2,,,7.0,7,1,2024
121500301.0,14,1420214,39,1,2,,,9.0,4,0,2024
121500301.0,14,1420214,25,1,2,8,4,11.0,4,0,2024
121500301.0,14,1420214,17,1,1,,,9.0,2,0,2024
121500301.0,14,1420214,4,,2,,,1.0,,,2024
121500401.0,14,1420214,31,1,2,,,11.0,4,1,2024
121500501.0,14,1420214,50,1,2,,,9.0,4,1,2024
121500501.0,14,1420214,17,1,1,,,9.0,3,0,2024
121500601.0,14,1420214,37,1,2,,,9.0,4,1,2024
121500601.0,14,1420214,20,1,1,,,13.0,1,0,2024
121500601.0,14,1420214,13,,1,,,7.0,7,,2024
121500601.0,14,1420214,12,,1,,,7.0,6,,2024
121500701.0,14,1420214,56,1,2,,,9.0,4,1,2024
121500701.0,14,1420214,52,1,2,,,9.0,4,0,2024
121620101.0,14,1410111,59,4,2,,,7.0,6,1,2024
121620101.0,14,1410111,52,1,2,,,9.0,1,0,2024
121620101.0,14,1410111,27,1,2,,,9.0,4,0,2024
121620101.0,14,1410111,26,1,2,,,9.0,4,0,2024
121620201.0,14,1410111,91,1,2,,,6.0,4,1,2024
121620301.0,14,1410111,56,1,2,,,11.0,4,1,2024
121620301.0,14,1410111,64,1,2,,,9.0,1,0,2024
121620401.0,14,1410111,80,1,2,,,6.0,5,1,2024
121620601.0,14,1410111,55,1,2,,,9.0,4,1,2024
121620601.0,14,1410111,10,,1,,,7.0,4,,2024
121620601.0,14,1410111,46,1,2,,,9.0,2,0,2024
121620701.0,14,1410111,73,1,2,,,6.0,4,1,2024
121620801.0,14,1410111,43,1,2,,,9.0,4,1,2024
121620801.0,14,1410111,22,1,2,12,3,9.0,4,0,2024
121620801.0,14,1410111,18,1,1,,,13.0,1,0,2024
121620801.0,14,1410111,11,,1,,,7.0,5,,2024
121620801.0,14,1410111,7,,1,,,7.0,1,,2024
121890101.0,14,1410112,41,1,2,,,13.0,5,0,2024
121890101.0,14,1410112,41,1,2,,,11.0,4,1,2024
121890101.0,14,1410112,10,,1,,,7.0,4,,2024
121890201.0,14,1410112,60,1,2,,,13.0,5,1,2024
121890301.0,14,1410112,67,1,2,,,13.0,2,1,2024
121890301.0,14,1410112,64,1,2,,,12.0,2,0,2024
121890301.0,14,1410112,35,1,2,,,13.0,3,0,2024
121890301.0,14,1410112,23,4,1,,,5.0,,0,2024
121890401.0,14,1410112,57,1,2,,,11.0,5,1,2024
121890501.0,14,1410112,32,1,2,,,12.0,3,1,2024
121890501.0,14,1410112,33,1,2,,,13.0,1,0,2024
121890501.0,14,1410112,7,,1,,,7.0,1,,2024
121890501.0,14,1410112,5,,1,,,4.0,,,2024
121890601.0,14,1410112,24,1,2,12,4,9.0,4,1,2024
121890601.0,14,1410112,21,1,1,,,12.0,1,0,2024
121890701.0,14,1410112,38,1,2,,,12.0,3,1,2024
121890701.0,14,1410112,35,1,2,,,12.0,3,0,2024
121890701.0,14,1410112,13,,1,,,7.0,8,,2024
121900101.0,14,1410714,32,4,2,,,7.0,2,1,2024
121900101.0,14,1410714,39,1,2,,,13.0,7,0,2024
121900101.0,14,1410714,5,,1,,,4.0,,,2024
121900101.0,14,1410714,6,,1,,,7.0,1,,2024
121900201.0,14,1410714,59,4,2,,,1.0,,1,2024
121900201.0,14,1410714,55,1,2,,,7.0,-88,0,2024
121900301.0,14,1410714,64,1,2,,,9.0,4,1,2024
121900301.0,14,1410714,21,1,1,,,12.0,3,0,2024
121900301.0,14,1410714,19,1,1,,,13.0,1,0,2024
121900301.0,14,1410714,53,1,2,,,9.0,2,0,2024
121900301.0,14,1410714,23,1,2,8,4,9.0,4,0,2024
121900401.0,14,1410714,62,1,2,,,9.0,2,1,2024
121900401.0,14,1410714,38,1,2,,,13.0,5,0,2024
121900401.0,14,1410714,41,1,2,,,13.0,3,0,2024
121900401.0,14,1410714,21,1,1,,,13.0,1,0,2024
121900501.0,14,1410714,65,1,2,,,7.0,7,1,2024
121900501.0,14,1410714,32,1,2,,,12.0,3,0,2024
121900601.0,14,1410714,82,1,2,,,7.0,3,1,2024
121900701.0,14,1410714,60,1,2,,,9.0,4,1,2024
121900701.0,14,1410714,33,1,2,,,11.0,4,0,2024
121900701.0,14,1410714,23,1,1,,,13.0,4,0,2024
121900701.0,14,1410714,25,1,2,12,4,9.0,4,0,2024
121900701.0,14,1410714,13,,1,,,7.0,7,,2024
121900701.0,14,1410714,2,,2,,,1.0,,,2024
121900801.0,14,1410714,61,1,2,,,9.0,4,1,2024
121900801.0,14,1410714,61,1,2,,,9.0,4,0,2024
122080201.0,14,1410111,77,1,2,,,6.0,3,1,2024
122080201.0,14,1410111,70,1,2,,,6.0,3,0,2024
122080301.0,14,1410111,42,1,2,,,13.0,5,0,2024
122080301.0,14,1410111,70,1,2,,,6.0,-88,1,2024
122080301.0,14,1410111,43,1,2,,,13.0,5,0,2024
122080301.0,14,1410111,7,,1,,,7.0,1,,2024
122080401.0,14,1410111,65,1,2,,,9.0,4,1,2024
122080401.0,14,1410111,63,1,2,,,7.0,3,0,2024
122080501.0,14,1410111,75,1,2,,,10.0,6,1,2024
122080501.0,14,1410111,70,1,2,,,6.0,6,0,2024
122080601.0,14,1410111,57,1,2,,,7.0,4,1,2024
122080601.0,14,1410111,51,1,2,,,7.0,8,0,2024
122080601.0,14,1410111,27,1,2,,,13.0,2,0,2024
122080601.0,14,1410111,20,1,1,,,13.0,1,0,2024
122080601.0,14,1410111,18,1,1,,,9.0,4,0,2024
122080601.0,14,1410111,16,1,1,,,9.0,3,0,2024
122080701.0,14,1410111,69,1,2,,,7.0,3,1,2024
122080701.0,14,1410111,62,1,2,,,7.0,3,0,2024
122080801.0,14,1410111,31,1,2,,,11.0,4,0,2024
122080801.0,14,1410111,28,1,2,,,9.0,4,1,2024
122080801.0,14,1410111,13,,1,,,7.0,8,,2024
122080801.0,14,1410111,7,,1,,,7.0,2,,2024
122080801.0,14,1410111,7,,1,,,7.0,2,,2024
122080801.0,14,1410111,54,1,2,,,1.0,,0,2024
122080801.0,14,1410111,1,,2,,,1.0,,,2024
123640101.0,14,1410424,51,1,2,,,11.0,5,0,2024
123640101.0,14,1410424,85,1,2,,,8.0,6,1,2024
123640201.0,14,1410424,59,1,2,,,11.0,5,0,2024
123640201.0,14,1410424,65,1,2,,,9.0,1,1,2024
123640201.0,14,1410424,28,1,2,,,13.0,5,0,2024
123640201.0,14,1410424,16,1,1,,,9.0,2,0,2024
123640301.0,14,1410424,42,1,2,,,9.0,4,1,2024
123640301.0,14,1410424,52,1,2,,,9.0,4,0,2024
123640301.0,14,1410424,20,1,1,,,13.0,3,0,2024
123640301.0,14,1410424,25,1,2,8,4,12.0,2,0,2024
123640401.0,14,1410424,54,1,2,,,7.0,8,1,2024
123640401.0,14,1410424,21,1,1,,,12.0,3,0,2024
123640401.0,14,1410424,51,1,2,,,7.0,4,0,2024
123640401.0,14,1410424,34,1,2,,,9.0,2,0,2024
123640401.0,14,1410424,2,,1,,,2.0,,,2024
123640501.0,14,1410424,86,1,2,,,8.0,2,1,2024
123640601.0,14,1410424,45,2,2,,,7.0,8,1,2024
123640601.0,14,1410424,44,1,2,,,9.0,4,0,2024
123640601.0,14,1410424,26,1,2,,,9.0,4,0,2024
123640601.0,14,1410424,17,1,1,,,11.0,3,0,2024
123640601.0,14,1410424,10,,1,,,7.0,3,,2024
123640701.0,14,1410424,50,1,2,,,11.0,4,1,2024
123640701.0,14,1410424,38,1,2,,,9.0,4,0,2024
123640701.0,14,1410424,1,,1,,,2.0,,,2024
123640801.0,14,1410424,26,1,2,,,13.0,5,1,2024
123640801.0,14,1410424,25,1,2,12,4,11.0,4,0,2024
123640801.0,14,1410424,1,,2,,,1.0,,,2024
123640901.0,14,1410424,32,1,2,,,7.0,8,1,2024
123640901.0,14,1410424,35,1,2,,,9.0,4,0,2024
123640901.0,14,1410424,14,,1,,,7.0,8,0,2024
123640901.0,14,1410424,10,,1,,,7.0,5,,2024
123640901.0,14,1410424,1,,2,,,1.0,,,2024
123641001.0,14,1410424,38,1,2,,,11.0,4,1,2024
123641001.0,14,1410424,39,1,2,,,7.0,6,0,2024
123641001.0,14,1410424,17,1,1,,,11.0,4,0,2024
123641001.0,14,1410424,13,,1,,,7.0,6,,2024
123641001.0,14,1410424,6,,1,,,7.0,1,,2024
125690101.0,14,1410324,74,1,2,,,9.0,4,1,2024
125690401.0,14,1410324,79,1,2,,,6.0,6,1,2024
125690501.0,14,1410324,25,1,2,8,4,11.0,4,0,2024
125690501.0,14,1410324,49,1,2,,,7.0,8,1,2024
125690601.0,14,1410324,45,1,2,,,7.0,6,1,2024
125690601.0,14,1410324,51,1,2,,,7.0,5,0,2024
125690601.0,14,1410324,21,1,2,8,2,11.0,4,0,2024
125690601.0,14,1410324,18,1,1,,,11.0,4,0,2024
125690701.0,14,1410324,39,1,2,,,7.0,8,1,2024
125690701.0,14,1410324,47,1,2,,,9.0,2,0,2024
125690701.0,14,1410324,13,,1,,,7.0,7,,2024
125690701.0,14,1410324,57,1,2,,,9.0,2,0,2024
125690701.0,14,1410324,71,1,2,,,7.0,2,0,2024
125690701.0,14,1410324,10,,1,,,7.0,4,,2024
125690801.0,14,1410324,57,1,2,,,9.0,4,0,2024
125690801.0,14,1410324,58,1,2,,,7.0,4,1,2024
126450101.0,14,1410113,32,1,2,,,13.0,5,1,2024
126450101.0,14,1410113,32,1,1,,,13.0,4,0,2024
126450101.0,14,1410113,25,1,1,,,13.0,2,0,2024
126450101.0,14,1410113,9,,1,,,7.0,3,,2024
126450301.0,14,1410113,67,1,2,,,12.0,2,1,2024
126450301.0,14,1410113,30,1,2,,,13.0,5,0,2024
126450301.0,14,1410113,30,1,2,,,13.0,5,0,2024
126450401.0,14,1410113,64,1,2,,,12.0,3,1,2024
126450801.0,14,1410113,49,1,2,,,12.0,3,1,2024
126450801.0,14,1410113,46,1,2,,,13.0,5,0,2024
126450801.0,14,1410113,18,1,1,,,9.0,4,0,2024
126450801.0,14,1410113,13,,1,,,7.0,7,,2024
126740101.0,14,1410112,45,1,2,,,13.0,5,0,2024
126740101.0,14,1410112,51,1,2,,,13.0,5,1,2024
126740101.0,14,1410112,10,,1,,,7.0,4,,2024
126740201.0,14,1410112,27,1,2,,,13.0,5,1,2024
126740401.0,14,1410112,38,1,2,,,13.0,5,0,2024
126740401.0,14,1410112,38,1,2,,,12.0,3,1,2024
126740401.0,14,1410112,17,1,1,,,9.0,4,0,2024
126740401.0,14,1410112,13,,1,,,7.0,8,,2024
126740401.0,14,1410112,6,,1,,,7.0,1,,2024
126740501.0,14,1410112,63,1,2,,,13.0,5,1,2024
126740501.0,14,1410112,36,1,2,,,13.0,5,0,2024
126740501.0,14,1410112,27,1,2,,,13.0,5,0,2024
126740601.0,14,1410112,66,1,2,,,13.0,3,1,2024
126740701.0,14,1410112,42,1,2,,,13.0,5,1,2024
126740701.0,14,1410112,28,1,2,,,13.0,5,0,2024
126740801.0,14,1410112,45,1,2,,,11.0,4,1,2024
126740801.0,14,1410112,19,1,2,10,2,9.0,4,0,2024
128730101.0,14,1410112,36,1,2,,,11.0,1,1,2024
128730101.0,14,1410112,17,1,1,,,11.0,2,0,2024
128730101.0,14,1410112,16,1,1,,,9.0,2,0,2024
128730101.0,14,1410112,13,,1,,,7.0,8,,2024
128730101.0,14,1410112,7,,1,,,7.0,1,,2024
128730301.0,14,1410112,39,1,2,,,13.0,4,1,2024
128730301.0,14,1410112,19,1,2,5,1,13.0,1,0,2024
128730301.0,14,1410112,13,,1,,,7.0,7,,2024
128730301.0,14,1410112,5,,1,,,4.0,,,2024
128730401.0,14,1410112,26,1,2,,,9.0,4,1,2024
128730401.0,14,1410112,47,1,2,,,9.0,3,0,2024
128730501.0,14,1410112,44,1,2,,,9.0,1,1,2024
128730501.0,14,1410112,20,4,1,,,5.0,,0,2024
128730501.0,14,1410112,15,4,1,,,5.0,,0,2024
128730501.0,14,1410112,14,,1,,,5.0,,0,2024
128730501.0,14,1410112,27,1,2,,,11.0,4,0,2024
128730701.0,14,1410112,38,1,2,,,13.0,6,1,2024
128730701.0,14,1410112,46,1,2,,,13.0,5,0,2024
128730701.0,14,1410112,5,,1,,,4.0,,,2024
128730701.0,14,1410112,5,,1,,,4.0,,,2024
128730801.0,14,1410112,58,1,2,,,9.0,4,1,2024
128730801.0,14,1410112,57,1,2,,,9.0,4,0,2024
128730801.0,14,1410112,34,1,2,,,13.0,4,0,2024
128730801.0,14,1410112,24,1,1,,,13.0,4,0,2024
130860101.0,14,1410414,65,1,2,,,7.0,6,1,2024
130860101.0,14,1410414,20,1,1,,,13.0,1,0,2024
130860201.0,14,1410414,40,1,2,,,9.0,3,1,2024
130860201.0,14,1410414,76,1,2,,,6.0,4,0,2024
130860201.0,14,1410414,7,,1,,,7.0,2,,2024
130860201.0,14,1410414,18,1,2,8,2,9.0,4,0,2024
130860201.0,14,1410414,0,,2,,,1.0,,,2024
130860201.0,14,1410414,0,,2,,,1.0,,,2024
130860301.0,14,1410414,67,1,2,,,7.0,4,1,2024
130860601.0,14,1410414,48,1,2,,,9.0,4,1,2024
130860601.0,14,1410414,18,4,1,,,5.0,,0,2024
130860801.0,14,1410414,75,1,2,,,6.0,4,0,2024
130860801.0,14,1410414,62,1,2,,,7.0,2,1,2024
131050101.0,14,1410424,42,1,2,,,12.0,3,0,2024
131050101.0,14,1410424,55,1,2,,,13.0,5,1,2024
131050201.0,14,1410424,64,1,2,,,9.0,4,1,2024
131050301.0,14,1410424,68,1,2,,,7.0,8,1,2024
131050301.0,14,1410424,63,1,2,,,7.0,6,0,2024
131050301.0,14,1410424,24,1,2,8,4,12.0,3,0,2024
131050401.0,14,1410424,49,1,2,,,11.0,5,0,2024
131050401.0,14,1410424,55,1,2,,,13.0,5,1,2024
131050401.0,14,1410424,15,1,1,,,9.0,1,0,2024
131050401.0,14,1410424,25,1,2,8,2,12.0,3,0,2024
131050401.0,14,1410424,9,,1,,,7.0,2,,2024
131050501.0,14,1410424,49,1,2,,,7.0,6,1,2024
131050601.0,14,1410424,56,1,2,,,9.0,4,1,2024
131050701.0,14,1410424,34,1,2,,,12.0,3,1,2024
131050701.0,14,1410424,35,1,2,,,9.0,4,0,2024
131050701.0,14,1410424,9,,1,,,7.0,3,,2024
131050801.0,14,1410424,66,1,2,,,12.0,3,1,2024
131050901.0,14,1410424,67,1,2,,,7.0,5,1,2024
131050901.0,14,1410424,66,1,2,,,9.0,2,0,2024
131051001.0,14,1410424,74,1,2,,,9.0,4,0,2024
131051001.0,14,1410424,68,1,2,,,9.0,4,1,2024
131051001.0,14,1410424,36,1,2,,,9.0,4,0,2024
131051001.0,14,1410424,10,,1,,,7.0,5,,2024
131051001.0,14,1410424,3,,2,,,1.0,,,2024
131340101.0,14,1410127,76,1,2,,,12.0,3,1,2024
131340101.0,14,1410127,24,1,2,8,4,13.0,4,0,2024
131340101.0,14,1410127,73,1,2,,,11.0,4,0,2024
131340501.0,14,1410127,70,1,2,,,7.0,6,1,2024
131340501.0,14,1410127,72,1,2,,,7.0,4,0,2024
131340601.0,14,1410127,73,1,2,,,15.0,4,1,2024
131340601.0,14,1410127,70,1,2,,,15.0,4,0,2024
131340701.0,14,1410127,59,1,2,,,9.0,4,1,2024
131340701.0,14,1410127,65,1,2,,,9.0,2,0,2024
131340801.0,14,1410127,72,1,2,,,13.0,5,1,2024
131340901.0,14,1410127,37,1,2,,,13.0,4,0,2024
131340901.0,14,1410127,42,1,2,,,14.0,2,1,2024
131340901.0,14,1410127,3,,2,,,1.0,,,2024
131341001.0,14,1410127,74,1,2,,,6.0,6,1,2024
131341001.0,14,1410127,78,1,2,,,6.0,6,0,2024
132320101.0,14,1410112,52,1,2,,,7.0,7,1,2024
132320101.0,14,1410112,29,1,2,,,9.0,1,0,2024
132320101.0,14,1410112,18,1,2,9,2,9.0,4,0,2024
132320201.0,14,1410112,74,1,2,,,9.0,4,1,2024
132320201.0,14,1410112,56,1,2,,,12.0,3,0,2024
132320201.0,14,1410112,18,1,2,9,2,9.0,4,0,2024
132320401.0,14,1410112,53,1,2,,,9.0,4,1,2024
132320401.0,14,1410112,84,1,2,,,8.0,4,0,2024
132320401.0,14,1410112,26,1,1,,,12.0,1,0,2024
132320401.0,14,1410112,4,,1,,,4.0,,,2024
132320401.0,14,1410112,53,1,2,,,9.0,3,0,2024
132320501.0,14,1410112,38,1,2,,,12.0,3,1,2024
132320501.0,14,1410112,15,1,1,,,9.0,1,0,2024
132320601.0,14,1410112,93,1,2,,,6.0,6,1,2024
132320601.0,14,1410112,82,1,2,,,6.0,6,0,2024
132320701.0,14,1410112,49,1,2,,,9.0,4,1,2024
132320701.0,14,1410112,14,,1,,,9.0,1,0,2024
132320701.0,14,1410112,9,,1,,,7.0,4,,2024
132320701.0,14,1410112,13,,1,,,7.0,6,,2024
132320701.0,14,1410112,42,1,2,,,9.0,4,0,2024
132320701.0,14,1410112,29,1,2,,,9.0,2,0,2024
132320801.0,14,1410112,22,1,2,7,4,9.0,4,1,2024
134020101.0,14,1410814,39,1,2,,,9.0,4,1,2024
134020101.0,14,1410814,35,1,2,,,13.0,6,0,2024
134020101.0,14,1410814,16,1,1,,,9.0,2,0,2024
134020101.0,14,1410814,2,,1,,,2.0,,,2024
134020101.0,14,1410814,12,,1,,,7.0,6,,2024
134020101.0,14,1410814,7,,1,,,7.0,2,,2024
134020201.0,14,1410814,62,1,2,,,7.0,8,0,2024
134020201.0,14,1410814,86,4,2,,,1.0,,1,2024
134020301.0,14,1410814,30,1,2,,,13.0,4,0,2024
134020301.0,14,1410814,36,1,2,,,11.0,4,1,2024
134020301.0,14,1410814,14,,1,,,7.0,8,0,2024
134020301.0,14,1410814,10,,1,,,7.0,4,,2024
134020501.0,14,1410814,19,1,2,16,2,11.0,4,0,2024
134020501.0,14,1410814,48,1,2,,,11.0,4,1,2024
134020501.0,14,1410814,10,,1,,,7.0,5,,2024
134020501.0,14,1410814,41,1,2,,,7.0,5,0,2024
134020701.0,14,1410814,51,1,2,,,9.0,2,0,2024
134020701.0,14,1410814,78,1,2,,,6.0,6,1,2024
134020801.0,14,1410814,43,1,2,,,12.0,3,0,2024
134020801.0,14,1410814,41,1,2,,,11.0,4,1,2024
134020801.0,14,1410814,15,1,1,,,9.0,2,0,2024
134160201.0,14,1410112,46,1,2,,,9.0,4,1,2024
134160201.0,14,1410112,48,1,2,,,9.0,4,0,2024
134160201.0,14,1410112,22,1,2,8,1,12.0,3,0,2024
134160201.0,14,1410112,15,1,1,,,9.0,2,0,2024
134160401.0,14,1410112,37,1,2,,,9.0,4,0,2024
134160401.0,14,1410112,40,1,2,,,9.0,4,1,2024
134160401.0,14,1410112,17,1,1,,,9.0,3,0,2024
134160501.0,14,1410112,36,1,2,,,12.0,3,0,2024
134160501.0,14,1410112,58,1,2,,,9.0,4,0,2024
134160501.0,14,1410112,16,1,1,,,9.0,3,0,2024
134160501.0,14,1410112,61,1,2,,,9.0,3,1,2024
134160501.0,14,1410112,7,,1,,,7.0,1,,2024
134160601.0,14,1410112,76,1,2,,,7.0,8,1,2024
134160601.0,14,1410112,20,1,1,,,13.0,2,0,2024
134160701.0,14,1410112,57,1,2,,,9.0,4,1,2024
134160701.0,14,1410112,25,1,2,8,3,13.0,4,0,2024
134160701.0,14,1410112,25,1,1,,,13.0,2,0,2024
134160701.0,14,1410112,4,,1,,,4.0,,,2024
134160701.0,14,1410112,8,,1,,,7.0,3,,2024
134160701.0,14,1410112,7,,1,,,7.0,2,,2024
134160801.0,14,1410112,38,1,2,,,9.0,4,1,2024
134160801.0,14,1410112,10,,1,,,7.0,4,,2024
134910101.0,14,1410511,76,1,2,,,6.0,6,1,2024
134910101.0,14,1410511,57,1,2,,,7.0,7,0,2024
134910301.0,14,1410511,41,1,2,,,11.0,4,1,2024
134910301.0,14,1410511,42,1,2,,,9.0,4,0,2024
134910301.0,14,1410511,17,1,1,,,11.0,3,0,2024
134910301.0,14,1410511,12,,1,,,7.0,6,,2024
134910401.0,14,1410511,59,1,2,,,7.0,4,1,2024
134910501.0,14,1410511,53,1,2,,,9.0,4,0,2024
134910501.0,14,1410511,95,1,2,,,6.0,3,1,2024
134910501.0,14,1410511,52,1,2,,,9.0,1,0,2024
134910601.0,14,1410511,44,1,2,,,12.0,2,1,2024
134910601.0,14,1410511,7,,1,,,7.0,1,,2024
134910601.0,14,1410511,21,1,1,,,12.0,2,0,2024
134910701.0,14,1410511,60,1,2,,,7.0,1,1,2024
134910701.0,14,1410511,22,1,2,8,4,9.0,4,0,2024
134910801.0,14,1410511,81,1,2,,,8.0,6,1,2024
135490101.0,14,1420126,85,1,2,,,7.0,4,1,2024
135490101.0,14,1420126,59,1,2,,,7.0,6,0,2024
135490101.0,14,1420126,15,1,1,,,9.0,1,0,2024
135490201.0,14,1420126,51,1,2,,,7.0,8,1,2024
135490201.0,14,1420126,30,1,2,,,11.0,4,0,2024
135490201.0,14,1420126,9,,1,,,7.0,4,,2024
135490201.0,14,1420126,1,,2,,,1.0,,,2024
135490301.0,14,1420126,58,1,2,,,7.0,1,1,2024
135490401.0,14,1420126,62,1,2,,,7.0,6,0,2024
135490401.0,14,1420126,65,1,2,,,7.0,7,1,2024
135490401.0,14,1420126,43,1,2,,,9.0,4,0,2024
135490501.0,14,1420126,75,1,2,,,8.0,6,1,2024
135490501.0,14,1420126,20,1,1,,,13.0,1,0,2024
135490601.0,14,1420126,36,1,2,,,7.0,7,0,2024
135490601.0,14,1420126,42,1,2,,,7.0,8,0,2024
135490601.0,14,1420126,56,1,2,,,7.0,-88,0,2024
135490601.0,14,1420126,78,1,2,,,7.0,2,1,2024
135490701.0,14,1420126,57,2,2,,,7.0,1,0,2024
135490701.0,14,1420126,65,1,2,,,7.0,7,1,2024
135490701.0,14,1420126,33,1,2,,,11.0,5,0,2024
135490701.0,14,1420126,5,,2,,,3.0,,,2024
135490901.0,14,1420126,57,1,2,,,7.0,8,1,2024
135491001.0,14,1420126,41,4,2,,,7.0,1,1,2024
136960101.0,14,1420324,46,4,2,,,7.0,5,1,2024
136960401.0,14,1420324,51,1,2,,,7.0,6,1,2024
136960501.0,14,1420324,45,1,2,,,7.0,8,1,2024
136960501.0,14,1420324,42,1,2,,,11.0,4,0,2024
136960501.0,14,1420324,20,1,2,16,3,11.0,4,0,2024
136960601.0,14,1420324,75,4,2,,,7.0,1,1,2024
136960701.0,14,1420324,52,1,2,,,7.0,6,1,2024
136960701.0,14,1420324,53,1,2,,,7.0,6,0,2024
136960701.0,14,1420324,24,1,2,8,4,11.0,4,0,2024
136960701.0,14,1420324,17,1,1,,,11.0,3,0,2024
136960801.0,14,1420324,25,1,2,3,4,7.0,8,1,2024
136960801.0,14,1420324,31,1,2,,,7.0,5,0,2024
136960801.0,14,1420324,7,,1,,,7.0,1,,2024
136960801.0,14,1420324,1,,2,,,1.0,,,2024
137550101.0,14,1410112,35,1,2,,,13.0,5,1,2024
137550201.0,14,1410112,51,1,2,,,12.0,3,1,2024
137550401.0,14,1410112,30,1,2,,,9.0,4,0,2024
137550401.0,14,1410112,35,1,2,,,9.0,4,1,2024
137550401.0,14,1410112,0,,2,,,1.0,,,2024
137550401.0,14,1410112,22,1,1,,,13.0,2,0,2024
137550501.0,14,1410112,70,1,2,,,9.0,4,1,2024
137550501.0,14,1410112,47,1,2,,,11.0,5,0,2024
137550501.0,14,1410112,47,1,2,,,9.0,4,0,2024
137550501.0,14,1410112,15,1,1,,,9.0,3,0,2024
137550501.0,14,1410112,13,,1,,,7.0,8,,2024
137550501.0,14,1410112,25,1,2,8,3,13.0,5,0,2024
137550601.0,14,1410112,43,1,2,,,11.0,4,0,2024
137550601.0,14,1410112,42,1,2,,,9.0,4,1,2024
137550601.0,14,1410112,22,1,1,,,13.0,5,0,2024
137550601.0,14,1410112,7,,1,,,7.0,2,,2024
137550601.0,14,1410112,67,1,2,,,11.0,4,0,2024
137550701.0,14,1410112,54,1,2,,,9.0,4,1,2024
137550701.0,14,1410112,30,1,2,,,13.0,5,0,2024
137550701.0,14,1410112,29,1,2,,,13.0,5,0,2024
137550801.0,14,1410112,66,1,2,,,10.0,5,1,2024
137550801.0,14,1410112,64,1,2,,,9.0,4,0,2024
138590101.0,14,1410824,79,1,2,,,9.0,3,1,2024
138590101.0,14,1410824,16,1,1,,,11.0,2,0,2024
138590101.0,14,1410824,50,1,2,,,13.0,4,0,2024
138590201.0,14,1410824,39,1,2,,,12.0,3,1,2024
138590201.0,14,1410824,24,1,2,12,1,13.0,2,0,2024
138590201.0,14,1410824,7,,1,,,7.0,1,,2024
138590201.0,14,1410824,5,,1,,,4.0,,,2024
138590301.0,14,1410824,72,1,2,,,13.0,5,1,2024
138590301.0,14,1410824,73,1,2,,,13.0,5,0,2024
138590401.0,14,1410824,38,1,2,,,11.0,4,0,2024
138590401.0,14,1410824,36,1,2,,,11.0,4,1,2024
138590601.0,14,1410824,64,1,2,,,9.0,1,0,2024
138590601.0,14,1410824,65,1,2,,,7.0,7,1,2024
138590801.0,14,1410824,52,1,2,,,12.0,3,0,2024
138590801.0,14,1410824,66,1,2,,,9.0,2,1,2024
138590901.0,14,1410824,57,1,2,,,9.0,4,1,2024
138590901.0,14,1410824,51,1,2,,,9.0,4,0,2024
138590901.0,14,1410824,21,1,1,,,13.0,4,0,2024
139440101.0,14,1410111,74,1,2,,,7.0,8,1,2024
139440101.0,14,1410111,45,1,2,,,7.0,6,0,2024
139440101.0,14,1410111,40,1,2,,,9.0,4,0,2024
139440101.0,14,1410111,21,1,2,8,4,9.0,4,0,2024
139440101.0,14,1410111,2,,1,,,3.0,,,2024
139440101.0,14,1410111,0,,1,,,2.0,,,2024
139440201.0,14,1410111,67,1,2,,,7.0,6,1,2024
139440201.0,14,1410111,37,1,2,,,9.0,3,0,2024
139440201.0,14,1410111,35,1,2,,,7.0,8,0,2024
139440201.0,14,1410111,14,,1,,,7.0,7,0,2024
139440201.0,14,1410111,5,,1,,,4.0,,,2024
139440301.0,14,1410111,71,1,2,,,6.0,6,1,2024
139440601.0,14,1410111,66,1,2,,,7.0,7,0,2024
139440601.0,14,1410111,68,1,2,,,11.0,4,1,2024
139440601.0,14,1410111,23,1,2,8,2,13.0,5,0,2024
139440701.0,14,1410111,36,1,2,,,9.0,4,0,2024
139440701.0,14,1410111,88,4,2,,,1.0,,1,2024
139440701.0,14,1410111,70,4,2,,,1.0,,0,2024
140450201.0,14,1420117,57,1,2,,,11.0,5,1,2024
140450201.0,14,1420117,27,1,2,,,12.0,3,0,2024
140450201.0,14,1420117,24,1,1,,,13.0,5,0,2024
140450201.0,14,1420117,1,,1,,,2.0,,,2024
140450501.0,14,1420117,43,1,2,,,13.0,4,1,2024
140450501.0,14,1420117,46,1,2,,,13.0,5,0,2024
140450501.0,14,1420117,12,,1,,,7.0,6,,2024
140450601.0,14,1420117,87,1,2,,,6.0,6,1,2024
140450601.0,14,1420117,55,1,2,,,13.0,5,0,2024
140450701.0,14,1420117,53,1,2,,,12.0,3,1,2024
140450701.0,14,1420117,47,1,2,,,13.0,4,0,2024
140450701.0,14,1420117,29,1,2,,,13.0,4,0,2024
140450701.0,14,1420117,22,1,1,,,12.0,2,0,2024
140450801.0,14,1420117,87,1,2,,,11.0,5,1,2024
140450801.0,14,1420117,85,1,2,,,8.0,1,0,2024
140450801.0,14,1420117,81,1,2,,,6.0,3,0,2024
140520301.0,14,1410112,62,1,2,,,9.0,4,1,2024
140520501.0,14,1410112,32,1,2,,,13.0,5,1,2024
140520501.0,14,1410112,25,1,2,8,2,13.0,5,0,2024
140520601.0,14,1410112,27,1,2,,,12.0,3,1,2024
140520601.0,14,1410112,30,1,2,,,13.0,3,0,2024
140520601.0,14,1410112,27,1,2,,,12.0,3,0,2024
140520701.0,14,1410112,67,1,2,,,13.0,4,1,2024
140540201.0,14,1420424,48,1,2,,,9.0,4,1,2024
140540201.0,14,1420424,54,1,2,,,7.0,8,0,2024
140540201.0,14,1420424,84,4,2,,,7.0,2,0,2024
140540201.0,14,1420424,16,1,1,,,11.0,1,0,2024
140540301.0,14,1420424,81,1,2,,,7.0,3,1,2024
140540401.0,14,1420424,55,1,2,,,9.0,2,1,2024
140540401.0,14,1420424,58,1,2,,,7.0,8,0,2024
140540501.0,14,1420424,33,1,2,,,12.0,3,1,2024
140540501.0,14,1420424,28,1,2,,,9.0,4,0,2024
140540501.0,14,1420424,4,,2,,,1.0,,,2024
140540701.0,14,1420424,80,1,2,,,13.0,5,1,2024
140540701.0,14,1420424,71,1,2,,,13.0,5,0,2024
140540801.0,14,1420424,62,1,2,,,7.0,8,1,2024
140540801.0,14,1420424,62,1,2,,,7.0,8,0,2024
140540801.0,14,1420424,21,1,1,,,5.0,,0,2024
140540901.0,14,1420424,74,1,2,,,7.0,3,1,2024
142230301.0,14,1410314,88,1,2,,,6.0,4,1,2024
142230801.0,14,1410314,71,1,2,,,6.0,4,1,2024
142320401.0,14,1410824,32,1,2,,,11.0,4,0,2024
142320401.0,14,1410824,54,1,2,,,9.0,4,1,2024
142320401.0,14,1410824,54,1,2,,,9.0,4,0,2024
142320401.0,14,1410824,8,,1,,,5.0,,,2024
142320501.0,14,1410824,69,1,2,,,14.0,2,1,2024
142320501.0,14,1410824,76,1,2,,,12.0,3,0,2024
142320601.0,14,1410824,51,1,1,,,12.0,1,1,2024
142320601.0,14,1410824,16,1,1,,,11.0,4,0,2024
142320601.0,14,1410824,11,,1,,,7.0,6,,2024
142320701.0,14,1410824,65,1,2,,,9.0,2,1,2024
142320701.0,14,1410824,40,1,2,,,9.0,4,0,2024
142320701.0,14,1410824,32,1,2,,,11.0,4,0,2024
142320701.0,14,1410824,41,1,2,,,9.0,4,0,2024
142320701.0,14,1410824,30,1,2,,,11.0,4,0,2024
142320701.0,14,1410824,11,,1,,,7.0,6,,2024
142320701.0,14,1410824,13,,1,,,7.0,7,,2024
142320701.0,14,1410824,2,,2,,,1.0,,,2024
142320801.0,14,1410824,37,1,1,,,14.0,1,1,2024
142320801.0,14,1410824,4,,1,,,4.0,,,2024
142320801.0,14,1410824,10,,1,,,7.0,4,,2024
142320901.0,14,1410824,36,1,2,,,11.0,4,0,2024
142320901.0,14,1410824,47,1,2,,,7.0,5,1,2024
142320901.0,14,1410824,60,2,2,,,7.0,4,0,2024
142321001.0,14,1410824,30,1,2,,,11.0,4,1,2024
142321001.0,14,1410824,54,1,2,,,9.0,4,0,2024
142321001.0,14,1410824,8,,1,,,7.0,2,,2024
143940301.0,14,1420117,71,1,2,,,13.0,3,1,2024
143940301.0,14,1420117,67,1,2,,,9.0,4,0,2024
143940401.0,14,1420117,51,1,2,,,12.0,3,1,2024
143940401.0,14,1420117,49,1,2,,,13.0,5,0,2024
143940401.0,14,1420117,17,1,1,,,9.0,3,0,2024
143940501.0,14,1420117,68,1,2,,,7.0,8,1,2024
143940801.0,14,1420117,73,1,2,,,7.0,8,1,2024
143980101.0,14,1410112,84,1,2,,,7.0,6,1,2024
143980101.0,14,1410112,37,1,2,,,7.0,4,0,2024
143980201.0,14,1410112,40,1,2,,,12.0,3,1,2024
143980201.0,14,1410112,17,1,1,,,11.0,3,0,2024
143980201.0,14,1410112,43,1,2,,,12.0,3,0,2024
143980201.0,14,1410112,12,,1,,,7.0,7,,2024
143980201.0,14,1410112,3,,1,,,3.0,,,2024
143980401.0,14,1410112,89,1,2,,,6.0,1,1,2024
143980401.0,14,1410112,65,1,2,,,10.0,6,0,2024
143980501.0,14,1410112,33,1,2,,,13.0,5,1,2024
143980501.0,14,1410112,34,1,2,,,13.0,5,0,2024
143980501.0,14,1410112,13,,1,,,7.0,8,,2024
143980501.0,14,1410112,5,,1,,,4.0,,,2024
143980601.0,14,1410112,61,1,2,,,7.0,3,1,2024
143980601.0,14,1410112,44,1,2,,,7.0,8,0,2024
143980701.0,14,1410112,55,1,2,,,9.0,2,1,2024
143980701.0,14,1410112,11,,1,,,7.0,6,,2024
143980801.0,14,1410112,55,1,2,,,9.0,2,1,2024
143980801.0,14,1410112,21,1,1,,,13.0,2,0,2024
145260101.0,14,1410113,21,1,1,,,13.0,1,0,2024
145260101.0,14,1410113,42,1,2,,,9.0,4,1,2024
145260101.0,14,1410113,14,,1,,,7.0,8,0,2024
145260101.0,14,1410113,12,,1,,,7.0,6,,2024
145260301.0,14,1410113,41,1,2,,,13.0,5,1,2024
145260401.0,14,1410113,65,1,2,,,9.0,4,1,2024
145260401.0,14,1410113,67,1,2,,,7.0,8,0,2024
145260701.0,14,1410113,62,1,2,,,11.0,5,1,2024
145260801.0,14,1410113,49,1,2,,,13.0,5,1,2024
145260801.0,14,1410113,51,1,2,,,13.0,5,0,2024
146960201.0,14,1410112,51,1,2,,,11.0,4,1,2024
146960201.0,14,1410112,55,1,2,,,9.0,4,0,2024
146960201.0,14,1410112,24,1,1,,,13.0,5,0,2024
146960201.0,14,1410112,23,1,2,8,4,12.0,3,0,2024
146960201.0,14,1410112,70,1,2,,,6.0,2,0,2024
146960401.0,14,1410112,47,1,2,,,9.0,4,1,2024
146960401.0,14,1410112,47,1,2,,,9.0,4,0,2024
146960401.0,14,1410112,24,1,1,,,13.0,3,0,2024
146960401.0,14,1410112,13,,1,,,7.0,7,,2024
146960401.0,14,1410112,11,,1,,,7.0,5,,2024
146960501.0,14,1410112,50,1,2,,,9.0,4,0,2024
146960501.0,14,1410112,50,1,2,,,9.0,4,1,2024
146960501.0,14,1410112,12,,1,,,7.0,6,,2024
146960601.0,14,1410112,70,1,2,,,13.0,5,1,2024
149330101.0,14,1410221,54,1,2,,,7.0,8,1,2024
149330101.0,14,1410221,47,1,2,,,7.0,8,0,2024
149330101.0,14,1410221,24,1,2,8,4,9.0,4,0,2024
149330301.0,14,1410221,63,1,2,,,13.0,2,0,2024
149330301.0,14,1410221,73,1,2,,,13.0,5,1,2024
149330301.0,14,1410221,90,1,2,,,6.0,6,0,2024
149330501.0,14,1410221,59,1,2,,,9.0,4,0,2024
149330501.0,14,1410221,59,1,2,,,11.0,4,1,2024
149330601.0,14,1410221,90,1,2,,,7.0,3,1,2024
149330601.0,14,1410221,87,4,2,,,1.0,,0,2024
149330901.0,14,1410221,70,4,2,,,7.0,3,0,2024
149330901.0,14,1410221,84,4,2,,,6.0,1,1,2024
149331001.0,14,1410221,22,1,2,11,4,11.0,4,0,2024
149331001.0,14,1410221,60,1,2,,,9.0,2,1,2024
150310101.0,14,1410112,80,1,2,,,6.0,6,0,2024
150310101.0,14,1410112,81,1,2,,,6.0,6,1,2024
150310101.0,14,1410112,65,1,2,,,11.0,3,0,2024
150310301.0,14,1410112,29,1,2,,,13.0,5,1,2024
150310301.0,14,1410112,33,1,2,,,13.0,5,0,2024
150310401.0,14,1410112,43,1,2,,,13.0,5,1,2024
150310401.0,14,1410112,45,1,1,,,14.0,2,0,2024
150310501.0,14,1410112,34,1,2,,,14.0,2,0,2024
150310501.0,14,1410112,38,1,1,,,14.0,2,1,2024
150310501.0,14,1410112,5,,1,,,4.0,,,2024
150310501.0,14,1410112,10,,1,,,7.0,4,,2024
150310601.0,14,1410112,74,1,2,,,8.0,4,1,2024
150310601.0,14,1410112,67,1,2,,,10.0,2,0,2024
150310701.0,14,1410112,81,1,2,,,8.0,4,1,2024
150310701.0,14,1410112,77,3,2,,,6.0,2,0,2024
150310701.0,14,1410112,15,1,1,,,9.0,1,0,2024
150310701.0,14,1410112,13,,1,,,7.0,8,,2024
150310801.0,14,1410112,41,1,2,,,9.0,4,0,2024
150310801.0,14,1410112,31,1,2,,,13.0,1,1,2024
151330201.0,14,1410424,23,1,2,7,2,13.0,1,1,2024
151330301.0,14,1410424,39,1,2,,,9.0,4,1,2024
151330301.0,14,1410424,42,1,2,,,9.0,4,0,2024
151330301.0,14,1410424,30,1,2,,,12.0,2,0,2024
151330301.0,14,1410424,83,1,2,,,6.0,6,0,2024
151330601.0,14,1410424,86,1,2,,,7.0,3,1,2024
151330601.0,14,1410424,77,1,2,,,7.0,3,0,2024
151330601.0,14,1410424,63,1,2,,,7.0,3,0,2024
151330801.0,14,1410424,48,1,2,,,9.0,4,1,2024
151330801.0,14,1410424,28,1,2,,,9.0,4,0,2024
151330801.0,14,1410424,18,1,1,,,9.0,4,0,2024
151330801.0,14,1410424,10,,1,,,7.0,5,,2024
151330801.0,14,1410424,2,,2,,,1.0,,,2024
151470101.0,14,1410814,37,1,2,,,11.0,4,0,2024
151470101.0,14,1410814,38,1,2,,,9.0,4,1,2024
151470101.0,14,1410814,10,,1,,,7.0,5,,2024
151470101.0,14,1410814,6,,1,,,4.0,,,2024
151470201.0,14,1410814,66,1,2,,,7.0,8,1,2024
151470201.0,14,1410814,37,1,2,,,13.0,5,0,2024
151470301.0,14,1410814,70,1,2,,,12.0,3,1,2024
151470301.0,14,1410814,64,1,2,,,13.0,4,0,2024
151470601.0,14,1410814,59,1,2,,,11.0,4,0,2024
151470601.0,14,1410814,55,1,2,,,11.0,4,1,2024
151470601.0,14,1410814,27,1,2,,,11.0,4,0,2024
151470701.0,14,1410814,44,1,2,,,13.0,4,1,2024
151470701.0,14,1410814,46,1,2,,,13.0,5,0,2024
151470701.0,14,1410814,6,,1,,,4.0,,,2024
151470701.0,14,1410814,5,,1,,,4.0,,,2024
151470801.0,14,1410814,7,,1,,,7.0,1,,2024
151470801.0,14,1410814,47,1,2,,,13.0,5,1,2024
151470801.0,14,1410814,16,1,1,,,9.0,3,0,2024
151470801.0,14,1410814,37,1,2,,,12.0,1,0,2024
151570101.0,14,1410112,60,1,2,,,9.0,4,1,2024
151570101.0,14,1410112,84,1,2,,,6.0,3,0,2024
151570201.0,14,1410112,57,1,2,,,7.0,4,1,2024
151570201.0,14,1410112,35,1,2,,,9.0,4,0,2024
151570201.0,14,1410112,47,1,2,,,7.0,4,0,2024
151570201.0,14,1410112,27,1,2,,,9.0,4,0,2024
151570201.0,14,1410112,10,,1,,,7.0,4,,2024
151570301.0,14,1410112,87,1,2,,,6.0,4,1,2024
151570301.0,14,1410112,90,1,2,,,6.0,2,0,2024
151570301.0,14,1410112,58,1,2,,,9.0,4,0,2024
151570301.0,14,1410112,52,1,2,,,9.0,4,0,2024
151570301.0,14,1410112,48,1,2,,,9.0,4,0,2024
151570301.0,14,1410112,24,1,1,,,12.0,2,0,2024
151570301.0,14,1410112,6,,1,,,4.0,,,2024
151570401.0,14,1410112,60,1,2,,,11.0,1,1,2024
151570401.0,14,1410112,58,1,2,,,9.0,2,0,2024
151570401.0,14,1410112,33,1,2,,,13.0,5,0,2024
151570401.0,14,1410112,26,1,2,,,9.0,4,0,2024
151570401.0,14,1410112,14,,1,,,7.0,8,0,2024
151570501.0,14,1410112,50,1,2,,,9.0,4,1,2024
151570501.0,14,1410112,17,1,1,,,9.0,3,0,2024
151570701.0,14,1410112,75,1,2,,,8.0,6,1,2024
151570701.0,14,1410112,67,1,2,,,8.0,6,0,2024
151570701.0,14,1410112,43,1,2,,,13.0,5,0,2024
151570801.0,14,1410112,74,1,2,,,6.0,4,1,2024
151570801.0,14,1410112,42,1,2,,,7.0,6,0,2024
151570801.0,14,1410112,17,1,1,,,7.0,3,0,2024
151570801.0,14,1410112,13,,1,,,5.0,,,2024
153150101.0,14,1420214,84,1,2,,,6.0,6,1,2024
153150301.0,14,1420214,32,1,2,,,13.0,7,1,2024
153150301.0,14,1420214,7,,1,,,7.0,2,,2024
153150301.0,14,1420214,11,,1,,,7.0,6,,2024
153150401.0,14,1420214,78,1,2,,,7.0,3,1,2024
153150401.0,14,1420214,68,1,2,,,7.0,7,0,2024
153150401.0,14,1420214,27,4,2,,,5.0,,0,2024
153150501.0,14,1420214,62,1,2,,,13.0,5,1,2024
153150601.0,14,1420214,80,1,2,,,8.0,1,1,2024
153150601.0,14,1420214,48,1,2,,,9.0,4,0,2024
153150601.0,14,1420214,36,1,2,,,12.0,3,0,2024
153150601.0,14,1420214,33,1,2,,,12.0,3,0,2024
153150601.0,14,1420214,6,,1,,,7.0,1,,2024
153150601.0,14,1420214,0,,2,,,1.0,,,2024
153150701.0,14,1420214,56,1,2,,,11.0,4,1,2024
153150701.0,14,1420214,52,1,2,,,11.0,4,0,2024
153150801.0,14,1420214,51,1,2,,,11.0,4,1,2024
154100101.0,14,1410524,69,1,2,,,6.0,6,1,2024
154100101.0,14,1410524,78,1,2,,,6.0,6,0,2024
154100201.0,14,1410524,57,1,2,,,9.0,2,0,2024
154100201.0,14,1410524,70,1,2,,,12.0,3,1,2024
154100201.0,14,1410524,8,,1,,,7.0,2,,2024
154100301.0,14,1410524,32,1,2,,,12.0,2,1,2024
154100501.0,14,1410524,72,1,2,,,8.0,2,0,2024
154100501.0,14,1410524,63,1,2,,,8.0,6,1,2024
154100701.0,14,1410524,52,1,2,,,13.0,5,1,2024
154100701.0,14,1410524,28,1,2,,,13.0,5,0,2024
154100901.0,14,1410524,62,1,2,,,11.0,4,1,2024
154100901.0,14,1410524,59,1,2,,,9.0,4,0,2024
154101001.0,14,1410524,59,1,2,,,7.0,8,1,2024
154101001.0,14,1410524,57,1,2,,,7.0,8,0,2024
154170101.0,14,1410824,67,4,2,,,1.0,,1,2024
154170101.0,14,1410824,85,1,2,,,6.0,6,0,2024
154170201.0,14,1410824,87,1,2,,,6.0,2,1,2024
154170201.0,14,1410824,32,1,2,,,12.0,3,0,2024
154170201.0,14,1410824,53,1,2,,,7.0,6,0,2024
154170401.0,14,1410824,55,1,2,,,7.0,3,1,2024
154170401.0,14,1410824,14,,1,,,7.0,8,0,2024
154170501.0,14,1410824,26,1,2,,,9.0,4,1,2024
154170501.0,14,1410824,6,,1,,,4.0,,,2024
154170501.0,14,1410824,0,,2,,,1.0,,,2024
154170601.0,14,1410824,38,1,2,,,7.0,5,1,2024
154170601.0,14,1410824,13,,1,,,7.0,7,,2024
154170601.0,14,1410824,11,,1,,,7.0,5,,2024
154170601.0,14,1410824,18,1,1,,,11.0,3,0,2024
154170601.0,14,1410824,7,,1,,,7.0,1,,2024
154170601.0,14,1410824,32,1,2,,,7.0,7,0,2024
154170701.0,14,1410824,52,4,2,,,1.0,,1,2024
154170701.0,14,1410824,14,,1,,,7.0,7,0,2024
154170701.0,14,1410824,12,,1,,,7.0,6,,2024
154170801.0,14,1410824,69,1,2,,,7.0,4,1,2024
154170801.0,14,1410824,63,1,2,,,7.0,8,0,2024
154170801.0,14,1410824,33,1,2,,,9.0,4,0,2024
154170801.0,14,1410824,42,1,2,,,11.0,4,0,2024
154170801.0,14,1410824,63,4,2,,,7.0,3,0,2024
154170901.0,14,1410824,56,1,2,,,7.0,8,1,2024
154170901.0,14,1410824,51,1,2,,,9.0,2,0,2024
154170901.0,14,1410824,32,1,2,,,12.0,3,0,2024
154170901.0,14,1410824,13,,1,,,7.0,7,,2024
154480201.0,14,1410824,61,1,2,,,7.0,8,0,2024
154480201.0,14,1410824,57,1,2,,,7.0,8,1,2024
154480201.0,14,1410824,31,1,2,,,7.0,8,0,2024
154480201.0,14,1410824,18,1,1,,,9.0,2,0,2024
154480401.0,14,1410824,62,1,2,,,7.0,6,1,2024
154480401.0,14,1410824,63,1,2,,,7.0,6,0,2024
154480701.0,14,1410824,63,1,2,,,7.0,7,0,2024
154480701.0,14,1410824,67,1,2,,,7.0,7,1,2024
154480801.0,14,1410824,58,1,2,,,7.0,6,1,2024
154480801.0,14,1410824,58,1,2,,,7.0,6,0,2024
154480801.0,14,1410824,22,1,2,11,3,11.0,4,0,2024
154480901.0,14,1410824,68,1,2,,,13.0,4,1,2024
154980201.0,14,1410113,51,1,2,,,13.0,5,1,2024
154980201.0,14,1410113,76,1,2,,,8.0,6,0,2024
154980201.0,14,1410113,77,1,2,,,8.0,-88,0,2024
154980301.0,14,1410113,40,1,1,,,13.0,4,0,2024
154980301.0,14,1410113,23,1,1,,,13.0,4,0,2024
154980301.0,14,1410113,51,1,2,,,14.0,4,1,2024
154980301.0,14,1410113,21,1,1,,,12.0,3,0,2024
154980301.0,14,1410113,11,,1,,,7.0,6,,2024
154980301.0,14,1410113,13,,1,,,7.0,7,,2024
154980401.0,14,1410113,55,1,2,,,13.0,3,1,2024
154980401.0,14,1410113,59,1,2,,,11.0,4,0,2024
154980501.0,14,1410113,34,1,2,,,12.0,3,1,2024
154980501.0,14,1410113,4,,1,,,3.0,,,2024
154980501.0,14,1410113,29,1,2,,,13.0,4,0,2024
154980601.0,14,1410113,38,1,2,,,13.0,5,1,2024
154990101.0,14,1410314,51,1,2,,,9.0,3,1,2024
154990101.0,14,1410314,66,1,2,,,7.0,5,0,2024
154990201.0,14,1410314,38,1,2,,,7.0,8,1,2024
154990201.0,14,1410314,14,,1,,,9.0,1,0,2024
154990201.0,14,1410314,3,,2,,,1.0,,,2024
154990201.0,14,1410314,0,,2,,,1.0,,,2024
154990201.0,14,1410314,0,,2,,,1.0,,,2024
154990301.0,14,1410314,53,1,2,,,9.0,4,1,2024
154990501.0,14,1410314,50,1,2,,,11.0,4,1,2024
154990501.0,14,1410314,56,1,2,,,1.0,,0,2024
154990501.0,14,1410314,22,1,1,,,13.0,3,0,2024
154990501.0,14,1410314,11,,1,,,7.0,5,,2024
154990501.0,14,1410314,27,1,2,,,12.0,3,0,2024
154990501.0,14,1410314,2,,1,,,3.0,,,2024
154990601.0,14,1410314,57,1,2,,,9.0,1,1,2024
154990601.0,14,1410314,62,1,2,,,9.0,4,0,2024
154990701.0,14,1410314,25,1,2,2,4,7.0,8,1,2024
154990701.0,14,1410314,33,1,2,,,9.0,4,0,2024
154990701.0,14,1410314,12,,1,,,7.0,7,,2024
154990701.0,14,1410314,4,,2,,,1.0,,,2024
154990701.0,14,1410314,8,,1,,,7.0,3,,2024
154990801.0,14,1410314,32,1,2,,,9.0,4,1,2024
154990801.0,14,1410314,38,1,2,,,11.0,4,0,2024
154990801.0,14,1410314,9,,1,,,7.0,4,,2024
154990801.0,14,1410314,13,,1,,,7.0,7,,2024
155070501.0,14,1410424,75,1,2,,,7.0,6,1,2024
155070501.0,14,1410424,75,1,2,,,7.0,6,0,2024
155070701.0,14,1410424,62,1,2,,,9.0,3,1,2024
155070701.0,14,1410424,50,1,2,,,7.0,8,0,2024
155070701.0,14,1410424,10,,1,,,7.0,4,,2024
155070801.0,14,1410424,74,1,2,,,6.0,6,1,2024
155070801.0,14,1410424,66,1,2,,,10.0,4,0,2024
155070801.0,14,1410424,50,4,2,,,1.0,,0,2024
155240201.0,14,1420324,72,1,2,,,9.0,4,1,2024
155240201.0,14,1420324,66,1,2,,,9.0,4,0,2024
155240301.0,14,1420324,43,1,2,,,9.0,4,1,2024
155240301.0,14,1420324,15,1,1,,,9.0,2,0,2024
155240401.0,14,1420324,60,1,2,,,7.0,8,0,2024
155240401.0,14,1420324,58,1,2,,,7.0,6,1,2024
155240501.0,14,1420324,34,1,2,,,12.0,2,1,2024
155240501.0,14,1420324,13,,1,,,7.0,7,,2024
155240501.0,14,1420324,8,,1,,,7.0,3,,2024
155240501.0,14,1420324,0,,2,,,1.0,,,2024
155240701.0,14,1420324,66,1,2,,,7.0,5,1,2024
155240701.0,14,1420324,67,4,2,,,1.0,,0,2024
155240701.0,14,1420324,18,1,2,10,2,9.0,4,0,2024
155240901.0,14,1420324,82,1,2,,,1.0,,1,2024
155240901.0,14,1420324,56,1,2,,,7.0,3,0,2024
155440101.0,14,1410524,64,1,2,,,7.0,7,1,2024
155440101.0,14,1410524,73,1,2,,,7.0,8,0,2024
155440201.0,14,1410524,36,1,2,,,11.0,3,1,2024
155440201.0,14,1410524,31,1,2,,,7.0,8,0,2024
155440201.0,14,1410524,15,1,1,,,9.0,2,0,2024
155440201.0,14,1410524,10,,1,,,7.0,4,,2024
155440201.0,14,1410524,9,,1,,,7.0,4,,2024
155440201.0,14,1410524,0,,2,,,1.0,,,2024
155440301.0,14,1410524,60,1,2,,,7.0,4,1,2024
155440301.0,14,1410524,27,1,2,,,11.0,4,0,2024
155440401.0,14,1410524,62,1,2,,,12.0,3,1,2024
155440401.0,14,1410524,37,1,2,,,13.0,4,0,2024
155440501.0,14,1410524,81,2,2,,,6.0,3,1,2024
155440501.0,14,1410524,53,1,2,,,9.0,4,0,2024
155440501.0,14,1410524,47,1,2,,,13.0,5,0,2024
155440601.0,14,1410524,58,1,2,,,7.0,8,1,2024
155440601.0,14,1410524,60,4,2,,,7.0,3,0,2024
155440601.0,14,1410524,32,1,2,,,9.0,4,0,2024
155440701.0,14,1410524,57,1,2,,,7.0,6,1,2024
155440701.0,14,1410524,40,1,2,,,7.0,7,0,2024
155440701.0,14,1410524,22,1,2,8,2,13.0,4,0,2024
155440801.0,14,1410524,60,1,2,,,9.0,3,1,2024
155440801.0,14,1410524,20,1,1,,,13.0,3,0,2024
155440801.0,14,1410524,18,1,1,,,9.0,4,0,2024
155440901.0,14,1410524,75,1,2,,,6.0,6,1,2024
155440901.0,14,1410524,75,1,2,,,6.0,6,0,2024
155441001.0,14,1410524,58,1,2,,,9.0,4,1,2024
155441001.0,14,1410524,64,1,2,,,7.0,8,0,2024
155441001.0,14,1410524,54,1,2,,,9.0,4,0,2024
155441001.0,14,1410524,51,1,2,,,9.0,4,0,2024
155441001.0,14,1410524,49,1,2,,,9.0,4,0,2024
155470101.0,14,1410112,57,1,2,,,12.0,1,1,2024
155470201.0,14,1410112,32,1,2,,,13.0,5,0,2024
155470201.0,14,1410112,55,1,2,,,13.0,5,0,2024
155470201.0,14,1410112,31,1,2,,,13.0,3,1,2024
155470201.0,14,1410112,2,,2,,,1.0,,,2024
155470301.0,14,1410112,95,1,2,,,6.0,4,1,2024
155470401.0,14,1410112,27,1,2,,,13.0,5,1,2024
155470401.0,14,1410112,32,1,2,,,13.0,5,0,2024
155470401.0,14,1410112,26,1,2,,,13.0,5,0,2024
155470701.0,14,1410112,93,1,2,,,6.0,6,1,2024
155470801.0,14,1410112,33,1,2,,,13.0,5,1,2024
155470801.0,14,1410112,14,,1,,,7.0,8,0,2024
155470801.0,14,1410112,5,,1,,,4.0,,,2024
155470801.0,14,1410112,3,,1,,,3.0,,,2024
155960201.0,14,1420324,37,1,2,,,9.0,4,1,2024
155960201.0,14,1420324,44,1,2,,,9.0,4,0,2024
155960201.0,14,1420324,5,,1,,,4.0,,,2024
155960501.0,14,1420324,58,1,2,,,7.0,3,1,2024
155960501.0,14,1420324,58,1,2,,,7.0,8,0,2024
155960501.0,14,1420324,29,1,2,,,12.0,3,0,2024
155960501.0,14,1420324,32,1,2,,,13.0,5,0,2024
155960601.0,14,1420324,63,1,2,,,9.0,1,1,2024
155960601.0,14,1420324,33,1,2,,,12.0,3,0,2024
155960701.0,14,1420324,47,1,2,,,9.0,4,1,2024
155960701.0,14,1420324,46,1,2,,,9.0,4,0,2024
155960701.0,14,1420324,17,1,1,,,11.0,4,0,2024
155960801.0,14,1420324,52,1,2,,,7.0,7,1,2024
155960801.0,14,1420324,42,1,2,,,9.0,2,0,2024
155960801.0,14,1420324,7,,1,,,7.0,1,,2024
155960801.0,14,1420324,7,,1,,,7.0,1,,2024
157740101.0,14,1410221,88,1,2,,,1.0,,1,2024
157740301.0,14,1410221,70,1,2,,,7.0,5,1,2024
157740301.0,14,1410221,69,1,2,,,7.0,3,0,2024
157740401.0,14,1410221,77,1,2,,,6.0,6,1,2024
157740401.0,14,1410221,53,1,2,,,9.0,4,0,2024
157740501.0,14,1410221,43,1,2,,,11.0,4,1,2024
157740501.0,14,1410221,17,1,1,,,11.0,4,0,2024
157740501.0,14,1410221,11,,1,,,7.0,5,,2024
157740501.0,14,1410221,1,,2,,,1.0,,,2024
157740601.0,14,1410221,49,1,2,,,7.0,8,1,2024
157740701.0,14,1410221,71,2,2,,,1.0,,1,2024
157740701.0,14,1410221,73,2,2,,,1.0,,0,2024
157740901.0,14,1410221,42,1,2,,,13.0,5,1,2024
157740901.0,14,1410221,39,1,2,,,13.0,5,0,2024
157740901.0,14,1410221,6,,1,,,7.0,1,,2024
157741001.0,14,1410221,80,1,2,,,7.0,1,1,2024
157741001.0,14,1410221,90,1,2,,,7.0,1,0,2024
157790101.0,14,1410113,51,1,2,,,13.0,5,1,2024
157790201.0,14,1410113,29,1,2,,,13.0,5,1,2024
157790201.0,14,1410113,33,1,2,,,13.0,2,0,2024
157790301.0,14,1410113,40,1,2,,,14.0,4,1,2024
157790501.0,14,1410113,44,1,2,,,11.0,4,1,2024
157790501.0,14,1410113,47,1,2,,,14.0,2,0,2024
157790501.0,14,1410113,14,,1,,,9.0,1,0,2024
157790501.0,14,1410113,12,,1,,,7.0,6,,2024
157790601.0,14,1410113,23,1,1,,,13.0,2,0,2024
157790601.0,14,1410113,47,1,2,,,13.0,5,1,2024
157790601.0,14,1410113,47,1,2,,,12.0,3,0,2024
157790601.0,14,1410113,9,,1,,,7.0,4,,2024
157790601.0,14,1410113,9,,1,,,7.0,4,,2024
157790701.0,14,1410113,69,1,2,,,8.0,4,1,2024
157790701.0,14,1410113,21,1,2,12,3,9.0,4,0,2024
157790801.0,14,1410113,41,1,2,,,12.0,3,1,2024
157790801.0,14,1410113,39,1,2,,,9.0,4,0,2024
160930101.0,14,1410112,56,1,2,,,9.0,4,1,2024
160930101.0,14,1410112,28,1,2,,,13.0,6,0,2024
160930101.0,14,1410112,11,,1,,,7.0,5,,2024
160930201.0,14,1410112,59,1,2,,,11.0,5,1,2024
160930201.0,14,1410112,56,1,2,,,9.0,4,0,2024
160930201.0,14,1410112,33,1,2,,,13.0,5,0,2024
160930201.0,14,1410112,27,1,1,,,12.0,3,0,2024
160930201.0,14,1410112,29,1,2,,,12.0,3,0,2024
160930301.0,14,1410112,70,1,2,,,9.0,2,1,2024
160930301.0,14,1410112,59,1,2,,,9.0,4,0,2024
160930301.0,14,1410112,24,1,1,,,13.0,3,0,2024
160930401.0,14,1410112,65,1,2,,,9.0,3,1,2024
160930401.0,14,1410112,28,1,2,,,12.0,3,0,2024
160930601.0,14,1410112,51,1,2,,,12.0,3,1,2024
160930601.0,14,1410112,58,1,2,,,11.0,4,0,2024
160930701.0,14,1410112,76,1,2,,,11.0,4,1,2024
160930701.0,14,1410112,57,1,2,,,13.0,5,0,2024
160930801.0,14,1410112,77,1,2,,,7.0,8,1,2024
160930801.0,14,1410112,50,4,2,,,1.0,,0,2024
160930801.0,14,1410112,54,1,2,,,9.0,4,0,2024
161270101.0,14,1410724,42,1,2,,,9.0,4,1,2024
161270101.0,14,1410724,19,1,1,,,12.0,1,0,2024
161270201.0,14,1410724,40,1,2,,,9.0,4,1,2024
161270201.0,14,1410724,16,1,1,,,11.0,3,0,2024
161270201.0,14,1410724,13,,1,,,7.0,7,,2024
161270201.0,14,1410724,5,,1,,,4.0,,,2024
161270301.0,14,1410724,30,1,2,,,12.0,3,1,2024
161270301.0,14,1410724,30,1,2,,,13.0,5,0,2024
161270301.0,14,1410724,55,1,2,,,11.0,4,0,2024
161270301.0,14,1410724,5,,1,,,4.0,,,2024
161270301.0,14,1410724,3,,1,,,3.0,,,2024
161270401.0,14,1410724,81,1,2,,,6.0,3,1,2024
161270601.0,14,1410724,73,2,2,,,7.0,2,1,2024
161270601.0,14,1410724,46,1,2,,,9.0,4,0,2024
161270601.0,14,1410724,21,1,1,,,13.0,3,0,2024
161270601.0,14,1410724,4,,1,,,3.0,,,2024
161270701.0,14,1410724,48,1,2,,,9.0,4,1,2024
161270701.0,14,1410724,70,1,2,,,7.0,3,0,2024
161270701.0,14,1410724,71,1,2,,,7.0,8,0,2024
161270801.0,14,1410724,81,1,2,,,6.0,2,1,2024
161270901.0,14,1410724,38,1,2,,,9.0,4,1,2024
161270901.0,14,1410724,40,1,2,,,9.0,4,0,2024
161270901.0,14,1410724,14,,1,,,9.0,1,0,2024
161270901.0,14,1410724,7,,1,,,7.0,2,,2024
161271001.0,14,1410724,33,1,2,,,9.0,4,1,2024
161271001.0,14,1410724,13,,1,,,7.0,8,,2024
161271001.0,14,1410724,33,1,2,,,9.0,4,0,2024
161280101.0,14,1420416,21,1,2,12,2,13.0,2,0,2024
161280101.0,14,1420416,39,1,2,,,9.0,4,1,2024
161280101.0,14,1420416,17,1,1,,,11.0,3,0,2024
161280301.0,14,1420416,40,1,2,,,11.0,4,1,2024
161280301.0,14,1420416,52,1,2,,,9.0,2,0,2024
161280301.0,14,1420416,28,1,2,,,9.0,4,0,2024
161280301.0,14,1420416,22,1,1,,,12.0,1,0,2024
161280401.0,14,1420416,54,1,2,,,9.0,4,0,2024
161280401.0,14,1420416,49,1,2,,,9.0,1,1,2024
161280401.0,14,1420416,12,,1,,,7.0,7,,2024
161280501.0,14,1420416,48,1,2,,,13.0,5,0,2024
161280501.0,14,1420416,46,1,2,,,13.0,5,1,2024
161280501.0,14,1420416,14,,1,,,7.0,8,0,2024
161280501.0,14,1420416,11,,1,,,7.0,5,,2024
161280601.0,14,1420416,71,1,2,,,7.0,8,1,2024
161280601.0,14,1420416,68,1,2,,,9.0,4,0,2024
161280601.0,14,1420416,89,1,2,,,7.0,2,0,2024
161280701.0,14,1420416,63,1,2,,,7.0,8,0,2024
161280701.0,14,1420416,32,1,2,,,12.0,3,0,2024
161280701.0,14,1420416,70,1,2,,,7.0,6,1,2024
161280801.0,14,1420416,77,1,2,,,8.0,6,1,2024
161280801.0,14,1420416,85,1,2,,,8.0,4,0,2024
162630101.0,14,1410614,66,1,2,,,9.0,4,1,2024
162630101.0,14,1410614,44,1,2,,,7.0,8,0,2024
162630101.0,14,1410614,24,1,2,13,3,13.0,2,0,2024
162630201.0,14,1410614,39,1,2,,,11.0,4,1,2024
162630201.0,14,1410614,17,1,1,,,9.0,4,0,2024
162630201.0,14,1410614,15,1,1,,,11.0,2,0,2024
162630201.0,14,1410614,11,,1,,,7.0,6,,2024
162630201.0,14,1410614,4,,1,,,4.0,,,2024
162630401.0,14,1410614,47,1,2,,,9.0,4,1,2024
162630401.0,14,1410614,46,1,2,,,7.0,8,0,2024
162630401.0,14,1410614,19,1,1,,,11.0,2,0,2024
162630401.0,14,1410614,29,1,2,,,9.0,3,0,2024
162630501.0,14,1410614,51,1,2,,,9.0,4,1,2024
162630501.0,14,1410614,16,1,1,,,9.0,3,0,2024
162630801.0,14,1410614,57,1,2,,,12.0,2,0,2024
162630801.0,14,1410614,55,1,2,,,12.0,3,1,2024
162630801.0,14,1410614,31,1,2,,,13.0,5,0,2024
162630801.0,14,1410614,26,1,1,,,13.0,4,0,2024
162700201.0,14,1410221,31,1,2,,,11.0,4,1,2024
162700201.0,14,1410221,11,,1,,,7.0,5,,2024
162700301.0,14,1410221,73,4,2,,,1.0,,1,2024
162700401.0,14,1410221,37,1,2,,,9.0,2,1,2024
162700401.0,14,1410221,37,1,2,,,9.0,3,0,2024
162700401.0,14,1410221,5,,1,,,4.0,,,2024
162700401.0,14,1410221,14,,1,,,7.0,8,0,2024
162700501.0,14,1410221,78,1,2,,,6.0,6,1,2024
162700501.0,14,1410221,72,1,2,,,6.0,3,0,2024
162700601.0,14,1410221,39,1,2,,,9.0,2,1,2024
162700601.0,14,1410221,33,1,2,,,9.0,4,0,2024
162700601.0,14,1410221,2,,2,,,1.0,,,2024
162700901.0,14,1410221,59,1,2,,,9.0,4,1,2024
162700901.0,14,1410221,55,1,2,,,13.0,5,0,2024
162700901.0,14,1410221,28,1,2,,,13.0,5,0,2024
162701001.0,14,1410221,40,1,2,,,12.0,3,1,2024
162701001.0,14,1410221,24,1,2,12,4,9.0,4,0,2024
163180101.0,14,1410614,56,1,2,,,13.0,4,1,2024
163180101.0,14,1410614,27,1,2,,,13.0,5,0,2024
163180101.0,14,1410614,25,1,2,8,4,12.0,2,0,2024
163180201.0,14,1410614,65,1,2,,,9.0,1,1,2024
163180301.0,14,1410614,61,1,2,,,9.0,2,0,2024
163180301.0,14,1410614,66,1,2,,,7.0,8,1,2024
163180401.0,14,1410614,67,1,2,,,7.0,5,1,2024
163180401.0,14,1410614,65,1,2,,,9.0,1,0,2024
163180501.0,14,1410614,52,1,2,,,9.0,4,1,2024
163180501.0,14,1410614,44,1,2,,,9.0,2,0,2024
163180501.0,14,1410614,49,1,2,,,7.0,3,0,2024
163180501.0,14,1410614,22,1,1,,,13.0,1,0,2024
163180501.0,14,1410614,20,1,1,,,12.0,1,0,2024
163180501.0,14,1410614,15,1,1,,,9.0,1,0,2024
163180601.0,14,1410614,33,1,2,,,9.0,4,1,2024
163180601.0,14,1410614,6,,1,,,4.0,,,2024
163180601.0,14,1410614,12,,1,,,7.0,6,,2024
163460101.0,14,1420111,35,1,2,,,12.0,3,1,2024
163460101.0,14,1420111,25,1,2,12,4,13.0,3,0,2024
163460101.0,14,1420111,4,,1,,,3.0,,,2024
163460201.0,14,1420111,59,1,2,,,9.0,4,1,2024
163460301.0,14,1420111,45,1,2,,,9.0,4,1,2024
163460301.0,14,1420111,17,1,1,,,9.0,3,0,2024
163460301.0,14,1420111,24,1,2,8,2,12.0,3,0,2024
163460401.0,14,1420111,52,1,2,,,7.0,7,1,2024
163460401.0,14,1420111,16,1,1,,,11.0,2,0,2024
163460601.0,14,1420111,61,1,2,,,7.0,7,0,2024
163460601.0,14,1420111,66,1,2,,,7.0,8,1,2024
163460801.0,14,1420111,52,1,2,,,7.0,8,1,2024
163460801.0,14,1420111,27,1,2,,,9.0,4,0,2024
163460801.0,14,1420111,7,,1,,,7.0,2,,2024
163470401.0,14,1410112,68,1,2,,,13.0,4,1,2024
163470401.0,14,1410112,64,1,2,,,8.0,6,0,2024
163470501.0,14,1410112,23,1,1,,,13.0,2,0,2024
163470501.0,14,1410112,53,1,2,,,13.0,4,1,2024
163470501.0,14,1410112,50,1,2,,,13.0,7,0,2024
163470601.0,14,1410112,25,1,1,,,13.0,4,1,2024
163470801.0,14,1410112,85,1,2,,,13.0,4,1,2024
163470801.0,14,1410112,78,1,2,,,13.0,4,0,2024
163470801.0,14,1410112,57,1,2,,,13.0,4,0,2024
163510101.0,14,1420111,66,1,2,,,9.0,4,1,2024
163510101.0,14,1420111,52,1,2,,,12.0,3,0,2024
163510401.0,14,1420111,72,1,2,,,7.0,2,1,2024
163510401.0,14,1420111,61,1,2,,,7.0,6,0,2024
163510501.0,14,1420111,22,1,1,,,13.0,1,1,2024
163510501.0,14,1420111,22,1,2,8,4,9.0,4,0,2024
163510601.0,14,1420111,65,1,2,,,9.0,4,1,2024
163510602.0,14,1420111,67,1,2,,,9.0,2,1,2024
164810101.0,14,1420117,25,1,2,12,4,9.0,4,1,2024
164810101.0,14,1420117,1,,1,,,2.0,,,2024
164810101.0,14,1420117,26,1,2,,,11.0,4,0,2024
164810301.0,14,1420117,61,1,2,,,7.0,8,1,2024
164810301.0,14,1420117,63,1,2,,,7.0,8,0,2024
164810301.0,14,1420117,39,4,2,,,5.0,,0,2024
164810301.0,14,1420117,10,,1,,,7.0,4,,2024
164810301.0,14,1420117,23,1,1,,,13.0,2,0,2024
164810401.0,14,1420117,64,1,2,,,13.0,5,1,2024
164810501.0,14,1420117,65,1,2,,,9.0,4,0,2024
164810501.0,14,1420117,61,1,2,,,13.0,5,1,2024
164810501.0,14,1420117,18,1,1,,,9.0,4,0,2024
164810701.0,14,1420117,53,1,2,,,9.0,4,1,2024
164810701.0,14,1420117,34,1,2,,,13.0,4,0,2024
164810701.0,14,1420117,25,1,2,12,4,11.0,4,0,2024
164810801.0,14,1420117,69,1,2,,,6.0,2,0,2024
164810801.0,14,1420117,63,1,2,,,9.0,4,1,2024
166130201.0,14,1410112,42,1,2,,,11.0,4,1,2024
166130201.0,14,1410112,42,1,2,,,11.0,4,0,2024
166130201.0,14,1410112,15,1,1,,,11.0,3,0,2024
166130201.0,14,1410112,13,,1,,,7.0,8,,2024
166130301.0,14,1410112,70,1,2,,,12.0,2,1,2024
166130301.0,14,1410112,43,1,2,,,13.0,4,0,2024
166130301.0,14,1410112,14,,1,,,7.0,8,0,2024
166130501.0,14,1410112,24,1,2,1,4,9.0,4,0,2024
166130501.0,14,1410112,33,1,2,,,7.0,8,0,2024
166130501.0,14,1410112,43,1,2,,,9.0,4,1,2024
166130501.0,14,1410112,42,1,2,,,9.0,4,0,2024
166130601.0,14,1410112,40,1,2,,,9.0,4,0,2024
166130601.0,14,1410112,43,1,2,,,9.0,2,1,2024
166130601.0,14,1410112,13,,1,,,7.0,7,,2024
166130701.0,14,1410112,74,1,2,,,8.0,6,1,2024
166180201.0,14,1410112,59,1,2,,,13.0,4,1,2024
166180201.0,14,1410112,93,1,2,,,11.0,2,0,2024
166180201.0,14,1410112,65,1,2,,,9.0,4,0,2024
166180201.0,14,1410112,24,1,1,,,13.0,1,0,2024
166180501.0,14,1410112,41,1,2,,,15.0,5,1,2024
166180501.0,14,1410112,33,1,2,,,14.0,2,0,2024
166180601.0,14,1410112,27,1,2,,,13.0,4,1,2024
166180601.0,14,1410112,24,1,2,8,2,13.0,5,0,2024
166180601.0,14,1410112,21,1,1,,,13.0,1,0,2024
166180701.0,14,1410112,71,1,2,,,13.0,3,1,2024
166180801.0,14,1410112,43,1,2,,,14.0,2,1,2024
166180801.0,14,1410112,14,,1,,,7.0,8,0,2024
166180801.0,14,1410112,10,,1,,,7.0,4,,2024
166530101.0,14,1410112,69,1,2,,,13.0,4,1,2024
166530101.0,14,1410112,36,1,2,,,13.0,5,0,2024
166530101.0,14,1410112,64,1,2,,,13.0,4,0,2024
166530301.0,14,1410112,68,1,2,,,13.0,4,1,2024
166530301.0,14,1410112,64,1,2,,,11.0,5,0,2024
166530301.0,14,1410112,35,1,2,,,14.0,2,0,2024
166530501.0,14,1410112,58,1,2,,,15.0,4,1,2024
166530501.0,14,1410112,51,1,2,,,13.0,5,0,2024
166530501.0,14,1410112,20,1,1,,,13.0,2,0,2024
166530501.0,14,1410112,10,,1,,,7.0,5,,2024
166530601.0,14,1410112,65,1,2,,,13.0,5,1,2024
166530601.0,14,1410112,59,1,2,,,13.0,4,0,2024
166530601.0,14,1410112,24,1,1,,,13.0,5,0,2024
166530701.0,14,1410112,48,1,2,,,9.0,3,1,2024
166530701.0,14,1410112,81,1,2,,,8.0,2,0,2024
166530801.0,14,1410112,83,1,2,,,10.0,4,1,2024
166530801.0,14,1410112,80,1,2,,,10.0,2,0,2024
167440301.0,14,1410113,56,1,2,,,9.0,4,1,2024
167440401.0,14,1410113,57,1,2,,,13.0,5,1,2024
167440401.0,14,1410113,29,1,1,,,13.0,4,0,2024
167440401.0,14,1410113,24,1,2,8,2,13.0,5,0,2024
167440501.0,14,1410113,45,1,2,,,13.0,5,1,2024
167440501.0,14,1410113,55,1,2,,,12.0,2,0,2024
167440501.0,14,1410113,14,,1,,,7.0,8,0,2024
167440501.0,14,1410113,10,,1,,,7.0,4,,2024
167440501.0,14,1410113,20,1,1,,,13.0,2,0,2024
167440701.0,14,1410113,26,1,2,,,13.0,5,1,2024
167440701.0,14,1410113,25,1,2,12,2,13.0,6,0,2024
167440701.0,14,1410113,82,1,2,,,8.0,6,0,2024
167630101.0,14,1410112,70,1,2,,,9.0,1,1,2024
167630301.0,14,1410112,44,1,2,,,9.0,4,1,2024
167630601.0,14,1410112,84,1,2,,,6.0,3,1,2024
167630701.0,14,1410112,49,1,2,,,9.0,4,1,2024
167630701.0,14,1410112,22,1,1,,,13.0,4,0,2024
167630701.0,14,1410112,16,1,1,,,9.0,2,0,2024
167630701.0,14,1410112,42,1,2,,,9.0,4,0,2024
169470201.0,14,1410824,50,1,2,,,9.0,4,0,2024
169470201.0,14,1410824,76,4,2,,,6.0,1,1,2024
169470201.0,14,1410824,16,1,1,,,9.0,2,0,2024
169470201.0,14,1410824,11,,1,,,7.0,5,,2024
169470301.0,14,1410824,29,1,2,,,9.0,4,0,2024
169470301.0,14,1410824,30,1,2,,,9.0,4,0,2024
169470301.0,14,1410824,56,1,2,,,9.0,4,1,2024
169470301.0,14,1410824,4,,1,,,3.0,,,2024
169470301.0,14,1410824,10,,1,,,7.0,4,,2024
169470401.0,14,1410824,47,1,2,,,9.0,4,1,2024
169470501.0,14,1410824,55,1,2,,,9.0,4,1,2024
169470501.0,14,1410824,28,1,2,,,11.0,4,0,2024
169470501.0,14,1410824,13,,1,,,7.0,8,,2024
169470701.0,14,1410824,76,1,2,,,1.0,,1,2024
169470901.0,14,1410824,79,1,2,,,6.0,4,1,2024
169470901.0,14,1410824,86,4,2,,,6.0,1,0,2024
169470901.0,14,1410824,39,1,2,,,13.0,4,0,2024
169471001.0,14,1410824,62,1,2,,,9.0,4,1,2024
169471001.0,14,1410824,22,1,1,,,13.0,5,0,2024
169960101.0,14,1410112,65,1,2,,,7.0,8,1,2024
169960101.0,14,1410112,62,4,2,,,7.0,4,0,2024
169960101.0,14,1410112,24,1,2,8,4,9.0,4,0,2024
169960201.0,14,1410112,74,1,2,,,10.0,5,1,2024
169960201.0,14,1410112,70,1,2,,,9.0,4,0,2024
169960401.0,14,1410112,31,1,2,,,12.0,3,1,2024
169960401.0,14,1410112,5,,1,,,4.0,,,2024
169960401.0,14,1410112,33,1,2,,,13.0,5,0,2024
169960701.0,14,1410112,47,1,2,,,11.0,4,1,2024
169960701.0,14,1410112,19,1,2,12,2,9.0,4,0,2024
169960801.0,14,1410112,42,1,2,,,13.0,5,1,2024
169960801.0,14,1410112,14,,1,,,7.0,8,0,2024
171340101.0,14,1410814,70,1,2,,,6.0,6,1,2024
171340201.0,14,1410814,78,1,2,,,6.0,6,1,2024
171340301.0,14,1410814,41,1,2,,,9.0,3,1,2024
171340301.0,14,1410814,5,,1,,,4.0,,,2024
171340301.0,14,1410814,43,1,2,,,7.0,8,0,2024
171340401.0,14,1410814,71,1,2,,,6.0,5,1,2024
171340401.0,14,1410814,64,4,2,,,1.0,,0,2024
171340501.0,14,1410814,88,1,2,,,1.0,,1,2024
171340501.0,14,1410814,35,1,2,,,13.0,4,0,2024
171340601.0,14,1410814,53,1,2,,,7.0,2,1,2024
171340601.0,14,1410814,19,1,1,,,11.0,4,0,2024
171340601.0,14,1410814,61,1,2,,,9.0,4,0,2024
171340601.0,14,1410814,20,1,2,13,4,9.0,2,0,2024
171340701.0,14,1410814,47,1,2,,,11.0,4,0,2024
171340701.0,14,1410814,48,1,2,,,11.0,4,1,2024
171340701.0,14,1410814,25,1,2,14,4,11.0,4,0,2024
171340701.0,14,1410814,21,1,2,12,3,11.0,4,0,2024
171340701.0,14,1410814,15,1,1,,,11.0,1,0,2024
171380101.0,14,1420111,38,1,1,,,12.0,2,1,2024
171380201.0,14,1420111,22,1,2,12,4,11.0,4,1,2024
171380201.0,14,1420111,41,1,2,,,12.0,3,0,2024
171380301.0,14,1420111,71,1,2,,,7.0,5,1,2024
171380401.0,14,1420111,61,1,2,,,9.0,4,1,2024
171380501.0,14,1420111,56,1,2,,,7.0,8,0,2024
171380501.0,14,1420111,63,1,2,,,7.0,2,1,2024
171380501.0,14,1420111,37,1,2,,,11.0,4,0,2024
171380601.0,14,1420111,34,1,2,,,7.0,8,1,2024
171380601.0,14,1420111,11,,1,,,7.0,5,,2024
171380601.0,14,1420111,15,1,1,,,7.0,8,0,2024
171380601.0,14,1420111,10,,1,,,7.0,4,,2024
171380701.0,14,1420111,25,1,1,,,12.0,2,1,2024
171380701.0,14,1420111,21,1,2,8,2,13.0,1,0,2024
171380801.0,14,1420111,61,1,2,,,9.0,4,1,2024
171380801.0,14,1420111,63,1,2,,,9.0,4,0,2024
171650101.0,14,1410111,63,1,2,,,8.0,1,1,2024
171650101.0,14,1410111,9,,1,,,7.0,4,,2024
171650101.0,14,1410111,43,1,2,,,7.0,8,0,2024
171650101.0,14,1410111,34,1,2,,,9.0,4,0,2024
171650201.0,14,1410111,38,1,2,,,11.0,4,0,2024
171650201.0,14,1410111,38,1,2,,,11.0,4,1,2024
171650201.0,14,1410111,16,1,1,,,9.0,1,0,2024
171650201.0,14,1410111,11,,1,,,7.0,5,,2024
171650201.0,14,1410111,72,4,2,,,7.0,3,0,2024
171650201.0,14,1410111,80,2,2,,,7.0,4,0,2024
171650201.0,14,1410111,50,1,2,,,9.0,3,0,2024
171650301.0,14,1410111,20,1,1,,,13.0,2,0,2024
171650301.0,14,1410111,48,1,2,,,11.0,1,0,2024
171650301.0,14,1410111,79,1,2,,,8.0,4,0,2024
171650301.0,14,1410111,76,1,2,,,7.0,8,1,2024
171650601.0,14,1410111,96,4,2,,,1.0,,1,2024
171650601.0,14,1410111,55,4,2,,,5.0,,0,2024
171650701.0,14,1410111,50,1,2,,,9.0,4,0,2024
171650701.0,14,1410111,48,1,2,,,9.0,3,1,2024
171650701.0,14,1410111,26,1,2,,,11.0,4,0,2024
171650801.0,14,1410111,43,1,2,,,9.0,2,1,2024
171650801.0,14,1410111,44,1,2,,,9.0,2,0,2024
171650801.0,14,1410111,17,1,1,,,11.0,3,0,2024
171650801.0,14,1410111,10,,1,,,7.0,5,,2024
171660201.0,14,1410814,19,1,2,12,3,9.0,2,1,2024
171660401.0,14,1410814,50,1,2,,,7.0,5,1,2024
171660401.0,14,1410814,31,1,2,,,9.0,4,0,2024
171660401.0,14,1410814,12,,1,,,7.0,7,,2024
171660401.0,14,1410814,24,1,2,8,4,12.0,3,0,2024
171660401.0,14,1410814,12,,1,,,7.0,7,,2024
171660701.0,14,1410814,66,1,2,,,7.0,5,1,2024
171660701.0,14,1410814,70,1,2,,,7.0,3,0,2024
172270101.0,14,1410121,60,1,2,,,7.0,8,1,2024
172270201.0,14,1410121,52,1,2,,,11.0,5,1,2024
172270201.0,14,1410121,46,1,2,,,9.0,4,0,2024
172270201.0,14,1410121,12,,1,,,7.0,6,,2024
172270301.0,14,1410121,65,1,2,,,9.0,4,1,2024
172270301.0,14,1410121,64,1,2,,,9.0,-88,0,2024
172270401.0,14,1410121,34,1,2,,,11.0,4,1,2024
172270401.0,14,1410121,35,1,2,,,9.0,1,0,2024
172270801.0,14,1410121,66,1,2,,,11.0,1,1,2024
172270801.0,14,1410121,51,2,2,,,7.0,4,0,2024
172270801.0,14,1410121,30,1,2,,,11.0,4,0,2024
172270901.0,14,1410121,51,1,2,,,12.0,3,1,2024
172270901.0,14,1410121,16,1,1,,,9.0,2,0,2024
172271001.0,14,1410121,57,1,2,,,9.0,4,1,2024
172271001.0,14,1410121,39,1,2,,,12.0,3,0,2024
172271001.0,14,1410121,14,,1,,,7.0,8,0,2024
172271001.0,14,1410121,12,,1,,,7.0,5,,2024
172271001.0,14,1410121,5,,1,,,4.0,,,2024
173410101.0,14,1410111,32,1,1,,,12.0,3,1,2024
173410101.0,14,1410111,12,,1,,,7.0,7,,2024
173410301.0,14,1410111,79,1,2,,,6.0,3,1,2024
173410501.0,14,1410111,73,1,2,,,6.0,4,1,2024
173410501.0,14,1410111,73,1,2,,,6.0,6,0,2024
173410501.0,14,1410111,28,1,1,,,13.0,6,0,2024
173410601.0,14,1410111,56,1,2,,,7.0,8,0,2024
173410601.0,14,1410111,57,1,2,,,7.0,8,1,2024
173410601.0,14,1410111,80,1,2,,,6.0,4,0,2024
173410701.0,14,1410111,46,1,2,,,13.0,5,1,2024
173410701.0,14,1410111,52,1,2,,,11.0,4,0,2024
173410801.0,14,1410111,21,1,1,,,13.0,2,1,2024
173490101.0,14,1410624,38,1,2,,,13.0,5,1,2024
173490101.0,14,1410624,35,1,2,,,13.0,4,0,2024
173490101.0,14,1410624,9,,1,,,7.0,3,,2024
173490101.0,14,1410624,7,,1,,,7.0,2,,2024
173490101.0,14,1410624,0,,2,,,1.0,,,2024
173490201.0,14,1410624,39,1,2,,,9.0,4,1,2024
173490301.0,14,1410624,83,1,2,,,13.0,4,0,2024
173490301.0,14,1410624,81,1,2,,,13.0,3,1,2024
173490401.0,14,1410624,67,1,2,,,9.0,2,1,2024
173490401.0,14,1410624,27,1,2,,,11.0,4,0,2024
173490601.0,14,1410624,73,1,2,,,7.0,8,0,2024
173490601.0,14,1410624,74,1,2,,,7.0,8,1,2024
173490901.0,14,1410624,50,1,2,,,7.0,7,1,2024
173490901.0,14,1410624,70,1,2,,,6.0,6,0,2024
173491001.0,14,1410624,70,1,2,,,7.0,8,1,2024
173491001.0,14,1410624,77,1,2,,,7.0,8,0,2024
173550101.0,14,1410113,52,1,1,,,13.0,2,1,2024
173550101.0,14,1410113,70,1,2,,,7.0,8,0,2024
173550101.0,14,1410113,72,1,2,,,13.0,5,0,2024
173550101.0,14,1410113,49,2,2,,,13.0,5,0,2024
173550101.0,14,1410113,16,1,1,,,9.0,2,0,2024
173550101.0,14,1410113,15,1,1,,,9.0,1,0,2024
173550201.0,14,1410113,55,1,2,,,13.0,5,1,2024
173550201.0,14,1410113,27,1,2,,,13.0,7,0,2024
173550401.0,14,1410113,36,1,2,,,13.0,5,1,2024
173550501.0,14,1410113,29,1,2,,,13.0,6,1,2024
173550501.0,14,1410113,30,1,2,,,13.0,5,0,2024
173550501.0,14,1410113,3,,1,,,3.0,,,2024
173550501.0,14,1410113,1,,1,,,2.0,,,2024
173550701.0,14,1410113,56,1,2,,,13.0,5,1,2024
173550701.0,14,1410113,48,1,2,,,12.0,3,0,2024
173810101.0,14,1420424,65,1,2,,,7.0,6,1,2024
173810201.0,14,1420424,100,1,2,,,7.0,7,1,2024
173810201.0,14,1420424,54,1,2,,,7.0,4,0,2024
173810301.0,14,1420424,55,2,2,,,7.0,3,1,2024
173810301.0,14,1420424,18,1,2,8,2,7.0,8,0,2024
173810501.0,14,1420424,73,1,2,,,7.0,4,1,2024
173810601.0,14,1420424,43,1,2,,,11.0,4,1,2024
173810601.0,14,1420424,43,1,2,,,9.0,4,0,2024
173810601.0,14,1420424,21,1,2,8,3,9.0,4,0,2024
173810601.0,14,1420424,7,,1,,,7.0,2,,2024
173810601.0,14,1420424,4,,2,,,1.0,,,2024
173810701.0,14,1420424,32,1,2,,,11.0,4,1,2024
173810701.0,14,1420424,31,1,2,,,11.0,4,0,2024
173810701.0,14,1420424,9,,1,,,7.0,3,,2024
173810701.0,14,1420424,1,,2,,,1.0,,,2024
173810801.0,14,1420424,69,1,2,,,9.0,2,1,2024
173810801.0,14,1420424,24,1,2,8,4,11.0,4,0,2024
173810801.0,14,1420424,59,1,2,,,7.0,8,0,2024
173810801.0,14,1420424,48,1,2,,,7.0,8,0,2024
173810801.0,14,1420424,21,1,2,8,4,11.0,4,0,2024
173810901.0,14,1420424,76,1,2,,,7.0,7,1,2024
173810901.0,14,1420424,66,1,2,,,7.0,8,0,2024
173810901.0,14,1420424,25,1,2,6,4,11.0,4,0,2024
173810901.0,14,1420424,1,,2,,,1.0,,,2024
173811001.0,14,1420424,55,1,2,,,9.0,4,1,2024
173811001.0,14,1420424,84,1,2,,,7.0,4,0,2024
173811001.0,14,1420424,26,1,2,,,9.0,4,0,2024
173811001.0,14,1420424,28,1,2,,,9.0,4,0,2024
173811001.0,14,1420424,8,,1,,,7.0,3,,2024
173811001.0,14,1420424,2,,2,,,1.0,,,2024
173811001.0,14,1420424,28,1,2,,,9.0,4,0,2024
174720101.0,14,1410824,52,1,2,,,9.0,4,1,2024
174720101.0,14,1410824,46,1,2,,,9.0,4,0,2024
174720101.0,14,1410824,20,1,1,,,13.0,1,0,2024
174720201.0,14,1410824,68,1,2,,,7.0,7,1,2024
174720201.0,14,1410824,79,1,2,,,7.0,2,0,2024
174720401.0,14,1410824,42,1,2,,,7.0,8,1,2024
174720401.0,14,1410824,26,1,2,,,9.0,4,0,2024
174720501.0,14,1410824,60,1,2,,,7.0,7,1,2024
174720501.0,14,1410824,29,1,2,,,11.0,4,0,2024
174720501.0,14,1410824,75,1,2,,,7.0,3,0,2024
174720601.0,14,1410824,46,1,2,,,11.0,3,1,2024
174720601.0,14,1410824,10,,1,,,7.0,3,,2024
174720601.0,14,1410824,14,,1,,,9.0,2,0,2024
174720601.0,14,1410824,12,,1,,,7.0,8,,2024
174720701.0,14,1410824,51,1,2,,,9.0,2,1,2024
174720701.0,14,1410824,46,1,2,,,11.0,4,0,2024
174720701.0,14,1410824,22,1,1,,,13.0,4,0,2024
174720701.0,14,1410824,18,1,2,8,2,9.0,4,0,2024
174720701.0,14,1410824,16,1,1,,,9.0,2,0,2024
174720801.0,14,1410824,67,1,2,,,7.0,8,1,2024
174720801.0,14,1410824,65,4,2,,,7.0,3,0,2024
174720801.0,14,1410824,17,1,1,,,9.0,3,0,2024
174721001.0,14,1410824,52,1,2,,,7.0,8,0,2024
174721001.0,14,1410824,54,1,2,,,7.0,7,1,2024
174721001.0,14,1410824,28,1,2,,,11.0,4,0,2024
174721001.0,14,1410824,19,1,2,11,3,11.0,4,0,2024
175920101.0,14,1420111,62,1,2,,,7.0,6,1,2024
175920101.0,14,1420111,8,,1,,,7.0,2,,2024
175920101.0,14,1420111,6,,1,,,7.0,1,,2024
175920101.0,14,1420111,27,1,2,,,11.0,4,0,2024
175920101.0,14,1420111,26,1,2,,,11.0,4,0,2024
175920201.0,14,1420111,70,1,2,,,7.0,4,1,2024
175920201.0,14,1420111,20,1,2,8,3,11.0,4,0,2024
175920201.0,14,1420111,18,1,1,,,13.0,1,0,2024
175920301.0,14,1420111,18,1,1,,,9.0,4,0,2024
175920301.0,14,1420111,37,1,2,,,9.0,4,1,2024
175920301.0,14,1420111,2,,2,,,1.0,,,2024
175920301.0,14,1420111,37,1,2,,,9.0,4,0,2024
175920401.0,14,1420111,34,1,2,,,7.0,6,1,2024
175920401.0,14,1420111,41,1,2,,,9.0,4,0,2024
175920401.0,14,1420111,14,,1,,,7.0,7,0,2024
175920401.0,14,1420111,9,,1,,,7.0,2,,2024
175920401.0,14,1420111,7,,1,,,7.0,1,,2024
175920401.0,14,1420111,0,,2,,,1.0,,,2024
175920501.0,14,1420111,19,1,1,,,13.0,1,1,2024
175920501.0,14,1420111,10,,1,,,7.0,5,,2024
175920501.0,14,1420111,43,1,2,,,7.0,8,0,2024
175920601.0,14,1420111,41,1,2,,,11.0,4,1,2024
175920601.0,14,1420111,13,,1,,,7.0,8,,2024
175920801.0,14,1420111,36,1,2,,,12.0,2,1,2024
175920801.0,14,1420111,14,,1,,,7.0,8,0,2024
175960101.0,14,1410113,60,1,2,,,14.0,2,1,2024
175960101.0,14,1410113,55,1,2,,,15.0,5,0,2024
175960101.0,14,1410113,21,1,1,,,13.0,2,0,2024
175960101.0,14,1410113,13,,1,,,7.0,5,,2024
175960301.0,14,1410113,68,1,2,,,13.0,5,1,2024
175960301.0,14,1410113,65,1,2,,,9.0,4,0,2024
175960401.0,14,1410113,43,2,2,,,13.0,5,1,2024
175960401.0,14,1410113,43,1,2,,,13.0,5,0,2024
175960401.0,14,1410113,8,,1,,,7.0,3,,2024
175960601.0,14,1410113,61,1,2,,,14.0,2,1,2024
175960701.0,14,1410113,53,1,2,,,13.0,5,1,2024
175960701.0,14,1410113,12,,1,,,7.0,5,,2024
175960801.0,14,1410113,66,1,2,,,12.0,3,1,2024
175960801.0,14,1410113,93,1,2,,,12.0,3,0,2024
176430201.0,14,1410113,50,1,2,,,11.0,4,1,2024
176430201.0,14,1410113,8,,1,,,7.0,2,,2024
176430401.0,14,1410113,66,1,2,,,10.0,4,0,2024
176430401.0,14,1410113,85,1,2,,,8.0,2,1,2024
176430501.0,14,1410113,68,1,2,,,13.0,3,1,2024
176430601.0,14,1410113,73,1,2,,,13.0,5,1,2024
176430601.0,14,1410113,67,1,2,,,13.0,5,0,2024
176860101.0,14,1410112,68,1,2,,,7.0,8,1,2024
176860101.0,14,1410112,62,1,2,,,7.0,8,0,2024
176860101.0,14,1410112,36,1,2,,,12.0,2,0,2024
176860101.0,14,1410112,25,1,2,13,4,13.0,1,0,2024
176860101.0,14,1410112,10,,1,,,7.0,5,,2024
176860301.0,14,1410112,63,1,2,,,11.0,4,1,2024
176860301.0,14,1410112,24,1,2,8,4,11.0,4,0,2024
176860401.0,14,1410112,33,1,2,,,12.0,3,1,2024
176860601.0,14,1410112,55,1,2,,,9.0,4,1,2024
176860601.0,14,1410112,59,1,2,,,9.0,4,0,2024
176860601.0,14,1410112,34,1,2,,,13.0,5,0,2024
176860601.0,14,1410112,29,1,2,,,13.0,5,0,2024
176860601.0,14,1410112,8,,1,,,7.0,2,,2024
176860601.0,14,1410112,5,,1,,,4.0,,,2024
176860701.0,14,1410112,42,1,2,,,9.0,4,1,2024
176860701.0,14,1410112,38,1,2,,,9.0,4,0,2024
176860701.0,14,1410112,27,1,2,,,11.0,4,0,2024
176860701.0,14,1410112,12,,1,,,7.0,7,,2024
176860701.0,14,1410112,8,,1,,,7.0,2,,2024
176860801.0,14,1410112,60,1,2,,,9.0,4,1,2024
177100201.0,14,1420117,64,4,2,,,1.0,,1,2024
177100201.0,14,1420117,19,1,2,7,4,9.0,2,0,2024
177100201.0,14,1420117,21,1,1,,,13.0,3,0,2024
177100202.0,14,1420117,19,1,2,6,4,9.0,3,1,2024
177100301.0,14,1420117,19,1,1,,,12.0,2,0,2024
177100301.0,14,1420117,40,1,2,,,9.0,2,1,2024
177100501.0,14,1420117,86,1,2,,,8.0,6,1,2024
177100601.0,14,1420117,67,1,2,,,13.0,5,1,2024
177100701.0,14,1420117,65,1,2,,,13.0,4,1,2024
178120101.0,14,1410111,94,1,2,,,10.0,4,1,2024
178120401.0,14,1410111,67,1,2,,,8.0,6,0,2024
178120401.0,14,1410111,68,1,2,,,8.0,6,1,2024
178120601.0,14,1410111,65,1,2,,,11.0,4,1,2024
178120601.0,14,1410111,66,1,2,,,7.0,8,0,2024
178120601.0,14,1410111,34,1,2,,,11.0,4,0,2024
178120701.0,14,1410111,47,1,2,,,7.0,6,1,2024
178120701.0,14,1410111,31,4,2,,,5.0,,0,2024
178120701.0,14,1410111,20,1,1,,,12.0,2,0,2024
178120701.0,14,1410111,17,1,1,,,11.0,4,0,2024
178120701.0,14,1410111,15,1,1,,,9.0,1,0,2024
178120801.0,14,1410111,36,1,1,,,9.0,2,1,2024
178120801.0,14,1410111,16,1,1,,,11.0,2,0,2024
178120801.0,14,1410111,6,,1,,,4.0,,,2024
178720101.0,14,1410714,59,1,2,,,9.0,4,1,2024
178720101.0,14,1410714,38,1,2,,,12.0,3,0,2024
178720401.0,14,1410714,70,1,2,,,13.0,7,1,2024
178720401.0,14,1410714,64,1,2,,,9.0,4,0,2024
178720501.0,14,1410714,44,1,2,,,9.0,4,0,2024
178720501.0,14,1410714,51,1,2,,,13.0,5,1,2024
178720501.0,14,1410714,23,1,1,,,13.0,5,0,2024
178720501.0,14,1410714,22,1,1,,,13.0,4,0,2024
178720501.0,14,1410714,18,1,1,,,9.0,4,0,2024
178720601.0,14,1410714,48,1,2,,,9.0,4,0,2024
178720601.0,14,1410714,44,1,2,,,13.0,5,1,2024
178720701.0,14,1410714,70,1,2,,,7.0,6,1,2024
178720701.0,14,1410714,22,1,1,,,13.0,4,0,2024
178840101.0,14,1410112,33,1,2,,,9.0,4,1,2024
178840101.0,14,1410112,9,,1,,,7.0,5,,2024
178840201.0,14,1410112,53,1,2,,,9.0,4,0,2024
178840201.0,14,1410112,53,1,2,,,9.0,4,1,2024
178840201.0,14,1410112,25,1,1,,,13.0,3,0,2024
178840301.0,14,1410112,33,1,2,,,9.0,1,1,2024
178840301.0,14,1410112,34,1,2,,,13.0,1,0,2024
178840301.0,14,1410112,2,,1,,,3.0,,,2024
178840301.0,14,1410112,21,1,2,7,-88,9.0,1,0,2024
178840401.0,14,1410112,78,1,2,,,6.0,6,1,2024
178840601.0,14,1410112,24,1,2,11,4,13.0,4,1,2024
178840601.0,14,1410112,23,1,2,8,4,11.0,4,0,2024
178840701.0,14,1410112,57,1,2,,,7.0,2,0,2024
178840701.0,14,1410112,56,1,2,,,9.0,3,1,2024
178840801.0,14,1410112,63,1,2,,,7.0,7,1,2024
178840801.0,14,1410112,35,1,2,,,9.0,1,0,2024
182000101.0,14,1410112,40,1,2,,,13.0,5,1,2024
182000101.0,14,1410112,13,,1,,,7.0,7,,2024
182000101.0,14,1410112,6,,1,,,4.0,,,2024
182000201.0,14,1410112,62,1,2,,,12.0,3,1,2024
182000301.0,14,1410112,42,1,2,,,11.0,4,1,2024
182000401.0,14,1410112,57,1,2,,,13.0,5,1,2024
182000501.0,14,1410112,51,1,2,,,12.0,3,1,2024
182000501.0,14,1410112,18,1,1,,,13.0,1,0,2024
182000501.0,14,1410112,1,,2,,,1.0,,,2024
182000701.0,14,1410112,48,1,2,,,7.0,5,1,2024
182000701.0,14,1410112,9,,1,,,7.0,3,,2024
182000701.0,14,1410112,7,,1,,,5.0,,,2024
182000801.0,14,1410112,50,1,2,,,11.0,3,1,2024
182000801.0,14,1410112,13,,1,,,5.0,,,2024
182000801.0,14,1410112,13,,1,,,7.0,7,,2024
182000801.0,14,1410112,73,1,2,,,6.0,3,0,2024
182080201.0,14,1420324,64,1,2,,,9.0,4,1,2024
182080201.0,14,1420324,57,1,2,,,13.0,2,0,2024
182080201.0,14,1420324,12,,1,,,7.0,7,,2024
182080301.0,14,1420324,63,1,2,,,9.0,4,1,2024
182080301.0,14,1420324,45,1,2,,,7.0,8,0,2024
182080301.0,14,1420324,18,1,1,,,9.0,4,0,2024
182080301.0,14,1420324,14,,1,,,7.0,8,0,2024
182080501.0,14,1420324,67,1,2,,,9.0,4,1,2024
182080501.0,14,1420324,55,1,2,,,9.0,2,0,2024
182080801.0,14,1420324,51,1,2,,,9.0,2,1,2024
182080801.0,14,1420324,19,1,1,,,11.0,3,0,2024
182080901.0,14,1420324,65,1,2,,,7.0,8,1,2024
182080901.0,14,1420324,38,1,2,,,9.0,4,0,2024
182080901.0,14,1420324,19,1,1,,,13.0,1,0,2024
182080901.0,14,1420324,36,1,2,,,9.0,4,0,2024
182930201.0,14,1410112,39,1,2,,,13.0,2,1,2024
182930201.0,14,1410112,18,1,1,,,9.0,4,0,2024
182930201.0,14,1410112,12,,1,,,7.0,7,,2024
182930301.0,14,1410112,35,1,2,,,9.0,4,1,2024
182930301.0,14,1410112,38,1,2,,,9.0,4,0,2024
182930301.0,14,1410112,15,1,1,,,7.0,8,0,2024
182930301.0,14,1410112,12,,1,,,7.0,6,,2024
182930801.0,14,1410112,27,1,2,,,11.0,4,1,2024
182930801.0,14,1410112,27,1,2,,,9.0,4,0,2024
182930801.0,14,1410112,9,,1,,,7.0,4,,2024
182930801.0,14,1410112,40,1,2,,,12.0,3,0,2024
183820101.0,14,1410112,68,1,2,,,7.0,8,1,2024
183820101.0,14,1410112,67,1,2,,,9.0,4,0,2024
183820101.0,14,1410112,40,1,2,,,11.0,4,0,2024
183820301.0,14,1410112,36,1,1,,,13.0,2,1,2024
183820301.0,14,1410112,27,1,1,,,13.0,1,0,2024
183820501.0,14,1410112,66,1,2,,,10.0,3,1,2024
183820501.0,14,1410112,67,1,2,,,7.0,8,0,2024
183820501.0,14,1410112,35,1,2,,,9.0,1,0,2024
183820501.0,14,1410112,28,1,2,,,12.0,3,0,2024
183820501.0,14,1410112,14,,1,,,9.0,1,0,2024
183820501.0,14,1410112,3,,1,,,4.0,,,2024
183820501.0,14,1410112,13,,1,,,7.0,7,,2024
183820501.0,14,1410112,74,1,2,,,6.0,6,0,2024
184350401.0,14,1410112,64,1,2,,,9.0,2,1,2024
184350401.0,14,1410112,32,1,2,,,13.0,6,0,2024
184350401.0,14,1410112,9,,1,,,7.0,3,,2024
184350601.0,14,1410112,28,1,2,,,13.0,2,0,2024
184350601.0,14,1410112,26,1,2,,,13.0,4,1,2024
184350601.0,14,1410112,5,,1,,,4.0,,,2024
184350701.0,14,1410112,27,1,2,,,12.0,3,0,2024
184350701.0,14,1410112,37,1,1,,,13.0,1,1,2024
184350801.0,14,1410112,52,1,2,,,13.0,5,0,2024
184350801.0,14,1410112,92,1,2,,,10.0,-88,1,2024
184920101.0,14,1420424,44,1,2,,,9.0,4,1,2024
184920201.0,14,1420424,55,1,2,,,12.0,3,1,2024
184920201.0,14,1420424,50,1,2,,,13.0,5,0,2024
184920301.0,14,1420424,82,1,2,,,7.0,4,1,2024
184920301.0,14,1420424,74,1,2,,,7.0,3,0,2024
184920501.0,14,1420424,55,1,2,,,9.0,4,1,2024
184920501.0,14,1420424,17,1,1,,,12.0,1,0,2024
184920501.0,14,1420424,6,,1,,,4.0,,,2024
184920501.0,14,1420424,4,,2,,,2.0,,,2024
184920501.0,14,1420424,30,1,2,,,7.0,8,0,2024
184920601.0,14,1420424,59,1,2,,,12.0,3,0,2024
184920601.0,14,1420424,20,1,1,,,13.0,1,0,2024
184920601.0,14,1420424,82,1,2,,,7.0,4,0,2024
184920601.0,14,1420424,58,1,2,,,13.0,5,1,2024
184920701.0,14,1420424,79,1,2,,,7.0,8,1,2024
184920801.0,14,1420424,68,1,2,,,9.0,2,1,2024
184920901.0,14,1420424,35,1,2,,,9.0,4,1,2024
184920901.0,14,1420424,35,1,2,,,11.0,4,0,2024
184920901.0,14,1420424,11,,1,,,7.0,6,,2024
184921001.0,14,1420424,58,1,2,,,9.0,4,1,2024
184921001.0,14,1420424,52,1,2,,,9.0,4,0,2024
185060101.0,14,1410127,58,1,2,,,9.0,4,1,2024
185060101.0,14,1410127,60,1,2,,,12.0,1,0,2024
185060101.0,14,1410127,81,1,2,,,8.0,6,0,2024
185060201.0,14,1410127,73,1,2,,,8.0,1,1,2024
185060301.0,14,1410127,58,1,2,,,12.0,3,1,2024
185060301.0,14,1410127,54,1,2,,,9.0,4,0,2024
185060301.0,14,1410127,22,1,1,,,13.0,4,0,2024
185060401.0,14,1410127,47,1,2,,,11.0,4,1,2024
185060501.0,14,1410127,45,1,2,,,11.0,4,0,2024
185060501.0,14,1410127,45,1,2,,,11.0,1,1,2024
185060501.0,14,1410127,8,,1,,,7.0,3,,2024
185060501.0,14,1410127,6,,1,,,4.0,,,2024
185060701.0,14,1410127,53,1,2,,,7.0,8,1,2024
185060701.0,14,1410127,14,,1,,,7.0,8,0,2024
185060701.0,14,1410127,18,1,1,,,9.0,4,0,2024
185060701.0,14,1410127,85,1,2,,,6.0,3,0,2024
185060701.0,14,1410127,52,1,2,,,11.0,5,0,2024
185060801.0,14,1410127,80,1,2,,,6.0,1,1,2024
185060801.0,14,1410127,83,1,2,,,6.0,4,0,2024
185060801.0,14,1410127,58,1,2,,,11.0,4,0,2024
185060802.0,14,1410127,45,1,2,,,11.0,4,1,2024
185060802.0,14,1410127,17,1,2,17,2,9.0,3,0,2024
185060802.0,14,1410127,13,,2,17,3,7.0,6,,2024
185061001.0,14,1410127,61,1,2,,,13.0,5,1,2024
185061001.0,14,1410127,60,1,2,,,11.0,4,0,2024
185061001.0,14,1410127,30,1,2,,,13.0,5,0,2024
185061001.0,14,1410127,28,1,2,,,13.0,7,0,2024
185070101.0,14,1410414,27,1,2,,,13.0,4,1,2024
185070301.0,14,1410414,40,1,2,,,13.0,4,1,2024
185070301.0,14,1410414,39,1,2,,,11.0,4,0,2024
185070301.0,14,1410414,7,,1,,,7.0,1,,2024
185070401.0,14,1410414,73,1,2,,,6.0,3,0,2024
185070401.0,14,1410414,80,1,2,,,6.0,3,1,2024
185070401.0,14,1410414,50,4,2,,,5.0,,0,2024
185070501.0,14,1410414,76,1,2,,,7.0,1,1,2024
185070501.0,14,1410414,86,4,2,,,1.0,,0,2024
185070601.0,14,1410414,39,1,2,,,13.0,4,1,2024
185070701.0,14,1410414,49,1,2,,,9.0,1,1,2024
185070801.0,14,1410414,69,1,2,,,10.0,2,1,2024
185070801.0,14,1410414,56,1,2,,,7.0,6,0,2024
185510201.0,14,1420424,49,1,2,,,9.0,1,1,2024
185510201.0,14,1420424,44,1,2,,,11.0,4,0,2024
185510201.0,14,1420424,24,1,1,,,13.0,4,0,2024
185510201.0,14,1420424,16,1,1,,,9.0,2,0,2024
185510201.0,14,1420424,13,,1,,,7.0,6,,2024
185510201.0,14,1420424,0,,2,,,1.0,,,2024
185510501.0,14,1420424,28,1,2,,,12.0,3,0,2024
185510501.0,14,1420424,29,1,2,,,12.0,3,1,2024
185510501.0,14,1420424,2,,2,,,1.0,,,2024
185510801.0,14,1420424,68,1,2,,,7.0,6,1,2024
185510801.0,14,1420424,58,1,2,,,7.0,3,0,2024
185511001.0,14,1420424,49,1,2,,,11.0,4,1,2024
185511001.0,14,1420424,49,1,2,,,7.0,8,0,2024
185511001.0,14,1420424,19,1,1,,,13.0,1,0,2024
185720101.0,14,1420111,47,1,2,,,9.0,4,1,2024
185720101.0,14,1420111,10,,1,,,7.0,3,,2024
185720101.0,14,1420111,30,1,2,,,9.0,4,0,2024
185720201.0,14,1420111,71,1,2,,,7.0,8,1,2024
185720201.0,14,1420111,30,1,2,,,11.0,4,0,2024
185720301.0,14,1420111,45,1,2,,,7.0,5,1,2024
185720301.0,14,1420111,23,1,2,8,4,9.0,4,0,2024
185720301.0,14,1420111,16,1,1,,,9.0,2,0,2024
185720301.0,14,1420111,21,1,2,12,1,12.0,3,0,2024
185720301.0,14,1420111,2,,1,,,3.0,,,2024
185720401.0,14,1420111,30,1,2,,,12.0,2,1,2024
185720401.0,14,1420111,12,,1,,,7.0,6,,2024
185720401.0,14,1420111,4,,1,,,3.0,,,2024
185720601.0,14,1420111,37,1,2,,,11.0,4,1,2024
185720601.0,14,1420111,17,1,1,,,11.0,4,0,2024
185720601.0,14,1420111,7,,1,,,7.0,1,,2024
185720601.0,14,1420111,7,,1,,,7.0,1,,2024
185720701.0,14,1420111,26,1,2,,,13.0,3,1,2024
185720701.0,14,1420111,4,,1,,,4.0,,,2024
185720701.0,14,1420111,2,,1,,,3.0,,,2024
185720701.0,14,1420111,22,1,1,,,12.0,1,0,2024
185720801.0,14,1420111,42,1,2,,,9.0,4,0,2024
185720801.0,14,1420111,17,1,1,,,9.0,2,0,2024
185720801.0,14,1420111,8,,2,17,5,7.0,2,,2024
185720801.0,14,1420111,7,,2,17,5,7.0,2,,2024
185720801.0,14,1420111,43,1,2,,,9.0,4,1,2024
185810101.0,14,1420214,29,1,2,,,9.0,4,1,2024
185810101.0,14,1420214,36,1,2,,,9.0,4,0,2024
185810101.0,14,1420214,6,,1,,,4.0,,,2024
185810101.0,14,1420214,14,,1,,,11.0,1,0,2024
185810201.0,14,1420214,46,1,2,,,9.0,2,1,2024
185810201.0,14,1420214,9,,1,,,7.0,3,,2024
185810201.0,14,1420214,27,1,2,,,11.0,4,0,2024
185810301.0,14,1420214,76,4,2,,,7.0,3,1,2024
185810501.0,14,1420214,63,1,2,,,7.0,8,1,2024
185810501.0,14,1420214,65,1,2,,,9.0,1,0,2024
185810601.0,14,1420214,53,2,2,,,7.0,3,1,2024
185810601.0,14,1420214,58,2,2,,,7.0,8,0,2024
185810701.0,14,1420214,90,1,2,,,6.0,5,1,2024
185810701.0,14,1420214,43,1,2,,,9.0,4,0,2024
185810701.0,14,1420214,19,1,2,8,3,11.0,4,0,2024
185810801.0,14,1420214,30,1,2,,,11.0,4,1,2024
185810801.0,14,1420214,24,1,2,2,4,11.0,4,0,2024
185810801.0,14,1420214,3,,1,,,3.0,,,2024
186410101.0,14,1420416,46,1,2,,,12.0,2,1,2024
186410101.0,14,1420416,27,1,2,,,13.0,3,0,2024
186410101.0,14,1420416,14,,1,,,7.0,8,0,2024
186410201.0,14,1420416,66,1,2,,,9.0,3,1,2024
186410201.0,14,1420416,40,1,2,,,11.0,4,0,2024
186410301.0,14,1420416,68,1,2,,,9.0,2,1,2024
186410301.0,14,1420416,67,1,2,,,9.0,1,0,2024
186410401.0,14,1420416,73,4,2,,,1.0,,1,2024
186410401.0,14,1420416,45,1,2,,,12.0,3,0,2024
186410501.0,14,1420416,72,1,2,,,7.0,8,1,2024
186410601.0,14,1420416,67,1,2,,,6.0,4,1,2024
186410701.0,14,1420416,71,1,2,,,14.0,3,0,2024
186410701.0,14,1420416,74,1,2,,,9.0,4,1,2024
186410801.0,14,1420416,73,1,2,,,13.0,5,1,2024
186410801.0,14,1420416,74,1,2,,,13.0,5,0,2024
186490401.0,14,1410113,18,1,1,,,13.0,1,1,2024
186490401.0,14,1410113,18,1,1,,,13.0,1,0,2024
186490601.0,14,1410113,86,1,2,,,8.0,6,1,2024
186490601.0,14,1410113,36,1,2,,,13.0,5,0,2024
187130101.0,14,1420111,45,1,2,,,13.0,4,1,2024
187130101.0,14,1420111,79,1,2,,,7.0,6,0,2024
187130201.0,14,1420111,36,1,1,,,13.0,4,1,2024
187130201.0,14,1420111,39,1,1,,,13.0,1,0,2024
187130301.0,14,1420111,72,1,2,,,11.0,5,1,2024
187130401.0,14,1420111,25,1,2,12,4,9.0,4,0,2024
187130401.0,14,1420111,17,1,1,,,9.0,1,0,2024
187130401.0,14,1420111,22,1,2,3,4,11.0,5,1,2024
187130401.0,14,1420111,0,,2,,,1.0,,,2024
187130501.0,14,1420111,51,1,2,,,7.0,8,1,2024
187130501.0,14,1420111,47,1,2,,,7.0,8,0,2024
187130601.0,14,1420111,78,1,2,,,9.0,4,1,2024
187130601.0,14,1420111,78,1,2,,,13.0,4,0,2024
187130801.0,14,1420111,78,2,2,,,1.0,,1,2024
187130801.0,14,1420111,57,1,2,,,7.0,4,0,2024
187130801.0,14,1420111,100,4,2,,,1.0,,0,2024
187420101.0,14,1410814,67,1,2,,,7.0,4,1,2024
187420101.0,14,1410814,40,1,2,,,9.0,4,0,2024
187420501.0,14,1410814,65,1,2,,,9.0,4,1,2024
187420501.0,14,1410814,30,1,2,,,11.0,4,0,2024
187420601.0,14,1410814,43,1,2,,,13.0,5,1,2024
187420601.0,14,1410814,74,4,2,,,6.0,3,0,2024
187420601.0,14,1410814,14,,1,,,9.0,1,0,2024
187420601.0,14,1410814,19,1,2,10,2,9.0,4,0,2024
187420801.0,14,1410814,18,1,1,,,9.0,4,0,2024
187420801.0,14,1410814,48,1,2,,,9.0,4,1,2024
187420801.0,14,1410814,72,1,2,,,8.0,4,0,2024
187420801.0,14,1410814,92,1,2,,,8.0,6,0,2024
187920101.0,14,1410113,56,1,2,,,12.0,3,1,2024
187920101.0,14,1410113,22,1,1,,,13.0,2,0,2024
187920101.0,14,1410113,15,1,1,,,9.0,2,0,2024
187920201.0,14,1410113,51,1,1,,,12.0,1,1,2024
187920201.0,14,1410113,19,1,1,,,13.0,2,0,2024
187920201.0,14,1410113,16,1,1,,,9.0,2,0,2024
187920401.0,14,1410113,47,1,2,,,13.0,2,1,2024
187920401.0,14,1410113,44,1,2,,,13.0,5,0,2024
187920401.0,14,1410113,19,1,2,9,2,9.0,4,0,2024
187920501.0,14,1410113,38,1,2,,,9.0,4,1,2024
187920501.0,14,1410113,17,1,1,,,9.0,2,0,2024
187920501.0,14,1410113,14,,1,,,7.0,8,0,2024
187920601.0,14,1410113,75,1,2,,,10.0,3,1,2024
187920601.0,14,1410113,78,1,2,,,10.0,3,0,2024
187920701.0,14,1410113,40,1,2,,,13.0,5,1,2024
187920701.0,14,1410113,32,1,2,,,13.0,5,0,2024
187920801.0,14,1410113,56,1,2,,,12.0,2,1,2024
188040101.0,14,1410111,70,1,2,,,8.0,3,1,2024
188040401.0,14,1410111,64,1,2,,,11.0,2,1,2024
188040401.0,14,1410111,40,1,2,,,12.0,3,0,2024
188040501.0,14,1410111,38,1,2,,,9.0,4,1,2024
188040501.0,14,1410111,23,1,1,,,13.0,4,0,2024
188040501.0,14,1410111,18,1,1,,,9.0,3,0,2024
188040601.0,14,1410111,30,1,2,,,11.0,4,1,2024
188040601.0,14,1410111,45,1,2,,,11.0,4,0,2024
188040601.0,14,1410111,22,1,1,,,13.0,3,0,2024
188040601.0,14,1410111,5,,1,,,4.0,,,2024
188040701.0,14,1410111,67,1,2,,,11.0,2,1,2024
189410101.0,14,1410614,59,1,2,,,7.0,4,1,2024
189410101.0,14,1410614,61,4,2,,,1.0,,0,2024
189410201.0,14,1410614,55,1,2,,,9.0,4,1,2024
189410201.0,14,1410614,13,,1,,,7.0,8,,2024
189410301.0,14,1410614,56,1,2,,,13.0,5,1,2024
189410301.0,14,1410614,73,1,2,,,7.0,3,0,2024
189410301.0,14,1410614,33,1,1,,,14.0,1,0,2024
189410301.0,14,1410614,28,1,2,,,13.0,6,0,2024
189410301.0,14,1410614,24,1,1,,,13.0,1,0,2024
189410301.0,14,1410614,22,1,1,,,13.0,2,0,2024
189410301.0,14,1410614,5,,1,,,4.0,,,2024
189410401.0,14,1410614,64,1,2,,,7.0,4,1,2024
189410401.0,14,1410614,30,1,2,,,9.0,4,0,2024
189410401.0,14,1410614,41,1,2,,,9.0,4,0,2024
189410401.0,14,1410614,7,,1,,,7.0,1,,2024
189410501.0,14,1410614,71,1,2,,,13.0,1,1,2024
189410501.0,14,1410614,65,1,2,,,9.0,4,0,2024
189410501.0,14,1410614,38,1,2,,,13.0,4,0,2024
189410501.0,14,1410614,33,1,2,,,14.0,2,0,2024
189410601.0,14,1410614,28,1,2,,,9.0,4,1,2024
189410601.0,14,1410614,34,1,2,,,9.0,4,0,2024
189410601.0,14,1410614,3,,2,,,1.0,,,2024
189410701.0,14,1410614,29,1,1,,,12.0,1,1,2024
189410701.0,14,1410614,34,1,2,,,12.0,-88,0,2024
189410801.0,14,1410614,34,1,2,,,13.0,2,1,2024
189410801.0,14,1410614,12,,1,,,7.0,7,,2024
189410801.0,14,1410614,8,,1,,,7.0,3,,2024
189720201.0,14,1410113,43,1,2,,,14.0,4,1,2024
189720201.0,14,1410113,41,1,2,,,12.0,3,0,2024
189720201.0,14,1410113,18,1,1,,,11.0,4,0,2024
189720501.0,14,1410113,34,1,2,,,14.0,2,0,2024
189720501.0,14,1410113,33,1,2,,,13.0,5,1,2024
189720501.0,14,1410113,3,,2,,,1.0,,,2024
189720601.0,14,1410113,40,1,2,,,13.0,4,0,2024
189720601.0,14,1410113,38,1,2,,,13.0,5,1,2024
189720601.0,14,1410113,2,,2,,,1.0,,,2024
189720801.0,14,1410113,50,1,2,,,13.0,6,1,2024
189720801.0,14,1410113,47,1,2,,,13.0,4,0,2024
189720801.0,14,1410113,12,,1,,,7.0,6,,2024
189720801.0,14,1410113,14,,1,,,7.0,8,0,2024
190440101.0,14,1410314,80,1,2,,,7.0,8,1,2024
190440201.0,14,1410314,46,1,2,,,9.0,1,0,2024
190440201.0,14,1410314,46,1,2,,,7.0,6,1,2024
190440201.0,14,1410314,12,,1,,,7.0,5,,2024
190440201.0,14,1410314,7,,1,,,7.0,2,,2024
190440201.0,14,1410314,20,1,2,8,4,11.0,4,0,2024
190440301.0,14,1410314,59,1,2,,,9.0,4,1,2024
190440401.0,14,1410314,68,1,2,,,7.0,4,1,2024
190440401.0,14,1410314,64,1,2,,,9.0,1,0,2024
190440501.0,14,1410314,71,1,2,,,9.0,4,1,2024
190440601.0,14,1410314,71,1,2,,,6.0,3,1,2024
190440701.0,14,1410314,65,1,2,,,7.0,8,1,2024
190590101.0,14,1410624,75,4,2,,,6.0,1,1,2024
190590201.0,14,1410624,74,1,2,,,6.0,6,1,2024
190590301.0,14,1410624,65,1,2,,,9.0,3,1,2024
190590501.0,14,1410624,42,1,2,,,11.0,4,1,2024
190590501.0,14,1410624,45,1,2,,,9.0,2,0,2024
190590501.0,14,1410624,22,1,1,,,13.0,3,0,2024
190590501.0,14,1410624,17,1,1,,,9.0,4,0,2024
190590501.0,14,1410624,7,,1,,,7.0,1,,2024
190590601.0,14,1410624,38,1,2,,,9.0,4,1,2024
190590601.0,14,1410624,47,1,2,,,7.0,8,0,2024
190590601.0,14,1410624,20,1,2,8,3,9.0,4,0,2024
190590601.0,14,1410624,18,1,2,8,2,9.0,4,0,2024
190590601.0,14,1410624,2,,1,,,2.0,,,2024
190590601.0,14,1410624,1,,1,,,2.0,,,2024
190590701.0,14,1410624,28,1,2,,,9.0,4,1,2024
190590701.0,14,1410624,25,1,2,3,4,9.0,4,0,2024
190590701.0,14,1410624,0,,2,,,1.0,,,2024
190590901.0,14,1410624,68,4,2,,,1.0,,1,2024
190590901.0,14,1410624,64,1,2,,,9.0,2,0,2024
190591001.0,14,1410624,54,1,2,,,9.0,3,1,2024
190700101.0,14,1410112,80,1,2,,,8.0,2,1,2024
190700101.0,14,1410112,53,1,2,,,11.0,4,0,2024
190700101.0,14,1410112,28,1,2,,,13.0,3,0,2024
190700101.0,14,1410112,72,1,2,,,6.0,4,0,2024
190700301.0,14,1410112,72,1,2,,,10.0,1,1,2024
190700301.0,14,1410112,19,1,1,,,13.0,1,0,2024
190700501.0,14,1410112,53,1,2,,,14.0,2,1,2024
190700501.0,14,1410112,53,1,2,,,15.0,5,0,2024
190700501.0,14,1410112,25,1,1,,,13.0,5,0,2024
190700501.0,14,1410112,23,1,2,8,1,13.0,4,0,2024
190700601.0,14,1410112,56,1,2,,,9.0,4,1,2024
190700701.0,14,1410112,62,1,2,,,9.0,3,1,2024
190700701.0,14,1410112,79,1,2,,,10.0,5,0,2024
190700801.0,14,1410112,27,1,2,,,13.0,4,1,2024
190700801.0,14,1410112,28,1,2,,,12.0,2,0,2024
190940301.0,14,1410314,64,1,2,,,9.0,4,1,2024
190940501.0,14,1410314,76,1,2,,,6.0,6,1,2024
190940601.0,14,1410314,33,1,2,,,11.0,4,1,2024
190940601.0,14,1410314,34,1,2,,,9.0,2,0,2024
190940601.0,14,1410314,15,1,1,,,9.0,1,0,2024
190940601.0,14,1410314,12,,1,,,7.0,7,,2024
190940601.0,14,1410314,3,,1,,,3.0,,,2024
190940601.0,14,1410314,7,,1,,,7.0,1,,2024
190940801.0,14,1410314,62,1,2,,,7.0,8,1,2024
190940801.0,14,1410314,59,1,2,,,7.0,4,0,2024
191640101.0,14,1410814,57,1,2,,,9.0,4,1,2024
191640101.0,14,1410814,20,1,1,,,9.0,4,0,2024
191640201.0,14,1410814,66,1,2,,,11.0,2,1,2024
191640201.0,14,1410814,33,1,2,,,11.0,4,0,2024
191640201.0,14,1410814,37,1,2,,,12.0,1,0,2024
191640201.0,14,1410814,7,,1,,,7.0,1,,2024
191640201.0,14,1410814,3,,1,,,3.0,,,2024
191640201.0,14,1410814,3,,1,,,3.0,,,2024
191640301.0,14,1410814,39,1,2,,,13.0,4,1,2024
191640401.0,14,1410814,60,1,2,,,13.0,5,1,2024
191640401.0,14,1410814,52,1,2,,,13.0,5,0,2024
191640401.0,14,1410814,14,,1,,,7.0,8,0,2024
191640501.0,14,1410814,68,4,2,,,7.0,1,1,2024
191640501.0,14,1410814,34,1,2,,,9.0,4,0,2024
191640601.0,14,1410814,76,1,2,,,7.0,5,1,2024
191640701.0,14,1410814,47,1,2,,,12.0,3,1,2024
191640701.0,14,1410814,11,,1,,,7.0,6,,2024
191640801.0,14,1410814,58,1,2,,,7.0,7,1,2024
191640801.0,14,1410814,63,1,2,,,11.0,3,0,2024
191640801.0,14,1410814,20,1,1,,,13.0,2,0,2024
191900101.0,14,1410127,48,1,2,,,13.0,2,1,2024
191900901.0,14,1410127,72,1,2,,,7.0,2,1,2024
191901001.0,14,1410127,51,1,2,,,9.0,4,1,2024
191901001.0,14,1410127,58,1,2,,,9.0,4,0,2024
191901001.0,14,1410127,32,1,2,,,12.0,2,0,2024
191901001.0,14,1410127,25,1,2,5,4,7.0,6,0,2024
191901001.0,14,1410127,17,1,1,,,9.0,4,0,2024
191901001.0,14,1410127,25,4,1,,,5.0,,0,2024
192180101.0,14,1410714,64,1,2,,,9.0,4,1,2024
192180101.0,14,1410714,66,1,2,,,9.0,4,0,2024
192180201.0,14,1410714,66,1,2,,,9.0,1,1,2024
192180201.0,14,1410714,62,1,2,,,7.0,8,0,2024
192180201.0,14,1410714,28,1,2,,,9.0,4,0,2024
192180301.0,14,1410714,64,1,2,,,7.0,6,1,2024
192180401.0,14,1410714,68,1,2,,,7.0,2,1,2024
192180501.0,14,1410714,71,1,2,,,12.0,3,1,2024
192180501.0,14,1410714,60,1,2,,,12.0,3,0,2024
192180801.0,14,1410714,58,1,2,,,7.0,7,1,2024
192180801.0,14,1410714,27,1,2,,,9.0,4,0,2024
192730101.0,14,1420111,67,1,2,,,9.0,4,1,2024
192730101.0,14,1420111,65,1,2,,,9.0,4,0,2024
192730101.0,14,1420111,28,1,2,,,12.0,3,0,2024
192730101.0,14,1420111,19,1,2,8,2,9.0,4,0,2024
192730201.0,14,1420111,26,1,2,,,13.0,3,0,2024
192730201.0,14,1420111,50,1,2,,,7.0,8,0,2024
192730201.0,14,1420111,29,1,2,,,11.0,4,0,2024
192730201.0,14,1420111,48,1,2,,,9.0,2,1,2024
192730401.0,14,1420111,55,1,2,,,7.0,8,0,2024
192730401.0,14,1420111,81,4,2,,,7.0,5,1,2024
192730501.0,14,1420111,41,1,2,,,9.0,4,1,2024
192730501.0,14,1420111,17,1,1,,,9.0,3,0,2024
192730501.0,14,1420111,7,,1,,,7.0,1,,2024
192730701.0,14,1420111,71,1,2,,,9.0,1,1,2024
192730701.0,14,1420111,62,4,2,,,1.0,,0,2024
192730801.0,14,1420111,65,1,2,,,9.0,3,1,2024
192730801.0,14,1420111,37,1,2,,,9.0,4,0,2024
192730801.0,14,1420111,35,1,2,,,9.0,4,0,2024
192730801.0,14,1420111,19,1,1,,,13.0,2,0,2024
192730801.0,14,1420111,14,,1,,,7.0,8,0,2024
192730801.0,14,1420111,5,,1,,,4.0,,,2024
192750101.0,14,1410112,31,1,2,,,13.0,1,0,2024
192750101.0,14,1410112,36,1,2,,,13.0,4,1,2024
192750101.0,14,1410112,7,,1,,,7.0,1,,2024
192750101.0,14,1410112,0,,1,,,2.0,,,2024
192750201.0,14,1410112,38,1,2,,,9.0,4,0,2024
192750201.0,14,1410112,68,1,2,,,7.0,5,1,2024
192750201.0,14,1410112,67,1,2,,,7.0,5,0,2024
192750201.0,14,1410112,43,1,2,,,9.0,4,0,2024
192750301.0,14,1410112,46,4,2,,,7.0,1,0,2024
192750301.0,14,1410112,49,1,2,,,11.0,4,1,2024
192750301.0,14,1410112,13,,1,,,5.0,,,2024
192750301.0,14,1410112,16,4,1,,,5.0,,0,2024
192750401.0,14,1410112,91,1,2,,,8.0,3,1,2024
192750401.0,14,1410112,59,1,2,,,11.0,5,0,2024
192750501.0,14,1410112,18,1,2,9,2,9.0,4,0,2024
192750501.0,14,1410112,52,1,2,,,9.0,4,1,2024
192750601.0,14,1410112,91,1,2,,,8.0,4,1,2024
192750601.0,14,1410112,66,1,2,,,10.0,3,0,2024
192750701.0,14,1410112,39,1,2,,,9.0,4,1,2024
192750701.0,14,1410112,65,1,2,,,9.0,2,0,2024
192750701.0,14,1410112,18,1,1,,,11.0,4,0,2024
192750701.0,14,1410112,11,,1,,,7.0,5,,2024
192750701.0,14,1410112,22,1,1,,,13.0,4,0,2024
192750801.0,14,1410112,33,1,2,,,13.0,3,1,2024
192750801.0,14,1410112,32,1,1,,,13.0,4,0,2024
192750801.0,14,1410112,12,,1,,,7.0,7,,2024
192750801.0,14,1410112,4,,1,,,4.0,,,2024
192750801.0,14,1410112,0,,2,,,1.0,,,2024
192860101.0,14,1410127,48,1,2,,,14.0,2,1,2024
192860101.0,14,1410127,46,1,2,,,13.0,5,0,2024
192860101.0,14,1410127,14,,1,,,7.0,8,0,2024
192860101.0,14,1410127,4,,1,,,3.0,,,2024
192860201.0,14,1410127,62,1,2,,,13.0,5,1,2024
192860201.0,14,1410127,48,1,2,,,12.0,3,0,2024
192860201.0,14,1410127,18,1,1,,,9.0,4,0,2024
192860401.0,14,1410127,56,1,2,,,12.0,3,1,2024
192860401.0,14,1410127,54,1,2,,,12.0,3,0,2024
192860401.0,14,1410127,24,1,2,8,2,13.0,5,0,2024
192860401.0,14,1410127,20,1,1,,,13.0,2,0,2024
192860401.0,14,1410127,45,1,2,,,11.0,1,0,2024
192860401.0,14,1410127,10,,1,,,7.0,4,,2024
192860501.0,14,1410127,41,1,2,,,12.0,3,1,2024
192860501.0,14,1410127,43,1,2,,,9.0,4,0,2024
192860501.0,14,1410127,10,,1,,,7.0,5,,2024
192860501.0,14,1410127,7,,1,,,7.0,1,,2024
192860601.0,14,1410127,71,1,2,,,8.0,6,1,2024
192860801.0,14,1410127,49,1,2,,,12.0,3,1,2024
192860801.0,14,1410127,31,1,2,,,13.0,5,0,2024
192860901.0,14,1410127,57,1,2,,,7.0,8,1,2024
192860901.0,14,1410127,54,1,2,,,7.0,7,0,2024
192860901.0,14,1410127,23,1,2,12,4,9.0,4,0,2024
192860901.0,14,1410127,23,1,2,12,4,9.0,4,0,2024
192861001.0,14,1410127,57,1,2,,,9.0,4,0,2024
192861001.0,14,1410127,62,1,2,,,9.0,3,1,2024
193190101.0,14,1410414,46,1,2,,,9.0,2,1,2024
193190201.0,14,1410414,22,1,1,,,13.0,2,0,2024
193190201.0,14,1410414,57,1,2,,,9.0,4,0,2024
193190201.0,14,1410414,53,1,2,,,9.0,4,1,2024
193190201.0,14,1410414,15,1,1,,,9.0,1,0,2024
193190201.0,14,1410414,6,,1,,,4.0,,,2024
193190301.0,14,1410414,70,1,2,,,6.0,5,0,2024
193190301.0,14,1410414,69,1,2,,,6.0,4,1,2024
193190301.0,14,1410414,40,1,2,,,9.0,3,0,2024
193190301.0,14,1410414,39,1,2,,,9.0,4,0,2024
193190301.0,14,1410414,17,1,1,,,9.0,3,0,2024
193190301.0,14,1410414,50,1,2,,,9.0,4,0,2024
193190401.0,14,1410414,41,1,2,,,9.0,4,0,2024
193190401.0,14,1410414,36,1,2,,,11.0,4,1,2024
193190401.0,14,1410414,5,,1,,,4.0,,,2024
193190401.0,14,1410414,19,1,1,,,13.0,1,0,2024
193190601.0,14,1410414,74,1,2,,,8.0,3,0,2024
193190601.0,14,1410414,58,1,2,,,7.0,8,1,2024
193190601.0,14,1410414,28,1,2,,,13.0,2,0,2024
193190701.0,14,1410414,58,1,2,,,9.0,1,0,2024
193190701.0,14,1410414,56,1,2,,,9.0,2,1,2024
193190801.0,14,1410414,50,1,2,,,9.0,4,1,2024
193190801.0,14,1410414,26,1,2,,,11.0,4,0,2024
193190801.0,14,1410414,14,,1,,,9.0,1,0,2024
193440101.0,14,1420214,13,,1,,,7.0,7,,2024
193440101.0,14,1420214,30,1,2,,,12.0,3,0,2024
193440101.0,14,1420214,52,1,2,,,7.0,8,1,2024
193440201.0,14,1420214,69,1,2,,,7.0,8,1,2024
193440201.0,14,1420214,68,1,2,,,7.0,8,0,2024
193440201.0,14,1420214,45,4,2,,,7.0,8,0,2024
193440201.0,14,1420214,35,4,2,,,7.0,8,0,2024
193440301.0,14,1420214,50,1,2,,,9.0,4,1,2024
193440401.0,14,1420214,74,1,2,,,10.0,6,1,2024
193440401.0,14,1420214,26,1,2,,,12.0,3,0,2024
193440401.0,14,1420214,46,1,2,,,9.0,4,0,2024
193440501.0,14,1420214,34,1,2,,,13.0,3,1,2024
193440501.0,14,1420214,11,,1,,,7.0,5,,2024
193440501.0,14,1420214,3,,1,,,3.0,,,2024
193440501.0,14,1420214,2,,1,,,2.0,,,2024
193440601.0,14,1420214,37,1,2,,,12.0,3,1,2024
193440601.0,14,1420214,50,1,2,,,9.0,4,0,2024
193440601.0,14,1420214,14,,1,,,9.0,1,0,2024
193440701.0,14,1420214,34,1,2,,,12.0,3,1,2024
193440701.0,14,1420214,2,,2,,,1.0,,,2024
193440701.0,14,1420214,5,,1,,,5.0,,,2024
193480101.0,14,1410113,34,1,1,,,14.0,1,1,2024
193480201.0,14,1410113,62,1,2,,,13.0,3,1,2024
193480201.0,14,1410113,38,1,2,,,13.0,5,0,2024
193480201.0,14,1410113,23,1,2,7,1,13.0,2,0,2024
193480201.0,14,1410113,18,1,1,,,11.0,4,0,2024
193480201.0,14,1410113,16,1,1,,,11.0,2,0,2024
193480301.0,14,1410113,44,1,2,,,13.0,5,1,2024
193480301.0,14,1410113,46,1,2,,,13.0,4,0,2024
193480301.0,14,1410113,18,1,2,8,1,9.0,4,0,2024
193480301.0,14,1410113,16,1,1,,,9.0,3,0,2024
193480301.0,14,1410113,7,,1,,,7.0,2,,2024
193480701.0,14,1410113,36,1,2,,,14.0,1,1,2024
193480701.0,14,1410113,35,1,2,,,13.0,4,0,2024
193480801.0,14,1410113,49,1,2,,,12.0,3,1,2024
193480801.0,14,1410113,46,1,2,,,9.0,4,0,2024
193480801.0,14,1410113,25,1,1,,,13.0,4,0,2024
193480801.0,14,1410113,18,1,2,8,2,9.0,4,0,2024
193540101.0,14,1410624,58,1,1,,,9.0,4,1,2024
193540101.0,14,1410624,61,1,2,,,7.0,6,0,2024
193540101.0,14,1410624,24,1,2,8,2,12.0,2,0,2024
193540201.0,14,1410624,75,1,2,,,7.0,3,1,2024
193540401.0,14,1410624,86,1,2,,,6.0,2,1,2024
193540401.0,14,1410624,76,1,2,,,1.0,,0,2024
193540401.0,14,1410624,52,1,2,,,9.0,4,0,2024
193540501.0,14,1410624,51,1,2,,,7.0,6,1,2024
193540601.0,14,1410624,43,1,1,,,9.0,2,1,2024
193540601.0,14,1410624,43,1,1,,,9.0,2,0,2024
193540601.0,14,1410624,20,1,2,12,3,11.0,4,0,2024
193540601.0,14,1410624,13,,1,,,7.0,8,,2024
193540601.0,14,1410624,3,,2,,,1.0,,,2024
193540701.0,14,1410624,70,1,2,,,9.0,1,1,2024
193540901.0,14,1410624,47,1,2,,,9.0,4,1,2024
193540901.0,14,1410624,27,1,2,,,9.0,4,0,2024
193540901.0,14,1410624,6,,1,,,7.0,1,,2024
193541001.0,14,1410624,42,1,2,,,7.0,8,0,2024
193541001.0,14,1410624,65,1,2,,,7.0,8,0,2024
193541001.0,14,1410624,76,1,2,,,7.0,6,1,2024
195260101.0,14,1410414,84,1,2,,,6.0,4,0,2024
195260101.0,14,1410414,83,1,2,,,6.0,4,1,2024
195260201.0,14,1410414,63,1,2,,,7.0,5,0,2024
195260201.0,14,1410414,66,1,2,,,7.0,4,1,2024
195260301.0,14,1410414,49,1,2,,,11.0,4,1,2024
195260301.0,14,1410414,57,1,2,,,9.0,4,0,2024
195260301.0,14,1410414,21,1,1,,,13.0,4,0,2024
195260301.0,14,1410414,16,1,1,,,9.0,2,0,2024
195260401.0,14,1410414,26,1,2,,,13.0,5,0,2024
195260401.0,14,1410414,44,1,2,,,9.0,4,1,2024
195260501.0,14,1410414,72,4,2,,,6.0,1,1,2024
195260501.0,14,1410414,40,1,2,,,9.0,1,0,2024
195260501.0,14,1410414,23,1,1,,,13.0,5,0,2024
195260601.0,14,1410414,33,1,2,,,13.0,5,0,2024
195260601.0,14,1410414,63,1,2,,,12.0,3,1,2024
195260601.0,14,1410414,59,1,2,,,9.0,4,0,2024
195260701.0,14,1410414,72,1,2,,,6.0,4,1,2024
195260701.0,14,1410414,21,1,1,,,13.0,1,0,2024
195260801.0,14,1410414,37,1,2,,,9.0,4,1,2024
195260801.0,14,1410414,14,,1,,,11.0,1,0,2024
195260801.0,14,1410414,19,1,2,12,3,11.0,4,0,2024
195260801.0,14,1410414,11,,1,,,7.0,5,,2024
195460101.0,14,1410714,66,1,2,,,7.0,8,1,2024
195460101.0,14,1410714,37,1,2,,,12.0,3,0,2024
195460101.0,14,1410714,20,1,1,,,12.0,2,0,2024
195460101.0,14,1410714,9,,1,,,7.0,4,,2024
195460201.0,14,1410714,61,1,2,,,9.0,4,1,2024
195460201.0,14,1410714,61,1,2,,,9.0,4,0,2024
195460301.0,14,1410714,45,1,2,,,9.0,4,1,2024
195460401.0,14,1410714,21,1,1,,,13.0,3,1,2024
195460501.0,14,1410714,79,1,2,,,6.0,5,1,2024
195460601.0,14,1410714,32,1,2,,,13.0,5,0,2024
195460601.0,14,1410714,59,1,2,,,12.0,3,1,2024
195460601.0,14,1410714,66,1,2,,,9.0,4,0,2024
195460701.0,14,1410714,89,1,2,,,7.0,2,1,2024
195460701.0,14,1410714,68,1,2,,,7.0,3,0,2024
195460701.0,14,1410714,63,1,2,,,7.0,4,0,2024
197630101.0,14,1420424,43,1,2,,,7.0,5,1,2024
197630101.0,14,1420424,20,1,2,12,4,11.0,2,0,2024
197630101.0,14,1420424,81,4,2,,,1.0,,0,2024
197630201.0,14,1420424,49,1,2,,,7.0,7,1,2024
197630301.0,14,1420424,46,1,2,,,7.0,8,1,2024
197630401.0,14,1420424,39,1,2,,,12.0,3,1,2024
197630401.0,14,1420424,14,,1,,,9.0,1,0,2024
197630501.0,14,1420424,63,1,2,,,9.0,4,1,2024
197630601.0,14,1420424,52,1,2,,,7.0,8,1,2024
197630601.0,14,1420424,57,1,2,,,7.0,4,0,2024
197630601.0,14,1420424,27,1,2,,,13.0,5,0,2024
197630601.0,14,1420424,22,1,1,,,13.0,4,0,2024
197630701.0,14,1420424,64,1,2,,,7.0,4,1,2024
197630701.0,14,1420424,31,1,2,,,7.0,4,0,2024
197630701.0,14,1420424,20,1,1,,,13.0,2,0,2024
197630801.0,14,1420424,79,1,2,,,6.0,3,1,2024
197630801.0,14,1420424,45,1,2,,,9.0,2,0,2024
197630801.0,14,1420424,30,1,2,,,5.0,,0,2024
197630801.0,14,1420424,26,1,2,,,7.0,8,0,2024
197630801.0,14,1420424,8,,1,,,7.0,2,,2024
197630901.0,14,1420424,53,1,2,,,9.0,1,1,2024
197630901.0,14,1420424,57,1,2,,,9.0,1,0,2024
197630901.0,14,1420424,30,1,2,,,11.0,4,0,2024
197630901.0,14,1420424,10,,1,,,7.0,5,,2024
197631001.0,14,1420424,38,1,2,,,9.0,4,1,2024
197631001.0,14,1420424,47,1,2,,,7.0,7,0,2024
197631001.0,14,1420424,20,1,1,,,13.0,1,0,2024
197631001.0,14,1420424,11,,1,,,7.0,7,,2024
197670101.0,14,1420117,53,1,2,,,7.0,7,1,2024
197670101.0,14,1420117,16,1,1,,,9.0,2,0,2024
197670301.0,14,1420117,38,1,2,,,9.0,4,1,2024
197670301.0,14,1420117,36,1,2,,,9.0,4,0,2024
197670301.0,14,1420117,19,1,2,11,2,9.0,4,0,2024
197670301.0,14,1420117,17,1,1,,,11.0,4,0,2024
197670301.0,14,1420117,9,,1,,,7.0,4,,2024
197670401.0,14,1420117,48,1,2,,,13.0,5,1,2024
197670501.0,14,1420117,41,1,2,,,12.0,3,1,2024
197670501.0,14,1420117,12,,1,,,7.0,7,,2024
197670501.0,14,1420117,10,,1,,,7.0,4,,2024
197670601.0,14,1420117,81,1,2,,,6.0,6,1,2024
197670601.0,14,1420117,41,1,2,,,9.0,3,0,2024
197670601.0,14,1420117,24,1,2,3,2,13.0,5,0,2024
197670601.0,14,1420117,46,1,2,,,9.0,4,0,2024
197670601.0,14,1420117,0,,2,,,1.0,,,2024
197670701.0,14,1420117,57,1,2,,,9.0,4,1,2024
197670701.0,14,1420117,57,1,2,,,7.0,8,0,2024
197670801.0,14,1420117,28,1,2,,,12.0,3,1,2024
197670801.0,14,1420117,6,,1,,,4.0,,,2024
197870101.0,14,1420111,70,1,2,,,9.0,4,1,2024
197870201.0,14,1420111,65,1,2,,,7.0,4,1,2024
197870201.0,14,1420111,64,1,2,,,7.0,3,0,2024
197870201.0,14,1420111,33,1,2,,,12.0,2,0,2024
197870201.0,14,1420111,27,1,1,,,12.0,2,0,2024
197870201.0,14,1420111,8,,1,,,7.0,2,,2024
197870201.0,14,1420111,0,,2,,,1.0,,,2024
197870301.0,14,1420111,33,1,1,,,7.0,8,1,2024
197870301.0,14,1420111,17,1,1,,,11.0,2,0,2024
197870301.0,14,1420111,15,1,1,,,11.0,2,0,2024
197870301.0,14,1420111,14,,1,,,11.0,1,0,2024
197870301.0,14,1420111,8,,1,,,7.0,3,,2024
197870301.0,14,1420111,3,,2,,,1.0,,,2024
197870401.0,14,1420111,45,4,2,,,7.0,2,1,2024
197870401.0,14,1420111,47,1,2,,,9.0,4,0,2024
197870401.0,14,1420111,17,1,1,,,11.0,3,0,2024
197870401.0,14,1420111,8,,1,,,7.0,3,,2024
197870501.0,14,1420111,63,2,2,,,1.0,,1,2024
197870501.0,14,1420111,31,1,2,,,9.0,2,0,2024
197870501.0,14,1420111,14,,1,,,7.0,8,0,2024
197870601.0,14,1420111,75,1,2,,,8.0,1,1,2024
197870601.0,14,1420111,83,1,2,,,6.0,4,0,2024
197870701.0,14,1420111,33,1,2,,,13.0,5,1,2024
197870701.0,14,1420111,28,1,2,,,9.0,4,0,2024
197870701.0,14,1420111,6,,1,,,4.0,,,2024
197870801.0,14,1420111,54,1,2,,,9.0,3,1,2024
197870801.0,14,1420111,52,1,2,,,9.0,4,0,2024
197870801.0,14,1420111,34,1,2,,,7.0,8,0,2024
197870801.0,14,1420111,33,1,2,,,9.0,4,0,2024
197870801.0,14,1420111,10,,1,,,7.0,5,,2024
197870801.0,14,1420111,8,,1,,,7.0,3,,2024
199870101.0,14,1410111,58,1,2,,,11.0,4,1,2024
199870201.0,14,1410111,65,1,2,,,12.0,2,1,2024
199870301.0,14,1410111,32,1,1,,,13.0,4,1,2024
199870301.0,14,1410111,31,1,2,,,9.0,4,0,2024
199870301.0,14,1410111,2,,2,,,1.0,,,2024
199870401.0,14,1410111,41,1,2,,,11.0,4,1,2024
199870401.0,14,1410111,11,,1,,,7.0,5,,2024
199870401.0,14,1410111,4,,2,,,3.0,,,2024
199870501.0,14,1410111,67,1,2,,,11.0,4,1,2024
199870501.0,14,1410111,66,1,2,,,11.0,5,0,2024
199870601.0,14,1410111,63,1,2,,,11.0,4,1,2024
199870701.0,14,1410111,63,1,2,,,12.0,3,0,2024
199870701.0,14,1410111,67,1,2,,,11.0,4,1,2024
199870801.0,14,1410111,42,1,2,,,9.0,2,1,2024
200380201.0,14,1410127,46,1,2,,,9.0,4,1,2024
200380201.0,14,1410127,19,1,2,8,2,9.0,4,0,2024
200380301.0,14,1410127,60,1,2,,,7.0,8,1,2024
200380301.0,14,1410127,68,1,2,,,7.0,8,0,2024
200380301.0,14,1410127,27,1,2,,,11.0,4,0,2024
200380401.0,14,1410127,34,1,2,,,12.0,2,1,2024
200380501.0,14,1410127,78,1,2,,,8.0,6,1,2024
200380601.0,14,1410127,85,1,2,,,6.0,6,1,2024
200380701.0,14,1410127,57,1,2,,,7.0,5,0,2024
200380701.0,14,1410127,71,1,2,,,9.0,4,1,2024
200380701.0,14,1410127,38,1,2,,,9.0,4,0,2024
200380801.0,14,1410127,52,1,2,,,12.0,3,1,2024
200380801.0,14,1410127,24,4,2,4,4,9.0,2,0,2024
200380901.0,14,1410127,61,1,2,,,12.0,3,1,2024
200380901.0,14,1410127,26,4,2,,,1.0,,0,2024
200381001.0,14,1410127,50,1,2,,,13.0,5,1,2024
200381001.0,14,1410127,51,1,2,,,12.0,3,0,2024
200381001.0,14,1410127,19,1,1,,,13.0,1,0,2024
200450101.0,14,1420126,60,1,2,,,9.0,4,1,2024
200450101.0,14,1420126,19,1,2,11,2,9.0,4,0,2024
200450201.0,14,1420126,70,1,2,,,9.0,1,1,2024
200450201.0,14,1420126,62,1,2,,,9.0,1,0,2024
200450301.0,14,1420126,55,2,2,,,7.0,8,1,2024
200450301.0,14,1420126,26,1,2,,,11.0,4,0,2024
200450301.0,14,1420126,24,1,2,8,4,11.0,4,0,2024
200450301.0,14,1420126,1,,2,,,1.0,,,2024
200450501.0,14,1420126,53,1,2,,,7.0,8,1,2024
200450501.0,14,1420126,53,1,2,,,7.0,7,0,2024
200450501.0,14,1420126,13,,1,,,7.0,8,,2024
200450601.0,14,1420126,77,1,2,,,13.0,4,1,2024
200450601.0,14,1420126,86,1,2,,,7.0,8,0,2024
200450701.0,14,1420126,64,1,2,,,7.0,5,1,2024
200450701.0,14,1420126,63,2,2,,,7.0,5,0,2024
200450701.0,14,1420126,32,1,2,,,11.0,4,0,2024
200450801.0,14,1420126,38,1,2,,,7.0,8,1,2024
200450801.0,14,1420126,31,1,2,,,11.0,4,0,2024
200450801.0,14,1420126,11,,1,,,7.0,6,,2024
200450901.0,14,1420126,65,1,2,,,7.0,7,1,2024
200450901.0,14,1420126,74,1,2,,,7.0,5,0,2024
200450901.0,14,1420126,72,1,2,,,7.0,5,0,2024
200590201.0,14,1410113,25,1,1,,,13.0,5,1,2024
200590201.0,14,1410113,23,1,1,,,13.0,5,0,2024
200590301.0,14,1410113,40,1,2,,,14.0,3,1,2024
200590301.0,14,1410113,43,1,2,,,13.0,5,0,2024
200590301.0,14,1410113,8,,1,,,7.0,2,,2024
200590401.0,14,1410113,47,1,2,,,13.0,6,1,2024
200590401.0,14,1410113,44,1,2,,,13.0,5,0,2024
200590401.0,14,1410113,12,,1,,,7.0,6,,2024
200590401.0,14,1410113,9,,1,,,7.0,4,,2024
200590701.0,14,1410113,49,1,2,,,15.0,4,1,2024
200590701.0,14,1410113,18,1,1,,,9.0,3,0,2024
200590701.0,14,1410113,15,1,1,,,9.0,1,0,2024
200770101.0,14,1410112,76,1,2,,,6.0,4,1,2024
200770101.0,14,1410112,41,1,2,,,12.0,3,0,2024
200770101.0,14,1410112,10,,1,,,7.0,4,,2024
200770201.0,14,1410112,66,1,2,,,7.0,8,1,2024
200770201.0,14,1410112,57,1,2,,,7.0,8,0,2024
200770501.0,14,1410112,81,1,2,,,7.0,4,1,2024
200770601.0,14,1410112,67,1,2,,,7.0,8,1,2024
200770601.0,14,1410112,23,1,2,11,1,13.0,5,0,2024
200770601.0,14,1410112,62,1,2,,,9.0,2,0,2024
200770701.0,14,1410112,77,1,2,,,7.0,5,1,2024
200770701.0,14,1410112,45,1,2,,,12.0,3,0,2024
200770801.0,14,1410112,77,1,2,,,6.0,6,1,2024
200770801.0,14,1410112,66,1,2,,,6.0,5,0,2024
200770801.0,14,1410112,23,1,2,10,3,9.0,4,0,2024
201800101.0,14,1420324,54,1,2,,,7.0,6,1,2024
201800101.0,14,1420324,36,1,2,,,9.0,4,0,2024
201800101.0,14,1420324,7,,1,,,7.0,1,,2024
201800301.0,14,1420324,25,1,2,8,4,11.0,4,1,2024
201800301.0,14,1420324,44,1,2,,,7.0,8,0,2024
201800301.0,14,1420324,5,,1,,,4.0,,,2024
201800401.0,14,1420324,55,1,2,,,7.0,3,1,2024
201800401.0,14,1420324,45,1,2,,,7.0,6,0,2024
201800401.0,14,1420324,10,,1,,,7.0,4,,2024
201800501.0,14,1420324,51,1,2,,,9.0,4,1,2024
201800501.0,14,1420324,21,1,2,8,4,9.0,4,0,2024
201800501.0,14,1420324,19,1,1,,,9.0,4,0,2024
201800801.0,14,1420324,43,1,2,,,11.0,2,1,2024
201800801.0,14,1420324,36,1,2,,,7.0,7,0,2024
201800801.0,14,1420324,2,,2,,,1.0,,,2024
202260101.0,14,1410814,41,1,2,,,12.0,3,1,2024
202260101.0,14,1410814,42,1,2,,,9.0,4,0,2024
202260101.0,14,1410814,21,1,1,,,13.0,3,0,2024
202260101.0,14,1410814,17,1,1,,,9.0,3,0,2024
202260101.0,14,1410814,4,,2,,,1.0,,,2024
202260201.0,14,1410814,60,1,2,,,7.0,8,1,2024
202260501.0,14,1410814,30,1,2,,,12.0,3,1,2024
202260501.0,14,1410814,25,1,2,8,3,13.0,4,0,2024
202260601.0,14,1410814,56,1,2,,,7.0,8,0,2024
202260601.0,14,1410814,63,1,2,,,7.0,8,1,2024
202260801.0,14,1410814,68,1,2,,,9.0,4,1,2024
202260801.0,14,1410814,64,1,2,,,7.0,7,0,2024
202260801.0,14,1410814,23,1,2,8,1,13.0,5,0,2024
202330201.0,14,1410824,52,1,2,,,7.0,4,1,2024
202330201.0,14,1410824,30,1,2,,,9.0,4,0,2024
202330201.0,14,1410824,24,1,2,12,4,9.0,2,0,2024
202330201.0,14,1410824,9,,1,,,7.0,3,,2024
202330401.0,14,1410824,71,1,2,,,13.0,5,1,2024
202330401.0,14,1410824,72,1,2,,,13.0,5,0,2024
202330501.0,14,1410824,64,1,2,,,7.0,4,1,2024
202330501.0,14,1410824,44,1,2,,,7.0,4,0,2024
202330501.0,14,1410824,20,1,2,8,3,11.0,4,0,2024
202330801.0,14,1410824,45,1,2,,,11.0,4,1,2024
202330801.0,14,1410824,6,,1,,,4.0,,,2024
202331001.0,14,1410824,70,1,2,,,7.0,3,1,2024
202430101.0,14,1410524,51,1,2,,,13.0,5,1,2024
202430101.0,14,1410524,24,1,2,12,1,13.0,5,0,2024
202430101.0,14,1410524,16,1,1,,,9.0,1,0,2024
202430101.0,14,1410524,16,1,1,,,9.0,1,0,2024
202430201.0,14,1410524,80,1,2,,,12.0,3,1,2024
202430201.0,14,1410524,74,1,2,,,9.0,4,0,2024
202430201.0,14,1410524,99,1,2,,,9.0,-88,0,2024
202430301.0,14,1410524,33,1,2,,,7.0,7,1,2024
202430301.0,14,1410524,39,1,2,,,13.0,5,0,2024
202430301.0,14,1410524,12,,1,,,7.0,7,,2024
202430301.0,14,1410524,5,,2,,,1.0,,,2024
202430401.0,14,1410524,54,1,2,,,7.0,1,1,2024
202430401.0,14,1410524,20,1,1,,,13.0,1,0,2024
202430601.0,14,1410524,60,1,2,,,13.0,5,1,2024
202430601.0,14,1410524,60,1,2,,,12.0,3,0,2024
202430701.0,14,1410524,75,1,2,,,6.0,6,1,2024
202430701.0,14,1410524,75,1,2,,,6.0,4,0,2024
202430801.0,14,1410524,70,1,2,,,7.0,6,0,2024
202430801.0,14,1410524,68,1,2,,,7.0,6,1,2024
202430901.0,14,1410524,65,1,2,,,7.0,8,1,2024
202430901.0,14,1410524,60,1,2,,,7.0,6,0,2024
202430901.0,14,1410524,32,1,2,,,11.0,4,0,2024
202430901.0,14,1410524,8,,1,,,7.0,1,,2024
202880101.0,14,1410112,71,1,2,,,10.0,4,1,2024
202880201.0,14,1410112,67,1,2,,,13.0,5,1,2024
202880301.0,14,1410112,39,1,2,,,9.0,4,1,2024
202880301.0,14,1410112,40,1,2,,,9.0,4,0,2024
202880301.0,14,1410112,92,1,2,,,6.0,6,0,2024
202880301.0,14,1410112,8,,1,,,7.0,3,,2024
202880501.0,14,1410112,93,1,2,,,6.0,6,1,2024
202880501.0,14,1410112,62,1,2,,,13.0,4,0,2024
202880601.0,14,1410112,30,1,2,,,13.0,5,0,2024
202880601.0,14,1410112,74,1,2,,,7.0,4,1,2024
203300101.0,14,1410113,24,1,1,,,13.0,4,1,2024
203300101.0,14,1410113,22,1,1,,,13.0,3,0,2024
203300201.0,14,1410113,63,1,2,,,13.0,5,1,2024
203300201.0,14,1410113,60,1,2,,,13.0,5,0,2024
203300201.0,14,1410113,25,1,1,,,13.0,4,0,2024
203300201.0,14,1410113,18,1,1,,,9.0,4,0,2024
203300401.0,14,1410113,42,1,2,,,13.0,4,1,2024
203300401.0,14,1410113,23,1,1,,,13.0,5,0,2024
203300401.0,14,1410113,19,1,2,9,2,9.0,4,0,2024
203300501.0,14,1410113,50,1,1,,,12.0,2,1,2024
203300501.0,14,1410113,46,1,2,,,13.0,5,0,2024
203300601.0,14,1410113,50,1,2,,,15.0,5,1,2024
203300701.0,14,1410113,68,1,2,,,13.0,5,1,2024
203300701.0,14,1410113,65,1,2,,,13.0,5,0,2024
203300701.0,14,1410113,27,1,1,,,13.0,5,0,2024
203300801.0,14,1410113,85,1,2,,,13.0,5,1,2024
203300801.0,14,1410113,82,1,2,,,8.0,6,0,2024
203300801.0,14,1410113,55,1,2,,,13.0,5,0,2024
203300801.0,14,1410113,22,1,1,,,13.0,3,0,2024
203450101.0,14,1410113,60,1,2,,,13.0,4,1,2024
203450101.0,14,1410113,27,1,2,,,13.0,3,0,2024
203450101.0,14,1410113,64,1,2,,,13.0,1,0,2024
203450201.0,14,1410113,26,1,1,,,13.0,5,1,2024
203450202.0,14,1410113,22,1,1,,,14.0,1,1,2024
203450301.0,14,1410113,76,1,2,,,14.0,2,1,2024
203450301.0,14,1410113,73,1,2,,,13.0,3,0,2024
203450401.0,14,1410113,73,1,2,,,13.0,5,1,2024
203450401.0,14,1410113,70,1,2,,,9.0,4,0,2024
203450501.0,14,1410113,50,1,2,,,15.0,4,0,2024
203450501.0,14,1410113,43,1,2,,,14.0,2,1,2024
203450501.0,14,1410113,0,,2,,,1.0,,,2024
203450601.0,14,1410113,60,1,2,,,15.0,5,1,2024
203450601.0,14,1410113,57,1,2,,,12.0,2,0,2024
203450601.0,14,1410113,25,1,1,,,13.0,6,0,2024
203450601.0,14,1410113,24,1,1,,,13.0,6,0,2024
203450701.0,14,1410113,52,1,2,,,14.0,3,1,2024
203450701.0,14,1410113,17,1,1,,,9.0,3,0,2024
203450701.0,14,1410113,75,1,2,,,11.0,2,0,2024
203450701.0,14,1410113,77,1,2,,,9.0,1,0,2024
203450701.0,14,1410113,39,1,2,,,13.0,5,0,2024
203450801.0,14,1410113,49,1,2,,,13.0,5,1,2024
203450801.0,14,1410113,20,1,1,,,13.0,3,0,2024
203450801.0,14,1410113,16,1,1,,,9.0,3,0,2024
203450801.0,14,1410113,4,,1,,,4.0,,,2024
203570201.0,14,1410324,52,1,2,,,7.0,6,0,2024
203570201.0,14,1410324,60,1,2,,,7.0,6,1,2024
203570201.0,14,1410324,23,1,2,8,4,9.0,4,0,2024
203570301.0,14,1410324,63,1,2,,,9.0,2,1,2024
203570301.0,14,1410324,75,1,2,,,8.0,2,0,2024
203570501.0,14,1410324,78,1,2,,,12.0,3,1,2024
203570501.0,14,1410324,73,1,2,,,9.0,2,0,2024
203570801.0,14,1410324,72,1,2,,,13.0,5,1,2024
203570801.0,14,1410324,72,1,2,,,13.0,5,0,2024
203760101.0,14,1410113,56,1,2,,,12.0,2,1,2024
203760101.0,14,1410113,27,1,1,,,13.0,4,0,2024
203760101.0,14,1410113,23,1,1,,,13.0,4,0,2024
203760201.0,14,1410113,62,1,2,,,11.0,5,1,2024
203760201.0,14,1410113,72,1,2,,,13.0,5,0,2024
203760201.0,14,1410113,25,1,1,,,13.0,5,0,2024
203760301.0,14,1410113,66,1,2,,,12.0,1,1,2024
203760301.0,14,1410113,64,1,2,,,12.0,1,0,2024
203760401.0,14,1410113,55,1,2,,,9.0,4,1,2024
203760401.0,14,1410113,51,1,2,,,12.0,2,0,2024
203760501.0,14,1410113,30,1,2,,,13.0,4,1,2024
203760501.0,14,1410113,31,1,2,,,13.0,4,0,2024
203760501.0,14,1410113,5,,1,,,4.0,,,2024
203760501.0,14,1410113,100,1,2,,,8.0,6,0,2024
203760601.0,14,1410113,45,1,2,,,14.0,2,1,2024
203760601.0,14,1410113,45,1,2,,,13.0,3,0,2024
203760601.0,14,1410113,24,1,1,,,13.0,5,0,2024
203760601.0,14,1410113,21,1,1,,,12.0,3,0,2024
203760601.0,14,1410113,6,,1,,,7.0,1,,2024
203760701.0,14,1410113,48,1,2,,,13.0,2,1,2024
203760701.0,14,1410113,48,1,1,,,13.0,5,0,2024
203760701.0,14,1410113,24,1,2,8,2,13.0,5,0,2024
203760701.0,14,1410113,19,1,1,,,12.0,2,0,2024
203760801.0,14,1410113,32,1,1,,,15.0,3,1,2024
203780101.0,14,1420117,70,1,2,,,7.0,8,1,2024
203780301.0,14,1420117,76,1,2,,,6.0,2,1,2024
203780401.0,14,1420117,63,1,2,,,12.0,3,1,2024
203780401.0,14,1420117,39,1,2,,,13.0,5,0,2024
203780701.0,14,1420117,55,1,2,,,13.0,4,1,2024
203780701.0,14,1420117,39,1,2,,,9.0,4,0,2024
203780801.0,14,1420117,55,1,2,,,9.0,2,1,2024
203780801.0,14,1420117,58,1,2,,,9.0,4,0,2024
203920101.0,14,1410624,55,1,2,,,13.0,5,1,2024
203920101.0,14,1410624,57,1,2,,,9.0,4,0,2024
203920201.0,14,1410624,73,1,2,,,8.0,3,1,2024
203920201.0,14,1410624,51,1,2,,,9.0,4,0,2024
203920301.0,14,1410624,75,1,2,,,13.0,4,1,2024
203920301.0,14,1410624,79,1,2,,,13.0,4,0,2024
203920401.0,14,1410624,80,1,2,,,7.0,3,1,2024
203920501.0,14,1410624,67,1,2,,,9.0,4,1,2024
203920501.0,14,1410624,27,1,2,,,9.0,4,0,2024
203920601.0,14,1410624,48,1,2,,,9.0,4,1,2024
203920601.0,14,1410624,48,1,2,,,9.0,4,0,2024
203920601.0,14,1410624,21,1,1,,,13.0,5,0,2024
203920601.0,14,1410624,19,1,2,10,2,9.0,4,0,2024
203920601.0,14,1410624,11,,1,,,7.0,6,,2024
203920701.0,14,1410624,59,1,2,,,7.0,8,1,2024
203920701.0,14,1410624,58,1,2,,,9.0,4,0,2024
203920901.0,14,1410624,84,2,2,,,7.0,1,1,2024
203920901.0,14,1410624,48,1,2,,,7.0,5,0,2024
203920901.0,14,1410624,11,,1,,,7.0,5,,2024
203980101.0,14,1410511,72,1,2,,,6.0,6,1,2024
203980301.0,14,1410511,59,1,2,,,9.0,4,1,2024
203980401.0,14,1410511,87,1,2,,,8.0,4,1,2024
203980701.0,14,1410511,71,1,2,,,6.0,6,1,2024
203980701.0,14,1410511,78,1,2,,,6.0,6,0,2024
203980801.0,14,1410511,50,1,2,,,9.0,1,1,2024
203980801.0,14,1410511,82,4,2,,,1.0,,0,2024
205160101.0,14,1420416,87,1,2,,,6.0,6,1,2024
205160101.0,14,1420416,80,1,2,,,6.0,6,0,2024
205160201.0,14,1420416,33,1,2,,,7.0,8,1,2024
205160201.0,14,1420416,15,1,1,,,7.0,8,0,2024
205160201.0,14,1420416,12,,1,,,7.0,6,,2024
205160201.0,14,1420416,11,,1,,,7.0,6,,2024
205160201.0,14,1420416,7,,1,,,7.0,2,,2024
205160201.0,14,1420416,5,,1,,,4.0,,,2024
205160301.0,14,1420416,30,1,2,,,11.0,4,0,2024
205160301.0,14,1420416,34,1,2,,,9.0,4,1,2024
205160301.0,14,1420416,4,,1,,,4.0,,,2024
205160301.0,14,1420416,9,,1,,,7.0,3,,2024
205160401.0,14,1420416,33,1,2,,,11.0,4,1,2024
205160501.0,14,1420416,56,1,2,,,7.0,8,1,2024
205160601.0,14,1420416,60,1,2,,,7.0,8,1,2024
205160701.0,14,1420416,37,1,2,,,12.0,3,1,2024
205160701.0,14,1420416,16,1,1,,,9.0,3,0,2024
205160701.0,14,1420416,12,,1,,,7.0,6,,2024
205160801.0,14,1420416,29,1,2,,,9.0,4,0,2024
205160801.0,14,1420416,30,1,2,,,7.0,8,1,2024
205160801.0,14,1420416,2,,1,,,3.0,,,2024
205340101.0,14,1420424,45,1,2,,,9.0,4,1,2024
205340101.0,14,1420424,17,1,1,,,9.0,4,0,2024
205340101.0,14,1420424,15,4,1,,,5.0,,0,2024
205340201.0,14,1420424,75,1,2,,,8.0,2,1,2024
205340201.0,14,1420424,50,1,2,,,9.0,4,0,2024
205340301.0,14,1420424,57,1,2,,,7.0,7,1,2024
205340301.0,14,1420424,58,1,2,,,7.0,7,0,2024
205340301.0,14,1420424,27,1,2,,,11.0,4,0,2024
205340401.0,14,1420424,55,1,2,,,7.0,6,1,2024
205340501.0,14,1420424,42,1,2,,,9.0,4,1,2024
205340601.0,14,1420424,69,4,2,,,1.0,,0,2024
205340601.0,14,1420424,49,1,2,,,9.0,1,0,2024
205340601.0,14,1420424,33,1,2,,,9.0,1,0,2024
205340601.0,14,1420424,19,1,1,,,12.0,1,0,2024
205340601.0,14,1420424,73,1,2,,,7.0,4,1,2024
205340701.0,14,1420424,79,1,2,,,9.0,4,1,2024
205340801.0,14,1420424,77,1,2,,,7.0,2,1,2024
205340801.0,14,1420424,73,1,2,,,7.0,8,0,2024
205340901.0,14,1420424,30,1,2,,,9.0,4,1,2024
205341001.0,14,1420424,68,1,2,,,6.0,5,1,2024
205341001.0,14,1420424,67,1,2,,,6.0,4,0,2024
205730101.0,14,1410314,51,1,2,,,9.0,2,1,2024
205730101.0,14,1410314,55,1,2,,,7.0,8,0,2024
205730101.0,14,1410314,14,,1,,,7.0,8,0,2024
205730101.0,14,1410314,27,1,2,,,13.0,4,0,2024
205730301.0,14,1410314,54,1,2,,,11.0,3,1,2024
205730301.0,14,1410314,17,1,1,,,9.0,4,0,2024
205730301.0,14,1410314,13,,1,,,7.0,7,,2024
205730401.0,14,1410314,61,1,2,,,9.0,4,1,2024
205730401.0,14,1410314,35,1,2,,,13.0,5,0,2024
205730501.0,14,1410314,40,1,2,,,11.0,4,1,2024
205730501.0,14,1410314,20,1,1,,,13.0,2,0,2024
205730501.0,14,1410314,18,1,2,12,2,9.0,4,0,2024
205730501.0,14,1410314,4,,1,,,3.0,,,2024
205730601.0,14,1410314,80,1,2,,,6.0,3,1,2024
205730701.0,14,1410314,59,1,2,,,7.0,6,1,2024
205730701.0,14,1410314,79,4,2,,,1.0,,0,2024
205730701.0,14,1410314,44,1,2,,,11.0,3,0,2024
205730801.0,14,1410314,83,2,2,,,1.0,,1,2024
205730801.0,14,1410314,87,2,2,,,1.0,,0,2024
205760101.0,14,1410112,82,4,2,,,1.0,,1,2024
205760101.0,14,1410112,85,4,2,,,1.0,,0,2024
205760101.0,14,1410112,53,1,2,,,9.0,4,0,2024
205760401.0,14,1410112,21,1,1,,,13.0,1,0,2024
205760401.0,14,1410112,48,1,2,,,9.0,4,1,2024
205760401.0,14,1410112,47,1,2,,,9.0,4,0,2024
205760401.0,14,1410112,17,1,1,,,9.0,3,0,2024
205760501.0,14,1410112,28,1,2,,,13.0,5,1,2024
205760501.0,14,1410112,29,1,2,,,13.0,6,0,2024
205760601.0,14,1410112,31,1,2,,,11.0,4,0,2024
205760601.0,14,1410112,10,,1,,,7.0,5,,2024
205760601.0,14,1410112,30,1,2,,,11.0,4,1,2024
205760701.0,14,1410112,24,1,2,3,3,13.0,2,0,2024
205760701.0,14,1410112,55,1,2,,,11.0,5,1,2024
205760701.0,14,1410112,0,,2,,,1.0,,,2024
205760801.0,14,1410112,48,1,2,,,11.0,4,1,2024
205760801.0,14,1410112,51,1,2,,,12.0,2,0,2024
205760801.0,14,1410112,23,1,1,,,13.0,4,0,2024
205760801.0,14,1410112,16,1,1,,,9.0,2,0,2024
205760801.0,14,1410112,7,,1,,,7.0,1,,2024
205840101.0,14,1410112,57,1,2,,,7.0,8,1,2024
205840101.0,14,1410112,6,,1,,,7.0,1,,2024
205840301.0,14,1410112,31,1,2,,,14.0,2,1,2024
205840301.0,14,1410112,32,1,1,,,13.0,4,0,2024
205840401.0,14,1410112,28,1,2,,,13.0,5,0,2024
205840401.0,14,1410112,47,1,2,,,9.0,4,1,2024
205840401.0,14,1410112,4,,1,,,5.0,,,2024
205840401.0,14,1410112,2,,1,,,3.0,,,2024
205840401.0,14,1410112,0,,2,,,1.0,,,2024
205840501.0,14,1410112,54,1,2,,,11.0,4,0,2024
205840501.0,14,1410112,41,1,2,,,13.0,5,1,2024
205840601.0,14,1410112,59,1,2,,,11.0,4,1,2024
205840601.0,14,1410112,60,4,2,,,1.0,,0,2024
206790201.0,14,1420126,38,1,2,,,13.0,4,1,2024
206790401.0,14,1420126,81,1,2,,,8.0,3,1,2024
206790701.0,14,1420126,34,1,2,,,13.0,4,1,2024
206791001.0,14,1420126,35,1,2,,,13.0,5,1,2024
206890401.0,14,1410112,35,1,2,,,11.0,4,0,2024
206890401.0,14,1410112,68,1,2,,,11.0,5,1,2024
206890501.0,14,1410112,71,1,2,,,10.0,3,0,2024
206890501.0,14,1410112,86,1,2,,,7.0,2,1,2024
206890501.0,14,1410112,30,1,2,,,12.0,3,0,2024
206890601.0,14,1410112,50,1,2,,,9.0,1,1,2024
206890601.0,14,1410112,18,1,2,16,2,9.0,4,0,2024
206890701.0,14,1410112,22,1,1,,,13.0,3,1,2024
208000101.0,14,1410814,57,1,2,,,9.0,4,1,2024
208000201.0,14,1410814,61,4,2,,,7.0,2,1,2024
208000301.0,14,1410814,63,1,2,,,7.0,8,0,2024
208000301.0,14,1410814,66,1,2,,,7.0,8,1,2024
208000401.0,14,1410814,39,1,2,,,13.0,5,1,2024
208000401.0,14,1410814,8,,1,,,7.0,2,,2024
208000501.0,14,1410814,60,1,2,,,9.0,4,1,2024
208000501.0,14,1410814,33,1,2,,,9.0,4,0,2024
208000501.0,14,1410814,8,,1,,,7.0,2,,2024
208000601.0,14,1410814,66,1,2,,,9.0,4,1,2024
208000601.0,14,1410814,69,1,2,,,7.0,5,0,2024
209280101.0,14,1410111,35,1,2,,,13.0,5,1,2024
209280101.0,14,1410111,36,1,2,,,12.0,3,0,2024
209280101.0,14,1410111,15,1,1,,,9.0,1,0,2024
209280101.0,14,1410111,16,1,1,,,9.0,2,0,2024
209280101.0,14,1410111,2,,2,,,1.0,,,2024
209280201.0,14,1410111,91,3,2,,,6.0,4,1,2024
209280201.0,14,1410111,59,1,2,,,11.0,5,0,2024
209280301.0,14,1410111,69,1,2,,,11.0,1,1,2024
209280401.0,14,1410111,66,1,2,,,7.0,7,1,2024
209280401.0,14,1410111,58,1,2,,,7.0,6,0,2024
209280401.0,14,1410111,60,1,2,,,7.0,5,0,2024
209280501.0,14,1410111,54,1,2,,,12.0,3,1,2024
209280501.0,14,1410111,62,1,2,,,9.0,4,0,2024
209280501.0,14,1410111,21,1,1,,,12.0,2,0,2024
209280601.0,14,1410111,44,1,2,,,9.0,4,1,2024
209280601.0,14,1410111,50,1,2,,,9.0,4,0,2024
209280601.0,14,1410111,15,1,1,,,9.0,1,0,2024
209560101.0,14,1420424,61,1,2,,,7.0,5,1,2024
209560201.0,14,1420424,35,1,2,,,9.0,4,1,2024
209560201.0,14,1420424,37,1,2,,,7.0,8,0,2024
209560201.0,14,1420424,13,,1,,,7.0,7,,2024
209560201.0,14,1420424,7,,1,,,7.0,1,,2024
209560301.0,14,1420424,31,1,2,,,12.0,3,1,2024
209560301.0,14,1420424,27,1,2,,,12.0,3,0,2024
209560301.0,14,1420424,8,,1,,,7.0,2,,2024
209560301.0,14,1420424,1,,2,,,2.0,,,2024
209560501.0,14,1420424,54,1,2,,,7.0,6,1,2024
209560501.0,14,1420424,18,1,2,8,1,11.0,4,0,2024
209560601.0,14,1420424,71,1,2,,,7.0,8,1,2024
209560601.0,14,1420424,16,1,1,,,9.0,2,0,2024
209560701.0,14,1420424,62,1,2,,,7.0,4,1,2024
209560701.0,14,1420424,48,1,2,,,7.0,8,0,2024
209560701.0,14,1420424,22,1,2,12,4,11.0,4,0,2024
209560901.0,14,1420424,68,1,2,,,7.0,8,1,2024
209560901.0,14,1420424,65,1,2,,,9.0,1,0,2024
209561001.0,14,1420424,65,1,2,,,9.0,1,1,2024
210650101.0,14,1410127,69,1,2,,,13.0,2,1,2024
210650101.0,14,1410127,37,1,2,,,13.0,5,0,2024
210650201.0,14,1410127,76,1,2,,,13.0,3,1,2024
210650201.0,14,1410127,74,1,2,,,13.0,5,0,2024
210650301.0,14,1410127,52,1,2,,,9.0,4,1,2024
210650301.0,14,1410127,48,1,2,,,9.0,4,0,2024
210650301.0,14,1410127,15,1,1,,,9.0,1,0,2024
210650301.0,14,1410127,13,,1,,,7.0,8,,2024
210650301.0,14,1410127,25,1,1,,,13.0,5,0,2024
210650301.0,14,1410127,77,1,2,,,8.0,1,0,2024
210650401.0,14,1410127,63,1,2,,,10.0,4,1,2024
210650401.0,14,1410127,56,1,2,,,9.0,4,0,2024
210650401.0,14,1410127,31,1,2,,,13.0,5,0,2024
210650601.0,14,1410127,77,1,2,,,13.0,5,0,2024
210650601.0,14,1410127,78,1,2,,,13.0,5,1,2024
210650701.0,14,1410127,51,1,2,,,9.0,4,1,2024
210650701.0,14,1410127,53,1,2,,,12.0,3,0,2024
210650701.0,14,1410127,22,1,2,9,4,11.0,4,0,2024
210650701.0,14,1410127,22,1,1,,,12.0,1,0,2024
210650801.0,14,1410127,49,1,2,,,13.0,5,1,2024
210650801.0,14,1410127,61,1,2,,,13.0,5,0,2024
210650801.0,14,1410127,21,1,2,8,4,9.0,4,0,2024
212010101.0,14,1420224,77,4,2,,,1.0,,0,2024
212010101.0,14,1420224,48,1,2,,,7.0,8,1,2024
212010201.0,14,1420224,58,1,2,,,9.0,4,0,2024
212010201.0,14,1420224,59,1,2,,,9.0,4,1,2024
212010201.0,14,1420224,40,1,2,,,7.0,8,0,2024
212010301.0,14,1420224,70,1,2,,,7.0,7,1,2024
212010301.0,14,1420224,63,1,2,,,7.0,8,0,2024
212010301.0,14,1420224,11,,1,,,7.0,6,,2024
212010501.0,14,1420224,58,1,2,,,9.0,4,1,2024
212010501.0,14,1420224,48,1,2,,,9.0,4,0,2024
212010601.0,14,1420224,84,1,2,,,6.0,3,1,2024
212010801.0,14,1420224,54,1,2,,,7.0,4,1,2024
212010801.0,14,1420224,15,1,1,,,9.0,1,0,2024
212010801.0,14,1420224,56,1,2,,,7.0,8,0,2024
212010901.0,14,1420224,57,1,2,,,13.0,5,0,2024
212010901.0,14,1420224,62,1,2,,,13.0,5,1,2024
212011001.0,14,1420224,60,1,2,,,7.0,7,0,2024
212011001.0,14,1420224,60,1,2,,,7.0,5,1,2024
213010201.0,14,1410724,49,1,2,,,12.0,3,1,2024
213010201.0,14,1410724,41,1,2,,,13.0,4,0,2024
213010201.0,14,1410724,6,,1,,,4.0,,,2024
213010201.0,14,1410724,2,,2,,,1.0,,,2024
213010301.0,14,1410724,63,1,2,,,7.0,7,0,2024
213010301.0,14,1410724,47,1,2,,,7.0,4,1,2024
213010401.0,14,1410724,64,1,2,,,7.0,5,1,2024
213010501.0,14,1410724,57,1,2,,,9.0,1,1,2024
213010501.0,14,1410724,47,1,2,,,9.0,1,0,2024
213010501.0,14,1410724,8,,1,,,7.0,2,,2024
213010601.0,14,1410724,66,4,2,,,7.0,2,0,2024
213010601.0,14,1410724,62,1,2,,,7.0,4,1,2024
213010601.0,14,1410724,32,1,2,,,9.0,2,0,2024
213010601.0,14,1410724,30,1,2,,,9.0,4,0,2024
214250101.0,14,1410714,68,1,2,,,7.0,8,1,2024
214250201.0,14,1410714,56,1,2,,,7.0,8,1,2024
214250201.0,14,1410714,54,1,2,,,7.0,8,0,2024
214250201.0,14,1410714,31,1,2,,,11.0,4,0,2024
214250201.0,14,1410714,28,1,2,,,12.0,3,0,2024
214250201.0,14,1410714,7,,1,,,7.0,2,,2024
214250301.0,14,1410714,86,4,2,,,1.0,,1,2024
214250301.0,14,1410714,79,4,2,,,1.0,,0,2024
214250301.0,14,1410714,54,1,2,,,7.0,4,0,2024
214250401.0,14,1410714,39,1,2,,,12.0,3,1,2024
214250401.0,14,1410714,5,,1,,,4.0,,,2024
214250401.0,14,1410714,0,,1,,,2.0,,,2024
214250501.0,14,1410714,64,1,2,,,9.0,1,1,2024
214250701.0,14,1410714,63,1,2,,,7.0,8,1,2024
214250801.0,14,1410714,56,1,2,,,7.0,6,1,2024
214260101.0,14,1410724,28,1,2,,,11.0,4,1,2024
214260101.0,14,1410724,31,1,2,,,13.0,5,0,2024
214260201.0,14,1410724,42,1,2,,,11.0,4,1,2024
214260201.0,14,1410724,41,1,2,,,9.0,4,0,2024
214260201.0,14,1410724,20,1,1,,,13.0,2,0,2024
214260201.0,14,1410724,12,,1,,,7.0,8,,2024
214260201.0,14,1410724,5,,1,,,4.0,,,2024
214260301.0,14,1410724,32,1,1,,,13.0,3,1,2024
214260301.0,14,1410724,8,,1,,,7.0,2,,2024
214260301.0,14,1410724,6,,1,,,4.0,,,2024
214260301.0,14,1410724,2,,1,,,3.0,,,2024
214260401.0,14,1410724,64,1,2,,,12.0,2,1,2024
214260401.0,14,1410724,75,1,2,,,9.0,2,0,2024
214260401.0,14,1410724,82,1,2,,,6.0,3,0,2024
214260501.0,14,1410724,73,1,2,,,7.0,6,1,2024
214260501.0,14,1410724,60,1,2,,,7.0,5,0,2024
214260601.0,14,1410724,69,1,2,,,13.0,2,1,2024
214260601.0,14,1410724,69,1,2,,,9.0,4,0,2024
214260701.0,14,1410724,53,1,2,,,9.0,4,1,2024
214260701.0,14,1410724,51,2,2,,,7.0,5,0,2024
214260701.0,14,1410724,18,1,1,,,11.0,5,0,2024
214260701.0,14,1410724,12,,1,,,7.0,7,,2024
214260701.0,14,1410724,76,1,2,,,7.0,1,0,2024
214260801.0,14,1410724,61,1,2,,,7.0,7,1,2024
214260801.0,14,1410724,34,1,2,,,9.0,4,0,2024
214260801.0,14,1410724,35,1,2,,,9.0,4,0,2024
214260801.0,14,1410724,9,,1,,,7.0,4,,2024
214260801.0,14,1410724,0,,2,,,1.0,,,2024
214261001.0,14,1410724,65,1,2,,,7.0,4,1,2024
214261001.0,14,1410724,44,1,2,,,13.0,5,0,2024
215210101.0,14,1420224,36,1,2,,,9.0,4,1,2024
215210101.0,14,1420224,28,1,2,,,12.0,3,0,2024
215210101.0,14,1420224,7,,1,,,7.0,1,,2024
215210201.0,14,1420224,47,1,2,,,7.0,5,1,2024
215210401.0,14,1420224,74,1,2,,,9.0,2,1,2024
215210401.0,14,1420224,67,1,2,,,9.0,2,0,2024
215210401.0,14,1420224,36,1,2,,,9.0,4,0,2024
215210401.0,14,1420224,5,,1,,,4.0,,,2024
215210701.0,14,1420224,64,1,2,,,12.0,3,1,2024
215210801.0,14,1420224,73,1,2,,,9.0,4,1,2024
215210901.0,14,1420224,56,1,2,,,7.0,8,1,2024
215210901.0,14,1420224,37,1,2,,,7.0,7,0,2024
215210901.0,14,1420224,14,,1,,,7.0,8,0,2024
215210901.0,14,1420224,13,,1,,,7.0,7,,2024
215211001.0,14,1420224,70,1,2,,,7.0,8,1,2024
215211001.0,14,1420224,23,1,2,11,4,11.0,4,0,2024
216120101.0,14,1410113,39,1,2,,,13.0,4,1,2024
216120201.0,14,1410113,53,1,2,,,9.0,4,0,2024
216120201.0,14,1410113,54,1,2,,,11.0,5,1,2024
216120201.0,14,1410113,27,1,2,,,13.0,2,0,2024
216120201.0,14,1410113,21,1,1,,,12.0,1,0,2024
216120601.0,14,1410113,43,1,2,,,9.0,4,1,2024
216120601.0,14,1410113,43,1,2,,,9.0,4,0,2024
216120601.0,14,1410113,6,,1,,,7.0,1,,2024
216120701.0,14,1410113,71,1,2,,,9.0,4,1,2024
216120701.0,14,1410113,74,4,2,,,1.0,,0,2024
216880101.0,14,1420111,76,1,2,,,6.0,6,1,2024
216880101.0,14,1420111,77,1,2,,,6.0,6,0,2024
216880101.0,14,1420111,50,1,2,,,9.0,4,0,2024
216880101.0,14,1420111,20,1,1,,,13.0,4,0,2024
216880201.0,14,1420111,36,1,2,,,9.0,4,0,2024
216880201.0,14,1420111,32,1,1,,,12.0,3,1,2024
216880201.0,14,1420111,17,1,1,,,9.0,3,0,2024
216880201.0,14,1420111,12,,1,,,7.0,7,,2024
216880201.0,14,1420111,9,,1,,,7.0,3,,2024
216880201.0,14,1420111,6,,1,,,4.0,,,2024
216880301.0,14,1420111,59,1,2,,,9.0,4,1,2024
216880401.0,14,1420111,39,1,2,,,13.0,5,1,2024
216880401.0,14,1420111,43,1,2,,,9.0,4,0,2024
216880401.0,14,1420111,12,,1,,,7.0,6,,2024
216880501.0,14,1420111,61,1,2,,,9.0,4,1,2024
216880501.0,14,1420111,24,1,2,8,1,13.0,5,0,2024
216880501.0,14,1420111,52,1,2,,,9.0,2,0,2024
216880501.0,14,1420111,17,1,1,,,11.0,3,0,2024
216880601.0,14,1420111,44,1,2,,,14.0,2,0,2024
216880601.0,14,1420111,44,1,2,,,13.0,5,1,2024
216880601.0,14,1420111,10,,1,,,7.0,4,,2024
216880601.0,14,1420111,13,,1,,,7.0,8,,2024
216880801.0,14,1420111,77,1,2,,,6.0,6,1,2024
216880801.0,14,1420111,65,1,2,,,9.0,3,0,2024
217170101.0,14,1420224,68,1,2,,,7.0,4,0,2024
217170101.0,14,1420224,58,4,2,,,1.0,,1,2024
217170301.0,14,1420224,55,4,2,,,7.0,3,1,2024
217170301.0,14,1420224,55,1,2,,,7.0,8,0,2024
217170401.0,14,1420224,65,2,2,,,6.0,1,1,2024
217170401.0,14,1420224,67,1,2,,,8.0,1,0,2024
217170401.0,14,1420224,19,1,1,,,13.0,1,0,2024
217170501.0,14,1420224,44,1,2,,,13.0,1,1,2024
217170501.0,14,1420224,43,1,2,,,9.0,4,0,2024
217170501.0,14,1420224,18,1,1,,,13.0,1,0,2024
217170501.0,14,1420224,13,,1,,,7.0,7,,2024
217170601.0,14,1420224,46,1,2,,,9.0,4,1,2024
217170801.0,14,1420224,55,1,2,,,12.0,3,1,2024
217170801.0,14,1420224,58,1,2,,,9.0,4,0,2024
217170801.0,14,1420224,20,1,1,,,13.0,1,0,2024
217171001.0,14,1420224,52,1,2,,,7.0,8,1,2024
217171001.0,14,1420224,47,1,2,,,7.0,6,0,2024
217171001.0,14,1420224,27,1,2,,,13.0,4,0,2024
217171001.0,14,1420224,25,1,2,8,3,12.0,3,0,2024
217171001.0,14,1420224,24,1,1,,,13.0,4,0,2024
217171001.0,14,1420224,22,4,2,4,5,1.0,,0,2024
218810401.0,14,1410112,76,1,2,,,8.0,2,1,2024
218810501.0,14,1410112,48,1,2,,,9.0,4,1,2024
218810501.0,14,1410112,30,1,2,,,9.0,4,0,2024
218810601.0,14,1410112,80,1,2,,,8.0,3,1,2024
219430101.0,14,1410112,60,1,2,,,9.0,3,1,2024
219430101.0,14,1410112,57,1,2,,,9.0,4,0,2024
219430301.0,14,1410112,36,1,2,,,13.0,5,0,2024
219430301.0,14,1410112,39,1,2,,,11.0,4,1,2024
219430301.0,14,1410112,8,,1,,,7.0,2,,2024
219430301.0,14,1410112,6,,1,,,4.0,,,2024
219430301.0,14,1410112,0,,2,,,1.0,,,2024
219430401.0,14,1410112,65,1,2,,,9.0,4,1,2024
219430401.0,14,1410112,43,1,2,,,13.0,4,0,2024
219430501.0,14,1410112,65,1,2,,,13.0,5,1,2024
219430501.0,14,1410112,62,1,2,,,12.0,3,0,2024
219430601.0,14,1410112,63,1,2,,,9.0,4,1,2024
219430601.0,14,1410112,61,1,2,,,13.0,5,0,2024
219430701.0,14,1410112,61,1,1,,,12.0,1,1,2024
219430701.0,14,1410112,23,1,2,8,1,13.0,5,0,2024
219430701.0,14,1410112,38,1,2,,,9.0,4,0,2024
219430801.0,14,1410112,49,1,2,,,9.0,4,1,2024
219430801.0,14,1410112,17,4,1,,,7.0,8,0,2024
219430801.0,14,1410112,15,1,1,,,9.0,1,0,2024
219870201.0,14,1410111,70,1,2,,,9.0,4,1,2024
219870201.0,14,1410111,64,1,2,,,7.0,8,0,2024
219870301.0,14,1410111,46,1,2,,,9.0,4,1,2024
219870301.0,14,1410111,44,1,2,,,7.0,8,0,2024
219870401.0,14,1410111,64,1,2,,,13.0,2,1,2024
219870501.0,14,1410111,21,1,2,1,1,13.0,3,0,2024
219870501.0,14,1410111,11,,1,,,7.0,4,,2024
219870501.0,14,1410111,5,,1,,,4.0,,,2024
219870501.0,14,1410111,42,1,2,,,9.0,4,1,2024
219870601.0,14,1410111,75,1,2,,,6.0,1,1,2024
219870701.0,14,1410111,30,1,2,,,12.0,3,1,2024
219870701.0,14,1410111,22,1,1,,,7.0,7,0,2024
219870701.0,14,1410111,2,,1,,,3.0,,,2024
219870801.0,14,1410111,46,1,2,,,11.0,4,1,2024
220120101.0,14,1410113,31,1,2,,,13.0,5,1,2024
220120101.0,14,1410113,34,1,2,,,14.0,2,0,2024
220120301.0,14,1410113,36,1,2,,,13.0,5,1,2024
220120301.0,14,1410113,8,,1,,,7.0,2,,2024
220120401.0,14,1410113,35,1,2,,,13.0,5,1,2024
220120401.0,14,1410113,33,1,1,,,15.0,4,0,2024
220120401.0,14,1410113,9,,1,,,7.0,3,,2024
220120501.0,14,1410113,49,1,2,,,14.0,2,1,2024
220120501.0,14,1410113,16,1,1,,,9.0,2,0,2024
220120601.0,14,1410113,41,1,2,,,13.0,5,1,2024
220120601.0,14,1410113,52,1,2,,,13.0,5,0,2024
220120601.0,14,1410113,10,,1,,,7.0,4,,2024
220120601.0,14,1410113,2,,2,,,1.0,,,2024
220120701.0,14,1410113,62,1,2,,,13.0,4,1,2024
220120701.0,14,1410113,28,1,1,,,13.0,4,0,2024
220120801.0,14,1410113,63,1,2,,,9.0,2,1,2024
220120801.0,14,1410113,59,4,2,,,1.0,,0,2024
220120801.0,14,1410113,31,1,2,,,13.0,5,0,2024
220120801.0,14,1410113,16,1,1,,,9.0,1,0,2024
220120801.0,14,1410113,6,,1,,,4.0,,,2024
220120801.0,14,1410113,34,1,2,,,13.0,5,0,2024
220260101.0,14,1410824,48,1,2,,,7.0,8,1,2024
220260301.0,14,1410824,73,1,2,,,7.0,8,0,2024
220260301.0,14,1410824,74,1,2,,,9.0,4,1,2024
220260401.0,14,1410824,42,1,2,,,7.0,3,1,2024
220260401.0,14,1410824,52,1,2,,,7.0,6,0,2024
220260401.0,14,1410824,22,1,1,,,12.0,3,0,2024
220260401.0,14,1410824,14,,1,,,9.0,1,0,2024
220260801.0,14,1410824,62,4,2,,,7.0,3,1,2024
220260801.0,14,1410824,76,4,2,,,1.0,,0,2024
220260801.0,14,1410824,35,1,2,,,9.0,4,0,2024
220260801.0,14,1410824,17,1,1,,,9.0,3,0,2024
220260801.0,14,1410824,10,,1,,,7.0,4,,2024
220260801.0,14,1410824,9,,1,,,7.0,3,,2024
220260801.0,14,1410824,7,,1,,,7.0,1,,2024
220261001.0,14,1410824,54,1,2,,,9.0,1,1,2024
220261001.0,14,1410824,22,1,2,8,4,11.0,4,0,2024
220800101.0,14,1420424,63,1,2,,,7.0,7,1,2024
220800101.0,14,1420424,62,4,2,,,7.0,2,0,2024
220800201.0,14,1420424,70,1,2,,,13.0,5,1,2024
220800401.0,14,1420424,79,1,2,,,6.0,6,1,2024
220800401.0,14,1420424,64,1,2,,,6.0,6,0,2024
220800401.0,14,1420424,40,1,2,,,9.0,2,0,2024
220800401.0,14,1420424,38,1,2,,,7.0,6,0,2024
220800601.0,14,1420424,82,4,2,,,1.0,,1,2024
220800601.0,14,1420424,73,1,2,,,8.0,1,0,2024
220800701.0,14,1420424,31,1,2,,,12.0,3,1,2024
220800801.0,14,1420424,74,1,2,,,6.0,3,1,2024
220800901.0,14,1420424,70,1,2,,,7.0,6,1,2024
220801001.0,14,1420424,59,3,2,,,7.0,3,1,2024
220801001.0,14,1420424,18,1,1,,,11.0,4,0,2024
222220101.0,14,1410112,62,1,2,,,9.0,4,0,2024
222220101.0,14,1410112,62,1,2,,,11.0,5,1,2024
222220201.0,14,1410112,44,1,2,,,9.0,1,0,2024
222220201.0,14,1410112,69,1,2,,,7.0,7,1,2024
222220201.0,14,1410112,22,1,2,8,3,9.0,4,0,2024
222220201.0,14,1410112,20,1,2,8,3,9.0,4,0,2024
222220301.0,14,1410112,45,1,2,,,9.0,4,1,2024
222220301.0,14,1410112,42,1,2,,,9.0,4,0,2024
222220301.0,14,1410112,20,1,1,,,13.0,2,0,2024
222220301.0,14,1410112,16,1,1,,,11.0,3,0,2024
222220301.0,14,1410112,16,1,1,,,11.0,3,0,2024
222220301.0,14,1410112,12,,1,,,7.0,7,,2024
222220401.0,14,1410112,53,1,2,,,7.0,5,0,2024
222220401.0,14,1410112,32,1,2,,,9.0,4,0,2024
222220401.0,14,1410112,58,1,2,,,9.0,4,1,2024
222220601.0,14,1410112,55,1,2,,,7.0,4,1,2024
222220601.0,14,1410112,76,4,2,,,1.0,,0,2024
222220601.0,14,1410112,25,1,1,,,13.0,4,0,2024
222220701.0,14,1410112,21,1,1,,,13.0,4,1,2024
222220801.0,14,1410112,28,1,2,,,9.0,4,0,2024
222220801.0,14,1410112,57,1,2,,,9.0,4,1,2024
222680101.0,14,1410424,61,1,2,,,7.0,6,1,2024
222680101.0,14,1410424,64,1,2,,,7.0,8,0,2024
222680301.0,14,1410424,48,1,2,,,7.0,6,0,2024
222680301.0,14,1410424,13,,1,,,7.0,7,,2024
222680301.0,14,1410424,54,1,2,,,7.0,7,1,2024
222680401.0,14,1410424,64,1,2,,,11.0,3,1,2024
222680501.0,14,1410424,39,1,2,,,12.0,3,0,2024
222680501.0,14,1410424,67,1,2,,,9.0,2,1,2024
222680501.0,14,1410424,12,,1,,,7.0,6,,2024
222680501.0,14,1410424,11,,1,,,7.0,4,,2024
222680501.0,14,1410424,7,,1,,,7.0,2,,2024
222680601.0,14,1410424,42,1,2,,,11.0,4,1,2024
222680601.0,14,1410424,40,1,2,,,11.0,4,0,2024
222680601.0,14,1410424,18,1,1,,,9.0,4,0,2024
222680601.0,14,1410424,14,,1,,,9.0,1,0,2024
222680601.0,14,1410424,8,,1,,,7.0,2,,2024
222680901.0,14,1410424,68,1,2,,,7.0,5,0,2024
222680901.0,14,1410424,67,1,2,,,11.0,4,1,2024
223000301.0,14,1410113,74,1,2,,,13.0,2,1,2024
223000301.0,14,1410113,38,1,2,,,13.0,6,0,2024
223000301.0,14,1410113,19,1,1,,,13.0,1,0,2024
223000401.0,14,1410113,26,1,2,,,12.0,3,1,2024
223000401.0,14,1410113,28,1,2,,,12.0,3,0,2024
223000401.0,14,1410113,25,1,2,8,3,13.0,4,0,2024
223000501.0,14,1410113,46,1,2,,,9.0,4,1,2024
223000501.0,14,1410113,71,1,2,,,11.0,1,0,2024
223000501.0,14,1410113,25,1,1,,,13.0,6,0,2024
223000501.0,14,1410113,17,1,1,,,9.0,3,0,2024
223000501.0,14,1410113,15,1,1,,,7.0,8,0,2024
223000601.0,14,1410113,42,1,2,,,14.0,2,1,2024
223000801.0,14,1410113,49,1,2,,,12.0,3,0,2024
223000801.0,14,1410113,57,1,2,,,12.0,3,1,2024
223000801.0,14,1410113,18,1,1,,,9.0,4,0,2024
223600101.0,14,1420126,71,1,2,,,11.0,4,1,2024
223600101.0,14,1420126,69,1,2,,,9.0,4,0,2024
223600101.0,14,1420126,41,1,2,,,13.0,5,0,2024
223600101.0,14,1420126,21,1,1,,,13.0,3,0,2024
223600201.0,14,1420126,55,1,2,,,9.0,4,0,2024
223600201.0,14,1420126,61,1,2,,,9.0,4,1,2024
223600201.0,14,1420126,31,1,2,,,13.0,5,0,2024
223600401.0,14,1420126,62,1,2,,,12.0,3,1,2024
223600901.0,14,1420126,70,1,2,,,13.0,5,1,2024
223600901.0,14,1420126,73,1,2,,,13.0,5,0,2024
223720201.0,14,1410113,64,1,2,,,13.0,5,1,2024
223720201.0,14,1410113,31,1,2,,,14.0,2,0,2024
223720201.0,14,1410113,29,1,1,,,14.0,1,0,2024
223720201.0,14,1410113,31,1,2,,,13.0,4,0,2024
223720301.0,14,1410113,54,1,2,,,12.0,3,0,2024
223720301.0,14,1410113,57,1,2,,,13.0,5,1,2024
223720301.0,14,1410113,28,1,2,,,13.0,3,0,2024
223720301.0,14,1410113,27,1,1,,,13.0,4,0,2024
223720301.0,14,1410113,23,1,2,5,1,13.0,1,0,2024
223720301.0,14,1410113,18,1,1,,,9.0,4,0,2024
223720401.0,14,1410113,58,1,2,,,12.0,3,1,2024
223720401.0,14,1410113,54,1,2,,,13.0,4,0,2024
223720401.0,14,1410113,27,1,2,,,13.0,5,0,2024
223720501.0,14,1410113,51,1,2,,,9.0,4,1,2024
223720501.0,14,1410113,84,1,2,,,9.0,4,0,2024
223720501.0,14,1410113,50,1,2,,,13.0,5,0,2024
223720501.0,14,1410113,17,1,1,,,9.0,3,0,2024
223720601.0,14,1410113,76,1,2,,,11.0,4,1,2024
223720601.0,14,1410113,73,1,2,,,8.0,6,0,2024
223720701.0,14,1410113,57,1,2,,,13.0,5,1,2024
223720701.0,14,1410113,49,1,2,,,13.0,7,0,2024
223720701.0,14,1410113,24,1,2,8,1,13.0,5,0,2024
223720701.0,14,1410113,11,,1,,,7.0,5,,2024
223720801.0,14,1410113,80,1,2,,,14.0,2,1,2024
223720801.0,14,1410113,16,1,1,,,9.0,2,0,2024
223880101.0,14,1410624,52,1,2,,,7.0,6,1,2024
223880101.0,14,1410624,47,1,2,,,7.0,8,0,2024
223880101.0,14,1410624,18,1,1,,,13.0,1,0,2024
223880801.0,14,1410624,69,1,2,,,7.0,6,1,2024
224150101.0,14,1410112,72,1,2,,,8.0,6,1,2024
224150101.0,14,1410112,73,1,2,,,8.0,6,0,2024
224150101.0,14,1410112,21,1,1,,,13.0,3,0,2024
224150201.0,14,1410112,50,1,2,,,9.0,4,1,2024
224150201.0,14,1410112,18,1,2,16,2,9.0,4,0,2024
224150201.0,14,1410112,6,,1,,,4.0,,,2024
224150301.0,14,1410112,56,1,2,,,9.0,3,1,2024
224150301.0,14,1410112,30,1,2,,,13.0,5,0,2024
224150301.0,14,1410112,32,1,2,,,13.0,4,0,2024
224150401.0,14,1410112,39,1,2,,,12.0,2,0,2024
224150401.0,14,1410112,66,1,2,,,9.0,4,1,2024
224150401.0,14,1410112,68,1,2,,,12.0,2,0,2024
224150401.0,14,1410112,43,1,2,,,12.0,2,0,2024
224150401.0,14,1410112,35,1,2,,,13.0,6,0,2024
224150401.0,14,1410112,7,,1,,,7.0,1,,2024
224150401.0,14,1410112,2,,2,,,1.0,,,2024
224150801.0,14,1410112,69,1,2,,,9.0,4,1,2024
224150801.0,14,1410112,64,1,2,,,7.0,6,0,2024
224150801.0,14,1410112,43,1,2,,,9.0,4,0,2024
224150801.0,14,1410112,20,1,1,,,13.0,1,0,2024
224360101.0,14,1410724,78,1,2,,,7.0,8,0,2024
224360101.0,14,1410724,89,1,2,,,14.0,4,1,2024
224360201.0,14,1410724,53,1,2,,,7.0,4,1,2024
224360201.0,14,1410724,15,1,1,,,9.0,1,0,2024
224360201.0,14,1410724,65,1,2,,,7.0,8,0,2024
224360201.0,14,1410724,62,1,2,,,7.0,7,0,2024
224360201.0,14,1410724,55,1,2,,,7.0,8,0,2024
224360301.0,14,1410724,32,1,2,,,13.0,5,1,2024
224360301.0,14,1410724,28,1,2,,,13.0,5,0,2024
224360401.0,14,1410724,46,1,1,,,12.0,1,1,2024
224360501.0,14,1410724,61,1,2,,,9.0,1,1,2024
224360501.0,14,1410724,25,1,1,,,13.0,4,0,2024
224360501.0,14,1410724,16,1,1,,,9.0,2,0,2024
224360801.0,14,1410724,25,1,2,3,4,9.0,4,1,2024
224360801.0,14,1410724,27,1,2,,,9.0,1,0,2024
224360801.0,14,1410724,8,,1,,,7.0,2,,2024
224360801.0,14,1410724,0,,2,,,1.0,,,2024
224360901.0,14,1410724,56,1,2,,,9.0,2,1,2024
224360901.0,14,1410724,58,1,2,,,7.0,5,0,2024
224360901.0,14,1410724,27,1,2,,,13.0,3,0,2024
224360901.0,14,1410724,23,1,1,,,13.0,3,0,2024
224360901.0,14,1410724,21,1,1,,,12.0,2,0,2024
224361001.0,14,1410724,64,1,2,,,9.0,4,1,2024
224370201.0,14,1420416,76,1,2,,,6.0,5,1,2024
224370201.0,14,1420416,72,1,2,,,9.0,4,0,2024
224370401.0,14,1420416,70,1,2,,,9.0,4,1,2024
224370401.0,14,1420416,70,1,2,,,9.0,1,0,2024
224370501.0,14,1420416,48,1,2,,,9.0,4,1,2024
224370501.0,14,1420416,25,1,2,3,4,9.0,4,0,2024
224370501.0,14,1420416,4,,2,,,3.0,,,2024
224370501.0,14,1420416,26,1,2,,,9.0,4,0,2024
224370601.0,14,1420416,75,1,2,,,6.0,6,1,2024
224370701.0,14,1420416,57,1,2,,,12.0,3,1,2024
224370701.0,14,1420416,54,1,2,,,9.0,4,0,2024
224370701.0,14,1420416,23,1,1,,,13.0,5,0,2024
224370701.0,14,1420416,80,1,2,,,9.0,4,0,2024
224370801.0,14,1420416,29,1,2,,,7.0,8,1,2024
224370801.0,14,1420416,31,1,2,,,11.0,4,0,2024
224370801.0,14,1420416,7,,1,,,7.0,1,,2024
224370801.0,14,1420416,5,,1,,,4.0,,,2024
224370801.0,14,1420416,3,,2,,,1.0,,,2024
225870201.0,14,1420126,59,1,2,,,9.0,4,0,2024
225870201.0,14,1420126,82,1,2,,,6.0,6,1,2024
225870401.0,14,1420126,53,1,2,,,11.0,4,1,2024
225870401.0,14,1420126,63,1,2,,,7.0,7,0,2024
225870501.0,14,1420126,83,4,2,,,6.0,2,1,2024
225870501.0,14,1420126,82,3,2,,,6.0,2,0,2024
225870601.0,14,1420126,74,1,2,,,6.0,6,1,2024
225870701.0,14,1420126,76,4,2,,,7.0,1,1,2024
225870701.0,14,1420126,61,1,2,,,7.0,8,0,2024
225870701.0,14,1420126,32,1,2,,,11.0,4,0,2024
225870801.0,14,1420126,49,1,2,,,9.0,4,1,2024
225870801.0,14,1420126,13,,1,,,7.0,8,,2024
225870901.0,14,1420126,54,1,2,,,11.0,5,1,2024
225870901.0,14,1420126,59,1,2,,,7.0,7,0,2024
225870901.0,14,1420126,20,1,1,,,13.0,3,0,2024
225871001.0,14,1420126,44,1,2,,,12.0,3,1,2024
225871001.0,14,1420126,2,,1,,,3.0,,,2024
225871001.0,14,1420126,41,1,2,,,13.0,5,0,2024
226030101.0,14,1410414,83,1,2,,,8.0,3,1,2024
226030201.0,14,1410414,46,1,2,,,9.0,4,1,2024
226030201.0,14,1410414,56,1,2,,,9.0,4,0,2024
226030201.0,14,1410414,12,,1,,,7.0,6,,2024
226030301.0,14,1410414,61,1,2,,,9.0,4,1,2024
226030301.0,14,1410414,20,1,1,,,12.0,2,0,2024
226030501.0,14,1410414,24,1,2,11,2,12.0,3,0,2024
226030501.0,14,1410414,17,1,1,,,11.0,3,0,2024
226030501.0,14,1410414,50,1,2,,,9.0,4,1,2024
226030501.0,14,1410414,13,,1,,,7.0,7,,2024
226030601.0,14,1410414,66,1,2,,,9.0,2,1,2024
226030601.0,14,1410414,67,1,2,,,9.0,4,0,2024
226030701.0,14,1410414,52,1,2,,,7.0,8,1,2024
226030801.0,14,1410414,34,1,2,,,9.0,4,1,2024
226270101.0,14,1420224,67,1,2,,,9.0,1,1,2024
226270301.0,14,1420224,69,1,2,,,7.0,7,1,2024
226270301.0,14,1420224,39,1,2,,,11.0,4,0,2024
226270401.0,14,1420224,69,1,2,,,7.0,8,1,2024
226270501.0,14,1420224,36,1,2,,,11.0,4,1,2024
226270501.0,14,1420224,15,1,1,,,9.0,1,0,2024
226270701.0,14,1420224,87,4,2,,,1.0,,1,2024
226270701.0,14,1420224,70,4,2,,,6.0,2,0,2024
226270701.0,14,1420224,38,1,2,,,11.0,4,0,2024
226270701.0,14,1420224,45,4,2,,,7.0,4,0,2024
226270901.0,14,1420224,22,1,1,,,13.0,4,0,2024
226270901.0,14,1420224,55,1,2,,,9.0,4,1,2024
226270901.0,14,1420224,61,1,2,,,9.0,2,0,2024
226271001.0,14,1420224,35,1,2,,,9.0,4,1,2024
226271001.0,14,1420224,39,1,2,,,11.0,4,0,2024
226271001.0,14,1420224,4,,2,,,1.0,,,2024
227740101.0,14,1410111,76,1,2,,,6.0,6,1,2024
227740201.0,14,1410111,73,1,2,,,6.0,5,1,2024
227740201.0,14,1410111,83,1,2,,,6.0,5,0,2024
227740301.0,14,1410111,50,1,2,,,9.0,3,1,2024
227740401.0,14,1410111,75,4,2,,,1.0,,1,2024
227740601.0,14,1410111,51,1,2,,,9.0,4,1,2024
227740601.0,14,1410111,10,,1,,,7.0,4,,2024
227740601.0,14,1410111,15,1,1,,,9.0,2,0,2024
227740701.0,14,1410111,58,1,2,,,9.0,4,1,2024
227740701.0,14,1410111,30,1,2,,,11.0,4,0,2024
228060101.0,14,1420424,50,1,2,,,9.0,1,1,2024
228060101.0,14,1420424,16,1,1,,,11.0,3,0,2024
228060101.0,14,1420424,80,1,2,,,7.0,2,0,2024
228060201.0,14,1420424,52,1,2,,,11.0,4,1,2024
228060301.0,14,1420424,61,1,2,,,7.0,8,1,2024
228060401.0,14,1420424,84,1,2,,,7.0,3,1,2024
228060501.0,14,1420424,77,1,2,,,12.0,3,1,2024
228060501.0,14,1420424,73,1,2,,,7.0,8,0,2024
228060501.0,14,1420424,48,1,2,,,13.0,4,0,2024
228060601.0,14,1420424,58,1,2,,,7.0,6,0,2024
228060601.0,14,1420424,68,1,2,,,9.0,1,1,2024
228060601.0,14,1420424,17,1,1,,,9.0,3,0,2024
228060701.0,14,1420424,49,1,2,,,9.0,4,1,2024
228060701.0,14,1420424,16,1,1,,,11.0,2,0,2024
228060701.0,14,1420424,15,1,1,,,7.0,8,0,2024
228060801.0,14,1420424,49,1,2,,,9.0,4,1,2024
228060801.0,14,1420424,9,,1,,,7.0,4,,2024
228060901.0,14,1420424,69,1,2,,,7.0,3,1,2024
228060901.0,14,1420424,74,1,2,,,7.0,8,0,2024
228060901.0,14,1420424,94,4,2,,,1.0,,0,2024
228060901.0,14,1420424,31,1,2,,,13.0,5,0,2024
228060901.0,14,1420424,0,,2,,,1.0,,,2024
228060901.0,14,1420424,22,1,1,,,13.0,5,0,2024
228061001.0,14,1420424,71,1,2,,,7.0,6,1,2024
228061001.0,14,1420424,67,1,2,,,7.0,8,0,2024
228130101.0,14,1410112,71,1,2,,,7.0,3,1,2024
228130201.0,14,1410112,45,1,2,,,9.0,4,1,2024
228130201.0,14,1410112,44,1,2,,,13.0,4,0,2024
228130201.0,14,1410112,22,1,1,,,13.0,3,0,2024
228130301.0,14,1410112,84,4,2,,,1.0,,1,2024
228130301.0,14,1410112,67,1,2,,,7.0,5,0,2024
228130301.0,14,1410112,45,1,2,,,11.0,4,0,2024
228130301.0,14,1410112,37,1,2,,,11.0,4,0,2024
228130301.0,14,1410112,19,1,2,5,1,13.0,1,0,2024
228130301.0,14,1410112,16,1,1,,,9.0,2,0,2024
228130401.0,14,1410112,70,4,2,,,6.0,1,1,2024
228130401.0,14,1410112,43,1,1,,,13.0,3,0,2024
228130401.0,14,1410112,21,1,1,,,13.0,2,0,2024
228130601.0,14,1410112,50,1,2,,,9.0,4,1,2024
228130601.0,14,1410112,27,1,2,,,9.0,4,0,2024
228130601.0,14,1410112,24,1,2,8,4,9.0,4,0,2024
228130701.0,14,1410112,22,1,2,3,3,9.0,3,1,2024
228130701.0,14,1410112,5,,1,,,4.0,,,2024
228130701.0,14,1410112,1,,2,,,1.0,,,2024
228130801.0,14,1410112,48,1,2,,,11.0,4,1,2024
228130801.0,14,1410112,44,1,2,,,13.0,5,0,2024
228130801.0,14,1410112,26,1,1,,,13.0,2,0,2024
228130801.0,14,1410112,7,,1,,,7.0,2,,2024
229830101.0,14,1410111,35,1,2,,,11.0,4,0,2024
229830101.0,14,1410111,39,1,1,,,13.0,4,1,2024
229830101.0,14,1410111,20,1,1,,,13.0,3,0,2024
229830101.0,14,1410111,11,,1,,,7.0,5,,2024
229830201.0,14,1410111,32,1,2,,,15.0,5,1,2024
229830401.0,14,1410111,77,1,2,,,12.0,3,1,2024
229830401.0,14,1410111,32,1,1,,,12.0,2,0,2024
229830601.0,14,1410111,58,1,2,,,13.0,4,1,2024
229830601.0,14,1410111,30,1,2,,,13.0,1,0,2024
229830701.0,14,1410111,74,1,2,,,8.0,2,1,2024
229830801.0,14,1410111,49,1,2,,,11.0,4,1,2024
229830801.0,14,1410111,24,1,2,8,3,13.0,4,0,2024
229830801.0,14,1410111,19,1,1,,,13.0,1,0,2024
229830801.0,14,1410111,11,,1,,,7.0,5,,2024
229870101.0,14,1410111,57,1,2,,,7.0,8,1,2024
229870101.0,14,1410111,62,1,2,,,7.0,8,0,2024
229870101.0,14,1410111,25,1,2,8,3,13.0,5,0,2024
229870101.0,14,1410111,16,1,1,,,9.0,3,0,2024
229870201.0,14,1410111,4,,1,,,4.0,,,2024
229870201.0,14,1410111,34,1,1,,,9.0,2,1,2024
229870201.0,14,1410111,27,1,2,,,9.0,3,0,2024
229870301.0,14,1410111,65,4,2,,,1.0,,1,2024
229870501.0,14,1410111,88,2,2,,,1.0,,1,2024
229870701.0,14,1410111,33,1,2,,,13.0,5,1,2024
229870701.0,14,1410111,31,1,2,,,13.0,5,0,2024
229900201.0,14,1410314,66,4,2,,,7.0,2,1,2024
229900201.0,14,1410314,68,1,2,,,8.0,3,0,2024
229900201.0,14,1410314,43,1,2,,,7.0,8,0,2024
229900301.0,14,1410314,58,1,2,,,9.0,4,0,2024
229900301.0,14,1410314,56,1,2,,,9.0,4,1,2024
229900301.0,14,1410314,32,1,2,,,12.0,3,0,2024
229900301.0,14,1410314,15,1,1,,,9.0,2,0,2024
229900401.0,14,1410314,63,1,2,,,7.0,8,1,2024
229900501.0,14,1410314,69,1,2,,,6.0,6,1,2024
229900601.0,14,1410314,64,1,2,,,7.0,8,1,2024
229900601.0,14,1410314,27,1,2,,,9.0,4,0,2024
229900601.0,14,1410314,29,1,2,,,12.0,3,0,2024
229900601.0,14,1410314,41,1,2,,,9.0,4,0,2024
229900601.0,14,1410314,31,1,2,,,7.0,8,0,2024
229900601.0,14,1410314,3,,2,,,1.0,,,2024
229900701.0,14,1410314,23,1,2,11,4,12.0,2,0,2024
229900701.0,14,1410314,15,1,1,,,11.0,2,0,2024
229900701.0,14,1410314,10,,1,,,7.0,4,,2024
229900701.0,14,1410314,46,1,2,,,9.0,4,1,2024
229900801.0,14,1410314,30,1,2,,,9.0,4,0,2024
229900801.0,14,1410314,25,1,2,3,4,11.0,4,1,2024
229900801.0,14,1410314,5,,1,,,4.0,,,2024
229900801.0,14,1410314,0,,2,,,1.0,,,2024
232050201.0,14,1410113,69,1,2,,,14.0,2,1,2024
232050401.0,14,1410113,50,1,2,,,12.0,2,1,2024
232050401.0,14,1410113,27,1,1,,,13.0,5,0,2024
232050401.0,14,1410113,21,1,1,,,13.0,2,0,2024
232050501.0,14,1410113,64,1,2,,,12.0,3,0,2024
232050501.0,14,1410113,36,1,2,,,13.0,5,1,2024
232050501.0,14,1410113,18,1,1,,,9.0,4,0,2024
232050501.0,14,1410113,6,,1,,,7.0,1,,2024
232050701.0,14,1410113,36,1,2,,,9.0,4,1,2024
232050701.0,14,1410113,30,1,2,,,9.0,4,0,2024
232050701.0,14,1410113,8,,1,,,7.0,2,,2024
233580101.0,14,1410314,33,1,2,,,12.0,3,1,2024
233580101.0,14,1410314,14,,1,,,11.0,1,0,2024
233580101.0,14,1410314,5,,1,,,4.0,,,2024
233580101.0,14,1410314,41,1,2,,,11.0,4,0,2024
233580201.0,14,1410314,45,1,2,,,11.0,2,1,2024
233580201.0,14,1410314,64,1,2,,,7.0,4,0,2024
233580201.0,14,1410314,23,1,2,12,4,11.0,4,0,2024
233580201.0,14,1410314,20,1,1,,,13.0,1,0,2024
233580201.0,14,1410314,2,,1,,,2.0,,,2024
233580401.0,14,1410314,35,1,2,,,13.0,5,1,2024
233580401.0,14,1410314,36,1,2,,,13.0,5,0,2024
233580401.0,14,1410314,4,,1,,,4.0,,,2024
233580401.0,14,1410314,1,,1,,,2.0,,,2024
233580701.0,14,1410314,56,1,2,,,9.0,3,1,2024
233580701.0,14,1410314,26,1,2,,,12.0,3,0,2024
233580701.0,14,1410314,55,1,2,,,9.0,2,0,2024
233580701.0,14,1410314,19,1,1,,,13.0,1,0,2024
233580801.0,14,1410314,25,1,1,,,12.0,2,1,2024
233580801.0,14,1410314,24,1,2,12,4,9.0,4,0,2024
233580801.0,14,1410314,1,,2,,,1.0,,,2024
233740101.0,14,1410824,41,1,2,,,7.0,6,1,2024
233740101.0,14,1410824,80,4,2,,,1.0,,0,2024
233740201.0,14,1410824,54,1,2,,,7.0,6,1,2024
233740201.0,14,1410824,84,4,2,,,6.0,3,0,2024
233740401.0,14,1410824,51,1,2,,,9.0,4,1,2024
233740401.0,14,1410824,40,1,2,,,7.0,8,0,2024
233740401.0,14,1410824,15,1,1,,,9.0,1,0,2024
233740501.0,14,1410824,58,1,2,,,7.0,6,1,2024
233740501.0,14,1410824,71,1,2,,,6.0,2,0,2024
233740501.0,14,1410824,19,1,2,8,2,9.0,4,0,2024
233740501.0,14,1410824,20,1,2,8,3,9.0,4,0,2024
233740501.0,14,1410824,1,,2,,,1.0,,,2024
233740501.0,14,1410824,0,,2,,,1.0,,,2024
233740601.0,14,1410824,84,4,2,,,6.0,4,1,2024
233740601.0,14,1410824,84,1,2,,,6.0,4,0,2024
233740601.0,14,1410824,51,1,2,,,7.0,5,0,2024
233740801.0,14,1410824,55,1,2,,,7.0,5,0,2024
233740801.0,14,1410824,51,1,2,,,7.0,8,1,2024
233740801.0,14,1410824,15,1,1,,,9.0,1,0,2024
233740901.0,14,1410824,56,1,2,,,7.0,8,1,2024
233741001.0,14,1410824,67,4,2,,,1.0,,1,2024
233741001.0,14,1410824,29,4,2,,,5.0,,0,2024
233910101.0,14,1420424,71,1,2,,,13.0,5,1,2024
233910201.0,14,1420424,57,1,2,,,9.0,4,1,2024
233910201.0,14,1420424,51,1,2,,,7.0,7,0,2024
233910201.0,14,1420424,15,1,1,,,11.0,1,0,2024
233910301.0,14,1420424,79,1,2,,,7.0,3,0,2024
233910301.0,14,1420424,60,1,2,,,7.0,7,1,2024
233910401.0,14,1420424,49,1,2,,,12.0,3,0,2024
233910401.0,14,1420424,52,1,2,,,12.0,3,1,2024
233910501.0,14,1420424,58,1,2,,,9.0,4,1,2024
233910501.0,14,1420424,22,1,2,12,4,9.0,4,0,2024
233910701.0,14,1420424,47,1,2,,,9.0,4,1,2024
233910701.0,14,1420424,62,1,2,,,7.0,8,0,2024
233910701.0,14,1420424,23,1,1,,,13.0,4,0,2024
233910701.0,14,1420424,14,,1,,,9.0,1,0,2024
233910801.0,14,1420424,56,1,2,,,7.0,8,1,2024
233910801.0,14,1420424,56,1,2,,,9.0,4,0,2024
233910901.0,14,1420424,23,1,2,8,4,9.0,4,1,2024
233910901.0,14,1420424,28,1,2,,,9.0,4,0,2024
233911001.0,14,1420424,48,1,2,,,9.0,2,1,2024
233911001.0,14,1420424,21,1,2,8,4,11.0,4,0,2024
233911001.0,14,1420424,15,1,1,,,11.0,1,0,2024
233911001.0,14,1420424,49,1,2,,,7.0,6,0,2024
234530101.0,14,1420416,60,1,2,,,11.0,4,1,2024
234530101.0,14,1420416,59,1,2,,,12.0,3,0,2024
234530101.0,14,1420416,30,1,1,,,13.0,3,0,2024
234530101.0,14,1420416,24,1,1,,,13.0,3,0,2024
234530201.0,14,1420416,38,1,2,,,9.0,4,1,2024
234530201.0,14,1420416,34,1,2,,,9.0,1,0,2024
234530201.0,14,1420416,7,,1,,,7.0,2,,2024
234530301.0,14,1420416,39,1,2,,,11.0,4,1,2024
234530301.0,14,1420416,32,1,2,,,11.0,4,0,2024
234530301.0,14,1420416,12,,1,,,7.0,6,,2024
234530301.0,14,1420416,70,1,2,,,7.0,4,0,2024
234530401.0,14,1420416,63,1,2,,,7.0,8,1,2024
234530401.0,14,1420416,60,1,2,,,7.0,6,0,2024
234530401.0,14,1420416,20,1,2,10,3,12.0,3,0,2024
234530401.0,14,1420416,18,1,2,11,2,9.0,4,0,2024
234530501.0,14,1420416,53,1,2,,,9.0,4,1,2024
234530501.0,14,1420416,74,1,2,,,8.0,6,0,2024
234530701.0,14,1420416,82,1,2,,,6.0,6,1,2024
234530801.0,14,1420416,46,1,2,,,11.0,4,1,2024
234530801.0,14,1420416,26,1,1,,,13.0,4,0,2024
235650101.0,14,1410112,75,1,2,,,13.0,5,1,2024
235650101.0,14,1410112,38,1,2,,,13.0,5,0,2024
235650301.0,14,1410112,38,1,2,,,13.0,5,1,2024
235650301.0,14,1410112,35,1,2,,,13.0,3,0,2024
235650401.0,14,1410112,41,1,2,,,13.0,2,1,2024
235650401.0,14,1410112,15,1,1,,,9.0,2,0,2024
235650401.0,14,1410112,13,,1,,,7.0,8,,2024
235650601.0,14,1410112,92,1,2,,,8.0,4,1,2024
235650601.0,14,1410112,60,4,2,,,1.0,,0,2024
235650601.0,14,1410112,64,1,2,,,9.0,3,0,2024
235650601.0,14,1410112,65,1,2,,,9.0,3,0,2024
235650801.0,14,1410112,46,1,2,,,13.0,6,0,2024
235650801.0,14,1410112,49,1,2,,,13.0,5,0,2024
235650801.0,14,1410112,24,1,1,,,13.0,7,0,2024
235650801.0,14,1410112,14,,1,,,7.0,8,0,2024
235650801.0,14,1410112,78,1,2,,,13.0,4,1,2024
236220101.0,14,1410113,52,1,2,,,14.0,3,1,2024
236220101.0,14,1410113,53,1,2,,,13.0,5,0,2024
236220101.0,14,1410113,22,1,1,,,13.0,4,0,2024
236220101.0,14,1410113,20,1,1,,,13.0,2,0,2024
236220201.0,14,1410113,70,1,2,,,13.0,5,1,2024
236220201.0,14,1410113,65,1,2,,,13.0,5,0,2024
236220301.0,14,1410113,31,1,2,,,13.0,6,1,2024
236220401.0,14,1410113,67,1,2,,,14.0,3,1,2024
236220401.0,14,1410113,57,1,2,,,14.0,3,0,2024
236220501.0,14,1410113,77,1,2,,,13.0,8,1,2024
236220501.0,14,1410113,54,1,2,,,14.0,3,0,2024
236220501.0,14,1410113,50,1,2,,,9.0,4,0,2024
236220601.0,14,1410113,79,1,2,,,13.0,5,0,2024
236220601.0,14,1410113,82,1,2,,,13.0,5,1,2024
236220701.0,14,1410113,47,1,2,,,13.0,5,1,2024
236220701.0,14,1410113,44,1,2,,,13.0,5,0,2024
236220701.0,14,1410113,8,,1,,,7.0,2,,2024
236220701.0,14,1410113,14,,1,,,7.0,8,0,2024
236220801.0,14,1410113,74,1,2,,,15.0,6,0,2024
236220801.0,14,1410113,80,1,2,,,15.0,6,1,2024
236220801.0,14,1410113,65,1,2,,,9.0,4,0,2024
238070101.0,14,1410714,64,1,2,,,7.0,8,1,2024
238070101.0,14,1410714,56,1,2,,,7.0,8,0,2024
238070101.0,14,1410714,33,1,2,,,12.0,3,0,2024
238070101.0,14,1410714,23,1,2,11,4,11.0,4,0,2024
238070101.0,14,1410714,5,,1,,,4.0,,,2024
238070301.0,14,1410714,78,1,2,,,7.0,4,1,2024
238070301.0,14,1410714,67,1,2,,,7.0,3,0,2024
238070401.0,14,1410714,59,2,2,,,7.0,4,1,2024
238070501.0,14,1410714,43,1,2,,,7.0,6,1,2024
238070701.0,14,1410714,33,1,2,,,7.0,8,1,2024
238070801.0,14,1410714,59,1,2,,,7.0,5,1,2024
240960201.0,14,1410111,68,1,2,,,7.0,6,1,2024
240960301.0,14,1410111,68,1,2,,,7.0,8,1,2024
240960401.0,14,1410111,57,1,2,,,9.0,4,1,2024
240960501.0,14,1410111,73,1,2,,,6.0,4,1,2024
240960501.0,14,1410111,78,1,2,,,6.0,3,0,2024
240960701.0,14,1410111,55,1,2,,,9.0,1,1,2024
240960801.0,14,1410111,53,1,2,,,9.0,4,0,2024
240960801.0,14,1410111,54,1,2,,,9.0,4,1,2024
240960801.0,14,1410111,19,1,2,8,2,9.0,4,0,2024
240960801.0,14,1410111,15,1,1,,,9.0,1,0,2024
241660101.0,14,1410111,62,1,2,,,15.0,3,0,2024
241660101.0,14,1410111,55,1,2,,,13.0,5,1,2024
241660201.0,14,1410111,62,1,2,,,7.0,8,0,2024
241660201.0,14,1410111,68,1,2,,,9.0,4,1,2024
241660401.0,14,1410111,54,1,2,,,9.0,3,1,2024
241660401.0,14,1410111,51,2,2,,,7.0,3,0,2024
241660401.0,14,1410111,14,,1,,,7.0,7,0,2024
241660401.0,14,1410111,5,,1,,,4.0,,,2024
241660401.0,14,1410111,33,1,2,,,7.0,8,0,2024
241660501.0,14,1410111,61,1,2,,,7.0,6,1,2024
241660501.0,14,1410111,62,1,2,,,7.0,8,0,2024
241660601.0,14,1410111,53,1,2,,,9.0,4,1,2024
241660701.0,14,1410111,60,1,2,,,9.0,4,1,2024
241660701.0,14,1410111,58,1,2,,,9.0,2,0,2024
241660801.0,14,1410111,63,1,2,,,9.0,4,1,2024
241660801.0,14,1410111,72,1,2,,,7.0,4,0,2024
242430101.0,14,1410111,55,1,2,,,9.0,4,1,2024
242430101.0,14,1410111,14,,1,,,7.0,8,0,2024
242430101.0,14,1410111,10,,1,,,7.0,4,,2024
242430101.0,14,1410111,10,,1,,,7.0,4,,2024
242430101.0,14,1410111,46,1,2,,,9.0,4,0,2024
242430201.0,14,1410111,63,1,2,,,7.0,8,1,2024
242430201.0,14,1410111,50,1,2,,,9.0,4,0,2024
242430201.0,14,1410111,18,1,1,,,9.0,4,0,2024
242430301.0,14,1410111,30,1,2,,,9.0,2,1,2024
242430301.0,14,1410111,26,1,2,,,11.0,2,0,2024
242430301.0,14,1410111,8,,1,,,7.0,3,,2024
242430401.0,14,1410111,36,1,2,,,9.0,4,0,2024
242430401.0,14,1410111,37,1,2,,,11.0,4,1,2024
242430401.0,14,1410111,16,1,1,,,9.0,3,0,2024
242430401.0,14,1410111,8,,1,,,7.0,3,,2024
242430501.0,14,1410111,81,1,2,,,10.0,4,1,2024
242430501.0,14,1410111,55,1,2,,,9.0,4,0,2024
242430501.0,14,1410111,58,1,2,,,11.0,5,0,2024
242430501.0,14,1410111,36,1,2,,,11.0,4,0,2024
242430501.0,14,1410111,34,1,2,,,9.0,4,0,2024
242430501.0,14,1410111,33,1,2,,,9.0,4,0,2024
242430501.0,14,1410111,16,1,1,,,9.0,2,0,2024
242430501.0,14,1410111,11,,1,,,7.0,5,,2024
242430601.0,14,1410111,60,1,2,,,9.0,2,1,2024
242430601.0,14,1410111,58,1,2,,,7.0,2,0,2024
242430601.0,14,1410111,15,1,1,,,9.0,1,0,2024
242430701.0,14,1410111,36,1,2,,,5.0,,1,2024
242430701.0,14,1410111,16,1,1,,,9.0,1,0,2024
242430701.0,14,1410111,6,,1,,,4.0,,,2024
242430801.0,14,1410111,55,1,2,,,7.0,3,1,2024
242430801.0,14,1410111,15,1,1,,,9.0,1,0,2024
242440301.0,14,1410111,63,1,2,,,11.0,3,1,2024
242440301.0,14,1410111,62,1,2,,,7.0,8,0,2024
242440401.0,14,1410111,42,1,2,,,11.0,2,1,2024
242440401.0,14,1410111,24,1,2,11,4,11.0,4,0,2024
242440401.0,14,1410111,17,1,1,,,9.0,1,0,2024
242440501.0,14,1410111,33,1,2,,,9.0,4,1,2024
242440501.0,14,1410111,36,1,2,,,11.0,4,0,2024
242440501.0,14,1410111,16,1,1,,,9.0,3,0,2024
242440501.0,14,1410111,7,,1,,,7.0,1,,2024
242440601.0,14,1410111,53,1,2,,,9.0,4,1,2024
242440701.0,14,1410111,33,1,2,,,12.0,3,1,2024
242440701.0,14,1410111,41,1,2,,,9.0,4,0,2024
242440701.0,14,1410111,11,,1,,,7.0,6,,2024
242440701.0,14,1410111,2,,1,,,3.0,,,2024
242440801.0,14,1410111,58,1,2,,,5.0,,1,2024
242440801.0,14,1410111,58,1,2,,,9.0,4,0,2024
242510701.0,14,1410824,40,1,2,,,9.0,4,1,2024
242510701.0,14,1410824,39,1,2,,,9.0,4,0,2024
242510701.0,14,1410824,19,1,1,,,13.0,1,0,2024
242510701.0,14,1410824,13,,1,,,7.0,7,,2024
242510701.0,14,1410824,7,,1,,,7.0,1,,2024
243860101.0,14,1410824,54,1,1,,,7.0,8,1,2024
243860101.0,14,1410824,28,1,2,,,11.0,4,0,2024
243860101.0,14,1410824,16,1,1,,,9.0,2,0,2024
243860201.0,14,1410824,49,1,2,,,7.0,8,1,2024
243860501.0,14,1410824,81,1,2,,,6.0,2,0,2024
243860501.0,14,1410824,72,4,2,,,1.0,,1,2024
243860601.0,14,1410824,79,1,2,,,6.0,5,1,2024
243860701.0,14,1410824,60,1,2,,,7.0,5,1,2024
243860801.0,14,1410824,29,1,2,,,13.0,5,0,2024
243860801.0,14,1410824,62,1,2,,,7.0,5,0,2024
243860801.0,14,1410824,63,1,2,,,7.0,8,1,2024
243860901.0,14,1410824,73,1,2,,,6.0,3,1,2024
243860901.0,14,1410824,41,1,2,,,11.0,4,0,2024
245680101.0,14,1410814,65,1,2,,,7.0,7,1,2024
245680201.0,14,1410814,23,1,2,12,2,12.0,3,1,2024
245680201.0,14,1410814,19,1,1,,,12.0,2,0,2024
245680301.0,14,1410814,69,1,2,,,9.0,2,1,2024
245680301.0,14,1410814,49,1,2,,,7.0,3,0,2024
245680301.0,14,1410814,40,1,2,,,9.0,4,0,2024
245680301.0,14,1410814,17,1,1,,,9.0,3,0,2024
245680401.0,14,1410814,55,1,2,,,9.0,4,1,2024
245680401.0,14,1410814,53,1,2,,,9.0,4,0,2024
245680401.0,14,1410814,23,1,2,8,4,9.0,4,0,2024
245680401.0,14,1410814,12,,1,,,7.0,6,,2024
245680601.0,14,1410814,66,1,2,,,13.0,4,1,2024
245680601.0,14,1410814,17,1,1,,,9.0,4,0,2024
245680701.0,14,1410814,92,1,2,,,8.0,4,1,2024
245680701.0,14,1410814,84,1,2,,,8.0,3,0,2024
245680801.0,14,1410814,58,1,2,,,9.0,4,1,2024
245680801.0,14,1410814,61,1,2,,,9.0,4,0,2024
245680801.0,14,1410814,36,1,2,,,12.0,3,0,2024
245680801.0,14,1410814,24,1,2,8,4,9.0,4,0,2024
245680801.0,14,1410814,10,,1,,,7.0,4,,2024
245680801.0,14,1410814,14,,1,,,9.0,1,0,2024
246020101.0,14,1420126,65,1,2,,,7.0,6,1,2024
246020101.0,14,1420126,75,1,2,,,7.0,3,0,2024
246020301.0,14,1420126,77,1,2,,,7.0,1,1,2024
246020301.0,14,1420126,38,1,2,,,7.0,8,0,2024
246020301.0,14,1420126,18,1,1,,,9.0,4,0,2024
246020301.0,14,1420126,12,,1,,,7.0,6,,2024
246020301.0,14,1420126,1,,2,,,1.0,,,2024
246020401.0,14,1420126,47,1,2,,,7.0,8,1,2024
246020401.0,14,1420126,49,1,2,,,11.0,1,0,2024
246020401.0,14,1420126,7,,1,,,7.0,1,,2024
246020601.0,14,1420126,64,1,2,,,9.0,4,1,2024
246020601.0,14,1420126,63,1,2,,,9.0,2,0,2024
246020701.0,14,1420126,66,1,2,,,7.0,8,1,2024
246020701.0,14,1420126,56,1,2,,,7.0,8,0,2024
246020701.0,14,1420126,30,1,2,,,13.0,5,0,2024
246020801.0,14,1420126,54,1,2,,,11.0,3,1,2024
246020801.0,14,1420126,48,1,2,,,9.0,-88,0,2024
246020801.0,14,1420126,22,1,1,,,13.0,4,0,2024
246020801.0,14,1420126,19,1,1,,,12.0,3,0,2024
246020801.0,14,1420126,12,,1,,,7.0,7,,2024
246020801.0,14,1420126,62,1,2,,,7.0,7,0,2024
246020901.0,14,1420126,52,1,2,,,7.0,8,1,2024
246020901.0,14,1420126,56,1,2,,,9.0,2,0,2024
246021001.0,14,1420126,59,1,2,,,9.0,4,1,2024
246021001.0,14,1420126,20,1,2,2,3,11.0,4,0,2024
246130201.0,14,1410424,55,4,2,,,7.0,2,1,2024
246130201.0,14,1410424,63,1,2,,,7.0,8,0,2024
246130401.0,14,1410424,71,1,2,,,6.0,3,0,2024
246130401.0,14,1410424,76,1,2,,,6.0,3,1,2024
246130501.0,14,1410424,29,1,2,,,9.0,2,1,2024
246130501.0,14,1410424,29,1,2,,,9.0,2,0,2024
246130501.0,14,1410424,13,,1,,,7.0,8,,2024
246130501.0,14,1410424,7,,1,,,7.0,1,,2024
246130601.0,14,1410424,52,4,2,,,7.0,1,1,2024
246130601.0,14,1410424,35,4,2,,,7.0,1,0,2024
246130701.0,14,1410424,51,2,2,,,7.0,4,0,2024
246130701.0,14,1410424,57,1,2,,,9.0,2,1,2024
246130901.0,14,1410424,66,1,2,,,13.0,5,1,2024
246131001.0,14,1410424,73,1,2,,,13.0,5,1,2024
246360101.0,14,1410724,32,1,2,,,13.0,5,1,2024
246360101.0,14,1410724,32,1,2,,,12.0,3,0,2024
246360101.0,14,1410724,9,,1,,,7.0,3,,2024
246360201.0,14,1410724,61,1,2,,,7.0,6,1,2024
246360201.0,14,1410724,62,1,2,,,9.0,3,0,2024
246360301.0,14,1410724,75,4,2,,,1.0,,1,2024
246360401.0,14,1410724,67,1,2,,,9.0,3,0,2024
246360401.0,14,1410724,75,1,2,,,10.0,4,1,2024
246360601.0,14,1410724,58,1,2,,,9.0,1,1,2024
246360601.0,14,1410724,57,1,2,,,9.0,1,0,2024
246360801.0,14,1410724,64,1,2,,,7.0,8,1,2024
246360901.0,14,1410724,81,1,2,,,6.0,4,1,2024
246360901.0,14,1410724,83,1,2,,,6.0,1,0,2024
246490101.0,14,1410112,52,1,2,,,13.0,6,1,2024
246490101.0,14,1410112,49,1,2,,,11.0,4,0,2024
246490201.0,14,1410112,81,1,2,,,6.0,6,1,2024
246490201.0,14,1410112,62,1,2,,,9.0,4,0,2024
246490401.0,14,1410112,65,1,2,,,9.0,1,1,2024
246490601.0,14,1410112,61,1,2,,,13.0,5,1,2024
246490601.0,14,1410112,61,1,2,,,9.0,4,0,2024
246490601.0,14,1410112,27,1,1,,,13.0,4,0,2024
246490601.0,14,1410112,25,1,1,,,13.0,5,0,2024
247370101.0,14,1420424,67,1,2,,,7.0,5,1,2024
247370101.0,14,1420424,60,1,2,,,7.0,5,0,2024
247370101.0,14,1420424,17,1,1,,,7.0,3,0,2024
247370201.0,14,1420424,40,1,2,,,9.0,4,1,2024
247370201.0,14,1420424,17,1,1,,,9.0,4,0,2024
247370201.0,14,1420424,10,,1,,,7.0,5,,2024
247370501.0,14,1420424,63,1,2,,,7.0,8,1,2024
247370501.0,14,1420424,22,1,1,,,13.0,4,0,2024
247370501.0,14,1420424,64,1,2,,,9.0,3,0,2024
247370601.0,14,1420424,87,1,2,,,13.0,5,1,2024
247370601.0,14,1420424,71,1,2,,,7.0,8,0,2024
247370801.0,14,1420424,56,1,2,,,7.0,8,1,2024
247370801.0,14,1420424,25,1,2,8,4,9.0,4,0,2024
247370901.0,14,1420424,56,1,2,,,9.0,4,1,2024
247370901.0,14,1420424,59,1,2,,,9.0,4,0,2024
247371001.0,14,1420424,76,1,2,,,6.0,6,1,2024
247371001.0,14,1420424,70,1,2,,,7.0,5,0,2024
248930101.0,14,1420117,59,1,2,,,9.0,4,1,2024
248930101.0,14,1420117,38,1,2,,,9.0,4,0,2024
248930301.0,14,1420117,49,1,2,,,13.0,5,0,2024
248930301.0,14,1420117,51,1,2,,,13.0,5,1,2024
248930301.0,14,1420117,32,1,2,,,13.0,5,0,2024
248930301.0,14,1420117,27,1,2,,,12.0,3,0,2024
248930301.0,14,1420117,8,,1,,,7.0,3,,2024
248930301.0,14,1420117,33,1,2,,,13.0,5,0,2024
248930301.0,14,1420117,30,1,2,,,12.0,2,0,2024
248930401.0,14,1420117,48,1,2,,,12.0,3,1,2024
248930401.0,14,1420117,18,1,2,12,2,9.0,4,0,2024
248930401.0,14,1420117,15,1,1,,,9.0,2,0,2024
248930401.0,14,1420117,44,1,2,,,12.0,3,0,2024
248930501.0,14,1420117,51,1,2,,,13.0,6,1,2024
248930501.0,14,1420117,44,1,2,,,12.0,3,0,2024
248930501.0,14,1420117,6,,1,,,7.0,1,,2024
248930601.0,14,1420117,30,1,2,,,11.0,4,1,2024
248930601.0,14,1420117,31,1,2,,,12.0,3,0,2024
248930601.0,14,1420117,7,,1,,,7.0,1,,2024
248930601.0,14,1420117,11,,1,,,7.0,5,,2024
248930701.0,14,1420117,49,1,2,,,13.0,2,1,2024
248930701.0,14,1420117,22,1,1,,,13.0,3,0,2024
248930701.0,14,1420117,16,1,1,,,9.0,2,0,2024
248930701.0,14,1420117,50,1,2,,,12.0,2,0,2024
248930801.0,14,1420117,66,1,2,,,7.0,8,1,2024
250260101.0,14,1410112,42,1,1,,,13.0,1,1,2024
250260101.0,14,1410112,11,,1,,,7.0,5,,2024
250260101.0,14,1410112,5,,1,,,4.0,,,2024
250260201.0,14,1410112,45,1,2,,,13.0,5,0,2024
250260201.0,14,1410112,47,1,2,,,13.0,5,1,2024
250260201.0,14,1410112,12,,1,,,7.0,7,,2024
250260201.0,14,1410112,7,,1,,,7.0,2,,2024
250260301.0,14,1410112,21,1,1,,,13.0,2,1,2024
250260401.0,14,1410112,76,1,2,,,13.0,5,1,2024
250260401.0,14,1410112,64,1,2,,,9.0,4,0,2024
250260601.0,14,1410112,62,1,2,,,9.0,2,1,2024
250260601.0,14,1410112,26,1,2,,,13.0,1,0,2024
250260601.0,14,1410112,2,,2,,,2.0,,,2024
250260701.0,14,1410112,37,1,2,,,13.0,4,1,2024
250260701.0,14,1410112,37,1,2,,,14.0,2,0,2024
250260701.0,14,1410112,60,1,2,,,9.0,4,0,2024
250260701.0,14,1410112,76,1,2,,,8.0,6,0,2024
250260701.0,14,1410112,16,1,1,,,9.0,2,0,2024
250260701.0,14,1410112,2,,1,,,3.0,,,2024
250260701.0,14,1410112,0,,2,,,1.0,,,2024
250260801.0,14,1410112,58,1,2,,,13.0,5,1,2024
250260801.0,14,1410112,53,1,2,,,13.0,5,0,2024
251060101.0,14,1410121,70,1,2,,,8.0,2,1,2024
251060101.0,14,1410121,37,1,2,,,9.0,4,0,2024
251060201.0,14,1410121,57,1,2,,,7.0,6,1,2024
251060201.0,14,1410121,18,1,1,,,13.0,1,0,2024
251060301.0,14,1410121,42,1,1,,,14.0,1,1,2024
251060401.0,14,1410121,63,1,2,,,7.0,5,1,2024
251060701.0,14,1410121,45,1,2,,,13.0,5,1,2024
251060701.0,14,1410121,17,1,1,,,9.0,3,0,2024
251060701.0,14,1410121,13,,1,,,7.0,7,,2024
251060701.0,14,1410121,24,1,1,,,13.0,5,0,2024
251061001.0,14,1410121,28,1,1,,,13.0,2,1,2024
251061001.0,14,1410121,26,1,2,,,13.0,4,0,2024
251061001.0,14,1410121,12,,1,,,7.0,6,,2024
251061001.0,14,1410121,1,,1,,,2.0,,,2024
251890101.0,14,1420416,53,1,2,,,13.0,4,1,2024
251890101.0,14,1420416,27,1,2,,,12.0,3,0,2024
251890101.0,14,1420416,9,,1,,,7.0,4,,2024
251890101.0,14,1420416,24,1,1,,,13.0,5,0,2024
251890101.0,14,1420416,0,,2,,,1.0,,,2024
251890301.0,14,1420416,26,1,2,,,9.0,4,1,2024
251890401.0,14,1420416,64,1,2,,,9.0,1,1,2024
251890401.0,14,1420416,44,1,2,,,12.0,2,0,2024
251890401.0,14,1420416,70,1,2,,,11.0,4,0,2024
251890501.0,14,1420416,57,1,2,,,9.0,4,1,2024
251890501.0,14,1420416,52,1,2,,,9.0,4,0,2024
251890601.0,14,1420416,52,1,2,,,9.0,4,1,2024
251890601.0,14,1420416,44,1,2,,,7.0,8,0,2024
251890601.0,14,1420416,27,1,2,,,11.0,4,0,2024
251890601.0,14,1420416,22,1,1,,,13.0,5,0,2024
251890601.0,14,1420416,9,,1,,,7.0,4,,2024
251890801.0,14,1420416,59,1,2,,,7.0,8,1,2024
251890801.0,14,1420416,58,1,2,,,7.0,7,0,2024
252470101.0,14,1410614,32,1,2,,,13.0,5,1,2024
252470101.0,14,1410614,28,1,2,,,13.0,5,0,2024
252470102.0,14,1410614,30,1,2,,,11.0,4,1,2024
252470201.0,14,1410614,61,1,2,,,7.0,7,1,2024
252470301.0,14,1410614,82,1,2,,,9.0,2,1,2024
252470401.0,14,1410614,37,1,2,,,15.0,5,1,2024
252470401.0,14,1410614,36,1,2,,,9.0,4,0,2024
252470401.0,14,1410614,3,,1,,,3.0,,,2024
252470501.0,14,1410614,57,1,2,,,12.0,2,1,2024
252470501.0,14,1410614,59,1,2,,,13.0,5,0,2024
252470601.0,14,1410614,53,1,2,,,7.0,8,1,2024
252470601.0,14,1410614,19,1,1,,,13.0,2,0,2024
252470601.0,14,1410614,64,1,2,,,7.0,3,0,2024
252470601.0,14,1410614,14,,1,,,7.0,8,0,2024
252470701.0,14,1410614,24,1,2,17,1,7.0,8,0,2024
252470701.0,14,1410614,29,1,2,,,13.0,4,1,2024
252470801.0,14,1410614,35,1,2,,,13.0,5,1,2024
252470801.0,14,1410614,5,,1,,,4.0,,,2024
252550101.0,14,1410112,67,1,2,,,9.0,4,1,2024
252550101.0,14,1410112,36,1,2,,,13.0,5,0,2024
252550101.0,14,1410112,37,1,2,,,13.0,5,0,2024
252550101.0,14,1410112,61,1,2,,,11.0,5,0,2024
252550201.0,14,1410112,32,1,2,,,9.0,4,1,2024
252550201.0,14,1410112,32,1,2,,,11.0,4,0,2024
252550201.0,14,1410112,9,,1,,,7.0,4,,2024
252550301.0,14,1410112,37,1,2,,,13.0,5,1,2024
252550301.0,14,1410112,69,1,2,,,9.0,1,0,2024
252550301.0,14,1410112,5,,1,,,7.0,1,,2024
252550401.0,14,1410112,56,1,2,,,9.0,4,1,2024
252550401.0,14,1410112,88,1,2,,,7.0,8,0,2024
252550701.0,14,1410112,80,1,2,,,6.0,3,1,2024
252550801.0,14,1410112,40,1,2,,,9.0,2,1,2024
256080101.0,14,1410414,76,1,2,,,7.0,8,1,2024
256080101.0,14,1410414,76,4,2,,,1.0,,0,2024
256080201.0,14,1410414,60,1,2,,,7.0,7,1,2024
256080201.0,14,1410414,25,1,2,5,4,9.0,4,0,2024
256080301.0,14,1410414,65,4,2,,,1.0,,1,2024
256080301.0,14,1410414,29,1,2,,,9.0,4,0,2024
256080401.0,14,1410414,71,1,2,,,6.0,2,1,2024
256080501.0,14,1410414,23,1,1,,,12.0,2,0,2024
256080501.0,14,1410414,48,1,2,,,7.0,8,1,2024
256080601.0,14,1410414,46,1,2,,,9.0,4,0,2024
256080601.0,14,1410414,50,1,2,,,9.0,1,1,2024
256080601.0,14,1410414,20,1,2,11,4,11.0,4,0,2024
256080601.0,14,1410414,20,1,2,11,3,11.0,4,0,2024
256080601.0,14,1410414,16,1,1,,,9.0,3,0,2024
256080701.0,14,1410414,28,1,2,,,9.0,3,1,2024
257200201.0,14,1410112,49,1,2,,,11.0,4,1,2024
257200401.0,14,1410112,24,1,2,8,2,13.0,5,1,2024
257200402.0,14,1410112,38,1,2,,,13.0,5,1,2024
257200601.0,14,1410112,67,1,2,,,7.0,8,1,2024
257200601.0,14,1410112,30,1,1,,,13.0,3,0,2024
257200701.0,14,1410112,38,1,2,,,13.0,5,1,2024
257200701.0,14,1410112,0,,2,,,1.0,,,2024
257200701.0,14,1410112,40,1,2,,,13.0,5,0,2024
259430101.0,14,1410111,52,4,2,,,1.0,,1,2024
259430101.0,14,1410111,22,1,2,3,4,9.0,4,0,2024
259430101.0,14,1410111,3,,1,,,3.0,,,2024
259430201.0,14,1410111,41,1,2,,,11.0,4,1,2024
259430401.0,14,1410111,43,1,2,,,9.0,4,1,2024
259430401.0,14,1410111,40,1,2,,,9.0,4,0,2024
259430401.0,14,1410111,27,1,2,,,9.0,4,0,2024
259430401.0,14,1410111,14,,1,,,9.0,1,0,2024
259430401.0,14,1410111,11,,1,,,7.0,6,,2024
259430501.0,14,1410111,70,1,2,,,7.0,7,0,2024
259430501.0,14,1410111,77,4,2,,,1.0,,1,2024
259430501.0,14,1410111,42,1,2,,,9.0,4,0,2024
259430501.0,14,1410111,38,1,2,,,11.0,4,0,2024
259430601.0,14,1410111,39,1,2,,,12.0,3,0,2024
259430601.0,14,1410111,39,1,2,,,12.0,3,1,2024
259430602.0,14,1410111,38,1,2,,,12.0,3,1,2024
259430602.0,14,1410111,40,1,2,,,12.0,3,0,2024
259430701.0,14,1410111,81,1,2,,,6.0,3,1,2024
260560101.0,14,1410121,29,1,2,,,9.0,4,1,2024
260560101.0,14,1410121,33,1,2,,,11.0,5,0,2024
260560101.0,14,1410121,8,,1,,,7.0,2,,2024
260560201.0,14,1410121,44,1,2,,,9.0,4,1,2024
260560201.0,14,1410121,59,1,2,,,7.0,8,0,2024
260560201.0,14,1410121,10,,1,,,7.0,4,,2024
260560401.0,14,1410121,40,1,2,,,9.0,4,0,2024
260560401.0,14,1410121,61,1,2,,,12.0,3,1,2024
260560401.0,14,1410121,17,1,1,,,9.0,4,0,2024
260560401.0,14,1410121,11,,1,,,7.0,5,,2024
260560401.0,14,1410121,1,,2,,,1.0,,,2024
260560501.0,14,1410121,50,1,2,,,13.0,5,1,2024
260560501.0,14,1410121,94,1,2,,,11.0,4,0,2024
260560501.0,14,1410121,3,,2,,,1.0,,,2024
260560501.0,14,1410121,30,1,2,,,13.0,3,0,2024
260560601.0,14,1410121,33,1,2,,,12.0,3,1,2024
260560601.0,14,1410121,33,1,2,,,12.0,3,0,2024
260560601.0,14,1410121,13,,1,,,5.0,,,2024
260560601.0,14,1410121,9,,1,,,7.0,3,,2024
260560701.0,14,1410121,55,1,2,,,13.0,2,1,2024
260560801.0,14,1410121,34,1,2,,,7.0,7,1,2024
260560801.0,14,1410121,43,1,2,,,11.0,4,0,2024
260560801.0,14,1410121,14,,1,,,7.0,6,0,2024
260560801.0,14,1410121,10,,1,,,7.0,3,,2024
260560801.0,14,1410121,1,,2,,,1.0,,,2024
260560901.0,14,1410121,36,1,2,,,13.0,4,1,2024
261470101.0,14,1410414,71,1,2,,,9.0,4,1,2024
261470101.0,14,1410414,89,4,2,,,1.0,,0,2024
261470201.0,14,1410414,59,1,2,,,7.0,8,1,2024
261470201.0,14,1410414,27,1,2,,,9.0,4,0,2024
261470201.0,14,1410414,54,1,2,,,7.0,8,0,2024
261470201.0,14,1410414,30,1,2,,,9.0,4,0,2024
261470301.0,14,1410414,90,4,2,,,1.0,,1,2024
261470401.0,14,1410414,67,1,2,,,7.0,8,1,2024
261470401.0,14,1410414,66,1,2,,,7.0,8,0,2024
261470401.0,14,1410414,46,1,2,,,9.0,4,0,2024
261470401.0,14,1410414,16,1,1,,,9.0,2,0,2024
261470501.0,14,1410414,25,1,2,16,-88,7.0,7,0,2024
261470501.0,14,1410414,78,4,2,,,6.0,1,1,2024
261470501.0,14,1410414,49,1,2,,,7.0,7,0,2024
261470501.0,14,1410414,7,,1,,,7.0,1,,2024
261470601.0,14,1410414,49,4,2,,,7.0,1,1,2024
261470601.0,14,1410414,15,1,1,,,9.0,2,0,2024
261470801.0,14,1410414,35,1,2,,,11.0,3,1,2024
261470801.0,14,1410414,38,1,2,,,11.0,4,0,2024
261470801.0,14,1410414,14,,1,,,9.0,1,0,2024
261470801.0,14,1410414,10,,1,,,7.0,4,,2024
261670101.0,14,1410324,48,1,2,,,7.0,5,1,2024
261670501.0,14,1410324,54,1,2,,,9.0,4,1,2024
261670501.0,14,1410324,51,1,2,,,9.0,2,0,2024
261670601.0,14,1410324,58,1,2,,,7.0,7,0,2024
261670601.0,14,1410324,63,1,2,,,7.0,8,1,2024
261670701.0,14,1410324,71,4,2,,,6.0,3,1,2024
261670801.0,14,1410324,76,1,2,,,6.0,2,1,2024
261670801.0,14,1410324,85,4,2,,,1.0,,0,2024
261670901.0,14,1410324,62,1,2,,,9.0,2,1,2024
261670901.0,14,1410324,63,1,2,,,11.0,4,0,2024
261670901.0,14,1410324,27,1,2,,,12.0,3,0,2024
261670901.0,14,1410324,7,,1,,,7.0,1,,2024
261671001.0,14,1410324,64,1,2,,,7.0,7,1,2024
262940101.0,14,1410113,79,1,2,,,13.0,7,1,2024
262940101.0,14,1410113,73,1,2,,,13.0,7,0,2024
262940501.0,14,1410113,41,1,2,,,14.0,2,1,2024
262940501.0,14,1410113,39,1,2,,,13.0,5,0,2024
262940501.0,14,1410113,4,,1,,,3.0,,,2024
262940501.0,14,1410113,1,,2,,,1.0,,,2024
262940601.0,14,1410113,45,1,2,,,14.0,3,1,2024
262940601.0,14,1410113,35,1,2,,,13.0,5,0,2024
262940601.0,14,1410113,3,,1,,,3.0,,,2024
262940701.0,14,1410113,45,1,2,,,12.0,2,1,2024
262940701.0,14,1410113,12,,1,,,7.0,7,,2024
262940701.0,14,1410113,9,,1,,,7.0,3,,2024
262940701.0,14,1410113,6,,1,,,5.0,,,2024
263620101.0,14,1410113,31,1,2,,,13.0,5,0,2024
263620101.0,14,1410113,30,1,2,,,11.0,4,1,2024
263620101.0,14,1410113,9,,1,,,5.0,,,2024
263620101.0,14,1410113,1,,1,,,2.0,,,2024
263620201.0,14,1410113,57,1,2,,,9.0,4,0,2024
263620201.0,14,1410113,63,1,2,,,9.0,4,1,2024
263620201.0,14,1410113,24,1,1,,,13.0,4,0,2024
263620201.0,14,1410113,29,1,1,,,12.0,2,0,2024
263620201.0,14,1410113,7,,1,,,7.0,2,,2024
263620201.0,14,1410113,10,,1,,,7.0,4,,2024
263620401.0,14,1410113,41,1,2,,,13.0,5,1,2024
263620401.0,14,1410113,2,,1,,,2.0,,,2024
263620601.0,14,1410113,69,1,2,,,12.0,2,1,2024
263620601.0,14,1410113,69,1,2,,,13.0,5,0,2024
263620801.0,14,1410113,42,1,2,,,13.0,5,0,2024
263620801.0,14,1410113,5,,1,,,4.0,,,2024
263620801.0,14,1410113,5,,1,,,4.0,,,2024
263620801.0,14,1410113,9,,1,,,7.0,4,,2024
263620801.0,14,1410113,38,1,2,,,13.0,5,1,2024
263850101.0,14,1410724,56,1,2,,,9.0,4,0,2024
263850101.0,14,1410724,88,1,2,,,6.0,3,1,2024
263850101.0,14,1410724,31,1,2,,,9.0,4,0,2024
263850201.0,14,1410724,55,1,2,,,7.0,8,1,2024
263850201.0,14,1410724,32,1,2,,,9.0,4,0,2024
263850301.0,14,1410724,28,1,2,,,12.0,3,1,2024
263850401.0,14,1410724,55,1,2,,,7.0,8,0,2024
263850401.0,14,1410724,57,1,2,,,11.0,3,1,2024
263850501.0,14,1410724,33,1,2,,,9.0,4,0,2024
263850501.0,14,1410724,18,1,1,,,9.0,3,0,2024
263850501.0,14,1410724,84,1,2,,,7.0,6,0,2024
263850501.0,14,1410724,51,1,1,,,12.0,2,1,2024
263850501.0,14,1410724,22,1,2,1,3,9.0,4,0,2024
263850601.0,14,1410724,76,1,2,,,7.0,6,1,2024
263850701.0,14,1410724,59,1,2,,,9.0,4,1,2024
263850701.0,14,1410724,78,1,2,,,6.0,3,0,2024
263850701.0,14,1410724,70,1,2,,,6.0,3,0,2024
263850701.0,14,1410724,14,,1,,,7.0,8,0,2024
263850801.0,14,1410724,27,1,2,,,9.0,4,1,2024
263850801.0,14,1410724,6,,1,,,4.0,,,2024
263850801.0,14,1410724,31,1,2,,,9.0,4,0,2024
263850801.0,14,1410724,51,1,2,,,7.0,6,0,2024
263850901.0,14,1410724,59,1,2,,,7.0,7,1,2024
263850901.0,14,1410724,40,1,2,,,11.0,4,0,2024
263850901.0,14,1410724,18,1,1,,,11.0,4,0,2024
263850901.0,14,1410724,13,,1,,,7.0,7,,2024
263850901.0,14,1410724,9,,1,,,7.0,3,,2024
263851001.0,14,1410724,68,1,2,,,7.0,2,1,2024
264230101.0,14,1420424,66,1,2,,,7.0,5,1,2024
264230201.0,14,1420424,65,1,2,,,13.0,4,1,2024
264230201.0,14,1420424,60,1,2,,,13.0,4,0,2024
264230401.0,14,1420424,64,1,2,,,7.0,8,1,2024
264230401.0,14,1420424,78,1,2,,,7.0,5,0,2024
264230501.0,14,1420424,66,1,2,,,9.0,1,1,2024
264230801.0,14,1420424,64,1,2,,,7.0,3,1,2024
264230801.0,14,1420424,51,1,2,,,7.0,8,0,2024
264230901.0,14,1420424,60,1,2,,,7.0,8,1,2024
264230901.0,14,1420424,58,1,2,,,7.0,8,0,2024
264230901.0,14,1420424,19,1,1,,,13.0,1,0,2024
264231001.0,14,1420424,56,1,2,,,9.0,1,1,2024
264231001.0,14,1420424,76,1,2,,,7.0,6,0,2024
264231001.0,14,1420424,54,1,2,,,7.0,8,0,2024
264870101.0,14,1420324,31,1,2,,,9.0,4,1,2024
264870101.0,14,1420324,32,1,2,,,7.0,3,0,2024
264870101.0,14,1420324,5,,1,,,4.0,,,2024
264870201.0,14,1420324,61,4,2,,,1.0,,1,2024
264870201.0,14,1420324,48,1,2,,,7.0,8,0,2024
264870301.0,14,1420324,58,1,2,,,7.0,4,1,2024
264870401.0,14,1420324,49,1,2,,,12.0,3,1,2024
264870401.0,14,1420324,60,1,2,,,12.0,3,0,2024
264870401.0,14,1420324,61,1,2,,,9.0,4,0,2024
264870501.0,14,1420324,66,1,2,,,9.0,4,1,2024
264870501.0,14,1420324,81,1,2,,,9.0,4,0,2024
264870501.0,14,1420324,41,1,2,,,13.0,2,0,2024
264870501.0,14,1420324,5,,1,,,4.0,,,2024
264870501.0,14,1420324,28,1,2,,,13.0,5,0,2024
264870601.0,14,1420324,67,4,2,,,7.0,2,1,2024
264870601.0,14,1420324,50,1,2,,,9.0,4,0,2024
264870701.0,14,1420324,65,1,2,,,7.0,3,1,2024
264870801.0,14,1420324,53,1,2,,,13.0,5,1,2024
264870801.0,14,1420324,46,1,2,,,13.0,5,0,2024
264870801.0,14,1420324,17,1,1,,,9.0,3,0,2024
264870901.0,14,1420324,70,1,2,,,9.0,2,1,2024
264870901.0,14,1420324,60,1,2,,,9.0,2,0,2024
265900201.0,14,1410714,77,1,2,,,13.0,4,1,2024
265900301.0,14,1410714,54,1,2,,,9.0,2,1,2024
265900301.0,14,1410714,54,1,2,,,9.0,2,0,2024
265900401.0,14,1410714,66,1,2,,,7.0,6,1,2024
265900601.0,14,1410714,61,1,2,,,7.0,8,1,2024
265900701.0,14,1410714,36,1,2,,,9.0,4,1,2024
265900701.0,14,1410714,35,1,2,,,11.0,4,0,2024
265900701.0,14,1410714,12,,1,,,7.0,7,,2024
265900801.0,14,1410714,79,1,2,,,7.0,3,1,2024
265900801.0,14,1410714,70,1,2,,,7.0,7,0,2024
266550101.0,14,1410113,57,1,2,,,9.0,4,1,2024
266550101.0,14,1410113,34,1,2,,,13.0,4,0,2024
266550101.0,14,1410113,34,1,2,,,13.0,5,0,2024
266550501.0,14,1410113,30,1,2,,,9.0,4,1,2024
266550501.0,14,1410113,25,1,2,12,4,9.0,4,0,2024
266550501.0,14,1410113,3,,1,,,3.0,,,2024
266550601.0,14,1410113,61,1,2,,,12.0,3,1,2024
266550701.0,14,1410113,43,1,2,,,14.0,2,1,2024
266550801.0,14,1410113,59,1,2,,,12.0,3,1,2024
266550801.0,14,1410113,21,1,1,,,13.0,3,0,2024
267950101.0,14,1410113,62,1,2,,,14.0,3,1,2024
267950101.0,14,1410113,60,1,2,,,13.0,5,0,2024
267950201.0,14,1410113,40,1,2,,,13.0,4,1,2024
267950201.0,14,1410113,46,1,1,,,14.0,1,0,2024
267950201.0,14,1410113,17,1,1,,,9.0,4,0,2024
267950501.0,14,1410113,41,1,2,,,9.0,1,1,2024
267950501.0,14,1410113,41,1,2,,,9.0,4,0,2024
267950501.0,14,1410113,10,,1,,,7.0,5,,2024
268290101.0,14,1410113,43,1,2,,,13.0,2,1,2024
268290101.0,14,1410113,43,1,2,,,13.0,5,0,2024
268290101.0,14,1410113,10,,1,,,7.0,4,,2024
268290101.0,14,1410113,1,,1,,,2.0,,,2024
268290201.0,14,1410113,37,1,2,,,15.0,4,1,2024
268290401.0,14,1410113,27,1,2,,,13.0,5,1,2024
268290401.0,14,1410113,25,1,2,8,2,13.0,5,0,2024
268290501.0,14,1410113,38,1,2,,,9.0,4,1,2024
268290501.0,14,1410113,44,1,2,,,9.0,4,0,2024
268290501.0,14,1410113,3,,1,,,3.0,,,2024
268290601.0,14,1410113,33,1,2,,,12.0,3,0,2024
268290601.0,14,1410113,30,1,2,,,12.0,3,1,2024
268290601.0,14,1410113,1,,1,,,2.0,,,2024
268290701.0,14,1410113,35,1,2,,,12.0,3,1,2024
268290701.0,14,1410113,14,,1,,,7.0,8,0,2024
268290701.0,14,1410113,10,,1,,,7.0,5,,2024
268290701.0,14,1410113,3,,1,,,3.0,,,2024
268520101.0,14,1420416,36,1,2,,,12.0,3,1,2024
268520301.0,14,1420416,34,1,2,,,9.0,4,1,2024
268520301.0,14,1420416,37,1,2,,,9.0,4,0,2024
268520301.0,14,1420416,16,1,1,,,9.0,3,0,2024
268520301.0,14,1420416,9,,1,,,7.0,4,,2024
268520302.0,14,1420416,56,1,2,,,7.0,6,1,2024
268520501.0,14,1420416,54,1,2,,,7.0,6,1,2024
268520501.0,14,1420416,56,1,2,,,7.0,8,0,2024
268520501.0,14,1420416,17,1,1,,,9.0,4,0,2024
268520601.0,14,1420416,75,1,2,,,8.0,3,1,2024
268520701.0,14,1420416,33,1,2,,,9.0,4,0,2024
268520701.0,14,1420416,36,1,2,,,7.0,8,1,2024
268520701.0,14,1420416,11,,1,,,7.0,5,,2024
268520701.0,14,1420416,1,,1,,,2.0,,,2024
268520801.0,14,1420416,58,1,2,,,9.0,4,0,2024
268520801.0,14,1420416,24,1,1,,,12.0,3,0,2024
268520801.0,14,1420416,27,1,2,,,12.0,3,0,2024
268520801.0,14,1420416,83,1,2,,,7.0,4,1,2024
270760101.0,14,1410111,89,1,2,,,6.0,6,1,2024
270760101.0,14,1410111,64,1,2,,,13.0,5,0,2024
270760201.0,14,1410111,74,1,2,,,8.0,6,1,2024
270760202.0,14,1410111,53,1,2,,,9.0,4,1,2024
270760301.0,14,1410111,77,1,2,,,6.0,4,1,2024
270760301.0,14,1410111,78,1,2,,,6.0,6,0,2024
270760301.0,14,1410111,44,1,2,,,9.0,1,0,2024
270760401.0,14,1410111,68,1,2,,,6.0,5,1,2024
270760401.0,14,1410111,78,1,2,,,10.0,2,0,2024
270760501.0,14,1410111,54,1,2,,,9.0,4,1,2024
270760501.0,14,1410111,20,1,1,,,13.0,1,0,2024
270760501.0,14,1410111,19,1,1,,,13.0,1,0,2024
270760601.0,14,1410111,58,1,2,,,13.0,5,1,2024
270760701.0,14,1410111,74,1,2,,,6.0,4,1,2024
270760701.0,14,1410111,83,2,2,,,1.0,,0,2024
270760701.0,14,1410111,44,1,2,,,5.0,,0,2024
270760801.0,14,1410111,49,1,2,,,11.0,4,1,2024
270760801.0,14,1410111,28,1,2,,,13.0,6,0,2024
270760801.0,14,1410111,19,1,2,16,2,9.0,4,0,2024
272340201.0,14,1410112,55,1,2,,,9.0,4,1,2024
272340201.0,14,1410112,60,1,2,,,9.0,3,0,2024
272340501.0,14,1410112,30,1,2,,,13.0,5,0,2024
272340501.0,14,1410112,61,1,2,,,9.0,4,1,2024
272340501.0,14,1410112,17,1,1,,,9.0,3,0,2024
272340601.0,14,1410112,27,1,1,,,13.0,5,1,2024
272340601.0,14,1410112,22,1,1,,,13.0,3,0,2024
272340701.0,14,1410112,56,1,2,,,12.0,3,1,2024
272340701.0,14,1410112,17,1,1,,,9.0,3,0,2024
272340801.0,14,1410112,57,1,2,,,11.0,4,1,2024
272340801.0,14,1410112,15,1,1,,,9.0,1,0,2024
272340801.0,14,1410112,27,1,2,,,9.0,4,0,2024
273850101.0,14,1410112,75,1,2,,,9.0,2,1,2024
273850101.0,14,1410112,40,1,2,,,11.0,4,0,2024
273850101.0,14,1410112,3,,1,,,3.0,,,2024
273850101.0,14,1410112,0,,1,,,2.0,,,2024
273850301.0,14,1410112,73,1,2,,,9.0,2,1,2024
273850301.0,14,1410112,34,1,2,,,14.0,2,0,2024
273850301.0,14,1410112,15,1,1,,,9.0,1,0,2024
273850401.0,14,1410112,66,1,2,,,6.0,5,1,2024
273850401.0,14,1410112,55,1,2,,,7.0,-88,0,2024
273850601.0,14,1410112,46,1,2,,,9.0,2,1,2024
273850601.0,14,1410112,17,1,1,,,9.0,3,0,2024
273850601.0,14,1410112,15,1,1,,,9.0,1,0,2024
273850601.0,14,1410112,24,1,2,12,4,9.0,4,0,2024
273850601.0,14,1410112,5,,1,,,4.0,,,2024
273850601.0,14,1410112,43,1,2,,,9.0,4,0,2024
273850601.0,14,1410112,77,1,2,,,7.0,7,0,2024
273850801.0,14,1410112,54,1,2,,,11.0,4,1,2024
276390101.0,14,1410112,53,1,2,,,13.0,5,1,2024
276390101.0,14,1410112,85,1,2,,,8.0,6,0,2024
276390201.0,14,1410112,76,1,2,,,7.0,2,1,2024
276390201.0,14,1410112,56,1,2,,,9.0,3,0,2024
276390201.0,14,1410112,55,1,2,,,9.0,3,0,2024
276390201.0,14,1410112,50,1,2,,,9.0,4,0,2024
276390201.0,14,1410112,30,1,2,,,9.0,1,0,2024
276390201.0,14,1410112,9,,1,,,7.0,4,,2024
276390301.0,14,1410112,63,1,2,,,9.0,4,1,2024
276390301.0,14,1410112,41,2,2,,,7.0,8,0,2024
276390301.0,14,1410112,34,1,2,,,13.0,4,0,2024
276390301.0,14,1410112,8,,1,,,7.0,2,,2024
276390601.0,14,1410112,76,1,2,,,8.0,3,1,2024
276390601.0,14,1410112,44,1,2,,,13.0,5,0,2024
276390701.0,14,1410112,83,1,2,,,7.0,5,1,2024
276390701.0,14,1410112,58,1,2,,,13.0,1,0,2024
276390701.0,14,1410112,59,1,2,,,9.0,4,0,2024
276390701.0,14,1410112,21,1,1,,,13.0,4,0,2024
276390801.0,14,1410112,80,1,2,,,10.0,4,0,2024
276390801.0,14,1410112,77,1,2,,,8.0,6,1,2024
276390801.0,14,1410112,51,1,2,,,13.0,4,0,2024
277880101.0,14,1410112,63,1,2,,,9.0,4,0,2024
277880101.0,14,1410112,67,1,2,,,7.0,8,1,2024
277880101.0,14,1410112,39,1,2,,,9.0,4,0,2024
277880201.0,14,1410112,67,1,2,,,7.0,8,0,2024
277880201.0,14,1410112,74,1,2,,,8.0,4,1,2024
277880301.0,14,1410112,58,1,2,,,13.0,5,1,2024
277880301.0,14,1410112,27,1,2,,,13.0,5,0,2024
277880401.0,14,1410112,79,1,2,,,8.0,2,1,2024
277880401.0,14,1410112,80,1,2,,,8.0,5,0,2024
277880401.0,14,1410112,46,1,1,,,13.0,4,0,2024
277880501.0,14,1410112,66,1,2,,,7.0,8,1,2024
277880601.0,14,1410112,54,1,2,,,9.0,4,0,2024
277880601.0,14,1410112,88,3,2,,,6.0,2,1,2024
277880601.0,14,1410112,87,2,2,,,6.0,2,0,2024
277880601.0,14,1410112,55,1,2,,,9.0,4,0,2024
277880701.0,14,1410112,27,1,2,,,7.0,8,1,2024
277880701.0,14,1410112,10,,1,,,7.0,4,,2024
277880701.0,14,1410112,7,,1,,,7.0,1,,2024
277880701.0,14,1410112,4,,1,,,4.0,,,2024
277880701.0,14,1410112,1,,1,,,2.0,,,2024
277880801.0,14,1410112,66,1,2,,,9.0,4,1,2024
277880801.0,14,1410112,71,1,2,,,8.0,2,0,2024
277880802.0,14,1410112,69,1,2,,,8.0,2,1,2024
278610101.0,14,1410111,68,1,2,,,13.0,3,1,2024
278610101.0,14,1410111,71,1,2,,,9.0,2,0,2024
278610101.0,14,1410111,51,1,2,,,11.0,4,0,2024
278610101.0,14,1410111,26,1,1,,,12.0,1,0,2024
278610201.0,14,1410111,79,1,2,,,8.0,4,1,2024
278610201.0,14,1410111,81,1,2,,,6.0,6,0,2024
278610501.0,14,1410111,72,1,2,,,10.0,4,1,2024
278610501.0,14,1410111,69,1,2,,,10.0,2,0,2024
278610601.0,14,1410111,33,1,2,,,12.0,3,1,2024
278610601.0,14,1410111,33,1,2,,,11.0,4,0,2024
278610601.0,14,1410111,12,,1,,,7.0,6,,2024
278610701.0,14,1410111,47,1,2,,,12.0,3,1,2024
278610701.0,14,1410111,18,1,1,,,12.0,1,0,2024
278610801.0,14,1410111,33,1,2,,,12.0,3,1,2024
278610801.0,14,1410111,4,,2,,,1.0,,,2024
279200101.0,14,1410314,69,1,2,,,6.0,6,1,2024
279200101.0,14,1410314,77,1,2,,,6.0,4,0,2024
279200201.0,14,1410314,31,1,2,,,13.0,5,1,2024
279200201.0,14,1410314,29,1,1,,,12.0,3,0,2024
279200201.0,14,1410314,8,,1,,,7.0,3,,2024
279200301.0,14,1410314,67,1,2,,,7.0,8,1,2024
279200301.0,14,1410314,81,1,2,,,6.0,2,0,2024
279200601.0,14,1410314,35,1,2,,,7.0,8,0,2024
279200601.0,14,1410314,59,1,2,,,9.0,4,0,2024
279200601.0,14,1410314,58,1,2,,,7.0,8,1,2024
279200701.0,14,1410314,54,1,2,,,7.0,8,1,2024
279200701.0,14,1410314,42,1,2,,,9.0,4,0,2024
279200701.0,14,1410314,21,1,2,8,4,9.0,4,0,2024
279200701.0,14,1410314,15,1,1,,,9.0,2,0,2024
279200801.0,14,1410314,62,1,2,,,7.0,6,1,2024
279200801.0,14,1410314,60,1,2,,,7.0,8,0,2024
279970101.0,14,1410112,41,1,1,,,15.0,4,1,2024
279970101.0,14,1410112,40,1,2,,,13.0,5,0,2024
279970201.0,14,1410112,53,1,2,,,9.0,3,1,2024
279970201.0,14,1410112,53,1,2,,,9.0,4,0,2024
279970301.0,14,1410112,66,1,2,,,9.0,4,1,2024
279970301.0,14,1410112,69,1,2,,,7.0,6,0,2024
279970301.0,14,1410112,32,1,2,,,12.0,2,0,2024
279970401.0,14,1410112,52,1,2,,,13.0,4,1,2024
279970401.0,14,1410112,50,1,2,,,12.0,3,0,2024
279970401.0,14,1410112,28,1,2,,,13.0,4,0,2024
279970401.0,14,1410112,19,1,2,8,1,9.0,4,0,2024
279970501.0,14,1410112,59,1,2,,,7.0,3,1,2024
279970501.0,14,1410112,26,1,2,,,13.0,5,0,2024
279970501.0,14,1410112,27,1,2,,,11.0,4,0,2024
279970701.0,14,1410112,22,1,1,,,13.0,2,1,2024
279970701.0,14,1410112,19,1,1,,,13.0,1,0,2024
279970701.0,14,1410112,22,1,1,,,13.0,5,0,2024
279970801.0,14,1410112,61,1,2,,,9.0,3,1,2024
279970801.0,14,1410112,60,1,2,,,9.0,4,0,2024
280360101.0,14,1410524,63,1,2,,,12.0,3,1,2024
280360101.0,14,1410524,64,1,2,,,12.0,2,0,2024
280360101.0,14,1410524,91,1,2,,,8.0,4,0,2024
280360201.0,14,1410524,47,1,2,,,13.0,6,1,2024
280360201.0,14,1410524,43,1,2,,,11.0,4,0,2024
280360201.0,14,1410524,16,1,1,,,11.0,3,0,2024
280360201.0,14,1410524,10,,1,,,7.0,5,,2024
280360401.0,14,1410524,36,1,2,,,9.0,4,1,2024
280360401.0,14,1410524,13,,1,,,7.0,7,,2024
280360401.0,14,1410524,10,,1,,,7.0,4,,2024
280360401.0,14,1410524,3,,2,,,1.0,,,2024
280360501.0,14,1410524,43,1,2,,,7.0,8,1,2024
280360501.0,14,1410524,45,1,2,,,9.0,2,0,2024
280360501.0,14,1410524,17,1,1,,,11.0,3,0,2024
280360601.0,14,1410524,40,1,2,,,9.0,4,1,2024
280360601.0,14,1410524,19,1,1,,,12.0,1,0,2024
280360601.0,14,1410524,16,1,1,,,9.0,2,0,2024
280360701.0,14,1410524,73,4,2,,,10.0,3,1,2024
280360701.0,14,1410524,76,1,2,,,12.0,3,0,2024
280360901.0,14,1410524,26,1,2,,,9.0,4,1,2024
280360901.0,14,1410524,35,1,2,,,13.0,5,0,2024
280360901.0,14,1410524,5,,1,,,4.0,,,2024
280360901.0,14,1410524,2,,2,,,1.0,,,2024
280360901.0,14,1410524,11,,1,,,7.0,4,,2024
280361001.0,14,1410524,58,1,2,,,7.0,4,1,2024
280361001.0,14,1410524,38,1,2,,,11.0,3,0,2024
280361001.0,14,1410524,21,1,2,11,3,9.0,4,0,2024
280361001.0,14,1410524,26,1,2,,,11.0,4,0,2024
280361001.0,14,1410524,9,,1,,,7.0,4,,2024
280430201.0,14,1410111,70,1,2,,,7.0,5,1,2024
280430201.0,14,1410111,72,1,2,,,7.0,6,0,2024
280430301.0,14,1410111,65,1,2,,,7.0,8,1,2024
280430301.0,14,1410111,60,1,2,,,9.0,4,0,2024
280430301.0,14,1410111,25,1,2,7,4,9.0,4,0,2024
280430401.0,14,1410111,73,1,2,,,7.0,5,1,2024
280430501.0,14,1410111,24,1,2,12,1,12.0,3,0,2024
280430501.0,14,1410111,25,1,2,12,4,13.0,5,1,2024
280430601.0,14,1410111,47,1,2,,,9.0,4,1,2024
280430601.0,14,1410111,52,1,2,,,9.0,4,0,2024
280430601.0,14,1410111,15,1,1,,,11.0,1,0,2024
280430701.0,14,1410111,18,1,1,,,11.0,1,0,2024
280430701.0,14,1410111,23,1,1,,,13.0,2,0,2024
280430701.0,14,1410111,60,1,2,,,7.0,8,1,2024
280430801.0,14,1410111,44,1,2,,,12.0,3,1,2024
280430801.0,14,1410111,62,1,2,,,7.0,8,0,2024
280430801.0,14,1410111,26,1,2,,,12.0,3,0,2024
281000201.0,14,1410112,80,1,2,,,6.0,4,1,2024
281000201.0,14,1410112,90,1,2,,,1.0,,0,2024
281000301.0,14,1410112,64,1,2,,,10.0,5,0,2024
281000301.0,14,1410112,61,1,2,,,11.0,5,1,2024
281000401.0,14,1410112,81,1,2,,,8.0,6,1,2024
281000401.0,14,1410112,80,1,2,,,1.0,,0,2024
281000401.0,14,1410112,55,1,2,,,9.0,4,0,2024
281000501.0,14,1410112,48,1,2,,,9.0,3,0,2024
281000501.0,14,1410112,49,1,2,,,9.0,4,0,2024
281000501.0,14,1410112,77,1,2,,,8.0,3,1,2024
281270501.0,14,1410414,77,1,2,,,8.0,1,0,2024
281270501.0,14,1410414,85,1,2,,,6.0,5,1,2024
281270601.0,14,1410414,64,1,2,,,7.0,8,1,2024
281270601.0,14,1410414,45,1,2,,,12.0,3,0,2024
281270701.0,14,1410414,64,1,2,,,9.0,4,0,2024
281270701.0,14,1410414,64,1,2,,,7.0,8,1,2024
281270801.0,14,1410414,77,1,2,,,8.0,2,1,2024
282030101.0,14,1410624,34,1,2,,,7.0,7,1,2024
282030101.0,14,1410624,28,1,2,,,11.0,2,0,2024
282030101.0,14,1410624,13,,1,,,7.0,8,,2024
282030101.0,14,1410624,2,,1,,,2.0,,,2024
282030101.0,14,1410624,0,,1,,,2.0,,,2024
282030301.0,14,1410624,68,1,2,,,9.0,4,1,2024
282030301.0,14,1410624,67,1,2,,,9.0,4,0,2024
282030401.0,14,1410624,62,4,2,,,7.0,4,1,2024
282030401.0,14,1410624,59,1,2,,,7.0,8,0,2024
282030501.0,14,1410624,68,1,2,,,9.0,2,1,2024
282030501.0,14,1410624,58,1,2,,,7.0,8,0,2024
282030601.0,14,1410624,63,1,2,,,9.0,3,1,2024
282030601.0,14,1410624,63,1,2,,,12.0,3,0,2024
282030701.0,14,1410624,54,1,2,,,13.0,5,1,2024
282030701.0,14,1410624,81,1,2,,,8.0,6,0,2024
282030701.0,14,1410624,32,1,2,,,14.0,2,0,2024
282030801.0,14,1410624,30,1,2,,,13.0,5,1,2024
282030801.0,14,1410624,30,1,2,,,13.0,5,0,2024
282030901.0,14,1410624,31,1,2,,,13.0,7,1,2024
282030901.0,14,1410624,31,1,2,,,13.0,5,0,2024
282030901.0,14,1410624,4,,1,,,3.0,,,2024
282031001.0,14,1410624,39,1,2,,,13.0,5,0,2024
282031001.0,14,1410624,38,1,2,,,7.0,8,1,2024
282031001.0,14,1410624,12,,1,,,7.0,6,,2024
282031001.0,14,1410624,2,,1,,,3.0,,,2024
282031001.0,14,1410624,2,,1,,,3.0,,,2024
285390101.0,14,1420117,35,1,1,,,14.0,1,1,2024
285390101.0,14,1420117,33,1,2,,,13.0,5,0,2024
285390101.0,14,1420117,10,,1,,,7.0,4,,2024
285390201.0,14,1420117,33,1,2,,,13.0,5,1,2024
285390201.0,14,1420117,35,1,2,,,13.0,5,0,2024
285390301.0,14,1420117,61,1,2,,,9.0,4,1,2024
285390401.0,14,1420117,34,1,2,,,11.0,4,1,2024
285390401.0,14,1420117,33,1,2,,,13.0,5,0,2024
285390401.0,14,1420117,10,,1,,,7.0,5,,2024
285390501.0,14,1420117,59,1,2,,,9.0,4,1,2024
285390501.0,14,1420117,11,,1,,,7.0,5,,2024
285390501.0,14,1420117,5,,1,,,4.0,,,2024
285390601.0,14,1420117,52,1,2,,,7.0,8,1,2024
285390601.0,14,1420117,70,1,2,,,7.0,8,0,2024
285390601.0,14,1420117,17,1,1,,,11.0,3,0,2024
285390701.0,14,1420117,33,1,2,,,13.0,5,0,2024
285390701.0,14,1420117,37,1,2,,,11.0,5,1,2024
285390701.0,14,1420117,1,,2,,,1.0,,,2024
285390701.0,14,1420117,7,,1,,,7.0,1,,2024
285390801.0,14,1420117,45,1,2,,,7.0,8,0,2024
285390801.0,14,1420117,47,1,2,,,9.0,2,1,2024
285390801.0,14,1420117,15,1,1,,,9.0,1,0,2024
285390801.0,14,1420117,9,,1,,,7.0,3,,2024
286580101.0,14,1410112,20,1,1,,,13.0,1,1,2024
286580201.0,14,1410112,54,1,2,,,9.0,4,1,2024
286580201.0,14,1410112,54,1,2,,,9.0,4,0,2024
286580301.0,14,1410112,62,1,2,,,9.0,4,0,2024
286580301.0,14,1410112,67,1,2,,,9.0,4,1,2024
286580301.0,14,1410112,34,1,2,,,12.0,3,0,2024
286580301.0,14,1410112,22,1,2,8,2,12.0,3,0,2024
286580301.0,14,1410112,8,,1,,,7.0,3,,2024
286580401.0,14,1410112,53,1,2,,,11.0,4,1,2024
286580401.0,14,1410112,15,1,1,,,9.0,1,0,2024
286580601.0,14,1410112,45,1,2,,,11.0,4,1,2024
286580601.0,14,1410112,17,1,1,,,11.0,3,0,2024
286580601.0,14,1410112,14,,1,,,7.0,8,0,2024
286580601.0,14,1410112,75,1,2,,,6.0,6,0,2024
286580701.0,14,1410112,30,1,1,,,7.0,8,0,2024
286580701.0,14,1410112,50,1,2,,,7.0,3,1,2024
286580801.0,14,1410112,34,1,2,,,12.0,3,0,2024
286580801.0,14,1410112,66,1,2,,,7.0,8,1,2024
286580801.0,14,1410112,2,,1,,,3.0,,,2024
286580801.0,14,1410112,28,1,2,,,13.0,3,0,2024
287370101.0,14,1420117,61,1,2,,,9.0,1,1,2024
287370101.0,14,1420117,26,1,1,,,12.0,2,0,2024
287370201.0,14,1420117,38,1,2,,,12.0,3,1,2024
287370301.0,14,1420117,31,1,1,,,13.0,5,1,2024
287370301.0,14,1420117,8,,1,,,7.0,2,,2024
287370401.0,14,1420117,59,1,2,,,9.0,4,1,2024
287370401.0,14,1420117,49,1,2,,,9.0,4,0,2024
287370401.0,14,1420117,16,1,1,,,9.0,3,0,2024
287370601.0,14,1420117,52,1,2,,,9.0,4,1,2024
287370601.0,14,1420117,42,1,2,,,13.0,5,0,2024
287370601.0,14,1420117,16,1,1,,,9.0,2,0,2024
287370701.0,14,1420117,47,1,2,,,11.0,4,1,2024
287370701.0,14,1420117,49,1,2,,,11.0,4,0,2024
287370701.0,14,1420117,26,1,2,,,9.0,4,0,2024
287370701.0,14,1420117,14,,1,,,11.0,1,0,2024
287370801.0,14,1420117,35,1,2,,,9.0,4,0,2024
287370801.0,14,1420117,56,1,2,,,7.0,8,0,2024
287370801.0,14,1420117,6,,1,,,7.0,1,,2024
287370801.0,14,1420117,11,,1,,,7.0,5,,2024
287370801.0,14,1420117,31,1,2,,,9.0,4,1,2024
288910201.0,14,1420117,76,1,2,,,9.0,4,1,2024
288910201.0,14,1420117,66,1,2,,,9.0,4,0,2024
288910301.0,14,1420117,74,1,2,,,6.0,6,1,2024
288910301.0,14,1420117,74,1,2,,,9.0,4,0,2024
288910501.0,14,1420117,33,1,2,,,12.0,3,1,2024
288910501.0,14,1420117,33,1,2,,,12.0,3,0,2024
288910501.0,14,1420117,14,,1,,,7.0,8,0,2024
288910601.0,14,1420117,67,1,2,,,6.0,6,1,2024
288910701.0,14,1420117,67,1,2,,,12.0,2,1,2024
288910701.0,14,1420117,69,1,2,,,9.0,4,0,2024
288910801.0,14,1420117,60,1,2,,,9.0,4,1,2024
288910801.0,14,1420117,54,1,2,,,7.0,8,0,2024
288910801.0,14,1420117,31,1,2,,,12.0,3,0,2024
288910801.0,14,1420117,27,1,2,,,13.0,5,0,2024
288910801.0,14,1420117,22,1,1,,,13.0,4,0,2024
289390201.0,14,1420126,52,1,2,,,7.0,8,1,2024
289390201.0,14,1420126,26,1,2,,,9.0,2,0,2024
289390301.0,14,1420126,55,1,2,,,9.0,4,1,2024
289390301.0,14,1420126,75,1,2,,,6.0,6,0,2024
289390401.0,14,1420126,64,1,2,,,9.0,4,1,2024
289390401.0,14,1420126,30,1,2,,,13.0,5,0,2024
289390401.0,14,1420126,69,1,2,,,10.0,4,0,2024
289390501.0,14,1420126,49,1,2,,,13.0,4,1,2024
289390501.0,14,1420126,19,1,1,,,12.0,2,0,2024
289390701.0,14,1420126,57,1,2,,,7.0,5,1,2024
289390701.0,14,1420126,62,1,2,,,9.0,4,0,2024
289390801.0,14,1420126,52,1,2,,,7.0,8,1,2024
289390801.0,14,1420126,45,1,2,,,9.0,3,0,2024
289390801.0,14,1420126,24,1,1,,,12.0,2,0,2024
289390901.0,14,1420126,59,1,2,,,9.0,4,1,2024
289390901.0,14,1420126,56,1,2,,,11.0,5,0,2024
289390901.0,14,1420126,26,1,2,,,12.0,3,0,2024
289390901.0,14,1420126,7,,1,,,7.0,2,,2024
289830101.0,14,1410624,44,1,2,,,13.0,5,1,2024
289830101.0,14,1410624,53,1,2,,,9.0,4,0,2024
289830101.0,14,1410624,9,,1,,,7.0,4,,2024
289830201.0,14,1410624,63,1,2,,,9.0,4,1,2024
289830201.0,14,1410624,55,1,2,,,9.0,3,0,2024
289830301.0,14,1410624,48,1,2,,,9.0,4,1,2024
289830401.0,14,1410624,50,1,2,,,7.0,6,1,2024
289830401.0,14,1410624,47,1,2,,,9.0,4,0,2024
289830401.0,14,1410624,14,,1,,,9.0,1,0,2024
289830701.0,14,1410624,49,1,2,,,7.0,7,1,2024
289830701.0,14,1410624,31,1,2,,,12.0,3,0,2024
289830701.0,14,1410624,32,1,2,,,9.0,4,0,2024
289830801.0,14,1410624,49,1,2,,,7.0,7,1,2024
289830801.0,14,1410624,17,1,1,,,9.0,4,0,2024
289830801.0,14,1410624,13,,1,,,7.0,8,,2024
289831001.0,14,1410624,79,4,2,,,1.0,,1,2024
289831001.0,14,1410624,71,1,2,,,6.0,6,0,2024
289831001.0,14,1410624,20,1,2,12,3,9.0,4,0,2024
290210201.0,14,1420214,34,1,2,,,13.0,5,1,2024
290210201.0,14,1420214,32,1,2,,,13.0,5,0,2024
290210201.0,14,1420214,91,1,2,,,7.0,3,0,2024
290210201.0,14,1420214,5,,1,,,4.0,,,2024
290210301.0,14,1420214,52,1,2,,,11.0,4,1,2024
290210401.0,14,1420214,56,1,2,,,7.0,5,1,2024
290210401.0,14,1420214,57,1,2,,,7.0,5,0,2024
290210401.0,14,1420214,32,1,2,,,9.0,4,0,2024
290210401.0,14,1420214,11,,1,,,7.0,5,,2024
290210401.0,14,1420214,15,1,1,,,7.0,8,0,2024
290210401.0,14,1420214,17,1,1,,,11.0,3,0,2024
290210401.0,14,1420214,13,,1,,,7.0,7,,2024
290210401.0,14,1420214,2,,2,,,1.0,,,2024
290210501.0,14,1420214,38,1,2,,,11.0,4,1,2024
290210501.0,14,1420214,30,1,2,,,9.0,4,0,2024
290210501.0,14,1420214,15,1,1,,,9.0,1,0,2024
290210501.0,14,1420214,7,,1,,,7.0,1,,2024
290210501.0,14,1420214,2,,2,,,1.0,,,2024
290210601.0,14,1420214,40,1,2,,,13.0,5,1,2024
290210601.0,14,1420214,33,1,2,,,12.0,1,0,2024
290210601.0,14,1420214,12,,1,,,7.0,6,,2024
290210601.0,14,1420214,5,,1,,,4.0,,,2024
290210701.0,14,1420214,65,1,2,,,15.0,4,1,2024
290210801.0,14,1420214,70,1,2,,,13.0,5,1,2024
290250101.0,14,1410113,32,1,2,,,11.0,4,1,2024
290250101.0,14,1410113,29,1,2,,,13.0,3,0,2024
290250201.0,14,1410113,29,1,2,,,13.0,5,1,2024
290250201.0,14,1410113,1,,1,,,2.0,,,2024
290250301.0,14,1410113,39,1,2,,,12.0,3,1,2024
290250301.0,14,1410113,39,1,2,,,12.0,2,0,2024
290250301.0,14,1410113,11,,1,,,7.0,5,,2024
290250301.0,14,1410113,8,,1,,,7.0,2,,2024
290250601.0,14,1410113,78,1,2,,,13.0,5,1,2024
290250601.0,14,1410113,22,1,1,,,13.0,4,0,2024
290820101.0,14,1410824,33,1,2,,,12.0,3,0,2024
290820101.0,14,1410824,41,1,2,,,12.0,3,1,2024
290820201.0,14,1410824,59,1,1,,,7.0,8,1,2024
290820601.0,14,1410824,35,1,2,,,9.0,4,1,2024
290820601.0,14,1410824,32,1,2,,,9.0,4,0,2024
290820601.0,14,1410824,8,,1,,,7.0,2,,2024
290820601.0,14,1410824,1,,2,,,1.0,,,2024
290820701.0,14,1410824,57,1,2,,,7.0,8,1,2024
290820701.0,14,1410824,53,1,2,,,9.0,4,0,2024
290820701.0,14,1410824,32,1,2,,,12.0,3,0,2024
290821001.0,14,1410824,39,1,2,,,9.0,4,0,2024
290821001.0,14,1410824,46,1,2,,,9.0,4,1,2024
290821001.0,14,1410824,21,1,1,,,13.0,2,0,2024
290821001.0,14,1410824,10,,1,,,7.0,4,,2024
291920101.0,14,1410614,45,1,2,,,11.0,4,1,2024
291920101.0,14,1410614,37,1,1,,,12.0,1,0,2024
291920101.0,14,1410614,3,,1,,,3.0,,,2024
291920101.0,14,1410614,9,,2,16,2,7.0,3,,2024
291920201.0,14,1410614,48,1,2,,,9.0,4,1,2024
291920201.0,14,1410614,76,1,2,,,6.0,6,0,2024
291920301.0,14,1410614,71,1,2,,,7.0,6,1,2024
291920301.0,14,1410614,33,1,2,,,11.0,4,0,2024
291920401.0,14,1410614,41,1,2,,,11.0,4,1,2024
291920401.0,14,1410614,19,1,1,,,11.0,4,0,2024
291920401.0,14,1410614,38,1,2,,,12.0,2,0,2024
291920401.0,14,1410614,16,1,1,,,9.0,1,0,2024
291920501.0,14,1410614,68,1,2,,,9.0,4,1,2024
291920501.0,14,1410614,62,1,2,,,7.0,8,0,2024
291920601.0,14,1410614,29,1,2,,,13.0,5,1,2024
291920601.0,14,1410614,30,1,2,,,13.0,4,0,2024
291920701.0,14,1410614,42,1,2,,,11.0,4,1,2024
291920701.0,14,1410614,40,1,2,,,12.0,2,0,2024
291920701.0,14,1410614,14,,1,,,7.0,8,0,2024
292540101.0,14,1410424,58,2,2,,,7.0,2,1,2024
292540101.0,14,1410424,25,1,2,12,4,9.0,4,0,2024
292540201.0,14,1410424,79,2,2,,,7.0,2,1,2024
292540201.0,14,1410424,69,2,2,,,7.0,2,0,2024
292540301.0,14,1410424,65,1,2,,,7.0,2,1,2024
292540501.0,14,1410424,62,1,2,,,7.0,6,1,2024
292540601.0,14,1410424,24,1,2,8,3,12.0,3,0,2024
292540601.0,14,1410424,28,1,2,,,9.0,4,1,2024
292540601.0,14,1410424,2,,2,,,1.0,,,2024
292540701.0,14,1410424,41,1,2,,,9.0,4,0,2024
292540701.0,14,1410424,42,1,2,,,9.0,4,1,2024
292540701.0,14,1410424,13,,1,,,7.0,7,,2024
292540701.0,14,1410424,5,,1,,,4.0,,,2024
292540801.0,14,1410424,61,3,2,,,7.0,3,1,2024
292540901.0,14,1410424,59,1,2,,,9.0,4,1,2024
292540901.0,14,1410424,90,1,2,,,6.0,3,0,2024
293230101.0,14,1410112,28,1,2,,,13.0,5,1,2024
293230101.0,14,1410112,28,1,2,,,13.0,5,0,2024
293230301.0,14,1410112,40,1,2,,,9.0,4,1,2024
293230301.0,14,1410112,37,1,2,,,9.0,4,0,2024
293230301.0,14,1410112,7,,1,,,7.0,1,,2024
293230301.0,14,1410112,21,1,2,12,4,12.0,2,0,2024
293230501.0,14,1410112,28,1,2,,,12.0,2,1,2024
293230501.0,14,1410112,28,1,2,,,7.0,-88,0,2024
293230601.0,14,1410112,38,1,2,,,12.0,3,0,2024
293230601.0,14,1410112,43,1,2,,,9.0,4,1,2024
293230601.0,14,1410112,21,1,2,12,4,9.0,4,0,2024
293230601.0,14,1410112,0,,2,,,1.0,,,2024
293230801.0,14,1410112,56,1,2,,,11.0,3,1,2024
293230801.0,14,1410112,29,1,2,,,12.0,2,0,2024
294960101.0,14,1420416,28,1,2,,,9.0,2,1,2024
294960101.0,14,1420416,30,1,2,,,9.0,4,0,2024
294960101.0,14,1420416,8,,1,,,7.0,3,,2024
294960101.0,14,1420416,6,,1,,,4.0,,,2024
294960201.0,14,1420416,66,1,2,,,9.0,3,1,2024
294960301.0,14,1420416,47,1,2,,,13.0,6,1,2024
294960301.0,14,1420416,13,,1,,,7.0,7,,2024
294960301.0,14,1420416,11,,1,,,7.0,6,,2024
294960401.0,14,1420416,38,1,2,,,12.0,3,1,2024
294960501.0,14,1420416,38,1,2,,,12.0,3,1,2024
294960501.0,14,1420416,40,1,2,,,13.0,3,0,2024
294960501.0,14,1420416,16,1,1,,,11.0,2,0,2024
294960501.0,14,1420416,12,,1,,,7.0,6,,2024
294960501.0,14,1420416,3,,1,,,5.0,,,2024
294960601.0,14,1420416,39,1,2,,,9.0,4,1,2024
294960601.0,14,1420416,11,,1,,,7.0,5,,2024
294960601.0,14,1420416,13,,1,,,7.0,8,,2024
294960601.0,14,1420416,57,1,2,,,9.0,4,0,2024
295190201.0,14,1410112,57,1,2,,,11.0,1,1,2024
295190201.0,14,1410112,27,1,2,,,7.0,8,0,2024
295190201.0,14,1410112,7,,1,,,7.0,1,,2024
295190201.0,14,1410112,29,1,1,,,7.0,8,0,2024
295190301.0,14,1410112,36,1,2,,,11.0,4,1,2024
295190301.0,14,1410112,18,1,1,,,9.0,3,0,2024
295190301.0,14,1410112,13,,1,,,7.0,7,,2024
295190301.0,14,1410112,14,,1,,,9.0,1,0,2024
295190301.0,14,1410112,13,,1,,,7.0,7,,2024
295190301.0,14,1410112,73,4,2,,,1.0,,0,2024
295190401.0,14,1410112,35,1,2,,,9.0,4,0,2024
295190401.0,14,1410112,43,1,2,,,11.0,4,1,2024
295190401.0,14,1410112,8,,1,,,7.0,2,,2024
295190601.0,14,1410112,61,1,2,,,7.0,8,1,2024
295190601.0,14,1410112,25,1,2,8,3,13.0,-88,0,2024
295190601.0,14,1410112,58,1,2,,,7.0,8,0,2024
295190601.0,14,1410112,32,1,1,,,12.0,2,0,2024
295190601.0,14,1410112,6,,1,,,4.0,,,2024
295190701.0,14,1410112,63,1,2,,,7.0,3,1,2024
295190801.0,14,1410112,77,1,2,,,8.0,-88,1,2024
297450101.0,14,1410112,85,1,2,,,9.0,4,1,2024
297450201.0,14,1410112,87,1,2,,,8.0,5,1,2024
297450201.0,14,1410112,42,1,2,,,13.0,5,0,2024
297450201.0,14,1410112,64,1,2,,,13.0,5,0,2024
297450301.0,14,1410112,60,1,2,,,9.0,4,1,2024
297450501.0,14,1410112,57,1,2,,,9.0,4,1,2024
297450601.0,14,1410112,48,1,2,,,11.0,4,1,2024
297450601.0,14,1410112,43,1,2,,,13.0,5,0,2024
297450601.0,14,1410112,15,1,1,,,9.0,1,0,2024
297450701.0,14,1410112,88,1,2,,,6.0,4,1,2024
297450701.0,14,1410112,85,4,2,,,1.0,,0,2024
297450701.0,14,1410112,51,1,2,,,9.0,4,0,2024
297450701.0,14,1410112,46,1,2,,,9.0,4,0,2024
297450701.0,14,1410112,21,1,2,8,4,9.0,4,0,2024
298350201.0,14,1410112,69,1,2,,,10.0,5,1,2024
298350201.0,14,1410112,72,1,2,,,13.0,5,0,2024
298350301.0,14,1410112,61,1,2,,,14.0,2,1,2024
298350401.0,14,1410112,39,1,2,,,13.0,4,1,2024
298350401.0,14,1410112,46,1,2,,,11.0,4,0,2024
298350401.0,14,1410112,11,,1,,,7.0,6,,2024
298350401.0,14,1410112,13,,1,,,7.0,8,,2024
298350501.0,14,1410112,60,1,2,,,14.0,2,1,2024
298350501.0,14,1410112,58,1,2,,,14.0,2,0,2024
298350601.0,14,1410112,26,1,1,,,13.0,5,0,2024
298350601.0,14,1410112,27,1,1,,,13.0,5,1,2024
298350701.0,14,1410112,61,1,2,,,12.0,3,1,2024
298350701.0,14,1410112,18,1,1,,,13.0,1,0,2024
298350801.0,14,1410112,55,1,2,,,14.0,2,1,2024
298350801.0,14,1410112,21,1,1,,,13.0,5,0,2024
299230201.0,14,1410824,49,1,2,,,12.0,3,1,2024
299230201.0,14,1410824,29,1,2,,,11.0,3,0,2024
299230201.0,14,1410824,11,,1,,,7.0,6,,2024
299230401.0,14,1410824,70,1,2,,,6.0,6,0,2024
299230401.0,14,1410824,77,1,2,,,6.0,6,1,2024
299230501.0,14,1410824,41,1,2,,,11.0,4,0,2024
299230501.0,14,1410824,43,1,2,,,11.0,4,1,2024
299230501.0,14,1410824,19,1,1,,,13.0,1,0,2024
299230501.0,14,1410824,4,,2,,,1.0,,,2024
299230601.0,14,1410824,38,1,2,,,9.0,4,1,2024
299230601.0,14,1410824,40,1,2,,,9.0,2,0,2024
299230601.0,14,1410824,17,1,2,8,1,11.0,4,0,2024
299230601.0,14,1410824,14,,1,,,7.0,8,0,2024
299230601.0,14,1410824,9,,1,,,7.0,3,,2024
299230601.0,14,1410824,2,,2,,,1.0,,,2024
299230701.0,14,1410824,33,1,2,,,11.0,4,1,2024
299230701.0,14,1410824,51,1,2,,,7.0,8,0,2024
299230701.0,14,1410824,11,,1,,,7.0,6,,2024
299230701.0,14,1410824,9,,1,,,7.0,3,,2024
299230801.0,14,1410824,67,1,2,,,7.0,8,1,2024
299230801.0,14,1410824,72,1,2,,,6.0,6,0,2024
299230901.0,14,1410824,57,1,2,,,9.0,4,1,2024
299231001.0,14,1410824,68,4,2,,,6.0,4,0,2024
299231001.0,14,1410824,78,1,2,,,6.0,5,1,2024
299231001.0,14,1410824,20,1,1,,,13.0,2,0,2024
300490101.0,14,1420126,66,1,2,,,13.0,4,1,2024
300490101.0,14,1420126,62,1,2,,,11.0,4,0,2024
300490201.0,14,1420126,55,1,2,,,9.0,4,0,2024
300490201.0,14,1420126,56,1,2,,,9.0,2,1,2024
300490201.0,14,1420126,24,1,2,12,4,13.0,1,0,2024
300490201.0,14,1420126,26,1,2,,,13.0,5,0,2024
300490201.0,14,1420126,0,,2,,,1.0,,,2024
300490301.0,14,1420126,56,1,2,,,7.0,4,1,2024
300490301.0,14,1420126,20,1,1,,,13.0,2,0,2024
300490401.0,14,1420126,85,1,2,,,10.0,4,1,2024
300490601.0,14,1420126,33,1,2,,,13.0,5,1,2024
300490601.0,14,1420126,38,1,2,,,9.0,4,0,2024
300490601.0,14,1420126,4,,1,,,4.0,,,2024
300490801.0,14,1420126,27,1,2,,,9.0,4,0,2024
300490801.0,14,1420126,36,1,2,,,9.0,4,1,2024
300490801.0,14,1420126,10,,1,,,7.0,4,,2024
300490801.0,14,1420126,2,,2,,,1.0,,,2024
300490901.0,14,1420126,59,1,2,,,7.0,3,1,2024
300670101.0,14,1410112,72,1,2,,,9.0,4,0,2024
300670101.0,14,1410112,74,1,2,,,9.0,4,1,2024
300670101.0,14,1410112,36,4,2,,,5.0,,0,2024
300670301.0,14,1410112,27,1,2,,,12.0,3,1,2024
300670301.0,14,1410112,31,1,2,,,12.0,3,0,2024
300670301.0,14,1410112,8,,1,,,7.0,4,,2024
300670501.0,14,1410112,79,1,2,,,8.0,2,1,2024
300670601.0,14,1410112,48,1,2,,,13.0,5,0,2024
300670601.0,14,1410112,50,1,2,,,9.0,4,1,2024
300670601.0,14,1410112,17,1,1,,,9.0,3,0,2024
300670701.0,14,1410112,38,1,1,,,13.0,5,1,2024
300670801.0,14,1410112,62,1,2,,,9.0,4,1,2024
300670801.0,14,1410112,64,1,2,,,9.0,4,0,2024
300840101.0,14,1420416,79,1,2,,,7.0,8,1,2024
300840101.0,14,1420416,76,1,2,,,7.0,5,0,2024
300840201.0,14,1420416,61,1,2,,,9.0,4,1,2024
300840201.0,14,1420416,19,1,1,,,13.0,2,0,2024
300840201.0,14,1420416,63,1,2,,,7.0,8,0,2024
300840301.0,14,1420416,76,1,2,,,6.0,5,0,2024
300840301.0,14,1420416,48,1,2,,,9.0,4,1,2024
300840301.0,14,1420416,21,1,2,12,4,11.0,4,0,2024
300840301.0,14,1420416,16,1,1,,,11.0,3,0,2024
300840401.0,14,1420416,76,1,2,,,6.0,5,1,2024
300840501.0,14,1420416,53,1,2,,,9.0,4,1,2024
300840501.0,14,1420416,21,1,1,,,9.0,3,0,2024
300840501.0,14,1420416,57,1,2,,,9.0,4,0,2024
300840501.0,14,1420416,23,1,1,,,13.0,3,0,2024
300840601.0,14,1420416,41,1,2,,,12.0,3,1,2024
300840701.0,14,1420416,66,1,2,,,7.0,8,0,2024
300840701.0,14,1420416,60,1,2,,,9.0,2,1,2024
300840701.0,14,1420416,37,1,2,,,11.0,4,0,2024
300840701.0,14,1420416,9,,1,,,7.0,5,,2024
300840701.0,14,1420416,44,1,2,,,9.0,4,0,2024
301990201.0,14,1410113,49,1,2,,,12.0,3,1,2024
301990201.0,14,1410113,54,1,2,,,12.0,2,0,2024
301990201.0,14,1410113,19,1,1,,,11.0,4,0,2024
301990201.0,14,1410113,12,,1,,,7.0,6,,2024
301990301.0,14,1410113,44,1,2,,,9.0,4,1,2024
301990301.0,14,1410113,25,1,1,,,13.0,5,0,2024
301990301.0,14,1410113,21,1,2,5,4,9.0,4,0,2024
301990401.0,14,1410113,28,1,2,,,9.0,4,1,2024
301990501.0,14,1410113,25,1,2,12,4,13.0,3,1,2024
301990601.0,14,1410113,30,1,2,,,13.0,5,1,2024
301990601.0,14,1410113,6,,1,,,4.0,,,2024
301990601.0,14,1410113,4,,1,,,3.0,,,2024
301990801.0,14,1410113,21,1,2,7,4,13.0,1,0,2024
301990801.0,14,1410113,54,1,2,,,9.0,4,1,2024
301990801.0,14,1410113,25,1,1,,,13.0,5,0,2024
301990801.0,14,1410113,58,1,2,,,9.0,4,0,2024
302930101.0,14,1420424,84,4,2,,,1.0,,1,2024
302930101.0,14,1420424,67,1,2,,,7.0,8,0,2024
302930301.0,14,1420424,84,4,2,,,1.0,,1,2024
302930301.0,14,1420424,67,1,2,,,7.0,8,0,2024
302930601.0,14,1420424,40,1,2,,,9.0,4,1,2024
302930601.0,14,1420424,52,1,2,,,7.0,8,0,2024
302930701.0,14,1420424,45,1,2,,,7.0,8,1,2024
302930701.0,14,1420424,19,1,2,13,2,11.0,4,0,2024
302930701.0,14,1420424,44,1,2,,,7.0,8,0,2024
302930801.0,14,1420424,71,1,2,,,7.0,6,1,2024
302930801.0,14,1420424,82,4,2,,,1.0,,0,2024
302930901.0,14,1420424,57,4,2,,,7.0,1,1,2024
302930901.0,14,1420424,40,1,2,,,7.0,3,0,2024
302930901.0,14,1420424,29,1,2,,,7.0,8,0,2024
302930901.0,14,1420424,22,1,2,11,4,11.0,4,0,2024
303260101.0,14,1410112,44,1,2,,,13.0,6,1,2024
303260201.0,14,1410112,64,1,2,,,11.0,4,1,2024
303260201.0,14,1410112,27,1,2,,,13.0,4,0,2024
303260301.0,14,1410112,54,1,2,,,9.0,4,1,2024
303260301.0,14,1410112,18,1,1,,,9.0,4,0,2024
303260401.0,14,1410112,50,1,2,,,9.0,1,1,2024
303260401.0,14,1410112,31,1,2,,,13.0,5,0,2024
303390101.0,14,1410614,32,1,2,,,13.0,4,1,2024
303390101.0,14,1410614,35,1,2,,,11.0,4,0,2024
303390101.0,14,1410614,9,,1,,,7.0,3,,2024
303390101.0,14,1410614,0,,1,,,2.0,,,2024
303390201.0,14,1410614,25,1,2,3,4,11.0,4,1,2024
303390201.0,14,1410614,1,,1,,,2.0,,,2024
303390401.0,14,1410614,52,1,2,,,9.0,4,0,2024
303390401.0,14,1410614,56,1,2,,,9.0,1,1,2024
303390401.0,14,1410614,24,1,1,,,12.0,3,0,2024
303390401.0,14,1410614,21,1,1,,,13.0,3,0,2024
303390401.0,14,1410614,19,1,1,,,11.0,4,0,2024
303390401.0,14,1410614,17,4,1,,,5.0,,0,2024
303390501.0,14,1410614,31,1,1,,,12.0,1,1,2024
303390501.0,14,1410614,3,,2,,,1.0,,,2024
303390501.0,14,1410614,11,,1,,,7.0,5,,2024
303390501.0,14,1410614,26,1,2,,,11.0,4,0,2024
303390701.0,14,1410614,73,4,2,,,7.0,1,1,2024
303390801.0,14,1410614,62,1,2,,,7.0,5,1,2024
303390801.0,14,1410614,65,1,2,,,7.0,8,0,2024
303390801.0,14,1410614,19,1,2,5,2,5.0,,0,2024
304390101.0,14,1410624,57,1,2,,,9.0,1,1,2024
304390101.0,14,1410624,62,1,2,,,7.0,8,0,2024
304390101.0,14,1410624,21,1,2,12,2,13.0,1,0,2024
304390101.0,14,1410624,13,,1,,,7.0,8,,2024
304390201.0,14,1410624,54,1,2,,,9.0,4,1,2024
304390301.0,14,1410624,58,1,2,,,7.0,8,1,2024
304390301.0,14,1410624,18,1,2,8,3,9.0,4,0,2024
304390301.0,14,1410624,21,1,2,11,4,9.0,4,0,2024
304390401.0,14,1410624,26,1,2,,,12.0,3,1,2024
304390401.0,14,1410624,85,4,2,,,8.0,5,0,2024
304390501.0,14,1410624,64,1,2,,,7.0,7,1,2024
304390501.0,14,1410624,57,1,2,,,7.0,6,0,2024
304390601.0,14,1410624,75,1,2,,,6.0,6,1,2024
304390601.0,14,1410624,70,1,2,,,9.0,3,0,2024
304390701.0,14,1410624,54,4,2,,,1.0,,1,2024
304390701.0,14,1410624,57,4,2,,,1.0,,0,2024
304390801.0,14,1410624,84,1,2,,,6.0,3,0,2024
304390801.0,14,1410624,85,4,2,,,6.0,2,1,2024
304390901.0,14,1410624,31,1,2,,,9.0,4,0,2024
304390901.0,14,1410624,28,1,2,,,9.0,4,1,2024
304390901.0,14,1410624,6,,1,,,4.0,,,2024
304391001.0,14,1410624,32,1,2,,,12.0,2,0,2024
304391001.0,14,1410624,33,1,2,,,9.0,4,1,2024
304391001.0,14,1410624,12,,1,,,7.0,6,,2024
304391001.0,14,1410624,6,,1,,,4.0,,,2024
304391001.0,14,1410624,4,,2,,,1.0,,,2024
306180101.0,14,1410111,67,1,2,,,7.0,5,1,2024
306180101.0,14,1410111,77,1,2,,,7.0,5,0,2024
306180101.0,14,1410111,34,1,2,,,5.0,,0,2024
306180101.0,14,1410111,29,1,2,,,11.0,4,0,2024
306180201.0,14,1410111,77,1,2,,,8.0,6,0,2024
306180201.0,14,1410111,46,1,2,,,7.0,6,0,2024
306180201.0,14,1410111,27,1,2,,,9.0,2,0,2024
306180201.0,14,1410111,68,1,2,,,7.0,8,1,2024
306180301.0,14,1410111,69,1,2,,,7.0,6,1,2024
306180401.0,14,1410111,53,1,2,,,9.0,1,1,2024
306180501.0,14,1410111,25,1,2,12,4,9.0,4,1,2024
306180601.0,14,1410111,53,1,2,,,7.0,8,1,2024
306180701.0,14,1410111,64,1,2,,,7.0,8,1,2024
306180801.0,14,1410111,57,1,2,,,7.0,5,0,2024
306180801.0,14,1410111,28,1,2,,,9.0,4,0,2024
306180801.0,14,1410111,6,,1,,,7.0,1,,2024
306180801.0,14,1410111,3,,1,,,3.0,,,2024
306180801.0,14,1410111,62,1,2,,,7.0,5,1,2024
306500301.0,14,1410112,74,1,2,,,6.0,6,1,2024
306500301.0,14,1410112,78,4,2,,,1.0,,0,2024
306500401.0,14,1410112,85,1,2,,,6.0,6,1,2024
306500401.0,14,1410112,62,1,2,,,7.0,8,0,2024
306500501.0,14,1410112,26,1,2,,,13.0,5,1,2024
306500601.0,14,1410112,40,1,2,,,13.0,6,1,2024
306500601.0,14,1410112,80,1,2,,,6.0,6,0,2024
306500701.0,14,1410112,61,1,2,,,13.0,5,1,2024
306500801.0,14,1410112,30,1,2,,,12.0,1,0,2024
306500801.0,14,1410112,58,1,2,,,9.0,2,0,2024
306500801.0,14,1410112,59,1,2,,,7.0,8,1,2024
307050101.0,14,1420424,70,1,2,,,9.0,4,1,2024
307050201.0,14,1420424,50,1,2,,,9.0,2,1,2024
307050201.0,14,1420424,30,1,2,,,9.0,4,0,2024
307050201.0,14,1420424,23,1,2,8,4,9.0,4,0,2024
307050301.0,14,1420424,66,1,2,,,12.0,3,1,2024
307050301.0,14,1420424,63,1,2,,,9.0,3,0,2024
307050301.0,14,1420424,9,,1,,,7.0,4,,2024
307050401.0,14,1420424,32,1,2,,,11.0,4,1,2024
307050401.0,14,1420424,35,1,2,,,9.0,4,0,2024
307050401.0,14,1420424,17,1,1,,,9.0,4,0,2024
307050401.0,14,1420424,10,,1,,,7.0,4,,2024
307050501.0,14,1420424,53,1,2,,,7.0,8,1,2024
307050501.0,14,1420424,18,1,1,,,9.0,4,0,2024
307050501.0,14,1420424,24,1,2,8,4,11.0,4,0,2024
307050801.0,14,1420424,75,4,2,,,1.0,,1,2024
307050801.0,14,1420424,42,1,2,,,7.0,4,0,2024
307050801.0,14,1420424,39,1,2,,,7.0,4,0,2024
307050801.0,14,1420424,17,1,1,,,9.0,4,0,2024
307050901.0,14,1420424,61,1,2,,,9.0,1,1,2024
307050901.0,14,1420424,54,1,2,,,9.0,4,0,2024
307050901.0,14,1420424,30,1,2,,,13.0,5,0,2024
307050901.0,14,1420424,11,,1,,,7.0,6,,2024
307050901.0,14,1420424,30,1,2,,,13.0,5,0,2024
307050901.0,14,1420424,28,1,1,,,13.0,5,0,2024
308080201.0,14,1410314,67,1,2,,,11.0,3,1,2024
308080301.0,14,1410314,79,1,2,,,6.0,4,1,2024
308080401.0,14,1410314,52,1,2,,,11.0,4,1,2024
308080401.0,14,1410314,19,1,1,,,13.0,2,0,2024
308080501.0,14,1410314,39,1,2,,,9.0,4,1,2024
308080501.0,14,1410314,33,1,2,,,11.0,4,0,2024
308080501.0,14,1410314,15,1,1,,,9.0,2,0,2024
308080501.0,14,1410314,9,,1,,,7.0,4,,2024
308080601.0,14,1410314,66,1,2,,,7.0,6,1,2024
308080601.0,14,1410314,19,1,2,9,2,9.0,4,0,2024
308080601.0,14,1410314,11,,1,,,7.0,5,,2024
308080601.0,14,1410314,23,1,2,12,4,11.0,4,0,2024
308080701.0,14,1410314,65,1,2,,,7.0,6,1,2024
308080701.0,14,1410314,42,1,2,,,9.0,4,0,2024
308080801.0,14,1410314,44,1,2,,,11.0,4,1,2024
308080801.0,14,1410314,21,1,1,,,13.0,3,0,2024
308080801.0,14,1410314,18,1,1,,,13.0,1,0,2024
308080801.0,14,1410314,12,,1,,,7.0,7,,2024
308270301.0,14,1420314,52,1,2,,,13.0,7,1,2024
308270401.0,14,1420314,68,1,2,,,13.0,5,1,2024
308270501.0,14,1420314,81,1,2,,,8.0,2,1,2024
308270501.0,14,1420314,20,1,2,5,2,11.0,4,0,2024
308270601.0,14,1420314,56,1,2,,,13.0,4,1,2024
308270701.0,14,1420314,26,1,2,,,12.0,3,1,2024
308270701.0,14,1420314,30,1,2,,,12.0,1,0,2024
308270701.0,14,1420314,5,,1,,,4.0,,,2024
308270701.0,14,1420314,0,,2,,,1.0,,,2024
308310101.0,14,1410724,75,1,2,,,6.0,3,1,2024
308310101.0,14,1410724,56,1,2,,,7.0,8,0,2024
308310201.0,14,1410724,68,1,2,,,9.0,4,1,2024
308310301.0,14,1410724,83,4,2,,,1.0,,1,2024
308310401.0,14,1410724,77,1,2,,,6.0,3,1,2024
308310401.0,14,1410724,77,1,2,,,6.0,3,0,2024
308310501.0,14,1410724,68,4,2,,,6.0,3,1,2024
308310501.0,14,1410724,25,1,2,8,4,9.0,4,0,2024
308310501.0,14,1410724,21,1,1,,,13.0,4,0,2024
308310601.0,14,1410724,30,1,2,,,11.0,4,1,2024
308310601.0,14,1410724,30,1,2,,,12.0,3,0,2024
308310701.0,14,1410724,52,1,2,,,9.0,4,0,2024
308310701.0,14,1410724,66,1,2,,,9.0,1,1,2024
308310701.0,14,1410724,31,1,2,,,13.0,2,0,2024
308310701.0,14,1410724,58,4,2,,,1.0,,0,2024
308310701.0,14,1410724,8,,1,,,7.0,2,,2024
308310701.0,14,1410724,2,,2,,,1.0,,,2024
308310801.0,14,1410724,68,1,2,,,9.0,1,1,2024
308310801.0,14,1410724,62,1,2,,,7.0,6,0,2024
308310901.0,14,1410724,42,1,2,,,11.0,2,1,2024
308311001.0,14,1410724,62,1,2,,,7.0,8,1,2024
311040101.0,14,1410112,73,1,2,,,8.0,6,1,2024
311040101.0,14,1410112,41,1,2,,,13.0,5,0,2024
311040201.0,14,1410112,39,1,2,,,9.0,4,0,2024
311040201.0,14,1410112,45,1,2,,,11.0,4,1,2024
311040201.0,14,1410112,22,1,1,,,13.0,4,0,2024
311040201.0,14,1410112,16,1,1,,,9.0,3,0,2024
311040201.0,14,1410112,8,,1,,,7.0,2,,2024
311040301.0,14,1410112,87,1,2,,,6.0,6,1,2024
311040401.0,14,1410112,52,1,2,,,9.0,4,1,2024
311040401.0,14,1410112,23,1,1,,,13.0,3,0,2024
311040501.0,14,1410112,43,1,1,,,9.0,4,1,2024
311040601.0,14,1410112,28,1,2,,,13.0,5,1,2024
311040601.0,14,1410112,34,1,2,,,13.0,5,0,2024
311700101.0,14,1420416,78,1,2,,,7.0,8,1,2024
311700101.0,14,1420416,78,1,2,,,13.0,4,0,2024
311700201.0,14,1420416,64,1,2,,,9.0,4,1,2024
311700801.0,14,1420416,39,1,2,,,13.0,6,1,2024
311700801.0,14,1420416,36,1,1,,,12.0,2,0,2024
311700801.0,14,1420416,6,,1,,,4.0,,,2024
311700801.0,14,1420416,2,,1,,,3.0,,,2024
311890201.0,14,1410614,65,1,2,,,12.0,2,1,2024
311890601.0,14,1410614,67,1,2,,,9.0,4,1,2024
311890701.0,14,1410614,77,1,2,,,8.0,2,1,2024
311890701.0,14,1410614,71,1,2,,,9.0,4,0,2024
311890801.0,14,1410614,31,1,2,,,12.0,3,0,2024
311890801.0,14,1410614,67,1,2,,,9.0,-88,1,2024
312890101.0,14,1410112,22,1,2,8,4,9.0,4,1,2024
312890101.0,14,1410112,23,1,1,,,12.0,3,0,2024
312890101.0,14,1410112,2,,1,,,3.0,,,2024
312890201.0,14,1410112,75,1,2,,,7.0,3,1,2024
312890201.0,14,1410112,80,1,2,,,7.0,3,0,2024
312890401.0,14,1410112,59,1,2,,,9.0,4,1,2024
312890501.0,14,1410112,28,1,2,,,9.0,4,1,2024
312890501.0,14,1410112,33,1,2,,,9.0,4,0,2024
312890501.0,14,1410112,30,1,2,,,9.0,4,0,2024
312890501.0,14,1410112,35,1,2,,,13.0,4,0,2024
312890601.0,14,1410112,23,1,1,,,13.0,4,1,2024
312890601.0,14,1410112,20,1,1,,,13.0,3,0,2024
312890701.0,14,1410112,24,1,1,,,13.0,5,1,2024
312890801.0,14,1410112,32,1,1,,,14.0,2,1,2024
312890801.0,14,1410112,31,1,1,,,14.0,1,0,2024
313200101.0,14,1410112,66,1,2,,,6.0,3,1,2024
313200101.0,14,1410112,23,1,2,8,4,11.0,4,0,2024
313200201.0,14,1410112,66,1,2,,,13.0,4,1,2024
313200201.0,14,1410112,31,1,1,,,12.0,2,0,2024
313200201.0,14,1410112,29,1,1,,,13.0,5,0,2024
313200301.0,14,1410112,86,1,2,,,6.0,5,1,2024
313200301.0,14,1410112,60,1,2,,,9.0,4,0,2024
313200501.0,14,1410112,50,1,2,,,13.0,5,1,2024
313200501.0,14,1410112,50,1,2,,,13.0,5,0,2024
313200501.0,14,1410112,21,1,1,,,13.0,2,0,2024
313200501.0,14,1410112,17,1,1,,,9.0,4,0,2024
313200501.0,14,1410112,15,1,1,,,9.0,1,0,2024
313200801.0,14,1410112,65,1,2,,,9.0,4,1,2024
313200801.0,14,1410112,63,1,2,,,9.0,1,0,2024
313200801.0,14,1410112,70,1,2,,,7.0,4,0,2024
313200801.0,14,1410112,20,1,1,,,13.0,3,0,2024
314690101.0,14,1410824,53,1,2,,,7.0,6,1,2024
314690301.0,14,1410824,54,1,2,,,7.0,8,1,2024
314690301.0,14,1410824,54,1,2,,,7.0,8,0,2024
314690301.0,14,1410824,12,,1,,,5.0,,,2024
314690501.0,14,1410824,60,1,2,,,9.0,4,1,2024
314690501.0,14,1410824,62,1,2,,,9.0,4,0,2024
314690801.0,14,1410824,43,1,2,,,9.0,4,1,2024
314690801.0,14,1410824,42,1,2,,,11.0,4,0,2024
314690801.0,14,1410824,16,1,1,,,9.0,3,0,2024
314690801.0,14,1410824,15,1,1,,,9.0,1,0,2024
315000101.0,14,1410511,64,4,2,,,6.0,3,1,2024
315000101.0,14,1410511,25,1,2,6,4,7.0,6,0,2024
315000101.0,14,1410511,24,1,2,6,4,7.0,6,0,2024
315000201.0,14,1410511,34,1,2,,,9.0,2,1,2024
315000201.0,14,1410511,19,1,1,,,11.0,4,0,2024
315000201.0,14,1410511,15,1,1,,,9.0,1,0,2024
315000201.0,14,1410511,10,,1,,,7.0,4,,2024
315000201.0,14,1410511,8,,1,,,7.0,2,,2024
315000301.0,14,1410511,54,1,2,,,9.0,2,1,2024
315000301.0,14,1410511,18,1,1,,,9.0,3,0,2024
315000301.0,14,1410511,13,,1,,,7.0,8,,2024
315000301.0,14,1410511,32,1,2,,,9.0,4,0,2024
315000301.0,14,1410511,14,,1,,,9.0,1,0,2024
315000301.0,14,1410511,4,,1,,,4.0,,,2024
315000401.0,14,1410511,61,1,2,,,9.0,4,1,2024
315000501.0,14,1410511,67,1,2,,,7.0,6,1,2024
315000601.0,14,1410511,42,4,2,,,7.0,1,1,2024
315000601.0,14,1410511,16,1,1,,,9.0,1,0,2024
315000701.0,14,1410511,24,1,2,8,3,13.0,4,1,2024
315000801.0,14,1410511,33,1,2,,,12.0,2,1,2024
315000801.0,14,1410511,35,1,2,,,11.0,4,0,2024
315000801.0,14,1410511,1,,2,,,1.0,,,2024
315000801.0,14,1410511,14,,1,,,7.0,8,0,2024
315000801.0,14,1410511,4,,1,,,3.0,,,2024
315430101.0,14,1410113,41,1,2,,,9.0,2,1,2024
315430101.0,14,1410113,19,1,2,8,2,9.0,4,0,2024
315430101.0,14,1410113,15,1,1,,,9.0,2,0,2024
315430101.0,14,1410113,3,,1,,,3.0,,,2024
315430301.0,14,1410113,52,1,2,,,13.0,5,1,2024
315430301.0,14,1410113,20,1,1,,,13.0,2,0,2024
315430401.0,14,1410113,36,1,2,,,14.0,2,1,2024
315430501.0,14,1410113,83,1,2,,,9.0,4,1,2024
315430601.0,14,1410113,80,1,2,,,6.0,4,1,2024
315430601.0,14,1410113,71,1,2,,,6.0,4,0,2024
315430601.0,14,1410113,22,1,1,,,13.0,1,0,2024
315430701.0,14,1410113,34,1,2,,,12.0,3,1,2024
315430801.0,14,1410113,62,1,2,,,9.0,4,1,2024
315430801.0,14,1410113,59,1,2,,,13.0,5,0,2024
315430801.0,14,1410113,32,1,2,,,13.0,5,0,2024
315860101.0,14,1420111,58,1,2,,,9.0,4,1,2024
315860101.0,14,1420111,57,1,2,,,9.0,4,0,2024
315860101.0,14,1420111,34,1,2,,,11.0,4,0,2024
315860101.0,14,1420111,27,1,2,,,11.0,4,0,2024
315860101.0,14,1420111,15,1,1,,,7.0,8,0,2024
315860201.0,14,1420111,68,1,2,,,9.0,4,1,2024
315860301.0,14,1420111,38,1,2,,,12.0,3,1,2024
315860401.0,14,1420111,84,1,2,,,6.0,3,1,2024
315860401.0,14,1420111,73,1,2,,,7.0,8,0,2024
315860501.0,14,1420111,28,1,2,,,12.0,2,1,2024
315860501.0,14,1420111,30,1,2,,,12.0,3,0,2024
315860501.0,14,1420111,9,,1,,,7.0,4,,2024
315860701.0,14,1420111,45,1,2,,,11.0,4,1,2024
315860701.0,14,1420111,17,1,1,,,9.0,3,0,2024
315860701.0,14,1420111,7,,1,,,7.0,1,,2024
315860801.0,14,1420111,76,1,2,,,6.0,6,1,2024
315860801.0,14,1420111,69,1,2,,,6.0,6,0,2024
316020101.0,14,1410424,59,1,2,,,9.0,4,1,2024
316020101.0,14,1410424,59,1,2,,,9.0,4,0,2024
316020101.0,14,1410424,78,4,2,,,1.0,,0,2024
316020201.0,14,1410424,49,1,2,,,9.0,4,1,2024
316020201.0,14,1410424,23,1,2,12,3,12.0,3,0,2024
316020201.0,14,1410424,20,1,1,,,13.0,2,0,2024
316020201.0,14,1410424,13,,1,,,7.0,8,,2024
316020301.0,14,1410424,68,1,2,,,6.0,6,1,2024
316020301.0,14,1410424,69,1,2,,,10.0,2,0,2024
316020401.0,14,1410424,20,1,1,,,9.0,4,0,2024
316020401.0,14,1410424,51,1,2,,,7.0,8,1,2024
316020401.0,14,1410424,48,1,2,,,7.0,3,0,2024
316020501.0,14,1410424,68,1,2,,,9.0,4,1,2024
316020501.0,14,1410424,37,1,2,,,9.0,4,0,2024
317700101.0,14,1410112,76,4,2,,,1.0,,1,2024
317700201.0,14,1410112,44,1,2,,,9.0,4,1,2024
317700201.0,14,1410112,28,1,1,,,13.0,5,0,2024
317700201.0,14,1410112,27,1,2,,,9.0,4,0,2024
317700201.0,14,1410112,8,,1,,,7.0,2,,2024
317700401.0,14,1410112,33,1,2,,,11.0,4,1,2024
317700401.0,14,1410112,33,1,2,,,13.0,4,0,2024
317700401.0,14,1410112,11,,1,,,7.0,6,,2024
317700401.0,14,1410112,11,,1,,,7.0,6,,2024
317700501.0,14,1410112,49,1,2,,,13.0,4,1,2024
317700501.0,14,1410112,44,1,2,,,13.0,4,0,2024
317700501.0,14,1410112,19,1,1,,,13.0,2,0,2024
317700701.0,14,1410112,60,1,2,,,12.0,3,1,2024
317700701.0,14,1410112,26,1,1,,,13.0,2,0,2024
317700801.0,14,1410112,32,1,2,,,13.0,1,1,2024
317700801.0,14,1410112,10,,1,,,7.0,5,,2024
317750101.0,14,1410814,31,1,2,,,13.0,5,1,2024
317750301.0,14,1410814,49,1,2,,,9.0,4,1,2024
317750301.0,14,1410814,15,1,1,,,9.0,2,0,2024
317750301.0,14,1410814,26,1,2,,,11.0,4,0,2024
317750301.0,14,1410814,9,,1,,,7.0,3,,2024
317750401.0,14,1410814,30,1,2,,,12.0,3,0,2024
317750401.0,14,1410814,32,1,2,,,12.0,3,1,2024
317750401.0,14,1410814,6,,1,,,7.0,1,,2024
317750501.0,14,1410814,54,1,2,,,9.0,1,1,2024
317750501.0,14,1410814,56,1,2,,,9.0,4,0,2024
317750801.0,14,1410814,29,1,1,,,12.0,1,1,2024
317750801.0,14,1410814,11,,1,,,7.0,5,,2024
317750801.0,14,1410814,9,,1,,,7.0,3,,2024
317750801.0,14,1410814,1,,2,,,1.0,,,2024
318470201.0,14,1410111,42,1,2,,,11.0,1,1,2024
318470201.0,14,1410111,22,1,1,,,13.0,2,0,2024
318470301.0,14,1410111,37,1,2,,,11.0,4,1,2024
318470301.0,14,1410111,69,1,2,,,7.0,8,0,2024
318470401.0,14,1410111,38,1,2,,,9.0,4,1,2024
318470401.0,14,1410111,18,1,2,8,1,9.0,4,0,2024
318470401.0,14,1410111,16,1,1,,,9.0,2,0,2024
318470401.0,14,1410111,12,,1,,,7.0,6,,2024
318470501.0,14,1410111,78,1,2,,,8.0,4,1,2024
318470501.0,14,1410111,73,2,2,,,7.0,1,0,2024
318470501.0,14,1410111,29,1,2,,,13.0,1,0,2024
318470701.0,14,1410111,67,1,2,,,11.0,4,1,2024
318470701.0,14,1410111,67,1,2,,,7.0,8,0,2024
318470701.0,14,1410111,28,1,2,,,13.0,5,0,2024
318470801.0,14,1410111,24,1,2,-88,3,9.0,4,0,2024
318470801.0,14,1410111,37,1,2,,,7.0,5,0,2024
318470801.0,14,1410111,68,1,2,,,9.0,1,1,2024
318870101.0,14,1410111,38,1,2,,,13.0,6,0,2024
318870101.0,14,1410111,75,1,2,,,7.0,8,1,2024
318870101.0,14,1410111,49,1,2,,,9.0,4,0,2024
318870101.0,14,1410111,11,,1,,,7.0,5,,2024
318870101.0,14,1410111,12,,1,,,7.0,7,,2024
318870201.0,14,1410111,25,1,2,8,4,13.0,2,1,2024
318870201.0,14,1410111,8,,1,,,7.0,2,,2024
318870201.0,14,1410111,29,1,2,,,9.0,4,0,2024
318870401.0,14,1410111,52,1,2,,,11.0,4,0,2024
318870401.0,14,1410111,48,1,2,,,11.0,4,1,2024
318870501.0,14,1410111,23,1,1,,,13.0,4,0,2024
318870501.0,14,1410111,16,1,1,,,9.0,3,0,2024
318870501.0,14,1410111,59,1,2,,,9.0,4,1,2024
318870701.0,14,1410111,37,1,2,,,7.0,6,1,2024
318870801.0,14,1410111,55,1,2,,,5.0,,1,2024
319100101.0,14,1410113,35,1,1,,,12.0,1,1,2024
319100301.0,14,1410113,42,1,2,,,13.0,5,1,2024
319100301.0,14,1410113,9,,1,,,7.0,3,,2024
319100401.0,14,1410113,27,1,2,,,13.0,3,1,2024
319100401.0,14,1410113,24,1,2,12,2,13.0,5,0,2024
319100601.0,14,1410113,30,1,2,,,11.0,4,0,2024
319100601.0,14,1410113,55,1,2,,,11.0,5,1,2024
319100601.0,14,1410113,34,1,2,,,13.0,5,0,2024
319100601.0,14,1410113,28,1,2,,,11.0,4,0,2024
319100601.0,14,1410113,7,,1,,,7.0,1,,2024
319100601.0,14,1410113,4,,1,,,3.0,,,2024
319100801.0,14,1410113,20,1,2,6,2,13.0,2,0,2024
319100801.0,14,1410113,60,1,2,,,9.0,4,1,2024
320530101.0,14,1410113,55,1,2,,,13.0,5,1,2024
320530101.0,14,1410113,22,1,1,,,12.0,1,0,2024
320530201.0,14,1410113,62,1,2,,,12.0,3,1,2024
320530201.0,14,1410113,57,1,2,,,9.0,4,0,2024
320530201.0,14,1410113,36,1,2,,,12.0,3,0,2024
320530201.0,14,1410113,34,1,2,,,12.0,2,0,2024
320530301.0,14,1410113,58,1,2,,,13.0,5,1,2024
320530301.0,14,1410113,55,1,2,,,12.0,3,0,2024
320530401.0,14,1410113,70,1,2,,,13.0,5,0,2024
320530401.0,14,1410113,71,1,2,,,11.0,5,1,2024
320530601.0,14,1410113,73,1,2,,,13.0,5,1,2024
320530601.0,14,1410113,71,1,2,,,13.0,5,0,2024
320530601.0,14,1410113,21,1,1,,,13.0,2,0,2024
320530701.0,14,1410113,71,1,2,,,13.0,5,1,2024
320530801.0,14,1410113,33,1,2,,,13.0,5,1,2024
320530801.0,14,1410113,33,1,2,,,13.0,5,0,2024
320550101.0,14,1420126,83,1,2,,,7.0,3,1,2024
320550101.0,14,1420126,71,1,2,,,7.0,3,0,2024
320550201.0,14,1420126,47,1,2,,,13.0,5,1,2024
320550201.0,14,1420126,50,1,2,,,13.0,4,0,2024
320550201.0,14,1420126,9,,1,,,7.0,3,,2024
320550301.0,14,1420126,41,1,2,,,11.0,4,1,2024
320550301.0,14,1420126,42,1,2,,,11.0,1,0,2024
320550301.0,14,1420126,21,1,1,,,11.0,4,0,2024
320550301.0,14,1420126,17,1,1,,,11.0,4,0,2024
320550301.0,14,1420126,24,1,1,,,11.0,4,0,2024
320550301.0,14,1420126,1,,2,,,1.0,,,2024
320550401.0,14,1420126,43,1,2,,,13.0,5,1,2024
320550501.0,14,1420126,55,1,2,,,7.0,8,1,2024
320550601.0,14,1420126,82,1,2,,,6.0,3,1,2024
320550701.0,14,1420126,35,1,2,,,9.0,2,1,2024
320550701.0,14,1420126,39,1,2,,,7.0,6,0,2024
320550901.0,14,1420126,36,1,2,,,9.0,4,1,2024
320550901.0,14,1420126,37,1,2,,,9.0,2,0,2024
320550901.0,14,1420126,10,,1,,,7.0,4,,2024
320550901.0,14,1420126,2,,1,,,2.0,,,2024
320550901.0,14,1420126,19,1,2,9,2,9.0,4,0,2024
320551001.0,14,1420126,88,1,2,,,6.0,3,1,2024
321700201.0,14,1420214,66,4,2,,,1.0,,1,2024
321700201.0,14,1420214,73,1,2,,,7.0,5,0,2024
321700201.0,14,1420214,38,1,2,,,11.0,4,0,2024
321700201.0,14,1420214,40,1,2,,,9.0,3,0,2024
321700201.0,14,1420214,36,1,2,,,11.0,4,0,2024
321700301.0,14,1420214,45,1,2,,,12.0,3,1,2024
321700301.0,14,1420214,4,,1,,,4.0,,,2024
321700501.0,14,1420214,62,1,2,,,7.0,8,1,2024
321700501.0,14,1420214,60,1,2,,,7.0,5,0,2024
321700501.0,14,1420214,35,1,2,,,11.0,4,0,2024
321700501.0,14,1420214,8,,1,,,7.0,2,,2024
321700601.0,14,1420214,66,4,2,,,7.0,1,1,2024
321700601.0,14,1420214,62,1,2,,,7.0,8,0,2024
321700601.0,14,1420214,56,1,2,,,9.0,4,0,2024
321700601.0,14,1420214,32,1,2,,,13.0,4,0,2024
321700701.0,14,1420214,66,2,2,,,7.0,2,1,2024
321700801.0,14,1420214,62,1,2,,,12.0,3,1,2024
322220101.0,14,1410112,50,1,2,,,9.0,4,1,2024
322220101.0,14,1410112,20,1,1,,,12.0,2,0,2024
322220401.0,14,1410112,60,1,2,,,13.0,5,1,2024
322220401.0,14,1410112,37,1,2,,,11.0,5,0,2024
322220401.0,14,1410112,35,1,2,,,13.0,5,0,2024
322220401.0,14,1410112,33,1,2,,,13.0,5,0,2024
322220601.0,14,1410112,68,1,2,,,9.0,4,1,2024
322220601.0,14,1410112,67,1,2,,,9.0,4,0,2024
322220601.0,14,1410112,36,1,2,,,13.0,5,0,2024
322220601.0,14,1410112,6,,1,,,7.0,1,,2024
322220701.0,14,1410112,91,4,2,,,1.0,,1,2024
322220701.0,14,1410112,54,1,2,,,7.0,8,0,2024
322220801.0,14,1410112,59,1,1,,,9.0,2,1,2024
322220801.0,14,1410112,22,1,1,,,13.0,3,0,2024
322430101.0,14,1420424,29,1,2,,,11.0,4,1,2024
322430101.0,14,1420424,28,1,2,,,9.0,4,0,2024
322430101.0,14,1420424,4,,2,,,1.0,,,2024
322430201.0,14,1420424,60,1,2,,,13.0,4,1,2024
322430201.0,14,1420424,64,1,2,,,12.0,3,0,2024
322430301.0,14,1420424,37,1,2,,,9.0,4,0,2024
322430301.0,14,1420424,39,1,2,,,9.0,2,1,2024
322430301.0,14,1420424,15,1,1,,,11.0,2,0,2024
322430301.0,14,1420424,4,,1,,,4.0,,,2024
322430601.0,14,1420424,54,1,2,,,12.0,3,1,2024
322430601.0,14,1420424,53,1,2,,,11.0,4,0,2024
322430701.0,14,1420424,96,4,2,,,1.0,,1,2024
322430701.0,14,1420424,63,1,2,,,7.0,8,0,2024
322430901.0,14,1420424,49,1,2,,,9.0,4,1,2024
322430901.0,14,1420424,22,1,2,8,4,9.0,4,0,2024
322430901.0,14,1420424,13,,1,,,7.0,7,,2024
323610101.0,14,1410414,74,1,2,,,8.0,5,1,2024
323610201.0,14,1410414,45,1,2,,,12.0,3,1,2024
323610201.0,14,1410414,18,1,1,,,9.0,4,0,2024
323610201.0,14,1410414,15,1,1,,,9.0,1,0,2024
323610301.0,14,1410414,84,1,2,,,8.0,1,1,2024
323610301.0,14,1410414,92,1,2,,,8.0,1,0,2024
323610301.0,14,1410414,62,1,2,,,9.0,4,0,2024
323610501.0,14,1410414,72,1,2,,,13.0,5,1,2024
323610601.0,14,1410414,79,1,2,,,10.0,5,1,2024
323610801.0,14,1410414,68,1,2,,,9.0,4,1,2024
324500101.0,14,1410112,68,1,2,,,7.0,7,0,2024
324500101.0,14,1410112,77,1,2,,,7.0,6,1,2024
324500101.0,14,1410112,28,1,2,,,7.0,8,0,2024
324500101.0,14,1410112,33,1,2,,,7.0,8,0,2024
324500101.0,14,1410112,23,1,2,-88,-88,7.0,-88,0,2024
324500101.0,14,1410112,17,1,1,,,11.0,1,0,2024
324500101.0,14,1410112,7,,1,,,7.0,1,,2024
324500101.0,14,1410112,1,,1,,,2.0,,,2024
324500101.0,14,1410112,0,,2,,,1.0,,,2024
324500201.0,14,1410112,61,1,2,,,9.0,4,0,2024
324500201.0,14,1410112,72,1,2,,,9.0,4,1,2024
324500301.0,14,1410112,29,1,2,,,9.0,4,0,2024
324500301.0,14,1410112,25,1,2,8,4,11.0,4,0,2024
324500301.0,14,1410112,15,1,1,,,11.0,2,0,2024
324500301.0,14,1410112,11,,1,,,7.0,5,,2024
324500301.0,14,1410112,6,,1,,,4.0,,,2024
324500301.0,14,1410112,49,1,2,,,7.0,8,1,2024
324500501.0,14,1410112,56,1,2,,,12.0,1,1,2024
324500501.0,14,1410112,27,1,1,,,13.0,1,0,2024
324500601.0,14,1410112,42,1,2,,,11.0,4,1,2024
324500601.0,14,1410112,16,1,1,,,9.0,2,0,2024
324500601.0,14,1410112,12,,1,,,7.0,6,,2024
324700101.0,14,1420416,53,1,2,,,9.0,4,1,2024
324700101.0,14,1420416,13,,1,,,7.0,8,,2024
324700201.0,14,1420416,28,1,2,,,11.0,4,1,2024
324700201.0,14,1420416,25,1,2,8,1,13.0,5,0,2024
324700201.0,14,1420416,9,,1,,,7.0,3,,2024
324700301.0,14,1420416,46,1,2,,,9.0,4,1,2024
324700301.0,14,1420416,20,1,2,5,3,11.0,4,0,2024
324700301.0,14,1420416,19,1,1,,,12.0,1,0,2024
324700401.0,14,1420416,75,1,2,,,7.0,5,1,2024
324700401.0,14,1420416,60,1,2,,,7.0,6,0,2024
324700401.0,14,1420416,29,1,2,,,11.0,4,0,2024
324700501.0,14,1420416,41,1,2,,,11.0,4,1,2024
324700501.0,14,1420416,38,1,1,,,9.0,4,0,2024
324700501.0,14,1420416,19,1,1,,,13.0,1,0,2024
324700501.0,14,1420416,14,,1,,,9.0,1,0,2024
324700501.0,14,1420416,5,,1,,,4.0,,,2024
324700601.0,14,1420416,41,1,2,,,9.0,2,1,2024
324700601.0,14,1420416,44,1,2,,,9.0,2,0,2024
324700601.0,14,1420416,13,,1,,,7.0,8,,2024
324700601.0,14,1420416,8,,1,,,7.0,3,,2024
324700601.0,14,1420416,73,1,2,,,7.0,5,0,2024
324700601.0,14,1420416,67,1,2,,,7.0,7,0,2024
324700701.0,14,1420416,69,1,2,,,7.0,8,1,2024
324700801.0,14,1420416,68,1,2,,,7.0,7,1,2024
324920101.0,14,1420416,41,1,2,,,9.0,4,1,2024
324920101.0,14,1420416,21,1,2,16,2,13.0,2,0,2024
324920101.0,14,1420416,14,,1,,,9.0,1,0,2024
324920101.0,14,1420416,7,,1,,,7.0,2,,2024
324920201.0,14,1420416,34,1,2,,,12.0,1,1,2024
324920201.0,14,1420416,56,1,2,,,7.0,8,0,2024
324920201.0,14,1420416,11,,1,,,7.0,5,,2024
324920201.0,14,1420416,4,,1,,,3.0,,,2024
324920301.0,14,1420416,42,1,2,,,9.0,4,1,2024
324920401.0,14,1420416,53,1,2,,,9.0,4,1,2024
324920401.0,14,1420416,23,1,2,8,4,11.0,4,0,2024
324920501.0,14,1420416,54,1,2,,,9.0,1,1,2024
324920601.0,14,1420416,42,1,2,,,13.0,4,1,2024
324920601.0,14,1420416,16,1,1,,,9.0,2,0,2024
324920701.0,14,1420416,54,1,2,,,9.0,4,1,2024
324920701.0,14,1420416,15,1,1,,,11.0,1,0,2024
324920801.0,14,1420416,80,1,2,,,6.0,6,1,2024
325670101.0,14,1410624,76,4,2,,,1.0,,1,2024
325670101.0,14,1410624,51,1,2,,,7.0,8,0,2024
325670301.0,14,1410624,73,1,2,,,9.0,2,1,2024
325670301.0,14,1410624,62,1,2,,,7.0,8,0,2024
325670401.0,14,1410624,58,1,2,,,7.0,8,1,2024
325670401.0,14,1410624,10,,1,,,7.0,5,,2024
325670501.0,14,1410624,49,1,2,,,7.0,6,1,2024
325670501.0,14,1410624,57,1,2,,,7.0,6,0,2024
325670501.0,14,1410624,17,1,1,,,9.0,1,0,2024
325670501.0,14,1410624,12,,1,,,7.0,6,,2024
325670501.0,14,1410624,10,,1,,,7.0,4,,2024
325670801.0,14,1410624,68,1,2,,,9.0,4,1,2024
325670801.0,14,1410624,70,1,2,,,13.0,5,0,2024
325670801.0,14,1410624,74,1,2,,,13.0,5,0,2024
325670901.0,14,1410624,63,1,2,,,7.0,6,1,2024
325671001.0,14,1410624,66,1,2,,,7.0,8,1,2024
326180301.0,14,1410111,38,1,2,,,9.0,4,1,2024
326180301.0,14,1410111,39,1,2,,,9.0,4,0,2024
326180301.0,14,1410111,19,1,2,1,2,9.0,4,0,2024
326180301.0,14,1410111,7,,1,,,7.0,1,,2024
326180601.0,14,1410111,30,1,2,,,11.0,4,1,2024
326180601.0,14,1410111,35,1,2,,,11.0,4,0,2024
326180601.0,14,1410111,4,,1,,,4.0,,,2024
326180701.0,14,1410111,55,1,2,,,7.0,8,0,2024
326180701.0,14,1410111,17,1,1,,,9.0,3,0,2024
326180701.0,14,1410111,23,1,1,,,13.0,4,0,2024
326180701.0,14,1410111,57,1,2,,,7.0,8,1,2024
326180801.0,14,1410111,81,1,2,,,6.0,6,1,2024
326180802.0,14,1410111,69,1,2,,,7.0,3,1,2024
326790101.0,14,1420416,56,1,2,,,9.0,4,1,2024
326790101.0,14,1420416,19,1,1,,,13.0,1,0,2024
326790101.0,14,1420416,17,1,1,,,11.0,3,0,2024
326790201.0,14,1420416,36,1,1,,,14.0,2,1,2024
326790401.0,14,1420416,59,1,2,,,7.0,8,1,2024
326790501.0,14,1420416,33,1,2,,,9.0,2,1,2024
326790501.0,14,1420416,30,1,2,,,9.0,2,0,2024
326790501.0,14,1420416,17,1,1,,,11.0,4,0,2024
326790501.0,14,1420416,15,1,1,,,7.0,8,0,2024
326790501.0,14,1420416,2,,2,,,3.0,,,2024
326790601.0,14,1420416,59,1,1,,,9.0,2,1,2024
326790601.0,14,1420416,34,4,2,,,5.0,,0,2024
326790601.0,14,1420416,12,,1,,,7.0,6,,2024
326790701.0,14,1420416,24,1,2,8,1,13.0,5,1,2024
326790701.0,14,1420416,29,1,2,,,11.0,4,0,2024
326790701.0,14,1420416,25,1,1,,,13.0,5,0,2024
326790801.0,14,1420416,51,4,2,,,7.0,2,1,2024
326790801.0,14,1420416,54,1,2,,,7.0,8,0,2024
327020101.0,14,1410112,49,1,2,,,11.0,4,0,2024
327020101.0,14,1410112,41,1,2,,,11.0,4,1,2024
327020201.0,14,1410112,59,1,2,,,12.0,3,1,2024
327020201.0,14,1410112,36,1,2,,,13.0,3,0,2024
327020201.0,14,1410112,14,,1,,,7.0,8,0,2024
327020301.0,14,1410112,74,1,2,,,8.0,6,1,2024
327020501.0,14,1410112,46,1,2,,,13.0,5,1,2024
327020501.0,14,1410112,13,,1,,,7.0,7,,2024
327650101.0,14,1410113,50,1,2,,,13.0,5,1,2024
327650101.0,14,1410113,25,1,1,,,12.0,1,0,2024
327650201.0,14,1410113,48,1,2,,,12.0,3,1,2024
327650401.0,14,1410113,70,1,2,,,13.0,5,1,2024
327650401.0,14,1410113,61,4,2,,,9.0,3,0,2024
327650501.0,14,1410113,61,1,2,,,13.0,4,1,2024
327650501.0,14,1410113,58,1,2,,,13.0,4,0,2024
327650501.0,14,1410113,21,1,1,,,13.0,2,0,2024
327650601.0,14,1410113,46,1,2,,,13.0,5,1,2024
327650801.0,14,1410113,53,1,2,,,13.0,4,1,2024
327650801.0,14,1410113,46,1,2,,,13.0,3,0,2024
327650801.0,14,1410113,21,1,2,12,2,12.0,2,0,2024
327650801.0,14,1410113,15,1,1,,,7.0,8,0,2024
328710201.0,14,1410112,24,1,2,8,2,13.0,5,0,2024
328710201.0,14,1410112,56,1,2,,,13.0,5,1,2024
328710301.0,14,1410112,75,1,2,,,8.0,6,1,2024
328710401.0,14,1410112,29,1,2,,,13.0,4,1,2024
328710401.0,14,1410112,30,1,1,,,12.0,3,0,2024
328710401.0,14,1410112,5,,1,,,4.0,,,2024
328710601.0,14,1410112,32,1,2,,,13.0,2,1,2024
328710601.0,14,1410112,72,1,2,,,6.0,6,0,2024
328710601.0,14,1410112,64,1,2,,,9.0,4,0,2024
328710801.0,14,1410112,89,1,2,,,10.0,4,1,2024
328710801.0,14,1410112,22,1,1,,,13.0,5,0,2024
329050101.0,14,1420214,83,1,2,,,6.0,6,1,2024
329050101.0,14,1420214,82,1,2,,,6.0,6,0,2024
329050201.0,14,1420214,58,1,2,,,7.0,4,1,2024
329050201.0,14,1420214,21,1,2,3,4,9.0,4,0,2024
329050201.0,14,1420214,0,,2,,,1.0,,,2024
329050301.0,14,1420214,88,2,2,,,1.0,,1,2024
329050301.0,14,1420214,58,1,2,,,9.0,4,0,2024
329050301.0,14,1420214,55,1,2,,,9.0,4,0,2024
329050701.0,14,1420214,72,1,2,,,7.0,8,1,2024
329050701.0,14,1420214,74,1,2,,,13.0,4,0,2024
329050801.0,14,1420214,45,1,2,,,13.0,4,1,2024
329050801.0,14,1420214,15,1,1,,,9.0,1,0,2024
330670101.0,14,1410624,71,1,2,,,7.0,3,1,2024
330670101.0,14,1410624,74,1,2,,,9.0,2,0,2024
330670101.0,14,1410624,42,1,2,,,9.0,4,0,2024
330670201.0,14,1410624,75,3,2,,,1.0,,1,2024
330670201.0,14,1410624,63,1,2,,,9.0,4,0,2024
330670301.0,14,1410624,63,1,2,,,7.0,7,1,2024
330670401.0,14,1410624,32,1,2,,,11.0,1,1,2024
330670401.0,14,1410624,21,1,2,12,3,9.0,4,0,2024
330670501.0,14,1410624,74,1,2,,,7.0,7,1,2024
330670501.0,14,1410624,66,1,2,,,7.0,3,0,2024
330670601.0,14,1410624,29,1,2,,,13.0,2,1,2024
330670601.0,14,1410624,28,1,2,,,9.0,2,0,2024
330670601.0,14,1410624,5,,1,,,4.0,,,2024
330670601.0,14,1410624,0,,1,,,2.0,,,2024
330670701.0,14,1410624,69,1,2,,,9.0,2,1,2024
330670801.0,14,1410624,73,1,2,,,8.0,3,1,2024
330670901.0,14,1410624,23,1,1,,,13.0,2,0,2024
330670901.0,14,1410624,12,,1,,,7.0,6,,2024
330670901.0,14,1410624,45,1,2,,,9.0,4,1,2024
330670901.0,14,1410624,60,1,2,,,9.0,4,0,2024
330671001.0,14,1410624,42,1,2,,,11.0,3,1,2024
330671001.0,14,1410624,45,1,2,,,9.0,1,0,2024
330671001.0,14,1410624,19,1,1,,,11.0,4,0,2024
330671001.0,14,1410624,13,,1,,,7.0,8,,2024
330671001.0,14,1410624,57,1,2,,,7.0,6,0,2024
330990101.0,14,1410121,61,1,2,,,7.0,6,0,2024
330990101.0,14,1410121,61,1,2,,,9.0,1,1,2024
330990201.0,14,1410121,30,1,1,,,12.0,1,1,2024
330990201.0,14,1410121,28,1,2,,,9.0,4,0,2024
330990201.0,14,1410121,4,,1,,,3.0,,,2024
330990301.0,14,1410121,63,4,2,,,7.0,1,1,2024
330990401.0,14,1410121,41,1,2,,,11.0,4,1,2024
330990401.0,14,1410121,28,1,2,,,13.0,4,0,2024
330990401.0,14,1410121,9,,1,,,7.0,3,,2024
330990501.0,14,1410121,56,1,2,,,7.0,2,1,2024
330990801.0,14,1410121,50,1,2,,,12.0,2,1,2024
330990801.0,14,1410121,56,1,2,,,13.0,4,0,2024
330991001.0,14,1410121,84,1,2,,,10.0,4,1,2024
330991001.0,14,1410121,80,1,2,,,6.0,6,0,2024
331380201.0,14,1410112,26,1,1,,,13.0,4,1,2024
331380301.0,14,1410112,34,1,2,,,13.0,5,1,2024
331380301.0,14,1410112,35,1,2,,,13.0,5,0,2024
331380301.0,14,1410112,62,1,2,,,12.0,3,0,2024
331380401.0,14,1410112,49,1,2,,,12.0,3,1,2024
331380501.0,14,1410112,54,1,2,,,9.0,2,1,2024
331380601.0,14,1410112,59,1,2,,,9.0,4,1,2024
331380601.0,14,1410112,75,1,2,,,8.0,1,0,2024
331380701.0,14,1410112,67,1,2,,,7.0,8,0,2024
331380701.0,14,1410112,67,1,2,,,9.0,2,1,2024
331380701.0,14,1410112,23,1,1,,,12.0,2,0,2024
331380701.0,14,1410112,38,1,2,,,9.0,2,0,2024
332330301.0,14,1410112,24,1,2,8,4,13.0,4,1,2024
332330401.0,14,1410112,64,1,2,,,10.0,4,1,2024
332330701.0,14,1410112,63,1,2,,,13.0,5,1,2024
332330701.0,14,1410112,58,1,2,,,11.0,4,0,2024
332330701.0,14,1410112,29,1,2,,,13.0,5,0,2024
332330801.0,14,1410112,59,1,2,,,9.0,4,1,2024
332330801.0,14,1410112,60,1,2,,,13.0,5,0,2024
334030101.0,14,1410111,47,1,2,,,7.0,8,1,2024
334030101.0,14,1410111,41,1,2,,,9.0,4,0,2024
334030101.0,14,1410111,21,1,1,,,13.0,3,0,2024
334030101.0,14,1410111,6,,1,,,4.0,,,2024
334030201.0,14,1410111,79,1,2,,,9.0,1,1,2024
334030201.0,14,1410111,76,2,2,,,1.0,,0,2024
334030301.0,14,1410111,37,1,2,,,11.0,4,0,2024
334030301.0,14,1410111,34,1,2,,,9.0,1,1,2024
334030301.0,14,1410111,14,,1,,,11.0,1,0,2024
334030301.0,14,1410111,9,,1,,,7.0,3,,2024
334030401.0,14,1410111,39,1,2,,,9.0,4,1,2024
334030401.0,14,1410111,35,1,2,,,9.0,4,0,2024
334030401.0,14,1410111,9,,1,,,7.0,3,,2024
334030501.0,14,1410111,55,1,2,,,7.0,4,1,2024
334030501.0,14,1410111,56,1,2,,,7.0,2,0,2024
334030501.0,14,1410111,14,,1,,,7.0,7,0,2024
334030601.0,14,1410111,48,1,2,,,9.0,4,1,2024
334030701.0,14,1410111,82,4,2,,,1.0,,1,2024
334680101.0,14,1420416,43,1,2,,,7.0,8,1,2024
334680101.0,14,1420416,52,1,2,,,9.0,4,0,2024
334680101.0,14,1420416,23,1,2,3,4,11.0,4,0,2024
334680101.0,14,1420416,24,1,2,3,4,9.0,4,0,2024
334680101.0,14,1420416,4,,1,,,3.0,,,2024
334680201.0,14,1420416,76,1,2,,,7.0,8,1,2024
334680201.0,14,1420416,62,1,2,,,7.0,8,0,2024
334680201.0,14,1420416,66,1,2,,,7.0,8,0,2024
334680201.0,14,1420416,38,1,2,,,9.0,4,0,2024
334680401.0,14,1420416,67,1,2,,,14.0,2,1,2024
334680401.0,14,1420416,67,1,2,,,14.0,3,0,2024
334680401.0,14,1420416,34,1,2,,,13.0,4,0,2024
334680501.0,14,1420416,45,1,2,,,13.0,5,0,2024
334680501.0,14,1420416,43,1,2,,,12.0,3,1,2024
334680501.0,14,1420416,84,1,2,,,7.0,8,0,2024
334680501.0,14,1420416,15,1,1,,,9.0,1,0,2024
334680501.0,14,1420416,14,,1,,,7.0,8,0,2024
334680501.0,14,1420416,22,1,1,,,13.0,5,0,2024
334680701.0,14,1420416,60,1,2,,,9.0,4,0,2024
334680701.0,14,1420416,86,1,2,,,7.0,6,1,2024
334680801.0,14,1420416,53,1,2,,,12.0,3,0,2024
334680801.0,14,1420416,53,1,2,,,12.0,3,1,2024
334680801.0,14,1420416,22,1,1,,,13.0,2,0,2024
334680801.0,14,1420416,20,1,2,9,3,9.0,4,0,2024
334680801.0,14,1420416,1,,2,,,1.0,,,2024
335230101.0,14,1410112,34,1,2,,,12.0,3,1,2024
335230201.0,14,1410112,77,1,2,,,13.0,4,1,2024
335230201.0,14,1410112,75,1,2,,,13.0,4,0,2024
335230301.0,14,1410112,36,1,2,,,13.0,5,0,2024
335230301.0,14,1410112,69,1,2,,,13.0,5,1,2024
335230301.0,14,1410112,38,1,2,,,12.0,3,0,2024
335230501.0,14,1410112,28,1,2,,,13.0,1,1,2024
335230501.0,14,1410112,24,1,1,,,13.0,4,0,2024
335230601.0,14,1410112,77,1,2,,,8.0,4,1,2024
335230701.0,14,1410112,66,1,2,,,13.0,5,1,2024
335230701.0,14,1410112,67,1,2,,,13.0,5,0,2024
335230801.0,14,1410112,84,1,2,,,6.0,4,1,2024
335230801.0,14,1410112,72,1,2,,,6.0,1,0,2024
335790101.0,14,1410112,54,1,2,,,11.0,5,1,2024
335790101.0,14,1410112,51,1,2,,,11.0,5,0,2024
335790101.0,14,1410112,14,,1,,,7.0,8,0,2024
335790101.0,14,1410112,10,,1,,,7.0,4,,2024
335790301.0,14,1410112,52,1,2,,,12.0,3,1,2024
335790301.0,14,1410112,94,1,2,,,6.0,4,0,2024
335790301.0,14,1410112,19,1,1,,,13.0,1,0,2024
335790401.0,14,1410112,30,1,2,,,13.0,5,1,2024
335790401.0,14,1410112,4,,1,,,5.0,,,2024
335790601.0,14,1410112,70,1,2,,,6.0,6,1,2024
335790601.0,14,1410112,69,1,2,,,10.0,4,0,2024
335790601.0,14,1410112,36,1,2,,,11.0,4,0,2024
335790601.0,14,1410112,39,1,2,,,11.0,4,0,2024
335790601.0,14,1410112,14,,1,,,9.0,1,0,2024
335790601.0,14,1410112,8,,1,,,7.0,3,,2024
335790601.0,14,1410112,2,,1,,,3.0,,,2024
335790701.0,14,1410112,69,1,2,,,13.0,3,1,2024
335790801.0,14,1410112,50,1,2,,,9.0,4,1,2024
335790801.0,14,1410112,52,1,2,,,7.0,8,0,2024
335790801.0,14,1410112,29,1,1,,,12.0,1,0,2024
335790801.0,14,1410112,21,1,1,,,12.0,2,0,2024
336220201.0,14,1410314,80,1,2,,,10.0,1,0,2024
336220201.0,14,1410314,76,1,2,,,10.0,1,1,2024
336220301.0,14,1410314,46,1,2,,,9.0,4,1,2024
336220301.0,14,1410314,15,1,1,,,11.0,1,0,2024
336220401.0,14,1410314,50,1,2,,,7.0,7,0,2024
336220401.0,14,1410314,91,1,2,,,1.0,,1,2024
336220401.0,14,1410314,89,1,2,,,6.0,4,0,2024
336220401.0,14,1410314,47,1,2,,,9.0,2,0,2024
336220501.0,14,1410314,61,1,2,,,7.0,6,0,2024
336220501.0,14,1410314,65,1,2,,,7.0,6,1,2024
336220601.0,14,1410314,68,1,2,,,9.0,4,1,2024
336220601.0,14,1410314,66,1,2,,,9.0,4,0,2024
336220701.0,14,1410314,40,1,1,,,13.0,4,0,2024
336220701.0,14,1410314,53,1,1,,,13.0,4,1,2024
336220701.0,14,1410314,14,,1,,,9.0,1,0,2024
336220701.0,14,1410314,9,,1,,,7.0,3,,2024
336400101.0,14,1410714,65,1,2,,,7.0,8,1,2024
336400101.0,14,1410714,56,1,2,,,9.0,4,0,2024
336400101.0,14,1410714,22,1,1,,,13.0,3,0,2024
336400201.0,14,1410714,57,1,2,,,7.0,8,1,2024
336400201.0,14,1410714,59,1,2,,,7.0,5,0,2024
336400201.0,14,1410714,31,1,2,,,13.0,4,0,2024
336400301.0,14,1410714,64,1,2,,,7.0,4,1,2024
336400401.0,14,1410714,40,1,2,,,12.0,3,1,2024
336400401.0,14,1410714,12,,1,,,7.0,7,,2024
336400401.0,14,1410714,9,,1,,,7.0,3,,2024
336400401.0,14,1410714,8,,1,,,7.0,2,,2024
336400501.0,14,1410714,62,1,2,,,11.0,3,1,2024
336400601.0,14,1410714,69,1,2,,,7.0,3,1,2024
336400701.0,14,1410714,53,1,2,,,9.0,4,1,2024
336400701.0,14,1410714,43,1,2,,,11.0,4,0,2024
336400701.0,14,1410714,8,,1,,,7.0,2,,2024
336400701.0,14,1410714,7,,1,,,7.0,1,,2024
336550101.0,14,1410113,73,1,2,,,15.0,3,1,2024
336550101.0,14,1410113,63,1,2,,,12.0,3,0,2024
336550201.0,14,1410113,54,1,2,,,15.0,2,1,2024
336550201.0,14,1410113,22,1,1,,,13.0,3,0,2024
336550201.0,14,1410113,20,1,1,,,13.0,2,0,2024
336550501.0,14,1410113,71,1,2,,,15.0,2,1,2024
336550501.0,14,1410113,82,1,2,,,10.0,3,0,2024
336550801.0,14,1410113,26,1,2,,,13.0,5,1,2024
337600101.0,14,1410324,52,1,2,,,7.0,4,1,2024
337600101.0,14,1410324,41,1,2,,,11.0,4,0,2024
337600101.0,14,1410324,17,1,1,,,11.0,3,0,2024
337600101.0,14,1410324,8,,1,,,7.0,2,,2024
337600201.0,14,1410324,36,1,2,,,9.0,4,0,2024
337600201.0,14,1410324,53,1,2,,,9.0,4,1,2024
337600201.0,14,1410324,19,1,2,8,2,11.0,4,0,2024
337600201.0,14,1410324,12,,1,,,7.0,7,,2024
337600401.0,14,1410324,59,1,2,,,9.0,3,1,2024
337600401.0,14,1410324,59,1,2,,,9.0,4,0,2024
337600501.0,14,1410324,55,1,2,,,9.0,4,1,2024
337600501.0,14,1410324,19,1,1,,,13.0,1,0,2024
337600501.0,14,1410324,15,1,1,,,9.0,2,0,2024
337600601.0,14,1410324,31,1,2,,,13.0,5,1,2024
337600801.0,14,1410324,78,1,2,,,6.0,3,1,2024
337600801.0,14,1410324,70,1,2,,,6.0,3,0,2024
338790101.0,14,1410112,75,1,2,,,13.0,5,1,2024
338790101.0,14,1410112,77,1,2,,,13.0,5,0,2024
338790301.0,14,1410112,64,1,2,,,9.0,4,1,2024
338790301.0,14,1410112,58,1,2,,,11.0,4,0,2024
338790301.0,14,1410112,27,1,1,,,13.0,4,0,2024
338790301.0,14,1410112,15,1,1,,,11.0,1,0,2024
338790301.0,14,1410112,27,1,2,,,13.0,5,0,2024
338790501.0,14,1410112,33,1,2,,,13.0,5,1,2024
338790501.0,14,1410112,33,1,2,,,13.0,5,0,2024
338790501.0,14,1410112,9,,1,,,7.0,2,,2024
338790501.0,14,1410112,7,,1,,,7.0,1,,2024
338790601.0,14,1410112,21,1,2,8,2,9.0,4,1,2024
338790801.0,14,1410112,75,1,2,,,6.0,6,0,2024
338790801.0,14,1410112,74,1,2,,,10.0,4,1,2024
339390101.0,14,1410624,67,1,2,,,9.0,3,0,2024
339390101.0,14,1410624,65,1,2,,,9.0,4,1,2024
339390101.0,14,1410624,32,1,1,,,12.0,3,0,2024
339390101.0,14,1410624,8,,1,,,7.0,3,,2024
339390201.0,14,1410624,46,1,2,,,13.0,3,1,2024
339390201.0,14,1410624,64,1,2,,,12.0,3,0,2024
339390201.0,14,1410624,17,1,1,,,9.0,3,0,2024
339390201.0,14,1410624,19,1,1,,,9.0,4,0,2024
339390301.0,14,1410624,36,1,2,,,11.0,4,1,2024
339390301.0,14,1410624,43,1,2,,,11.0,4,0,2024
339390301.0,14,1410624,6,,1,,,4.0,,,2024
339390401.0,14,1410624,54,1,2,,,13.0,5,1,2024
339390401.0,14,1410624,32,1,2,,,9.0,4,0,2024
339390401.0,14,1410624,31,1,2,,,9.0,4,0,2024
339390401.0,14,1410624,54,1,2,,,13.0,5,0,2024
339390501.0,14,1410624,55,1,2,,,12.0,2,1,2024
339390601.0,14,1410624,53,2,2,,,7.0,5,1,2024
339390601.0,14,1410624,58,1,2,,,9.0,1,0,2024
339390701.0,14,1410624,50,1,2,,,13.0,3,0,2024
339390701.0,14,1410624,11,,1,,,7.0,6,,2024
339390701.0,14,1410624,47,1,2,,,9.0,3,1,2024
339390801.0,14,1410624,71,1,2,,,7.0,5,1,2024
339390801.0,14,1410624,66,1,2,,,7.0,5,0,2024
339390801.0,14,1410624,23,1,1,,,13.0,5,0,2024
339390901.0,14,1410624,84,1,2,,,6.0,3,1,2024
339390901.0,14,1410624,55,1,2,,,7.0,6,0,2024
339391001.0,14,1410624,76,1,2,,,8.0,4,0,2024
339391001.0,14,1410624,70,1,2,,,10.0,6,1,2024
341700301.0,14,1410112,63,1,2,,,13.0,5,1,2024
341700301.0,14,1410112,71,1,2,,,13.0,4,0,2024
341700401.0,14,1410112,33,1,2,,,12.0,3,0,2024
341700401.0,14,1410112,43,1,2,,,11.0,4,1,2024
341700401.0,14,1410112,16,1,1,,,9.0,3,0,2024
341700401.0,14,1410112,25,1,1,,,12.0,2,0,2024
341700501.0,14,1410112,44,1,2,,,9.0,4,0,2024
341700501.0,14,1410112,37,1,2,,,13.0,5,1,2024
341700601.0,14,1410112,51,1,2,,,9.0,4,1,2024
341700601.0,14,1410112,0,,2,,,1.0,,,2024
341700701.0,14,1410112,26,1,2,,,13.0,4,1,2024
341700801.0,14,1410112,55,1,2,,,12.0,2,1,2024
341700801.0,14,1410112,43,1,2,,,13.0,5,0,2024
341720401.0,14,1410112,71,1,2,,,8.0,4,0,2024
341720401.0,14,1410112,44,1,2,,,13.0,5,1,2024
341720501.0,14,1410112,65,1,2,,,13.0,4,1,2024
341720501.0,14,1410112,61,1,2,,,9.0,4,0,2024
341720601.0,14,1410112,54,1,2,,,11.0,5,1,2024
341720601.0,14,1410112,57,1,2,,,9.0,4,0,2024
341720601.0,14,1410112,20,1,2,8,2,11.0,4,0,2024
341720601.0,14,1410112,8,,1,,,7.0,2,,2024
341720801.0,14,1410112,41,1,2,,,9.0,4,1,2024
341720801.0,14,1410112,24,1,1,,,13.0,3,0,2024
341720801.0,14,1410112,17,1,1,,,9.0,2,0,2024
342660101.0,14,1410814,63,1,2,,,13.0,4,1,2024
342660101.0,14,1410814,29,1,2,,,13.0,4,0,2024
342660101.0,14,1410814,31,1,2,,,12.0,3,0,2024
342660101.0,14,1410814,4,,1,,,4.0,,,2024
342660201.0,14,1410814,92,1,2,,,6.0,6,1,2024
342660201.0,14,1410814,89,1,2,,,13.0,4,0,2024
342660401.0,14,1410814,67,1,2,,,7.0,6,1,2024
342660501.0,14,1410814,70,1,2,,,6.0,5,1,2024
342660501.0,14,1410814,43,1,2,,,11.0,4,0,2024
342660501.0,14,1410814,20,1,2,11,2,11.0,4,0,2024
342660501.0,14,1410814,11,,1,,,7.0,5,,2024
342660501.0,14,1410814,4,,1,,,4.0,,,2024
342660601.0,14,1410814,42,1,2,,,9.0,4,1,2024
342660601.0,14,1410814,43,1,2,,,11.0,4,0,2024
342660601.0,14,1410814,15,1,1,,,9.0,2,0,2024
342660701.0,14,1410814,70,1,2,,,13.0,6,1,2024
342660801.0,14,1410814,49,1,2,,,11.0,4,0,2024
342660801.0,14,1410814,45,1,2,,,9.0,4,1,2024
342660801.0,14,1410814,25,1,1,,,13.0,4,0,2024
342660801.0,14,1410814,15,1,1,,,9.0,1,0,2024
343070201.0,14,1420416,72,1,2,,,11.0,3,1,2024
343070201.0,14,1420416,69,1,2,,,9.0,4,0,2024
343070301.0,14,1420416,74,1,2,,,6.0,5,1,2024
343070301.0,14,1420416,68,1,2,,,9.0,4,0,2024
343070301.0,14,1420416,29,1,2,,,12.0,2,0,2024
343070301.0,14,1420416,8,,1,,,7.0,3,,2024
343070501.0,14,1420416,23,1,2,10,4,9.0,4,1,2024
343070501.0,14,1420416,34,1,2,,,9.0,4,0,2024
343070601.0,14,1420416,50,1,2,,,12.0,3,1,2024
343070601.0,14,1420416,20,1,1,,,12.0,1,0,2024
343070601.0,14,1420416,15,1,1,,,9.0,1,0,2024
343070701.0,14,1420416,76,2,2,,,7.0,2,1,2024
343380101.0,14,1410624,50,1,2,,,13.0,5,1,2024
343380201.0,14,1410624,64,1,2,,,9.0,2,0,2024
343380201.0,14,1410624,61,1,2,,,7.0,8,1,2024
343380301.0,14,1410624,74,1,2,,,9.0,2,1,2024
343380301.0,14,1410624,54,1,2,,,9.0,3,0,2024
343380401.0,14,1410624,69,1,2,,,7.0,5,1,2024
343380501.0,14,1410624,42,1,2,,,7.0,8,1,2024
343380501.0,14,1410624,16,1,1,,,9.0,2,0,2024
343380501.0,14,1410624,16,4,1,,,9.0,1,0,2024
343380601.0,14,1410624,58,1,2,,,9.0,4,1,2024
343380601.0,14,1410624,63,1,2,,,9.0,3,0,2024
343380701.0,14,1410624,52,1,2,,,9.0,3,1,2024
343380701.0,14,1410624,67,1,2,,,7.0,4,0,2024
343380901.0,14,1410624,71,1,2,,,9.0,4,0,2024
343380901.0,14,1410624,68,1,2,,,7.0,8,1,2024
343380901.0,14,1410624,26,1,2,,,9.0,4,0,2024
343380901.0,14,1410624,9,,1,,,7.0,3,,2024
343381001.0,14,1410624,64,1,2,,,7.0,8,0,2024
343381001.0,14,1410624,78,1,2,,,6.0,6,1,2024
343470101.0,14,1410111,42,1,2,,,11.0,4,1,2024
343470101.0,14,1410111,65,1,2,,,7.0,6,0,2024
343470101.0,14,1410111,17,1,1,,,11.0,3,0,2024
343470101.0,14,1410111,14,,1,,,7.0,8,0,2024
343470201.0,14,1410111,71,1,2,,,9.0,1,1,2024
343470201.0,14,1410111,67,1,2,,,7.0,3,0,2024
343470301.0,14,1410111,55,1,2,,,9.0,4,1,2024
343470401.0,14,1410111,76,1,2,,,7.0,3,1,2024
343470501.0,14,1410111,46,1,2,,,13.0,4,1,2024
343470701.0,14,1410111,65,1,2,,,9.0,2,1,2024
343470701.0,14,1410111,54,1,2,,,7.0,8,0,2024
343470701.0,14,1410111,22,1,1,,,13.0,2,0,2024
343470701.0,14,1410111,9,,1,,,7.0,4,,2024
343470801.0,14,1410111,66,1,2,,,7.0,5,0,2024
343470801.0,14,1410111,75,1,2,,,7.0,3,1,2024
343470801.0,14,1410111,44,1,2,,,9.0,4,0,2024
343470801.0,14,1410111,25,1,2,8,4,11.0,4,0,2024
343470801.0,14,1410111,19,1,1,,,13.0,2,0,2024
344850101.0,14,1410314,68,1,2,,,7.0,8,0,2024
344850101.0,14,1410314,70,1,2,,,7.0,6,1,2024
344850401.0,14,1410314,72,1,2,,,7.0,8,1,2024
344850401.0,14,1410314,33,1,2,,,7.0,8,0,2024
344850501.0,14,1410314,93,1,2,,,6.0,3,1,2024
344850701.0,14,1410314,77,1,2,,,6.0,4,1,2024
344850801.0,14,1410314,80,1,2,,,9.0,1,1,2024
344850801.0,14,1410314,52,1,2,,,9.0,2,0,2024
345550101.0,14,1410112,40,1,2,,,13.0,4,1,2024
345550101.0,14,1410112,41,1,2,,,13.0,4,0,2024
345550101.0,14,1410112,77,1,2,,,13.0,5,0,2024
345550101.0,14,1410112,18,1,1,,,9.0,4,0,2024
345550101.0,14,1410112,11,,1,,,7.0,6,,2024
345550201.0,14,1410112,36,1,2,,,13.0,4,1,2024
345550201.0,14,1410112,34,1,2,,,13.0,2,0,2024
345550201.0,14,1410112,23,1,1,,,13.0,3,0,2024
345550201.0,14,1410112,5,,1,,,4.0,,,2024
345550301.0,14,1410112,22,1,1,,,13.0,4,0,2024
345550301.0,14,1410112,19,1,1,,,13.0,1,0,2024
345550301.0,14,1410112,7,,1,,,7.0,1,,2024
345550301.0,14,1410112,50,1,2,,,13.0,5,0,2024
345550301.0,14,1410112,49,1,2,,,13.0,5,1,2024
345550601.0,14,1410112,72,1,2,,,12.0,2,1,2024
345550601.0,14,1410112,67,1,2,,,13.0,1,0,2024
345550601.0,14,1410112,31,1,2,,,13.0,6,0,2024
345550701.0,14,1410112,53,1,2,,,7.0,4,1,2024
345550701.0,14,1410112,88,1,2,,,8.0,4,0,2024
345550801.0,14,1410112,35,1,2,,,12.0,3,0,2024
345550801.0,14,1410112,36,1,1,,,13.0,3,1,2024
345550801.0,14,1410112,16,1,1,,,9.0,2,0,2024
345550801.0,14,1410112,6,,1,,,4.0,,,2024
345710101.0,14,1410112,84,1,2,,,1.0,,1,2024
345710101.0,14,1410112,37,1,2,,,11.0,4,0,2024
345710101.0,14,1410112,28,1,2,,,12.0,3,0,2024
345710101.0,14,1410112,62,1,2,,,9.0,4,0,2024
345710201.0,14,1410112,31,1,2,,,13.0,5,1,2024
345710301.0,14,1410112,62,1,2,,,9.0,4,0,2024
345710301.0,14,1410112,59,1,2,,,9.0,4,1,2024
345710301.0,14,1410112,27,1,2,,,9.0,2,0,2024
345710401.0,14,1410112,28,1,2,,,13.0,5,1,2024
345710401.0,14,1410112,30,1,2,,,11.0,4,0,2024
345710401.0,14,1410112,10,,1,,,7.0,4,,2024
345710401.0,14,1410112,4,,1,,,3.0,,,2024
345710601.0,14,1410112,56,1,2,,,9.0,4,1,2024
345710601.0,14,1410112,74,1,2,,,13.0,4,0,2024
345710601.0,14,1410112,27,1,1,,,13.0,3,0,2024
345710701.0,14,1410112,36,1,2,,,13.0,5,1,2024
345710701.0,14,1410112,32,1,2,,,13.0,5,0,2024
345710701.0,14,1410112,8,,1,,,7.0,2,,2024
346050101.0,14,1410111,79,4,2,,,1.0,,1,2024
346050201.0,14,1410111,49,1,2,,,11.0,2,1,2024
346050201.0,14,1410111,28,1,2,,,9.0,1,0,2024
346050601.0,14,1410111,28,1,2,,,9.0,4,1,2024
346050601.0,14,1410111,31,1,2,,,9.0,4,0,2024
346050601.0,14,1410111,6,,1,,,4.0,,,2024
346050701.0,14,1410111,41,1,2,,,11.0,4,1,2024
346050701.0,14,1410111,20,1,1,,,12.0,1,0,2024
346050701.0,14,1410111,17,1,1,,,11.0,3,0,2024
346050801.0,14,1410111,32,1,2,,,12.0,3,1,2024
346050801.0,14,1410111,31,1,2,,,12.0,3,0,2024
347200301.0,14,1410824,39,1,2,,,9.0,4,1,2024
347200301.0,14,1410824,10,,1,,,7.0,4,,2024
347200501.0,14,1410824,85,3,2,,,1.0,,1,2024
347200801.0,14,1410824,42,1,2,,,7.0,5,0,2024
347200801.0,14,1410824,47,1,2,,,7.0,8,1,2024
347200801.0,14,1410824,20,1,2,8,3,11.0,4,0,2024
347200801.0,14,1410824,18,1,1,,,11.0,4,0,2024
348490201.0,14,1410424,44,1,2,,,9.0,4,0,2024
348490201.0,14,1410424,23,1,2,12,4,11.0,4,0,2024
348490201.0,14,1410424,45,1,2,,,12.0,3,1,2024
348490301.0,14,1410424,44,1,2,,,12.0,2,1,2024
348490301.0,14,1410424,44,1,2,,,9.0,4,0,2024
348490301.0,14,1410424,17,1,1,,,9.0,4,0,2024
348490401.0,14,1410424,54,1,2,,,9.0,2,1,2024
348490401.0,14,1410424,74,1,2,,,6.0,2,0,2024
348490401.0,14,1410424,35,1,2,,,9.0,1,0,2024
348490401.0,14,1410424,17,1,1,,,9.0,4,0,2024
348490501.0,14,1410424,75,1,2,,,8.0,1,1,2024
348490501.0,14,1410424,66,1,2,,,9.0,4,0,2024
348490501.0,14,1410424,56,1,2,,,9.0,4,0,2024
348490601.0,14,1410424,57,1,2,,,7.0,5,1,2024
348490601.0,14,1410424,60,1,2,,,7.0,5,0,2024
348490601.0,14,1410424,34,1,2,,,9.0,4,0,2024
348490601.0,14,1410424,11,,1,,,7.0,5,,2024
348490901.0,14,1410424,62,1,2,,,7.0,8,1,2024
348490901.0,14,1410424,64,1,2,,,9.0,1,0,2024
348490901.0,14,1410424,32,1,2,,,9.0,4,0,2024
348491001.0,14,1410424,59,1,2,,,7.0,7,1,2024
348491001.0,14,1410424,54,4,2,,,7.0,2,0,2024
349090101.0,14,1410112,55,1,2,,,12.0,3,1,2024
349090101.0,14,1410112,61,1,2,,,13.0,5,0,2024
349090101.0,14,1410112,22,1,1,,,13.0,3,0,2024
349090101.0,14,1410112,26,1,2,,,13.0,6,0,2024
349090201.0,14,1410112,56,1,2,,,12.0,3,0,2024
349090201.0,14,1410112,53,1,2,,,13.0,5,1,2024
349090201.0,14,1410112,26,1,2,,,13.0,5,0,2024
349090201.0,14,1410112,25,1,1,,,15.0,1,0,2024
349090201.0,14,1410112,19,1,2,10,2,9.0,4,0,2024
349090301.0,14,1410112,44,1,2,,,9.0,4,1,2024
349090301.0,14,1410112,47,1,2,,,12.0,2,0,2024
349090301.0,14,1410112,22,1,1,,,13.0,2,0,2024
349090301.0,14,1410112,14,,1,,,7.0,8,0,2024
349090301.0,14,1410112,9,,1,,,7.0,3,,2024
349090501.0,14,1410112,44,1,2,,,11.0,4,1,2024
349090501.0,14,1410112,12,,1,,,7.0,7,,2024
349090501.0,14,1410112,5,,1,,,4.0,,,2024
349090701.0,14,1410112,42,1,2,,,13.0,5,0,2024
349090701.0,14,1410112,41,1,2,,,13.0,5,1,2024
349090701.0,14,1410112,10,,1,,,7.0,4,,2024
349090701.0,14,1410112,7,,1,,,7.0,1,,2024
349090701.0,14,1410112,1,,2,,,1.0,,,2024
349090801.0,14,1410112,21,1,1,,,12.0,3,0,2024
349090801.0,14,1410112,47,1,2,,,11.0,4,1,2024
349500101.0,14,1410111,62,1,2,,,9.0,3,1,2024
349500101.0,14,1410111,59,1,2,,,7.0,6,0,2024
349500101.0,14,1410111,20,1,1,,,13.0,2,0,2024
349500201.0,14,1410111,56,1,2,,,9.0,3,1,2024
349500201.0,14,1410111,51,1,2,,,9.0,3,0,2024
349500201.0,14,1410111,21,1,2,13,4,9.0,3,0,2024
349500301.0,14,1410111,70,1,2,,,6.0,4,1,2024
349500301.0,14,1410111,72,2,2,,,6.0,2,0,2024
349500501.0,14,1410111,38,1,1,,,13.0,3,1,2024
349500501.0,14,1410111,20,1,1,,,13.0,1,0,2024
349500501.0,14,1410111,16,1,1,,,11.0,3,0,2024
349500601.0,14,1410111,51,1,2,,,13.0,5,1,2024
349500601.0,14,1410111,22,1,1,,,12.0,3,0,2024
349500601.0,14,1410111,19,1,1,,,11.0,4,0,2024
349500701.0,14,1410111,43,1,2,,,7.0,8,1,2024
349500701.0,14,1410111,22,1,2,8,4,9.0,4,0,2024
349500701.0,14,1410111,21,1,2,6,3,9.0,2,0,2024
349500701.0,14,1410111,10,,1,,,7.0,5,,2024
349930101.0,14,1410314,44,1,2,,,11.0,4,1,2024
349930101.0,14,1410314,13,,1,,,7.0,8,,2024
349930301.0,14,1410314,40,1,2,,,9.0,4,1,2024
349930301.0,14,1410314,5,,1,,,4.0,,,2024
349930301.0,14,1410314,0,,1,,,2.0,,,2024
349930401.0,14,1410314,51,1,2,,,9.0,4,1,2024
349930401.0,14,1410314,30,1,2,,,13.0,4,0,2024
349930501.0,14,1410314,40,1,1,,,9.0,2,1,2024
349930501.0,14,1410314,21,1,2,11,2,9.0,4,0,2024
349930501.0,14,1410314,35,1,2,,,9.0,4,0,2024
349930601.0,14,1410314,55,1,2,,,7.0,3,1,2024
349930601.0,14,1410314,62,1,2,,,7.0,1,0,2024
349930601.0,14,1410314,38,1,2,,,11.0,4,0,2024
349930701.0,14,1410314,38,1,2,,,11.0,4,1,2024
349930701.0,14,1410314,15,1,1,,,9.0,1,0,2024
349930701.0,14,1410314,7,,1,,,7.0,1,,2024
349930801.0,14,1410314,57,1,2,,,7.0,8,1,2024
349930801.0,14,1410314,38,1,2,,,9.0,4,0,2024
350240101.0,14,1410424,78,1,2,,,7.0,8,1,2024
350240101.0,14,1410424,78,1,2,,,7.0,4,0,2024
350240101.0,14,1410424,28,1,2,,,13.0,5,0,2024
350240201.0,14,1410424,60,1,2,,,7.0,5,0,2024
350240201.0,14,1410424,58,1,2,,,7.0,6,1,2024
350240201.0,14,1410424,19,4,2,5,4,5.0,,0,2024
350240301.0,14,1410424,61,1,2,,,7.0,8,1,2024
350240301.0,14,1410424,19,1,1,,,11.0,4,0,2024
350240401.0,14,1410424,69,1,2,,,7.0,4,1,2024
350240401.0,14,1410424,48,1,2,,,7.0,4,0,2024
350240501.0,14,1410424,53,1,2,,,9.0,4,1,2024
350240501.0,14,1410424,20,1,1,,,13.0,2,0,2024
350240501.0,14,1410424,27,1,2,,,13.0,5,0,2024
350240501.0,14,1410424,20,1,2,8,3,9.0,4,0,2024
350240601.0,14,1410424,22,1,2,8,4,11.0,4,0,2024
350240601.0,14,1410424,24,1,2,8,4,11.0,4,1,2024
350240601.0,14,1410424,0,,2,,,1.0,,,2024
350240701.0,14,1410424,72,1,2,,,8.0,4,1,2024
350240701.0,14,1410424,77,4,2,,,1.0,,0,2024
350240801.0,14,1410424,37,1,2,,,9.0,4,1,2024
350240801.0,14,1410424,39,1,2,,,12.0,3,0,2024
350240801.0,14,1410424,11,,1,,,7.0,5,,2024
350240901.0,14,1410424,67,1,2,,,9.0,1,1,2024
350240901.0,14,1410424,28,1,1,,,13.0,5,0,2024
350241001.0,14,1410424,60,1,2,,,7.0,8,1,2024
350460201.0,14,1420214,25,1,2,12,4,12.0,3,1,2024
350460201.0,14,1420214,24,1,2,1,4,11.0,4,0,2024
350460301.0,14,1420214,34,1,2,,,9.0,4,1,2024
350460401.0,14,1420214,88,1,2,,,1.0,,1,2024
350460401.0,14,1420214,84,1,2,,,6.0,2,0,2024
350460401.0,14,1420214,55,1,2,,,9.0,4,0,2024
350460401.0,14,1420214,52,1,2,,,7.0,8,0,2024
350460501.0,14,1420214,47,1,2,,,9.0,4,1,2024
350460501.0,14,1420214,29,1,2,,,9.0,4,0,2024
350460601.0,14,1420214,56,1,2,,,7.0,8,1,2024
350460801.0,14,1420214,94,1,2,,,6.0,4,1,2024
351270101.0,14,1410424,62,1,2,,,11.0,4,1,2024
351270101.0,14,1410424,57,1,2,,,12.0,2,0,2024
351270201.0,14,1410424,62,1,2,,,7.0,8,1,2024
351270201.0,14,1410424,13,,1,,,7.0,8,,2024
351270301.0,14,1410424,45,1,2,,,7.0,6,1,2024
351270301.0,14,1410424,44,1,2,,,7.0,4,0,2024
351270301.0,14,1410424,18,1,1,,,9.0,3,0,2024
351270301.0,14,1410424,4,,2,,,1.0,,,2024
351270401.0,14,1410424,51,1,2,,,11.0,5,1,2024
351270401.0,14,1410424,49,1,2,,,11.0,4,0,2024
351270401.0,14,1410424,16,1,1,,,11.0,3,0,2024
351270501.0,14,1410424,71,1,2,,,6.0,3,0,2024
351270501.0,14,1410424,70,1,2,,,6.0,6,1,2024
351270501.0,14,1410424,48,1,2,,,9.0,4,0,2024
351270601.0,14,1410424,32,1,2,,,9.0,4,1,2024
351270601.0,14,1410424,33,1,2,,,9.0,3,0,2024
351270601.0,14,1410424,14,,1,,,7.0,8,0,2024
351270601.0,14,1410424,2,,2,,,1.0,,,2024
351270701.0,14,1410424,23,1,2,3,2,13.0,1,1,2024
351270701.0,14,1410424,33,1,2,,,13.0,2,0,2024
351270701.0,14,1410424,0,,2,,,1.0,,,2024
351270701.0,14,1410424,55,1,2,,,9.0,4,0,2024
351270701.0,14,1410424,70,1,2,,,13.0,5,0,2024
351270801.0,14,1410424,54,1,2,,,13.0,5,1,2024
351270801.0,14,1410424,52,1,2,,,9.0,4,0,2024
351270801.0,14,1410424,13,,1,,,7.0,6,,2024
351270901.0,14,1410424,79,1,2,,,13.0,3,1,2024
351270901.0,14,1410424,69,1,2,,,11.0,4,0,2024
351270901.0,14,1410424,45,1,2,,,13.0,5,0,2024
351271001.0,14,1410424,34,1,2,,,9.0,4,0,2024
351271001.0,14,1410424,34,1,2,,,9.0,3,1,2024
351271001.0,14,1410424,14,,1,,,9.0,1,0,2024
351271001.0,14,1410424,8,,1,,,7.0,2,,2024
351271001.0,14,1410424,4,,1,,,4.0,,,2024
351350101.0,14,1410314,82,1,2,,,10.0,6,1,2024
351350101.0,14,1410314,77,1,2,,,6.0,6,0,2024
351350201.0,14,1410314,71,1,2,,,7.0,4,1,2024
351350301.0,14,1410314,81,1,2,,,6.0,2,1,2024
351350301.0,14,1410314,20,1,1,,,13.0,2,0,2024
351350601.0,14,1410314,47,1,2,,,11.0,4,1,2024
351350601.0,14,1410314,54,1,2,,,9.0,2,0,2024
351350601.0,14,1410314,73,1,2,,,6.0,-88,0,2024
351350801.0,14,1410314,37,1,2,,,9.0,4,0,2024
351350801.0,14,1410314,35,1,2,,,12.0,2,1,2024
351350801.0,14,1410314,13,,1,,,7.0,8,,2024
352250101.0,14,1410111,60,1,2,,,7.0,8,1,2024
352250101.0,14,1410111,18,1,1,,,11.0,2,0,2024
352250101.0,14,1410111,18,1,2,6,4,11.0,1,0,2024
352250201.0,14,1410111,62,1,2,,,7.0,8,1,2024
352250401.0,14,1410111,52,1,2,,,7.0,4,1,2024
352250401.0,14,1410111,16,1,1,,,9.0,2,0,2024
352250501.0,14,1410111,68,1,2,,,9.0,3,1,2024
352250501.0,14,1410111,64,1,2,,,9.0,4,0,2024
352250701.0,14,1410111,59,1,2,,,9.0,4,1,2024
352250701.0,14,1410111,16,1,1,,,9.0,3,0,2024
353640101.0,14,1420424,52,1,2,,,9.0,4,1,2024
353640201.0,14,1420424,88,1,2,,,8.0,3,1,2024
353640201.0,14,1420424,93,1,2,,,8.0,4,0,2024
353640301.0,14,1420424,78,1,2,,,7.0,3,1,2024
353640301.0,14,1420424,71,1,2,,,7.0,4,0,2024
353640401.0,14,1420424,38,1,2,,,13.0,3,1,2024
353640401.0,14,1420424,35,1,2,,,13.0,5,0,2024
353640401.0,14,1420424,0,,2,,,1.0,,,2024
353640501.0,14,1420424,69,1,2,,,11.0,4,1,2024
353640501.0,14,1420424,69,1,2,,,13.0,3,0,2024
353640601.0,14,1420424,48,1,2,,,7.0,8,1,2024
353640601.0,14,1420424,60,1,2,,,7.0,8,0,2024
353640601.0,14,1420424,30,1,2,,,9.0,4,0,2024
353640601.0,14,1420424,50,1,2,,,7.0,8,0,2024
353640601.0,14,1420424,8,,1,,,7.0,3,,2024
353640701.0,14,1420424,61,4,2,,,7.0,3,1,2024
353640701.0,14,1420424,39,1,2,,,9.0,4,0,2024
353640701.0,14,1420424,46,1,2,,,11.0,4,0,2024
353640701.0,14,1420424,17,1,1,,,11.0,3,0,2024
353640701.0,14,1420424,11,,1,,,7.0,5,,2024
353640701.0,14,1420424,5,,1,,,4.0,,,2024
353640801.0,14,1420424,62,1,2,,,7.0,5,1,2024
353640801.0,14,1420424,22,1,2,8,2,9.0,4,0,2024
353640901.0,14,1420424,84,4,2,,,6.0,2,1,2024
353640901.0,14,1420424,84,1,2,,,6.0,4,0,2024
353640901.0,14,1420424,42,4,2,,,1.0,,0,2024
353641001.0,14,1420424,32,1,2,,,13.0,4,1,2024
353641001.0,14,1420424,28,1,2,,,13.0,2,0,2024
353641001.0,14,1420424,8,,1,,,7.0,2,,2024
353641001.0,14,1420424,7,,1,,,7.0,1,,2024
353680101.0,14,1410112,76,1,2,,,8.0,6,1,2024
353680101.0,14,1410112,72,1,2,,,8.0,6,0,2024
353680101.0,14,1410112,30,1,2,,,9.0,4,0,2024
353680201.0,14,1410112,69,1,2,,,11.0,4,1,2024
353680501.0,14,1410112,72,1,2,,,6.0,5,1,2024
353680501.0,14,1410112,39,1,2,,,7.0,8,0,2024
353680501.0,14,1410112,33,1,2,,,9.0,4,0,2024
353680501.0,14,1410112,6,,1,,,7.0,2,,2024
353680601.0,14,1410112,40,1,2,,,13.0,5,0,2024
353680601.0,14,1410112,37,1,2,,,14.0,2,0,2024
353680601.0,14,1410112,55,1,2,,,9.0,4,0,2024
353680601.0,14,1410112,21,1,1,,,13.0,3,0,2024
353680601.0,14,1410112,55,1,2,,,11.0,5,1,2024
353680601.0,14,1410112,7,,1,,,7.0,1,,2024
353680701.0,14,1410112,49,1,2,,,7.0,8,0,2024
353680701.0,14,1410112,72,1,2,,,13.0,5,1,2024
353720101.0,14,1410814,61,1,2,,,7.0,8,0,2024
353720101.0,14,1410814,62,1,2,,,7.0,8,1,2024
353720201.0,14,1410814,62,1,2,,,7.0,2,1,2024
353720301.0,14,1410814,50,1,2,,,7.0,8,0,2024
353720301.0,14,1410814,57,1,2,,,7.0,8,1,2024
353720301.0,14,1410814,24,1,1,,,12.0,1,0,2024
353720301.0,14,1410814,17,1,1,,,11.0,4,0,2024
353720301.0,14,1410814,6,,1,,,7.0,1,,2024
353720401.0,14,1410814,33,1,2,,,9.0,4,1,2024
353720601.0,14,1410814,56,1,2,,,7.0,8,0,2024
353720601.0,14,1410814,57,1,2,,,7.0,8,1,2024
353720701.0,14,1410814,59,1,2,,,7.0,8,1,2024
353720701.0,14,1410814,63,1,2,,,7.0,8,0,2024
353720801.0,14,1410814,79,2,2,,,1.0,,1,2024
353720801.0,14,1410814,40,1,2,,,7.0,8,0,2024
354060101.0,14,1420111,67,1,2,,,7.0,7,1,2024
354060101.0,14,1420111,59,1,2,,,7.0,6,0,2024
354060101.0,14,1420111,33,1,2,,,11.0,4,0,2024
354060201.0,14,1420111,49,1,2,,,7.0,7,1,2024
354060201.0,14,1420111,18,1,1,,,11.0,4,0,2024
354060301.0,14,1420111,67,1,2,,,9.0,4,1,2024
354060501.0,14,1420111,84,1,2,,,6.0,3,1,2024
354060701.0,14,1420111,92,1,2,,,8.0,4,1,2024
354120101.0,14,1410112,65,1,2,,,6.0,6,1,2024
354120101.0,14,1410112,32,1,2,,,12.0,3,0,2024
354120101.0,14,1410112,32,1,2,,,12.0,3,0,2024
354120101.0,14,1410112,10,,1,,,7.0,4,,2024
354120201.0,14,1410112,62,1,2,,,9.0,4,1,2024
354120301.0,14,1410112,53,1,2,,,9.0,4,1,2024
354120301.0,14,1410112,34,1,2,,,12.0,3,0,2024
354120301.0,14,1410112,29,1,2,,,13.0,2,0,2024
354120701.0,14,1410112,72,1,2,,,6.0,6,1,2024
354120701.0,14,1410112,80,4,2,,,6.0,1,0,2024
354120801.0,14,1410112,56,1,2,,,11.0,4,1,2024
354120801.0,14,1410112,63,1,2,,,7.0,3,0,2024
354120801.0,14,1410112,36,1,2,,,13.0,5,0,2024
354120801.0,14,1410112,31,1,1,,,12.0,2,0,2024
354120801.0,14,1410112,24,1,2,12,4,9.0,4,0,2024
354120801.0,14,1410112,15,1,1,,,9.0,3,0,2024
354120801.0,14,1410112,3,,1,,,3.0,,,2024
354320101.0,14,1410112,56,1,2,,,7.0,4,1,2024
354320101.0,14,1410112,3,,1,,,3.0,,,2024
354320101.0,14,1410112,67,1,2,,,7.0,8,0,2024
354320101.0,14,1410112,33,1,2,,,11.0,4,0,2024
354320101.0,14,1410112,39,1,2,,,13.0,5,0,2024
354320201.0,14,1410112,52,1,2,,,7.0,7,1,2024
354320201.0,14,1410112,59,1,2,,,9.0,3,0,2024
354320201.0,14,1410112,26,1,1,,,12.0,1,0,2024
354320201.0,14,1410112,4,,1,,,4.0,,,2024
354320201.0,14,1410112,28,1,2,,,9.0,4,0,2024
354320301.0,14,1410112,51,1,2,,,12.0,3,1,2024
354320301.0,14,1410112,58,4,2,,,1.0,,0,2024
354320301.0,14,1410112,27,1,1,,,13.0,1,0,2024
354320301.0,14,1410112,23,1,1,,,9.0,4,0,2024
354320301.0,14,1410112,8,,1,,,7.0,3,,2024
354320401.0,14,1410112,43,1,2,,,7.0,8,1,2024
354320401.0,14,1410112,41,1,2,,,9.0,2,0,2024
354320401.0,14,1410112,22,1,2,11,2,13.0,1,0,2024
354320401.0,14,1410112,12,,1,,,7.0,3,,2024
354320501.0,14,1410112,40,1,2,,,9.0,4,1,2024
354320501.0,14,1410112,38,1,2,,,9.0,1,0,2024
354320601.0,14,1410112,31,1,2,,,11.0,4,1,2024
354320601.0,14,1410112,76,4,2,,,1.0,,0,2024
354320601.0,14,1410112,5,,1,,,4.0,,,2024
354320701.0,14,1410112,61,1,2,,,9.0,4,1,2024
354320701.0,14,1410112,59,1,2,,,7.0,8,0,2024
354320801.0,14,1410112,21,1,2,12,4,9.0,4,0,2024
354320801.0,14,1410112,64,1,2,,,7.0,6,0,2024
354320801.0,14,1410112,65,1,2,,,9.0,1,1,2024
359010201.0,14,1410111,67,1,2,,,9.0,3,1,2024
359010401.0,14,1410111,56,1,2,,,12.0,3,0,2024
359010401.0,14,1410111,60,1,2,,,9.0,4,1,2024
359010401.0,14,1410111,27,1,2,,,13.0,5,0,2024
359010501.0,14,1410111,67,1,2,,,7.0,8,1,2024
359010501.0,14,1410111,58,1,2,,,11.0,4,0,2024
359010501.0,14,1410111,26,1,1,,,13.0,5,0,2024
359010601.0,14,1410111,50,1,2,,,13.0,2,0,2024
359010601.0,14,1410111,11,,1,,,7.0,6,,2024
359010601.0,14,1410111,25,1,2,8,3,12.0,2,0,2024
359010601.0,14,1410111,5,,1,,,4.0,,,2024
359010601.0,14,1410111,63,1,2,,,11.0,4,1,2024
359010601.0,14,1410111,44,1,2,,,13.0,2,0,2024
359010701.0,14,1410111,44,1,2,,,11.0,4,1,2024
359010701.0,14,1410111,8,,1,,,7.0,2,,2024
359010701.0,14,1410111,38,1,2,,,11.0,4,0,2024
359010801.0,14,1410111,64,1,2,,,9.0,4,0,2024
359010801.0,14,1410111,68,1,2,,,9.0,4,1,2024
359850201.0,14,1420111,35,1,2,,,9.0,4,1,2024
359850201.0,14,1420111,18,1,1,,,11.0,3,0,2024
359850201.0,14,1420111,15,1,1,,,11.0,1,0,2024
359850201.0,14,1420111,0,,2,,,1.0,,,2024
359850401.0,14,1420111,67,1,2,,,9.0,2,1,2024
359850501.0,14,1420111,31,1,2,,,12.0,1,1,2024
359850501.0,14,1420111,32,1,2,,,9.0,2,0,2024
359850501.0,14,1420111,8,,1,,,7.0,3,,2024
359850601.0,14,1420111,51,1,2,,,12.0,3,0,2024
359850601.0,14,1420111,45,1,2,,,12.0,3,1,2024
359850601.0,14,1420111,21,1,1,,,13.0,4,0,2024
359850601.0,14,1420111,50,1,2,,,9.0,4,0,2024
359850701.0,14,1420111,43,1,2,,,12.0,3,1,2024
359850701.0,14,1420111,20,1,1,,,13.0,2,0,2024
359850701.0,14,1420111,18,1,1,,,11.0,4,0,2024
359850701.0,14,1420111,17,1,1,,,11.0,4,0,2024
359850701.0,14,1420111,6,,1,,,4.0,,,2024
359850801.0,14,1420111,51,1,2,,,9.0,2,1,2024
359850801.0,14,1420111,25,1,2,8,4,9.0,4,0,2024
359850801.0,14,1420111,19,1,1,,,12.0,2,0,2024
359850801.0,14,1420111,57,1,2,,,7.0,8,0,2024
359860101.0,14,1410414,76,1,2,,,7.0,8,0,2024
359860101.0,14,1410414,46,1,2,,,9.0,4,1,2024
359860101.0,14,1410414,20,1,2,12,2,9.0,4,0,2024
359860301.0,14,1410414,65,1,2,,,7.0,8,1,2024
359860301.0,14,1410414,65,1,2,,,7.0,8,0,2024
359860301.0,14,1410414,104,1,2,,,6.0,3,0,2024
359860401.0,14,1410414,72,1,2,,,6.0,6,0,2024
359860401.0,14,1410414,71,1,2,,,6.0,6,1,2024
359860501.0,14,1410414,32,1,2,,,9.0,4,1,2024
359860501.0,14,1410414,36,1,2,,,9.0,4,0,2024
359860501.0,14,1410414,10,,1,,,7.0,5,,2024
359860601.0,14,1410414,88,1,2,,,6.0,4,1,2024
361170101.0,14,1410112,41,1,2,,,11.0,4,1,2024
361170101.0,14,1410112,65,1,2,,,7.0,4,0,2024
361170101.0,14,1410112,25,1,2,13,4,13.0,1,0,2024
361170101.0,14,1410112,19,1,2,16,3,11.0,4,0,2024
361170201.0,14,1410112,82,1,2,,,6.0,4,1,2024
361170201.0,14,1410112,81,1,2,,,6.0,6,0,2024
361170401.0,14,1410112,40,1,2,,,9.0,4,0,2024
361170401.0,14,1410112,46,1,2,,,9.0,4,1,2024
361170401.0,14,1410112,14,,1,,,7.0,8,0,2024
361170501.0,14,1410112,39,1,2,,,13.0,3,1,2024
361170501.0,14,1410112,1,,1,,,2.0,,,2024
361170501.0,14,1410112,41,1,2,,,13.0,5,0,2024
361170601.0,14,1410112,20,1,1,,,13.0,2,1,2024
361170801.0,14,1410112,55,1,1,,,12.0,2,1,2024
361170801.0,14,1410112,84,1,2,,,8.0,4,0,2024
362690101.0,14,1410112,55,1,2,,,9.0,4,1,2024
362690201.0,14,1410112,80,1,2,,,8.0,6,1,2024
362690201.0,14,1410112,27,1,2,,,12.0,3,0,2024
362690201.0,14,1410112,23,1,1,,,13.0,5,0,2024
362690301.0,14,1410112,20,1,1,,,13.0,3,1,2024
362690302.0,14,1410112,24,1,1,,,13.0,5,1,2024
362690303.0,14,1410112,27,1,1,,,13.0,4,1,2024
362690501.0,14,1410112,53,1,2,,,11.0,4,1,2024
362690501.0,14,1410112,45,1,2,,,12.0,2,0,2024
362690501.0,14,1410112,19,1,1,,,13.0,1,0,2024
362690601.0,14,1410112,28,1,2,,,13.0,4,1,2024
362690601.0,14,1410112,26,1,1,,,13.0,5,0,2024
362690701.0,14,1410112,21,1,1,,,13.0,3,1,2024
362690801.0,14,1410112,34,1,2,,,11.0,4,0,2024
362690801.0,14,1410112,43,1,2,,,13.0,1,1,2024
363500501.0,14,1410814,44,1,2,,,11.0,4,1,2024
363500501.0,14,1410814,51,1,2,,,12.0,3,0,2024
363500501.0,14,1410814,7,,1,,,7.0,2,,2024
363500601.0,14,1410814,74,1,2,,,8.0,3,1,2024
363500601.0,14,1410814,58,1,2,,,7.0,8,0,2024
363500601.0,14,1410814,48,1,1,,,13.0,2,0,2024
363500601.0,14,1410814,15,1,1,,,9.0,2,0,2024
363500601.0,14,1410814,12,,1,,,7.0,6,,2024
363580101.0,14,1410112,58,1,2,,,7.0,2,1,2024
363580101.0,14,1410112,18,1,1,,,9.0,2,0,2024
363580101.0,14,1410112,16,1,1,,,11.0,2,0,2024
363580101.0,14,1410112,16,1,2,3,2,9.0,1,0,2024
363580101.0,14,1410112,0,,2,,,1.0,,,2024
363580201.0,14,1410112,65,1,2,,,7.0,8,0,2024
363580201.0,14,1410112,83,1,2,,,7.0,2,1,2024
363580301.0,14,1410112,56,1,2,,,9.0,4,1,2024
363580401.0,14,1410112,36,1,2,,,9.0,4,0,2024
363580401.0,14,1410112,58,1,2,,,9.0,4,1,2024
363580401.0,14,1410112,14,,1,,,7.0,8,0,2024
363580501.0,14,1410112,46,1,2,,,12.0,2,0,2024
363580501.0,14,1410112,41,1,2,,,11.0,4,0,2024
363580501.0,14,1410112,63,1,2,,,11.0,2,0,2024
363580501.0,14,1410112,69,1,2,,,9.0,4,1,2024
363580501.0,14,1410112,24,1,2,8,3,12.0,2,0,2024
363580601.0,14,1410112,86,1,2,,,8.0,3,1,2024
363580601.0,14,1410112,79,1,2,,,8.0,4,0,2024
363580701.0,14,1410112,36,1,2,,,9.0,4,1,2024
363580701.0,14,1410112,35,1,2,,,9.0,4,0,2024
363580801.0,14,1410112,60,1,2,,,7.0,8,1,2024
363580801.0,14,1410112,50,1,2,,,9.0,4,0,2024
363580801.0,14,1410112,13,,1,,,7.0,7,,2024
363580801.0,14,1410112,7,,1,,,7.0,1,,2024
363580801.0,14,1410112,35,1,2,,,11.0,4,0,2024
363580801.0,14,1410112,30,1,2,,,13.0,4,0,2024
363760101.0,14,1410624,48,1,2,,,13.0,4,1,2024
363760101.0,14,1410624,60,1,2,,,9.0,4,0,2024
363760101.0,14,1410624,20,1,1,,,13.0,2,0,2024
363760101.0,14,1410624,73,1,2,,,11.0,4,0,2024
363760101.0,14,1410624,72,1,2,,,10.0,4,0,2024
363760101.0,14,1410624,33,1,2,,,13.0,2,0,2024
363760401.0,14,1410624,34,1,2,,,11.0,4,0,2024
363760401.0,14,1410624,52,1,2,,,7.0,7,0,2024
363760401.0,14,1410624,65,1,2,,,7.0,6,1,2024
363760501.0,14,1410624,72,1,2,,,6.0,6,1,2024
363760501.0,14,1410624,27,1,2,,,11.0,4,0,2024
363760601.0,14,1410624,59,1,2,,,9.0,4,0,2024
363760601.0,14,1410624,62,1,2,,,9.0,4,1,2024
363760701.0,14,1410624,66,1,2,,,9.0,4,1,2024
363760701.0,14,1410624,56,1,2,,,9.0,4,0,2024
363760701.0,14,1410624,21,1,1,,,13.0,2,0,2024
363760701.0,14,1410624,84,1,2,,,6.0,2,0,2024
363760801.0,14,1410624,79,1,2,,,6.0,6,1,2024
363760801.0,14,1410624,79,2,2,,,6.0,2,0,2024
363760801.0,14,1410624,21,1,2,12,4,9.0,4,0,2024
363760801.0,14,1410624,17,1,1,,,9.0,3,0,2024
363761001.0,14,1410624,66,1,2,,,7.0,4,1,2024
363761001.0,14,1410624,72,1,2,,,7.0,5,0,2024
363761001.0,14,1410624,9,,1,,,7.0,4,,2024
363820201.0,14,1420117,57,1,2,,,9.0,4,1,2024
363820201.0,14,1420117,59,1,2,,,9.0,4,0,2024
363820301.0,14,1420117,70,1,2,,,9.0,4,1,2024
363830201.0,14,1410314,56,1,2,,,11.0,4,1,2024
363830201.0,14,1410314,25,1,2,8,4,13.0,5,0,2024
363830301.0,14,1410314,60,1,2,,,9.0,4,1,2024
363830501.0,14,1410314,75,1,2,,,6.0,2,1,2024
363830501.0,14,1410314,83,1,2,,,6.0,6,0,2024
363830701.0,14,1410314,25,1,2,1,3,11.0,4,1,2024
363830701.0,14,1410314,38,1,2,,,9.0,2,0,2024
363830801.0,14,1410314,83,1,2,,,6.0,1,1,2024
364060101.0,14,1410814,82,1,2,,,6.0,6,1,2024
364060101.0,14,1410814,56,1,2,,,12.0,3,0,2024
364060201.0,14,1410814,57,3,2,,,9.0,4,1,2024
364060201.0,14,1410814,42,1,2,,,9.0,4,0,2024
364060201.0,14,1410814,19,1,2,8,3,9.0,4,0,2024
364060201.0,14,1410814,20,1,2,8,4,9.0,4,0,2024
364060301.0,14,1410814,59,1,2,,,7.0,8,0,2024
364060301.0,14,1410814,72,1,2,,,7.0,7,1,2024
364060301.0,14,1410814,34,1,2,,,11.0,4,0,2024
364060401.0,14,1410814,40,1,2,,,13.0,5,1,2024
364060401.0,14,1410814,38,1,2,,,9.0,4,0,2024
364060401.0,14,1410814,17,1,1,,,9.0,3,0,2024
364060401.0,14,1410814,16,1,1,,,9.0,2,0,2024
364060401.0,14,1410814,11,,1,,,7.0,6,,2024
364060401.0,14,1410814,2,,2,,,1.0,,,2024
364060501.0,14,1410814,86,1,2,,,6.0,4,1,2024
364060601.0,14,1410814,53,1,2,,,12.0,3,1,2024
364060601.0,14,1410814,23,1,1,,,13.0,3,0,2024
364060601.0,14,1410814,20,1,1,,,13.0,1,0,2024
364060801.0,14,1410814,51,1,2,,,7.0,8,1,2024
364060801.0,14,1410814,66,1,2,,,7.0,8,0,2024
364850101.0,14,1410614,60,1,2,,,9.0,4,1,2024
364850101.0,14,1410614,18,1,1,,,9.0,4,0,2024
364850201.0,14,1410614,62,1,2,,,7.0,8,1,2024
364850201.0,14,1410614,60,1,2,,,9.0,2,0,2024
364850201.0,14,1410614,19,1,2,8,4,9.0,4,0,2024
364850201.0,14,1410614,33,1,2,,,9.0,4,0,2024
364850201.0,14,1410614,2,,1,,,3.0,,,2024
364850301.0,14,1410614,69,1,2,,,9.0,4,1,2024
364850401.0,14,1410614,87,1,2,,,1.0,,1,2024
364850501.0,14,1410614,51,1,2,,,9.0,4,1,2024
364850501.0,14,1410614,17,1,1,,,9.0,4,0,2024
364850501.0,14,1410614,51,1,1,,,13.0,2,0,2024
364850501.0,14,1410614,29,1,1,,,13.0,3,0,2024
364850601.0,14,1410614,72,1,2,,,13.0,5,1,2024
364850601.0,14,1410614,75,1,2,,,13.0,5,0,2024
364850701.0,14,1410614,69,1,2,,,9.0,2,0,2024
364850701.0,14,1410614,77,1,2,,,6.0,5,1,2024
364850801.0,14,1410614,52,1,2,,,12.0,3,1,2024
364850801.0,14,1410614,25,1,1,,,13.0,1,0,2024
365410101.0,14,1410112,55,1,2,,,13.0,4,1,2024
365410101.0,14,1410112,38,1,1,,,12.0,1,0,2024
365410301.0,14,1410112,28,1,2,,,13.0,5,1,2024
365410301.0,14,1410112,33,1,1,,,13.0,1,0,2024
365410601.0,14,1410112,59,1,2,,,12.0,1,1,2024
365410601.0,14,1410112,92,1,2,,,8.0,6,0,2024
365410601.0,14,1410112,31,1,2,,,13.0,5,0,2024
365410601.0,14,1410112,29,1,2,,,13.0,4,0,2024
365410701.0,14,1410112,48,1,2,,,12.0,2,1,2024
365410701.0,14,1410112,49,1,2,,,9.0,4,0,2024
365410701.0,14,1410112,24,1,1,,,12.0,2,0,2024
365410701.0,14,1410112,21,1,2,7,1,9.0,4,0,2024
365410701.0,14,1410112,4,,1,,,3.0,,,2024
368670101.0,14,1410113,52,1,2,,,13.0,5,1,2024
368670401.0,14,1410113,56,1,2,,,9.0,4,1,2024
368670401.0,14,1410113,22,1,1,,,13.0,4,0,2024
368670401.0,14,1410113,66,1,2,,,13.0,6,0,2024
368670501.0,14,1410113,70,1,2,,,10.0,6,1,2024
368670601.0,14,1410113,83,1,2,,,8.0,2,1,2024
368670701.0,14,1410113,60,1,2,,,13.0,5,1,2024
368670701.0,14,1410113,56,1,2,,,13.0,5,0,2024
368670701.0,14,1410113,24,1,1,,,13.0,6,0,2024
368770101.0,14,1410121,65,1,2,,,7.0,8,1,2024
368770201.0,14,1410121,69,1,2,,,9.0,4,1,2024
368770201.0,14,1410121,61,1,2,,,9.0,4,0,2024
368770201.0,14,1410121,42,1,2,,,11.0,4,0,2024
368770201.0,14,1410121,14,,1,,,7.0,8,0,2024
368770201.0,14,1410121,41,1,1,,,13.0,4,0,2024
368770201.0,14,1410121,12,,1,,,7.0,7,,2024
368770201.0,14,1410121,2,,2,,,1.0,,,2024
368770301.0,14,1410121,23,1,1,,,13.0,3,0,2024
368770301.0,14,1410121,42,1,2,,,9.0,4,1,2024
368770301.0,14,1410121,13,,1,,,7.0,8,,2024
368770401.0,14,1410121,58,1,1,,,9.0,4,1,2024
368770401.0,14,1410121,51,1,1,,,9.0,4,0,2024
368770401.0,14,1410121,24,1,2,8,4,9.0,4,0,2024
368770401.0,14,1410121,20,1,2,8,3,9.0,4,0,2024
368770501.0,14,1410121,33,1,2,,,7.0,8,1,2024
368770601.0,14,1410121,74,1,2,,,6.0,2,1,2024
368770701.0,14,1410121,44,1,2,,,14.0,4,1,2024
368770701.0,14,1410121,46,1,2,,,14.0,4,0,2024
368770901.0,14,1410121,32,1,2,,,11.0,1,1,2024
368770901.0,14,1410121,13,,1,,,7.0,8,,2024
368771001.0,14,1410121,54,1,2,,,11.0,4,1,2024
368771001.0,14,1410121,51,1,2,,,7.0,8,0,2024
368771001.0,14,1410121,11,,1,,,7.0,5,,2024
368840101.0,14,1420416,65,1,2,,,12.0,3,1,2024
368840101.0,14,1420416,63,1,2,,,13.0,5,0,2024
368840101.0,14,1420416,61,1,2,,,13.0,5,0,2024
368840201.0,14,1420416,48,1,2,,,12.0,3,1,2024
368840201.0,14,1420416,49,1,2,,,12.0,3,0,2024
368840201.0,14,1420416,14,,1,,,7.0,8,0,2024
368840201.0,14,1420416,71,1,2,,,7.0,4,0,2024
368840401.0,14,1420416,87,1,2,,,6.0,5,1,2024
368840401.0,14,1420416,56,1,2,,,9.0,4,0,2024
368840501.0,14,1420416,64,1,2,,,9.0,4,0,2024
368840501.0,14,1420416,62,1,2,,,13.0,5,1,2024
368840601.0,14,1420416,73,1,2,,,7.0,3,1,2024
368840601.0,14,1420416,68,1,2,,,7.0,6,0,2024
368840801.0,14,1420416,33,1,2,,,9.0,4,1,2024
368840801.0,14,1420416,54,1,2,,,9.0,2,0,2024
368840801.0,14,1420416,6,,1,,,7.0,1,,2024
370150401.0,14,1410221,48,1,2,,,9.0,4,1,2024
370150401.0,14,1410221,41,1,2,,,7.0,5,0,2024
370150401.0,14,1410221,3,,2,,,1.0,,,2024
370150701.0,14,1410221,59,1,2,,,11.0,3,1,2024
370150801.0,14,1410221,76,1,2,,,6.0,3,1,2024
370150801.0,14,1410221,70,1,2,,,7.0,3,0,2024
370150901.0,14,1410221,59,1,2,,,9.0,4,1,2024
370940101.0,14,1420117,74,1,2,,,8.0,4,1,2024
370940301.0,14,1420117,56,1,2,,,7.0,8,1,2024
370940301.0,14,1420117,50,1,2,,,9.0,2,0,2024
370940401.0,14,1420117,43,1,2,,,11.0,4,1,2024
370940501.0,14,1420117,38,1,2,,,12.0,3,1,2024
370940501.0,14,1420117,16,1,1,,,11.0,2,0,2024
370940501.0,14,1420117,6,,1,,,7.0,1,,2024
370940501.0,14,1420117,25,1,2,8,4,11.0,4,0,2024
370940501.0,14,1420117,18,1,2,16,2,9.0,4,0,2024
370940701.0,14,1420117,38,1,2,,,11.0,4,1,2024
370940701.0,14,1420117,37,1,2,,,9.0,4,0,2024
370940701.0,14,1420117,16,1,1,,,9.0,3,0,2024
370940701.0,14,1420117,9,,1,,,7.0,4,,2024
370940701.0,14,1420117,2,,1,,,3.0,,,2024
370940801.0,14,1420117,45,1,2,,,9.0,4,1,2024
370940801.0,14,1420117,54,1,2,,,12.0,3,0,2024
370940801.0,14,1420117,79,4,2,,,1.0,,0,2024
370940801.0,14,1420117,25,1,2,8,4,12.0,3,0,2024
370940801.0,14,1420117,15,1,1,,,9.0,3,0,2024
371190101.0,14,1410111,69,1,2,,,7.0,2,1,2024
371190201.0,14,1410111,51,1,2,,,9.0,4,1,2024
371190301.0,14,1410111,32,1,2,,,11.0,4,1,2024
371190301.0,14,1410111,27,1,2,,,9.0,4,0,2024
371190301.0,14,1410111,0,,2,,,1.0,,,2024
371190401.0,14,1410111,41,1,2,,,7.0,7,1,2024
371190501.0,14,1410111,48,1,2,,,9.0,2,1,2024
371190501.0,14,1410111,23,1,2,7,4,9.0,2,0,2024
371190601.0,14,1410111,60,1,2,,,9.0,4,1,2024
371190601.0,14,1410111,40,1,2,,,9.0,1,0,2024
371190601.0,14,1410111,33,1,2,,,9.0,4,0,2024
371410201.0,14,1410214,31,1,2,,,7.0,8,0,2024
371410201.0,14,1410214,30,1,2,,,9.0,2,1,2024
371410401.0,14,1410214,67,1,2,,,7.0,7,0,2024
371410401.0,14,1410214,91,4,2,,,1.0,,1,2024
371410501.0,14,1410214,83,1,2,,,7.0,6,1,2024
371410501.0,14,1410214,91,1,2,,,13.0,5,0,2024
371410601.0,14,1410214,30,1,2,,,13.0,3,0,2024
371410601.0,14,1410214,54,1,2,,,7.0,6,1,2024
371410701.0,14,1410214,63,1,2,,,9.0,3,1,2024
371410701.0,14,1410214,66,1,2,,,9.0,4,0,2024
371410701.0,14,1410214,29,1,2,,,9.0,4,0,2024
371410801.0,14,1410214,48,1,2,,,7.0,5,1,2024
371410801.0,14,1410214,60,1,2,,,7.0,5,0,2024
371480101.0,14,1420424,55,1,2,,,7.0,8,1,2024
371480101.0,14,1420424,51,1,2,,,9.0,4,0,2024
371480101.0,14,1420424,28,1,2,,,9.0,4,0,2024
371480101.0,14,1420424,20,1,2,12,4,9.0,4,0,2024
371480101.0,14,1420424,36,1,2,,,9.0,4,0,2024
371480101.0,14,1420424,11,,1,,,7.0,5,,2024
371480101.0,14,1420424,9,,1,,,7.0,3,,2024
371480201.0,14,1420424,69,1,2,,,9.0,4,1,2024
371480301.0,14,1420424,78,1,2,,,9.0,4,1,2024
371480401.0,14,1420424,64,1,2,,,11.0,2,1,2024
371480501.0,14,1420424,70,1,2,,,13.0,5,1,2024
371480601.0,14,1420424,72,1,2,,,9.0,4,1,2024
371480601.0,14,1420424,56,1,2,,,7.0,8,0,2024
371480701.0,14,1420424,61,1,2,,,7.0,8,1,2024
371480701.0,14,1420424,63,2,2,,,7.0,8,0,2024
371480801.0,14,1420424,84,1,2,,,13.0,5,1,2024
371480801.0,14,1420424,79,1,2,,,13.0,2,0,2024
371480901.0,14,1420424,83,1,2,,,6.0,3,1,2024
371480901.0,14,1420424,59,1,2,,,7.0,6,0,2024
371481001.0,14,1420424,40,1,2,,,11.0,4,1,2024
371481001.0,14,1420424,56,1,2,,,9.0,1,0,2024
372040701.0,14,1410113,44,1,2,,,13.0,5,1,2024
372040701.0,14,1410113,42,1,2,,,13.0,5,0,2024
372040701.0,14,1410113,5,,1,,,4.0,,,2024
372040701.0,14,1410113,8,,1,,,7.0,3,,2024
372040801.0,14,1410113,58,1,2,,,13.0,5,1,2024
372040801.0,14,1410113,31,1,2,,,13.0,5,0,2024
372040801.0,14,1410113,28,1,2,,,12.0,2,0,2024
372040801.0,14,1410113,26,1,2,,,13.0,5,0,2024
372040801.0,14,1410113,2,,1,,,2.0,,,2024
372150101.0,14,1420111,69,1,2,,,9.0,4,0,2024
372150101.0,14,1420111,64,1,2,,,11.0,5,1,2024
372150101.0,14,1420111,29,1,2,,,13.0,6,0,2024
372150201.0,14,1420111,66,1,2,,,13.0,2,1,2024
372150201.0,14,1420111,73,1,2,,,13.0,4,0,2024
372150301.0,14,1420111,76,1,2,,,6.0,3,1,2024
372150301.0,14,1420111,46,1,2,,,7.0,8,0,2024
372150301.0,14,1420111,27,1,2,,,9.0,4,0,2024
372150401.0,14,1420111,37,1,2,,,13.0,5,0,2024
372150401.0,14,1420111,53,1,2,,,9.0,4,1,2024
372150401.0,14,1420111,15,1,1,,,9.0,1,0,2024
372150501.0,14,1420111,41,1,1,,,12.0,2,1,2024
372150501.0,14,1420111,41,1,2,,,12.0,3,0,2024
372150501.0,14,1420111,6,,1,,,7.0,1,,2024
372150601.0,14,1420111,83,1,2,,,8.0,2,1,2024
372150601.0,14,1420111,68,1,2,,,9.0,1,0,2024
372150701.0,14,1420111,65,1,2,,,7.0,7,1,2024
372150701.0,14,1420111,64,1,2,,,7.0,5,0,2024
372150701.0,14,1420111,41,1,2,,,7.0,8,0,2024
372150701.0,14,1420111,10,,1,,,7.0,4,,2024
372150701.0,14,1420111,2,,2,,,1.0,,,2024
372150801.0,14,1420111,81,1,2,,,1.0,,1,2024
372940301.0,14,1410112,57,1,2,,,11.0,4,1,2024
372940301.0,14,1410112,51,1,2,,,12.0,3,0,2024
372940301.0,14,1410112,27,1,1,,,13.0,2,0,2024
372940301.0,14,1410112,26,1,2,,,12.0,3,0,2024
372940401.0,14,1410112,30,1,2,,,13.0,5,1,2024
372940401.0,14,1410112,34,1,2,,,12.0,3,0,2024
372940401.0,14,1410112,14,,1,,,9.0,1,0,2024
372940401.0,14,1410112,12,,1,,,7.0,7,,2024
372940401.0,14,1410112,3,,1,,,3.0,,,2024
372940501.0,14,1410112,45,1,2,,,13.0,5,1,2024
372940501.0,14,1410112,46,1,2,,,13.0,5,0,2024
372940501.0,14,1410112,19,1,2,8,2,9.0,4,0,2024
372940501.0,14,1410112,8,,1,,,7.0,2,,2024
372940601.0,14,1410112,71,1,2,,,13.0,3,0,2024
372940601.0,14,1410112,65,1,2,,,11.0,4,1,2024
372940801.0,14,1410112,63,1,2,,,7.0,8,1,2024
372940801.0,14,1410112,57,1,2,,,9.0,4,0,2024
372940801.0,14,1410112,31,1,2,,,13.0,5,0,2024
373150301.0,14,1420224,79,1,2,,,13.0,5,1,2024
373150301.0,14,1420224,78,1,2,,,12.0,3,0,2024
373150601.0,14,1420224,54,1,2,,,12.0,3,1,2024
373150601.0,14,1420224,50,1,2,,,12.0,3,0,2024
373150701.0,14,1420224,42,4,2,,,7.0,2,1,2024
373150801.0,14,1420224,59,1,2,,,9.0,1,1,2024
373150801.0,14,1420224,46,1,2,,,7.0,8,0,2024
373150801.0,14,1420224,21,1,2,8,4,11.0,4,0,2024
373150801.0,14,1420224,25,1,1,,,12.0,1,0,2024
373150801.0,14,1420224,28,1,2,,,11.0,4,0,2024
373150801.0,14,1420224,6,,1,,,7.0,2,,2024
373150801.0,14,1420224,4,,1,,,4.0,,,2024
373150901.0,14,1420224,48,1,2,,,11.0,4,1,2024
373150901.0,14,1420224,51,1,2,,,11.0,4,0,2024
373150901.0,14,1420224,27,1,2,,,11.0,4,0,2024
373150901.0,14,1420224,12,,1,,,7.0,7,,2024
373250101.0,14,1410112,58,1,2,,,13.0,5,0,2024
373250101.0,14,1410112,55,1,2,,,9.0,4,1,2024
373250301.0,14,1410112,60,1,2,,,9.0,4,1,2024
373250301.0,14,1410112,58,1,2,,,11.0,4,0,2024
373250501.0,14,1410112,83,1,2,,,6.0,5,1,2024
373250601.0,14,1410112,62,1,2,,,12.0,3,1,2024
373250601.0,14,1410112,58,1,2,,,11.0,5,0,2024
373250601.0,14,1410112,25,1,1,,,13.0,3,0,2024
373250701.0,14,1410112,52,1,2,,,7.0,8,1,2024
373250701.0,14,1410112,55,1,2,,,9.0,3,0,2024
373250701.0,14,1410112,19,1,1,,,9.0,3,0,2024
373250701.0,14,1410112,15,1,1,,,9.0,1,0,2024
373250801.0,14,1410112,38,1,2,,,13.0,4,1,2024
373250801.0,14,1410112,43,1,2,,,11.0,4,0,2024
373250801.0,14,1410112,20,1,1,,,13.0,2,0,2024
373250801.0,14,1410112,15,1,1,,,9.0,1,0,2024
373250801.0,14,1410112,11,,1,,,7.0,5,,2024
373320301.0,14,1420324,66,1,2,,,7.0,1,1,2024
373320301.0,14,1420324,36,1,2,,,7.0,7,0,2024
373320301.0,14,1420324,80,4,2,,,1.0,,0,2024
373320401.0,14,1420324,80,1,2,,,8.0,3,1,2024
373320401.0,14,1420324,50,1,2,,,9.0,4,0,2024
373320401.0,14,1420324,19,1,1,,,11.0,4,0,2024
373320501.0,14,1420324,60,1,2,,,7.0,8,1,2024
373320501.0,14,1420324,62,4,2,,,7.0,3,0,2024
373320701.0,14,1420324,34,1,2,,,9.0,2,1,2024
373320701.0,14,1420324,68,1,2,,,7.0,-88,0,2024
373320701.0,14,1420324,18,1,1,,,9.0,1,0,2024
373320701.0,14,1420324,4,,2,,,1.0,,,2024
373320801.0,14,1420324,77,1,2,,,7.0,3,1,2024
373320801.0,14,1420324,67,1,2,,,7.0,3,0,2024
373320801.0,14,1420324,85,1,2,,,7.0,3,0,2024
373320901.0,14,1420324,60,1,2,,,7.0,3,1,2024
373320901.0,14,1420324,67,1,2,,,7.0,6,0,2024
373320901.0,14,1420324,39,1,2,,,7.0,4,0,2024
373321001.0,14,1420324,32,1,2,,,11.0,4,1,2024
373321001.0,14,1420324,47,1,2,,,7.0,8,0,2024
373321001.0,14,1420324,6,,1,,,4.0,,,2024
373510101.0,14,1420224,38,1,2,,,11.0,4,1,2024
373510101.0,14,1420224,35,1,1,,,12.0,2,0,2024
373510101.0,14,1420224,19,1,1,,,13.0,1,0,2024
373510101.0,14,1420224,13,,1,,,7.0,7,,2024
373510201.0,14,1420224,35,1,2,,,11.0,4,1,2024
373510201.0,14,1420224,15,1,1,,,9.0,1,0,2024
373510201.0,14,1420224,12,,1,,,7.0,7,,2024
373510201.0,14,1420224,9,,1,,,7.0,4,,2024
373510201.0,14,1420224,9,,1,,,7.0,4,,2024
373510201.0,14,1420224,9,,1,,,7.0,4,,2024
373510301.0,14,1420224,47,1,2,,,9.0,4,1,2024
373510301.0,14,1420224,18,1,1,,,13.0,1,0,2024
373510401.0,14,1420224,27,1,2,,,9.0,4,1,2024
373510401.0,14,1420224,24,1,2,8,4,11.0,4,0,2024
373510501.0,14,1420224,64,1,2,,,7.0,4,1,2024
373510501.0,14,1420224,37,1,2,,,7.0,8,0,2024
373510601.0,14,1420224,33,1,2,,,11.0,4,0,2024
373510601.0,14,1420224,37,1,2,,,11.0,4,1,2024
373510601.0,14,1420224,16,1,1,,,9.0,2,0,2024
373510601.0,14,1420224,7,,1,,,7.0,2,,2024
373510801.0,14,1420224,70,2,2,,,1.0,,1,2024
373510801.0,14,1420224,76,1,2,,,9.0,3,0,2024
374310101.0,14,1420416,29,1,2,,,9.0,4,1,2024
374310101.0,14,1420416,10,,1,,,7.0,6,,2024
374310201.0,14,1420416,70,1,2,,,7.0,6,1,2024
374310201.0,14,1420416,14,,1,,,9.0,1,0,2024
374310201.0,14,1420416,8,,1,,,7.0,2,,2024
374310201.0,14,1420416,80,4,2,,,1.0,,0,2024
374310301.0,14,1420416,51,1,2,,,7.0,8,1,2024
374310301.0,14,1420416,58,1,2,,,7.0,5,0,2024
374310401.0,14,1420416,49,1,2,,,13.0,6,1,2024
374310401.0,14,1420416,50,1,2,,,13.0,7,0,2024
374310401.0,14,1420416,17,1,1,,,11.0,4,0,2024
374310401.0,14,1420416,13,,1,,,7.0,7,,2024
374310501.0,14,1420416,28,1,2,,,11.0,4,1,2024
374310501.0,14,1420416,84,4,2,,,1.0,,0,2024
374310501.0,14,1420416,5,,1,,,4.0,,,2024
374310501.0,14,1420416,30,1,2,,,12.0,3,0,2024
374310601.0,14,1420416,48,1,2,,,7.0,8,1,2024
374310601.0,14,1420416,46,1,2,,,7.0,8,0,2024
374310601.0,14,1420416,30,1,2,,,12.0,3,0,2024
374310601.0,14,1420416,21,1,1,,,12.0,2,0,2024
374310601.0,14,1420416,25,1,2,-99,4,9.0,4,0,2024
374310701.0,14,1420416,59,1,2,,,7.0,8,1,2024
374310701.0,14,1420416,25,1,2,8,4,13.0,4,0,2024
374310801.0,14,1420416,55,1,2,,,7.0,4,1,2024
374310801.0,14,1420416,32,1,2,,,13.0,3,0,2024
374530201.0,14,1410111,64,1,2,,,10.0,5,1,2024
374530201.0,14,1410111,57,1,2,,,9.0,1,0,2024
374530201.0,14,1410111,29,1,2,,,12.0,3,0,2024
374530701.0,14,1410111,58,1,2,,,9.0,4,1,2024
374530701.0,14,1410111,54,1,2,,,9.0,1,0,2024
374530801.0,14,1410111,69,1,2,,,7.0,6,1,2024
374530801.0,14,1410111,31,1,2,,,9.0,2,0,2024
374530801.0,14,1410111,15,1,1,,,11.0,1,0,2024
375850101.0,14,1410724,66,1,2,,,7.0,8,1,2024
375850201.0,14,1410724,77,1,2,,,6.0,4,1,2024
375850201.0,14,1410724,70,4,2,,,1.0,,0,2024
375850201.0,14,1410724,47,1,2,,,9.0,2,0,2024
375850301.0,14,1410724,62,1,2,,,7.0,8,1,2024
375850301.0,14,1410724,62,1,2,,,7.0,8,0,2024
375850301.0,14,1410724,30,1,2,,,13.0,4,0,2024
375850401.0,14,1410724,34,1,2,,,13.0,3,1,2024
375850401.0,14,1410724,29,1,2,,,13.0,3,0,2024
375850501.0,14,1410724,64,1,2,,,7.0,8,1,2024
375850501.0,14,1410724,56,1,2,,,7.0,6,0,2024
375850501.0,14,1410724,36,1,2,,,9.0,2,0,2024
375850501.0,14,1410724,28,1,2,,,9.0,4,0,2024
375850501.0,14,1410724,19,1,1,,,13.0,1,0,2024
375850601.0,14,1410724,39,1,2,,,9.0,4,1,2024
375850601.0,14,1410724,39,1,2,,,9.0,4,0,2024
375850601.0,14,1410724,17,1,1,,,9.0,3,0,2024
375850601.0,14,1410724,3,,2,,,1.0,,,2024
375850701.0,14,1410724,34,1,2,,,13.0,5,1,2024
375850701.0,14,1410724,38,1,2,,,12.0,3,0,2024
375850701.0,14,1410724,12,,1,,,7.0,6,,2024
375850701.0,14,1410724,6,,1,,,4.0,,,2024
375850901.0,14,1410724,40,1,2,,,11.0,4,1,2024
375850901.0,14,1410724,37,1,2,,,9.0,2,0,2024
375850901.0,14,1410724,20,1,2,10,2,11.0,4,0,2024
375850901.0,14,1410724,14,,1,,,7.0,8,0,2024
375850901.0,14,1410724,10,,1,,,7.0,4,,2024
375850901.0,14,1410724,8,,1,,,7.0,3,,2024
375851001.0,14,1410724,75,1,2,,,7.0,3,1,2024
376260101.0,14,1410111,46,1,2,,,9.0,4,1,2024
376260101.0,14,1410111,20,1,1,,,12.0,3,0,2024
376260101.0,14,1410111,16,1,1,,,9.0,2,0,2024
376260101.0,14,1410111,10,,1,,,7.0,4,,2024
376260101.0,14,1410111,46,1,2,,,9.0,4,0,2024
376260201.0,14,1410111,59,1,2,,,9.0,4,1,2024
376260201.0,14,1410111,37,1,2,,,9.0,4,0,2024
376260201.0,14,1410111,17,1,1,,,9.0,2,0,2024
376260301.0,14,1410111,35,1,2,,,9.0,4,1,2024
376260501.0,14,1410111,61,1,2,,,9.0,2,1,2024
376260501.0,14,1410111,42,1,2,,,12.0,3,0,2024
376260501.0,14,1410111,18,1,1,,,9.0,4,0,2024
376260501.0,14,1410111,10,,1,,,7.0,4,,2024
376260601.0,14,1410111,43,1,2,,,11.0,4,1,2024
376260601.0,14,1410111,3,,1,,,3.0,,,2024
376260701.0,14,1410111,59,1,2,,,13.0,5,1,2024
376260701.0,14,1410111,41,1,1,,,13.0,1,0,2024
376260701.0,14,1410111,16,1,1,,,9.0,2,0,2024
376260701.0,14,1410111,3,,1,,,3.0,,,2024
376260801.0,14,1410111,40,1,2,,,11.0,4,0,2024
376260801.0,14,1410111,30,1,2,,,7.0,7,1,2024
376260801.0,14,1410111,17,1,1,,,11.0,3,0,2024
376260801.0,14,1410111,14,,1,,,9.0,1,0,2024
377680201.0,14,1410112,77,1,2,,,7.0,8,0,2024
377680201.0,14,1410112,9,,1,,,7.0,3,,2024
377680201.0,14,1410112,3,,1,,,3.0,,,2024
377680201.0,14,1410112,31,1,2,,,11.0,3,1,2024
377680301.0,14,1410112,57,1,2,,,9.0,3,1,2024
377680301.0,14,1410112,50,1,2,,,7.0,6,0,2024
377680301.0,14,1410112,19,1,2,8,2,11.0,4,0,2024
377680501.0,14,1410112,62,1,2,,,7.0,8,1,2024
377680501.0,14,1410112,60,2,2,,,7.0,6,0,2024
377680601.0,14,1410112,42,1,2,,,12.0,3,1,2024
377680601.0,14,1410112,71,1,2,,,8.0,2,0,2024
377680601.0,14,1410112,15,1,1,,,9.0,1,0,2024
377680701.0,14,1410112,49,1,2,,,9.0,4,1,2024
377680701.0,14,1410112,53,1,2,,,12.0,3,0,2024
377790101.0,14,1420314,71,1,2,,,7.0,2,1,2024
377790101.0,14,1420314,71,1,2,,,7.0,4,0,2024
377790401.0,14,1420314,53,1,2,,,9.0,1,1,2024
377790401.0,14,1420314,31,1,2,,,7.0,8,0,2024
377790401.0,14,1420314,14,,1,,,7.0,7,0,2024
377790501.0,14,1420314,35,1,2,,,9.0,4,1,2024
377790601.0,14,1420314,94,1,2,,,8.0,6,1,2024
377790701.0,14,1420314,55,1,2,,,9.0,4,1,2024
377790801.0,14,1420314,44,1,2,,,7.0,8,1,2024
377790801.0,14,1420314,24,1,1,,,13.0,3,0,2024
377790801.0,14,1420314,19,1,1,,,9.0,3,0,2024
377790801.0,14,1420314,12,,1,,,7.0,7,,2024
379710101.0,14,1420111,28,1,2,,,11.0,4,0,2024
379710101.0,14,1420111,28,1,2,,,13.0,5,1,2024
379710101.0,14,1420111,2,,1,,,3.0,,,2024
379710201.0,14,1420111,54,1,2,,,11.0,5,1,2024
379710201.0,14,1420111,53,1,2,,,9.0,4,0,2024
379710201.0,14,1420111,25,1,1,,,13.0,4,0,2024
379710201.0,14,1420111,22,1,2,12,3,13.0,1,0,2024
379710401.0,14,1420111,57,1,2,,,7.0,8,1,2024
379710401.0,14,1420111,26,1,2,,,13.0,5,0,2024
379710501.0,14,1420111,62,1,2,,,9.0,4,1,2024
379710501.0,14,1420111,48,1,1,,,12.0,2,0,2024
379710601.0,14,1420111,68,1,2,,,12.0,3,1,2024
379710701.0,14,1420111,93,1,2,,,8.0,3,1,2024
379710701.0,14,1420111,71,1,2,,,11.0,5,0,2024
379710801.0,14,1420111,78,1,2,,,1.0,,1,2024
379710801.0,14,1420111,43,4,2,,,7.0,1,0,2024
379710801.0,14,1420111,45,4,2,,,7.0,1,0,2024
379710801.0,14,1420111,49,4,2,,,1.0,,0,2024
379710801.0,14,1420111,67,4,2,,,1.0,,0,2024
379710801.0,14,1420111,22,1,2,8,2,9.0,4,0,2024
381370201.0,14,1410112,72,1,2,,,10.0,4,0,2024
381370201.0,14,1410112,74,1,2,,,10.0,6,1,2024
381370201.0,14,1410112,29,1,2,,,13.0,5,0,2024
381370201.0,14,1410112,13,,1,,,7.0,8,,2024
381370301.0,14,1410112,71,1,2,,,6.0,6,1,2024
381370401.0,14,1410112,38,1,1,,,12.0,2,1,2024
381370401.0,14,1410112,3,,1,,,3.0,,,2024
381370401.0,14,1410112,35,1,2,,,13.0,2,0,2024
381370401.0,14,1410112,17,1,1,,,11.0,4,0,2024
381370501.0,14,1410112,71,1,2,,,9.0,4,1,2024
381370701.0,14,1410112,60,1,2,,,9.0,1,1,2024
382620101.0,14,1410111,23,1,2,8,4,9.0,4,0,2024
382620101.0,14,1410111,21,1,2,12,4,7.0,8,1,2024
382620201.0,14,1410111,38,1,2,,,12.0,3,1,2024
382620201.0,14,1410111,14,,1,,,9.0,1,0,2024
382620201.0,14,1410111,8,,1,,,7.0,2,,2024
382620201.0,14,1410111,9,,1,,,7.0,4,,2024
382620201.0,14,1410111,31,1,2,,,12.0,3,0,2024
382620301.0,14,1410111,64,1,2,,,9.0,1,1,2024
382620301.0,14,1410111,24,1,2,5,4,9.0,4,0,2024
382620401.0,14,1410111,81,4,2,,,1.0,,1,2024
382620501.0,14,1410111,69,1,2,,,9.0,1,1,2024
382620501.0,14,1410111,31,1,2,,,11.0,4,0,2024
382620501.0,14,1410111,26,1,2,,,11.0,4,0,2024
382620601.0,14,1410111,69,1,2,,,7.0,7,1,2024
382620601.0,14,1410111,62,1,2,,,7.0,6,0,2024
382850101.0,14,1410824,58,1,2,,,7.0,6,1,2024
382850101.0,14,1410824,56,1,2,,,9.0,2,0,2024
382850101.0,14,1410824,28,1,2,,,9.0,4,0,2024
382850201.0,14,1410824,73,1,2,,,10.0,2,1,2024
382850301.0,14,1410824,42,1,2,,,9.0,2,1,2024
382850301.0,14,1410824,40,1,2,,,9.0,4,0,2024
382850301.0,14,1410824,22,1,2,8,4,9.0,4,0,2024
382850301.0,14,1410824,19,1,1,,,12.0,1,0,2024
382850301.0,14,1410824,14,,1,,,11.0,1,0,2024
382850401.0,14,1410824,62,1,2,,,9.0,3,1,2024
382850501.0,14,1410824,77,2,2,,,1.0,,0,2024
382850501.0,14,1410824,81,2,2,,,6.0,1,1,2024
382850601.0,14,1410824,26,1,2,,,9.0,4,1,2024
382850601.0,14,1410824,5,,1,,,4.0,,,2024
382850701.0,14,1410824,69,3,2,,,7.0,2,0,2024
382850701.0,14,1410824,69,1,2,,,7.0,4,1,2024
382850701.0,14,1410824,45,1,2,,,7.0,8,0,2024
382850701.0,14,1410824,18,1,1,,,11.0,4,0,2024
382850801.0,14,1410824,74,1,2,,,8.0,2,1,2024
382850901.0,14,1410824,62,1,2,,,7.0,2,1,2024
382851001.0,14,1410824,53,1,2,,,7.0,8,1,2024
382851001.0,14,1410824,53,1,2,,,9.0,4,0,2024
382851001.0,14,1410824,26,1,2,,,12.0,1,0,2024
382851001.0,14,1410824,18,1,1,,,13.0,1,0,2024
382851001.0,14,1410824,23,1,1,,,13.0,5,0,2024
383720101.0,14,1420126,63,1,2,,,9.0,3,1,2024
383720101.0,14,1420126,68,1,2,,,7.0,3,0,2024
383720101.0,14,1420126,16,1,1,,,11.0,3,0,2024
383720301.0,14,1420126,63,1,2,,,9.0,4,1,2024
383720401.0,14,1420126,61,1,2,,,7.0,6,0,2024
383720401.0,14,1420126,64,1,2,,,7.0,3,1,2024
383720501.0,14,1420126,72,1,2,,,7.0,5,1,2024
383720601.0,14,1420126,35,1,2,,,9.0,4,1,2024
383720601.0,14,1420126,43,1,2,,,9.0,4,0,2024
383720601.0,14,1420126,13,,1,,,7.0,8,,2024
383720701.0,14,1420126,75,1,2,,,8.0,3,0,2024
383720701.0,14,1420126,73,1,2,,,6.0,6,1,2024
383720801.0,14,1420126,61,1,2,,,7.0,6,1,2024
383720901.0,14,1420126,56,1,2,,,7.0,8,1,2024
383720901.0,14,1420126,65,1,2,,,7.0,8,0,2024
383720901.0,14,1420126,90,4,2,,,6.0,-88,0,2024
383720901.0,14,1420126,20,1,1,,,13.0,2,0,2024
383721001.0,14,1420126,90,4,2,,,1.0,,1,2024
384850201.0,14,1410111,51,1,2,,,7.0,8,1,2024
384850201.0,14,1410111,38,1,2,,,9.0,4,0,2024
384850201.0,14,1410111,31,1,2,,,9.0,4,0,2024
384850201.0,14,1410111,35,1,2,,,9.0,2,0,2024
384850201.0,14,1410111,57,1,2,,,9.0,1,0,2024
384850201.0,14,1410111,13,,1,,,7.0,7,,2024
384850201.0,14,1410111,5,,1,,,4.0,,,2024
384850301.0,14,1410111,57,1,2,,,7.0,8,1,2024
384850301.0,14,1410111,20,1,1,,,9.0,4,0,2024
384850401.0,14,1410111,37,1,2,,,9.0,4,1,2024
384850401.0,14,1410111,29,1,2,,,9.0,4,0,2024
384850401.0,14,1410111,12,,1,,,7.0,8,,2024
384850401.0,14,1410111,7,,1,,,7.0,2,,2024
384850401.0,14,1410111,4,,1,,,3.0,,,2024
384850601.0,14,1410111,55,1,2,,,11.0,3,1,2024
384850601.0,14,1410111,56,1,2,,,7.0,5,0,2024
384850601.0,14,1410111,30,1,2,,,7.0,8,0,2024
384850801.0,14,1410111,51,1,2,,,11.0,1,1,2024
384850801.0,14,1410111,40,1,2,,,9.0,4,0,2024
385160401.0,14,1410113,37,1,2,,,13.0,6,1,2024
385160501.0,14,1410113,61,1,2,,,12.0,2,0,2024
385160501.0,14,1410113,60,1,2,,,13.0,5,1,2024
385160501.0,14,1410113,29,1,2,,,13.0,5,0,2024
385160501.0,14,1410113,24,1,2,8,2,13.0,5,0,2024
385160601.0,14,1410113,55,1,2,,,13.0,3,1,2024
385160601.0,14,1410113,16,4,1,,,5.0,,0,2024
385160801.0,14,1410113,22,1,1,,,13.0,5,1,2024
385420101.0,14,1410112,60,1,2,,,9.0,1,1,2024
385420101.0,14,1410112,23,1,2,11,4,11.0,4,0,2024
385420101.0,14,1410112,32,1,2,,,9.0,4,0,2024
385420401.0,14,1410112,63,1,2,,,11.0,1,1,2024
385420501.0,14,1410112,62,1,2,,,13.0,4,1,2024
385420601.0,14,1410112,38,1,2,,,13.0,4,1,2024
385420601.0,14,1410112,40,1,2,,,13.0,4,0,2024
385420601.0,14,1410112,9,,1,,,7.0,3,,2024
385420701.0,14,1410112,59,1,2,,,11.0,5,1,2024
385420701.0,14,1410112,62,1,1,,,9.0,4,0,2024
385420701.0,14,1410112,28,1,2,,,12.0,2,0,2024
385420701.0,14,1410112,30,1,2,,,13.0,5,0,2024
385420801.0,14,1410112,55,1,2,,,9.0,4,1,2024
385420801.0,14,1410112,24,1,2,11,4,11.0,2,0,2024
385420801.0,14,1410112,33,1,2,,,11.0,4,0,2024
385980201.0,14,1410112,35,1,2,,,9.0,4,0,2024
385980201.0,14,1410112,72,3,2,,,7.0,4,1,2024
385980201.0,14,1410112,55,1,2,,,9.0,4,0,2024
385980201.0,14,1410112,3,,2,,,1.0,,,2024
385980401.0,14,1410112,73,1,2,,,8.0,6,1,2024
385980501.0,14,1410112,62,1,2,,,11.0,4,1,2024
385980501.0,14,1410112,42,1,2,,,5.0,,0,2024
385980501.0,14,1410112,30,1,1,,,13.0,1,0,2024
385980501.0,14,1410112,5,,1,,,4.0,,,2024
385980601.0,14,1410112,43,1,2,,,11.0,4,0,2024
385980601.0,14,1410112,48,1,2,,,9.0,4,1,2024
385980601.0,14,1410112,23,1,2,8,4,9.0,4,0,2024
385980601.0,14,1410112,18,1,1,,,9.0,4,0,2024
385980701.0,14,1410112,23,1,2,12,4,9.0,4,0,2024
385980701.0,14,1410112,85,1,2,,,6.0,3,1,2024
385980801.0,14,1410112,63,1,2,,,9.0,4,0,2024
385980801.0,14,1410112,65,1,2,,,13.0,5,1,2024
385980801.0,14,1410112,27,1,2,,,13.0,5,0,2024
386540101.0,14,1410714,32,1,2,,,12.0,3,1,2024
386540101.0,14,1410714,6,,1,,,7.0,1,,2024
386540101.0,14,1410714,5,,1,,,4.0,,,2024
386540301.0,14,1410714,26,1,2,,,9.0,4,1,2024
386540301.0,14,1410714,10,,1,,,7.0,4,,2024
386540301.0,14,1410714,2,,1,,,3.0,,,2024
386540401.0,14,1410714,30,1,2,,,13.0,5,0,2024
386540401.0,14,1410714,30,1,2,,,11.0,4,1,2024
386540401.0,14,1410714,8,,1,,,7.0,2,,2024
386540401.0,14,1410714,3,,1,,,3.0,,,2024
386540601.0,14,1410714,44,1,2,,,12.0,3,1,2024
386540601.0,14,1410714,34,1,2,,,13.0,5,0,2024
386540601.0,14,1410714,19,1,2,10,2,9.0,4,0,2024
386540601.0,14,1410714,14,,1,,,9.0,1,0,2024
386540601.0,14,1410714,14,,1,,,7.0,8,0,2024
386540601.0,14,1410714,0,,2,,,1.0,,,2024
386540701.0,14,1410714,41,1,2,,,12.0,3,1,2024
386540701.0,14,1410714,30,1,2,,,11.0,4,0,2024
386540701.0,14,1410714,21,1,1,,,13.0,4,0,2024
386540701.0,14,1410714,6,,1,,,7.0,1,,2024
386540801.0,14,1410714,62,1,2,,,13.0,4,1,2024
387510201.0,14,1410113,43,1,2,,,13.0,5,1,2024
387510201.0,14,1410113,16,1,1,,,9.0,3,0,2024
387510201.0,14,1410113,14,,1,,,7.0,8,0,2024
387510301.0,14,1410113,40,1,2,,,9.0,4,1,2024
387510301.0,14,1410113,18,1,2,10,2,9.0,4,0,2024
387510301.0,14,1410113,7,,1,,,7.0,1,,2024
387510401.0,14,1410113,25,1,1,,,13.0,5,1,2024
387510401.0,14,1410113,26,1,2,,,12.0,2,0,2024
387510501.0,14,1410113,31,1,2,,,12.0,3,1,2024
387510501.0,14,1410113,31,1,2,,,12.0,3,0,2024
387510501.0,14,1410113,7,,1,,,7.0,1,,2024
387510501.0,14,1410113,10,,1,,,7.0,4,,2024
387510601.0,14,1410113,29,1,2,,,9.0,4,1,2024
387510701.0,14,1410113,35,1,2,,,12.0,3,1,2024
387510701.0,14,1410113,38,1,2,,,12.0,3,0,2024
387510701.0,14,1410113,9,,1,,,7.0,3,,2024
387510701.0,14,1410113,18,1,1,,,9.0,4,0,2024
387510801.0,14,1410113,34,1,2,,,11.0,4,0,2024
387510801.0,14,1410113,39,1,2,,,13.0,5,1,2024
388270101.0,14,1410111,73,1,2,,,8.0,2,1,2024
388270101.0,14,1410111,72,1,2,,,6.0,5,0,2024
388270201.0,14,1410111,84,1,2,,,6.0,2,1,2024
388270201.0,14,1410111,65,1,2,,,7.0,8,0,2024
388270401.0,14,1410111,42,1,2,,,13.0,5,1,2024
388270501.0,14,1410111,23,1,2,8,2,12.0,3,0,2024
388270501.0,14,1410111,60,1,2,,,9.0,4,1,2024
388270501.0,14,1410111,57,1,2,,,7.0,8,0,2024
388270501.0,14,1410111,34,1,2,,,7.0,8,0,2024
388270501.0,14,1410111,30,1,2,,,9.0,4,0,2024
388270601.0,14,1410111,34,1,2,,,13.0,1,1,2024
388270601.0,14,1410111,27,1,1,,,13.0,3,0,2024
388270701.0,14,1410111,60,1,2,,,7.0,8,1,2024
388270701.0,14,1410111,57,1,2,,,9.0,4,0,2024
389330101.0,14,1410112,67,1,2,,,9.0,3,1,2024
389330301.0,14,1410112,60,1,2,,,9.0,4,1,2024
389330301.0,14,1410112,67,1,2,,,7.0,8,0,2024
389330301.0,14,1410112,30,1,2,,,13.0,5,0,2024
389330301.0,14,1410112,0,,2,,,1.0,,,2024
389330401.0,14,1410112,54,1,2,,,9.0,4,0,2024
389330401.0,14,1410112,93,1,2,,,1.0,,1,2024
389330401.0,14,1410112,59,1,2,,,13.0,2,0,2024
389330501.0,14,1410112,68,1,2,,,8.0,6,1,2024
389330601.0,14,1410112,44,1,2,,,13.0,5,0,2024
389330601.0,14,1410112,82,1,2,,,8.0,4,1,2024
389330701.0,14,1410112,63,1,2,,,9.0,1,1,2024
389330701.0,14,1410112,62,1,2,,,11.0,4,0,2024
389330701.0,14,1410112,15,1,1,,,9.0,1,0,2024
389330801.0,14,1410112,67,1,2,,,12.0,3,0,2024
389330801.0,14,1410112,64,1,2,,,11.0,4,1,2024
389330801.0,14,1410112,26,1,2,,,11.0,4,0,2024
392610101.0,14,1420424,54,1,2,,,12.0,3,1,2024
392610101.0,14,1420424,46,1,2,,,11.0,4,0,2024
392610201.0,14,1420424,67,1,2,,,9.0,4,1,2024
392610201.0,14,1420424,65,1,2,,,9.0,2,0,2024
392610301.0,14,1420424,68,1,2,,,9.0,1,0,2024
392610301.0,14,1420424,68,1,2,,,9.0,1,1,2024
392610301.0,14,1420424,41,1,2,,,13.0,5,0,2024
392610301.0,14,1420424,40,1,2,,,11.0,4,0,2024
392610501.0,14,1420424,71,1,2,,,12.0,3,1,2024
392610501.0,14,1420424,69,1,2,,,13.0,2,0,2024
392610601.0,14,1420424,37,1,2,,,9.0,4,1,2024
392610601.0,14,1420424,41,1,2,,,9.0,4,0,2024
392610601.0,14,1420424,17,1,1,,,9.0,3,0,2024
392610601.0,14,1420424,7,,1,,,7.0,1,,2024
392610701.0,14,1420424,35,1,2,,,11.0,5,1,2024
392610701.0,14,1420424,37,1,2,,,12.0,3,0,2024
392610701.0,14,1420424,9,,1,,,7.0,3,,2024
392610701.0,14,1420424,7,,1,,,7.0,1,,2024
392610901.0,14,1420424,65,1,2,,,7.0,7,1,2024
392610901.0,14,1420424,34,1,2,,,9.0,4,0,2024
392610901.0,14,1420424,26,1,2,,,9.0,4,0,2024
392611001.0,14,1420424,36,1,2,,,9.0,4,1,2024
392611001.0,14,1420424,39,1,2,,,9.0,4,0,2024
392611001.0,14,1420424,18,1,1,,,9.0,4,0,2024
392611001.0,14,1420424,16,1,1,,,11.0,2,0,2024
392611001.0,14,1420424,14,,1,,,9.0,1,0,2024
392611001.0,14,1420424,14,,1,,,9.0,1,0,2024
392611001.0,14,1420424,11,,1,,,7.0,5,,2024
392611001.0,14,1420424,0,,2,,,1.0,,,2024
392700201.0,14,1410112,66,1,2,,,9.0,1,1,2024
392700401.0,14,1410112,57,1,2,,,13.0,5,1,2024
392700401.0,14,1410112,31,1,2,,,13.0,5,0,2024
392700401.0,14,1410112,27,1,2,,,13.0,5,0,2024
392700501.0,14,1410112,83,1,2,,,10.0,6,1,2024
392700601.0,14,1410112,47,1,2,,,15.0,5,1,2024
392700601.0,14,1410112,43,1,2,,,14.0,4,0,2024
392700601.0,14,1410112,10,,1,,,7.0,4,,2024
392700601.0,14,1410112,8,,1,,,7.0,2,,2024
392700601.0,14,1410112,2,,2,,,1.0,,,2024
392700701.0,14,1410112,76,1,2,,,6.0,6,1,2024
392700801.0,14,1410112,61,1,2,,,9.0,1,1,2024
392700801.0,14,1410112,63,1,2,,,7.0,8,0,2024
392940101.0,14,1410112,74,1,2,,,10.0,4,1,2024
392940101.0,14,1410112,51,1,2,,,13.0,5,0,2024
392940201.0,14,1410112,71,1,2,,,14.0,2,1,2024
392940201.0,14,1410112,78,1,2,,,13.0,2,0,2024
392940301.0,14,1410112,27,1,2,,,9.0,4,1,2024
392940301.0,14,1410112,28,1,2,,,9.0,4,0,2024
392940401.0,14,1410112,40,1,2,,,13.0,5,1,2024
392940401.0,14,1410112,36,1,2,,,13.0,5,0,2024
392940401.0,14,1410112,5,,1,,,4.0,,,2024
392940401.0,14,1410112,20,1,1,,,13.0,2,0,2024
392940701.0,14,1410112,60,1,2,,,9.0,3,0,2024
392940701.0,14,1410112,57,1,2,,,7.0,3,1,2024
392940701.0,14,1410112,16,1,1,,,9.0,2,0,2024
392940801.0,14,1410112,26,1,2,,,11.0,4,1,2024
392940801.0,14,1410112,24,1,1,,,12.0,2,0,2024
392990401.0,14,1410824,36,1,2,,,11.0,4,0,2024
392990401.0,14,1410824,70,1,2,,,10.0,3,1,2024
392990401.0,14,1410824,37,1,2,,,11.0,3,0,2024
392990401.0,14,1410824,14,,1,,,7.0,8,0,2024
392990401.0,14,1410824,3,,1,,,3.0,,,2024
392990601.0,14,1410824,28,1,2,,,11.0,4,1,2024
392990601.0,14,1410824,10,,1,,,7.0,4,,2024
392990801.0,14,1410824,32,1,2,,,7.0,8,0,2024
392990801.0,14,1410824,32,1,2,,,9.0,1,1,2024
392990801.0,14,1410824,7,,1,,,7.0,2,,2024
392990801.0,14,1410824,9,,1,,,7.0,3,,2024
392990801.0,14,1410824,15,1,1,,,11.0,1,0,2024
392990801.0,14,1410824,6,,1,,,7.0,1,,2024
394370201.0,14,1410414,55,1,2,,,9.0,4,1,2024
394370301.0,14,1410414,58,1,2,,,9.0,4,0,2024
394370301.0,14,1410414,58,1,2,,,9.0,4,1,2024
394370301.0,14,1410414,22,1,1,,,13.0,3,0,2024
394370401.0,14,1410414,94,1,2,,,8.0,3,1,2024
394370501.0,14,1410414,70,1,2,,,7.0,4,1,2024
394370501.0,14,1410414,68,1,2,,,9.0,4,0,2024
394370601.0,14,1410414,60,1,2,,,9.0,4,1,2024
394370701.0,14,1410414,70,1,2,,,9.0,4,1,2024
394370801.0,14,1410414,46,1,2,,,9.0,4,1,2024
394370801.0,14,1410414,38,1,2,,,9.0,4,0,2024
395250401.0,14,1410112,62,1,2,,,11.0,5,1,2024
395250401.0,14,1410112,84,1,2,,,8.0,2,0,2024
395250501.0,14,1410112,42,1,2,,,14.0,4,1,2024
396540101.0,14,1410113,32,1,2,,,13.0,4,1,2024
396540101.0,14,1410113,40,1,2,,,13.0,4,0,2024
396540101.0,14,1410113,7,,1,,,7.0,1,,2024
396540201.0,14,1410113,31,1,2,,,13.0,1,1,2024
396540301.0,14,1410113,50,1,2,,,11.0,4,0,2024
396540301.0,14,1410113,46,1,2,,,13.0,4,1,2024
396540301.0,14,1410113,11,,1,,,7.0,5,,2024
396540301.0,14,1410113,16,1,1,,,9.0,2,0,2024
396540401.0,14,1410113,69,1,2,,,13.0,5,1,2024
396540401.0,14,1410113,54,1,2,,,13.0,5,0,2024
396540401.0,14,1410113,6,,1,,,5.0,,,2024
396540501.0,14,1410113,50,1,2,,,12.0,3,1,2024
396540501.0,14,1410113,19,1,1,,,13.0,1,0,2024
396540501.0,14,1410113,9,,1,,,7.0,3,,2024
396540601.0,14,1410113,52,1,2,,,13.0,5,1,2024
396540601.0,14,1410113,50,1,2,,,12.0,2,0,2024
396540601.0,14,1410113,23,1,1,,,13.0,4,0,2024
396540601.0,14,1410113,19,1,1,,,9.0,4,0,2024
396540701.0,14,1410113,31,1,2,,,15.0,3,0,2024
396540701.0,14,1410113,31,1,2,,,13.0,5,1,2024
396540701.0,14,1410113,11,,1,,,7.0,5,,2024
396540702.0,14,1410113,20,1,1,,,13.0,1,1,2024
396540801.0,14,1410113,59,1,2,,,9.0,4,1,2024
396540801.0,14,1410113,62,1,2,,,12.0,3,0,2024
396620101.0,14,1410214,23,1,1,,,13.0,2,0,2024
396620101.0,14,1410214,19,1,1,,,11.0,4,0,2024
396620101.0,14,1410214,7,,1,,,7.0,2,,2024
396620101.0,14,1410214,44,1,2,,,11.0,4,1,2024
396620201.0,14,1410214,58,1,2,,,9.0,1,1,2024
396620201.0,14,1410214,52,1,2,,,7.0,7,0,2024
396620301.0,14,1410214,36,1,2,,,14.0,3,1,2024
396620401.0,14,1410214,62,1,2,,,9.0,2,1,2024
396620401.0,14,1410214,50,1,2,,,9.0,4,0,2024
396620501.0,14,1410214,12,,1,,,7.0,7,,2024
396620501.0,14,1410214,11,,1,,,7.0,5,,2024
396620501.0,14,1410214,31,1,2,,,9.0,4,1,2024
397820101.0,14,1410324,56,1,2,,,9.0,4,0,2024
397820101.0,14,1410324,60,1,2,,,11.0,4,1,2024
397820101.0,14,1410324,83,1,2,,,6.0,3,0,2024
397820201.0,14,1410324,77,1,2,,,7.0,5,1,2024
397820201.0,14,1410324,76,4,2,,,7.0,4,0,2024
397820401.0,14,1410324,29,1,2,,,11.0,4,1,2024
397820401.0,14,1410324,28,1,1,,,13.0,4,0,2024
397820401.0,14,1410324,4,,1,,,3.0,,,2024
397820501.0,14,1410324,58,1,2,,,9.0,4,1,2024
397820501.0,14,1410324,19,1,1,,,11.0,4,0,2024
397820501.0,14,1410324,62,1,2,,,7.0,8,0,2024
397820601.0,14,1410324,52,1,2,,,9.0,3,0,2024
397820601.0,14,1410324,67,1,2,,,9.0,3,1,2024
397820601.0,14,1410324,16,1,1,,,9.0,2,0,2024
397820801.0,14,1410324,32,1,2,,,9.0,4,1,2024
397820801.0,14,1410324,31,1,2,,,11.0,4,0,2024
397820801.0,14,1410324,14,,1,,,9.0,1,0,2024
397820801.0,14,1410324,1,,1,,,2.0,,,2024
397820901.0,14,1410324,24,1,2,8,4,11.0,4,1,2024
397820901.0,14,1410324,21,1,2,8,3,11.0,4,0,2024
397820901.0,14,1410324,3,,1,,,3.0,,,2024
397821001.0,14,1410324,35,1,2,,,9.0,4,1,2024
397821001.0,14,1410324,43,1,2,,,13.0,4,0,2024
397821001.0,14,1410324,3,,1,,,3.0,,,2024
397821001.0,14,1410324,9,,1,,,7.0,3,,2024
397821001.0,14,1410324,13,,1,,,7.0,7,,2024
398210101.0,14,1420224,89,1,2,,,8.0,3,1,2024
398210101.0,14,1420224,56,1,2,,,7.0,8,0,2024
398210401.0,14,1420224,59,1,2,,,7.0,6,0,2024
398210401.0,14,1420224,63,1,2,,,9.0,3,1,2024
398210401.0,14,1420224,36,1,2,,,11.0,4,0,2024
398210401.0,14,1420224,3,,1,,,3.0,,,2024
398210601.0,14,1420224,58,1,2,,,11.0,5,1,2024
398210701.0,14,1420224,63,2,2,,,7.0,2,0,2024
398210701.0,14,1420224,70,1,2,,,7.0,7,1,2024
398210901.0,14,1420224,50,1,2,,,7.0,6,1,2024
398210901.0,14,1420224,28,1,2,,,11.0,4,0,2024
398210901.0,14,1420224,25,1,2,8,4,11.0,4,0,2024
398210901.0,14,1420224,23,1,2,8,4,11.0,4,0,2024
398210901.0,14,1420224,9,,1,,,7.0,3,,2024
398210901.0,14,1420224,1,,2,,,1.0,,,2024
398211001.0,14,1420224,44,1,2,,,11.0,1,1,2024
398211001.0,14,1420224,10,,1,,,7.0,4,,2024
398211001.0,14,1420224,3,,2,,,1.0,,,2024
398280201.0,14,1410113,59,1,2,,,12.0,3,1,2024
398280201.0,14,1410113,61,1,2,,,13.0,5,0,2024
398280201.0,14,1410113,84,1,2,,,6.0,6,0,2024
398280201.0,14,1410113,21,1,1,,,13.0,2,0,2024
398280201.0,14,1410113,54,1,2,,,13.0,5,0,2024
398280301.0,14,1410113,73,1,2,,,13.0,6,1,2024
398280301.0,14,1410113,63,1,2,,,12.0,3,0,2024
398280401.0,14,1410113,47,1,2,,,13.0,5,1,2024
398280401.0,14,1410113,46,1,2,,,13.0,4,0,2024
398280601.0,14,1410113,78,1,2,,,10.0,6,1,2024
398280601.0,14,1410113,59,1,2,,,7.0,8,0,2024
398280601.0,14,1410113,37,1,2,,,11.0,4,0,2024
398280601.0,14,1410113,38,1,2,,,13.0,5,0,2024
398280601.0,14,1410113,18,1,1,,,9.0,4,0,2024
398280701.0,14,1410113,67,1,2,,,11.0,4,1,2024
398280801.0,14,1410113,43,1,2,,,13.0,5,1,2024
398280801.0,14,1410113,10,,1,,,7.0,4,,2024
398530201.0,14,1420117,67,1,2,,,9.0,4,1,2024
398530201.0,14,1420117,63,1,2,,,9.0,4,0,2024
398530201.0,14,1420117,24,1,1,,,13.0,3,0,2024
398530301.0,14,1420117,41,1,2,,,12.0,3,1,2024
398530301.0,14,1420117,16,1,1,,,9.0,2,0,2024
398530301.0,14,1420117,21,1,1,,,13.0,3,0,2024
398530401.0,14,1420117,51,1,2,,,7.0,8,0,2024
398530401.0,14,1420117,57,1,2,,,9.0,3,1,2024
398530401.0,14,1420117,17,1,1,,,9.0,3,0,2024
398530401.0,14,1420117,10,,1,,,7.0,5,,2024
398530501.0,14,1420117,66,1,2,,,9.0,4,1,2024
398530501.0,14,1420117,65,1,2,,,7.0,8,0,2024
398530501.0,14,1420117,38,1,2,,,13.0,5,0,2024
398530501.0,14,1420117,28,1,2,,,13.0,3,0,2024
398530501.0,14,1420117,19,1,1,,,13.0,1,0,2024
398530501.0,14,1420117,12,,1,,,7.0,6,,2024
398530601.0,14,1420117,36,1,2,,,9.0,4,1,2024
398530601.0,14,1420117,18,1,1,,,11.0,4,0,2024
398530701.0,14,1420117,73,1,2,,,9.0,4,1,2024
398530701.0,14,1420117,30,1,2,,,12.0,3,0,2024
398530801.0,14,1420117,48,1,2,,,13.0,5,0,2024
398530801.0,14,1420117,44,1,2,,,13.0,4,1,2024
398530801.0,14,1420117,14,,1,,,7.0,8,0,2024
398530801.0,14,1420117,18,1,1,,,9.0,4,0,2024
400890301.0,14,1410221,77,1,2,,,6.0,6,1,2024
400890301.0,14,1410221,79,1,2,,,8.0,2,0,2024
400890401.0,14,1410221,32,1,2,,,11.0,4,1,2024
400890401.0,14,1410221,31,1,2,,,11.0,4,0,2024
400890401.0,14,1410221,10,,1,,,7.0,5,,2024
400890401.0,14,1410221,8,,1,,,7.0,2,,2024
400890501.0,14,1410221,66,1,2,,,10.0,5,1,2024
400890501.0,14,1410221,67,1,2,,,9.0,4,0,2024
400890601.0,14,1410221,33,1,2,,,11.0,4,1,2024
400890601.0,14,1410221,72,1,2,,,7.0,8,0,2024
400890601.0,14,1410221,28,1,2,,,11.0,4,0,2024
400890601.0,14,1410221,63,1,2,,,7.0,6,0,2024
400890701.0,14,1410221,54,1,2,,,7.0,8,0,2024
400890701.0,14,1410221,58,1,2,,,9.0,1,1,2024
400890801.0,14,1410221,57,1,2,,,7.0,6,1,2024
400890801.0,14,1410221,50,1,2,,,7.0,6,0,2024
400890801.0,14,1410221,31,1,2,,,12.0,3,0,2024
400890801.0,14,1410221,35,1,2,,,11.0,4,0,2024
400890901.0,14,1410221,63,1,2,,,13.0,4,1,2024
400891001.0,14,1410221,53,1,2,,,7.0,6,1,2024
400891001.0,14,1410221,51,1,2,,,7.0,6,0,2024
400891001.0,14,1410221,25,1,2,8,4,9.0,4,0,2024
400891001.0,14,1410221,13,,1,,,7.0,7,,2024
400891001.0,14,1410221,5,,1,,,4.0,,,2024
400891001.0,14,1410221,88,1,2,,,7.0,2,0,2024
400930301.0,14,1410127,41,1,2,,,7.0,8,1,2024
400930701.0,14,1410127,53,1,2,,,13.0,5,1,2024
400930701.0,14,1410127,16,1,1,,,9.0,2,0,2024
400930701.0,14,1410127,19,1,1,,,13.0,1,0,2024
400930701.0,14,1410127,47,1,2,,,12.0,3,0,2024
400930801.0,14,1410127,47,1,2,,,13.0,4,1,2024
400930801.0,14,1410127,46,1,2,,,13.0,5,0,2024
400930801.0,14,1410127,8,,1,,,7.0,2,,2024
400930801.0,14,1410127,6,,1,,,4.0,,,2024
400930801.0,14,1410127,75,1,2,,,8.0,6,0,2024
401810101.0,14,1410111,68,1,2,,,8.0,3,1,2024
401810101.0,14,1410111,78,1,2,,,6.0,6,0,2024
401810101.0,14,1410111,24,1,1,,,13.0,3,0,2024
401810201.0,14,1410111,60,1,2,,,9.0,4,1,2024
401810201.0,14,1410111,56,1,2,,,9.0,4,0,2024
401810601.0,14,1410111,64,1,2,,,6.0,6,1,2024
401810601.0,14,1410111,64,1,2,,,6.0,6,0,2024
401810601.0,14,1410111,21,1,2,2,4,9.0,3,0,2024
401810601.0,14,1410111,19,1,1,,,9.0,4,0,2024
401810601.0,14,1410111,16,1,1,,,7.0,8,0,2024
403430301.0,14,1410624,67,1,2,,,10.0,2,1,2024
403430301.0,14,1410624,16,1,1,,,9.0,1,0,2024
403430301.0,14,1410624,30,1,2,,,9.0,4,0,2024
403430301.0,14,1410624,10,,1,,,7.0,5,,2024
403430901.0,14,1410624,35,1,2,,,9.0,4,1,2024
403430901.0,14,1410624,79,1,2,,,6.0,6,0,2024
403430901.0,14,1410624,12,,1,,,7.0,6,,2024
403430901.0,14,1410624,42,1,2,,,9.0,1,0,2024
403431001.0,14,1410624,38,1,2,,,11.0,4,0,2024
403431001.0,14,1410624,75,1,2,,,6.0,6,1,2024
403431001.0,14,1410624,31,1,2,,,9.0,4,0,2024
403431001.0,14,1410624,11,,1,,,7.0,6,,2024
403431001.0,14,1410624,4,,1,,,3.0,,,2024
403431001.0,14,1410624,0,,2,,,1.0,,,2024
404490101.0,14,1410112,65,1,2,,,11.0,4,0,2024
404490101.0,14,1410112,88,1,2,,,6.0,6,1,2024
404490301.0,14,1410112,77,1,2,,,13.0,4,1,2024
404490301.0,14,1410112,67,1,2,,,13.0,5,0,2024
404490302.0,14,1410112,72,1,2,,,13.0,7,1,2024
404490401.0,14,1410112,24,1,1,,,13.0,3,0,2024
404490401.0,14,1410112,61,1,2,,,11.0,4,0,2024
404490401.0,14,1410112,51,1,2,,,13.0,5,1,2024
404490401.0,14,1410112,13,,1,,,7.0,8,,2024
404490401.0,14,1410112,16,1,1,,,9.0,2,0,2024
404490501.0,14,1410112,25,1,2,13,2,12.0,1,1,2024
404490501.0,14,1410112,31,1,2,,,11.0,4,0,2024
404490601.0,14,1410112,80,1,2,,,10.0,4,1,2024
404490601.0,14,1410112,80,1,2,,,6.0,6,0,2024
404490602.0,14,1410112,60,1,2,,,7.0,8,1,2024
404490602.0,14,1410112,60,1,2,,,11.0,4,0,2024
404490801.0,14,1410112,59,2,2,,,7.0,5,1,2024
404490801.0,14,1410112,63,2,2,,,7.0,6,0,2024
404490801.0,14,1410112,32,1,2,,,9.0,4,0,2024
404490801.0,14,1410112,13,,1,,,7.0,8,,2024
404490801.0,14,1410112,6,,1,,,4.0,,,2024
404490801.0,14,1410112,2,,1,,,3.0,,,2024
404490801.0,14,1410112,1,,1,,,2.0,,,2024
404510101.0,14,1420117,56,1,2,,,12.0,3,1,2024
404510101.0,14,1420117,58,1,2,,,13.0,4,0,2024
404510201.0,14,1420117,78,1,2,,,6.0,5,1,2024
404510201.0,14,1420117,78,1,2,,,6.0,5,0,2024
404510301.0,14,1420117,49,1,2,,,7.0,8,0,2024
404510301.0,14,1420117,65,1,2,,,9.0,1,1,2024
404510401.0,14,1420117,81,1,2,,,13.0,4,1,2024
404510401.0,14,1420117,54,1,2,,,13.0,5,0,2024
404510501.0,14,1420117,79,1,2,,,7.0,6,1,2024
404510601.0,14,1420117,34,1,2,,,13.0,3,1,2024
404510601.0,14,1420117,32,1,2,,,7.0,8,0,2024
404510601.0,14,1420117,66,1,2,,,11.0,1,0,2024
404510601.0,14,1420117,63,1,2,,,7.0,3,0,2024
404510801.0,14,1420117,93,1,2,,,1.0,,1,2024
405590101.0,14,1410324,63,1,2,,,7.0,4,0,2024
405590101.0,14,1410324,73,1,2,,,6.0,6,1,2024
405590101.0,14,1410324,29,1,2,,,7.0,8,0,2024
405590101.0,14,1410324,25,1,2,8,4,11.0,4,0,2024
405590101.0,14,1410324,2,,2,,,1.0,,,2024
405590201.0,14,1410324,53,1,2,,,7.0,8,0,2024
405590201.0,14,1410324,56,1,2,,,7.0,8,1,2024
405590201.0,14,1410324,94,1,2,,,6.0,2,0,2024
405590201.0,14,1410324,29,1,1,,,13.0,5,0,2024
405590201.0,14,1410324,22,1,2,12,3,11.0,4,0,2024
405590201.0,14,1410324,8,,1,,,7.0,2,,2024
405590301.0,14,1410324,41,1,2,,,7.0,8,1,2024
405590301.0,14,1410324,10,,1,,,7.0,4,,2024
405590501.0,14,1410324,75,1,2,,,7.0,8,0,2024
405590501.0,14,1410324,74,1,2,,,7.0,8,1,2024
405590601.0,14,1410324,45,1,2,,,7.0,6,1,2024
405590601.0,14,1410324,55,1,2,,,7.0,7,0,2024
405590601.0,14,1410324,16,1,1,,,11.0,3,0,2024
405590601.0,14,1410324,13,,1,,,7.0,7,,2024
405590601.0,14,1410324,46,1,2,,,7.0,6,0,2024
405590701.0,14,1410324,60,1,2,,,9.0,4,1,2024
405590801.0,14,1410324,48,1,2,,,12.0,2,0,2024
405590801.0,14,1410324,78,1,2,,,7.0,3,1,2024
405590801.0,14,1410324,23,1,1,,,12.0,2,0,2024
405590801.0,14,1410324,11,,1,,,7.0,5,,2024
405590801.0,14,1410324,8,,1,,,7.0,2,,2024
405590901.0,14,1410324,33,1,2,,,9.0,2,1,2024
405591001.0,14,1410324,33,1,2,,,9.0,4,1,2024
405591001.0,14,1410324,12,,1,,,7.0,6,,2024
405591001.0,14,1410324,10,,1,,,7.0,4,,2024
405591001.0,14,1410324,6,,1,,,7.0,1,,2024
406610301.0,14,1410314,62,1,2,,,9.0,4,1,2024
406610301.0,14,1410314,68,1,2,,,9.0,4,0,2024
406610401.0,14,1410314,64,1,2,,,7.0,8,0,2024
406610401.0,14,1410314,76,1,2,,,8.0,4,1,2024
406610501.0,14,1410314,63,1,2,,,7.0,8,1,2024
406610501.0,14,1410314,58,1,2,,,9.0,4,0,2024
406610501.0,14,1410314,21,1,1,,,13.0,2,0,2024
406610601.0,14,1410314,85,4,2,,,6.0,2,1,2024
406610701.0,14,1410314,55,1,2,,,7.0,8,1,2024
406610701.0,14,1410314,17,1,1,,,11.0,4,0,2024
406610701.0,14,1410314,37,1,2,,,7.0,8,0,2024
406610801.0,14,1410314,79,1,2,,,7.0,7,1,2024
406610801.0,14,1410314,91,1,2,,,7.0,7,0,2024
407370101.0,14,1410113,49,1,1,,,15.0,4,1,2024
407370101.0,14,1410113,44,1,2,,,13.0,5,0,2024
407370101.0,14,1410113,12,,1,,,7.0,6,,2024
407370101.0,14,1410113,8,,1,,,7.0,2,,2024
407370201.0,14,1410113,38,1,2,,,9.0,4,1,2024
407370201.0,14,1410113,39,1,2,,,9.0,4,0,2024
407370501.0,14,1410113,1,,1,,,2.0,,,2024
407370501.0,14,1410113,46,1,1,,,13.0,2,1,2024
407370501.0,14,1410113,25,1,1,,,13.0,2,0,2024
407370701.0,14,1410113,63,1,2,,,7.0,8,1,2024
407370701.0,14,1410113,27,1,2,,,13.0,4,0,2024
408000101.0,14,1410112,57,1,2,,,11.0,4,1,2024
408000101.0,14,1410112,31,1,2,,,13.0,2,0,2024
408000201.0,14,1410112,42,1,2,,,9.0,4,1,2024
408000201.0,14,1410112,44,1,2,,,9.0,4,0,2024
408000201.0,14,1410112,13,,1,,,7.0,8,,2024
408000301.0,14,1410112,64,1,2,,,9.0,1,1,2024
408000401.0,14,1410112,61,1,2,,,7.0,5,1,2024
408000401.0,14,1410112,61,1,2,,,7.0,8,0,2024
408000501.0,14,1410112,64,1,2,,,11.0,2,1,2024
408000601.0,14,1410112,63,1,2,,,10.0,3,1,2024
408000601.0,14,1410112,74,1,2,,,8.0,6,0,2024
408000701.0,14,1410112,32,1,2,,,9.0,4,1,2024
408000701.0,14,1410112,37,1,2,,,14.0,2,0,2024
408000701.0,14,1410112,60,1,2,,,11.0,4,0,2024
408000801.0,14,1410112,68,1,2,,,14.0,4,1,2024
408870301.0,14,1410112,72,1,2,,,10.0,2,1,2024
408870401.0,14,1410112,41,1,2,,,13.0,5,1,2024
408870401.0,14,1410112,58,1,2,,,11.0,4,0,2024
408870401.0,14,1410112,11,,1,,,7.0,5,,2024
408870401.0,14,1410112,4,,1,,,4.0,,,2024
408870501.0,14,1410112,67,1,2,,,13.0,5,1,2024
408870501.0,14,1410112,30,1,2,,,13.0,5,0,2024
408870601.0,14,1410112,51,1,2,,,9.0,4,1,2024
408870801.0,14,1410112,82,1,2,,,8.0,1,1,2024
409650101.0,14,1410113,80,1,2,,,6.0,3,1,2024
409650101.0,14,1410113,81,1,2,,,10.0,5,0,2024
409650201.0,14,1410113,33,1,2,,,12.0,3,1,2024
409650201.0,14,1410113,28,1,2,,,9.0,4,0,2024
409650201.0,14,1410113,15,1,1,,,7.0,8,0,2024
409650201.0,14,1410113,2,,1,,,2.0,,,2024
409650501.0,14,1410113,74,1,2,,,6.0,5,1,2024
409650501.0,14,1410113,75,1,2,,,8.0,1,0,2024
409650501.0,14,1410113,34,1,2,,,12.0,3,0,2024
409650501.0,14,1410113,25,1,1,,,12.0,3,0,2024
409650601.0,14,1410113,63,2,2,,,7.0,4,1,2024
409650601.0,14,1410113,32,1,2,,,11.0,3,0,2024
409650601.0,14,1410113,30,1,2,,,11.0,4,0,2024
409650601.0,14,1410113,5,,1,,,4.0,,,2024
409770101.0,14,1410524,37,1,2,,,12.0,3,0,2024
409770101.0,14,1410524,39,1,2,,,12.0,3,1,2024
409770101.0,14,1410524,1,,2,,,1.0,,,2024
409770301.0,14,1410524,61,1,2,,,7.0,7,1,2024
409770501.0,14,1410524,79,1,2,,,13.0,9,0,2024
409770501.0,14,1410524,78,1,2,,,8.0,4,1,2024
409770601.0,14,1410524,80,1,2,,,6.0,2,1,2024
409770801.0,14,1410524,47,1,2,,,13.0,4,1,2024
409770801.0,14,1410524,43,1,2,,,13.0,4,0,2024
409770901.0,14,1410524,51,1,2,,,9.0,4,1,2024
409770901.0,14,1410524,50,1,2,,,9.0,4,0,2024
409771001.0,14,1410524,46,1,2,,,9.0,4,0,2024
409771001.0,14,1410524,16,1,1,,,9.0,3,0,2024
409771001.0,14,1410524,48,1,2,,,12.0,3,1,2024
409810101.0,14,1410121,47,1,2,,,13.0,5,1,2024
409810101.0,14,1410121,48,1,2,,,11.0,5,0,2024
409810101.0,14,1410121,11,,1,,,7.0,5,,2024
409810201.0,14,1410121,68,1,2,,,6.0,6,1,2024
409810201.0,14,1410121,67,1,2,,,9.0,1,0,2024
409810301.0,14,1410121,51,1,2,,,9.0,4,1,2024
409810301.0,14,1410121,71,1,2,,,8.0,4,0,2024
409810301.0,14,1410121,17,1,1,,,9.0,3,0,2024
409810301.0,14,1410121,13,,1,,,7.0,8,,2024
409810401.0,14,1410121,75,1,2,,,6.0,1,1,2024
409810501.0,14,1410121,48,1,2,,,9.0,4,1,2024
409810501.0,14,1410121,35,1,2,,,9.0,4,0,2024
409810501.0,14,1410121,9,,1,,,7.0,3,,2024
409810701.0,14,1410121,58,1,2,,,9.0,4,0,2024
409810701.0,14,1410121,48,1,2,,,7.0,8,1,2024
409810701.0,14,1410121,24,1,1,,,13.0,5,0,2024
409810801.0,14,1410121,61,1,2,,,7.0,4,1,2024
409810801.0,14,1410121,61,1,2,,,11.0,4,0,2024
409811001.0,14,1410121,69,1,2,,,9.0,4,1,2024
411230401.0,14,1410511,27,1,2,,,12.0,3,1,2024
411230501.0,14,1410511,73,1,2,,,6.0,6,1,2024
411230501.0,14,1410511,72,1,2,,,8.0,4,0,2024
411230601.0,14,1410511,39,1,2,,,9.0,4,1,2024
411230601.0,14,1410511,11,,1,,,7.0,5,,2024
411230601.0,14,1410511,52,1,2,,,9.0,2,0,2024
411230701.0,14,1410511,56,1,2,,,7.0,8,1,2024
411230701.0,14,1410511,28,1,2,,,9.0,2,0,2024
411230701.0,14,1410511,19,1,2,16,3,9.0,4,0,2024
411230701.0,14,1410511,17,1,1,,,9.0,2,0,2024
411230701.0,14,1410511,14,,1,,,7.0,8,0,2024
411230801.0,14,1410511,66,1,2,,,7.0,6,0,2024
411230801.0,14,1410511,56,1,2,,,7.0,6,1,2024
411450101.0,14,1410112,62,1,2,,,13.0,5,1,2024
411450101.0,14,1410112,74,1,2,,,12.0,3,0,2024
411450301.0,14,1410112,71,1,2,,,13.0,1,1,2024
411450301.0,14,1410112,95,4,2,,,8.0,3,0,2024
411450401.0,14,1410112,81,1,2,,,10.0,4,1,2024
413040201.0,14,1420324,34,1,2,,,7.0,4,1,2024
413040201.0,14,1420324,20,1,1,,,11.0,4,0,2024
413040201.0,14,1420324,15,1,1,,,11.0,1,0,2024
413040201.0,14,1420324,13,,1,,,7.0,7,,2024
413040201.0,14,1420324,2,,2,,,1.0,,,2024
413041001.0,14,1420324,58,1,2,,,9.0,4,1,2024
413041001.0,14,1420324,53,1,2,,,7.0,8,0,2024
413041001.0,14,1420324,24,1,1,,,13.0,2,0,2024
413041001.0,14,1420324,24,1,1,,,13.0,4,0,2024
413041001.0,14,1420324,19,1,1,,,13.0,1,0,2024
413041001.0,14,1420324,11,,1,,,7.0,5,,2024
413820201.0,14,1410112,51,1,2,,,13.0,5,1,2024
413820201.0,14,1410112,81,1,2,,,13.0,5,0,2024
413820401.0,14,1410112,47,4,2,,,7.0,3,0,2024
413820401.0,14,1410112,48,1,2,,,7.0,4,1,2024
413820401.0,14,1410112,22,1,2,12,4,11.0,4,0,2024
413820401.0,14,1410112,11,,1,,,7.0,5,,2024
413820601.0,14,1410112,53,1,2,,,13.0,2,1,2024
413820601.0,14,1410112,32,1,2,,,11.0,4,0,2024
413820601.0,14,1410112,16,1,1,,,9.0,2,0,2024
413820601.0,14,1410112,7,,1,,,7.0,2,,2024
413820701.0,14,1410112,29,1,2,,,9.0,4,1,2024
413820701.0,14,1410112,27,1,2,,,9.0,4,0,2024
413820701.0,14,1410112,2,,2,,,1.0,,,2024
414030101.0,14,1410112,88,1,2,,,8.0,6,1,2024
414030101.0,14,1410112,21,1,2,12,3,9.0,4,0,2024
414030201.0,14,1410112,74,1,2,,,8.0,1,1,2024
414030201.0,14,1410112,22,1,1,,,13.0,1,0,2024
414030301.0,14,1410112,65,1,2,,,9.0,1,1,2024
414030301.0,14,1410112,87,1,2,,,8.0,6,0,2024
414030401.0,14,1410112,59,1,2,,,12.0,3,1,2024
414030401.0,14,1410112,28,1,2,,,13.0,5,0,2024
414030401.0,14,1410112,24,1,2,8,2,13.0,5,0,2024
414030401.0,14,1410112,43,1,2,,,9.0,4,0,2024
414030501.0,14,1410112,67,1,2,,,7.0,8,1,2024
414030501.0,14,1410112,27,1,2,,,13.0,1,0,2024
414030701.0,14,1410112,76,1,2,,,6.0,3,1,2024
414030701.0,14,1410112,37,1,2,,,11.0,5,0,2024
414030801.0,14,1410112,59,1,2,,,9.0,4,1,2024
414030801.0,14,1410112,24,1,2,11,4,12.0,1,0,2024
414900101.0,14,1410113,29,1,2,,,12.0,3,1,2024
414900101.0,14,1410113,3,,2,,,1.0,,,2024
414900201.0,14,1410113,55,1,2,,,11.0,5,1,2024
414900301.0,14,1410113,52,1,2,,,9.0,4,1,2024
414900301.0,14,1410113,29,1,2,,,13.0,6,0,2024
414900301.0,14,1410113,20,1,1,,,13.0,2,0,2024
414900401.0,14,1410113,59,1,2,,,9.0,4,0,2024
414900401.0,14,1410113,68,1,2,,,11.0,2,1,2024
414900401.0,14,1410113,18,1,1,,,9.0,4,0,2024
414900401.0,14,1410113,43,1,2,,,13.0,5,0,2024
414900501.0,14,1410113,58,1,2,,,15.0,4,1,2024
414900501.0,14,1410113,58,1,2,,,12.0,3,0,2024
414900601.0,14,1410113,48,1,2,,,11.0,4,1,2024
414900801.0,14,1410113,50,1,2,,,13.0,5,1,2024
414900801.0,14,1410113,21,1,1,,,13.0,4,0,2024
414920101.0,14,1410111,58,1,2,,,9.0,2,1,2024
414920101.0,14,1410111,61,1,2,,,9.0,4,0,2024
414920101.0,14,1410111,22,1,1,,,13.0,3,0,2024
414920201.0,14,1410111,62,1,2,,,9.0,4,0,2024
414920201.0,14,1410111,64,1,2,,,11.0,2,1,2024
414920201.0,14,1410111,31,1,2,,,13.0,5,0,2024
414920301.0,14,1410111,57,1,2,,,9.0,4,1,2024
414920301.0,14,1410111,68,1,2,,,8.0,4,0,2024
414920301.0,14,1410111,70,1,2,,,6.0,4,0,2024
414920301.0,14,1410111,26,1,1,,,13.0,5,0,2024
414920401.0,14,1410111,51,1,2,,,7.0,8,1,2024
414920401.0,14,1410111,7,,1,,,7.0,1,,2024
414920501.0,14,1410111,82,1,2,,,6.0,-88,0,2024
414920501.0,14,1410111,83,1,2,,,6.0,6,1,2024
414920601.0,14,1410111,27,1,2,,,9.0,4,0,2024
414920601.0,14,1410111,26,1,2,,,9.0,4,1,2024
414920801.0,14,1410111,51,1,2,,,9.0,4,1,2024
414920801.0,14,1410111,56,1,2,,,7.0,8,0,2024
417170101.0,14,1410112,37,1,2,,,12.0,2,0,2024
417170101.0,14,1410112,34,1,2,,,12.0,1,1,2024
417170101.0,14,1410112,18,1,1,,,9.0,4,0,2024
417170101.0,14,1410112,12,,1,,,7.0,7,,2024
417170101.0,14,1410112,1,,1,,,2.0,,,2024
417170201.0,14,1410112,59,1,2,,,9.0,4,1,2024
417170401.0,14,1410112,76,1,2,,,6.0,6,1,2024
417170501.0,14,1410112,58,1,2,,,7.0,7,1,2024
417170501.0,14,1410112,99,2,2,,,7.0,2,0,2024
417170601.0,14,1410112,34,1,2,,,9.0,4,1,2024
417170601.0,14,1410112,0,,2,,,1.0,,,2024
417170601.0,14,1410112,11,,1,,,7.0,6,,2024
417170701.0,14,1410112,67,1,2,,,7.0,8,1,2024
417170701.0,14,1410112,68,1,2,,,9.0,1,0,2024
417410101.0,14,1420416,69,1,2,,,7.0,8,1,2024
417410101.0,14,1420416,29,1,2,,,9.0,4,0,2024
417410101.0,14,1420416,12,,1,,,7.0,7,,2024
417410201.0,14,1420416,76,1,2,,,6.0,3,1,2024
417410201.0,14,1420416,32,4,2,,,5.0,,0,2024
417410201.0,14,1420416,34,1,2,,,9.0,4,0,2024
417410301.0,14,1420416,86,4,2,,,1.0,,1,2024
417410301.0,14,1420416,20,1,1,,,11.0,4,0,2024
417410302.0,14,1420416,32,1,2,,,9.0,4,1,2024
417410302.0,14,1420416,15,1,1,,,11.0,2,0,2024
417410401.0,14,1420416,36,1,1,,,13.0,4,1,2024
417410401.0,14,1420416,18,1,1,,,9.0,4,0,2024
417410501.0,14,1420416,58,1,2,,,7.0,8,1,2024
417410501.0,14,1420416,40,1,2,,,9.0,2,0,2024
417410501.0,14,1420416,5,,1,,,4.0,,,2024
417410501.0,14,1420416,16,1,1,,,11.0,3,0,2024
417410501.0,14,1420416,8,,1,,,7.0,3,,2024
417410601.0,14,1420416,31,1,2,,,13.0,4,1,2024
417410601.0,14,1420416,24,1,2,8,4,9.0,4,0,2024
417410601.0,14,1420416,22,1,1,,,12.0,3,0,2024
417410601.0,14,1420416,58,1,2,,,13.0,4,0,2024
417410601.0,14,1420416,8,,1,,,7.0,2,,2024
417410701.0,14,1420416,51,1,2,,,9.0,4,1,2024
417410701.0,14,1420416,20,1,1,,,13.0,3,0,2024
417410701.0,14,1420416,14,,1,,,7.0,8,0,2024
417410801.0,14,1420416,54,1,2,,,9.0,4,1,2024
417410801.0,14,1420416,28,1,2,,,9.0,4,0,2024
417410801.0,14,1420416,29,1,2,,,11.0,4,0,2024
417430101.0,14,1410111,50,1,2,,,11.0,4,0,2024
417430101.0,14,1410111,65,1,2,,,7.0,8,0,2024
417430101.0,14,1410111,20,1,1,,,13.0,1,0,2024
417430101.0,14,1410111,70,1,2,,,6.0,2,1,2024
417430101.0,14,1410111,70,1,2,,,6.0,2,0,2024
417430201.0,14,1410111,63,2,2,,,7.0,4,1,2024
417430201.0,14,1410111,47,1,2,,,12.0,1,0,2024
417430201.0,14,1410111,21,1,1,,,13.0,2,0,2024
417430201.0,14,1410111,20,1,1,,,12.0,1,0,2024
417430401.0,14,1410111,71,4,2,,,7.0,1,1,2024
417430401.0,14,1410111,82,1,2,,,8.0,6,0,2024
417430401.0,14,1410111,47,1,2,,,9.0,4,0,2024
417810201.0,14,1420111,70,1,2,,,11.0,2,1,2024
417810301.0,14,1420111,71,1,2,,,13.0,5,1,2024
417810301.0,14,1420111,45,1,2,,,13.0,5,0,2024
417810501.0,14,1420111,58,1,2,,,11.0,5,1,2024
417810501.0,14,1420111,27,1,2,,,13.0,5,0,2024
417810701.0,14,1420111,68,1,2,,,9.0,3,1,2024
417810701.0,14,1420111,34,1,2,,,12.0,3,0,2024
418040101.0,14,1410112,28,1,2,,,11.0,5,1,2024
418040101.0,14,1410112,29,1,2,,,9.0,4,0,2024
418040101.0,14,1410112,7,,1,,,7.0,1,,2024
418040101.0,14,1410112,2,,1,,,2.0,,,2024
418040201.0,14,1410112,74,1,2,,,10.0,2,1,2024
418040201.0,14,1410112,40,1,2,,,13.0,5,0,2024
418040201.0,14,1410112,12,,1,,,7.0,6,,2024
418040301.0,14,1410112,53,1,2,,,13.0,2,1,2024
418040301.0,14,1410112,50,1,2,,,11.0,4,0,2024
418040301.0,14,1410112,20,1,1,,,13.0,3,0,2024
418040301.0,14,1410112,15,1,1,,,9.0,1,0,2024
418040301.0,14,1410112,23,1,2,8,3,13.0,4,0,2024
418040401.0,14,1410112,50,1,2,,,9.0,3,1,2024
418040401.0,14,1410112,20,1,1,,,13.0,1,0,2024
418040401.0,14,1410112,17,1,1,,,9.0,2,0,2024
418040401.0,14,1410112,20,1,2,11,2,12.0,1,0,2024
418040501.0,14,1410112,36,1,2,,,9.0,4,1,2024
418040501.0,14,1410112,39,1,2,,,9.0,2,0,2024
418040501.0,14,1410112,23,1,1,,,13.0,2,0,2024
418040601.0,14,1410112,84,1,2,,,6.0,6,1,2024
418040601.0,14,1410112,57,1,2,,,11.0,2,0,2024
418390201.0,14,1420324,29,1,2,,,12.0,3,1,2024
418390201.0,14,1420324,1,,2,,,1.0,,,2024
418390201.0,14,1420324,29,1,2,,,12.0,3,0,2024
418390301.0,14,1420324,35,1,2,,,9.0,4,1,2024
418390301.0,14,1420324,33,1,2,,,11.0,4,0,2024
418390301.0,14,1420324,1,,2,,,1.0,,,2024
418390301.0,14,1420324,11,,1,,,7.0,5,,2024
418390401.0,14,1420324,62,1,2,,,9.0,4,1,2024
418390501.0,14,1420324,47,1,2,,,12.0,3,1,2024
418390501.0,14,1420324,49,1,2,,,13.0,5,0,2024
418390601.0,14,1420324,44,1,2,,,7.0,5,0,2024
418390601.0,14,1420324,59,4,2,,,7.0,3,1,2024
418390701.0,14,1420324,40,1,2,,,12.0,2,1,2024
418390801.0,14,1420324,60,1,2,,,9.0,4,1,2024
418390801.0,14,1420324,18,1,2,8,1,11.0,4,0,2024
418391001.0,14,1420324,47,1,2,,,9.0,4,1,2024
418391001.0,14,1420324,22,1,1,,,12.0,3,0,2024
418391001.0,14,1420324,16,1,1,,,9.0,3,0,2024
418391001.0,14,1420324,5,,1,,,4.0,,,2024
418510101.0,14,1410112,24,1,1,,,13.0,5,1,2024
418510101.0,14,1410112,23,1,1,,,13.0,3,0,2024
418510501.0,14,1410112,62,1,2,,,14.0,2,1,2024
418510501.0,14,1410112,60,1,2,,,14.0,2,0,2024
418510501.0,14,1410112,85,1,2,,,12.0,3,0,2024
418510701.0,14,1410112,63,1,2,,,9.0,4,1,2024
418510701.0,14,1410112,43,1,2,,,13.0,5,0,2024
418510801.0,14,1410112,59,1,2,,,13.0,4,1,2024
420010101.0,14,1410112,75,1,2,,,6.0,6,1,2024
420010101.0,14,1410112,30,1,2,,,9.0,4,0,2024
420010201.0,14,1410112,22,1,1,,,13.0,4,1,2024
420010401.0,14,1410112,38,1,2,,,12.0,1,1,2024
420010401.0,14,1410112,13,,1,,,7.0,8,,2024
420010401.0,14,1410112,7,,1,,,7.0,1,,2024
420010401.0,14,1410112,3,,2,,,1.0,,,2024
420010501.0,14,1410112,53,1,2,,,9.0,4,1,2024
420010501.0,14,1410112,22,1,2,7,2,13.0,3,0,2024
420010501.0,14,1410112,34,1,2,,,13.0,5,0,2024
420010501.0,14,1410112,32,1,2,,,13.0,5,0,2024
420010501.0,14,1410112,58,1,2,,,12.0,3,0,2024
420010601.0,14,1410112,57,1,2,,,13.0,4,1,2024
420010601.0,14,1410112,18,1,1,,,9.0,4,0,2024
420010801.0,14,1410112,26,1,2,,,11.0,4,1,2024
420010801.0,14,1410112,26,1,2,,,11.0,4,0,2024
420090101.0,14,1410111,54,1,2,,,4.0,,1,2024
420090201.0,14,1410111,54,1,2,,,7.0,5,1,2024
420090301.0,14,1410111,42,1,2,,,11.0,4,1,2024
420090301.0,14,1410111,44,1,2,,,9.0,4,0,2024
420090301.0,14,1410111,21,1,1,,,13.0,1,0,2024
420090301.0,14,1410111,23,1,1,,,13.0,1,0,2024
420090401.0,14,1410111,77,1,2,,,6.0,6,1,2024
420090401.0,14,1410111,49,1,2,,,9.0,4,0,2024
420090401.0,14,1410111,33,1,2,,,9.0,4,0,2024
420090401.0,14,1410111,29,1,2,,,11.0,4,0,2024
420090401.0,14,1410111,27,1,1,,,9.0,4,0,2024
420090501.0,14,1410111,76,1,2,,,1.0,,1,2024
420090501.0,14,1410111,36,1,2,,,12.0,3,0,2024
420090701.0,14,1410111,77,1,2,,,6.0,2,1,2024
420090801.0,14,1410111,60,1,2,,,7.0,8,1,2024
420320201.0,14,1410112,62,1,2,,,13.0,5,1,2024
420320201.0,14,1410112,62,1,2,,,12.0,2,0,2024
420320201.0,14,1410112,26,1,1,,,13.0,4,0,2024
420320301.0,14,1410112,51,1,2,,,12.0,2,1,2024
420320301.0,14,1410112,22,1,1,,,12.0,2,0,2024
420320301.0,14,1410112,74,1,2,,,8.0,3,0,2024
420320401.0,14,1410112,71,1,2,,,13.0,5,1,2024
420320401.0,14,1410112,17,1,1,,,9.0,4,0,2024
420320401.0,14,1410112,40,1,2,,,9.0,4,0,2024
420320501.0,14,1410112,45,1,2,,,13.0,4,1,2024
420320501.0,14,1410112,23,1,2,12,2,12.0,3,0,2024
420320601.0,14,1410112,67,1,2,,,9.0,4,1,2024
420320601.0,14,1410112,38,1,2,,,12.0,3,0,2024
420320601.0,14,1410112,8,,1,,,7.0,2,,2024
420320601.0,14,1410112,11,,1,,,7.0,5,,2024
420320701.0,14,1410112,69,1,2,,,13.0,4,0,2024
420320701.0,14,1410112,70,1,2,,,13.0,3,1,2024
420320701.0,14,1410112,38,1,1,,,14.0,1,0,2024
420320801.0,14,1410112,62,1,2,,,13.0,2,1,2024
420320801.0,14,1410112,59,1,2,,,13.0,4,0,2024
420320801.0,14,1410112,22,1,1,,,13.0,4,0,2024
421160101.0,14,1410824,77,1,2,,,6.0,3,1,2024
421160101.0,14,1410824,64,1,2,,,7.0,7,0,2024
421160201.0,14,1410824,48,4,2,,,7.0,2,1,2024
421160401.0,14,1410824,46,1,2,,,12.0,3,1,2024
421160401.0,14,1410824,7,,1,,,7.0,1,,2024
421160401.0,14,1410824,2,,1,,,3.0,,,2024
421160401.0,14,1410824,18,1,2,8,1,9.0,4,0,2024
421160401.0,14,1410824,45,1,2,,,9.0,4,0,2024
421160501.0,14,1410824,75,1,2,,,6.0,6,1,2024
421160701.0,14,1410824,34,1,2,,,9.0,4,1,2024
421160701.0,14,1410824,14,,1,,,9.0,1,0,2024
421160701.0,14,1410824,13,,1,,,7.0,7,,2024
421160701.0,14,1410824,10,,1,,,7.0,4,,2024
421160801.0,14,1410824,34,1,2,,,13.0,5,0,2024
421160801.0,14,1410824,68,1,2,,,7.0,8,1,2024
421160901.0,14,1410824,37,1,2,,,9.0,4,1,2024
421160901.0,14,1410824,31,1,2,,,9.0,3,0,2024
421160901.0,14,1410824,11,,1,,,7.0,5,,2024
421160901.0,14,1410824,8,,1,,,7.0,1,,2024
421440201.0,14,1420214,58,1,2,,,7.0,7,1,2024
421440201.0,14,1420214,71,1,2,,,7.0,7,0,2024
421440201.0,14,1420214,27,1,2,,,9.0,4,0,2024
421440401.0,14,1420214,63,1,2,,,8.0,4,1,2024
421440501.0,14,1420214,78,1,2,,,8.0,4,1,2024
421440501.0,14,1420214,78,1,2,,,8.0,4,0,2024
421440501.0,14,1420214,22,1,2,8,4,9.0,4,0,2024
421440701.0,14,1420214,54,1,2,,,9.0,3,1,2024
421440701.0,14,1420214,31,1,2,,,12.0,3,0,2024
421440701.0,14,1420214,17,1,1,,,9.0,3,0,2024
421440801.0,14,1420214,48,1,2,,,13.0,5,1,2024
421440801.0,14,1420214,35,1,2,,,13.0,5,0,2024
421680101.0,14,1410111,65,1,2,,,9.0,4,1,2024
421680101.0,14,1410111,64,1,2,,,11.0,4,0,2024
421680501.0,14,1410111,81,1,2,,,6.0,6,1,2024
421680501.0,14,1410111,85,1,2,,,8.0,1,0,2024
421680701.0,14,1410111,70,1,2,,,10.0,4,1,2024
421680701.0,14,1410111,31,1,2,,,13.0,5,0,2024
421680801.0,14,1410111,23,1,2,8,4,9.0,4,1,2024
421960301.0,14,1410112,50,1,2,,,13.0,5,1,2024
421960301.0,14,1410112,12,,1,,,7.0,7,,2024
421960401.0,14,1410112,63,1,2,,,11.0,4,1,2024
421960401.0,14,1410112,70,1,2,,,9.0,2,0,2024
421960401.0,14,1410112,50,1,2,,,12.0,3,0,2024
421960401.0,14,1410112,15,1,1,,,9.0,1,0,2024
421960501.0,14,1410112,42,1,2,,,13.0,4,0,2024
421960501.0,14,1410112,42,1,2,,,13.0,5,1,2024
421960501.0,14,1410112,13,,1,,,7.0,7,,2024
421960701.0,14,1410112,85,1,2,,,13.0,6,1,2024
421960701.0,14,1410112,73,1,2,,,13.0,5,0,2024
421960701.0,14,1410112,25,1,2,5,5,1.0,,0,2024
421960701.0,14,1410112,22,1,1,,,13.0,3,0,2024
423330101.0,14,1420214,52,1,2,,,7.0,8,1,2024
423330101.0,14,1420214,24,1,2,8,4,12.0,3,0,2024
423330101.0,14,1420214,44,1,2,,,7.0,8,0,2024
423330201.0,14,1420214,72,1,2,,,7.0,1,1,2024
423330301.0,14,1420214,32,1,2,,,11.0,4,1,2024
423330301.0,14,1420214,33,1,2,,,11.0,4,0,2024
423330301.0,14,1420214,15,1,1,,,7.0,1,0,2024
423330301.0,14,1420214,7,,1,,,7.0,1,,2024
423330401.0,14,1420214,36,1,2,,,13.0,5,1,2024
423330401.0,14,1420214,35,1,2,,,9.0,4,0,2024
423330401.0,14,1420214,16,1,1,,,9.0,3,0,2024
423330401.0,14,1420214,9,,1,,,7.0,4,,2024
423330501.0,14,1420214,43,1,2,,,12.0,3,0,2024
423330501.0,14,1420214,50,1,2,,,7.0,8,1,2024
423330501.0,14,1420214,24,1,1,,,12.0,1,0,2024
423330501.0,14,1420214,16,1,1,,,9.0,3,0,2024
423330701.0,14,1420214,35,1,2,,,7.0,6,1,2024
423330701.0,14,1420214,17,1,1,,,11.0,1,0,2024
423330701.0,14,1420214,13,,1,,,7.0,7,,2024
423330801.0,14,1420214,49,1,2,,,13.0,5,1,2024
423330801.0,14,1420214,16,4,1,,,5.0,,0,2024
423330801.0,14,1420214,6,,1,,,7.0,1,,2024
423330801.0,14,1420214,55,1,2,,,9.0,4,0,2024
423900101.0,14,1410824,69,1,2,,,6.0,5,1,2024
423900101.0,14,1410824,60,1,2,,,7.0,5,0,2024
423900201.0,14,1410824,34,1,2,,,9.0,4,1,2024
423900201.0,14,1410824,35,1,2,,,9.0,4,0,2024
423900201.0,14,1410824,6,,1,,,4.0,,,2024
423900201.0,14,1410824,50,1,2,,,7.0,4,0,2024
423900401.0,14,1410824,90,4,2,,,6.0,1,1,2024
423900601.0,14,1410824,76,4,2,,,6.0,3,1,2024
423900701.0,14,1410824,83,1,2,,,6.0,4,1,2024
423900701.0,14,1410824,48,1,2,,,9.0,1,0,2024
423900801.0,14,1410824,51,1,2,,,7.0,7,1,2024
423900801.0,14,1410824,58,1,2,,,7.0,7,0,2024
423900901.0,14,1410824,35,1,2,,,7.0,8,0,2024
423900901.0,14,1410824,48,1,2,,,7.0,5,1,2024
423900901.0,14,1410824,5,,2,,,1.0,,,2024
423901001.0,14,1410824,37,1,2,,,7.0,7,1,2024
423901001.0,14,1410824,36,1,2,,,9.0,4,0,2024
423901001.0,14,1410824,18,1,1,,,11.0,4,0,2024
423901001.0,14,1410824,7,,1,,,7.0,1,,2024
423901001.0,14,1410824,3,,2,,,1.0,,,2024
424200101.0,14,1420117,32,1,2,,,11.0,4,1,2024
424200101.0,14,1420117,43,1,2,,,11.0,3,0,2024
424200101.0,14,1420117,24,1,1,,,13.0,4,0,2024
424200201.0,14,1420117,42,1,2,,,13.0,6,0,2024
424200201.0,14,1420117,77,4,2,,,1.0,,1,2024
424200201.0,14,1420117,38,1,2,,,9.0,4,0,2024
424200301.0,14,1420117,37,1,2,,,13.0,4,1,2024
424200301.0,14,1420117,45,1,2,,,14.0,2,0,2024
424200301.0,14,1420117,11,,1,,,5.0,,,2024
424200301.0,14,1420117,7,,1,,,7.0,2,,2024
424200401.0,14,1420117,65,1,2,,,13.0,4,1,2024
424200401.0,14,1420117,63,1,2,,,9.0,4,0,2024
424200501.0,14,1420117,64,1,2,,,9.0,4,1,2024
424200501.0,14,1420117,58,1,2,,,9.0,4,0,2024
424200601.0,14,1420117,37,1,2,,,13.0,6,1,2024
424200601.0,14,1420117,36,1,2,,,13.0,6,0,2024
424200601.0,14,1420117,1,,2,,,1.0,,,2024
424200701.0,14,1420117,38,1,2,,,13.0,5,0,2024
424200701.0,14,1420117,40,1,2,,,13.0,5,1,2024
424200701.0,14,1420117,6,,1,,,4.0,,,2024
424200701.0,14,1420117,1,,1,,,2.0,,,2024
424200801.0,14,1420117,89,1,2,,,6.0,6,1,2024
424730101.0,14,1410824,59,1,2,,,7.0,5,1,2024
424730101.0,14,1410824,34,1,2,,,13.0,4,0,2024
424730101.0,14,1410824,89,4,2,,,6.0,3,0,2024
424730101.0,14,1410824,3,,2,,,1.0,,,2024
424730101.0,14,1410824,1,,2,,,1.0,,,2024
424730201.0,14,1410824,54,1,2,,,7.0,8,1,2024
424730201.0,14,1410824,61,4,2,,,7.0,3,0,2024
424730201.0,14,1410824,21,1,1,,,13.0,3,0,2024
424730301.0,14,1410824,69,1,2,,,7.0,8,1,2024
424730401.0,14,1410824,61,4,2,,,1.0,,1,2024
424730501.0,14,1410824,81,4,2,,,1.0,,1,2024
424730801.0,14,1410824,60,1,2,,,7.0,8,1,2024
424730801.0,14,1410824,59,1,2,,,9.0,2,0,2024
424730801.0,14,1410824,35,4,2,,,5.0,,0,2024
424730801.0,14,1410824,19,1,1,,,12.0,1,0,2024
424730901.0,14,1410824,37,1,2,,,7.0,8,0,2024
424730901.0,14,1410824,36,1,2,,,9.0,1,1,2024
424730901.0,14,1410824,15,1,1,,,11.0,1,0,2024
424730901.0,14,1410824,7,,1,,,7.0,1,,2024
424730901.0,14,1410824,1,,2,,,1.0,,,2024
425650401.0,14,1410824,56,4,2,,,7.0,6,1,2024
425650401.0,14,1410824,56,1,2,,,7.0,7,0,2024
425650501.0,14,1410824,61,1,2,,,7.0,1,1,2024
425650501.0,14,1410824,59,1,2,,,7.0,6,0,2024
425650701.0,14,1410824,49,1,2,,,7.0,8,1,2024
425650701.0,14,1410824,59,1,2,,,7.0,8,0,2024
425650701.0,14,1410824,23,1,2,8,1,12.0,3,0,2024
425650701.0,14,1410824,5,,1,,,4.0,,,2024
425650901.0,14,1410824,55,1,2,,,9.0,4,1,2024
426440101.0,14,1410414,28,1,2,,,9.0,4,0,2024
426440101.0,14,1410414,38,1,2,,,13.0,5,1,2024
426440201.0,14,1410414,35,1,2,,,12.0,3,1,2024
426440201.0,14,1410414,42,1,2,,,12.0,3,0,2024
426440201.0,14,1410414,0,,2,,,1.0,,,2024
426440301.0,14,1410414,48,4,2,,,1.0,,0,2024
426440301.0,14,1410414,53,1,2,,,7.0,-88,1,2024
426440301.0,14,1410414,15,1,2,16,1,9.0,1,0,2024
426440401.0,14,1410414,37,1,2,,,12.0,3,1,2024
426440401.0,14,1410414,39,1,2,,,13.0,4,0,2024
426440401.0,14,1410414,14,,2,17,2,9.0,1,0,2024
426440501.0,14,1410414,70,1,2,,,6.0,4,1,2024
426440501.0,14,1410414,41,1,2,,,13.0,5,0,2024
426440701.0,14,1410414,35,1,2,,,12.0,3,1,2024
426440701.0,14,1410414,35,1,2,,,9.0,4,0,2024
426440701.0,14,1410414,2,,1,,,3.0,,,2024
426440801.0,14,1410414,89,1,2,,,8.0,6,1,2024
426440801.0,14,1410414,93,1,2,,,8.0,3,0,2024
426440801.0,14,1410414,36,1,2,,,9.0,3,0,2024
427580101.0,14,1410112,46,1,2,,,13.0,5,1,2024
427580101.0,14,1410112,20,1,1,,,13.0,1,0,2024
427580101.0,14,1410112,3,,2,,,2.0,,,2024
427580101.0,14,1410112,66,1,2,,,12.0,3,0,2024
427580201.0,14,1410112,44,1,2,,,11.0,4,1,2024
427580201.0,14,1410112,9,,1,,,7.0,4,,2024
427580201.0,14,1410112,14,,1,,,7.0,8,0,2024
427580301.0,14,1410112,31,1,2,,,12.0,3,0,2024
427580301.0,14,1410112,31,1,2,,,12.0,3,1,2024
427580301.0,14,1410112,7,,1,,,7.0,2,,2024
427580301.0,14,1410112,1,,1,,,2.0,,,2024
427580401.0,14,1410112,84,1,2,,,6.0,5,1,2024
427580501.0,14,1410112,72,4,2,,,9.0,3,1,2024
427580501.0,14,1410112,66,1,2,,,7.0,8,0,2024
427580501.0,14,1410112,48,1,2,,,9.0,4,0,2024
427580501.0,14,1410112,20,1,2,5,4,9.0,4,0,2024
427580601.0,14,1410112,91,1,2,,,8.0,2,1,2024
427580601.0,14,1410112,67,1,2,,,7.0,4,0,2024
427580601.0,14,1410112,64,1,2,,,9.0,4,0,2024
427580801.0,14,1410112,29,1,2,,,9.0,4,0,2024
427580801.0,14,1410112,51,1,2,,,11.0,4,1,2024
427790101.0,14,1410113,60,1,2,,,13.0,4,1,2024
427790101.0,14,1410113,14,,1,,,9.0,1,0,2024
427790301.0,14,1410113,31,1,2,,,12.0,2,1,2024
427790401.0,14,1410113,59,1,2,,,13.0,5,1,2024
427790501.0,14,1410113,64,1,2,,,13.0,4,1,2024
427790501.0,14,1410113,31,1,2,,,13.0,5,0,2024
427790601.0,14,1410113,39,1,2,,,13.0,5,1,2024
427790601.0,14,1410113,8,,1,,,7.0,2,,2024
427790701.0,14,1410113,48,1,2,,,13.0,2,1,2024
427790701.0,14,1410113,43,1,2,,,9.0,2,0,2024
427790701.0,14,1410113,18,1,1,,,9.0,4,0,2024
427790701.0,14,1410113,21,1,1,,,13.0,2,0,2024
427790801.0,14,1410113,35,1,2,,,13.0,4,1,2024
427790801.0,14,1410113,4,,1,,,3.0,,,2024
427790801.0,14,1410113,8,,1,,,7.0,3,,2024
427790801.0,14,1410113,41,1,2,,,13.0,4,0,2024
428410101.0,14,1410724,37,1,2,,,11.0,4,1,2024
428410101.0,14,1410724,35,1,2,,,13.0,5,0,2024
428410101.0,14,1410724,7,,1,,,7.0,1,,2024
428410101.0,14,1410724,3,,1,,,3.0,,,2024
428410301.0,14,1410724,31,1,2,,,11.0,1,1,2024
428410401.0,14,1410724,53,1,2,,,9.0,4,1,2024
428410401.0,14,1410724,44,1,2,,,7.0,3,0,2024
428410401.0,14,1410724,15,1,1,,,11.0,2,0,2024
428410401.0,14,1410724,4,,1,,,3.0,,,2024
428410501.0,14,1410724,44,1,2,,,9.0,4,1,2024
428410501.0,14,1410724,44,1,2,,,7.0,8,0,2024
428410501.0,14,1410724,16,1,1,,,9.0,2,0,2024
428410601.0,14,1410724,62,1,2,,,9.0,3,0,2024
428410601.0,14,1410724,71,1,2,,,7.0,8,1,2024
428410601.0,14,1410724,42,1,2,,,12.0,3,0,2024
428410601.0,14,1410724,16,1,1,,,9.0,2,0,2024
428410601.0,14,1410724,16,1,1,,,9.0,2,0,2024
428410701.0,14,1410724,65,1,2,,,9.0,4,0,2024
428410701.0,14,1410724,89,1,2,,,7.0,4,1,2024
428410801.0,14,1410724,51,1,2,,,12.0,3,1,2024
428410801.0,14,1410724,47,1,2,,,13.0,3,0,2024
428410801.0,14,1410724,25,1,2,8,2,13.0,5,0,2024
428410801.0,14,1410724,20,1,1,,,13.0,2,0,2024
428410801.0,14,1410724,13,,1,,,7.0,7,,2024
428410901.0,14,1410724,30,1,2,,,11.0,4,1,2024
428411001.0,14,1410724,76,1,2,,,9.0,4,1,2024
428411001.0,14,1410724,44,4,2,,,7.0,3,0,2024
430220301.0,14,1410112,31,1,2,,,12.0,3,0,2024
430220301.0,14,1410112,62,1,2,,,11.0,4,1,2024
430220301.0,14,1410112,23,1,1,,,13.0,4,0,2024
430220401.0,14,1410112,33,1,2,,,9.0,4,1,2024
430220401.0,14,1410112,15,1,1,,,11.0,2,0,2024
430220401.0,14,1410112,8,,1,,,7.0,3,,2024
430220401.0,14,1410112,2,,2,,,1.0,,,2024
430220501.0,14,1410112,69,1,2,,,12.0,2,1,2024
430220501.0,14,1410112,70,1,2,,,9.0,4,0,2024
430220601.0,14,1410112,72,1,2,,,6.0,6,1,2024
430220701.0,14,1410112,62,1,2,,,12.0,3,0,2024
430220701.0,14,1410112,65,1,2,,,9.0,4,1,2024
430430101.0,14,1410112,33,1,2,,,13.0,4,1,2024
430430101.0,14,1410112,33,1,2,,,13.0,2,0,2024
430430101.0,14,1410112,0,,2,,,1.0,,,2024
430430501.0,14,1410112,39,1,2,,,9.0,4,1,2024
430430501.0,14,1410112,2,,2,,,1.0,,,2024
430430501.0,14,1410112,12,,1,,,7.0,7,,2024
430430501.0,14,1410112,7,,1,,,7.0,1,,2024
430430601.0,14,1410112,64,1,2,,,9.0,4,1,2024
430430601.0,14,1410112,36,1,2,,,13.0,5,0,2024
430430701.0,14,1410112,43,1,2,,,13.0,5,1,2024
430940101.0,14,1410814,44,1,2,,,9.0,2,1,2024
430940101.0,14,1410814,22,1,2,8,3,12.0,3,0,2024
430940101.0,14,1410814,12,,1,,,7.0,6,,2024
430940101.0,14,1410814,21,1,2,8,4,9.0,4,0,2024
430940101.0,14,1410814,86,1,2,,,6.0,3,0,2024
430940201.0,14,1410814,55,1,2,,,9.0,4,1,2024
430940201.0,14,1410814,58,1,2,,,9.0,4,0,2024
430940301.0,14,1410814,48,1,2,,,9.0,4,0,2024
430940301.0,14,1410814,52,1,2,,,9.0,4,1,2024
430940301.0,14,1410814,87,1,2,,,6.0,3,0,2024
430940401.0,14,1410814,68,1,2,,,9.0,4,1,2024
430940401.0,14,1410814,72,1,2,,,7.0,4,0,2024
430940501.0,14,1410814,22,1,1,,,13.0,4,0,2024
430940501.0,14,1410814,36,1,2,,,11.0,5,0,2024
430940501.0,14,1410814,59,1,2,,,9.0,4,1,2024
430940501.0,14,1410814,59,1,2,,,9.0,4,0,2024
430940601.0,14,1410814,35,1,2,,,12.0,2,0,2024
430940601.0,14,1410814,38,1,2,,,11.0,4,1,2024
430940601.0,14,1410814,10,,1,,,7.0,5,,2024
430940601.0,14,1410814,3,,1,,,3.0,,,2024
430940601.0,14,1410814,1,,1,,,2.0,,,2024
430940701.0,14,1410814,30,1,2,,,9.0,4,1,2024
430940701.0,14,1410814,36,1,2,,,9.0,4,0,2024
430940701.0,14,1410814,13,,1,,,7.0,7,,2024
430940801.0,14,1410814,73,1,2,,,9.0,4,1,2024
431210101.0,14,1410113,19,1,1,,,13.0,1,1,2024
431210101.0,14,1410113,22,1,1,,,13.0,3,0,2024
431210401.0,14,1410113,84,1,2,,,8.0,3,1,2024
431210701.0,14,1410113,35,1,2,,,11.0,4,1,2024
431210701.0,14,1410113,10,,1,,,7.0,4,,2024
431210701.0,14,1410113,6,,1,,,4.0,,,2024
431280201.0,14,1410111,74,1,2,,,6.0,5,1,2024
431280301.0,14,1410111,60,1,2,,,12.0,3,1,2024
431280401.0,14,1410111,42,1,2,,,12.0,1,1,2024
431280401.0,14,1410111,46,1,2,,,9.0,4,0,2024
431280401.0,14,1410111,16,1,1,,,9.0,3,0,2024
431280401.0,14,1410111,14,,1,,,9.0,1,0,2024
431280701.0,14,1410111,77,1,2,,,6.0,-88,1,2024
431280801.0,14,1410111,49,1,2,,,9.0,4,1,2024
431620201.0,14,1410113,27,1,2,,,12.0,2,0,2024
431620201.0,14,1410113,44,1,2,,,13.0,5,1,2024
431620301.0,14,1410113,68,1,2,,,8.0,4,0,2024
431620301.0,14,1410113,79,1,2,,,12.0,3,1,2024
431620501.0,14,1410113,45,1,2,,,13.0,5,1,2024
431620501.0,14,1410113,28,1,2,,,13.0,5,0,2024
431620601.0,14,1410113,22,1,1,,,13.0,2,0,2024
431620601.0,14,1410113,50,1,2,,,14.0,2,1,2024
431620601.0,14,1410113,10,,1,,,7.0,5,,2024
431620801.0,14,1410113,23,1,1,,,13.0,4,0,2024
431620801.0,14,1410113,35,1,1,,,12.0,2,1,2024
431730101.0,14,1410111,83,1,2,,,8.0,6,1,2024
431730101.0,14,1410111,36,1,1,,,12.0,3,0,2024
431730201.0,14,1410111,53,1,2,,,11.0,5,1,2024
431730201.0,14,1410111,32,1,2,,,11.0,4,0,2024
431730401.0,14,1410111,58,1,2,,,9.0,4,1,2024
431730401.0,14,1410111,55,1,2,,,9.0,4,0,2024
431730501.0,14,1410111,72,1,2,,,9.0,4,1,2024
431730501.0,14,1410111,73,1,2,,,10.0,5,0,2024
431730601.0,14,1410111,48,1,2,,,7.0,4,1,2024
431730601.0,14,1410111,58,1,2,,,11.0,4,0,2024
431730801.0,14,1410111,37,1,2,,,11.0,4,1,2024
431730801.0,14,1410111,35,1,2,,,11.0,4,0,2024
431730801.0,14,1410111,18,1,1,,,9.0,4,0,2024
431730801.0,14,1410111,4,,2,,,1.0,,,2024
431730801.0,14,1410111,2,,2,,,1.0,,,2024
431980101.0,14,1410112,21,1,1,,,13.0,2,1,2024
431980201.0,14,1410112,22,1,2,8,4,12.0,2,0,2024
431980201.0,14,1410112,38,1,2,,,13.0,4,0,2024
431980201.0,14,1410112,8,,1,,,7.0,2,,2024
431980201.0,14,1410112,46,1,2,,,13.0,4,1,2024
431980201.0,14,1410112,24,1,2,12,3,13.0,4,0,2024
431980301.0,14,1410112,36,1,1,,,14.0,3,1,2024
431980301.0,14,1410112,36,1,2,,,13.0,5,0,2024
432960101.0,14,1410814,35,1,2,,,13.0,4,1,2024
432960101.0,14,1410814,62,1,2,,,7.0,8,0,2024
432960101.0,14,1410814,5,,1,,,4.0,,,2024
432960201.0,14,1410814,62,1,2,,,12.0,3,1,2024
432960301.0,14,1410814,63,1,2,,,12.0,3,1,2024
432960501.0,14,1410814,35,1,2,,,9.0,4,1,2024
432960501.0,14,1410814,16,1,1,,,11.0,3,0,2024
432960501.0,14,1410814,14,,1,,,11.0,1,0,2024
432960501.0,14,1410814,8,,1,,,7.0,2,,2024
432960601.0,14,1410814,32,1,2,,,12.0,3,1,2024
432960601.0,14,1410814,43,1,2,,,9.0,1,0,2024
432960601.0,14,1410814,10,,1,,,7.0,4,,2024
432960801.0,14,1410814,49,1,2,,,9.0,4,1,2024
434090201.0,14,1410814,34,1,2,,,13.0,5,0,2024
434090201.0,14,1410814,72,1,2,,,6.0,3,1,2024
434090301.0,14,1410814,62,1,2,,,9.0,4,0,2024
434090301.0,14,1410814,55,1,2,,,12.0,3,1,2024
434090401.0,14,1410814,41,1,2,,,13.0,5,1,2024
434090701.0,14,1410814,68,1,2,,,13.0,5,1,2024
435330201.0,14,1410112,52,1,2,,,15.0,3,1,2024
435330201.0,14,1410112,57,1,2,,,15.0,6,0,2024
435330201.0,14,1410112,16,1,1,,,9.0,3,0,2024
435330401.0,14,1410112,27,1,1,,,13.0,1,0,2024
435330401.0,14,1410112,29,1,1,,,13.0,5,0,2024
435330401.0,14,1410112,60,1,2,,,14.0,3,1,2024
435330501.0,14,1410112,72,1,2,,,12.0,3,1,2024
435330501.0,14,1410112,37,1,2,,,13.0,5,0,2024
435330501.0,14,1410112,33,1,2,,,13.0,5,0,2024
435330501.0,14,1410112,72,1,2,,,9.0,4,0,2024
435330501.0,14,1410112,64,1,2,,,7.0,3,0,2024
435330801.0,14,1410112,77,1,2,,,12.0,3,1,2024
435330801.0,14,1410112,38,1,2,,,13.0,2,0,2024
435570201.0,14,1420111,28,1,2,,,12.0,3,1,2024
435570301.0,14,1420111,59,1,2,,,12.0,3,1,2024
435570301.0,14,1420111,90,1,2,,,6.0,6,0,2024
435570301.0,14,1420111,33,1,2,,,13.0,5,0,2024
435570301.0,14,1420111,27,1,2,,,12.0,3,0,2024
435570401.0,14,1420111,58,1,2,,,9.0,4,1,2024
435570401.0,14,1420111,21,1,1,,,13.0,1,0,2024
435570501.0,14,1420111,34,1,2,,,13.0,5,1,2024
435570601.0,14,1420111,35,1,2,,,11.0,5,0,2024
435570601.0,14,1420111,74,1,2,,,6.0,4,1,2024
435570601.0,14,1420111,12,,1,,,7.0,6,,2024
435570701.0,14,1420111,41,1,2,,,9.0,2,1,2024
435570701.0,14,1420111,36,1,2,,,9.0,4,0,2024
435570701.0,14,1420111,25,1,2,12,3,13.0,1,0,2024
435570701.0,14,1420111,15,1,1,,,9.0,1,0,2024
435570701.0,14,1420111,12,,1,,,7.0,6,,2024
435570701.0,14,1420111,9,,1,,,7.0,3,,2024
436170101.0,14,1410614,26,1,2,,,13.0,5,0,2024
436170101.0,14,1410614,54,1,2,,,13.0,1,1,2024
436170101.0,14,1410614,61,1,2,,,9.0,4,0,2024
436170201.0,14,1410614,75,1,2,,,13.0,3,1,2024
436170201.0,14,1410614,79,2,2,,,7.0,2,0,2024
436170301.0,14,1410614,40,1,2,,,12.0,1,1,2024
436170301.0,14,1410614,40,1,2,,,9.0,4,0,2024
436170301.0,14,1410614,10,,1,,,7.0,4,,2024
436170301.0,14,1410614,8,,1,,,7.0,2,,2024
436170401.0,14,1410614,64,1,2,,,9.0,4,1,2024
436170401.0,14,1410614,67,1,2,,,9.0,4,0,2024
436170401.0,14,1410614,8,,1,,,7.0,2,,2024
436170501.0,14,1410614,77,1,2,,,7.0,8,1,2024
436170501.0,14,1410614,16,1,1,,,9.0,2,0,2024
436170501.0,14,1410614,10,,1,,,7.0,4,,2024
436170501.0,14,1410614,67,1,2,,,7.0,8,0,2024
436170601.0,14,1410614,27,1,2,,,11.0,4,1,2024
436170601.0,14,1410614,25,1,2,12,4,12.0,3,0,2024
436170701.0,14,1410614,59,4,2,,,7.0,3,1,2024
436170801.0,14,1410614,50,1,2,,,9.0,2,1,2024
436170801.0,14,1410614,29,1,2,,,7.0,8,0,2024
436450101.0,14,1410112,49,1,2,,,7.0,8,1,2024
436450101.0,14,1410112,40,1,2,,,9.0,4,0,2024
436450101.0,14,1410112,17,1,1,,,9.0,4,0,2024
436450101.0,14,1410112,13,,1,,,7.0,8,,2024
436450101.0,14,1410112,0,,2,,,1.0,,,2024
436450201.0,14,1410112,55,1,2,,,9.0,1,1,2024
436450201.0,14,1410112,53,1,2,,,7.0,1,0,2024
436450201.0,14,1410112,10,,1,,,7.0,4,,2024
436450401.0,14,1410112,59,1,2,,,7.0,8,1,2024
436450501.0,14,1410112,34,1,2,,,11.0,4,1,2024
436450501.0,14,1410112,40,1,2,,,11.0,4,0,2024
436450501.0,14,1410112,5,,1,,,4.0,,,2024
436450601.0,14,1410112,52,1,2,,,13.0,5,1,2024
436450601.0,14,1410112,24,1,1,,,12.0,1,0,2024
436450601.0,14,1410112,3,,1,,,3.0,,,2024
436450701.0,14,1410112,40,1,2,,,12.0,3,1,2024
436450701.0,14,1410112,17,1,1,,,11.0,3,0,2024
436450801.0,14,1410112,63,1,2,,,7.0,6,0,2024
436450801.0,14,1410112,59,1,2,,,9.0,4,1,2024
436450801.0,14,1410112,22,1,2,12,-88,9.0,2,0,2024
436890101.0,14,1420111,27,1,2,,,11.0,4,1,2024
436890101.0,14,1420111,25,1,2,8,4,9.0,4,0,2024
436890101.0,14,1420111,6,,1,,,7.0,1,,2024
436890201.0,14,1420111,44,1,2,,,11.0,4,1,2024
436890201.0,14,1420111,39,1,2,,,9.0,4,0,2024
436890201.0,14,1420111,22,1,2,11,3,9.0,4,0,2024
436890301.0,14,1420111,62,1,2,,,7.0,8,1,2024
436890301.0,14,1420111,47,1,2,,,7.0,5,0,2024
436890401.0,14,1420111,50,1,2,,,9.0,4,1,2024
436890401.0,14,1420111,19,1,1,,,13.0,1,0,2024
436890601.0,14,1420111,52,1,2,,,7.0,8,1,2024
436890601.0,14,1420111,19,1,2,12,4,9.0,1,0,2024
436890701.0,14,1420111,41,1,2,,,9.0,4,1,2024
436890701.0,14,1420111,17,1,1,,,11.0,4,0,2024
436890701.0,14,1420111,12,,1,,,7.0,6,,2024
436890801.0,14,1420111,50,1,2,,,9.0,4,1,2024
436890801.0,14,1420111,57,1,2,,,7.0,6,0,2024
436890801.0,14,1420111,30,1,2,,,9.0,4,0,2024
436890801.0,14,1420111,10,,1,,,7.0,5,,2024
436950101.0,14,1410214,62,4,2,,,7.0,1,1,2024
436950201.0,14,1410214,36,1,2,,,9.0,2,1,2024
436950201.0,14,1410214,11,,1,,,7.0,5,,2024
436950201.0,14,1410214,33,1,2,,,9.0,2,0,2024
436950301.0,14,1410214,68,1,2,,,7.0,4,1,2024
436950401.0,14,1410214,47,1,2,,,9.0,4,0,2024
436950401.0,14,1410214,50,1,2,,,9.0,2,1,2024
436950401.0,14,1410214,24,1,2,8,4,12.0,3,0,2024
436950401.0,14,1410214,20,1,1,,,12.0,1,0,2024
436950501.0,14,1410214,44,1,2,,,9.0,2,1,2024
436950601.0,14,1410214,32,1,2,,,7.0,8,1,2024
436950601.0,14,1410214,11,,1,,,7.0,6,,2024
436950701.0,14,1410214,56,1,2,,,9.0,1,1,2024
436950701.0,14,1410214,46,1,2,,,9.0,4,0,2024
436950701.0,14,1410214,22,1,1,,,12.0,1,0,2024
436950701.0,14,1410214,16,1,1,,,9.0,2,0,2024
436950701.0,14,1410214,11,,1,,,7.0,5,,2024
437090101.0,14,1420111,51,1,2,,,9.0,2,1,2024
437090101.0,14,1420111,58,1,2,,,7.0,8,0,2024
437090101.0,14,1420111,13,,1,,,7.0,7,,2024
437090201.0,14,1420111,30,1,2,,,13.0,2,1,2024
437090301.0,14,1420111,58,1,2,,,9.0,4,1,2024
437090501.0,14,1420111,5,,1,,,4.0,,,2024
437090501.0,14,1420111,14,,1,,,7.0,8,0,2024
437090501.0,14,1420111,27,1,2,,,9.0,4,0,2024
437090501.0,14,1420111,19,1,2,12,2,9.0,4,0,2024
437090501.0,14,1420111,29,1,2,,,9.0,4,0,2024
437090501.0,14,1420111,23,1,2,12,4,9.0,4,1,2024
437090601.0,14,1420111,29,1,2,,,9.0,4,0,2024
437090601.0,14,1420111,10,,1,,,7.0,5,,2024
437090601.0,14,1420111,32,1,2,,,11.0,5,1,2024
437090701.0,14,1420111,75,4,2,,,1.0,,1,2024
437090701.0,14,1420111,86,1,2,,,6.0,2,0,2024
437090801.0,14,1420111,56,1,2,,,7.0,5,1,2024
437780201.0,14,1420424,41,1,2,,,9.0,1,1,2024
437780201.0,14,1420424,45,1,2,,,9.0,3,0,2024
437780201.0,14,1420424,16,1,1,,,9.0,3,0,2024
437780201.0,14,1420424,10,,1,,,7.0,4,,2024
437780301.0,14,1420424,82,1,2,,,1.0,,1,2024
437780301.0,14,1420424,76,1,2,,,1.0,,0,2024
437780501.0,14,1420424,47,1,2,,,12.0,3,1,2024
437780501.0,14,1420424,49,1,2,,,9.0,4,0,2024
437780501.0,14,1420424,21,1,1,,,13.0,3,0,2024
437780501.0,14,1420424,12,,1,,,7.0,7,,2024
437780501.0,14,1420424,19,1,1,,,13.0,1,0,2024
437780801.0,14,1420424,61,1,2,,,7.0,8,1,2024
437780801.0,14,1420424,63,1,2,,,7.0,6,0,2024
437780901.0,14,1420424,42,1,2,,,11.0,4,1,2024
438730301.0,14,1410127,39,1,2,,,13.0,5,1,2024
438730401.0,14,1410127,35,1,2,,,12.0,3,1,2024
438730501.0,14,1410127,31,1,1,,,13.0,5,1,2024
438730601.0,14,1410127,34,1,2,,,9.0,4,1,2024
438730601.0,14,1410127,33,1,2,,,13.0,5,0,2024
438730601.0,14,1410127,4,,1,,,3.0,,,2024
438730601.0,14,1410127,1,,1,,,2.0,,,2024
438730701.0,14,1410127,55,1,2,,,9.0,4,1,2024
438730701.0,14,1410127,54,1,2,,,9.0,4,0,2024
438730701.0,14,1410127,32,1,2,,,13.0,3,0,2024
438730701.0,14,1410127,25,1,2,3,3,13.0,5,0,2024
438730701.0,14,1410127,26,1,2,,,13.0,4,0,2024
438730701.0,14,1410127,17,1,1,,,9.0,3,0,2024
438730701.0,14,1410127,15,1,1,,,9.0,1,0,2024
438730701.0,14,1410127,0,,2,,,1.0,,,2024
438730801.0,14,1410127,67,1,2,,,9.0,4,1,2024
438730801.0,14,1410127,42,1,2,,,9.0,4,0,2024
438730801.0,14,1410127,19,1,1,,,11.0,4,0,2024
438730801.0,14,1410127,19,1,1,,,11.0,4,0,2024
438730901.0,14,1410127,61,1,2,,,12.0,3,1,2024
438731001.0,14,1410127,53,1,2,,,9.0,4,1,2024
438731001.0,14,1410127,57,1,2,,,9.0,3,0,2024
438731001.0,14,1410127,22,1,2,8,4,9.0,4,0,2024
438880101.0,14,1410112,31,1,2,,,13.0,5,1,2024
438880101.0,14,1410112,31,1,2,,,13.0,5,0,2024
438880201.0,14,1410112,26,1,1,,,13.0,5,1,2024
438880201.0,14,1410112,26,1,1,,,13.0,5,0,2024
438880401.0,14,1410112,32,1,2,,,14.0,2,1,2024
438880501.0,14,1410112,52,1,2,,,13.0,5,1,2024
438880501.0,14,1410112,45,1,2,,,13.0,5,0,2024
438880601.0,14,1410112,66,1,2,,,13.0,5,1,2024
438880801.0,14,1410112,61,1,2,,,7.0,8,1,2024
438880801.0,14,1410112,37,1,2,,,13.0,3,0,2024
438880801.0,14,1410112,22,1,2,12,4,9.0,3,0,2024
438880801.0,14,1410112,15,1,1,,,9.0,1,0,2024
439730201.0,14,1410113,39,1,2,,,13.0,5,1,2024
439730201.0,14,1410113,40,1,1,,,13.0,3,0,2024
439730201.0,14,1410113,5,,1,,,4.0,,,2024
439730301.0,14,1410113,47,1,1,,,13.0,1,1,2024
439730301.0,14,1410113,50,1,2,,,13.0,5,0,2024
439730301.0,14,1410113,10,,1,,,5.0,,,2024
439730301.0,14,1410113,9,,1,,,7.0,3,,2024
439730401.0,14,1410113,43,1,2,,,13.0,5,1,2024
439730401.0,14,1410113,41,1,2,,,14.0,3,0,2024
439730401.0,14,1410113,12,,1,,,7.0,6,,2024
439730401.0,14,1410113,8,,1,,,7.0,3,,2024
439730601.0,14,1410113,34,1,2,,,13.0,5,1,2024
439730601.0,14,1410113,60,4,2,,,7.0,3,0,2024
439730601.0,14,1410113,38,1,2,,,11.0,4,0,2024
439730601.0,14,1410113,17,1,1,,,9.0,3,0,2024
439730601.0,14,1410113,15,1,1,,,9.0,1,0,2024
439730601.0,14,1410113,7,,1,,,7.0,2,,2024
439730701.0,14,1410113,48,1,2,,,14.0,2,1,2024
439730701.0,14,1410113,78,1,2,,,8.0,2,0,2024
439730701.0,14,1410113,19,1,1,,,13.0,2,0,2024
439730701.0,14,1410113,8,,1,,,7.0,2,,2024
439730801.0,14,1410113,45,1,2,,,15.0,4,1,2024
439730801.0,14,1410113,46,1,2,,,14.0,2,0,2024
439730801.0,14,1410113,19,1,1,,,13.0,1,0,2024
439730801.0,14,1410113,14,,1,,,7.0,8,0,2024
442430101.0,14,1410113,42,1,2,,,13.0,5,1,2024
442430101.0,14,1410113,39,1,2,,,13.0,5,0,2024
442430701.0,14,1410113,42,1,2,,,13.0,5,1,2024
442430701.0,14,1410113,70,1,2,,,10.0,5,0,2024
442430701.0,14,1410113,17,1,1,,,9.0,4,0,2024
442430701.0,14,1410113,9,,1,,,7.0,3,,2024
442430801.0,14,1410113,38,1,2,,,13.0,6,1,2024
442430801.0,14,1410113,45,1,2,,,13.0,6,0,2024
442430801.0,14,1410113,8,,1,,,7.0,2,,2024
442430801.0,14,1410113,11,,1,,,7.0,5,,2024
443590101.0,14,1420324,90,1,2,,,6.0,2,1,2024
443590101.0,14,1420324,64,1,2,,,7.0,8,0,2024
443590201.0,14,1420324,87,1,2,,,6.0,4,1,2024
443590201.0,14,1420324,69,1,2,,,6.0,4,0,2024
443590401.0,14,1420324,66,1,2,,,9.0,3,1,2024
443590401.0,14,1420324,57,1,2,,,7.0,3,0,2024
443590401.0,14,1420324,32,1,2,,,9.0,4,0,2024
443590401.0,14,1420324,25,1,2,5,4,9.0,2,0,2024
443590501.0,14,1420324,51,1,2,,,7.0,8,1,2024
443590501.0,14,1420324,15,1,1,,,9.0,1,0,2024
443590501.0,14,1420324,22,1,2,8,4,9.0,4,0,2024
443590601.0,14,1420324,65,1,2,,,7.0,4,1,2024
443590701.0,14,1420324,58,1,2,,,9.0,2,1,2024
443590701.0,14,1420324,60,1,2,,,7.0,8,0,2024
443590701.0,14,1420324,15,1,1,,,9.0,1,0,2024
443590901.0,14,1420324,43,1,2,,,11.0,4,1,2024
443590901.0,14,1420324,40,1,2,,,11.0,4,0,2024
443590901.0,14,1420324,8,,1,,,7.0,3,,2024
443590901.0,14,1420324,6,,1,,,4.0,,,2024
443591001.0,14,1420324,52,1,2,,,7.0,8,1,2024
443591001.0,14,1420324,34,1,2,,,9.0,4,0,2024
443591001.0,14,1420324,2,,2,,,1.0,,,2024
445010101.0,14,1420111,64,1,2,,,7.0,2,1,2024
445010201.0,14,1420111,65,1,2,,,12.0,3,1,2024
445010201.0,14,1420111,39,1,2,,,15.0,2,0,2024
445010201.0,14,1420111,30,1,2,,,13.0,4,0,2024
445010301.0,14,1420111,55,1,2,,,7.0,8,1,2024
445010301.0,14,1420111,86,1,2,,,6.0,3,0,2024
445010401.0,14,1420111,82,1,2,,,6.0,3,1,2024
445010401.0,14,1420111,45,1,2,,,11.0,4,0,2024
445010401.0,14,1420111,30,1,2,,,12.0,2,0,2024
445010501.0,14,1420111,56,1,2,,,9.0,4,1,2024
445010601.0,14,1420111,40,1,2,,,7.0,8,1,2024
445010601.0,14,1420111,39,1,2,,,9.0,4,0,2024
445010601.0,14,1420111,19,1,1,,,12.0,1,0,2024
445010601.0,14,1420111,10,,1,,,7.0,5,,2024
445010701.0,14,1420111,38,1,2,,,12.0,3,1,2024
445010701.0,14,1420111,16,1,1,,,11.0,3,0,2024
445010701.0,14,1420111,0,,2,,,1.0,,,2024
445010801.0,14,1420111,60,1,2,,,7.0,8,1,2024
445050101.0,14,1420324,65,1,2,,,7.0,4,1,2024
445050201.0,14,1420324,47,1,2,,,7.0,3,1,2024
445050201.0,14,1420324,13,,1,,,7.0,8,,2024
445051001.0,14,1420324,36,1,2,,,9.0,1,0,2024
445051001.0,14,1420324,75,1,2,,,7.0,3,1,2024
445110101.0,14,1420214,74,1,2,,,6.0,2,1,2024
445110101.0,14,1420214,25,1,2,12,4,12.0,2,0,2024
445110201.0,14,1420214,72,1,2,,,9.0,2,1,2024
445110201.0,14,1420214,76,1,2,,,7.0,1,0,2024
445110301.0,14,1420214,94,1,2,,,6.0,1,1,2024
445110301.0,14,1420214,58,1,2,,,9.0,1,0,2024
445110301.0,14,1420214,12,,1,,,7.0,6,,2024
445110401.0,14,1420214,72,1,2,,,6.0,3,1,2024
445110401.0,14,1420214,51,1,2,,,11.0,5,0,2024
445110401.0,14,1420214,31,1,1,,,12.0,3,0,2024
445110501.0,14,1420214,68,1,2,,,7.0,4,1,2024
445110601.0,14,1420214,50,1,2,,,9.0,4,1,2024
445110601.0,14,1420214,45,1,2,,,7.0,3,0,2024
445110601.0,14,1420214,23,1,2,12,4,9.0,1,0,2024
445110601.0,14,1420214,17,1,1,,,9.0,3,0,2024
445110601.0,14,1420214,10,,1,,,7.0,4,,2024
445110701.0,14,1420214,49,1,2,,,7.0,6,1,2024
445110701.0,14,1420214,30,1,1,,,12.0,2,0,2024
445110701.0,14,1420214,7,,1,,,7.0,2,,2024
445110801.0,14,1420214,46,1,2,,,7.0,8,1,2024
445110801.0,14,1420214,48,1,2,,,7.0,8,0,2024
445110801.0,14,1420214,22,1,2,4,4,9.0,4,0,2024
445110801.0,14,1420214,17,1,1,,,9.0,4,0,2024
445830101.0,14,1420416,37,1,2,,,13.0,4,1,2024
445830101.0,14,1420416,9,,1,,,7.0,3,,2024
445830101.0,14,1420416,4,,1,,,3.0,,,2024
445830201.0,14,1420416,34,1,2,,,13.0,5,1,2024
445830201.0,14,1420416,36,1,2,,,13.0,4,0,2024
445830201.0,14,1420416,6,,1,,,4.0,,,2024
445830301.0,14,1420416,52,1,2,,,7.0,8,1,2024
445830401.0,14,1420416,29,1,2,,,11.0,4,1,2024
445830401.0,14,1420416,25,1,2,8,-88,11.0,4,0,2024
445830401.0,14,1420416,0,,2,,,1.0,,,2024
445830501.0,14,1420416,62,1,2,,,9.0,4,1,2024
445830501.0,14,1420416,57,1,2,,,9.0,4,0,2024
445830501.0,14,1420416,33,1,2,,,11.0,4,0,2024
445830501.0,14,1420416,25,1,1,,,13.0,5,0,2024
445830601.0,14,1420416,61,1,2,,,7.0,8,1,2024
445830601.0,14,1420416,58,1,2,,,9.0,4,0,2024
447080301.0,14,1410324,37,1,2,,,9.0,4,1,2024
447080301.0,14,1410324,34,1,2,,,9.0,4,0,2024
447080301.0,14,1410324,14,,1,,,7.0,8,0,2024
447080301.0,14,1410324,11,,1,,,7.0,5,,2024
447080301.0,14,1410324,7,,1,,,7.0,1,,2024
447080301.0,14,1410324,3,,1,,,3.0,,,2024
447080401.0,14,1410324,43,1,2,,,9.0,4,0,2024
447080401.0,14,1410324,50,1,2,,,9.0,4,1,2024
447080401.0,14,1410324,5,,1,,,4.0,,,2024
447080501.0,14,1410324,74,1,2,,,7.0,8,0,2024
447080501.0,14,1410324,75,1,2,,,7.0,8,1,2024
447080501.0,14,1410324,45,1,2,,,9.0,4,0,2024
447080501.0,14,1410324,18,1,1,,,12.0,1,0,2024
447080601.0,14,1410324,52,1,2,,,7.0,6,1,2024
447080601.0,14,1410324,46,1,2,,,13.0,5,0,2024
447080601.0,14,1410324,21,1,1,,,12.0,2,0,2024
447080701.0,14,1410324,20,1,2,8,2,11.0,4,0,2024
447080701.0,14,1410324,48,1,2,,,9.0,4,0,2024
447080701.0,14,1410324,44,1,2,,,9.0,3,1,2024
447080701.0,14,1410324,27,1,2,,,11.0,4,0,2024
447080701.0,14,1410324,4,,1,,,4.0,,,2024
447080801.0,14,1410324,63,1,2,,,9.0,1,1,2024
447080801.0,14,1410324,61,1,2,,,9.0,3,0,2024
447080901.0,14,1410324,66,1,2,,,7.0,8,0,2024
447080901.0,14,1410324,60,1,2,,,9.0,2,1,2024
447110101.0,14,1410314,67,1,2,,,7.0,4,1,2024
447110101.0,14,1410314,77,1,2,,,6.0,3,0,2024
447110201.0,14,1410314,59,1,2,,,9.0,4,1,2024
447110201.0,14,1410314,23,1,1,,,13.0,4,0,2024
447110201.0,14,1410314,7,,1,,,7.0,1,,2024
447110301.0,14,1410314,62,1,2,,,7.0,7,1,2024
447110301.0,14,1410314,61,4,2,,,7.0,3,0,2024
447110501.0,14,1410314,37,1,2,,,9.0,4,0,2024
447110501.0,14,1410314,17,1,1,,,9.0,2,0,2024
447110501.0,14,1410314,71,1,2,,,6.0,3,1,2024
447110601.0,14,1410314,32,1,1,,,12.0,1,1,2024
447110601.0,14,1410314,25,1,2,12,4,11.0,4,0,2024
447110701.0,14,1410314,34,1,2,,,13.0,5,1,2024
447110701.0,14,1410314,33,1,2,,,13.0,5,0,2024
447110701.0,14,1410314,3,,1,,,3.0,,,2024
447230101.0,14,1410814,61,1,2,,,7.0,8,1,2024
447230301.0,14,1410814,33,1,2,,,12.0,3,1,2024
447230301.0,14,1410814,33,1,2,,,11.0,4,0,2024
447230301.0,14,1410814,20,1,2,12,3,9.0,4,0,2024
447230301.0,14,1410814,14,,1,,,9.0,1,0,2024
447230301.0,14,1410814,7,,1,,,7.0,1,,2024
447230401.0,14,1410814,71,1,2,,,7.0,4,1,2024
447230501.0,14,1410814,87,4,2,,,6.0,4,1,2024
447230501.0,14,1410814,71,4,2,,,6.0,2,0,2024
447230601.0,14,1410814,71,1,2,,,10.0,3,1,2024
447230701.0,14,1410814,42,1,2,,,7.0,8,1,2024
447230701.0,14,1410814,11,,1,,,7.0,6,,2024
447230801.0,14,1410814,43,1,2,,,11.0,4,1,2024
447230801.0,14,1410814,35,1,2,,,12.0,3,0,2024
447230801.0,14,1410814,21,1,2,8,4,11.0,4,0,2024
447740101.0,14,1420126,44,1,2,,,13.0,5,1,2024
447740101.0,14,1420126,44,1,2,,,13.0,5,0,2024
447740101.0,14,1420126,11,,1,,,7.0,5,,2024
447740101.0,14,1420126,7,,1,,,7.0,1,,2024
447740201.0,14,1420126,57,1,2,,,7.0,8,0,2024
447740201.0,14,1420126,56,1,2,,,7.0,8,1,2024
447740301.0,14,1420126,60,1,2,,,7.0,8,1,2024
447740301.0,14,1420126,54,1,2,,,9.0,4,0,2024
447740401.0,14,1420126,46,1,2,,,13.0,7,1,2024
447740401.0,14,1420126,43,1,2,,,13.0,7,0,2024
447740401.0,14,1420126,16,1,1,,,9.0,2,0,2024
447740401.0,14,1420126,16,1,1,,,9.0,2,0,2024
447740601.0,14,1420126,39,1,2,,,7.0,8,1,2024
447740601.0,14,1420126,41,1,2,,,11.0,5,0,2024
447740601.0,14,1420126,8,,1,,,7.0,2,,2024
447740701.0,14,1420126,55,1,2,,,14.0,4,1,2024
447740701.0,14,1420126,54,1,2,,,14.0,4,0,2024
447740701.0,14,1420126,12,,1,,,7.0,6,,2024
447740801.0,14,1420126,56,1,2,,,13.0,5,1,2024
447740801.0,14,1420126,57,1,2,,,13.0,5,0,2024
447740801.0,14,1420126,17,1,1,,,9.0,4,0,2024
447740801.0,14,1420126,14,,1,,,7.0,8,0,2024
447740901.0,14,1420126,65,1,2,,,9.0,4,1,2024
447740901.0,14,1420126,70,1,2,,,9.0,2,0,2024
447741001.0,14,1420126,53,1,2,,,7.0,8,1,2024
448700201.0,14,1420111,63,1,2,,,7.0,4,1,2024
448700301.0,14,1420111,87,1,2,,,6.0,2,1,2024
448700401.0,14,1420111,39,1,2,,,12.0,3,0,2024
448700401.0,14,1420111,39,1,2,,,9.0,4,1,2024
448700401.0,14,1420111,15,1,1,,,9.0,1,0,2024
448700501.0,14,1420111,49,1,2,,,9.0,4,1,2024
448700501.0,14,1420111,38,1,2,,,9.0,4,0,2024
448700501.0,14,1420111,20,1,1,,,12.0,1,0,2024
448700501.0,14,1420111,14,,1,,,7.0,8,0,2024
448700601.0,14,1420111,87,1,2,,,6.0,1,1,2024
448700601.0,14,1420111,45,1,2,,,9.0,4,0,2024
448700701.0,14,1420111,45,1,2,,,7.0,8,1,2024
448700801.0,14,1420111,48,1,2,,,13.0,5,1,2024
448700801.0,14,1420111,48,1,2,,,7.0,8,0,2024
448700801.0,14,1420111,22,1,1,,,13.0,2,0,2024
449240201.0,14,1410714,35,1,2,,,12.0,3,1,2024
449240201.0,14,1410714,4,,1,,,3.0,,,2024
449240201.0,14,1410714,9,,1,,,7.0,3,,2024
449240301.0,14,1410714,94,1,2,,,8.0,4,1,2024
449240301.0,14,1410714,62,1,2,,,9.0,3,0,2024
449240401.0,14,1410714,59,1,2,,,9.0,4,1,2024
449240401.0,14,1410714,53,1,2,,,9.0,2,0,2024
449240401.0,14,1410714,33,1,2,,,13.0,4,0,2024
449240501.0,14,1410714,55,1,2,,,9.0,4,1,2024
449240501.0,14,1410714,54,1,2,,,9.0,4,0,2024
449240501.0,14,1410714,83,1,2,,,7.0,4,0,2024
449240701.0,14,1410714,28,1,2,,,9.0,4,1,2024
449240801.0,14,1410714,69,1,2,,,13.0,3,1,2024
449240801.0,14,1410714,38,1,2,,,12.0,3,0,2024
449240801.0,14,1410714,34,1,2,,,13.0,5,0,2024
450020101.0,14,1410112,55,1,2,,,11.0,5,0,2024
450020101.0,14,1410112,83,1,2,,,8.0,4,0,2024
450020101.0,14,1410112,53,1,2,,,11.0,2,1,2024
450020101.0,14,1410112,31,1,2,,,11.0,4,0,2024
450020101.0,14,1410112,23,1,2,7,4,11.0,4,0,2024
450020101.0,14,1410112,19,1,1,,,12.0,1,0,2024
450020101.0,14,1410112,8,,1,,,7.0,2,,2024
450020201.0,14,1410112,50,1,2,,,9.0,4,0,2024
450020201.0,14,1410112,52,1,2,,,9.0,4,1,2024
450020201.0,14,1410112,79,1,2,,,6.0,5,0,2024
450020201.0,14,1410112,24,1,2,7,4,9.0,4,0,2024
450020201.0,14,1410112,19,1,2,9,1,9.0,4,0,2024
450020401.0,14,1410112,70,1,2,,,8.0,6,0,2024
450020401.0,14,1410112,74,1,2,,,8.0,6,1,2024
450020401.0,14,1410112,43,1,2,,,13.0,4,0,2024
450020401.0,14,1410112,37,1,2,,,11.0,4,0,2024
450020401.0,14,1410112,14,,1,,,7.0,8,0,2024
450020401.0,14,1410112,12,,1,,,7.0,6,,2024
450020401.0,14,1410112,4,,2,,,3.0,,,2024
450020401.0,14,1410112,5,,1,,,4.0,,,2024
450020401.0,14,1410112,11,,1,,,7.0,6,,2024
450020501.0,14,1410112,78,1,2,,,10.0,4,1,2024
450020601.0,14,1410112,66,2,2,,,7.0,4,1,2024
450020601.0,14,1410112,41,1,2,,,13.0,4,0,2024
450020601.0,14,1410112,25,1,2,3,4,11.0,4,0,2024
450020601.0,14,1410112,0,,2,,,1.0,,,2024
450020701.0,14,1410112,56,1,2,,,11.0,1,1,2024
450020701.0,14,1410112,47,1,2,,,7.0,8,0,2024
450020801.0,14,1410112,74,1,2,,,8.0,4,1,2024
450020801.0,14,1410112,78,1,2,,,8.0,4,0,2024
450250101.0,14,1410112,62,1,2,,,9.0,4,1,2024
450250101.0,14,1410112,64,1,2,,,9.0,4,0,2024
450250201.0,14,1410112,35,1,2,,,9.0,1,1,2024
450250201.0,14,1410112,32,1,2,,,9.0,4,0,2024
450250301.0,14,1410112,49,1,2,,,9.0,1,1,2024
450250301.0,14,1410112,9,,1,,,7.0,3,,2024
450250401.0,14,1410112,74,1,2,,,6.0,6,1,2024
450250401.0,14,1410112,52,1,2,,,11.0,5,0,2024
450250601.0,14,1410112,77,1,2,,,13.0,5,1,2024
450250601.0,14,1410112,80,1,2,,,13.0,5,0,2024
450250701.0,14,1410112,40,1,2,,,9.0,4,1,2024
450250701.0,14,1410112,17,1,1,,,9.0,3,0,2024
450250701.0,14,1410112,9,,1,,,7.0,4,,2024
450250701.0,14,1410112,44,1,2,,,9.0,4,0,2024
450250801.0,14,1410112,60,1,2,,,13.0,5,0,2024
450250801.0,14,1410112,62,1,2,,,9.0,4,1,2024
450440101.0,14,1410112,42,1,2,,,13.0,5,1,2024
450440201.0,14,1410112,39,1,2,,,13.0,4,1,2024
450440201.0,14,1410112,9,,1,,,7.0,3,,2024
450440301.0,14,1410112,41,1,2,,,13.0,4,1,2024
450440301.0,14,1410112,58,1,2,,,7.0,6,0,2024
450440301.0,14,1410112,19,1,2,8,3,9.0,4,0,2024
450440301.0,14,1410112,17,1,1,,,9.0,1,0,2024
450440301.0,14,1410112,14,,1,,,9.0,1,0,2024
450440301.0,14,1410112,4,,1,,,3.0,,,2024
450440401.0,14,1410112,69,1,2,,,12.0,2,1,2024
450440401.0,14,1410112,73,1,2,,,9.0,4,0,2024
450440701.0,14,1410112,74,1,2,,,13.0,2,1,2024
450440801.0,14,1410112,77,1,2,,,8.0,6,1,2024
450440801.0,14,1410112,76,1,2,,,10.0,4,0,2024
450810101.0,14,1420416,31,1,2,,,11.0,4,0,2024
450810101.0,14,1420416,53,1,2,,,9.0,2,1,2024
450810101.0,14,1420416,49,1,2,,,7.0,8,0,2024
450810101.0,14,1420416,8,,1,,,7.0,2,,2024
450810101.0,14,1420416,5,,1,,,4.0,,,2024
450810101.0,14,1420416,24,1,2,8,4,12.0,3,0,2024
450810101.0,14,1420416,2,,2,,,1.0,,,2024
450810201.0,14,1420416,29,1,2,,,12.0,3,1,2024
450810201.0,14,1420416,31,1,2,,,12.0,1,0,2024
450810301.0,14,1420416,33,1,2,,,9.0,4,1,2024
450810301.0,14,1420416,16,1,1,,,9.0,2,0,2024
450810401.0,14,1420416,42,1,2,,,9.0,4,1,2024
450810401.0,14,1420416,22,1,1,,,13.0,1,0,2024
450810401.0,14,1420416,17,3,1,,,5.0,,0,2024
450810401.0,14,1420416,2,,1,,,2.0,,,2024
450810501.0,14,1420416,39,1,2,,,12.0,3,1,2024
450810501.0,14,1420416,19,1,2,5,1,13.0,1,0,2024
450810501.0,14,1420416,17,1,1,,,9.0,2,0,2024
450810601.0,14,1420416,58,1,2,,,9.0,4,1,2024
450810801.0,14,1420416,41,1,2,,,9.0,4,1,2024
450810801.0,14,1420416,19,1,2,8,2,11.0,4,0,2024
450810801.0,14,1420416,16,1,1,,,11.0,3,0,2024
451570201.0,14,1410112,39,1,2,,,13.0,4,1,2024
451570201.0,14,1410112,39,1,2,,,13.0,5,0,2024
451570201.0,14,1410112,5,,1,,,4.0,,,2024
451570301.0,14,1410112,30,1,2,,,13.0,5,1,2024
451570301.0,14,1410112,28,1,1,,,14.0,1,0,2024
451570301.0,14,1410112,8,,1,,,7.0,2,,2024
451570401.0,14,1410112,40,1,2,,,13.0,4,1,2024
451570401.0,14,1410112,42,1,2,,,13.0,5,0,2024
451570501.0,14,1410112,32,1,2,,,13.0,4,1,2024
451570501.0,14,1410112,41,1,2,,,13.0,4,0,2024
451570501.0,14,1410112,6,,1,,,4.0,,,2024
451570601.0,14,1410112,42,1,2,,,12.0,3,1,2024
451570601.0,14,1410112,36,1,2,,,13.0,5,0,2024
451570801.0,14,1410112,33,1,2,,,13.0,5,0,2024
451570801.0,14,1410112,33,1,2,,,13.0,4,1,2024
451570801.0,14,1410112,14,,1,,,7.0,8,0,2024
451840101.0,14,1410112,64,1,2,,,9.0,4,1,2024
451840201.0,14,1410112,37,1,2,,,9.0,1,1,2024
451840201.0,14,1410112,15,1,1,,,11.0,2,0,2024
451840401.0,14,1410112,36,1,2,,,11.0,4,1,2024
451840401.0,14,1410112,41,1,2,,,9.0,4,0,2024
451840401.0,14,1410112,15,1,1,,,11.0,1,0,2024
451840401.0,14,1410112,9,,1,,,7.0,4,,2024
451840501.0,14,1410112,59,1,2,,,9.0,2,1,2024
451840501.0,14,1410112,64,1,2,,,9.0,1,0,2024
451840601.0,14,1410112,56,1,2,,,13.0,3,1,2024
451840601.0,14,1410112,24,1,1,,,13.0,3,0,2024
451840701.0,14,1410112,60,1,2,,,9.0,4,1,2024
451840701.0,14,1410112,28,1,2,,,9.0,4,0,2024
451840801.0,14,1410112,62,1,2,,,9.0,3,1,2024
452400101.0,14,1410112,71,1,2,,,13.0,5,1,2024
452400501.0,14,1410112,39,1,2,,,13.0,5,0,2024
452400501.0,14,1410112,47,1,1,,,14.0,2,1,2024
452400501.0,14,1410112,65,1,2,,,14.0,2,0,2024
452400501.0,14,1410112,6,,1,,,4.0,,,2024
452400601.0,14,1410112,21,1,1,,,13.0,4,1,2024
452400801.0,14,1410112,53,1,2,,,12.0,3,1,2024
452400801.0,14,1410112,88,1,2,,,12.0,3,0,2024
452400801.0,14,1410112,26,1,1,,,13.0,4,0,2024
452400801.0,14,1410112,24,1,1,,,13.0,4,0,2024
453110301.0,14,1410113,41,1,2,,,14.0,2,1,2024
453110301.0,14,1410113,42,1,2,,,13.0,4,0,2024
453110301.0,14,1410113,13,,1,,,7.0,7,,2024
453110301.0,14,1410113,7,,1,,,7.0,1,,2024
453170601.0,14,1410113,35,1,2,,,9.0,4,1,2024
453170701.0,14,1410113,30,1,1,,,14.0,2,1,2024
453170701.0,14,1410113,29,1,2,,,13.0,5,0,2024
453290101.0,14,1410112,32,1,1,,,13.0,1,1,2024
453290101.0,14,1410112,2,,1,,,2.0,,,2024
453290101.0,14,1410112,0,,2,,,1.0,,,2024
453290201.0,14,1410112,72,1,2,,,13.0,4,1,2024
453290201.0,14,1410112,68,1,2,,,9.0,4,0,2024
453290201.0,14,1410112,30,1,2,,,13.0,4,0,2024
453290201.0,14,1410112,17,1,1,,,9.0,3,0,2024
453290201.0,14,1410112,65,4,2,,,1.0,,0,2024
453290301.0,14,1410112,67,1,2,,,11.0,5,1,2024
453290301.0,14,1410112,68,1,2,,,13.0,5,0,2024
453290301.0,14,1410112,33,1,2,,,9.0,4,0,2024
453290401.0,14,1410112,44,1,2,,,13.0,5,1,2024
453290401.0,14,1410112,45,1,2,,,13.0,5,0,2024
453290401.0,14,1410112,12,,1,,,7.0,6,,2024
453290601.0,14,1410112,36,1,2,,,12.0,2,1,2024
453290601.0,14,1410112,37,1,1,,,12.0,2,0,2024
453290601.0,14,1410112,18,1,1,,,9.0,4,0,2024
453290601.0,14,1410112,12,,1,,,7.0,6,,2024
453290601.0,14,1410112,10,,1,,,7.0,4,,2024
453290701.0,14,1410112,86,1,2,,,10.0,4,1,2024
454040101.0,14,1410112,69,1,2,,,13.0,5,1,2024
454040101.0,14,1410112,67,1,2,,,13.0,5,0,2024
454040201.0,14,1410112,56,1,2,,,12.0,3,1,2024
454040201.0,14,1410112,50,1,2,,,12.0,3,0,2024
454040201.0,14,1410112,20,1,2,10,2,9.0,4,0,2024
454040701.0,14,1410112,40,1,2,,,13.0,5,0,2024
454040701.0,14,1410112,43,1,2,,,13.0,5,1,2024
454040701.0,14,1410112,22,1,1,,,13.0,4,0,2024
454040701.0,14,1410112,14,,1,,,7.0,8,0,2024
454040801.0,14,1410112,45,1,2,,,15.0,4,1,2024
454040801.0,14,1410112,45,1,2,,,15.0,5,0,2024
454040801.0,14,1410112,12,,1,,,7.0,6,,2024
454040801.0,14,1410112,8,,1,,,7.0,2,,2024
454410101.0,14,1410112,40,1,2,,,12.0,1,1,2024
454410101.0,14,1410112,33,1,1,,,12.0,2,0,2024
454410101.0,14,1410112,5,,1,,,4.0,,,2024
454410201.0,14,1410112,56,3,2,,,7.0,4,1,2024
454410301.0,14,1410112,66,1,2,,,7.0,4,1,2024
454410301.0,14,1410112,45,1,2,,,9.0,4,0,2024
454410301.0,14,1410112,21,1,2,12,3,11.0,4,0,2024
454410301.0,14,1410112,19,1,2,12,2,11.0,3,0,2024
454410401.0,14,1410112,42,1,2,,,12.0,2,1,2024
454410401.0,14,1410112,43,1,2,,,12.0,-88,0,2024
454410401.0,14,1410112,23,1,1,,,12.0,1,0,2024
454410501.0,14,1410112,28,1,2,,,13.0,4,1,2024
454410501.0,14,1410112,30,1,2,,,13.0,4,0,2024
454410501.0,14,1410112,3,,1,,,3.0,,,2024
454410601.0,14,1410112,72,1,2,,,6.0,6,1,2024
454410601.0,14,1410112,72,1,2,,,8.0,4,0,2024
454410701.0,14,1410112,33,1,2,,,7.0,8,1,2024
454410701.0,14,1410112,26,1,2,,,9.0,4,0,2024
454410701.0,14,1410112,6,,1,,,7.0,1,,2024
454410701.0,14,1410112,4,,2,,,1.0,,,2024
454410701.0,14,1410112,2,,2,,,1.0,,,2024
454410801.0,14,1410112,37,1,2,,,9.0,4,1,2024
454410801.0,14,1410112,12,,1,,,7.0,7,,2024
454410801.0,14,1410112,9,,1,,,7.0,5,,2024
454410801.0,14,1410112,0,,2,,,1.0,,,2024
455010101.0,14,1410112,29,1,2,,,13.0,4,1,2024
455010101.0,14,1410112,30,1,2,,,12.0,3,0,2024
455010201.0,14,1410112,45,1,2,,,9.0,4,1,2024
455010201.0,14,1410112,22,1,2,16,4,9.0,4,0,2024
455010201.0,14,1410112,19,1,2,16,2,9.0,4,0,2024
455010201.0,14,1410112,18,1,1,,,9.0,2,0,2024
455010301.0,14,1410112,68,1,2,,,9.0,4,1,2024
455010301.0,14,1410112,64,1,2,,,9.0,4,0,2024
455010601.0,14,1410112,40,1,2,,,9.0,4,0,2024
455010601.0,14,1410112,39,1,1,,,9.0,2,1,2024
455010601.0,14,1410112,13,,1,,,7.0,8,,2024
455010601.0,14,1410112,10,,1,,,7.0,4,,2024
455010601.0,14,1410112,7,,1,,,7.0,1,,2024
455010601.0,14,1410112,23,1,2,12,4,11.0,4,0,2024
455010701.0,14,1410112,49,1,2,,,7.0,8,1,2024
455010701.0,14,1410112,30,1,2,,,11.0,4,0,2024
455010701.0,14,1410112,22,1,1,,,9.0,4,0,2024
455010701.0,14,1410112,3,,1,,,3.0,,,2024
455010701.0,14,1410112,5,,1,,,4.0,,,2024
455010801.0,14,1410112,42,1,2,,,9.0,4,1,2024
455010801.0,14,1410112,13,,1,,,7.0,8,,2024
455070101.0,14,1410113,42,1,2,,,14.0,2,1,2024
455070301.0,14,1410113,38,1,1,,,13.0,5,1,2024
455070301.0,14,1410113,35,1,2,,,13.0,5,0,2024
455070601.0,14,1410113,66,1,2,,,11.0,5,1,2024
455070701.0,14,1410113,74,1,2,,,12.0,3,1,2024
455070701.0,14,1410113,64,1,2,,,9.0,4,0,2024
455070701.0,14,1410113,62,1,2,,,9.0,4,0,2024
455070701.0,14,1410113,18,1,1,,,11.0,4,0,2024
455250101.0,14,1410121,39,1,2,,,13.0,4,1,2024
455250101.0,14,1410121,37,1,2,,,13.0,5,0,2024
455250101.0,14,1410121,6,,1,,,5.0,,,2024
455250201.0,14,1410121,54,1,2,,,11.0,5,1,2024
455250301.0,14,1410121,29,1,2,,,13.0,2,1,2024
455250301.0,14,1410121,29,1,2,,,13.0,4,0,2024
455250301.0,14,1410121,2,,1,,,3.0,,,2024
455250501.0,14,1410121,69,1,2,,,9.0,4,1,2024
455250601.0,14,1410121,23,1,1,,,13.0,3,0,2024
455250601.0,14,1410121,21,1,1,,,13.0,2,0,2024
455250601.0,14,1410121,55,1,2,,,9.0,2,0,2024
455250601.0,14,1410121,70,1,2,,,6.0,6,1,2024
455250601.0,14,1410121,24,1,1,,,13.0,1,0,2024
455250801.0,14,1410121,62,1,2,,,11.0,3,1,2024
455250901.0,14,1410121,56,1,2,,,7.0,2,1,2024
455251001.0,14,1410121,31,1,2,,,9.0,4,0,2024
455251001.0,14,1410121,34,1,2,,,9.0,4,1,2024
455251001.0,14,1410121,12,,1,,,7.0,6,,2024
455251001.0,14,1410121,9,,1,,,7.0,3,,2024
455251001.0,14,1410121,0,,2,,,1.0,,,2024
456440101.0,14,1410112,35,1,2,,,12.0,2,1,2024
456440102.0,14,1410112,32,1,2,,,12.0,2,1,2024
456440301.0,14,1410112,70,1,2,,,8.0,4,0,2024
456440301.0,14,1410112,42,4,2,,,5.0,,0,2024
456440301.0,14,1410112,70,1,2,,,7.0,8,1,2024
456440501.0,14,1410112,81,1,2,,,8.0,6,1,2024
456440801.0,14,1410112,69,1,2,,,1.0,,1,2024
456440801.0,14,1410112,75,4,2,,,1.0,,0,2024
456910201.0,14,1410112,33,1,2,,,13.0,6,0,2024
456910201.0,14,1410112,67,1,2,,,13.0,5,1,2024
456910201.0,14,1410112,66,1,2,,,13.0,5,0,2024
456910601.0,14,1410112,23,1,1,,,13.0,1,1,2024
456910701.0,14,1410112,57,1,2,,,13.0,6,1,2024
456910701.0,14,1410112,58,1,2,,,13.0,4,0,2024
456910701.0,14,1410112,29,1,1,,,13.0,4,0,2024
456910701.0,14,1410112,19,1,1,,,13.0,1,0,2024
456910801.0,14,1410112,78,1,2,,,6.0,5,1,2024
457160101.0,14,1410112,56,1,2,,,9.0,4,1,2024
457160101.0,14,1410112,51,1,2,,,9.0,4,0,2024
457160201.0,14,1410112,43,1,2,,,9.0,4,1,2024
457160201.0,14,1410112,40,1,2,,,9.0,4,0,2024
457160301.0,14,1410112,64,1,2,,,9.0,4,1,2024
457160601.0,14,1410112,47,1,2,,,13.0,2,1,2024
457160701.0,14,1410112,30,1,1,,,13.0,4,1,2024
457160801.0,14,1410112,22,1,1,,,13.0,3,1,2024
457760101.0,14,1410113,38,1,2,,,11.0,4,1,2024
457760101.0,14,1410113,11,,1,,,7.0,5,,2024
457760101.0,14,1410113,16,1,1,,,9.0,2,0,2024
457760201.0,14,1410113,36,1,2,,,12.0,3,1,2024
457760201.0,14,1410113,34,1,2,,,13.0,5,0,2024
457760201.0,14,1410113,8,,1,,,7.0,2,,2024
457760301.0,14,1410113,51,1,2,,,9.0,4,1,2024
457760301.0,14,1410113,19,1,1,,,12.0,1,0,2024
457760301.0,14,1410113,21,1,1,,,12.0,3,0,2024
457760301.0,14,1410113,18,1,1,,,9.0,4,0,2024
457760501.0,14,1410113,32,1,2,,,13.0,5,1,2024
457760501.0,14,1410113,35,1,1,,,14.0,3,0,2024
457760501.0,14,1410113,1,,1,,,2.0,,,2024
457760601.0,14,1410113,30,1,2,,,12.0,3,1,2024
457760601.0,14,1410113,30,1,1,,,13.0,5,0,2024
457760701.0,14,1410113,41,1,2,,,13.0,5,1,2024
457760801.0,14,1410113,44,1,2,,,13.0,5,1,2024
457760801.0,14,1410113,23,1,1,,,13.0,5,0,2024
457780101.0,14,1410112,41,1,2,,,9.0,4,1,2024
457780101.0,14,1410112,36,1,2,,,9.0,4,0,2024
457780101.0,14,1410112,18,1,1,,,13.0,1,0,2024
457780101.0,14,1410112,10,,1,,,7.0,4,,2024
457780101.0,14,1410112,12,,1,,,7.0,7,,2024
457780301.0,14,1410112,71,1,2,,,8.0,6,1,2024
457780601.0,14,1410112,40,1,2,,,9.0,4,1,2024
457780601.0,14,1410112,39,1,2,,,12.0,3,0,2024
457780701.0,14,1410112,30,1,2,,,11.0,4,1,2024
457780701.0,14,1410112,36,1,2,,,11.0,4,0,2024
457780701.0,14,1410112,18,1,1,,,11.0,3,0,2024
457780701.0,14,1410112,1,,2,,,1.0,,,2024
457780801.0,14,1410112,30,1,2,,,7.0,7,1,2024
457780801.0,14,1410112,33,1,2,,,11.0,4,0,2024
457780801.0,14,1410112,11,,1,,,7.0,6,,2024
457780801.0,14,1410112,6,,1,,,4.0,,,2024
458440101.0,14,1410112,56,1,1,,,12.0,2,1,2024
458440101.0,14,1410112,70,1,2,,,9.0,4,0,2024
458440201.0,14,1410112,32,1,2,,,13.0,5,1,2024
458440301.0,14,1410112,62,1,2,,,9.0,4,1,2024
458440301.0,14,1410112,22,1,1,,,13.0,2,0,2024
458440501.0,14,1410112,51,1,2,,,13.0,5,0,2024
458440501.0,14,1410112,52,1,2,,,13.0,5,1,2024
458440501.0,14,1410112,2,,1,,,2.0,,,2024
458530101.0,14,1410511,52,1,2,,,9.0,4,1,2024
458530101.0,14,1410511,56,1,2,,,9.0,4,0,2024
458530101.0,14,1410511,15,1,1,,,9.0,2,0,2024
458530201.0,14,1410511,85,1,2,,,7.0,8,1,2024
458530201.0,14,1410511,55,1,2,,,9.0,4,0,2024
458530301.0,14,1410511,74,1,2,,,7.0,8,1,2024
458530301.0,14,1410511,68,1,2,,,7.0,6,0,2024
458530501.0,14,1410511,59,1,2,,,7.0,5,1,2024
458530501.0,14,1410511,62,1,2,,,9.0,4,0,2024
458530601.0,14,1410511,79,1,2,,,6.0,6,1,2024
458530601.0,14,1410511,56,1,2,,,9.0,4,0,2024
458530601.0,14,1410511,23,1,1,,,13.0,5,0,2024
458530801.0,14,1410511,24,1,1,,,12.0,2,1,2024
473090101.0,14,1410112,36,1,2,,,13.0,5,1,2024
473090101.0,14,1410112,66,1,2,,,7.0,3,0,2024
473090101.0,14,1410112,1,,1,,,2.0,,,2024
473090301.0,14,1410112,39,1,2,,,12.0,3,1,2024
473090301.0,14,1410112,37,1,2,,,9.0,4,0,2024
473090301.0,14,1410112,16,1,1,,,9.0,1,0,2024
473090301.0,14,1410112,11,,1,,,7.0,5,,2024
473090501.0,14,1410112,22,1,1,,,13.0,4,1,2024
473090601.0,14,1410112,43,1,2,,,13.0,4,1,2024
473090601.0,14,1410112,42,1,2,,,13.0,4,0,2024
473090601.0,14,1410112,31,1,2,,,13.0,4,0,2024
473090801.0,14,1410112,48,1,2,,,13.0,5,1,2024
473090801.0,14,1410112,73,1,2,,,10.0,2,0,2024
473100101.0,14,1410112,32,1,2,,,14.0,1,1,2024
473100101.0,14,1410112,29,1,2,,,9.0,4,0,2024
473100201.0,14,1410112,76,1,2,,,8.0,6,1,2024
473100201.0,14,1410112,76,1,2,,,13.0,4,0,2024
473100201.0,14,1410112,41,1,2,,,9.0,4,0,2024
473100201.0,14,1410112,19,1,2,8,2,9.0,4,0,2024
473100401.0,14,1410112,67,1,2,,,11.0,5,1,2024
473100501.0,14,1410112,46,1,1,,,13.0,2,0,2024
473100501.0,14,1410112,45,1,2,,,13.0,4,1,2024
473100501.0,14,1410112,2,,1,,,3.0,,,2024
473100501.0,14,1410112,14,,1,,,7.0,8,0,2024
473100601.0,14,1410112,36,1,2,,,13.0,10,1,2024
473100701.0,14,1410112,80,1,2,,,6.0,6,1,2024
473100701.0,14,1410112,56,1,2,,,9.0,4,0,2024
473100701.0,14,1410112,51,1,2,,,11.0,4,0,2024
473110101.0,14,1410112,60,1,2,,,9.0,1,1,2024
473110501.0,14,1410112,48,1,2,,,13.0,4,1,2024
473110501.0,14,1410112,18,1,1,,,13.0,1,0,2024
473110501.0,14,1410112,12,,1,,,7.0,6,,2024
473110701.0,14,1410112,41,1,2,,,13.0,5,1,2024
473110701.0,14,1410112,16,1,1,,,9.0,2,0,2024
473110701.0,14,1410112,8,,1,,,7.0,3,,2024
473110801.0,14,1410112,68,1,2,,,7.0,3,1,2024
473110801.0,14,1410112,45,4,2,,,11.0,4,0,2024
473110801.0,14,1410112,38,1,2,,,13.0,2,0,2024
473120101.0,14,1410112,42,1,2,,,9.0,4,0,2024
473120101.0,14,1410112,53,1,2,,,7.0,2,1,2024
473120101.0,14,1410112,22,1,1,,,13.0,3,0,2024
473120101.0,14,1410112,20,1,1,,,13.0,2,0,2024
473120101.0,14,1410112,14,,1,,,11.0,1,0,2024
473120101.0,14,1410112,7,,1,,,7.0,2,,2024
473120201.0,14,1410112,37,1,1,,,9.0,2,1,2024
473120201.0,14,1410112,43,1,2,,,7.0,7,0,2024
473120201.0,14,1410112,15,1,1,,,11.0,2,0,2024
473120201.0,14,1410112,13,,1,,,7.0,7,,2024
473120201.0,14,1410112,6,,1,,,7.0,1,,2024
473120301.0,14,1410112,46,1,2,,,7.0,7,1,2024
473120301.0,14,1410112,50,1,2,,,7.0,7,0,2024
473120501.0,14,1410112,36,1,2,,,13.0,5,1,2024
473120701.0,14,1410112,24,1,1,,,13.0,5,1,2024
473140101.0,14,1410112,64,1,2,,,12.0,3,1,2024
473140101.0,14,1410112,61,1,2,,,13.0,5,0,2024
473140301.0,14,1410112,68,1,2,,,7.0,4,1,2024
473140301.0,14,1410112,34,1,2,,,13.0,5,0,2024
473140301.0,14,1410112,9,,1,,,7.0,5,,2024
473140301.0,14,1410112,6,,1,,,4.0,,,2024
473140401.0,14,1410112,42,1,2,,,13.0,4,0,2024
473140401.0,14,1410112,41,1,2,,,13.0,5,1,2024
473140401.0,14,1410112,16,1,1,,,9.0,3,0,2024
473140401.0,14,1410112,13,,1,,,7.0,7,,2024
473140501.0,14,1410112,38,1,2,,,13.0,3,0,2024
473140501.0,14,1410112,30,1,2,,,13.0,5,1,2024
473140501.0,14,1410112,12,,1,,,7.0,6,,2024
473140601.0,14,1410112,35,1,1,,,13.0,2,1,2024
473140601.0,14,1410112,11,,1,,,7.0,5,,2024
473140601.0,14,1410112,36,1,2,,,9.0,4,0,2024
473140701.0,14,1410112,48,1,2,,,11.0,4,1,2024
473140701.0,14,1410112,47,1,2,,,11.0,4,0,2024
473140701.0,14,1410112,25,1,2,8,2,12.0,2,0,2024
473140801.0,14,1410112,37,1,2,,,12.0,3,1,2024
473140801.0,14,1410112,15,1,1,,,9.0,2,0,2024
473140801.0,14,1410112,1,,2,,,1.0,,,2024
473160101.0,14,1410112,54,1,2,,,9.0,4,1,2024
473160101.0,14,1410112,18,1,1,,,11.0,4,0,2024
473160101.0,14,1410112,16,1,1,,,9.0,4,0,2024
473160201.0,14,1410112,59,1,2,,,11.0,4,1,2024
473160201.0,14,1410112,13,,1,,,7.0,7,,2024
473160201.0,14,1410112,30,1,2,,,13.0,5,0,2024
473160201.0,14,1410112,37,1,2,,,13.0,5,0,2024
473160301.0,14,1410112,33,1,2,,,11.0,4,0,2024
473160301.0,14,1410112,43,1,2,,,11.0,4,1,2024
473160301.0,14,1410112,15,1,1,,,11.0,2,0,2024
473160301.0,14,1410112,12,,1,,,7.0,6,,2024
473160301.0,14,1410112,1,,1,,,2.0,,,2024
473160501.0,14,1410112,47,1,2,,,11.0,2,1,2024
473160501.0,14,1410112,26,1,1,,,12.0,3,0,2024
473160501.0,14,1410112,20,1,2,7,3,11.0,4,0,2024
473160501.0,14,1410112,12,,1,,,7.0,6,,2024
473160501.0,14,1410112,7,,1,,,7.0,2,,2024
473160501.0,14,1410112,6,,1,,,4.0,,,2024
473160601.0,14,1410112,56,1,2,,,7.0,7,1,2024
473160601.0,14,1410112,38,1,2,,,9.0,4,0,2024
473160601.0,14,1410112,13,,1,,,7.0,7,,2024
473160701.0,14,1410112,54,1,2,,,11.0,4,1,2024
473160701.0,14,1410112,53,1,2,,,9.0,4,0,2024
473160801.0,14,1410112,80,1,2,,,6.0,3,1,2024
473160801.0,14,1410112,96,2,2,,,1.0,,0,2024
473170201.0,14,1410112,55,1,2,,,11.0,4,1,2024
473170201.0,14,1410112,54,1,2,,,9.0,4,0,2024
473170201.0,14,1410112,28,1,2,,,13.0,5,0,2024
473170401.0,14,1410112,47,1,2,,,7.0,5,1,2024
473170401.0,14,1410112,84,4,2,,,1.0,,0,2024
473170401.0,14,1410112,81,4,2,,,1.0,,0,2024
473170401.0,14,1410112,33,1,2,,,9.0,4,0,2024
473170401.0,14,1410112,18,1,1,,,9.0,4,0,2024
473170701.0,14,1410112,26,1,1,,,12.0,1,1,2024
473170701.0,14,1410112,25,1,2,8,4,12.0,3,0,2024
473170701.0,14,1410112,11,,1,,,7.0,5,,2024
473170801.0,14,1410112,41,1,2,,,12.0,3,1,2024
473170801.0,14,1410112,5,,1,,,4.0,,,2024
473180101.0,14,1410112,21,1,2,8,3,11.0,4,0,2024
473180101.0,14,1410112,50,1,2,,,9.0,4,1,2024
473180201.0,14,1410112,56,1,2,,,12.0,3,1,2024
473180201.0,14,1410112,51,1,2,,,11.0,4,0,2024
473180201.0,14,1410112,26,1,2,,,13.0,5,0,2024
473180201.0,14,1410112,31,1,2,,,12.0,2,0,2024
473180601.0,14,1410112,49,1,2,,,9.0,4,1,2024
473180701.0,14,1410112,35,1,2,,,14.0,4,1,2024
473180701.0,14,1410112,34,1,2,,,14.0,2,0,2024
473180701.0,14,1410112,6,,1,,,4.0,,,2024
473180701.0,14,1410112,2,,1,,,2.0,,,2024
473190101.0,14,1410112,60,1,1,,,13.0,2,1,2024
473190101.0,14,1410112,31,1,2,,,13.0,4,0,2024
473190101.0,14,1410112,30,1,2,,,13.0,4,0,2024
473190101.0,14,1410112,25,1,2,11,1,12.0,1,0,2024
473190201.0,14,1410112,33,1,2,,,13.0,5,1,2024
473190201.0,14,1410112,35,1,2,,,13.0,6,0,2024
473190201.0,14,1410112,4,,1,,,3.0,,,2024
473190201.0,14,1410112,0,,1,,,2.0,,,2024
473190301.0,14,1410112,37,1,2,,,13.0,6,1,2024
473190301.0,14,1410112,40,1,2,,,13.0,6,0,2024
473190301.0,14,1410112,7,,1,,,7.0,1,,2024
473190401.0,14,1410112,35,1,2,,,11.0,5,1,2024
473190401.0,14,1410112,45,1,2,,,12.0,3,0,2024
473190401.0,14,1410112,4,,1,,,3.0,,,2024
473190401.0,14,1410112,1,,1,,,2.0,,,2024
473190601.0,14,1410112,34,1,2,,,12.0,3,1,2024
473190601.0,14,1410112,36,1,2,,,12.0,3,0,2024
473190601.0,14,1410112,8,,1,,,7.0,4,,2024
473190601.0,14,1410112,7,,1,,,7.0,1,,2024
473190801.0,14,1410112,37,1,2,,,13.0,5,1,2024
473190801.0,14,1410112,29,1,2,,,12.0,3,0,2024
473190801.0,14,1410112,3,,2,,,1.0,,,2024
473200401.0,14,1410112,36,1,2,,,9.0,4,1,2024
473200401.0,14,1410112,42,1,2,,,13.0,5,0,2024
473200401.0,14,1410112,12,,1,,,7.0,7,,2024
473200401.0,14,1410112,8,,1,,,7.0,2,,2024
473200501.0,14,1410112,52,1,2,,,9.0,4,1,2024
473200501.0,14,1410112,28,1,2,,,13.0,5,0,2024
473200501.0,14,1410112,5,,1,,,4.0,,,2024
473200501.0,14,1410112,29,1,2,,,11.0,4,0,2024
473200701.0,14,1410112,23,1,1,,,13.0,4,1,2024
473200801.0,14,1410112,45,1,2,,,13.0,4,1,2024
473210301.0,14,1410112,62,1,2,,,11.0,5,1,2024
473210401.0,14,1410112,38,1,2,,,11.0,4,0,2024
473210401.0,14,1410112,39,1,2,,,11.0,4,0,2024
473210401.0,14,1410112,41,1,2,,,9.0,4,1,2024
473210401.0,14,1410112,85,1,2,,,6.0,3,0,2024
473210401.0,14,1410112,15,1,1,,,9.0,2,0,2024
473210401.0,14,1410112,17,1,1,,,9.0,2,0,2024
473210401.0,14,1410112,9,,1,,,7.0,3,,2024
473210401.0,14,1410112,10,,1,,,7.0,4,,2024
473210401.0,14,1410112,17,1,1,,,9.0,3,0,2024
473210501.0,14,1410112,83,1,2,,,8.0,-88,1,2024
473210501.0,14,1410112,20,1,1,,,13.0,2,0,2024
473210601.0,14,1410112,51,1,2,,,11.0,5,1,2024
473210601.0,14,1410112,41,1,2,,,11.0,4,0,2024
473210601.0,14,1410112,21,1,1,,,12.0,1,0,2024
473210601.0,14,1410112,17,1,1,,,9.0,3,0,2024
473210701.0,14,1410112,32,1,2,,,13.0,5,1,2024
473210701.0,14,1410112,33,1,2,,,13.0,5,0,2024
473210801.0,14,1410112,48,1,2,,,7.0,5,0,2024
473210801.0,14,1410112,52,1,2,,,7.0,8,1,2024
473210801.0,14,1410112,18,1,1,,,9.0,3,0,2024
473250301.0,14,1410314,57,1,2,,,7.0,3,1,2024
473250301.0,14,1410314,44,1,2,,,7.0,-88,0,2024
473250501.0,14,1410314,46,1,2,,,13.0,5,1,2024
473250501.0,14,1410314,50,1,2,,,11.0,4,0,2024
473250501.0,14,1410314,20,1,1,,,13.0,3,0,2024
473250501.0,14,1410314,13,,1,,,7.0,8,,2024
473250501.0,14,1410314,8,,1,,,7.0,3,,2024
473250701.0,14,1410314,54,1,2,,,7.0,8,1,2024
473250701.0,14,1410314,21,1,2,12,4,11.0,4,0,2024
473250701.0,14,1410314,13,,1,,,7.0,8,,2024
473250801.0,14,1410314,52,1,2,,,9.0,4,1,2024
473250801.0,14,1410314,21,1,1,,,13.0,3,0,2024
473250801.0,14,1410314,18,1,2,11,1,11.0,4,0,2024
473280101.0,14,1410511,58,1,2,,,9.0,1,1,2024
473280201.0,14,1410511,34,1,2,,,9.0,4,1,2024
473280201.0,14,1410511,41,1,2,,,9.0,4,0,2024
473280201.0,14,1410511,11,,1,,,7.0,6,,2024
473280201.0,14,1410511,7,,1,,,7.0,2,,2024
473280301.0,14,1410511,20,1,1,,,13.0,3,0,2024
473280301.0,14,1410511,44,1,2,,,9.0,2,1,2024
473280301.0,14,1410511,25,1,2,8,4,9.0,4,0,2024
473280301.0,14,1410511,11,,1,,,7.0,6,,2024
473280401.0,14,1410511,30,1,2,,,12.0,3,1,2024
473280401.0,14,1410511,33,1,2,,,11.0,4,0,2024
473280401.0,14,1410511,10,,1,,,7.0,4,,2024
473280501.0,14,1410511,50,1,2,,,9.0,3,1,2024
473280501.0,14,1410511,27,1,2,,,13.0,4,0,2024
473280601.0,14,1410511,33,1,2,,,11.0,4,0,2024
473280601.0,14,1410511,41,1,2,,,11.0,4,1,2024
473280601.0,14,1410511,12,,1,,,7.0,7,,2024
473280601.0,14,1410511,4,,1,,,3.0,,,2024
473280701.0,14,1410511,44,1,2,,,9.0,1,1,2024
473280701.0,14,1410511,38,1,2,,,9.0,4,0,2024
473280701.0,14,1410511,23,1,2,12,4,9.0,4,0,2024
473280701.0,14,1410511,18,1,1,,,9.0,3,0,2024
473280701.0,14,1410511,20,1,1,,,12.0,2,0,2024
473280801.0,14,1410511,86,1,2,,,6.0,5,1,2024
473290301.0,14,1410614,37,1,2,,,9.0,1,1,2024
473290301.0,14,1410614,22,1,2,12,4,11.0,3,0,2024
473290301.0,14,1410614,18,1,2,12,3,11.0,2,0,2024
473290301.0,14,1410614,16,1,1,,,9.0,1,0,2024
473290301.0,14,1410614,11,,1,,,7.0,6,,2024
473290301.0,14,1410614,3,,1,,,3.0,,,2024
473290401.0,14,1410614,48,1,2,,,7.0,6,1,2024
473290401.0,14,1410614,22,1,2,12,4,11.0,4,0,2024
473290401.0,14,1410614,19,1,2,12,2,11.0,4,0,2024
473290401.0,14,1410614,7,,1,,,7.0,1,,2024
473290501.0,14,1410614,35,1,2,,,9.0,4,1,2024
473290501.0,14,1410614,10,,1,,,7.0,4,,2024
473290501.0,14,1410614,5,,1,,,4.0,,,2024
473290501.0,14,1410614,16,1,1,,,9.0,2,0,2024
473290601.0,14,1410614,77,4,2,,,1.0,,1,2024
473290701.0,14,1410614,34,1,2,,,9.0,2,1,2024
473290701.0,14,1410614,30,1,2,,,9.0,1,0,2024
473290701.0,14,1410614,15,1,1,,,9.0,1,0,2024
473290701.0,14,1410614,4,,1,,,4.0,,,2024
473290801.0,14,1410614,42,1,2,,,7.0,8,1,2024
473310101.0,14,1410614,28,1,2,,,11.0,4,1,2024
473310101.0,14,1410614,31,1,2,,,11.0,1,0,2024
473310101.0,14,1410614,2,,2,,,1.0,,,2024
473310101.0,14,1410614,13,,1,,,7.0,7,,2024
473310201.0,14,1410614,58,1,1,,,9.0,4,1,2024
473310201.0,14,1410614,34,1,2,,,12.0,3,0,2024
473310301.0,14,1410614,56,1,2,,,7.0,5,1,2024
473310301.0,14,1410614,56,1,2,,,7.0,8,0,2024
473310401.0,14,1410614,61,1,2,,,7.0,7,1,2024
473310401.0,14,1410614,66,4,2,,,7.0,3,0,2024
473310401.0,14,1410614,23,1,2,12,3,13.0,4,0,2024
473310601.0,14,1410614,23,1,2,7,4,7.0,8,1,2024
473310601.0,14,1410614,27,1,2,,,9.0,4,0,2024
473310601.0,14,1410614,15,1,1,,,7.0,6,0,2024
473310601.0,14,1410614,7,,1,,,7.0,1,,2024
473310601.0,14,1410614,2,,2,,,1.0,,,2024
473310701.0,14,1410614,61,1,2,,,9.0,4,1,2024
473310701.0,14,1410614,34,1,2,,,11.0,4,0,2024
473310801.0,14,1410614,57,1,2,,,7.0,4,1,2024
473310801.0,14,1410614,67,1,2,,,7.0,5,0,2024
473310801.0,14,1410614,24,1,2,11,4,11.0,4,0,2024
473310801.0,14,1410614,34,1,2,,,12.0,2,0,2024
473310801.0,14,1410614,27,1,2,,,9.0,2,0,2024
473320201.0,14,1410614,81,1,2,,,6.0,1,1,2024
473320401.0,14,1410614,55,1,2,,,7.0,6,0,2024
473320401.0,14,1410614,66,1,2,,,7.0,8,1,2024
473320701.0,14,1410614,70,1,2,,,10.0,6,1,2024
473320701.0,14,1410614,50,1,2,,,9.0,4,0,2024
473320701.0,14,1410614,33,1,2,,,9.0,4,0,2024
473320701.0,14,1410614,13,,1,,,7.0,7,,2024
473320701.0,14,1410614,13,,1,,,7.0,7,,2024
473320701.0,14,1410614,4,,1,,,4.0,,,2024
473330101.0,14,1410614,51,1,2,,,7.0,8,1,2024
473330201.0,14,1410614,42,1,2,,,9.0,4,1,2024
473330201.0,14,1410614,20,1,1,,,13.0,1,0,2024
473330301.0,14,1410614,63,1,2,,,7.0,7,1,2024
473330301.0,14,1410614,69,1,2,,,7.0,7,0,2024
473330401.0,14,1410614,62,1,2,,,9.0,3,1,2024
473330401.0,14,1410614,61,1,2,,,7.0,3,0,2024
473330501.0,14,1410614,69,1,2,,,9.0,1,1,2024
473330601.0,14,1410614,36,1,2,,,9.0,4,1,2024
473330601.0,14,1410614,32,1,2,,,9.0,4,0,2024
473330601.0,14,1410614,15,1,1,,,9.0,1,0,2024
473330601.0,14,1410614,0,,2,,,1.0,,,2024
473330701.0,14,1410614,43,1,2,,,7.0,6,1,2024
473330701.0,14,1410614,18,1,1,,,11.0,4,0,2024
473330701.0,14,1410614,13,,1,,,7.0,8,,2024
473330701.0,14,1410614,4,,2,,,3.0,,,2024
473330801.0,14,1410614,46,1,2,,,7.0,8,1,2024
473330801.0,14,1410614,18,1,1,,,9.0,3,0,2024
473330801.0,14,1410614,17,1,1,,,11.0,2,0,2024
473350101.0,14,1410714,77,1,2,,,7.0,6,1,2024
473350101.0,14,1410714,64,1,2,,,7.0,6,0,2024
473350201.0,14,1410714,81,1,2,,,7.0,8,1,2024
473350501.0,14,1410714,60,1,2,,,9.0,2,1,2024
473350501.0,14,1410714,62,1,2,,,7.0,6,0,2024
473350501.0,14,1410714,40,1,2,,,12.0,3,0,2024
473350501.0,14,1410714,29,1,2,,,9.0,4,0,2024
473350501.0,14,1410714,16,1,1,,,9.0,3,0,2024
473350501.0,14,1410714,5,,1,,,4.0,,,2024
473350501.0,14,1410714,86,3,2,,,6.0,1,0,2024
473350601.0,14,1410714,58,1,2,,,7.0,5,1,2024
473350601.0,14,1410714,56,4,2,,,7.0,1,0,2024
473350701.0,14,1410714,71,1,2,,,6.0,6,0,2024
473350701.0,14,1410714,69,1,2,,,7.0,2,1,2024
473360101.0,14,1410714,84,1,2,,,6.0,6,1,2024
473360301.0,14,1410714,47,1,2,,,12.0,3,1,2024
473360301.0,14,1410714,43,1,2,,,13.0,5,0,2024
473360301.0,14,1410714,14,,1,,,7.0,8,0,2024
473360301.0,14,1410714,8,,1,,,7.0,2,,2024
473360401.0,14,1410714,78,1,2,,,8.0,6,1,2024
473360401.0,14,1410714,65,1,2,,,9.0,4,0,2024
473360501.0,14,1410714,57,1,2,,,7.0,7,1,2024
473360801.0,14,1410714,45,1,2,,,7.0,8,1,2024
473360801.0,14,1410714,46,1,2,,,7.0,8,0,2024
473360801.0,14,1410714,77,1,2,,,7.0,8,0,2024
473360801.0,14,1410714,24,1,2,5,3,13.0,3,0,2024
473360801.0,14,1410714,19,1,2,8,3,9.0,4,0,2024
473370101.0,14,1410714,83,1,2,,,8.0,4,1,2024
473370201.0,14,1410714,80,1,2,,,6.0,6,1,2024
473370401.0,14,1410714,78,1,2,,,9.0,1,1,2024
473370501.0,14,1410714,79,1,2,,,10.0,3,1,2024
473370501.0,14,1410714,82,1,2,,,7.0,3,0,2024
473370501.0,14,1410714,64,1,2,,,10.0,5,0,2024
473370601.0,14,1410714,59,1,2,,,9.0,4,1,2024
473370601.0,14,1410714,24,1,1,,,13.0,4,0,2024
473370601.0,14,1410714,22,1,1,,,12.0,3,0,2024
473370601.0,14,1410714,14,,1,,,9.0,1,0,2024
473370701.0,14,1410714,74,1,2,,,13.0,4,1,2024
473370701.0,14,1410714,57,1,2,,,9.0,4,0,2024
473370801.0,14,1410714,33,1,2,,,13.0,4,1,2024
473380101.0,14,1410714,27,1,2,,,9.0,4,1,2024
473380101.0,14,1410714,28,1,2,,,9.0,4,0,2024
473380101.0,14,1410714,10,,1,,,7.0,5,,2024
473380101.0,14,1410714,1,,1,,,2.0,,,2024
473380201.0,14,1410714,60,1,2,,,9.0,4,1,2024
473380201.0,14,1410714,42,1,2,,,13.0,4,0,2024
473380301.0,14,1410714,56,1,2,,,11.0,4,1,2024
473380301.0,14,1410714,51,1,2,,,13.0,5,0,2024
473380301.0,14,1410714,25,1,2,11,3,9.0,4,0,2024
473380301.0,14,1410714,17,1,1,,,9.0,3,0,2024
473380301.0,14,1410714,15,2,1,,,5.0,,0,2024
473380401.0,14,1410714,65,1,2,,,11.0,4,1,2024
473380401.0,14,1410714,19,1,1,,,13.0,1,0,2024
473380501.0,14,1410714,75,1,2,,,6.0,6,1,2024
473380601.0,14,1410714,61,1,2,,,9.0,4,0,2024
473380601.0,14,1410714,67,1,2,,,9.0,4,1,2024
473380601.0,14,1410714,72,2,2,,,7.0,6,0,2024
473380701.0,14,1410714,45,1,2,,,9.0,2,1,2024
473380701.0,14,1410714,20,1,2,12,2,13.0,1,0,2024
473380701.0,14,1410714,18,1,2,16,2,11.0,4,0,2024
473380801.0,14,1410714,64,1,2,,,7.0,5,1,2024
473380801.0,14,1410714,34,1,2,,,9.0,2,0,2024
473390101.0,14,1410714,80,1,2,,,10.0,4,1,2024
473390101.0,14,1410714,47,1,2,,,9.0,4,0,2024
473390101.0,14,1410714,46,1,2,,,9.0,4,0,2024
473390101.0,14,1410714,48,1,2,,,9.0,4,0,2024
473390101.0,14,1410714,6,,1,,,4.0,,,2024
473390201.0,14,1410714,75,1,2,,,7.0,8,0,2024
473390201.0,14,1410714,97,4,2,,,1.0,,1,2024
473390201.0,14,1410714,63,1,2,,,9.0,1,0,2024
473390301.0,14,1410714,74,1,2,,,7.0,8,1,2024
473390401.0,14,1410714,42,1,2,,,14.0,2,1,2024
473390401.0,14,1410714,43,1,2,,,12.0,3,0,2024
473390501.0,14,1410714,70,1,2,,,7.0,8,1,2024
473390501.0,14,1410714,62,1,2,,,9.0,2,0,2024
473390601.0,14,1410714,86,3,2,,,1.0,,1,2024
473390601.0,14,1410714,52,1,2,,,9.0,4,0,2024
473390701.0,14,1410714,45,1,2,,,9.0,4,1,2024
473390701.0,14,1410714,45,1,2,,,9.0,4,0,2024
473390701.0,14,1410714,25,1,1,,,13.0,4,0,2024
473390701.0,14,1410714,19,1,2,9,2,9.0,4,0,2024
473390801.0,14,1410714,51,1,2,,,13.0,4,1,2024
473400101.0,14,1410714,63,1,2,,,7.0,5,1,2024
473400201.0,14,1410714,66,1,2,,,9.0,4,1,2024
473400201.0,14,1410714,70,1,2,,,9.0,4,0,2024
473400301.0,14,1410714,28,1,2,,,13.0,5,0,2024
473400301.0,14,1410714,62,1,2,,,9.0,4,0,2024
473400301.0,14,1410714,57,1,2,,,9.0,4,1,2024
473400401.0,14,1410714,68,1,2,,,9.0,4,1,2024
473400501.0,14,1410714,94,4,2,,,1.0,,1,2024
473400501.0,14,1410714,45,1,2,,,9.0,4,0,2024
473400601.0,14,1410714,91,4,2,,,1.0,,0,2024
473400601.0,14,1410714,52,1,2,,,11.0,4,0,2024
473400601.0,14,1410714,56,1,2,,,11.0,4,1,2024
473400601.0,14,1410714,30,1,2,,,11.0,4,0,2024
473400701.0,14,1410714,34,1,2,,,9.0,4,1,2024
473400701.0,14,1410714,39,1,2,,,9.0,4,0,2024
473400701.0,14,1410714,15,1,1,,,9.0,1,0,2024
473400701.0,14,1410714,12,,1,,,7.0,7,,2024
473400701.0,14,1410714,0,,2,,,1.0,,,2024
473400801.0,14,1410714,47,1,2,,,9.0,4,1,2024
473400801.0,14,1410714,47,1,2,,,9.0,4,0,2024
473400801.0,14,1410714,10,,1,,,7.0,5,,2024
473430101.0,14,1410814,35,1,2,,,9.0,4,1,2024
473430101.0,14,1410814,36,1,2,,,9.0,4,0,2024
473430101.0,14,1410814,63,1,2,,,7.0,6,0,2024
473430101.0,14,1410814,15,1,1,,,11.0,1,0,2024
473430101.0,14,1410814,5,,1,,,4.0,,,2024
473430101.0,14,1410814,1,,2,,,1.0,,,2024
473430201.0,14,1410814,57,1,2,,,9.0,4,1,2024
473430201.0,14,1410814,50,1,2,,,12.0,3,0,2024
473430301.0,14,1410814,25,1,2,8,3,13.0,5,0,2024
473430301.0,14,1410814,70,1,2,,,7.0,8,1,2024
473430301.0,14,1410814,61,1,2,,,11.0,4,0,2024
473430401.0,14,1410814,29,1,2,,,9.0,4,1,2024
473430501.0,14,1410814,77,1,2,,,6.0,6,1,2024
473430601.0,14,1410814,53,1,2,,,12.0,3,1,2024
473430801.0,14,1410814,72,1,2,,,6.0,6,1,2024
473430801.0,14,1410814,73,1,2,,,10.0,1,0,2024
473430801.0,14,1410814,33,1,2,,,13.0,4,0,2024
473450201.0,14,1420117,21,1,1,,,13.0,2,0,2024
473450201.0,14,1420117,42,1,2,,,12.0,3,1,2024
473450201.0,14,1420117,41,1,2,,,13.0,5,0,2024
473450401.0,14,1420117,63,1,2,,,9.0,4,1,2024
473450401.0,14,1420117,64,1,2,,,13.0,5,0,2024
473450501.0,14,1420117,33,1,2,,,13.0,5,1,2024
473450501.0,14,1420117,30,1,2,,,12.0,3,0,2024
473450501.0,14,1420117,10,,1,,,7.0,5,,2024
473450601.0,14,1420117,35,1,2,,,11.0,4,0,2024
473450601.0,14,1420117,35,1,2,,,9.0,4,1,2024
473450601.0,14,1420117,4,,1,,,3.0,,,2024
473450601.0,14,1420117,13,,1,,,7.0,7,,2024
473450701.0,14,1420117,35,1,2,,,12.0,3,0,2024
473450701.0,14,1420117,38,1,2,,,9.0,4,1,2024
473450701.0,14,1420117,12,,1,,,7.0,6,,2024
473450701.0,14,1420117,8,,1,,,7.0,2,,2024
473450801.0,14,1420117,63,1,2,,,9.0,1,0,2024
473450801.0,14,1420117,66,1,2,,,9.0,2,1,2024
473470101.0,14,1420214,29,1,2,,,12.0,3,0,2024
473470101.0,14,1420214,50,1,2,,,9.0,4,0,2024
473470101.0,14,1420214,23,1,2,8,4,9.0,4,0,2024
473470101.0,14,1420214,50,1,2,,,9.0,4,1,2024
473470101.0,14,1420214,25,1,1,,,13.0,5,0,2024
473470101.0,14,1420214,7,,1,,,7.0,2,,2024
473470101.0,14,1420214,12,,1,,,7.0,6,,2024
473470201.0,14,1420214,43,1,2,,,7.0,8,1,2024
473470201.0,14,1420214,44,1,2,,,9.0,3,0,2024
473470201.0,14,1420214,21,1,2,8,2,11.0,4,0,2024
473470201.0,14,1420214,6,,1,,,4.0,,,2024
473470201.0,14,1420214,6,,1,,,4.0,,,2024
473470601.0,14,1420214,20,1,1,,,12.0,2,0,2024
473470601.0,14,1420214,61,1,2,,,9.0,2,1,2024
473470601.0,14,1420214,61,1,2,,,7.0,8,0,2024
473470701.0,14,1420214,65,1,2,,,7.0,5,1,2024
473470701.0,14,1420214,72,1,2,,,7.0,8,0,2024
473470701.0,14,1420214,40,1,2,,,7.0,8,0,2024
473470701.0,14,1420214,46,1,2,,,7.0,5,0,2024
473470801.0,14,1420214,33,1,2,,,12.0,3,1,2024
473470801.0,14,1420214,34,1,2,,,9.0,4,0,2024
473480101.0,14,1420224,39,1,2,,,9.0,3,1,2024
473480101.0,14,1420224,42,1,2,,,9.0,4,0,2024
473480101.0,14,1420224,15,1,1,,,9.0,2,0,2024
473480301.0,14,1420224,58,1,2,,,9.0,4,1,2024
473480301.0,14,1420224,24,1,2,1,4,11.0,4,0,2024
473480301.0,14,1420224,25,1,2,8,4,11.0,4,0,2024
473480301.0,14,1420224,4,,2,,,1.0,,,2024
473480301.0,14,1420224,2,,2,,,1.0,,,2024
473480301.0,14,1420224,21,1,1,,,13.0,3,0,2024
473480501.0,14,1420224,29,3,2,,,7.0,3,1,2024
473480601.0,14,1420224,61,1,2,,,11.0,4,1,2024
473480601.0,14,1420224,63,1,2,,,11.0,2,0,2024
473480601.0,14,1420224,29,1,2,,,13.0,5,0,2024
473480901.0,14,1420224,68,1,2,,,7.0,6,0,2024
473480901.0,14,1420224,66,1,2,,,7.0,5,1,2024
473490101.0,14,1420416,34,1,2,,,13.0,4,1,2024
473490101.0,14,1420416,35,1,2,,,12.0,3,0,2024
473490101.0,14,1420416,14,,1,,,7.0,8,0,2024
473490101.0,14,1420416,7,,1,,,7.0,1,,2024
473490301.0,14,1420416,30,1,2,,,13.0,5,1,2024
473490301.0,14,1420416,1,,1,,,2.0,,,2024
473490501.0,14,1420416,30,1,2,,,11.0,4,1,2024
473490501.0,14,1420416,30,1,2,,,11.0,4,0,2024
473490501.0,14,1420416,11,,1,,,7.0,5,,2024
473490601.0,14,1420416,32,1,2,,,13.0,5,1,2024
473490601.0,14,1420416,33,1,2,,,13.0,5,0,2024
473500101.0,14,1420416,39,1,1,,,13.0,3,1,2024
473500101.0,14,1420416,19,1,1,,,9.0,3,0,2024
473500101.0,14,1420416,16,1,1,,,9.0,2,0,2024
473500201.0,14,1420416,34,1,2,,,9.0,4,0,2024
473500201.0,14,1420416,40,1,2,,,9.0,1,1,2024
473500301.0,14,1420416,26,1,2,,,9.0,4,1,2024
473500301.0,14,1420416,25,1,2,8,4,12.0,3,0,2024
473500401.0,14,1420416,27,1,2,,,13.0,7,1,2024
473500501.0,14,1420416,41,1,2,,,12.0,3,1,2024
473500501.0,14,1420416,45,1,2,,,12.0,3,0,2024
473500601.0,14,1420416,55,1,2,,,9.0,2,1,2024
473500601.0,14,1420416,40,1,2,,,7.0,8,0,2024
473500601.0,14,1420416,17,1,1,,,11.0,4,0,2024
473500601.0,14,1420416,13,,1,,,7.0,5,,2024
473500601.0,14,1420416,9,,1,,,7.0,4,,2024
473500701.0,14,1420416,56,1,2,,,9.0,4,1,2024
473500701.0,14,1420416,58,1,2,,,11.0,4,0,2024
473500701.0,14,1420416,77,1,2,,,11.0,4,0,2024
473500801.0,14,1420416,60,1,2,,,9.0,2,1,2024
473500801.0,14,1420416,58,1,2,,,11.0,4,0,2024
473500801.0,14,1420416,29,1,2,,,13.0,4,0,2024
473500801.0,14,1420416,26,1,2,,,12.0,3,0,2024
