folio,id_persona,region,comuna,comuna_nombre,pobreza_multi_2015,hh_d_hacina_2015
100390101,1,14,14107,Paillaco,0.0,0.0
100390201,1,14,14107,Paillaco,0.0,0.0
100390301,1,14,14107,Paillaco,0.0,0.0
100390401,1,14,14107,Paillaco,0.0,0.0
100390601,1,14,14107,Paillaco,0.0,0.0
100390701,1,14,14107,Paillaco,0.0,0.0
101250101,1,14,14101,Valdivia,0.0,0.0
101250201,1,14,14101,Valdivia,0.0,0.0
101250301,1,14,14101,Valdivia,0.0,0.0
101250401,1,14,14101,Valdivia,0.0,0.0
101250601,1,14,14101,Valdivia,0.0,0.0
101250801,1,14,14101,Valdivia,0.0,0.0
101900101,1,14,14101,Valdivia,0.0,0.0
101900201,1,14,14101,Valdivia,0.0,0.0
101900301,1,14,14101,Valdivia,0.0,0.0
101900401,1,14,14101,Valdivia,0.0,0.0
101900501,1,14,14101,Valdivia,0.0,0.0
101900601,1,14,14101,Valdivia,0.0,0.0
101900701,1,14,14101,Valdivia,0.0,0.0
101900801,1,14,14101,Valdivia,0.0,0.0
102460101,1,14,14201,La Unión,0.0,0.0
102460201,1,14,14201,La Unión,0.0,0.0
102460301,1,14,14201,La Unión,0.0,0.0
102460401,1,14,14201,La Unión,0.0,0.0
102460501,1,14,14201,La Unión,0.0,0.0
102460601,1,14,14201,La Unión,0.0,0.0
102460701,1,14,14201,La Unión,1.0,0.0
102460801,1,14,14201,La Unión,1.0,0.0
102460901,1,14,14201,La Unión,0.0,0.0
102461001,1,14,14201,La Unión,0.0,0.0
102970201,1,14,14201,La Unión,0.0,0.0
102970301,1,14,14201,La Unión,0.0,0.0
102970401,1,14,14201,La Unión,0.0,0.0
102970501,1,14,14201,La Unión,0.0,0.0
102970601,1,14,14201,La Unión,0.0,0.0
102970701,1,14,14201,La Unión,0.0,0.0
102970801,1,14,14201,La Unión,0.0,0.0
105070101,1,14,14201,La Unión,0.0,0.0
105070201,1,14,14201,La Unión,0.0,0.0
105070501,1,14,14201,La Unión,0.0,0.0
105070601,1,14,14201,La Unión,1.0,0.0
105070701,1,14,14201,La Unión,0.0,0.0
105070801,1,14,14201,La Unión,0.0,0.0
105070901,1,14,14201,La Unión,1.0,0.0
105071001,1,14,14201,La Unión,0.0,0.0
105440101,1,14,14104,Los Lagos,0.0,0.0
105440201,1,14,14104,Los Lagos,0.0,0.0
105440701,1,14,14104,Los Lagos,1.0,0.0
105440801,1,14,14104,Los Lagos,1.0,0.0
105440901,1,14,14104,Los Lagos,1.0,0.0
105441001,1,14,14104,Los Lagos,1.0,0.0
106060101,1,14,14201,La Unión,0.0,0.0
106060201,1,14,14201,La Unión,1.0,0.0
106060301,1,14,14201,La Unión,0.0,0.0
106060401,1,14,14201,La Unión,0.0,0.0
106060501,1,14,14201,La Unión,0.0,0.0
106060601,1,14,14201,La Unión,0.0,0.0
106060701,1,14,14201,La Unión,0.0,0.0
106060801,1,14,14201,La Unión,,0.0
106060901,1,14,14201,La Unión,0.0,0.0
106061001,1,14,14201,La Unión,0.0,0.0
106380101,1,14,14101,Valdivia,,0.0
106380201,1,14,14101,Valdivia,,0.0
106380401,1,14,14101,Valdivia,0.0,0.0
106380501,1,14,14101,Valdivia,0.0,0.0
106380801,1,14,14101,Valdivia,0.0,0.0
106460101,1,14,14108,Panguipulli,0.0,0.0
106460201,1,14,14108,Panguipulli,0.0,0.0
106460401,1,14,14108,Panguipulli,0.0,0.0
106460701,1,14,14108,Panguipulli,0.0,0.0
106460901,1,14,14108,Panguipulli,0.0,0.0
107000101,1,14,14203,Lago Ranco,0.0,0.0
107000201,1,14,14203,Lago Ranco,0.0,0.0
107000401,1,14,14203,Lago Ranco,1.0,0.0
107000501,1,14,14203,Lago Ranco,0.0,0.0
107000601,1,14,14203,Lago Ranco,0.0,0.0
107000701,1,14,14203,Lago Ranco,0.0,0.0
107000801,1,14,14203,Lago Ranco,0.0,0.0
107500101,1,14,14108,Panguipulli,0.0,0.0
107500201,1,14,14108,Panguipulli,0.0,0.0
107500301,1,14,14108,Panguipulli,0.0,0.0
107500401,1,14,14108,Panguipulli,0.0,0.0
107500501,1,14,14108,Panguipulli,0.0,1.0
107500701,1,14,14108,Panguipulli,0.0,0.0
108220101,1,14,14104,Los Lagos,0.0,0.0
108220201,1,14,14104,Los Lagos,0.0,0.0
108220301,1,14,14104,Los Lagos,0.0,0.0
108220401,1,14,14104,Los Lagos,0.0,0.0
108220501,1,14,14104,Los Lagos,0.0,0.0
108220601,1,14,14104,Los Lagos,0.0,0.0
108220701,1,14,14104,Los Lagos,1.0,1.0
108420101,1,14,14101,Valdivia,0.0,0.0
108420301,1,14,14101,Valdivia,0.0,0.0
108420401,1,14,14101,Valdivia,0.0,0.0
108420501,1,14,14101,Valdivia,0.0,0.0
108420601,1,14,14101,Valdivia,1.0,0.0
108420701,1,14,14101,Valdivia,0.0,0.0
108710201,1,14,14101,Valdivia,0.0,0.0
108710301,1,14,14101,Valdivia,0.0,0.0
108710401,1,14,14101,Valdivia,0.0,0.0
108710501,1,14,14101,Valdivia,0.0,0.0
109040101,1,14,14101,Valdivia,1.0,0.0
109040401,1,14,14101,Valdivia,0.0,0.0
109040501,1,14,14101,Valdivia,0.0,0.0
109040801,1,14,14101,Valdivia,0.0,0.0
109310101,1,14,14101,Valdivia,1.0,0.0
109310201,1,14,14101,Valdivia,0.0,0.0
109310301,1,14,14101,Valdivia,0.0,0.0
109310501,1,14,14101,Valdivia,0.0,0.0
109310701,1,14,14101,Valdivia,0.0,0.0
109310801,1,14,14101,Valdivia,0.0,0.0
111070101,1,14,14201,La Unión,1.0,0.0
111070301,1,14,14201,La Unión,0.0,0.0
111070401,1,14,14201,La Unión,0.0,0.0
111070501,1,14,14201,La Unión,0.0,0.0
111070601,1,14,14201,La Unión,0.0,0.0
111070701,1,14,14201,La Unión,0.0,0.0
111070801,1,14,14201,La Unión,0.0,0.0
112240101,1,14,14204,Río Bueno,0.0,0.0
112240201,1,14,14204,Río Bueno,0.0,0.0
112240301,1,14,14204,Río Bueno,0.0,0.0
112240601,1,14,14204,Río Bueno,0.0,0.0
112240701,1,14,14204,Río Bueno,0.0,0.0
112240801,1,14,14204,Río Bueno,0.0,0.0
112610101,3,14,14101,Valdivia,1.0,0.0
112610102,1,14,14101,Valdivia,0.0,0.0
112610201,1,14,14101,Valdivia,0.0,0.0
112610401,1,14,14101,Valdivia,1.0,0.0
112610501,1,14,14101,Valdivia,0.0,0.0
112610601,1,14,14101,Valdivia,0.0,0.0
112610701,1,14,14101,Valdivia,1.0,0.0
112610801,1,14,14101,Valdivia,1.0,0.0
112620101,1,14,14102,Corral,1.0,0.0
112620201,1,14,14102,Corral,0.0,0.0
112620301,1,14,14102,Corral,0.0,0.0
112620401,1,14,14102,Corral,0.0,0.0
112620501,1,14,14102,Corral,0.0,0.0
112620601,1,14,14102,Corral,1.0,0.0
112620701,1,14,14102,Corral,0.0,0.0
112620801,1,14,14102,Corral,0.0,0.0
112620901,1,14,14102,Corral,0.0,0.0
115110101,1,14,14101,Valdivia,0.0,0.0
115110201,1,14,14101,Valdivia,1.0,0.0
115110401,1,14,14101,Valdivia,0.0,0.0
115110501,1,14,14101,Valdivia,0.0,0.0
115110601,1,14,14101,Valdivia,0.0,0.0
115110801,1,14,14101,Valdivia,0.0,0.0
116150101,1,14,14202,Futrono,0.0,0.0
116150201,1,14,14202,Futrono,0.0,0.0
116150301,1,14,14202,Futrono,0.0,0.0
116150501,1,14,14202,Futrono,0.0,0.0
116150601,1,14,14202,Futrono,0.0,0.0
116150701,1,14,14202,Futrono,0.0,0.0
116150801,1,14,14202,Futrono,0.0,1.0
117800201,1,14,14101,Valdivia,0.0,0.0
117800401,1,14,14101,Valdivia,0.0,0.0
117800501,1,14,14101,Valdivia,0.0,0.0
117800601,1,14,14101,Valdivia,0.0,0.0
119540101,1,14,14108,Panguipulli,0.0,0.0
119540301,1,14,14108,Panguipulli,0.0,0.0
120490101,1,14,14101,Valdivia,0.0,0.0
120490201,1,14,14101,Valdivia,0.0,0.0
120490301,1,14,14101,Valdivia,0.0,0.0
120490401,1,14,14101,Valdivia,0.0,0.0
120490501,1,14,14101,Valdivia,0.0,0.0
120490701,1,14,14101,Valdivia,0.0,0.0
120490801,1,14,14101,Valdivia,0.0,0.0
120710201,1,14,14108,Panguipulli,0.0,0.0
120710301,1,14,14108,Panguipulli,0.0,0.0
120710401,1,14,14108,Panguipulli,0.0,0.0
120710501,1,14,14108,Panguipulli,0.0,0.0
120710601,2,14,14108,Panguipulli,1.0,0.0
120710701,1,14,14108,Panguipulli,0.0,0.0
120710901,1,14,14108,Panguipulli,0.0,0.0
120711001,1,14,14108,Panguipulli,0.0,0.0
121500101,1,14,14202,Futrono,0.0,0.0
121500201,1,14,14202,Futrono,0.0,0.0
121500301,1,14,14202,Futrono,1.0,1.0
121500401,1,14,14202,Futrono,0.0,0.0
121500501,1,14,14202,Futrono,1.0,0.0
121500601,1,14,14202,Futrono,0.0,0.0
121500701,1,14,14202,Futrono,0.0,0.0
121620101,1,14,14101,Valdivia,0.0,0.0
121620201,1,14,14101,Valdivia,0.0,0.0
121620301,1,14,14101,Valdivia,0.0,0.0
121620401,1,14,14101,Valdivia,0.0,0.0
121620601,1,14,14101,Valdivia,0.0,0.0
121620701,1,14,14101,Valdivia,0.0,0.0
121620801,1,14,14101,Valdivia,0.0,0.0
121890101,1,14,14101,Valdivia,0.0,0.0
121890201,1,14,14101,Valdivia,1.0,1.0
121890301,1,14,14101,Valdivia,0.0,0.0
121890401,1,14,14101,Valdivia,0.0,0.0
121890501,1,14,14101,Valdivia,1.0,0.0
121890601,1,14,14101,Valdivia,0.0,0.0
121890701,1,14,14101,Valdivia,0.0,0.0
121900101,1,14,14107,Paillaco,0.0,0.0
121900201,1,14,14107,Paillaco,,0.0
121900301,1,14,14107,Paillaco,0.0,0.0
121900401,1,14,14107,Paillaco,0.0,1.0
121900501,1,14,14107,Paillaco,0.0,0.0
121900601,1,14,14107,Paillaco,0.0,0.0
121900701,1,14,14107,Paillaco,0.0,0.0
121900801,1,14,14107,Paillaco,0.0,0.0
122080201,1,14,14101,Valdivia,0.0,0.0
122080301,1,14,14101,Valdivia,0.0,0.0
122080401,1,14,14101,Valdivia,0.0,0.0
122080501,1,14,14101,Valdivia,1.0,0.0
122080601,1,14,14101,Valdivia,0.0,0.0
122080701,1,14,14101,Valdivia,0.0,0.0
122080801,1,14,14101,Valdivia,,0.0
123640101,1,14,14104,Los Lagos,0.0,0.0
123640201,1,14,14104,Los Lagos,0.0,0.0
123640301,1,14,14104,Los Lagos,0.0,0.0
123640401,1,14,14104,Los Lagos,1.0,0.0
123640501,1,14,14104,Los Lagos,0.0,0.0
123640601,1,14,14104,Los Lagos,0.0,0.0
123640701,1,14,14104,Los Lagos,0.0,0.0
123640801,1,14,14104,Los Lagos,0.0,0.0
123640901,1,14,14104,Los Lagos,0.0,0.0
123641001,1,14,14104,Los Lagos,0.0,0.0
125690101,1,14,14103,Lanco,0.0,0.0
125690401,1,14,14103,Lanco,1.0,0.0
125690501,1,14,14103,Lanco,0.0,0.0
125690601,1,14,14103,Lanco,0.0,0.0
125690701,1,14,14103,Lanco,1.0,0.0
125690801,1,14,14103,Lanco,0.0,0.0
126450101,1,14,14101,Valdivia,0.0,0.0
126450301,1,14,14101,Valdivia,0.0,0.0
126450401,1,14,14101,Valdivia,0.0,0.0
126450801,1,14,14101,Valdivia,0.0,0.0
126740101,1,14,14101,Valdivia,0.0,0.0
126740201,1,14,14101,Valdivia,0.0,0.0
126740401,1,14,14101,Valdivia,0.0,0.0
126740501,1,14,14101,Valdivia,0.0,0.0
126740601,1,14,14101,Valdivia,0.0,0.0
126740701,1,14,14101,Valdivia,0.0,0.0
126740801,1,14,14101,Valdivia,0.0,0.0
128730101,1,14,14101,Valdivia,0.0,0.0
128730301,1,14,14101,Valdivia,0.0,0.0
128730401,1,14,14101,Valdivia,0.0,0.0
128730501,1,14,14101,Valdivia,1.0,0.0
128730701,1,14,14101,Valdivia,0.0,0.0
128730801,1,14,14101,Valdivia,0.0,0.0
130860101,1,14,14104,Los Lagos,0.0,0.0
130860201,1,14,14104,Los Lagos,0.0,0.0
130860301,1,14,14104,Los Lagos,0.0,0.0
130860601,1,14,14104,Los Lagos,0.0,0.0
130860801,1,14,14104,Los Lagos,0.0,0.0
131050101,1,14,14104,Los Lagos,0.0,0.0
131050201,1,14,14104,Los Lagos,0.0,0.0
131050301,1,14,14104,Los Lagos,0.0,0.0
131050401,1,14,14104,Los Lagos,0.0,0.0
131050501,1,14,14104,Los Lagos,1.0,0.0
131050601,1,14,14104,Los Lagos,0.0,0.0
131050701,1,14,14104,Los Lagos,0.0,0.0
131050801,1,14,14104,Los Lagos,1.0,0.0
131050901,1,14,14104,Los Lagos,0.0,0.0
131051001,1,14,14104,Los Lagos,0.0,0.0
131340101,1,14,14101,Valdivia,0.0,0.0
131340501,1,14,14101,Valdivia,0.0,0.0
131340601,1,14,14101,Valdivia,0.0,0.0
131340701,1,14,14101,Valdivia,1.0,0.0
131340801,1,14,14101,Valdivia,0.0,0.0
131340901,1,14,14101,Valdivia,0.0,0.0
131341001,1,14,14101,Valdivia,0.0,0.0
132320101,1,14,14101,Valdivia,0.0,0.0
132320201,1,14,14101,Valdivia,0.0,0.0
132320401,1,14,14101,Valdivia,0.0,0.0
132320501,1,14,14101,Valdivia,0.0,0.0
132320601,1,14,14101,Valdivia,0.0,0.0
132320701,1,14,14101,Valdivia,0.0,0.0
132320801,1,14,14101,Valdivia,0.0,0.0
134020101,1,14,14108,Panguipulli,0.0,0.0
134020201,1,14,14108,Panguipulli,0.0,0.0
134020301,1,14,14108,Panguipulli,0.0,0.0
134020501,1,14,14108,Panguipulli,0.0,0.0
134020701,1,14,14108,Panguipulli,0.0,0.0
134020801,1,14,14108,Panguipulli,0.0,0.0
134160201,1,14,14101,Valdivia,0.0,0.0
134160401,1,14,14101,Valdivia,0.0,0.0
134160501,1,14,14101,Valdivia,0.0,0.0
134160601,1,14,14101,Valdivia,0.0,0.0
134160701,1,14,14101,Valdivia,0.0,0.0
134160801,1,14,14101,Valdivia,0.0,0.0
134910101,1,14,14105,Máfil,1.0,0.0
134910301,1,14,14105,Máfil,0.0,0.0
134910401,1,14,14105,Máfil,0.0,0.0
134910501,1,14,14105,Máfil,1.0,0.0
134910601,2,14,14105,Máfil,0.0,0.0
134910701,1,14,14105,Máfil,1.0,0.0
134910801,1,14,14105,Máfil,0.0,0.0
135490101,1,14,14201,La Unión,0.0,0.0
135490201,1,14,14201,La Unión,0.0,0.0
135490301,1,14,14201,La Unión,1.0,0.0
135490401,1,14,14201,La Unión,0.0,0.0
135490501,1,14,14201,La Unión,0.0,0.0
135490601,1,14,14201,La Unión,1.0,0.0
135490701,1,14,14201,La Unión,1.0,0.0
135490901,1,14,14201,La Unión,0.0,0.0
135491001,1,14,14201,La Unión,1.0,0.0
136960101,1,14,14203,Lago Ranco,0.0,0.0
136960401,1,14,14203,Lago Ranco,1.0,0.0
136960501,1,14,14203,Lago Ranco,0.0,0.0
136960601,1,14,14203,Lago Ranco,1.0,0.0
136960701,1,14,14203,Lago Ranco,0.0,0.0
136960801,1,14,14203,Lago Ranco,0.0,0.0
137550101,1,14,14101,Valdivia,0.0,0.0
137550201,1,14,14101,Valdivia,0.0,0.0
137550401,1,14,14101,Valdivia,0.0,0.0
137550501,1,14,14101,Valdivia,1.0,0.0
137550601,1,14,14101,Valdivia,0.0,0.0
137550701,1,14,14101,Valdivia,0.0,0.0
137550801,1,14,14101,Valdivia,0.0,0.0
138590101,1,14,14108,Panguipulli,0.0,0.0
138590201,1,14,14108,Panguipulli,0.0,0.0
138590301,1,14,14108,Panguipulli,0.0,0.0
138590401,1,14,14108,Panguipulli,0.0,0.0
138590601,1,14,14108,Panguipulli,1.0,0.0
138590801,1,14,14108,Panguipulli,0.0,0.0
138590901,1,14,14108,Panguipulli,0.0,0.0
139440101,1,14,14101,Valdivia,0.0,0.0
139440201,1,14,14101,Valdivia,0.0,0.0
139440301,1,14,14101,Valdivia,0.0,0.0
139440601,1,14,14101,Valdivia,0.0,0.0
139440701,1,14,14101,Valdivia,0.0,0.0
140450201,1,14,14201,La Unión,0.0,0.0
140450501,1,14,14201,La Unión,0.0,0.0
140450601,1,14,14201,La Unión,0.0,0.0
140450701,1,14,14201,La Unión,0.0,0.0
140450801,1,14,14201,La Unión,0.0,0.0
140520301,1,14,14101,Valdivia,0.0,0.0
140520501,1,14,14101,Valdivia,0.0,0.0
140520601,1,14,14101,Valdivia,0.0,0.0
140520701,1,14,14101,Valdivia,0.0,0.0
140540201,1,14,14204,Río Bueno,0.0,0.0
140540301,1,14,14204,Río Bueno,0.0,0.0
140540401,1,14,14204,Río Bueno,0.0,0.0
140540501,1,14,14204,Río Bueno,,0.0
140540701,1,14,14204,Río Bueno,0.0,0.0
140540801,1,14,14204,Río Bueno,0.0,0.0
140540901,1,14,14204,Río Bueno,0.0,0.0
142230301,1,14,14103,Lanco,0.0,0.0
142230801,1,14,14103,Lanco,0.0,0.0
142320401,1,14,14108,Panguipulli,0.0,0.0
142320501,1,14,14108,Panguipulli,0.0,0.0
142320601,1,14,14108,Panguipulli,0.0,0.0
142320701,1,14,14108,Panguipulli,0.0,0.0
142320801,1,14,14108,Panguipulli,0.0,0.0
142320901,1,14,14108,Panguipulli,1.0,0.0
142321001,1,14,14108,Panguipulli,0.0,1.0
143940301,1,14,14201,La Unión,0.0,0.0
143940401,1,14,14201,La Unión,0.0,0.0
143940501,1,14,14201,La Unión,0.0,0.0
143940801,1,14,14201,La Unión,0.0,0.0
143980101,1,14,14101,Valdivia,1.0,0.0
143980201,1,14,14101,Valdivia,1.0,0.0
143980401,1,14,14101,Valdivia,0.0,0.0
143980501,1,14,14101,Valdivia,0.0,0.0
143980601,1,14,14101,Valdivia,1.0,0.0
143980701,1,14,14101,Valdivia,0.0,0.0
143980801,1,14,14101,Valdivia,0.0,0.0
145260101,1,14,14101,Valdivia,0.0,0.0
145260301,1,14,14101,Valdivia,0.0,0.0
145260401,1,14,14101,Valdivia,0.0,0.0
145260701,1,14,14101,Valdivia,0.0,0.0
145260801,1,14,14101,Valdivia,0.0,0.0
146960201,1,14,14101,Valdivia,1.0,0.0
146960401,1,14,14101,Valdivia,0.0,0.0
146960501,1,14,14101,Valdivia,0.0,0.0
146960601,1,14,14101,Valdivia,0.0,0.0
149330101,1,14,14102,Corral,0.0,0.0
149330301,1,14,14102,Corral,0.0,0.0
149330501,1,14,14102,Corral,0.0,0.0
149330601,1,14,14102,Corral,0.0,0.0
149330901,1,14,14102,Corral,1.0,0.0
149331001,1,14,14102,Corral,0.0,0.0
150310101,1,14,14101,Valdivia,0.0,0.0
150310301,1,14,14101,Valdivia,0.0,0.0
150310401,1,14,14101,Valdivia,0.0,0.0
150310501,1,14,14101,Valdivia,0.0,0.0
150310601,1,14,14101,Valdivia,0.0,0.0
150310701,1,14,14101,Valdivia,0.0,0.0
150310801,1,14,14101,Valdivia,0.0,0.0
151330201,1,14,14104,Los Lagos,,0.0
151330301,1,14,14104,Los Lagos,0.0,0.0
151330601,1,14,14104,Los Lagos,1.0,0.0
151330801,1,14,14104,Los Lagos,0.0,1.0
151470101,1,14,14108,Panguipulli,0.0,0.0
151470201,1,14,14108,Panguipulli,0.0,0.0
151470301,1,14,14108,Panguipulli,0.0,0.0
151470601,1,14,14108,Panguipulli,0.0,0.0
151470701,1,14,14108,Panguipulli,0.0,0.0
151470801,1,14,14108,Panguipulli,0.0,0.0
151570101,1,14,14101,Valdivia,0.0,0.0
151570201,1,14,14101,Valdivia,1.0,0.0
151570301,1,14,14101,Valdivia,0.0,0.0
151570401,1,14,14101,Valdivia,0.0,0.0
151570501,1,14,14101,Valdivia,0.0,0.0
151570701,1,14,14101,Valdivia,0.0,0.0
151570801,1,14,14101,Valdivia,1.0,0.0
153150101,1,14,14202,Futrono,0.0,0.0
153150301,1,14,14202,Futrono,0.0,0.0
153150401,1,14,14202,Futrono,0.0,0.0
153150501,1,14,14202,Futrono,0.0,0.0
153150601,1,14,14202,Futrono,0.0,0.0
153150701,1,14,14202,Futrono,0.0,0.0
153150801,1,14,14202,Futrono,0.0,0.0
154100101,1,14,14105,Máfil,0.0,0.0
154100201,1,14,14105,Máfil,0.0,0.0
154100301,1,14,14105,Máfil,0.0,0.0
154100501,1,14,14105,Máfil,0.0,0.0
154100701,1,14,14105,Máfil,0.0,0.0
154100901,1,14,14105,Máfil,0.0,0.0
154101001,1,14,14105,Máfil,0.0,0.0
154170101,1,14,14108,Panguipulli,0.0,0.0
154170201,1,14,14108,Panguipulli,0.0,0.0
154170401,1,14,14108,Panguipulli,1.0,0.0
154170501,1,14,14108,Panguipulli,1.0,1.0
154170601,1,14,14108,Panguipulli,1.0,0.0
154170701,1,14,14108,Panguipulli,1.0,0.0
154170801,1,14,14108,Panguipulli,1.0,0.0
154170901,1,14,14108,Panguipulli,0.0,0.0
154480201,1,14,14108,Panguipulli,0.0,0.0
154480401,1,14,14108,Panguipulli,0.0,0.0
154480701,1,14,14108,Panguipulli,1.0,0.0
154480801,1,14,14108,Panguipulli,0.0,0.0
154480901,1,14,14108,Panguipulli,0.0,0.0
154980201,1,14,14101,Valdivia,0.0,0.0
154980301,1,14,14101,Valdivia,0.0,0.0
154980401,1,14,14101,Valdivia,0.0,0.0
154980501,1,14,14101,Valdivia,0.0,0.0
154980601,1,14,14101,Valdivia,0.0,0.0
154990101,1,14,14103,Lanco,1.0,0.0
154990201,1,14,14103,Lanco,0.0,0.0
154990301,1,14,14103,Lanco,0.0,0.0
154990501,1,14,14103,Lanco,0.0,0.0
154990601,1,14,14103,Lanco,0.0,0.0
154990701,1,14,14103,Lanco,1.0,1.0
154990801,1,14,14103,Lanco,0.0,0.0
155070501,1,14,14104,Los Lagos,0.0,0.0
155070701,1,14,14104,Los Lagos,0.0,0.0
155070801,1,14,14104,Los Lagos,0.0,0.0
155240201,1,14,14203,Lago Ranco,0.0,0.0
155240301,1,14,14203,Lago Ranco,0.0,0.0
155240401,1,14,14203,Lago Ranco,1.0,0.0
155240501,1,14,14203,Lago Ranco,0.0,0.0
155240701,1,14,14203,Lago Ranco,0.0,0.0
155240901,1,14,14203,Lago Ranco,1.0,0.0
155440101,1,14,14105,Máfil,1.0,0.0
155440201,1,14,14105,Máfil,0.0,1.0
155440301,1,14,14105,Máfil,0.0,0.0
155440401,1,14,14105,Máfil,0.0,0.0
155440501,1,14,14105,Máfil,0.0,0.0
155440601,1,14,14105,Máfil,1.0,0.0
155440701,1,14,14105,Máfil,1.0,0.0
155440801,1,14,14105,Máfil,0.0,0.0
155440901,1,14,14105,Máfil,0.0,0.0
155441001,1,14,14105,Máfil,0.0,0.0
155470101,1,14,14101,Valdivia,0.0,0.0
155470201,1,14,14101,Valdivia,0.0,0.0
155470301,1,14,14101,Valdivia,0.0,0.0
155470401,1,14,14101,Valdivia,0.0,0.0
155470701,1,14,14101,Valdivia,0.0,0.0
155470801,1,14,14101,Valdivia,0.0,0.0
155960201,1,14,14203,Lago Ranco,1.0,0.0
155960501,1,14,14203,Lago Ranco,0.0,0.0
155960601,1,14,14203,Lago Ranco,0.0,0.0
155960701,1,14,14203,Lago Ranco,0.0,0.0
155960801,1,14,14203,Lago Ranco,0.0,0.0
157740101,1,14,14102,Corral,0.0,0.0
157740301,1,14,14102,Corral,1.0,0.0
157740401,1,14,14102,Corral,0.0,0.0
157740501,1,14,14102,Corral,0.0,0.0
157740601,1,14,14102,Corral,0.0,0.0
157740701,1,14,14102,Corral,0.0,0.0
157740901,1,14,14102,Corral,0.0,0.0
157741001,1,14,14102,Corral,0.0,0.0
157790101,1,14,14101,Valdivia,0.0,0.0
157790201,1,14,14101,Valdivia,0.0,0.0
157790301,1,14,14101,Valdivia,0.0,0.0
157790501,1,14,14101,Valdivia,0.0,0.0
157790601,1,14,14101,Valdivia,0.0,0.0
157790701,1,14,14101,Valdivia,0.0,0.0
157790801,1,14,14101,Valdivia,0.0,0.0
160930101,1,14,14101,Valdivia,0.0,0.0
160930201,1,14,14101,Valdivia,1.0,0.0
160930301,1,14,14101,Valdivia,0.0,0.0
160930401,1,14,14101,Valdivia,1.0,0.0
160930601,1,14,14101,Valdivia,0.0,0.0
160930701,1,14,14101,Valdivia,1.0,0.0
160930801,1,14,14101,Valdivia,0.0,0.0
161270101,1,14,14107,Paillaco,0.0,0.0
161270201,1,14,14107,Paillaco,0.0,0.0
161270301,1,14,14107,Paillaco,0.0,1.0
161270401,1,14,14107,Paillaco,0.0,0.0
161270601,1,14,14107,Paillaco,0.0,0.0
161270701,1,14,14107,Paillaco,0.0,0.0
161270801,1,14,14107,Paillaco,0.0,0.0
161270901,1,14,14107,Paillaco,0.0,0.0
161271001,1,14,14107,Paillaco,0.0,0.0
161280101,1,14,14204,Río Bueno,0.0,0.0
161280301,1,14,14204,Río Bueno,0.0,0.0
161280401,1,14,14204,Río Bueno,0.0,0.0
161280501,1,14,14204,Río Bueno,0.0,0.0
161280601,1,14,14204,Río Bueno,0.0,0.0
161280701,1,14,14204,Río Bueno,0.0,0.0
161280801,1,14,14204,Río Bueno,0.0,0.0
162630101,1,14,14106,Mariquina,0.0,0.0
162630201,1,14,14106,Mariquina,0.0,0.0
162630401,1,14,14106,Mariquina,1.0,0.0
162630501,1,14,14106,Mariquina,0.0,0.0
162630801,1,14,14106,Mariquina,0.0,0.0
162700201,1,14,14102,Corral,1.0,0.0
162700301,1,14,14102,Corral,0.0,0.0
162700401,1,14,14102,Corral,1.0,1.0
162700501,1,14,14102,Corral,1.0,0.0
162700601,1,14,14102,Corral,0.0,0.0
162700901,1,14,14102,Corral,0.0,0.0
162701001,1,14,14102,Corral,0.0,0.0
163180101,1,14,14106,Mariquina,0.0,0.0
163180201,1,14,14106,Mariquina,0.0,0.0
163180301,1,14,14106,Mariquina,0.0,0.0
163180401,1,14,14106,Mariquina,0.0,0.0
163180501,1,14,14106,Mariquina,0.0,0.0
163180601,1,14,14106,Mariquina,0.0,0.0
163460101,1,14,14201,La Unión,0.0,0.0
163460201,1,14,14201,La Unión,0.0,0.0
163460301,2,14,14201,La Unión,0.0,0.0
163460401,1,14,14201,La Unión,0.0,0.0
163460601,1,14,14201,La Unión,1.0,0.0
163460801,1,14,14201,La Unión,0.0,0.0
163470401,1,14,14101,Valdivia,0.0,0.0
163470501,1,14,14101,Valdivia,0.0,0.0
163470601,1,14,14101,Valdivia,0.0,0.0
163470801,1,14,14101,Valdivia,0.0,0.0
163510101,1,14,14201,La Unión,0.0,0.0
163510401,1,14,14201,La Unión,0.0,0.0
163510501,1,14,14201,La Unión,0.0,0.0
163510601,1,14,14201,La Unión,0.0,0.0
163510602,1,14,14201,La Unión,0.0,0.0
164810101,1,14,14201,La Unión,0.0,0.0
164810301,1,14,14201,La Unión,0.0,0.0
164810401,1,14,14201,La Unión,0.0,0.0
164810501,1,14,14201,La Unión,0.0,0.0
164810701,1,14,14201,La Unión,0.0,0.0
164810801,1,14,14201,La Unión,1.0,0.0
166130201,1,14,14101,Valdivia,0.0,0.0
166130301,1,14,14101,Valdivia,0.0,0.0
166130501,1,14,14101,Valdivia,1.0,0.0
166130601,1,14,14101,Valdivia,0.0,0.0
166130701,1,14,14101,Valdivia,0.0,0.0
166180201,1,14,14101,Valdivia,0.0,0.0
166180501,1,14,14101,Valdivia,0.0,0.0
166180601,1,14,14101,Valdivia,0.0,0.0
166180701,1,14,14101,Valdivia,0.0,0.0
166180801,1,14,14101,Valdivia,0.0,0.0
166530101,1,14,14101,Valdivia,0.0,0.0
166530301,1,14,14101,Valdivia,0.0,0.0
166530501,1,14,14101,Valdivia,0.0,0.0
166530601,1,14,14101,Valdivia,0.0,0.0
166530701,1,14,14101,Valdivia,0.0,0.0
166530801,1,14,14101,Valdivia,0.0,0.0
167440301,1,14,14101,Valdivia,0.0,0.0
167440401,1,14,14101,Valdivia,0.0,0.0
167440501,1,14,14101,Valdivia,0.0,0.0
167440701,1,14,14101,Valdivia,0.0,0.0
167630101,1,14,14101,Valdivia,0.0,0.0
167630301,1,14,14101,Valdivia,0.0,0.0
167630601,1,14,14101,Valdivia,0.0,0.0
167630701,1,14,14101,Valdivia,0.0,0.0
169470201,1,14,14108,Panguipulli,0.0,0.0
169470301,1,14,14108,Panguipulli,0.0,0.0
169470401,1,14,14108,Panguipulli,0.0,0.0
169470501,1,14,14108,Panguipulli,0.0,0.0
169470701,1,14,14108,Panguipulli,1.0,0.0
169470901,1,14,14108,Panguipulli,0.0,0.0
169471001,1,14,14108,Panguipulli,0.0,0.0
169960101,1,14,14101,Valdivia,1.0,0.0
169960201,1,14,14101,Valdivia,0.0,0.0
169960401,1,14,14101,Valdivia,0.0,0.0
169960701,1,14,14101,Valdivia,0.0,0.0
169960801,1,14,14101,Valdivia,0.0,0.0
171340101,1,14,14108,Panguipulli,0.0,0.0
171340201,1,14,14108,Panguipulli,0.0,0.0
171340301,1,14,14108,Panguipulli,0.0,0.0
171340401,1,14,14108,Panguipulli,1.0,0.0
171340501,1,14,14108,Panguipulli,1.0,0.0
171340601,1,14,14108,Panguipulli,1.0,0.0
171340701,1,14,14108,Panguipulli,0.0,0.0
171380101,1,14,14201,La Unión,0.0,0.0
171380201,1,14,14201,La Unión,0.0,0.0
171380301,1,14,14201,La Unión,0.0,0.0
171380401,1,14,14201,La Unión,0.0,0.0
171380501,1,14,14201,La Unión,0.0,0.0
171380601,1,14,14201,La Unión,0.0,1.0
171380701,1,14,14201,La Unión,0.0,0.0
171380801,1,14,14201,La Unión,0.0,0.0
171650101,1,14,14101,Valdivia,0.0,0.0
171650201,1,14,14101,Valdivia,1.0,0.0
171650301,1,14,14101,Valdivia,0.0,0.0
171650601,1,14,14101,Valdivia,0.0,0.0
171650701,1,14,14101,Valdivia,0.0,0.0
171650801,1,14,14101,Valdivia,0.0,0.0
171660201,1,14,14108,Panguipulli,0.0,0.0
171660401,1,14,14108,Panguipulli,0.0,0.0
171660701,1,14,14108,Panguipulli,0.0,0.0
172270101,1,14,14101,Valdivia,0.0,0.0
172270201,1,14,14101,Valdivia,0.0,0.0
172270301,1,14,14101,Valdivia,0.0,0.0
172270401,1,14,14101,Valdivia,0.0,0.0
172270801,1,14,14101,Valdivia,0.0,0.0
172270901,1,14,14101,Valdivia,0.0,0.0
172271001,1,14,14101,Valdivia,1.0,0.0
173410101,1,14,14101,Valdivia,0.0,0.0
173410301,1,14,14101,Valdivia,0.0,0.0
173410501,1,14,14101,Valdivia,0.0,0.0
173410601,1,14,14101,Valdivia,1.0,0.0
173410701,1,14,14101,Valdivia,0.0,0.0
173410801,1,14,14101,Valdivia,0.0,0.0
173490101,1,14,14106,Mariquina,0.0,0.0
173490201,1,14,14106,Mariquina,0.0,0.0
173490301,1,14,14106,Mariquina,0.0,0.0
173490401,1,14,14106,Mariquina,0.0,0.0
173490601,1,14,14106,Mariquina,0.0,0.0
173490901,1,14,14106,Mariquina,0.0,0.0
173491001,1,14,14106,Mariquina,0.0,0.0
173550101,1,14,14101,Valdivia,0.0,0.0
173550201,1,14,14101,Valdivia,0.0,0.0
173550401,1,14,14101,Valdivia,0.0,0.0
173550501,1,14,14101,Valdivia,0.0,0.0
173550701,1,14,14101,Valdivia,0.0,0.0
173810101,1,14,14204,Río Bueno,0.0,0.0
173810201,1,14,14204,Río Bueno,1.0,0.0
173810301,1,14,14204,Río Bueno,1.0,0.0
173810501,1,14,14204,Río Bueno,0.0,0.0
173810601,1,14,14204,Río Bueno,0.0,0.0
173810701,1,14,14204,Río Bueno,0.0,0.0
173810801,1,14,14204,Río Bueno,0.0,0.0
173810901,1,14,14204,Río Bueno,0.0,0.0
173811001,1,14,14204,Río Bueno,0.0,0.0
174720101,1,14,14108,Panguipulli,0.0,0.0
174720201,1,14,14108,Panguipulli,1.0,0.0
174720401,1,14,14108,Panguipulli,0.0,0.0
174720501,1,14,14108,Panguipulli,1.0,0.0
174720601,1,14,14108,Panguipulli,0.0,0.0
174720701,1,14,14108,Panguipulli,0.0,0.0
174720801,1,14,14108,Panguipulli,0.0,0.0
174721001,1,14,14108,Panguipulli,1.0,0.0
175920101,1,14,14201,La Unión,1.0,0.0
175920201,1,14,14201,La Unión,0.0,0.0
175920301,1,14,14201,La Unión,0.0,1.0
175920401,1,14,14201,La Unión,0.0,1.0
175920501,1,14,14201,La Unión,0.0,0.0
175920601,1,14,14201,La Unión,0.0,0.0
175920801,1,14,14201,La Unión,0.0,0.0
175960101,1,14,14101,Valdivia,0.0,0.0
175960301,1,14,14101,Valdivia,0.0,0.0
175960401,1,14,14101,Valdivia,0.0,0.0
175960601,1,14,14101,Valdivia,0.0,0.0
175960701,1,14,14101,Valdivia,0.0,0.0
175960801,1,14,14101,Valdivia,0.0,0.0
176430201,1,14,14101,Valdivia,0.0,0.0
176430401,1,14,14101,Valdivia,0.0,0.0
176430501,1,14,14101,Valdivia,0.0,0.0
176430601,1,14,14101,Valdivia,0.0,0.0
176860101,1,14,14101,Valdivia,0.0,0.0
176860301,1,14,14101,Valdivia,0.0,0.0
176860401,1,14,14101,Valdivia,0.0,0.0
176860601,1,14,14101,Valdivia,1.0,0.0
176860701,1,14,14101,Valdivia,0.0,0.0
176860801,1,14,14101,Valdivia,0.0,0.0
177100201,1,14,14201,La Unión,1.0,0.0
177100202,1,14,14201,La Unión,0.0,0.0
177100301,1,14,14201,La Unión,0.0,0.0
177100501,1,14,14201,La Unión,0.0,0.0
177100601,1,14,14201,La Unión,0.0,0.0
177100701,1,14,14201,La Unión,0.0,0.0
178120101,1,14,14101,Valdivia,0.0,0.0
178120401,1,14,14101,Valdivia,0.0,0.0
178120601,1,14,14101,Valdivia,0.0,0.0
178120701,1,14,14101,Valdivia,0.0,0.0
178120801,1,14,14101,Valdivia,1.0,0.0
178720101,1,14,14107,Paillaco,0.0,0.0
178720401,1,14,14107,Paillaco,0.0,0.0
178720501,1,14,14107,Paillaco,0.0,0.0
178720601,1,14,14107,Paillaco,0.0,0.0
178720701,1,14,14107,Paillaco,0.0,0.0
178840101,1,14,14101,Valdivia,0.0,0.0
178840201,1,14,14101,Valdivia,0.0,0.0
178840301,1,14,14101,Valdivia,0.0,0.0
178840401,1,14,14101,Valdivia,0.0,0.0
178840601,1,14,14101,Valdivia,1.0,0.0
178840701,1,14,14101,Valdivia,0.0,0.0
178840801,1,14,14101,Valdivia,0.0,0.0
182000101,1,14,14101,Valdivia,0.0,0.0
182000201,1,14,14101,Valdivia,0.0,0.0
182000301,1,14,14101,Valdivia,0.0,0.0
182000401,1,14,14101,Valdivia,0.0,0.0
182000501,1,14,14101,Valdivia,0.0,0.0
182000701,1,14,14101,Valdivia,0.0,0.0
182000801,1,14,14101,Valdivia,0.0,0.0
182080201,1,14,14203,Lago Ranco,0.0,0.0
182080301,1,14,14203,Lago Ranco,0.0,0.0
182080501,1,14,14203,Lago Ranco,0.0,0.0
182080801,1,14,14203,Lago Ranco,0.0,0.0
182080901,1,14,14203,Lago Ranco,,0.0
182930201,1,14,14101,Valdivia,0.0,0.0
182930301,1,14,14101,Valdivia,0.0,0.0
182930801,1,14,14101,Valdivia,0.0,0.0
183820101,1,14,14101,Valdivia,0.0,0.0
183820301,1,14,14101,Valdivia,0.0,0.0
183820501,1,14,14101,Valdivia,0.0,0.0
184350401,1,14,14101,Valdivia,0.0,0.0
184350601,1,14,14101,Valdivia,0.0,0.0
184350701,1,14,14101,Valdivia,0.0,0.0
184350801,1,14,14101,Valdivia,0.0,0.0
184920101,1,14,14204,Río Bueno,0.0,0.0
184920201,1,14,14204,Río Bueno,0.0,0.0
184920301,1,14,14204,Río Bueno,0.0,0.0
184920501,1,14,14204,Río Bueno,1.0,0.0
184920601,1,14,14204,Río Bueno,1.0,0.0
184920701,1,14,14204,Río Bueno,0.0,0.0
184920801,1,14,14204,Río Bueno,0.0,0.0
184920901,1,14,14204,Río Bueno,0.0,0.0
184921001,1,14,14204,Río Bueno,0.0,0.0
185060101,1,14,14101,Valdivia,0.0,0.0
185060201,1,14,14101,Valdivia,0.0,0.0
185060301,1,14,14101,Valdivia,0.0,0.0
185060401,1,14,14101,Valdivia,0.0,0.0
185060501,1,14,14101,Valdivia,1.0,0.0
185060701,1,14,14101,Valdivia,0.0,0.0
185060801,1,14,14101,Valdivia,0.0,0.0
185060802,1,14,14101,Valdivia,0.0,0.0
185061001,1,14,14101,Valdivia,0.0,0.0
185070101,1,14,14104,Los Lagos,0.0,0.0
185070301,1,14,14104,Los Lagos,0.0,0.0
185070401,1,14,14104,Los Lagos,0.0,0.0
185070501,1,14,14104,Los Lagos,1.0,0.0
185070601,1,14,14104,Los Lagos,0.0,0.0
185070701,1,14,14104,Los Lagos,0.0,0.0
185070801,1,14,14104,Los Lagos,0.0,0.0
185510201,1,14,14204,Río Bueno,0.0,0.0
185510501,1,14,14204,Río Bueno,0.0,0.0
185510801,1,14,14204,Río Bueno,0.0,0.0
185511001,1,14,14204,Río Bueno,0.0,0.0
185720101,1,14,14201,La Unión,0.0,0.0
185720201,1,14,14201,La Unión,0.0,0.0
185720301,1,14,14201,La Unión,1.0,0.0
185720401,1,14,14201,La Unión,0.0,0.0
185720601,1,14,14201,La Unión,0.0,0.0
185720701,1,14,14201,La Unión,0.0,0.0
185720801,1,14,14201,La Unión,1.0,0.0
185810101,1,14,14202,Futrono,0.0,0.0
185810201,1,14,14202,Futrono,0.0,0.0
185810301,1,14,14202,Futrono,0.0,0.0
185810501,1,14,14202,Futrono,0.0,0.0
185810601,1,14,14202,Futrono,0.0,0.0
185810701,1,14,14202,Futrono,1.0,0.0
185810801,1,14,14202,Futrono,0.0,0.0
186410101,1,14,14204,Río Bueno,0.0,0.0
186410201,1,14,14204,Río Bueno,0.0,0.0
186410301,1,14,14204,Río Bueno,0.0,0.0
186410401,1,14,14204,Río Bueno,0.0,0.0
186410501,1,14,14204,Río Bueno,0.0,0.0
186410601,1,14,14204,Río Bueno,0.0,0.0
186410701,1,14,14204,Río Bueno,0.0,0.0
186410801,1,14,14204,Río Bueno,0.0,0.0
186490401,1,14,14101,Valdivia,0.0,0.0
186490601,1,14,14101,Valdivia,0.0,0.0
187130101,1,14,14201,La Unión,0.0,0.0
187130201,1,14,14201,La Unión,0.0,0.0
187130301,1,14,14201,La Unión,0.0,0.0
187130401,1,14,14201,La Unión,0.0,0.0
187130501,1,14,14201,La Unión,0.0,0.0
187130601,1,14,14201,La Unión,0.0,0.0
187130801,1,14,14201,La Unión,0.0,0.0
187420101,1,14,14108,Panguipulli,0.0,0.0
187420501,1,14,14108,Panguipulli,0.0,0.0
187420601,1,14,14108,Panguipulli,0.0,0.0
187420801,1,14,14108,Panguipulli,0.0,0.0
187920101,1,14,14101,Valdivia,0.0,0.0
187920201,1,14,14101,Valdivia,0.0,0.0
187920401,1,14,14101,Valdivia,0.0,0.0
187920501,1,14,14101,Valdivia,0.0,0.0
187920601,1,14,14101,Valdivia,0.0,0.0
187920701,1,14,14101,Valdivia,0.0,0.0
187920801,1,14,14101,Valdivia,0.0,0.0
188040101,1,14,14101,Valdivia,0.0,0.0
188040401,1,14,14101,Valdivia,0.0,0.0
188040501,1,14,14101,Valdivia,0.0,0.0
188040601,1,14,14101,Valdivia,0.0,0.0
188040701,1,14,14101,Valdivia,0.0,0.0
189410101,1,14,14106,Mariquina,1.0,0.0
189410201,1,14,14106,Mariquina,0.0,0.0
189410301,1,14,14106,Mariquina,1.0,0.0
189410401,1,14,14106,Mariquina,1.0,0.0
189410501,1,14,14106,Mariquina,0.0,0.0
189410601,1,14,14106,Mariquina,0.0,0.0
189410701,1,14,14106,Mariquina,0.0,0.0
189410801,1,14,14106,Mariquina,0.0,0.0
189720201,1,14,14101,Valdivia,0.0,0.0
189720501,1,14,14101,Valdivia,0.0,0.0
189720601,1,14,14101,Valdivia,0.0,0.0
189720801,1,14,14101,Valdivia,0.0,0.0
190440101,1,14,14103,Lanco,0.0,0.0
190440201,1,14,14103,Lanco,1.0,0.0
190440301,1,14,14103,Lanco,0.0,0.0
190440401,1,14,14103,Lanco,0.0,0.0
190440501,1,14,14103,Lanco,0.0,0.0
190440601,1,14,14103,Lanco,0.0,0.0
190440701,1,14,14103,Lanco,0.0,0.0
190590101,1,14,14106,Mariquina,1.0,0.0
190590201,1,14,14106,Mariquina,0.0,0.0
190590301,1,14,14106,Mariquina,0.0,0.0
190590501,1,14,14106,Mariquina,0.0,0.0
190590601,1,14,14106,Mariquina,0.0,0.0
190590701,1,14,14106,Mariquina,0.0,0.0
190590901,1,14,14106,Mariquina,1.0,0.0
190591001,1,14,14106,Mariquina,0.0,0.0
190700101,1,14,14101,Valdivia,0.0,0.0
190700301,1,14,14101,Valdivia,0.0,0.0
190700501,1,14,14101,Valdivia,0.0,0.0
190700601,1,14,14101,Valdivia,0.0,0.0
190700701,1,14,14101,Valdivia,0.0,0.0
190700801,1,14,14101,Valdivia,0.0,0.0
190940301,1,14,14103,Lanco,0.0,0.0
190940501,1,14,14103,Lanco,0.0,0.0
190940601,1,14,14103,Lanco,0.0,0.0
190940801,1,14,14103,Lanco,0.0,0.0
191640101,1,14,14108,Panguipulli,0.0,0.0
191640201,1,14,14108,Panguipulli,0.0,1.0
191640301,1,14,14108,Panguipulli,0.0,0.0
191640401,1,14,14108,Panguipulli,0.0,0.0
191640501,1,14,14108,Panguipulli,0.0,0.0
191640601,1,14,14108,Panguipulli,0.0,0.0
191640701,1,14,14108,Panguipulli,0.0,0.0
191640801,1,14,14108,Panguipulli,0.0,0.0
191900101,1,14,14101,Valdivia,0.0,0.0
191900901,1,14,14101,Valdivia,1.0,0.0
191901001,1,14,14101,Valdivia,1.0,0.0
192180101,1,14,14107,Paillaco,0.0,0.0
192180201,1,14,14107,Paillaco,0.0,0.0
192180301,1,14,14107,Paillaco,0.0,0.0
192180401,1,14,14107,Paillaco,0.0,0.0
192180501,1,14,14107,Paillaco,0.0,0.0
192180801,1,14,14107,Paillaco,0.0,0.0
192730101,1,14,14201,La Unión,0.0,0.0
192730201,1,14,14201,La Unión,0.0,0.0
192730401,1,14,14201,La Unión,0.0,0.0
192730501,1,14,14201,La Unión,0.0,0.0
192730701,1,14,14201,La Unión,1.0,0.0
192730801,1,14,14201,La Unión,0.0,0.0
192750101,1,14,14101,Valdivia,0.0,0.0
192750201,1,14,14101,Valdivia,0.0,0.0
192750301,1,14,14101,Valdivia,1.0,0.0
192750401,1,14,14101,Valdivia,0.0,0.0
192750501,1,14,14101,Valdivia,0.0,0.0
192750601,1,14,14101,Valdivia,0.0,0.0
192750701,1,14,14101,Valdivia,0.0,0.0
192750801,1,14,14101,Valdivia,0.0,0.0
192860101,1,14,14101,Valdivia,0.0,0.0
192860201,1,14,14101,Valdivia,0.0,0.0
192860401,1,14,14101,Valdivia,0.0,0.0
192860501,1,14,14101,Valdivia,0.0,0.0
192860601,1,14,14101,Valdivia,0.0,0.0
192860801,1,14,14101,Valdivia,0.0,0.0
192860901,1,14,14101,Valdivia,1.0,0.0
192861001,1,14,14101,Valdivia,0.0,0.0
193190101,1,14,14104,Los Lagos,0.0,0.0
193190201,1,14,14104,Los Lagos,0.0,0.0
193190301,1,14,14104,Los Lagos,0.0,0.0
193190401,1,14,14104,Los Lagos,0.0,0.0
193190601,1,14,14104,Los Lagos,0.0,0.0
193190701,1,14,14104,Los Lagos,0.0,0.0
193190801,1,14,14104,Los Lagos,0.0,0.0
193440101,1,14,14202,Futrono,0.0,0.0
193440201,1,14,14202,Futrono,0.0,0.0
193440301,1,14,14202,Futrono,0.0,0.0
193440401,1,14,14202,Futrono,0.0,0.0
193440501,1,14,14202,Futrono,0.0,0.0
193440601,1,14,14202,Futrono,0.0,0.0
193440701,1,14,14202,Futrono,0.0,0.0
193480101,1,14,14101,Valdivia,0.0,0.0
193480201,1,14,14101,Valdivia,0.0,0.0
193480301,1,14,14101,Valdivia,0.0,0.0
193480701,1,14,14101,Valdivia,0.0,0.0
193480801,1,14,14101,Valdivia,0.0,0.0
193540101,1,14,14106,Mariquina,1.0,0.0
193540201,1,14,14106,Mariquina,0.0,0.0
193540401,1,14,14106,Mariquina,0.0,0.0
193540501,1,14,14106,Mariquina,1.0,0.0
193540601,1,14,14106,Mariquina,1.0,0.0
193540701,1,14,14106,Mariquina,0.0,0.0
193540901,1,14,14106,Mariquina,0.0,0.0
193541001,1,14,14106,Mariquina,1.0,0.0
195260101,1,14,14104,Los Lagos,0.0,0.0
195260201,1,14,14104,Los Lagos,0.0,0.0
195260301,1,14,14104,Los Lagos,0.0,0.0
195260401,1,14,14104,Los Lagos,0.0,0.0
195260501,1,14,14104,Los Lagos,0.0,0.0
195260601,1,14,14104,Los Lagos,0.0,0.0
195260701,1,14,14104,Los Lagos,0.0,0.0
195260801,1,14,14104,Los Lagos,0.0,0.0
195460101,1,14,14107,Paillaco,0.0,0.0
195460201,1,14,14107,Paillaco,0.0,0.0
195460301,1,14,14107,Paillaco,0.0,0.0
195460401,1,14,14107,Paillaco,0.0,0.0
195460501,1,14,14107,Paillaco,0.0,0.0
195460601,1,14,14107,Paillaco,0.0,0.0
195460701,1,14,14107,Paillaco,0.0,0.0
197630101,1,14,14204,Río Bueno,0.0,0.0
197630201,1,14,14204,Río Bueno,0.0,0.0
197630301,1,14,14204,Río Bueno,0.0,0.0
197630401,1,14,14204,Río Bueno,0.0,0.0
197630501,1,14,14204,Río Bueno,0.0,0.0
197630601,1,14,14204,Río Bueno,0.0,0.0
197630701,1,14,14204,Río Bueno,0.0,0.0
197630801,1,14,14204,Río Bueno,1.0,1.0
197630901,1,14,14204,Río Bueno,0.0,0.0
197631001,1,14,14204,Río Bueno,0.0,0.0
197670101,1,14,14201,La Unión,0.0,0.0
197670301,1,14,14201,La Unión,0.0,1.0
197670401,1,14,14201,La Unión,0.0,0.0
197670501,1,14,14201,La Unión,0.0,0.0
197670601,1,14,14201,La Unión,0.0,0.0
197670701,1,14,14201,La Unión,0.0,0.0
197670801,1,14,14201,La Unión,0.0,0.0
197870101,1,14,14201,La Unión,0.0,0.0
197870201,1,14,14201,La Unión,1.0,0.0
197870301,1,14,14201,La Unión,1.0,1.0
197870401,1,14,14201,La Unión,0.0,0.0
197870501,1,14,14201,La Unión,0.0,0.0
197870601,1,14,14201,La Unión,0.0,0.0
197870701,1,14,14201,La Unión,0.0,0.0
197870801,1,14,14201,La Unión,1.0,1.0
199870101,1,14,14101,Valdivia,0.0,0.0
199870201,1,14,14101,Valdivia,0.0,0.0
199870301,1,14,14101,Valdivia,0.0,0.0
199870401,1,14,14101,Valdivia,0.0,0.0
199870501,1,14,14101,Valdivia,0.0,0.0
199870601,1,14,14101,Valdivia,0.0,0.0
199870701,1,14,14101,Valdivia,0.0,0.0
199870801,1,14,14101,Valdivia,0.0,0.0
200380201,1,14,14101,Valdivia,0.0,0.0
200380301,1,14,14101,Valdivia,0.0,0.0
200380401,1,14,14101,Valdivia,0.0,0.0
200380501,1,14,14101,Valdivia,0.0,0.0
200380601,1,14,14101,Valdivia,0.0,0.0
200380701,1,14,14101,Valdivia,0.0,0.0
200380801,1,14,14101,Valdivia,1.0,0.0
200380901,1,14,14101,Valdivia,1.0,0.0
200381001,1,14,14101,Valdivia,0.0,0.0
200450101,1,14,14201,La Unión,1.0,0.0
200450201,1,14,14201,La Unión,1.0,0.0
200450301,1,14,14201,La Unión,0.0,0.0
200450501,1,14,14201,La Unión,0.0,0.0
200450601,1,14,14201,La Unión,0.0,0.0
200450701,1,14,14201,La Unión,1.0,0.0
200450801,1,14,14201,La Unión,0.0,0.0
200450901,1,14,14201,La Unión,0.0,0.0
200590201,1,14,14101,Valdivia,0.0,0.0
200590301,1,14,14101,Valdivia,0.0,0.0
200590401,1,14,14101,Valdivia,0.0,0.0
200590701,1,14,14101,Valdivia,0.0,0.0
200770101,1,14,14101,Valdivia,0.0,0.0
200770201,1,14,14101,Valdivia,0.0,0.0
200770501,1,14,14101,Valdivia,0.0,0.0
200770601,2,14,14101,Valdivia,0.0,0.0
200770701,1,14,14101,Valdivia,0.0,0.0
200770801,1,14,14101,Valdivia,0.0,0.0
201800101,1,14,14203,Lago Ranco,0.0,0.0
201800301,1,14,14203,Lago Ranco,1.0,1.0
201800401,1,14,14203,Lago Ranco,0.0,0.0
201800501,1,14,14203,Lago Ranco,0.0,0.0
201800801,1,14,14203,Lago Ranco,1.0,1.0
202260101,1,14,14108,Panguipulli,1.0,0.0
202260201,1,14,14108,Panguipulli,0.0,0.0
202260501,1,14,14108,Panguipulli,0.0,0.0
202260601,1,14,14108,Panguipulli,0.0,0.0
202260801,1,14,14108,Panguipulli,1.0,0.0
202330201,1,14,14108,Panguipulli,0.0,0.0
202330401,1,14,14108,Panguipulli,0.0,0.0
202330501,1,14,14108,Panguipulli,0.0,0.0
202330801,1,14,14108,Panguipulli,0.0,0.0
202331001,1,14,14108,Panguipulli,1.0,0.0
202430101,1,14,14105,Máfil,0.0,0.0
202430201,1,14,14105,Máfil,0.0,0.0
202430301,1,14,14105,Máfil,1.0,0.0
202430401,1,14,14105,Máfil,1.0,0.0
202430601,1,14,14105,Máfil,0.0,0.0
202430701,1,14,14105,Máfil,0.0,0.0
202430801,1,14,14105,Máfil,1.0,0.0
202430901,1,14,14105,Máfil,1.0,0.0
202880101,1,14,14101,Valdivia,0.0,0.0
202880201,1,14,14101,Valdivia,0.0,0.0
202880301,1,14,14101,Valdivia,0.0,0.0
202880501,1,14,14101,Valdivia,0.0,0.0
202880601,1,14,14101,Valdivia,0.0,0.0
203300101,1,14,14101,Valdivia,0.0,0.0
203300201,1,14,14101,Valdivia,0.0,0.0
203300401,1,14,14101,Valdivia,0.0,0.0
203300501,1,14,14101,Valdivia,0.0,0.0
203300601,1,14,14101,Valdivia,0.0,0.0
203300701,1,14,14101,Valdivia,,
203300801,1,14,14101,Valdivia,0.0,0.0
203450101,1,14,14101,Valdivia,0.0,0.0
203450201,1,14,14101,Valdivia,0.0,0.0
203450202,1,14,14101,Valdivia,0.0,0.0
203450301,1,14,14101,Valdivia,0.0,0.0
203450401,1,14,14101,Valdivia,0.0,0.0
203450501,1,14,14101,Valdivia,0.0,0.0
203450601,1,14,14101,Valdivia,0.0,0.0
203450701,1,14,14101,Valdivia,0.0,0.0
203450801,1,14,14101,Valdivia,0.0,0.0
203570201,1,14,14103,Lanco,0.0,0.0
203570301,1,14,14103,Lanco,1.0,0.0
203570501,1,14,14103,Lanco,0.0,0.0
203570801,1,14,14103,Lanco,0.0,0.0
203760101,1,14,14101,Valdivia,0.0,0.0
203760201,1,14,14101,Valdivia,0.0,0.0
203760301,1,14,14101,Valdivia,0.0,0.0
203760401,1,14,14101,Valdivia,0.0,0.0
203760501,1,14,14101,Valdivia,0.0,0.0
203760601,1,14,14101,Valdivia,1.0,0.0
203760701,1,14,14101,Valdivia,0.0,0.0
203760801,1,14,14101,Valdivia,0.0,0.0
203780101,1,14,14201,La Unión,0.0,0.0
203780301,1,14,14201,La Unión,0.0,0.0
203780401,1,14,14201,La Unión,0.0,0.0
203780701,1,14,14201,La Unión,0.0,0.0
203780801,1,14,14201,La Unión,0.0,0.0
203920101,1,14,14106,Mariquina,0.0,0.0
203920201,1,14,14106,Mariquina,0.0,0.0
203920301,1,14,14106,Mariquina,0.0,0.0
203920401,1,14,14106,Mariquina,0.0,0.0
203920501,1,14,14106,Mariquina,0.0,0.0
203920601,1,14,14106,Mariquina,0.0,0.0
203920701,1,14,14106,Mariquina,0.0,0.0
203920901,1,14,14106,Mariquina,0.0,0.0
203980101,1,14,14105,Máfil,0.0,0.0
203980301,1,14,14105,Máfil,0.0,0.0
203980401,1,14,14105,Máfil,0.0,0.0
203980701,1,14,14105,Máfil,0.0,0.0
203980801,1,14,14105,Máfil,0.0,0.0
205160101,1,14,14204,Río Bueno,0.0,0.0
205160201,1,14,14204,Río Bueno,1.0,0.0
205160301,1,14,14204,Río Bueno,0.0,0.0
205160401,1,14,14204,Río Bueno,0.0,0.0
205160501,1,14,14204,Río Bueno,0.0,0.0
205160601,1,14,14204,Río Bueno,1.0,0.0
205160701,1,14,14204,Río Bueno,0.0,0.0
205160801,1,14,14204,Río Bueno,1.0,1.0
205340101,1,14,14204,Río Bueno,0.0,0.0
205340201,1,14,14204,Río Bueno,0.0,0.0
205340301,1,14,14204,Río Bueno,0.0,0.0
205340401,1,14,14204,Río Bueno,0.0,0.0
205340501,1,14,14204,Río Bueno,0.0,0.0
205340601,1,14,14204,Río Bueno,0.0,0.0
205340701,1,14,14204,Río Bueno,0.0,0.0
205340801,1,14,14204,Río Bueno,0.0,0.0
205340901,1,14,14204,Río Bueno,0.0,0.0
205341001,1,14,14204,Río Bueno,0.0,0.0
205730101,1,14,14103,Lanco,0.0,0.0
205730301,1,14,14103,Lanco,0.0,0.0
205730401,1,14,14103,Lanco,0.0,0.0
205730501,1,14,14103,Lanco,0.0,0.0
205730601,1,14,14103,Lanco,0.0,0.0
205730701,1,14,14103,Lanco,0.0,0.0
205730801,1,14,14103,Lanco,0.0,0.0
205760101,1,14,14101,Valdivia,0.0,0.0
205760401,1,14,14101,Valdivia,0.0,0.0
205760501,1,14,14101,Valdivia,0.0,0.0
205760601,1,14,14101,Valdivia,0.0,0.0
205760701,1,14,14101,Valdivia,0.0,0.0
205760801,1,14,14101,Valdivia,0.0,0.0
205840101,1,14,14101,Valdivia,0.0,0.0
205840301,1,14,14101,Valdivia,0.0,0.0
205840401,1,14,14101,Valdivia,0.0,0.0
205840501,1,14,14101,Valdivia,0.0,0.0
205840601,1,14,14101,Valdivia,0.0,0.0
206790201,1,14,14201,La Unión,0.0,0.0
206790401,1,14,14201,La Unión,0.0,0.0
206790701,1,14,14201,La Unión,0.0,0.0
206791001,1,14,14201,La Unión,0.0,0.0
206890401,1,14,14101,Valdivia,0.0,0.0
206890501,1,14,14101,Valdivia,0.0,0.0
206890601,1,14,14101,Valdivia,0.0,0.0
206890701,1,14,14101,Valdivia,0.0,0.0
208000101,1,14,14108,Panguipulli,0.0,0.0
208000201,1,14,14108,Panguipulli,,0.0
208000301,1,14,14108,Panguipulli,0.0,0.0
208000401,1,14,14108,Panguipulli,0.0,0.0
208000501,1,14,14108,Panguipulli,0.0,0.0
208000601,1,14,14108,Panguipulli,0.0,0.0
209280101,1,14,14101,Valdivia,0.0,0.0
209280201,1,14,14101,Valdivia,0.0,0.0
209280301,1,14,14101,Valdivia,0.0,0.0
209280401,1,14,14101,Valdivia,0.0,0.0
209280501,1,14,14101,Valdivia,0.0,0.0
209280601,1,14,14101,Valdivia,0.0,0.0
209560101,1,14,14204,Río Bueno,1.0,0.0
209560201,1,14,14204,Río Bueno,1.0,0.0
209560301,1,14,14204,Río Bueno,0.0,0.0
209560501,1,14,14204,Río Bueno,0.0,0.0
209560601,1,14,14204,Río Bueno,1.0,0.0
209560701,1,14,14204,Río Bueno,0.0,0.0
209560901,1,14,14204,Río Bueno,0.0,0.0
209561001,1,14,14204,Río Bueno,0.0,0.0
210650101,1,14,14101,Valdivia,0.0,0.0
210650201,1,14,14101,Valdivia,0.0,0.0
210650301,1,14,14101,Valdivia,0.0,0.0
210650401,1,14,14101,Valdivia,0.0,0.0
210650601,1,14,14101,Valdivia,0.0,0.0
210650701,1,14,14101,Valdivia,0.0,0.0
210650801,1,14,14101,Valdivia,0.0,0.0
212010101,1,14,14202,Futrono,0.0,0.0
212010201,1,14,14202,Futrono,0.0,0.0
212010301,1,14,14202,Futrono,1.0,0.0
212010501,1,14,14202,Futrono,0.0,0.0
212010601,1,14,14202,Futrono,1.0,0.0
212010801,1,14,14202,Futrono,1.0,0.0
212010901,1,14,14202,Futrono,0.0,0.0
212011001,1,14,14202,Futrono,0.0,0.0
213010201,1,14,14107,Paillaco,0.0,0.0
213010301,1,14,14107,Paillaco,0.0,0.0
213010401,1,14,14107,Paillaco,1.0,0.0
213010501,1,14,14107,Paillaco,0.0,0.0
213010601,1,14,14107,Paillaco,1.0,0.0
214250101,1,14,14107,Paillaco,0.0,0.0
214250201,1,14,14107,Paillaco,0.0,0.0
214250301,1,14,14107,Paillaco,0.0,0.0
214250401,1,14,14107,Paillaco,0.0,0.0
214250501,1,14,14107,Paillaco,0.0,0.0
214250701,1,14,14107,Paillaco,0.0,0.0
214250801,1,14,14107,Paillaco,1.0,0.0
214260101,1,14,14107,Paillaco,0.0,0.0
214260201,1,14,14107,Paillaco,0.0,0.0
214260301,1,14,14107,Paillaco,0.0,0.0
214260401,1,14,14107,Paillaco,1.0,0.0
214260501,1,14,14107,Paillaco,1.0,0.0
214260601,1,14,14107,Paillaco,1.0,0.0
214260701,1,14,14107,Paillaco,1.0,0.0
214260801,1,14,14107,Paillaco,0.0,0.0
214261001,1,14,14107,Paillaco,0.0,0.0
215210101,1,14,14202,Futrono,0.0,0.0
215210201,1,14,14202,Futrono,0.0,0.0
215210401,1,14,14202,Futrono,0.0,0.0
215210701,1,14,14202,Futrono,0.0,0.0
215210801,1,14,14202,Futrono,1.0,0.0
215210901,1,14,14202,Futrono,1.0,0.0
215211001,1,14,14202,Futrono,1.0,0.0
216120101,1,14,14101,Valdivia,0.0,0.0
216120201,1,14,14101,Valdivia,0.0,0.0
216120601,1,14,14101,Valdivia,0.0,0.0
216120701,1,14,14101,Valdivia,0.0,0.0
216880101,1,14,14201,La Unión,0.0,1.0
216880201,1,14,14201,La Unión,0.0,1.0
216880301,1,14,14201,La Unión,0.0,0.0
216880401,1,14,14201,La Unión,0.0,0.0
216880501,1,14,14201,La Unión,0.0,0.0
216880601,1,14,14201,La Unión,0.0,0.0
216880801,1,14,14201,La Unión,0.0,0.0
217170101,1,14,14202,Futrono,1.0,0.0
217170301,1,14,14202,Futrono,0.0,0.0
217170401,1,14,14202,Futrono,1.0,0.0
217170501,1,14,14202,Futrono,0.0,0.0
217170601,1,14,14202,Futrono,0.0,0.0
217170801,1,14,14202,Futrono,0.0,0.0
217171001,1,14,14202,Futrono,1.0,0.0
218810401,1,14,14101,Valdivia,0.0,0.0
218810501,1,14,14101,Valdivia,0.0,0.0
218810601,1,14,14101,Valdivia,0.0,0.0
219430101,1,14,14101,Valdivia,0.0,0.0
219430301,1,14,14101,Valdivia,0.0,1.0
219430401,1,14,14101,Valdivia,0.0,0.0
219430501,1,14,14101,Valdivia,0.0,0.0
219430601,1,14,14101,Valdivia,0.0,0.0
219430701,1,14,14101,Valdivia,0.0,0.0
219430801,1,14,14101,Valdivia,0.0,0.0
219870201,1,14,14101,Valdivia,0.0,0.0
219870301,1,14,14101,Valdivia,0.0,0.0
219870401,1,14,14101,Valdivia,0.0,0.0
219870501,1,14,14101,Valdivia,0.0,0.0
219870601,1,14,14101,Valdivia,0.0,0.0
219870701,1,14,14101,Valdivia,1.0,1.0
219870801,1,14,14101,Valdivia,0.0,0.0
220120101,1,14,14101,Valdivia,0.0,0.0
220120301,1,14,14101,Valdivia,0.0,0.0
220120401,1,14,14101,Valdivia,0.0,0.0
220120501,1,14,14101,Valdivia,0.0,0.0
220120601,1,14,14101,Valdivia,0.0,0.0
220120701,1,14,14101,Valdivia,0.0,0.0
220120801,1,14,14101,Valdivia,0.0,0.0
220260101,1,14,14108,Panguipulli,0.0,0.0
220260301,1,14,14108,Panguipulli,0.0,0.0
220260401,1,14,14108,Panguipulli,0.0,0.0
220260801,1,14,14108,Panguipulli,1.0,0.0
220261001,1,14,14108,Panguipulli,0.0,0.0
220800101,1,14,14204,Río Bueno,0.0,0.0
220800201,1,14,14204,Río Bueno,0.0,0.0
220800401,1,14,14204,Río Bueno,1.0,0.0
220800601,1,14,14204,Río Bueno,0.0,0.0
220800701,1,14,14204,Río Bueno,0.0,0.0
220800801,1,14,14204,Río Bueno,0.0,0.0
220800901,1,14,14204,Río Bueno,0.0,0.0
220801001,1,14,14204,Río Bueno,1.0,0.0
222220101,1,14,14101,Valdivia,0.0,0.0
222220201,1,14,14101,Valdivia,0.0,0.0
222220301,1,14,14101,Valdivia,0.0,0.0
222220401,1,14,14101,Valdivia,0.0,0.0
222220601,1,14,14101,Valdivia,0.0,0.0
222220701,1,14,14101,Valdivia,0.0,0.0
222220801,1,14,14101,Valdivia,0.0,0.0
222680101,1,14,14104,Los Lagos,1.0,0.0
222680301,1,14,14104,Los Lagos,1.0,0.0
222680401,1,14,14104,Los Lagos,0.0,0.0
222680501,1,14,14104,Los Lagos,0.0,0.0
222680601,1,14,14104,Los Lagos,0.0,0.0
222680901,1,14,14104,Los Lagos,1.0,0.0
223000301,1,14,14101,Valdivia,0.0,0.0
223000401,1,14,14101,Valdivia,0.0,0.0
223000501,1,14,14101,Valdivia,0.0,0.0
223000601,1,14,14101,Valdivia,0.0,0.0
223000801,1,14,14101,Valdivia,0.0,0.0
223600101,1,14,14201,La Unión,0.0,0.0
223600201,1,14,14201,La Unión,0.0,0.0
223600401,1,14,14201,La Unión,0.0,0.0
223600901,1,14,14201,La Unión,0.0,0.0
223720201,1,14,14101,Valdivia,0.0,0.0
223720301,1,14,14101,Valdivia,0.0,0.0
223720401,1,14,14101,Valdivia,0.0,0.0
223720501,1,14,14101,Valdivia,0.0,0.0
223720601,1,14,14101,Valdivia,0.0,0.0
223720701,1,14,14101,Valdivia,0.0,0.0
223720801,1,14,14101,Valdivia,0.0,0.0
223880101,1,14,14106,Mariquina,1.0,1.0
223880801,1,14,14106,Mariquina,1.0,0.0
224150101,1,14,14101,Valdivia,0.0,0.0
224150201,1,14,14101,Valdivia,0.0,0.0
224150301,1,14,14101,Valdivia,0.0,0.0
224150401,1,14,14101,Valdivia,1.0,0.0
224150801,1,14,14101,Valdivia,,0.0
224360101,1,14,14107,Paillaco,0.0,0.0
224360201,1,14,14107,Paillaco,1.0,0.0
224360301,1,14,14107,Paillaco,0.0,0.0
224360401,1,14,14107,Paillaco,0.0,0.0
224360501,1,14,14107,Paillaco,0.0,0.0
224360801,1,14,14107,Paillaco,1.0,1.0
224360901,1,14,14107,Paillaco,1.0,0.0
224361001,1,14,14107,Paillaco,0.0,0.0
224370201,1,14,14204,Río Bueno,0.0,0.0
224370401,1,14,14204,Río Bueno,0.0,0.0
224370501,1,14,14204,Río Bueno,0.0,0.0
224370601,1,14,14204,Río Bueno,0.0,0.0
224370701,1,14,14204,Río Bueno,0.0,0.0
224370801,1,14,14204,Río Bueno,0.0,1.0
225870201,1,14,14201,La Unión,0.0,0.0
225870401,1,14,14201,La Unión,0.0,0.0
225870501,1,14,14201,La Unión,0.0,0.0
225870601,1,14,14201,La Unión,0.0,0.0
225870701,1,14,14201,La Unión,0.0,0.0
225870801,1,14,14201,La Unión,0.0,0.0
225870901,1,14,14201,La Unión,0.0,0.0
225871001,1,14,14201,La Unión,0.0,0.0
226030101,1,14,14104,Los Lagos,0.0,0.0
226030201,1,14,14104,Los Lagos,0.0,0.0
226030301,1,14,14104,Los Lagos,0.0,0.0
226030501,1,14,14104,Los Lagos,0.0,0.0
226030601,1,14,14104,Los Lagos,0.0,0.0
226030701,1,14,14104,Los Lagos,0.0,0.0
226030801,1,14,14104,Los Lagos,0.0,0.0
226270101,1,14,14202,Futrono,0.0,0.0
226270301,1,14,14202,Futrono,0.0,0.0
226270401,1,14,14202,Futrono,0.0,0.0
226270501,1,14,14202,Futrono,0.0,0.0
226270701,1,14,14202,Futrono,0.0,0.0
226270901,1,14,14202,Futrono,0.0,0.0
226271001,1,14,14202,Futrono,0.0,0.0
227740101,1,14,14101,Valdivia,0.0,0.0
227740201,1,14,14101,Valdivia,1.0,0.0
227740301,1,14,14101,Valdivia,0.0,0.0
227740401,1,14,14101,Valdivia,0.0,0.0
227740601,1,14,14101,Valdivia,0.0,0.0
227740701,1,14,14101,Valdivia,1.0,0.0
228060101,1,14,14204,Río Bueno,1.0,0.0
228060201,1,14,14204,Río Bueno,0.0,0.0
228060301,1,14,14204,Río Bueno,0.0,0.0
228060401,1,14,14204,Río Bueno,1.0,0.0
228060501,1,14,14204,Río Bueno,0.0,0.0
228060601,1,14,14204,Río Bueno,0.0,0.0
228060701,1,14,14204,Río Bueno,0.0,0.0
228060801,1,14,14204,Río Bueno,0.0,0.0
228060901,1,14,14204,Río Bueno,1.0,0.0
228061001,1,14,14204,Río Bueno,0.0,0.0
228130101,1,14,14101,Valdivia,0.0,1.0
228130201,1,14,14101,Valdivia,0.0,0.0
228130301,1,14,14101,Valdivia,0.0,0.0
228130401,1,14,14101,Valdivia,0.0,0.0
228130601,1,14,14101,Valdivia,0.0,0.0
228130701,1,14,14101,Valdivia,1.0,0.0
228130801,1,14,14101,Valdivia,0.0,0.0
229830101,1,14,14101,Valdivia,0.0,0.0
229830201,1,14,14101,Valdivia,0.0,0.0
229830401,1,14,14101,Valdivia,0.0,0.0
229830601,1,14,14101,Valdivia,0.0,0.0
229830701,1,14,14101,Valdivia,0.0,0.0
229830801,1,14,14101,Valdivia,1.0,0.0
229870101,1,14,14101,Valdivia,0.0,0.0
229870201,1,14,14101,Valdivia,0.0,1.0
229870301,1,14,14101,Valdivia,0.0,0.0
229870501,1,14,14101,Valdivia,0.0,0.0
229870701,1,14,14101,Valdivia,0.0,0.0
229900201,1,14,14103,Lanco,1.0,0.0
229900301,1,14,14103,Lanco,0.0,0.0
229900401,1,14,14103,Lanco,1.0,0.0
229900501,1,14,14103,Lanco,1.0,0.0
229900601,1,14,14103,Lanco,0.0,0.0
229900701,1,14,14103,Lanco,0.0,0.0
229900801,1,14,14103,Lanco,0.0,0.0
232050201,1,14,14101,Valdivia,0.0,0.0
232050401,1,14,14101,Valdivia,0.0,0.0
232050501,1,14,14101,Valdivia,0.0,0.0
232050701,1,14,14101,Valdivia,0.0,0.0
233580101,1,14,14103,Lanco,0.0,0.0
233580201,1,14,14103,Lanco,0.0,0.0
233580401,1,14,14103,Lanco,0.0,0.0
233580701,1,14,14103,Lanco,0.0,0.0
233580801,1,14,14103,Lanco,0.0,1.0
233740101,1,14,14108,Panguipulli,1.0,0.0
233740201,1,14,14108,Panguipulli,1.0,0.0
233740401,1,14,14108,Panguipulli,0.0,0.0
233740501,1,14,14108,Panguipulli,1.0,0.0
233740601,1,14,14108,Panguipulli,1.0,0.0
233740801,1,14,14108,Panguipulli,1.0,0.0
233740901,1,14,14108,Panguipulli,1.0,0.0
233741001,1,14,14108,Panguipulli,1.0,0.0
233910101,1,14,14204,Río Bueno,0.0,0.0
233910201,1,14,14204,Río Bueno,1.0,0.0
233910301,1,14,14204,Río Bueno,0.0,0.0
233910401,1,14,14204,Río Bueno,0.0,0.0
233910501,1,14,14204,Río Bueno,0.0,0.0
233910701,1,14,14204,Río Bueno,0.0,0.0
233910801,1,14,14204,Río Bueno,0.0,0.0
233910901,1,14,14204,Río Bueno,,0.0
233911001,1,14,14204,Río Bueno,0.0,0.0
234530101,1,14,14204,Río Bueno,0.0,0.0
234530201,1,14,14204,Río Bueno,0.0,0.0
234530301,1,14,14204,Río Bueno,0.0,0.0
234530401,1,14,14204,Río Bueno,1.0,0.0
234530501,1,14,14204,Río Bueno,0.0,0.0
234530701,1,14,14204,Río Bueno,0.0,0.0
234530801,1,14,14204,Río Bueno,0.0,0.0
235650101,1,14,14101,Valdivia,0.0,0.0
235650301,1,14,14101,Valdivia,0.0,0.0
235650401,1,14,14101,Valdivia,0.0,0.0
235650601,1,14,14101,Valdivia,1.0,0.0
235650801,1,14,14101,Valdivia,0.0,0.0
236220101,1,14,14101,Valdivia,0.0,0.0
236220201,1,14,14101,Valdivia,0.0,0.0
236220301,1,14,14101,Valdivia,0.0,0.0
236220401,1,14,14101,Valdivia,0.0,0.0
236220501,1,14,14101,Valdivia,,0.0
236220601,1,14,14101,Valdivia,0.0,0.0
236220701,1,14,14101,Valdivia,0.0,0.0
236220801,1,14,14101,Valdivia,,0.0
238070101,1,14,14107,Paillaco,0.0,0.0
238070301,1,14,14107,Paillaco,0.0,0.0
238070401,1,14,14107,Paillaco,1.0,0.0
238070501,1,14,14107,Paillaco,0.0,0.0
238070701,1,14,14107,Paillaco,0.0,0.0
238070801,1,14,14107,Paillaco,0.0,0.0
240960201,1,14,14101,Valdivia,0.0,0.0
240960301,1,14,14101,Valdivia,0.0,0.0
240960401,1,14,14101,Valdivia,0.0,0.0
240960501,1,14,14101,Valdivia,0.0,0.0
240960701,1,14,14101,Valdivia,0.0,0.0
240960801,1,14,14101,Valdivia,0.0,0.0
241660101,1,14,14101,Valdivia,0.0,0.0
241660201,1,14,14101,Valdivia,0.0,0.0
241660401,1,14,14101,Valdivia,1.0,0.0
241660501,1,14,14101,Valdivia,1.0,0.0
241660601,1,14,14101,Valdivia,0.0,0.0
241660701,1,14,14101,Valdivia,1.0,0.0
241660801,1,14,14101,Valdivia,1.0,0.0
242430101,1,14,14101,Valdivia,0.0,0.0
242430201,1,14,14101,Valdivia,0.0,0.0
242430301,1,14,14101,Valdivia,0.0,0.0
242430401,1,14,14101,Valdivia,0.0,0.0
242430501,1,14,14101,Valdivia,0.0,0.0
242430601,1,14,14101,Valdivia,0.0,0.0
242430701,1,14,14101,Valdivia,0.0,0.0
242430801,1,14,14101,Valdivia,0.0,0.0
242440301,1,14,14101,Valdivia,0.0,0.0
242440401,1,14,14101,Valdivia,1.0,0.0
242440501,1,14,14101,Valdivia,0.0,0.0
242440601,1,14,14101,Valdivia,0.0,0.0
242440701,1,14,14101,Valdivia,0.0,0.0
242440801,1,14,14101,Valdivia,0.0,0.0
242510701,1,14,14108,Panguipulli,,0.0
243860101,1,14,14108,Panguipulli,1.0,0.0
243860201,1,14,14108,Panguipulli,0.0,0.0
243860501,1,14,14108,Panguipulli,1.0,0.0
243860601,1,14,14108,Panguipulli,1.0,0.0
243860701,1,14,14108,Panguipulli,1.0,0.0
243860801,1,14,14108,Panguipulli,1.0,0.0
243860901,1,14,14108,Panguipulli,1.0,0.0
245680101,1,14,14108,Panguipulli,0.0,0.0
245680201,1,14,14108,Panguipulli,0.0,0.0
245680301,1,14,14108,Panguipulli,1.0,0.0
245680401,1,14,14108,Panguipulli,0.0,0.0
245680601,1,14,14108,Panguipulli,0.0,0.0
245680701,1,14,14108,Panguipulli,0.0,0.0
245680801,1,14,14108,Panguipulli,0.0,0.0
246020101,1,14,14201,La Unión,0.0,0.0
246020301,1,14,14201,La Unión,1.0,0.0
246020401,1,14,14201,La Unión,1.0,1.0
246020601,1,14,14201,La Unión,0.0,0.0
246020701,1,14,14201,La Unión,0.0,0.0
246020801,1,14,14201,La Unión,0.0,0.0
246020901,1,14,14201,La Unión,0.0,0.0
246021001,1,14,14201,La Unión,0.0,0.0
246130201,1,14,14104,Los Lagos,0.0,0.0
246130401,1,14,14104,Los Lagos,1.0,0.0
246130501,1,14,14104,Los Lagos,1.0,0.0
246130601,1,14,14104,Los Lagos,1.0,0.0
246130701,1,14,14104,Los Lagos,1.0,0.0
246130901,1,14,14104,Los Lagos,0.0,0.0
246131001,1,14,14104,Los Lagos,0.0,0.0
246360101,1,14,14107,Paillaco,0.0,0.0
246360201,1,14,14107,Paillaco,0.0,0.0
246360301,1,14,14107,Paillaco,0.0,0.0
246360401,1,14,14107,Paillaco,0.0,0.0
246360601,1,14,14107,Paillaco,0.0,0.0
246360801,1,14,14107,Paillaco,0.0,0.0
246360901,1,14,14107,Paillaco,0.0,0.0
246490101,1,14,14101,Valdivia,0.0,0.0
246490201,1,14,14101,Valdivia,0.0,0.0
246490401,1,14,14101,Valdivia,0.0,0.0
246490601,1,14,14101,Valdivia,0.0,0.0
247370101,1,14,14204,Río Bueno,1.0,0.0
247370201,1,14,14204,Río Bueno,0.0,0.0
247370501,1,14,14204,Río Bueno,0.0,0.0
247370601,1,14,14204,Río Bueno,0.0,0.0
247370801,1,14,14204,Río Bueno,0.0,0.0
247370901,1,14,14204,Río Bueno,0.0,0.0
247371001,1,14,14204,Río Bueno,0.0,0.0
248930101,1,14,14201,La Unión,0.0,0.0
248930301,1,14,14201,La Unión,0.0,0.0
248930401,1,14,14201,La Unión,0.0,0.0
248930501,1,14,14201,La Unión,0.0,0.0
248930601,1,14,14201,La Unión,0.0,0.0
248930701,1,14,14201,La Unión,0.0,0.0
248930801,1,14,14201,La Unión,0.0,0.0
250260101,1,14,14101,Valdivia,0.0,0.0
250260201,1,14,14101,Valdivia,,0.0
250260301,1,14,14101,Valdivia,0.0,0.0
250260401,1,14,14101,Valdivia,0.0,0.0
250260601,1,14,14101,Valdivia,0.0,0.0
250260701,1,14,14101,Valdivia,1.0,0.0
250260801,1,14,14101,Valdivia,0.0,0.0
251060101,1,14,14101,Valdivia,0.0,0.0
251060201,1,14,14101,Valdivia,0.0,0.0
251060301,1,14,14101,Valdivia,0.0,0.0
251060401,1,14,14101,Valdivia,0.0,0.0
251060701,1,14,14101,Valdivia,0.0,0.0
251061001,1,14,14101,Valdivia,0.0,0.0
251890101,1,14,14204,Río Bueno,0.0,0.0
251890301,1,14,14204,Río Bueno,0.0,0.0
251890401,1,14,14204,Río Bueno,0.0,0.0
251890501,1,14,14204,Río Bueno,0.0,0.0
251890601,1,14,14204,Río Bueno,0.0,0.0
251890801,1,14,14204,Río Bueno,0.0,0.0
252470101,1,14,14106,Mariquina,1.0,0.0
252470102,1,14,14106,Mariquina,0.0,0.0
252470201,1,14,14106,Mariquina,1.0,0.0
252470301,1,14,14106,Mariquina,0.0,0.0
252470401,1,14,14106,Mariquina,0.0,0.0
252470501,1,14,14106,Mariquina,0.0,0.0
252470601,1,14,14106,Mariquina,1.0,0.0
252470701,1,14,14106,Mariquina,0.0,0.0
252470801,1,14,14106,Mariquina,0.0,0.0
252550101,1,14,14101,Valdivia,0.0,0.0
252550201,1,14,14101,Valdivia,0.0,0.0
252550301,1,14,14101,Valdivia,,1.0
252550401,1,14,14101,Valdivia,0.0,0.0
252550701,1,14,14101,Valdivia,0.0,0.0
252550801,1,14,14101,Valdivia,0.0,0.0
256080101,1,14,14104,Los Lagos,1.0,0.0
256080201,1,14,14104,Los Lagos,1.0,0.0
256080301,1,14,14104,Los Lagos,0.0,0.0
256080401,1,14,14104,Los Lagos,1.0,0.0
256080501,1,14,14104,Los Lagos,0.0,0.0
256080601,1,14,14104,Los Lagos,1.0,0.0
256080701,1,14,14104,Los Lagos,0.0,0.0
257200201,1,14,14101,Valdivia,0.0,0.0
257200401,1,14,14101,Valdivia,0.0,0.0
257200402,1,14,14101,Valdivia,0.0,0.0
257200601,1,14,14101,Valdivia,0.0,0.0
257200701,1,14,14101,Valdivia,0.0,1.0
259430101,1,14,14101,Valdivia,0.0,0.0
259430201,1,14,14101,Valdivia,1.0,0.0
259430401,1,14,14101,Valdivia,0.0,0.0
259430501,1,14,14101,Valdivia,1.0,0.0
259430601,1,14,14101,Valdivia,0.0,0.0
259430602,1,14,14101,Valdivia,0.0,0.0
259430701,1,14,14101,Valdivia,0.0,0.0
260560101,1,14,14101,Valdivia,0.0,0.0
260560201,1,14,14101,Valdivia,0.0,0.0
260560401,1,14,14101,Valdivia,0.0,0.0
260560501,1,14,14101,Valdivia,0.0,0.0
260560601,1,14,14101,Valdivia,1.0,0.0
260560701,1,14,14101,Valdivia,1.0,0.0
260560801,1,14,14101,Valdivia,1.0,1.0
260560901,1,14,14101,Valdivia,0.0,0.0
261470101,1,14,14104,Los Lagos,0.0,0.0
261470201,1,14,14104,Los Lagos,0.0,0.0
261470301,1,14,14104,Los Lagos,0.0,0.0
261470401,1,14,14104,Los Lagos,0.0,0.0
261470501,1,14,14104,Los Lagos,1.0,0.0
261470601,1,14,14104,Los Lagos,0.0,0.0
261470801,1,14,14104,Los Lagos,0.0,0.0
261670101,1,14,14103,Lanco,0.0,0.0
261670501,1,14,14103,Lanco,0.0,0.0
261670601,1,14,14103,Lanco,1.0,0.0
261670701,1,14,14103,Lanco,1.0,0.0
261670801,1,14,14103,Lanco,0.0,0.0
261670901,1,14,14103,Lanco,0.0,0.0
261671001,1,14,14103,Lanco,0.0,0.0
262940101,1,14,14101,Valdivia,0.0,0.0
262940501,1,14,14101,Valdivia,0.0,0.0
262940601,1,14,14101,Valdivia,0.0,0.0
262940701,1,14,14101,Valdivia,0.0,0.0
263620101,1,14,14101,Valdivia,0.0,0.0
263620201,1,14,14101,Valdivia,0.0,0.0
263620401,1,14,14101,Valdivia,0.0,0.0
263620601,1,14,14101,Valdivia,0.0,0.0
263620801,1,14,14101,Valdivia,0.0,0.0
263850101,1,14,14107,Paillaco,0.0,0.0
263850201,1,14,14107,Paillaco,0.0,0.0
263850301,1,14,14107,Paillaco,0.0,0.0
263850401,1,14,14107,Paillaco,0.0,0.0
263850501,1,14,14107,Paillaco,0.0,0.0
263850601,1,14,14107,Paillaco,0.0,0.0
263850701,1,14,14107,Paillaco,0.0,0.0
263850801,1,14,14107,Paillaco,0.0,0.0
263850901,1,14,14107,Paillaco,1.0,1.0
263851001,1,14,14107,Paillaco,0.0,0.0
264230101,1,14,14204,Río Bueno,0.0,0.0
264230201,1,14,14204,Río Bueno,0.0,0.0
264230401,1,14,14204,Río Bueno,0.0,0.0
264230501,1,14,14204,Río Bueno,0.0,0.0
264230801,1,14,14204,Río Bueno,0.0,0.0
264230901,1,14,14204,Río Bueno,0.0,0.0
264231001,1,14,14204,Río Bueno,0.0,0.0
264870101,1,14,14203,Lago Ranco,1.0,0.0
264870201,1,14,14203,Lago Ranco,1.0,0.0
264870301,1,14,14203,Lago Ranco,1.0,0.0
264870401,1,14,14203,Lago Ranco,0.0,0.0
264870501,1,14,14203,Lago Ranco,0.0,0.0
264870601,1,14,14203,Lago Ranco,0.0,0.0
264870701,1,14,14203,Lago Ranco,0.0,0.0
264870801,1,14,14203,Lago Ranco,0.0,0.0
264870901,1,14,14203,Lago Ranco,0.0,0.0
265900201,1,14,14107,Paillaco,0.0,0.0
265900301,1,14,14107,Paillaco,0.0,0.0
265900401,1,14,14107,Paillaco,0.0,0.0
265900601,1,14,14107,Paillaco,0.0,0.0
265900701,1,14,14107,Paillaco,0.0,0.0
265900801,1,14,14107,Paillaco,0.0,0.0
266550101,1,14,14101,Valdivia,0.0,0.0
266550501,1,14,14101,Valdivia,0.0,0.0
266550601,1,14,14101,Valdivia,0.0,0.0
266550701,1,14,14101,Valdivia,0.0,0.0
266550801,1,14,14101,Valdivia,0.0,0.0
267950101,1,14,14101,Valdivia,0.0,0.0
267950201,1,14,14101,Valdivia,0.0,0.0
267950501,1,14,14101,Valdivia,0.0,0.0
268290101,1,14,14101,Valdivia,0.0,0.0
268290201,1,14,14101,Valdivia,0.0,0.0
268290401,1,14,14101,Valdivia,0.0,0.0
268290501,1,14,14101,Valdivia,0.0,0.0
268290601,1,14,14101,Valdivia,0.0,0.0
268290701,1,14,14101,Valdivia,0.0,0.0
268520101,1,14,14204,Río Bueno,0.0,0.0
268520301,1,14,14204,Río Bueno,0.0,1.0
268520302,1,14,14204,Río Bueno,0.0,0.0
268520501,1,14,14204,Río Bueno,0.0,0.0
268520601,1,14,14204,Río Bueno,0.0,0.0
268520701,1,14,14204,Río Bueno,0.0,0.0
268520801,1,14,14204,Río Bueno,0.0,0.0
270760101,1,14,14101,Valdivia,0.0,0.0
270760201,1,14,14101,Valdivia,0.0,0.0
270760202,1,14,14101,Valdivia,0.0,0.0
270760301,1,14,14101,Valdivia,0.0,0.0
270760401,1,14,14101,Valdivia,0.0,0.0
270760501,1,14,14101,Valdivia,0.0,0.0
270760601,1,14,14101,Valdivia,0.0,0.0
270760701,1,14,14101,Valdivia,0.0,0.0
270760801,1,14,14101,Valdivia,0.0,0.0
272340201,1,14,14101,Valdivia,0.0,0.0
272340501,1,14,14101,Valdivia,0.0,0.0
272340601,1,14,14101,Valdivia,0.0,0.0
272340701,1,14,14101,Valdivia,0.0,0.0
272340801,1,14,14101,Valdivia,0.0,0.0
273850101,1,14,14101,Valdivia,0.0,0.0
273850301,1,14,14101,Valdivia,0.0,0.0
273850401,1,14,14101,Valdivia,0.0,0.0
273850601,1,14,14101,Valdivia,0.0,0.0
273850801,1,14,14101,Valdivia,0.0,0.0
276390101,1,14,14101,Valdivia,0.0,0.0
276390201,1,14,14101,Valdivia,1.0,0.0
276390301,1,14,14101,Valdivia,0.0,0.0
276390601,1,14,14101,Valdivia,0.0,0.0
276390701,1,14,14101,Valdivia,0.0,0.0
276390801,1,14,14101,Valdivia,0.0,0.0
277880101,1,14,14101,Valdivia,0.0,0.0
277880201,1,14,14101,Valdivia,,0.0
277880301,1,14,14101,Valdivia,0.0,0.0
277880401,1,14,14101,Valdivia,0.0,0.0
277880501,1,14,14101,Valdivia,0.0,0.0
277880601,1,14,14101,Valdivia,1.0,0.0
277880701,1,14,14101,Valdivia,1.0,1.0
277880801,1,14,14101,Valdivia,0.0,0.0
277880802,1,14,14101,Valdivia,0.0,0.0
278610101,1,14,14101,Valdivia,0.0,0.0
278610201,1,14,14101,Valdivia,0.0,0.0
278610501,1,14,14101,Valdivia,0.0,0.0
278610601,1,14,14101,Valdivia,0.0,0.0
278610701,1,14,14101,Valdivia,0.0,0.0
278610801,1,14,14101,Valdivia,0.0,0.0
279200101,1,14,14103,Lanco,0.0,0.0
279200201,1,14,14103,Lanco,0.0,0.0
279200301,1,14,14103,Lanco,0.0,0.0
279200601,1,14,14103,Lanco,0.0,0.0
279200701,1,14,14103,Lanco,0.0,1.0
279200801,1,14,14103,Lanco,1.0,0.0
279970101,1,14,14101,Valdivia,0.0,0.0
279970201,1,14,14101,Valdivia,0.0,0.0
279970301,1,14,14101,Valdivia,0.0,0.0
279970401,1,14,14101,Valdivia,0.0,0.0
279970501,1,14,14101,Valdivia,0.0,0.0
279970701,1,14,14101,Valdivia,0.0,0.0
279970801,1,14,14101,Valdivia,0.0,0.0
280360101,1,14,14105,Máfil,0.0,0.0
280360201,1,14,14105,Máfil,0.0,0.0
280360401,1,14,14105,Máfil,1.0,0.0
280360501,1,14,14105,Máfil,0.0,0.0
280360601,1,14,14105,Máfil,0.0,0.0
280360701,1,14,14105,Máfil,0.0,0.0
280360901,1,14,14105,Máfil,0.0,0.0
280361001,1,14,14105,Máfil,0.0,0.0
280430201,1,14,14101,Valdivia,0.0,0.0
280430301,1,14,14101,Valdivia,0.0,0.0
280430401,1,14,14101,Valdivia,1.0,0.0
280430501,1,14,14101,Valdivia,0.0,0.0
280430601,1,14,14101,Valdivia,0.0,0.0
280430701,1,14,14101,Valdivia,1.0,0.0
280430801,1,14,14101,Valdivia,0.0,0.0
281000201,1,14,14101,Valdivia,0.0,0.0
281000301,1,14,14101,Valdivia,0.0,0.0
281000401,1,14,14101,Valdivia,,0.0
281000501,1,14,14101,Valdivia,0.0,0.0
281270501,1,14,14104,Los Lagos,0.0,0.0
281270601,1,14,14104,Los Lagos,0.0,0.0
281270701,1,14,14104,Los Lagos,0.0,0.0
281270801,1,14,14104,Los Lagos,0.0,0.0
282030101,1,14,14106,Mariquina,1.0,1.0
282030301,1,14,14106,Mariquina,0.0,0.0
282030401,1,14,14106,Mariquina,1.0,0.0
282030501,1,14,14106,Mariquina,1.0,0.0
282030601,1,14,14106,Mariquina,0.0,0.0
282030701,1,14,14106,Mariquina,1.0,0.0
282030801,1,14,14106,Mariquina,0.0,0.0
282030901,1,14,14106,Mariquina,0.0,0.0
282031001,1,14,14106,Mariquina,0.0,0.0
285390101,1,14,14201,La Unión,0.0,0.0
285390201,1,14,14201,La Unión,0.0,0.0
285390301,1,14,14201,La Unión,0.0,0.0
285390401,1,14,14201,La Unión,0.0,0.0
285390501,1,14,14201,La Unión,0.0,0.0
285390601,1,14,14201,La Unión,0.0,0.0
285390701,1,14,14201,La Unión,0.0,0.0
285390801,1,14,14201,La Unión,0.0,0.0
286580101,1,14,14101,Valdivia,0.0,0.0
286580201,1,14,14101,Valdivia,0.0,0.0
286580301,1,14,14101,Valdivia,0.0,0.0
286580401,1,14,14101,Valdivia,0.0,0.0
286580601,1,14,14101,Valdivia,0.0,0.0
286580701,1,14,14101,Valdivia,0.0,0.0
286580801,1,14,14101,Valdivia,0.0,0.0
287370101,1,14,14201,La Unión,0.0,0.0
287370201,1,14,14201,La Unión,0.0,0.0
287370301,1,14,14201,La Unión,0.0,0.0
287370401,1,14,14201,La Unión,0.0,0.0
287370601,1,14,14201,La Unión,0.0,0.0
287370701,1,14,14201,La Unión,0.0,0.0
287370801,1,14,14201,La Unión,0.0,0.0
288910201,1,14,14201,La Unión,0.0,0.0
288910301,1,14,14201,La Unión,0.0,0.0
288910501,1,14,14201,La Unión,0.0,0.0
288910601,1,14,14201,La Unión,0.0,0.0
288910701,1,14,14201,La Unión,1.0,0.0
288910801,1,14,14201,La Unión,0.0,0.0
289390201,1,14,14201,La Unión,0.0,0.0
289390301,1,14,14201,La Unión,0.0,0.0
289390401,1,14,14201,La Unión,0.0,0.0
289390501,1,14,14201,La Unión,0.0,0.0
289390701,1,14,14201,La Unión,0.0,0.0
289390801,1,14,14201,La Unión,0.0,0.0
289390901,1,14,14201,La Unión,0.0,0.0
289830101,1,14,14106,Mariquina,0.0,0.0
289830201,1,14,14106,Mariquina,0.0,0.0
289830301,1,14,14106,Mariquina,0.0,0.0
289830401,1,14,14106,Mariquina,0.0,0.0
289830701,1,14,14106,Mariquina,0.0,0.0
289830801,1,14,14106,Mariquina,1.0,1.0
289831001,1,14,14106,Mariquina,0.0,0.0
290210201,1,14,14202,Futrono,0.0,0.0
290210301,1,14,14202,Futrono,0.0,0.0
290210401,1,14,14202,Futrono,1.0,0.0
290210501,1,14,14202,Futrono,0.0,0.0
290210601,1,14,14202,Futrono,0.0,0.0
290210701,1,14,14202,Futrono,0.0,0.0
290210801,1,14,14202,Futrono,0.0,0.0
290250101,1,14,14101,Valdivia,0.0,0.0
290250201,1,14,14101,Valdivia,0.0,0.0
290250301,1,14,14101,Valdivia,0.0,0.0
290250601,1,14,14101,Valdivia,0.0,0.0
290820101,1,14,14108,Panguipulli,0.0,0.0
290820201,1,14,14108,Panguipulli,0.0,0.0
290820601,1,14,14108,Panguipulli,0.0,1.0
290820701,1,14,14108,Panguipulli,0.0,0.0
290821001,1,14,14108,Panguipulli,0.0,0.0
291920101,1,14,14106,Mariquina,0.0,0.0
291920201,1,14,14106,Mariquina,0.0,0.0
291920301,1,14,14106,Mariquina,0.0,0.0
291920401,1,14,14106,Mariquina,0.0,0.0
291920501,1,14,14106,Mariquina,0.0,0.0
291920601,1,14,14106,Mariquina,0.0,0.0
291920701,1,14,14106,Mariquina,0.0,0.0
292540101,1,14,14104,Los Lagos,1.0,0.0
292540201,1,14,14104,Los Lagos,0.0,0.0
292540301,1,14,14104,Los Lagos,1.0,0.0
292540501,1,14,14104,Los Lagos,1.0,0.0
292540601,1,14,14104,Los Lagos,0.0,0.0
292540701,1,14,14104,Los Lagos,0.0,0.0
292540801,1,14,14104,Los Lagos,1.0,0.0
292540901,1,14,14104,Los Lagos,1.0,0.0
293230101,1,14,14101,Valdivia,0.0,0.0
293230301,1,14,14101,Valdivia,1.0,1.0
293230501,1,14,14101,Valdivia,0.0,0.0
293230601,1,14,14101,Valdivia,0.0,0.0
293230801,1,14,14101,Valdivia,0.0,0.0
294960101,1,14,14204,Río Bueno,0.0,0.0
294960201,1,14,14204,Río Bueno,0.0,0.0
294960301,1,14,14204,Río Bueno,0.0,0.0
294960401,1,14,14204,Río Bueno,0.0,0.0
294960501,1,14,14204,Río Bueno,0.0,0.0
294960601,1,14,14204,Río Bueno,0.0,0.0
295190201,1,14,14101,Valdivia,,0.0
295190301,1,14,14101,Valdivia,0.0,0.0
295190401,1,14,14101,Valdivia,0.0,0.0
295190601,1,14,14101,Valdivia,0.0,0.0
295190701,1,14,14101,Valdivia,0.0,0.0
295190801,1,14,14101,Valdivia,,0.0
297450101,1,14,14101,Valdivia,0.0,0.0
297450201,1,14,14101,Valdivia,0.0,0.0
297450301,1,14,14101,Valdivia,0.0,0.0
297450501,1,14,14101,Valdivia,0.0,0.0
297450601,1,14,14101,Valdivia,0.0,0.0
297450701,1,14,14101,Valdivia,1.0,0.0
298350201,1,14,14101,Valdivia,0.0,0.0
298350301,1,14,14101,Valdivia,0.0,0.0
298350401,1,14,14101,Valdivia,0.0,0.0
298350501,1,14,14101,Valdivia,0.0,0.0
298350601,1,14,14101,Valdivia,0.0,0.0
298350701,1,14,14101,Valdivia,0.0,0.0
298350801,1,14,14101,Valdivia,0.0,0.0
299230201,1,14,14108,Panguipulli,0.0,0.0
299230401,1,14,14108,Panguipulli,0.0,0.0
299230501,1,14,14108,Panguipulli,0.0,0.0
299230601,1,14,14108,Panguipulli,1.0,1.0
299230701,1,14,14108,Panguipulli,0.0,0.0
299230801,1,14,14108,Panguipulli,0.0,0.0
299230901,1,14,14108,Panguipulli,0.0,0.0
299231001,1,14,14108,Panguipulli,0.0,0.0
300490101,1,14,14201,La Unión,0.0,0.0
300490201,1,14,14201,La Unión,0.0,0.0
300490301,1,14,14201,La Unión,0.0,0.0
300490401,1,14,14201,La Unión,0.0,0.0
300490601,1,14,14201,La Unión,0.0,0.0
300490801,1,14,14201,La Unión,0.0,0.0
300490901,1,14,14201,La Unión,0.0,0.0
300670101,1,14,14101,Valdivia,0.0,0.0
300670301,1,14,14101,Valdivia,0.0,0.0
300670501,1,14,14101,Valdivia,0.0,0.0
300670601,1,14,14101,Valdivia,0.0,0.0
300670701,1,14,14101,Valdivia,0.0,0.0
300670801,1,14,14101,Valdivia,0.0,0.0
300840101,1,14,14204,Río Bueno,0.0,0.0
300840201,1,14,14204,Río Bueno,1.0,0.0
300840301,1,14,14204,Río Bueno,0.0,0.0
300840401,1,14,14204,Río Bueno,0.0,0.0
300840501,1,14,14204,Río Bueno,1.0,0.0
300840601,1,14,14204,Río Bueno,0.0,0.0
300840701,1,14,14204,Río Bueno,0.0,1.0
301990201,1,14,14101,Valdivia,0.0,0.0
301990301,1,14,14101,Valdivia,0.0,0.0
301990401,1,14,14101,Valdivia,0.0,0.0
301990501,1,14,14101,Valdivia,0.0,0.0
301990601,1,14,14101,Valdivia,0.0,0.0
301990801,1,14,14101,Valdivia,0.0,0.0
302930101,1,14,14204,Río Bueno,0.0,0.0
302930301,1,14,14204,Río Bueno,0.0,0.0
302930601,1,14,14204,Río Bueno,0.0,0.0
302930701,1,14,14204,Río Bueno,0.0,0.0
302930801,1,14,14204,Río Bueno,1.0,0.0
302930901,1,14,14204,Río Bueno,0.0,0.0
303260101,1,14,14101,Valdivia,0.0,0.0
303260201,1,14,14101,Valdivia,0.0,0.0
303260301,1,14,14101,Valdivia,0.0,0.0
303260401,1,14,14101,Valdivia,0.0,0.0
303390101,1,14,14106,Mariquina,0.0,0.0
303390201,1,14,14106,Mariquina,0.0,0.0
303390401,1,14,14106,Mariquina,0.0,0.0
303390501,1,14,14106,Mariquina,0.0,0.0
303390701,1,14,14106,Mariquina,0.0,0.0
303390801,1,14,14106,Mariquina,1.0,0.0
304390101,1,14,14106,Mariquina,0.0,0.0
304390201,1,14,14106,Mariquina,0.0,0.0
304390301,1,14,14106,Mariquina,0.0,0.0
304390401,1,14,14106,Mariquina,0.0,0.0
304390501,1,14,14106,Mariquina,0.0,0.0
304390601,1,14,14106,Mariquina,0.0,0.0
304390701,1,14,14106,Mariquina,0.0,0.0
304390801,1,14,14106,Mariquina,0.0,0.0
304390901,1,14,14106,Mariquina,0.0,0.0
304391001,1,14,14106,Mariquina,0.0,0.0
306180101,1,14,14101,Valdivia,0.0,0.0
306180201,1,14,14101,Valdivia,0.0,0.0
306180301,1,14,14101,Valdivia,0.0,0.0
306180401,1,14,14101,Valdivia,0.0,0.0
306180501,1,14,14101,Valdivia,0.0,0.0
306180601,1,14,14101,Valdivia,0.0,0.0
306180701,1,14,14101,Valdivia,0.0,0.0
306180801,1,14,14101,Valdivia,0.0,0.0
306500301,1,14,14101,Valdivia,0.0,0.0
306500401,1,14,14101,Valdivia,0.0,0.0
306500501,1,14,14101,Valdivia,0.0,0.0
306500601,1,14,14101,Valdivia,0.0,0.0
306500701,1,14,14101,Valdivia,0.0,0.0
306500801,1,14,14101,Valdivia,0.0,0.0
307050101,1,14,14204,Río Bueno,0.0,0.0
307050201,1,14,14204,Río Bueno,0.0,0.0
307050301,1,14,14204,Río Bueno,0.0,0.0
307050401,1,14,14204,Río Bueno,0.0,0.0
307050501,1,14,14204,Río Bueno,0.0,1.0
307050801,1,14,14204,Río Bueno,1.0,0.0
307050901,1,14,14204,Río Bueno,0.0,0.0
308080201,1,14,14103,Lanco,0.0,0.0
308080301,1,14,14103,Lanco,0.0,0.0
308080401,1,14,14103,Lanco,0.0,0.0
308080501,1,14,14103,Lanco,0.0,0.0
308080601,1,14,14103,Lanco,0.0,0.0
308080701,1,14,14103,Lanco,0.0,0.0
308080801,1,14,14103,Lanco,,0.0
308270301,1,14,14203,Lago Ranco,0.0,0.0
308270401,1,14,14203,Lago Ranco,0.0,0.0
308270501,1,14,14203,Lago Ranco,0.0,0.0
308270601,1,14,14203,Lago Ranco,0.0,0.0
308270701,1,14,14203,Lago Ranco,0.0,0.0
308310101,1,14,14107,Paillaco,0.0,0.0
308310201,1,14,14107,Paillaco,0.0,0.0
308310301,1,14,14107,Paillaco,0.0,0.0
308310401,1,14,14107,Paillaco,0.0,0.0
308310501,1,14,14107,Paillaco,1.0,0.0
308310601,1,14,14107,Paillaco,0.0,0.0
308310701,1,14,14107,Paillaco,0.0,0.0
308310801,1,14,14107,Paillaco,1.0,0.0
308310901,1,14,14107,Paillaco,0.0,0.0
308311001,1,14,14107,Paillaco,0.0,0.0
311040101,1,14,14101,Valdivia,0.0,0.0
311040201,1,14,14101,Valdivia,0.0,0.0
311040301,1,14,14101,Valdivia,0.0,0.0
311040401,1,14,14101,Valdivia,0.0,0.0
311040501,1,14,14101,Valdivia,0.0,0.0
311040601,1,14,14101,Valdivia,0.0,0.0
311700101,1,14,14204,Río Bueno,0.0,0.0
311700201,1,14,14204,Río Bueno,0.0,0.0
311700801,1,14,14204,Río Bueno,0.0,0.0
311890201,1,14,14106,Mariquina,0.0,0.0
311890601,1,14,14106,Mariquina,0.0,0.0
311890701,1,14,14106,Mariquina,0.0,0.0
311890801,1,14,14106,Mariquina,0.0,0.0
312890101,1,14,14101,Valdivia,0.0,0.0
312890201,1,14,14101,Valdivia,0.0,0.0
312890401,1,14,14101,Valdivia,0.0,0.0
312890501,1,14,14101,Valdivia,0.0,0.0
312890601,1,14,14101,Valdivia,0.0,0.0
312890701,1,14,14101,Valdivia,0.0,0.0
312890801,1,14,14101,Valdivia,0.0,0.0
313200101,1,14,14101,Valdivia,0.0,0.0
313200201,1,14,14101,Valdivia,0.0,0.0
313200301,1,14,14101,Valdivia,0.0,0.0
313200501,1,14,14101,Valdivia,0.0,0.0
313200801,1,14,14101,Valdivia,1.0,0.0
314690101,1,14,14108,Panguipulli,1.0,0.0
314690301,1,14,14108,Panguipulli,1.0,0.0
314690501,1,14,14108,Panguipulli,0.0,0.0
314690801,1,14,14108,Panguipulli,0.0,0.0
315000101,1,14,14105,Máfil,1.0,0.0
315000201,1,14,14105,Máfil,0.0,0.0
315000301,1,14,14105,Máfil,0.0,0.0
315000401,1,14,14105,Máfil,0.0,0.0
315000501,1,14,14105,Máfil,0.0,0.0
315000601,1,14,14105,Máfil,0.0,0.0
315000701,1,14,14105,Máfil,0.0,0.0
315000801,1,14,14105,Máfil,0.0,0.0
315430101,1,14,14101,Valdivia,0.0,0.0
315430301,1,14,14101,Valdivia,0.0,0.0
315430401,1,14,14101,Valdivia,0.0,0.0
315430501,1,14,14101,Valdivia,0.0,0.0
315430601,1,14,14101,Valdivia,0.0,0.0
315430701,1,14,14101,Valdivia,0.0,0.0
315430801,1,14,14101,Valdivia,0.0,0.0
315860101,1,14,14201,La Unión,0.0,0.0
315860201,1,14,14201,La Unión,0.0,0.0
315860301,1,14,14201,La Unión,0.0,0.0
315860401,1,14,14201,La Unión,0.0,0.0
315860501,1,14,14201,La Unión,0.0,0.0
315860701,1,14,14201,La Unión,0.0,0.0
315860801,1,14,14201,La Unión,0.0,0.0
316020101,1,14,14104,Los Lagos,0.0,0.0
316020201,1,14,14104,Los Lagos,0.0,0.0
316020301,1,14,14104,Los Lagos,0.0,0.0
316020401,1,14,14104,Los Lagos,0.0,0.0
316020501,1,14,14104,Los Lagos,0.0,0.0
317700101,1,14,14101,Valdivia,0.0,0.0
317700201,1,14,14101,Valdivia,0.0,0.0
317700401,1,14,14101,Valdivia,0.0,0.0
317700501,1,14,14101,Valdivia,0.0,0.0
317700701,1,14,14101,Valdivia,1.0,0.0
317700801,1,14,14101,Valdivia,0.0,0.0
317750101,1,14,14108,Panguipulli,0.0,0.0
317750301,1,14,14108,Panguipulli,0.0,0.0
317750401,1,14,14108,Panguipulli,0.0,0.0
317750501,1,14,14108,Panguipulli,0.0,0.0
317750801,1,14,14108,Panguipulli,0.0,0.0
318470201,1,14,14101,Valdivia,0.0,0.0
318470301,1,14,14101,Valdivia,0.0,0.0
318470401,1,14,14101,Valdivia,0.0,0.0
318470501,1,14,14101,Valdivia,0.0,0.0
318470701,1,14,14101,Valdivia,0.0,0.0
318470801,1,14,14101,Valdivia,1.0,0.0
318870101,1,14,14101,Valdivia,0.0,0.0
318870201,1,14,14101,Valdivia,0.0,0.0
318870401,1,14,14101,Valdivia,0.0,0.0
318870501,1,14,14101,Valdivia,0.0,0.0
318870701,1,14,14101,Valdivia,0.0,0.0
318870801,1,14,14101,Valdivia,0.0,0.0
319100101,1,14,14101,Valdivia,1.0,0.0
319100301,1,14,14101,Valdivia,0.0,0.0
319100401,1,14,14101,Valdivia,0.0,0.0
319100601,1,14,14101,Valdivia,0.0,1.0
319100801,1,14,14101,Valdivia,0.0,0.0
320530101,1,14,14101,Valdivia,0.0,0.0
320530201,1,14,14101,Valdivia,0.0,0.0
320530301,1,14,14101,Valdivia,0.0,0.0
320530401,1,14,14101,Valdivia,0.0,0.0
320530601,1,14,14101,Valdivia,0.0,0.0
320530701,1,14,14101,Valdivia,0.0,0.0
320530801,1,14,14101,Valdivia,0.0,0.0
320550101,1,14,14201,La Unión,1.0,0.0
320550201,1,14,14201,La Unión,0.0,0.0
320550301,1,14,14201,La Unión,0.0,0.0
320550401,1,14,14201,La Unión,0.0,0.0
320550501,1,14,14201,La Unión,0.0,0.0
320550601,1,14,14201,La Unión,0.0,0.0
320550701,1,14,14201,La Unión,0.0,0.0
320550901,1,14,14201,La Unión,1.0,1.0
320551001,1,14,14201,La Unión,0.0,0.0
321700201,1,14,14202,Futrono,0.0,0.0
321700301,1,14,14202,Futrono,0.0,0.0
321700501,1,14,14202,Futrono,1.0,0.0
321700601,1,14,14202,Futrono,0.0,0.0
321700701,1,14,14202,Futrono,0.0,0.0
321700801,1,14,14202,Futrono,0.0,0.0
322220101,1,14,14101,Valdivia,0.0,0.0
322220401,1,14,14101,Valdivia,0.0,0.0
322220601,1,14,14101,Valdivia,0.0,0.0
322220701,1,14,14101,Valdivia,0.0,0.0
322220801,1,14,14101,Valdivia,0.0,0.0
322430101,1,14,14204,Río Bueno,0.0,0.0
322430201,1,14,14204,Río Bueno,0.0,0.0
322430301,1,14,14204,Río Bueno,0.0,0.0
322430601,1,14,14204,Río Bueno,0.0,0.0
322430701,1,14,14204,Río Bueno,0.0,0.0
322430901,1,14,14204,Río Bueno,0.0,0.0
323610101,1,14,14104,Los Lagos,0.0,0.0
323610201,1,14,14104,Los Lagos,0.0,0.0
323610301,1,14,14104,Los Lagos,0.0,0.0
323610501,1,14,14104,Los Lagos,0.0,0.0
323610601,1,14,14104,Los Lagos,0.0,0.0
323610801,1,14,14104,Los Lagos,0.0,0.0
324500101,1,14,14101,Valdivia,1.0,1.0
324500201,1,14,14101,Valdivia,0.0,0.0
324500301,1,14,14101,Valdivia,0.0,0.0
324500501,1,14,14101,Valdivia,1.0,0.0
324500601,1,14,14101,Valdivia,0.0,0.0
324700101,1,14,14204,Río Bueno,0.0,0.0
324700201,1,14,14204,Río Bueno,0.0,0.0
324700301,1,14,14204,Río Bueno,0.0,0.0
324700401,1,14,14204,Río Bueno,0.0,0.0
324700501,1,14,14204,Río Bueno,0.0,0.0
324700601,1,14,14204,Río Bueno,0.0,1.0
324700701,1,14,14204,Río Bueno,0.0,0.0
324700801,1,14,14204,Río Bueno,0.0,0.0
324920101,1,14,14204,Río Bueno,0.0,0.0
324920201,1,14,14204,Río Bueno,0.0,0.0
324920301,1,14,14204,Río Bueno,0.0,0.0
324920401,1,14,14204,Río Bueno,0.0,0.0
324920501,1,14,14204,Río Bueno,0.0,0.0
324920601,1,14,14204,Río Bueno,0.0,0.0
324920701,1,14,14204,Río Bueno,0.0,0.0
324920801,1,14,14204,Río Bueno,0.0,0.0
325670101,1,14,14106,Mariquina,0.0,0.0
325670301,1,14,14106,Mariquina,1.0,0.0
325670401,1,14,14106,Mariquina,0.0,0.0
325670501,1,14,14106,Mariquina,1.0,0.0
325670801,1,14,14106,Mariquina,0.0,0.0
325670901,1,14,14106,Mariquina,0.0,0.0
325671001,1,14,14106,Mariquina,0.0,0.0
326180301,1,14,14101,Valdivia,0.0,0.0
326180601,1,14,14101,Valdivia,0.0,0.0
326180701,1,14,14101,Valdivia,0.0,0.0
326180801,1,14,14101,Valdivia,0.0,0.0
326180802,1,14,14101,Valdivia,0.0,0.0
326790101,1,14,14204,Río Bueno,0.0,0.0
326790201,1,14,14204,Río Bueno,0.0,0.0
326790401,1,14,14204,Río Bueno,0.0,0.0
326790501,1,14,14204,Río Bueno,1.0,1.0
326790601,1,14,14204,Río Bueno,0.0,0.0
326790701,1,14,14204,Río Bueno,0.0,0.0
326790801,1,14,14204,Río Bueno,0.0,0.0
327020101,1,14,14101,Valdivia,0.0,0.0
327020201,1,14,14101,Valdivia,0.0,0.0
327020301,1,14,14101,Valdivia,0.0,0.0
327020501,1,14,14101,Valdivia,0.0,0.0
327650101,1,14,14101,Valdivia,0.0,0.0
327650201,1,14,14101,Valdivia,0.0,0.0
327650401,1,14,14101,Valdivia,0.0,0.0
327650501,1,14,14101,Valdivia,0.0,0.0
327650601,1,14,14101,Valdivia,0.0,0.0
327650801,1,14,14101,Valdivia,0.0,0.0
328710201,1,14,14101,Valdivia,0.0,0.0
328710301,1,14,14101,Valdivia,0.0,0.0
328710401,1,14,14101,Valdivia,0.0,0.0
328710601,1,14,14101,Valdivia,0.0,0.0
328710801,1,14,14101,Valdivia,0.0,0.0
329050101,1,14,14202,Futrono,0.0,0.0
329050201,1,14,14202,Futrono,0.0,0.0
329050301,1,14,14202,Futrono,0.0,0.0
329050701,1,14,14202,Futrono,0.0,0.0
329050801,1,14,14202,Futrono,0.0,0.0
330670101,1,14,14106,Mariquina,0.0,0.0
330670201,1,14,14106,Mariquina,1.0,0.0
330670301,2,14,14106,Mariquina,1.0,0.0
330670401,1,14,14106,Mariquina,0.0,0.0
330670501,1,14,14106,Mariquina,1.0,0.0
330670601,1,14,14106,Mariquina,1.0,0.0
330670701,1,14,14106,Mariquina,0.0,0.0
330670801,1,14,14106,Mariquina,0.0,0.0
330670901,1,14,14106,Mariquina,0.0,0.0
330671001,1,14,14106,Mariquina,1.0,0.0
330990101,1,14,14101,Valdivia,1.0,0.0
330990201,1,14,14101,Valdivia,0.0,0.0
330990301,1,14,14101,Valdivia,0.0,0.0
330990401,1,14,14101,Valdivia,0.0,0.0
330990501,1,14,14101,Valdivia,1.0,0.0
330990801,1,14,14101,Valdivia,0.0,0.0
330991001,1,14,14101,Valdivia,0.0,0.0
331380201,1,14,14101,Valdivia,0.0,0.0
331380301,1,14,14101,Valdivia,0.0,0.0
331380401,1,14,14101,Valdivia,0.0,0.0
331380501,1,14,14101,Valdivia,0.0,0.0
331380601,1,14,14101,Valdivia,0.0,0.0
331380701,1,14,14101,Valdivia,1.0,0.0
332330301,1,14,14101,Valdivia,0.0,0.0
332330401,1,14,14101,Valdivia,0.0,0.0
332330701,1,14,14101,Valdivia,0.0,0.0
332330801,1,14,14101,Valdivia,0.0,0.0
334030101,1,14,14101,Valdivia,1.0,0.0
334030201,1,14,14101,Valdivia,0.0,0.0
334030301,1,14,14101,Valdivia,1.0,0.0
334030401,1,14,14101,Valdivia,0.0,0.0
334030501,1,14,14101,Valdivia,1.0,0.0
334030601,1,14,14101,Valdivia,0.0,0.0
334030701,1,14,14101,Valdivia,1.0,0.0
334680101,1,14,14204,Río Bueno,1.0,1.0
334680201,1,14,14204,Río Bueno,0.0,0.0
334680401,1,14,14204,Río Bueno,0.0,0.0
334680501,1,14,14204,Río Bueno,0.0,0.0
334680701,1,14,14204,Río Bueno,0.0,0.0
334680801,1,14,14204,Río Bueno,0.0,0.0
335230101,1,14,14101,Valdivia,0.0,0.0
335230201,1,14,14101,Valdivia,0.0,0.0
335230301,1,14,14101,Valdivia,0.0,0.0
335230501,1,14,14101,Valdivia,0.0,0.0
335230601,1,14,14101,Valdivia,0.0,0.0
335230701,1,14,14101,Valdivia,0.0,0.0
335230801,1,14,14101,Valdivia,0.0,0.0
335790101,1,14,14101,Valdivia,0.0,0.0
335790301,1,14,14101,Valdivia,0.0,0.0
335790401,1,14,14101,Valdivia,0.0,0.0
335790601,1,14,14101,Valdivia,0.0,0.0
335790701,1,14,14101,Valdivia,0.0,0.0
335790801,1,14,14101,Valdivia,0.0,0.0
336220201,1,14,14103,Lanco,0.0,0.0
336220301,1,14,14103,Lanco,0.0,0.0
336220401,1,14,14103,Lanco,0.0,0.0
336220501,1,14,14103,Lanco,0.0,0.0
336220601,1,14,14103,Lanco,0.0,0.0
336220701,1,14,14103,Lanco,0.0,0.0
336400101,1,14,14107,Paillaco,0.0,0.0
336400201,1,14,14107,Paillaco,0.0,0.0
336400301,1,14,14107,Paillaco,1.0,0.0
336400401,1,14,14107,Paillaco,0.0,0.0
336400501,1,14,14107,Paillaco,0.0,0.0
336400601,1,14,14107,Paillaco,1.0,0.0
336400701,1,14,14107,Paillaco,0.0,0.0
336550101,1,14,14101,Valdivia,1.0,0.0
336550201,1,14,14101,Valdivia,0.0,0.0
336550501,1,14,14101,Valdivia,0.0,0.0
336550801,1,14,14101,Valdivia,0.0,0.0
337600101,1,14,14103,Lanco,1.0,0.0
337600201,1,14,14103,Lanco,0.0,0.0
337600401,1,14,14103,Lanco,0.0,0.0
337600501,1,14,14103,Lanco,0.0,0.0
337600601,1,14,14103,Lanco,1.0,0.0
337600801,1,14,14103,Lanco,0.0,0.0
338790101,1,14,14101,Valdivia,0.0,0.0
338790301,1,14,14101,Valdivia,0.0,0.0
338790501,1,14,14101,Valdivia,0.0,0.0
338790601,1,14,14101,Valdivia,,0.0
338790801,1,14,14101,Valdivia,0.0,0.0
339390101,1,14,14106,Mariquina,0.0,0.0
339390201,1,14,14106,Mariquina,0.0,0.0
339390301,1,14,14106,Mariquina,0.0,0.0
339390401,1,14,14106,Mariquina,0.0,0.0
339390501,1,14,14106,Mariquina,0.0,0.0
339390601,1,14,14106,Mariquina,0.0,0.0
339390701,1,14,14106,Mariquina,,0.0
339390801,1,14,14106,Mariquina,1.0,0.0
339390901,1,14,14106,Mariquina,0.0,0.0
339391001,1,14,14106,Mariquina,0.0,0.0
341700301,1,14,14101,Valdivia,0.0,0.0
341700401,1,14,14101,Valdivia,0.0,0.0
341700501,1,14,14101,Valdivia,0.0,0.0
341700601,1,14,14101,Valdivia,0.0,0.0
341700701,1,14,14101,Valdivia,0.0,0.0
341700801,1,14,14101,Valdivia,0.0,0.0
341720401,1,14,14101,Valdivia,0.0,0.0
341720501,1,14,14101,Valdivia,0.0,0.0
341720601,1,14,14101,Valdivia,0.0,0.0
341720801,1,14,14101,Valdivia,0.0,1.0
342660101,1,14,14108,Panguipulli,0.0,0.0
342660201,2,14,14108,Panguipulli,0.0,0.0
342660401,1,14,14108,Panguipulli,0.0,0.0
342660501,1,14,14108,Panguipulli,0.0,0.0
342660601,1,14,14108,Panguipulli,0.0,0.0
342660701,1,14,14108,Panguipulli,0.0,0.0
342660801,1,14,14108,Panguipulli,0.0,0.0
343070201,1,14,14204,Río Bueno,0.0,0.0
343070301,1,14,14204,Río Bueno,0.0,0.0
343070501,1,14,14204,Río Bueno,0.0,0.0
343070601,1,14,14204,Río Bueno,0.0,0.0
343070701,1,14,14204,Río Bueno,0.0,0.0
343380101,1,14,14106,Mariquina,0.0,0.0
343380201,1,14,14106,Mariquina,1.0,0.0
343380301,1,14,14106,Mariquina,0.0,0.0
343380401,1,14,14106,Mariquina,1.0,0.0
343380501,1,14,14106,Mariquina,0.0,0.0
343380601,1,14,14106,Mariquina,0.0,0.0
343380701,1,14,14106,Mariquina,0.0,0.0
343380901,1,14,14106,Mariquina,0.0,0.0
343381001,1,14,14106,Mariquina,0.0,0.0
343470101,1,14,14101,Valdivia,0.0,0.0
343470201,1,14,14101,Valdivia,0.0,0.0
343470301,1,14,14101,Valdivia,0.0,0.0
343470401,1,14,14101,Valdivia,0.0,0.0
343470501,1,14,14101,Valdivia,0.0,0.0
343470701,1,14,14101,Valdivia,0.0,0.0
343470801,1,14,14101,Valdivia,0.0,0.0
344850101,1,14,14103,Lanco,0.0,0.0
344850401,1,14,14103,Lanco,0.0,0.0
344850501,1,14,14103,Lanco,0.0,0.0
344850701,1,14,14103,Lanco,0.0,0.0
344850801,1,14,14103,Lanco,0.0,0.0
345550101,1,14,14101,Valdivia,0.0,0.0
345550201,1,14,14101,Valdivia,0.0,0.0
345550301,1,14,14101,Valdivia,0.0,0.0
345550601,1,14,14101,Valdivia,0.0,0.0
345550701,1,14,14101,Valdivia,0.0,0.0
345550801,1,14,14101,Valdivia,0.0,0.0
345710101,1,14,14101,Valdivia,0.0,0.0
345710201,1,14,14101,Valdivia,0.0,0.0
345710301,1,14,14101,Valdivia,0.0,0.0
345710401,1,14,14101,Valdivia,0.0,0.0
345710601,1,14,14101,Valdivia,0.0,0.0
345710701,1,14,14101,Valdivia,0.0,0.0
346050101,1,14,14101,Valdivia,0.0,0.0
346050201,1,14,14101,Valdivia,0.0,0.0
346050601,1,14,14101,Valdivia,0.0,1.0
346050701,1,14,14101,Valdivia,0.0,0.0
346050801,1,14,14101,Valdivia,0.0,0.0
347200301,1,14,14108,Panguipulli,0.0,0.0
347200501,1,14,14108,Panguipulli,0.0,0.0
347200801,1,14,14108,Panguipulli,1.0,0.0
348490201,1,14,14104,Los Lagos,0.0,0.0
348490301,1,14,14104,Los Lagos,0.0,0.0
348490401,1,14,14104,Los Lagos,1.0,0.0
348490501,1,14,14104,Los Lagos,0.0,0.0
348490601,1,14,14104,Los Lagos,0.0,0.0
348490901,1,14,14104,Los Lagos,0.0,0.0
348491001,1,14,14104,Los Lagos,0.0,0.0
349090101,1,14,14101,Valdivia,0.0,0.0
349090201,1,14,14101,Valdivia,0.0,0.0
349090301,1,14,14101,Valdivia,0.0,0.0
349090501,1,14,14101,Valdivia,0.0,0.0
349090701,1,14,14101,Valdivia,0.0,0.0
349090801,1,14,14101,Valdivia,0.0,0.0
349500101,1,14,14101,Valdivia,0.0,0.0
349500201,1,14,14101,Valdivia,1.0,0.0
349500301,1,14,14101,Valdivia,1.0,0.0
349500501,3,14,14101,Valdivia,0.0,1.0
349500601,1,14,14101,Valdivia,0.0,0.0
349500701,1,14,14101,Valdivia,0.0,0.0
349930101,1,14,14103,Lanco,0.0,0.0
349930301,1,14,14103,Lanco,0.0,0.0
349930401,1,14,14103,Lanco,0.0,0.0
349930501,1,14,14103,Lanco,0.0,0.0
349930601,1,14,14103,Lanco,0.0,0.0
349930701,1,14,14103,Lanco,0.0,0.0
349930801,1,14,14103,Lanco,0.0,0.0
350240101,1,14,14104,Los Lagos,0.0,0.0
350240201,1,14,14104,Los Lagos,1.0,0.0
350240301,1,14,14104,Los Lagos,0.0,0.0
350240401,1,14,14104,Los Lagos,0.0,0.0
350240501,1,14,14104,Los Lagos,0.0,0.0
350240601,1,14,14104,Los Lagos,0.0,0.0
350240701,1,14,14104,Los Lagos,0.0,0.0
350240801,1,14,14104,Los Lagos,0.0,0.0
350240901,1,14,14104,Los Lagos,0.0,0.0
350241001,1,14,14104,Los Lagos,0.0,0.0
350460201,1,14,14202,Futrono,0.0,0.0
350460301,1,14,14202,Futrono,0.0,0.0
350460401,1,14,14202,Futrono,1.0,0.0
350460501,1,14,14202,Futrono,0.0,0.0
350460601,1,14,14202,Futrono,0.0,0.0
350460801,1,14,14202,Futrono,1.0,0.0
351270101,1,14,14104,Los Lagos,0.0,0.0
351270201,1,14,14104,Los Lagos,0.0,0.0
351270301,1,14,14104,Los Lagos,1.0,0.0
351270401,1,14,14104,Los Lagos,0.0,0.0
351270501,1,14,14104,Los Lagos,0.0,0.0
351270601,1,14,14104,Los Lagos,1.0,0.0
351270701,1,14,14104,Los Lagos,0.0,0.0
351270801,1,14,14104,Los Lagos,0.0,0.0
351270901,1,14,14104,Los Lagos,0.0,0.0
351271001,1,14,14104,Los Lagos,0.0,0.0
351350101,1,14,14103,Lanco,0.0,0.0
351350201,1,14,14103,Lanco,0.0,0.0
351350301,1,14,14103,Lanco,0.0,0.0
351350601,1,14,14103,Lanco,0.0,0.0
351350801,1,14,14103,Lanco,0.0,0.0
352250101,1,14,14101,Valdivia,0.0,0.0
352250201,1,14,14101,Valdivia,0.0,0.0
352250401,1,14,14101,Valdivia,1.0,0.0
352250501,1,14,14101,Valdivia,0.0,0.0
352250701,1,14,14101,Valdivia,0.0,0.0
353640101,1,14,14204,Río Bueno,0.0,0.0
353640201,1,14,14204,Río Bueno,0.0,0.0
353640301,1,14,14204,Río Bueno,1.0,0.0
353640401,1,14,14204,Río Bueno,0.0,0.0
353640501,1,14,14204,Río Bueno,0.0,0.0
353640601,1,14,14204,Río Bueno,0.0,0.0
353640701,1,14,14204,Río Bueno,1.0,0.0
353640801,1,14,14204,Río Bueno,0.0,0.0
353640901,1,14,14204,Río Bueno,1.0,0.0
353641001,1,14,14204,Río Bueno,0.0,0.0
353680101,1,14,14101,Valdivia,0.0,0.0
353680201,1,14,14101,Valdivia,0.0,0.0
353680501,1,14,14101,Valdivia,0.0,0.0
353680601,1,14,14101,Valdivia,0.0,0.0
353680701,1,14,14101,Valdivia,0.0,0.0
353720101,1,14,14108,Panguipulli,0.0,0.0
353720201,1,14,14108,Panguipulli,1.0,0.0
353720301,1,14,14108,Panguipulli,0.0,0.0
353720401,1,14,14108,Panguipulli,0.0,0.0
353720601,1,14,14108,Panguipulli,0.0,0.0
353720701,1,14,14108,Panguipulli,0.0,0.0
353720801,1,14,14108,Panguipulli,0.0,0.0
354060101,1,14,14201,La Unión,1.0,0.0
354060201,1,14,14201,La Unión,0.0,0.0
354060301,1,14,14201,La Unión,0.0,0.0
354060501,1,14,14201,La Unión,0.0,0.0
354060701,1,14,14201,La Unión,0.0,0.0
354120101,1,14,14101,Valdivia,1.0,0.0
354120201,1,14,14101,Valdivia,0.0,0.0
354120301,1,14,14101,Valdivia,0.0,0.0
354120701,1,14,14101,Valdivia,0.0,0.0
354120801,1,14,14101,Valdivia,0.0,0.0
354320101,1,14,14101,Valdivia,1.0,0.0
354320201,1,14,14101,Valdivia,0.0,0.0
354320301,1,14,14101,Valdivia,0.0,1.0
354320401,1,14,14101,Valdivia,1.0,0.0
354320501,1,14,14101,Valdivia,0.0,0.0
354320601,1,14,14101,Valdivia,0.0,0.0
354320701,1,14,14101,Valdivia,0.0,0.0
354320801,1,14,14101,Valdivia,1.0,0.0
359010201,1,14,14101,Valdivia,0.0,0.0
359010401,1,14,14101,Valdivia,0.0,0.0
359010501,1,14,14101,Valdivia,0.0,0.0
359010601,1,14,14101,Valdivia,0.0,0.0
359010701,1,14,14101,Valdivia,0.0,0.0
359010801,1,14,14101,Valdivia,0.0,0.0
359850201,1,14,14201,La Unión,0.0,0.0
359850401,1,14,14201,La Unión,0.0,0.0
359850501,1,14,14201,La Unión,0.0,0.0
359850601,1,14,14201,La Unión,0.0,0.0
359850701,1,14,14201,La Unión,0.0,0.0
359850801,1,14,14201,La Unión,0.0,0.0
359860101,1,14,14104,Los Lagos,,0.0
359860301,1,14,14104,Los Lagos,0.0,0.0
359860401,1,14,14104,Los Lagos,0.0,0.0
359860501,1,14,14104,Los Lagos,0.0,0.0
359860601,1,14,14104,Los Lagos,0.0,0.0
361170101,1,14,14101,Valdivia,0.0,0.0
361170201,1,14,14101,Valdivia,0.0,0.0
361170401,1,14,14101,Valdivia,0.0,0.0
361170501,1,14,14101,Valdivia,0.0,0.0
361170601,1,14,14101,Valdivia,0.0,0.0
361170801,1,14,14101,Valdivia,0.0,0.0
362690101,1,14,14101,Valdivia,0.0,0.0
362690201,1,14,14101,Valdivia,0.0,0.0
362690301,1,14,14101,Valdivia,0.0,0.0
362690302,1,14,14101,Valdivia,0.0,0.0
362690303,1,14,14101,Valdivia,0.0,0.0
362690501,1,14,14101,Valdivia,0.0,0.0
362690601,1,14,14101,Valdivia,0.0,0.0
362690701,1,14,14101,Valdivia,0.0,0.0
362690801,1,14,14101,Valdivia,0.0,0.0
363500501,1,14,14108,Panguipulli,0.0,0.0
363500601,1,14,14108,Panguipulli,0.0,0.0
363580101,1,14,14101,Valdivia,1.0,0.0
363580201,1,14,14101,Valdivia,0.0,0.0
363580301,1,14,14101,Valdivia,0.0,0.0
363580401,1,14,14101,Valdivia,0.0,0.0
363580501,1,14,14101,Valdivia,0.0,0.0
363580601,1,14,14101,Valdivia,0.0,0.0
363580701,1,14,14101,Valdivia,0.0,0.0
363580801,1,14,14101,Valdivia,1.0,1.0
363760101,1,14,14106,Mariquina,0.0,0.0
363760401,1,14,14106,Mariquina,0.0,0.0
363760501,1,14,14106,Mariquina,0.0,0.0
363760601,1,14,14106,Mariquina,0.0,0.0
363760701,1,14,14106,Mariquina,0.0,0.0
363760801,1,14,14106,Mariquina,0.0,0.0
363761001,1,14,14106,Mariquina,0.0,0.0
363820201,1,14,14201,La Unión,0.0,0.0
363820301,1,14,14201,La Unión,0.0,0.0
363830201,1,14,14103,Lanco,0.0,0.0
363830301,1,14,14103,Lanco,0.0,0.0
363830501,1,14,14103,Lanco,0.0,0.0
363830701,1,14,14103,Lanco,0.0,0.0
363830801,1,14,14103,Lanco,,0.0
364060101,1,14,14108,Panguipulli,0.0,0.0
364060201,1,14,14108,Panguipulli,0.0,0.0
364060301,1,14,14108,Panguipulli,0.0,0.0
364060401,1,14,14108,Panguipulli,0.0,0.0
364060501,1,14,14108,Panguipulli,0.0,0.0
364060601,1,14,14108,Panguipulli,0.0,0.0
364060801,1,14,14108,Panguipulli,0.0,0.0
364850101,1,14,14106,Mariquina,0.0,0.0
364850201,1,14,14106,Mariquina,1.0,0.0
364850301,1,14,14106,Mariquina,0.0,0.0
364850401,1,14,14106,Mariquina,0.0,0.0
364850501,1,14,14106,Mariquina,0.0,0.0
364850601,1,14,14106,Mariquina,0.0,0.0
364850701,1,14,14106,Mariquina,1.0,0.0
364850801,1,14,14106,Mariquina,0.0,0.0
365410101,1,14,14101,Valdivia,0.0,0.0
365410301,1,14,14101,Valdivia,0.0,0.0
365410601,1,14,14101,Valdivia,0.0,0.0
365410701,1,14,14101,Valdivia,0.0,0.0
368670101,1,14,14101,Valdivia,0.0,0.0
368670401,1,14,14101,Valdivia,0.0,0.0
368670501,1,14,14101,Valdivia,0.0,0.0
368670601,1,14,14101,Valdivia,0.0,0.0
368670701,1,14,14101,Valdivia,0.0,0.0
368770101,1,14,14101,Valdivia,0.0,0.0
368770201,1,14,14101,Valdivia,1.0,0.0
368770301,1,14,14101,Valdivia,0.0,0.0
368770401,1,14,14101,Valdivia,0.0,0.0
368770501,1,14,14101,Valdivia,0.0,0.0
368770601,1,14,14101,Valdivia,0.0,0.0
368770701,1,14,14101,Valdivia,0.0,0.0
368770901,1,14,14101,Valdivia,0.0,0.0
368771001,1,14,14101,Valdivia,0.0,0.0
368840101,1,14,14204,Río Bueno,0.0,0.0
368840201,1,14,14204,Río Bueno,0.0,0.0
368840401,1,14,14204,Río Bueno,0.0,0.0
368840501,1,14,14204,Río Bueno,0.0,0.0
368840601,1,14,14204,Río Bueno,0.0,0.0
368840801,1,14,14204,Río Bueno,0.0,1.0
370150401,1,14,14102,Corral,0.0,0.0
370150701,1,14,14102,Corral,1.0,0.0
370150801,1,14,14102,Corral,0.0,0.0
370150901,1,14,14102,Corral,0.0,0.0
370940101,1,14,14201,La Unión,0.0,0.0
370940301,1,14,14201,La Unión,0.0,0.0
370940401,1,14,14201,La Unión,0.0,0.0
370940501,3,14,14201,La Unión,0.0,1.0
370940701,1,14,14201,La Unión,0.0,0.0
370940801,1,14,14201,La Unión,0.0,0.0
371190101,1,14,14101,Valdivia,0.0,0.0
371190201,1,14,14101,Valdivia,0.0,0.0
371190301,1,14,14101,Valdivia,0.0,1.0
371190401,1,14,14101,Valdivia,1.0,0.0
371190501,1,14,14101,Valdivia,1.0,0.0
371190601,1,14,14101,Valdivia,1.0,1.0
371410201,1,14,14102,Corral,1.0,0.0
371410401,1,14,14102,Corral,0.0,0.0
371410501,1,14,14102,Corral,0.0,0.0
371410601,1,14,14102,Corral,0.0,0.0
371410701,1,14,14102,Corral,1.0,0.0
371410801,1,14,14102,Corral,1.0,0.0
371480101,1,14,14204,Río Bueno,0.0,0.0
371480201,1,14,14204,Río Bueno,0.0,0.0
371480301,1,14,14204,Río Bueno,0.0,0.0
371480401,1,14,14204,Río Bueno,0.0,0.0
371480501,1,14,14204,Río Bueno,0.0,0.0
371480601,1,14,14204,Río Bueno,0.0,0.0
371480701,1,14,14204,Río Bueno,0.0,0.0
371480801,1,14,14204,Río Bueno,0.0,0.0
371480901,1,14,14204,Río Bueno,1.0,0.0
371481001,1,14,14204,Río Bueno,0.0,0.0
372040701,1,14,14101,Valdivia,0.0,0.0
372040801,1,14,14101,Valdivia,0.0,0.0
372150101,1,14,14201,La Unión,0.0,0.0
372150201,1,14,14201,La Unión,0.0,0.0
372150301,1,14,14201,La Unión,0.0,0.0
372150401,1,14,14201,La Unión,0.0,0.0
372150501,1,14,14201,La Unión,0.0,0.0
372150601,1,14,14201,La Unión,0.0,0.0
372150701,1,14,14201,La Unión,1.0,1.0
372150801,1,14,14201,La Unión,0.0,0.0
372940301,1,14,14101,Valdivia,0.0,0.0
372940401,1,14,14101,Valdivia,0.0,0.0
372940501,1,14,14101,Valdivia,0.0,0.0
372940601,1,14,14101,Valdivia,0.0,0.0
372940801,1,14,14101,Valdivia,0.0,0.0
373150301,1,14,14202,Futrono,0.0,0.0
373150601,1,14,14202,Futrono,0.0,0.0
373150701,1,14,14202,Futrono,0.0,0.0
373150801,1,14,14202,Futrono,0.0,0.0
373150901,1,14,14202,Futrono,0.0,0.0
373250101,1,14,14101,Valdivia,0.0,0.0
373250301,1,14,14101,Valdivia,0.0,0.0
373250501,1,14,14101,Valdivia,0.0,0.0
373250601,1,14,14101,Valdivia,0.0,0.0
373250701,1,14,14101,Valdivia,0.0,0.0
373250801,1,14,14101,Valdivia,0.0,0.0
373320301,1,14,14203,Lago Ranco,1.0,0.0
373320401,1,14,14203,Lago Ranco,0.0,0.0
373320501,1,14,14203,Lago Ranco,1.0,0.0
373320701,1,14,14203,Lago Ranco,1.0,0.0
373320801,1,14,14203,Lago Ranco,1.0,0.0
373320901,1,14,14203,Lago Ranco,1.0,0.0
373321001,1,14,14203,Lago Ranco,,1.0
373510101,1,14,14202,Futrono,0.0,0.0
373510201,1,14,14202,Futrono,0.0,1.0
373510301,1,14,14202,Futrono,0.0,0.0
373510401,1,14,14202,Futrono,0.0,0.0
373510501,1,14,14202,Futrono,1.0,0.0
373510601,1,14,14202,Futrono,0.0,0.0
373510801,1,14,14202,Futrono,1.0,0.0
374310101,1,14,14204,Río Bueno,0.0,0.0
374310201,1,14,14204,Río Bueno,1.0,0.0
374310301,1,14,14204,Río Bueno,0.0,0.0
374310401,1,14,14204,Río Bueno,0.0,0.0
374310501,1,14,14204,Río Bueno,0.0,0.0
374310601,1,14,14204,Río Bueno,1.0,1.0
374310701,1,14,14204,Río Bueno,0.0,0.0
374310801,1,14,14204,Río Bueno,0.0,0.0
374530201,1,14,14101,Valdivia,0.0,0.0
374530701,1,14,14101,Valdivia,0.0,0.0
374530801,1,14,14101,Valdivia,0.0,0.0
375850101,1,14,14107,Paillaco,0.0,0.0
375850201,1,14,14107,Paillaco,0.0,0.0
375850301,1,14,14107,Paillaco,0.0,0.0
375850401,1,14,14107,Paillaco,0.0,0.0
375850501,1,14,14107,Paillaco,0.0,0.0
375850601,1,14,14107,Paillaco,0.0,0.0
375850701,1,14,14107,Paillaco,0.0,0.0
375850901,1,14,14107,Paillaco,0.0,0.0
375851001,1,14,14107,Paillaco,0.0,0.0
376260101,1,14,14101,Valdivia,0.0,0.0
376260201,1,14,14101,Valdivia,0.0,0.0
376260301,1,14,14101,Valdivia,0.0,0.0
376260501,1,14,14101,Valdivia,0.0,0.0
376260601,1,14,14101,Valdivia,0.0,0.0
376260701,1,14,14101,Valdivia,0.0,0.0
376260801,1,14,14101,Valdivia,0.0,0.0
377680201,1,14,14101,Valdivia,0.0,0.0
377680301,1,14,14101,Valdivia,1.0,0.0
377680501,1,14,14101,Valdivia,0.0,0.0
377680601,1,14,14101,Valdivia,0.0,0.0
377680701,1,14,14101,Valdivia,0.0,0.0
377790101,1,14,14203,Lago Ranco,0.0,0.0
377790401,1,14,14203,Lago Ranco,0.0,0.0
377790501,1,14,14203,Lago Ranco,0.0,0.0
377790601,1,14,14203,Lago Ranco,0.0,0.0
377790701,1,14,14203,Lago Ranco,0.0,0.0
377790801,1,14,14203,Lago Ranco,1.0,0.0
379710101,1,14,14201,La Unión,0.0,1.0
379710201,1,14,14201,La Unión,0.0,0.0
379710401,1,14,14201,La Unión,0.0,0.0
379710501,1,14,14201,La Unión,0.0,0.0
379710601,1,14,14201,La Unión,0.0,0.0
379710701,1,14,14201,La Unión,0.0,0.0
379710801,1,14,14201,La Unión,,0.0
381370201,1,14,14101,Valdivia,0.0,0.0
381370301,1,14,14101,Valdivia,0.0,0.0
381370401,1,14,14101,Valdivia,0.0,0.0
381370501,1,14,14101,Valdivia,0.0,0.0
381370701,1,14,14101,Valdivia,0.0,0.0
382620101,1,14,14101,Valdivia,0.0,0.0
382620201,1,14,14101,Valdivia,0.0,0.0
382620301,1,14,14101,Valdivia,0.0,0.0
382620401,1,14,14101,Valdivia,0.0,0.0
382620501,1,14,14101,Valdivia,0.0,0.0
382620601,1,14,14101,Valdivia,0.0,0.0
382850101,1,14,14108,Panguipulli,0.0,0.0
382850201,1,14,14108,Panguipulli,0.0,0.0
382850301,1,14,14108,Panguipulli,0.0,0.0
382850401,1,14,14108,Panguipulli,0.0,0.0
382850501,1,14,14108,Panguipulli,0.0,0.0
382850601,1,14,14108,Panguipulli,0.0,0.0
382850701,1,14,14108,Panguipulli,0.0,0.0
382850801,1,14,14108,Panguipulli,0.0,0.0
382850901,1,14,14108,Panguipulli,0.0,0.0
382851001,1,14,14108,Panguipulli,0.0,0.0
383720101,1,14,14201,La Unión,1.0,0.0
383720301,1,14,14201,La Unión,0.0,0.0
383720401,1,14,14201,La Unión,0.0,0.0
383720501,1,14,14201,La Unión,0.0,0.0
383720601,1,14,14201,La Unión,0.0,0.0
383720701,1,14,14201,La Unión,0.0,0.0
383720801,1,14,14201,La Unión,0.0,0.0
383720901,1,14,14201,La Unión,0.0,0.0
383721001,1,14,14201,La Unión,1.0,0.0
384850201,1,14,14101,Valdivia,0.0,0.0
384850301,1,14,14101,Valdivia,0.0,0.0
384850401,1,14,14101,Valdivia,0.0,1.0
384850601,1,14,14101,Valdivia,1.0,0.0
384850801,1,14,14101,Valdivia,0.0,0.0
385160401,1,14,14101,Valdivia,0.0,0.0
385160501,1,14,14101,Valdivia,0.0,0.0
385160601,1,14,14101,Valdivia,0.0,0.0
385160801,1,14,14101,Valdivia,0.0,0.0
385420101,1,14,14101,Valdivia,0.0,0.0
385420401,1,14,14101,Valdivia,0.0,0.0
385420501,1,14,14101,Valdivia,0.0,0.0
385420601,1,14,14101,Valdivia,0.0,0.0
385420701,1,14,14101,Valdivia,0.0,0.0
385420801,1,14,14101,Valdivia,1.0,0.0
385980201,1,14,14101,Valdivia,0.0,0.0
385980401,1,14,14101,Valdivia,0.0,0.0
385980501,1,14,14101,Valdivia,0.0,0.0
385980601,1,14,14101,Valdivia,0.0,0.0
385980701,1,14,14101,Valdivia,0.0,0.0
385980801,1,14,14101,Valdivia,0.0,0.0
386540101,1,14,14107,Paillaco,0.0,0.0
386540301,1,14,14107,Paillaco,0.0,0.0
386540401,1,14,14107,Paillaco,0.0,0.0
386540601,1,14,14107,Paillaco,0.0,0.0
386540701,1,14,14107,Paillaco,0.0,0.0
386540801,1,14,14107,Paillaco,0.0,0.0
387510201,1,14,14101,Valdivia,0.0,0.0
387510301,1,14,14101,Valdivia,0.0,0.0
387510401,1,14,14101,Valdivia,0.0,0.0
387510501,1,14,14101,Valdivia,0.0,0.0
387510601,1,14,14101,Valdivia,0.0,0.0
387510701,1,14,14101,Valdivia,0.0,0.0
387510801,1,14,14101,Valdivia,0.0,0.0
388270101,1,14,14101,Valdivia,0.0,0.0
388270201,1,14,14101,Valdivia,0.0,0.0
388270401,1,14,14101,Valdivia,0.0,0.0
388270501,1,14,14101,Valdivia,0.0,0.0
388270601,1,14,14101,Valdivia,0.0,0.0
388270701,1,14,14101,Valdivia,0.0,0.0
389330101,1,14,14101,Valdivia,0.0,0.0
389330301,1,14,14101,Valdivia,0.0,0.0
389330401,1,14,14101,Valdivia,0.0,0.0
389330501,1,14,14101,Valdivia,0.0,0.0
389330601,1,14,14101,Valdivia,0.0,0.0
389330701,1,14,14101,Valdivia,0.0,0.0
389330801,1,14,14101,Valdivia,0.0,0.0
392610101,1,14,14204,Río Bueno,0.0,0.0
392610201,1,14,14204,Río Bueno,0.0,0.0
392610301,1,14,14204,Río Bueno,0.0,0.0
392610501,1,14,14204,Río Bueno,0.0,0.0
392610601,1,14,14204,Río Bueno,0.0,0.0
392610701,1,14,14204,Río Bueno,0.0,0.0
392610901,1,14,14204,Río Bueno,0.0,0.0
392611001,1,14,14204,Río Bueno,0.0,1.0
392700201,1,14,14101,Valdivia,0.0,0.0
392700401,1,14,14101,Valdivia,0.0,0.0
392700501,1,14,14101,Valdivia,0.0,0.0
392700601,1,14,14101,Valdivia,0.0,0.0
392700701,1,14,14101,Valdivia,0.0,0.0
392700801,1,14,14101,Valdivia,0.0,0.0
392940101,1,14,14101,Valdivia,0.0,0.0
392940201,1,14,14101,Valdivia,0.0,0.0
392940301,1,14,14101,Valdivia,0.0,0.0
392940401,1,14,14101,Valdivia,0.0,0.0
392940701,1,14,14101,Valdivia,1.0,0.0
392940801,1,14,14101,Valdivia,0.0,0.0
392990401,1,14,14108,Panguipulli,0.0,0.0
392990601,1,14,14108,Panguipulli,0.0,0.0
392990801,1,14,14108,Panguipulli,0.0,0.0
394370201,1,14,14104,Los Lagos,0.0,0.0
394370301,2,14,14104,Los Lagos,0.0,0.0
394370401,1,14,14104,Los Lagos,0.0,0.0
394370501,1,14,14104,Los Lagos,0.0,0.0
394370601,1,14,14104,Los Lagos,0.0,0.0
394370701,1,14,14104,Los Lagos,0.0,0.0
394370801,1,14,14104,Los Lagos,0.0,0.0
395250401,1,14,14101,Valdivia,0.0,0.0
395250501,1,14,14101,Valdivia,0.0,0.0
396540101,1,14,14101,Valdivia,0.0,0.0
396540201,1,14,14101,Valdivia,0.0,0.0
396540301,1,14,14101,Valdivia,0.0,0.0
396540401,1,14,14101,Valdivia,0.0,0.0
396540501,1,14,14101,Valdivia,0.0,0.0
396540601,1,14,14101,Valdivia,0.0,0.0
396540701,1,14,14101,Valdivia,0.0,0.0
396540702,1,14,14101,Valdivia,0.0,0.0
396540801,1,14,14101,Valdivia,0.0,0.0
396620101,1,14,14102,Corral,0.0,0.0
396620201,1,14,14102,Corral,0.0,0.0
396620301,1,14,14102,Corral,0.0,0.0
396620401,1,14,14102,Corral,0.0,0.0
396620501,1,14,14102,Corral,0.0,0.0
397820101,1,14,14103,Lanco,0.0,0.0
397820201,1,14,14103,Lanco,0.0,0.0
397820401,1,14,14103,Lanco,0.0,0.0
397820501,1,14,14103,Lanco,0.0,0.0
397820601,1,14,14103,Lanco,0.0,0.0
397820801,1,14,14103,Lanco,0.0,0.0
397820901,1,14,14103,Lanco,0.0,0.0
397821001,1,14,14103,Lanco,0.0,0.0
398210101,1,14,14202,Futrono,1.0,0.0
398210401,1,14,14202,Futrono,1.0,0.0
398210601,1,14,14202,Futrono,0.0,0.0
398210701,1,14,14202,Futrono,1.0,0.0
398210901,1,14,14202,Futrono,1.0,0.0
398211001,1,14,14202,Futrono,0.0,0.0
398280201,1,14,14101,Valdivia,0.0,0.0
398280301,1,14,14101,Valdivia,0.0,0.0
398280401,1,14,14101,Valdivia,0.0,0.0
398280601,1,14,14101,Valdivia,0.0,0.0
398280701,1,14,14101,Valdivia,0.0,0.0
398280801,1,14,14101,Valdivia,0.0,0.0
398530201,1,14,14201,La Unión,0.0,0.0
398530301,1,14,14201,La Unión,0.0,0.0
398530401,1,14,14201,La Unión,0.0,0.0
398530501,1,14,14201,La Unión,0.0,0.0
398530601,1,14,14201,La Unión,0.0,0.0
398530701,1,14,14201,La Unión,0.0,0.0
398530801,1,14,14201,La Unión,0.0,0.0
400890301,1,14,14102,Corral,0.0,0.0
400890401,1,14,14102,Corral,0.0,0.0
400890501,1,14,14102,Corral,0.0,0.0
400890601,1,14,14102,Corral,,0.0
400890701,1,14,14102,Corral,0.0,0.0
400890801,1,14,14102,Corral,1.0,0.0
400890901,1,14,14102,Corral,0.0,0.0
400891001,1,14,14102,Corral,1.0,0.0
400930301,1,14,14101,Valdivia,0.0,0.0
400930701,1,14,14101,Valdivia,0.0,0.0
400930801,1,14,14101,Valdivia,0.0,0.0
401810101,1,14,14101,Valdivia,0.0,0.0
401810201,1,14,14101,Valdivia,0.0,0.0
401810601,1,14,14101,Valdivia,1.0,0.0
403430301,1,14,14106,Mariquina,0.0,0.0
403430901,1,14,14106,Mariquina,0.0,0.0
403431001,1,14,14106,Mariquina,0.0,0.0
404490101,1,14,14101,Valdivia,0.0,0.0
404490301,1,14,14101,Valdivia,0.0,0.0
404490302,1,14,14101,Valdivia,0.0,0.0
404490401,1,14,14101,Valdivia,0.0,0.0
404490501,1,14,14101,Valdivia,0.0,0.0
404490601,1,14,14101,Valdivia,0.0,0.0
404490602,1,14,14101,Valdivia,0.0,0.0
404490801,1,14,14101,Valdivia,1.0,1.0
404510101,1,14,14201,La Unión,0.0,0.0
404510201,1,14,14201,La Unión,0.0,0.0
404510301,1,14,14201,La Unión,0.0,0.0
404510401,1,14,14201,La Unión,0.0,0.0
404510501,1,14,14201,La Unión,0.0,0.0
404510601,1,14,14201,La Unión,1.0,0.0
404510801,1,14,14201,La Unión,0.0,0.0
405590101,1,14,14103,Lanco,0.0,0.0
405590201,1,14,14103,Lanco,0.0,0.0
405590301,1,14,14103,Lanco,0.0,0.0
405590501,1,14,14103,Lanco,0.0,0.0
405590601,1,14,14103,Lanco,0.0,0.0
405590701,1,14,14103,Lanco,0.0,0.0
405590801,1,14,14103,Lanco,0.0,0.0
405590901,1,14,14103,Lanco,1.0,0.0
405591001,1,14,14103,Lanco,0.0,0.0
406610301,1,14,14103,Lanco,0.0,0.0
406610401,1,14,14103,Lanco,0.0,0.0
406610501,1,14,14103,Lanco,0.0,0.0
406610601,1,14,14103,Lanco,0.0,0.0
406610701,1,14,14103,Lanco,0.0,0.0
406610801,1,14,14103,Lanco,0.0,0.0
407370101,1,14,14101,Valdivia,0.0,0.0
407370201,1,14,14101,Valdivia,0.0,0.0
407370501,1,14,14101,Valdivia,0.0,0.0
407370701,1,14,14101,Valdivia,0.0,0.0
408000101,1,14,14101,Valdivia,0.0,0.0
408000201,1,14,14101,Valdivia,0.0,0.0
408000301,1,14,14101,Valdivia,0.0,0.0
408000401,1,14,14101,Valdivia,1.0,0.0
408000501,1,14,14101,Valdivia,0.0,0.0
408000601,1,14,14101,Valdivia,0.0,0.0
408000701,1,14,14101,Valdivia,0.0,0.0
408000801,1,14,14101,Valdivia,0.0,0.0
408870301,1,14,14101,Valdivia,0.0,0.0
408870401,1,14,14101,Valdivia,0.0,0.0
408870501,1,14,14101,Valdivia,0.0,0.0
408870601,1,14,14101,Valdivia,0.0,0.0
408870801,1,14,14101,Valdivia,0.0,0.0
409650101,1,14,14101,Valdivia,0.0,0.0
409650201,1,14,14101,Valdivia,0.0,0.0
409650501,1,14,14101,Valdivia,1.0,0.0
409650601,1,14,14101,Valdivia,0.0,0.0
409770101,1,14,14105,Máfil,0.0,0.0
409770301,1,14,14105,Máfil,1.0,0.0
409770501,1,14,14105,Máfil,0.0,0.0
409770601,1,14,14105,Máfil,0.0,0.0
409770801,1,14,14105,Máfil,0.0,0.0
409770901,1,14,14105,Máfil,,0.0
409771001,1,14,14105,Máfil,0.0,0.0
409810101,1,14,14101,Valdivia,0.0,0.0
409810201,1,14,14101,Valdivia,0.0,0.0
409810301,1,14,14101,Valdivia,0.0,0.0
409810401,1,14,14101,Valdivia,0.0,0.0
409810501,1,14,14101,Valdivia,0.0,0.0
409810701,1,14,14101,Valdivia,0.0,0.0
409810801,1,14,14101,Valdivia,1.0,0.0
409811001,1,14,14101,Valdivia,0.0,0.0
411230401,1,14,14105,Máfil,0.0,0.0
411230501,1,14,14105,Máfil,0.0,0.0
411230601,1,14,14105,Máfil,0.0,0.0
411230701,1,14,14105,Máfil,1.0,1.0
411230801,1,14,14105,Máfil,0.0,0.0
411450101,1,14,14101,Valdivia,0.0,0.0
411450301,1,14,14101,Valdivia,0.0,0.0
411450401,1,14,14101,Valdivia,0.0,0.0
413040201,1,14,14203,Lago Ranco,0.0,0.0
413041001,1,14,14203,Lago Ranco,,1.0
413820201,1,14,14101,Valdivia,0.0,0.0
413820401,1,14,14101,Valdivia,1.0,0.0
413820601,1,14,14101,Valdivia,0.0,0.0
413820701,1,14,14101,Valdivia,0.0,0.0
414030101,1,14,14101,Valdivia,0.0,0.0
414030201,1,14,14101,Valdivia,0.0,0.0
414030301,1,14,14101,Valdivia,0.0,0.0
414030401,1,14,14101,Valdivia,1.0,0.0
414030501,1,14,14101,Valdivia,0.0,0.0
414030701,1,14,14101,Valdivia,1.0,0.0
414030801,1,14,14101,Valdivia,0.0,0.0
414900101,1,14,14101,Valdivia,0.0,0.0
414900201,1,14,14101,Valdivia,0.0,0.0
414900301,1,14,14101,Valdivia,0.0,0.0
414900401,1,14,14101,Valdivia,0.0,0.0
414900501,1,14,14101,Valdivia,0.0,0.0
414900601,1,14,14101,Valdivia,0.0,0.0
414900801,1,14,14101,Valdivia,0.0,0.0
414920101,1,14,14101,Valdivia,0.0,0.0
414920201,1,14,14101,Valdivia,0.0,0.0
414920301,1,14,14101,Valdivia,0.0,0.0
414920401,1,14,14101,Valdivia,0.0,0.0
414920501,1,14,14101,Valdivia,0.0,0.0
414920601,1,14,14101,Valdivia,0.0,0.0
414920801,1,14,14101,Valdivia,0.0,0.0
417170101,1,14,14101,Valdivia,0.0,0.0
417170201,1,14,14101,Valdivia,0.0,0.0
417170401,1,14,14101,Valdivia,0.0,0.0
417170501,1,14,14101,Valdivia,0.0,0.0
417170601,1,14,14101,Valdivia,0.0,0.0
417170701,1,14,14101,Valdivia,0.0,0.0
417410101,1,14,14204,Río Bueno,0.0,0.0
417410201,1,14,14204,Río Bueno,0.0,0.0
417410301,1,14,14204,Río Bueno,0.0,0.0
417410302,1,14,14204,Río Bueno,0.0,0.0
417410401,1,14,14204,Río Bueno,0.0,0.0
417410501,1,14,14204,Río Bueno,0.0,1.0
417410601,1,14,14204,Río Bueno,0.0,1.0
417410701,1,14,14204,Río Bueno,0.0,0.0
417410801,1,14,14204,Río Bueno,0.0,0.0
417430101,1,14,14101,Valdivia,0.0,0.0
417430201,1,14,14101,Valdivia,0.0,0.0
417430401,1,14,14101,Valdivia,0.0,0.0
417810201,1,14,14201,La Unión,0.0,0.0
417810301,1,14,14201,La Unión,0.0,0.0
417810501,1,14,14201,La Unión,0.0,0.0
417810701,1,14,14201,La Unión,0.0,0.0
418040101,1,14,14101,Valdivia,0.0,0.0
418040201,1,14,14101,Valdivia,0.0,0.0
418040301,1,14,14101,Valdivia,0.0,0.0
418040401,1,14,14101,Valdivia,0.0,0.0
418040501,1,14,14101,Valdivia,0.0,0.0
418040601,2,14,14101,Valdivia,0.0,0.0
418390201,1,14,14203,Lago Ranco,1.0,1.0
418390301,1,14,14203,Lago Ranco,0.0,0.0
418390401,1,14,14203,Lago Ranco,0.0,0.0
418390501,1,14,14203,Lago Ranco,0.0,0.0
418390601,1,14,14203,Lago Ranco,1.0,0.0
418390701,1,14,14203,Lago Ranco,0.0,0.0
418390801,1,14,14203,Lago Ranco,1.0,0.0
418391001,1,14,14203,Lago Ranco,0.0,0.0
418510101,1,14,14101,Valdivia,0.0,0.0
418510501,1,14,14101,Valdivia,0.0,0.0
418510701,1,14,14101,Valdivia,0.0,0.0
418510801,1,14,14101,Valdivia,,0.0
420010101,1,14,14101,Valdivia,0.0,0.0
420010201,1,14,14101,Valdivia,0.0,0.0
420010401,1,14,14101,Valdivia,0.0,0.0
420010501,1,14,14101,Valdivia,0.0,1.0
420010601,1,14,14101,Valdivia,0.0,0.0
420010801,1,14,14101,Valdivia,0.0,0.0
420090101,3,14,14101,Valdivia,1.0,0.0
420090201,1,14,14101,Valdivia,1.0,0.0
420090301,1,14,14101,Valdivia,0.0,0.0
420090401,1,14,14101,Valdivia,0.0,0.0
420090501,1,14,14101,Valdivia,0.0,0.0
420090701,1,14,14101,Valdivia,0.0,0.0
420090801,1,14,14101,Valdivia,0.0,0.0
420320201,1,14,14101,Valdivia,0.0,0.0
420320301,1,14,14101,Valdivia,0.0,0.0
420320401,1,14,14101,Valdivia,0.0,0.0
420320501,1,14,14101,Valdivia,0.0,0.0
420320601,1,14,14101,Valdivia,0.0,0.0
420320701,1,14,14101,Valdivia,0.0,0.0
420320801,1,14,14101,Valdivia,0.0,0.0
421160101,1,14,14108,Panguipulli,1.0,0.0
421160201,1,14,14108,Panguipulli,1.0,0.0
421160401,1,14,14108,Panguipulli,0.0,0.0
421160501,1,14,14108,Panguipulli,0.0,0.0
421160701,1,14,14108,Panguipulli,0.0,0.0
421160801,1,14,14108,Panguipulli,0.0,0.0
421160901,1,14,14108,Panguipulli,0.0,0.0
421440201,1,14,14202,Futrono,1.0,0.0
421440401,1,14,14202,Futrono,0.0,0.0
421440501,1,14,14202,Futrono,0.0,0.0
421440701,1,14,14202,Futrono,0.0,0.0
421440801,1,14,14202,Futrono,0.0,0.0
421680101,1,14,14101,Valdivia,0.0,0.0
421680501,1,14,14101,Valdivia,0.0,0.0
421680701,1,14,14101,Valdivia,0.0,0.0
421680801,1,14,14101,Valdivia,0.0,0.0
421960301,1,14,14101,Valdivia,0.0,0.0
421960401,1,14,14101,Valdivia,0.0,0.0
421960501,1,14,14101,Valdivia,0.0,0.0
421960701,1,14,14101,Valdivia,0.0,0.0
423330101,1,14,14202,Futrono,0.0,0.0
423330201,1,14,14202,Futrono,0.0,0.0
423330301,1,14,14202,Futrono,0.0,0.0
423330401,1,14,14202,Futrono,0.0,0.0
423330501,1,14,14202,Futrono,0.0,0.0
423330701,1,14,14202,Futrono,0.0,0.0
423330801,1,14,14202,Futrono,0.0,0.0
423900101,1,14,14108,Panguipulli,1.0,0.0
423900201,1,14,14108,Panguipulli,1.0,0.0
423900401,1,14,14108,Panguipulli,1.0,0.0
423900601,1,14,14108,Panguipulli,0.0,0.0
423900701,1,14,14108,Panguipulli,0.0,0.0
423900801,1,14,14108,Panguipulli,0.0,0.0
423900901,1,14,14108,Panguipulli,1.0,0.0
423901001,1,14,14108,Panguipulli,1.0,1.0
424200101,1,14,14201,La Unión,0.0,0.0
424200201,1,14,14201,La Unión,0.0,0.0
424200301,1,14,14201,La Unión,0.0,0.0
424200401,1,14,14201,La Unión,0.0,0.0
424200501,1,14,14201,La Unión,0.0,0.0
424200601,1,14,14201,La Unión,0.0,0.0
424200701,1,14,14201,La Unión,0.0,0.0
424200801,1,14,14201,La Unión,0.0,0.0
424730101,1,14,14108,Panguipulli,0.0,0.0
424730201,1,14,14108,Panguipulli,1.0,0.0
424730301,1,14,14108,Panguipulli,0.0,0.0
424730401,1,14,14108,Panguipulli,1.0,0.0
424730501,1,14,14108,Panguipulli,0.0,0.0
424730801,1,14,14108,Panguipulli,0.0,0.0
424730901,1,14,14108,Panguipulli,1.0,1.0
425650401,1,14,14108,Panguipulli,1.0,0.0
425650501,1,14,14108,Panguipulli,0.0,0.0
425650701,1,14,14108,Panguipulli,0.0,0.0
425650901,1,14,14108,Panguipulli,0.0,0.0
426440101,1,14,14104,Los Lagos,0.0,0.0
426440201,1,14,14104,Los Lagos,0.0,0.0
426440301,1,14,14104,Los Lagos,1.0,1.0
426440401,1,14,14104,Los Lagos,0.0,0.0
426440501,1,14,14104,Los Lagos,0.0,0.0
426440701,1,14,14104,Los Lagos,0.0,0.0
426440801,1,14,14104,Los Lagos,0.0,0.0
427580101,1,14,14101,Valdivia,0.0,0.0
427580201,2,14,14101,Valdivia,0.0,0.0
427580301,1,14,14101,Valdivia,0.0,0.0
427580401,1,14,14101,Valdivia,0.0,0.0
427580501,1,14,14101,Valdivia,0.0,0.0
427580601,1,14,14101,Valdivia,0.0,0.0
427580801,1,14,14101,Valdivia,0.0,0.0
427790101,1,14,14101,Valdivia,0.0,0.0
427790301,1,14,14101,Valdivia,0.0,0.0
427790401,2,14,14101,Valdivia,0.0,0.0
427790501,1,14,14101,Valdivia,0.0,0.0
427790601,1,14,14101,Valdivia,0.0,0.0
427790701,1,14,14101,Valdivia,0.0,0.0
427790801,1,14,14101,Valdivia,0.0,0.0
428410101,1,14,14107,Paillaco,0.0,0.0
428410301,1,14,14107,Paillaco,0.0,0.0
428410401,1,14,14107,Paillaco,0.0,0.0
428410501,1,14,14107,Paillaco,0.0,0.0
428410601,1,14,14107,Paillaco,1.0,0.0
428410701,1,14,14107,Paillaco,0.0,0.0
428410801,1,14,14107,Paillaco,0.0,0.0
428410901,1,14,14107,Paillaco,0.0,0.0
428411001,1,14,14107,Paillaco,0.0,0.0
430220301,1,14,14101,Valdivia,0.0,0.0
430220401,1,14,14101,Valdivia,0.0,0.0
430220501,1,14,14101,Valdivia,0.0,0.0
430220601,1,14,14101,Valdivia,0.0,0.0
430220701,1,14,14101,Valdivia,0.0,0.0
430430101,1,14,14101,Valdivia,0.0,0.0
430430501,1,14,14101,Valdivia,0.0,0.0
430430601,1,14,14101,Valdivia,0.0,0.0
430430701,1,14,14101,Valdivia,0.0,0.0
430940101,1,14,14108,Panguipulli,0.0,0.0
430940201,1,14,14108,Panguipulli,0.0,0.0
430940301,1,14,14108,Panguipulli,1.0,0.0
430940401,1,14,14108,Panguipulli,0.0,0.0
430940501,1,14,14108,Panguipulli,0.0,0.0
430940601,1,14,14108,Panguipulli,0.0,1.0
430940701,1,14,14108,Panguipulli,0.0,0.0
430940801,1,14,14108,Panguipulli,0.0,0.0
431210101,1,14,14101,Valdivia,0.0,0.0
431210401,1,14,14101,Valdivia,0.0,0.0
431210701,1,14,14101,Valdivia,0.0,0.0
431280201,1,14,14101,Valdivia,0.0,0.0
431280301,1,14,14101,Valdivia,0.0,0.0
431280401,1,14,14101,Valdivia,0.0,0.0
431280701,1,14,14101,Valdivia,,0.0
431280801,1,14,14101,Valdivia,0.0,0.0
431620201,1,14,14101,Valdivia,0.0,0.0
431620301,1,14,14101,Valdivia,0.0,0.0
431620501,1,14,14101,Valdivia,0.0,0.0
431620601,1,14,14101,Valdivia,0.0,0.0
431620801,1,14,14101,Valdivia,0.0,0.0
431730101,1,14,14101,Valdivia,0.0,0.0
431730201,1,14,14101,Valdivia,0.0,0.0
431730401,1,14,14101,Valdivia,0.0,0.0
431730501,1,14,14101,Valdivia,0.0,0.0
431730601,1,14,14101,Valdivia,0.0,0.0
431730801,1,14,14101,Valdivia,0.0,0.0
431980101,1,14,14101,Valdivia,0.0,0.0
431980201,1,14,14101,Valdivia,0.0,0.0
431980301,1,14,14101,Valdivia,0.0,0.0
432960101,1,14,14108,Panguipulli,0.0,0.0
432960201,1,14,14108,Panguipulli,0.0,0.0
432960301,1,14,14108,Panguipulli,0.0,0.0
432960501,1,14,14108,Panguipulli,0.0,0.0
432960601,1,14,14108,Panguipulli,0.0,0.0
432960801,1,14,14108,Panguipulli,0.0,0.0
434090201,1,14,14108,Panguipulli,0.0,0.0
434090301,1,14,14108,Panguipulli,0.0,0.0
434090401,1,14,14108,Panguipulli,0.0,0.0
434090701,1,14,14108,Panguipulli,0.0,0.0
435330201,1,14,14101,Valdivia,0.0,0.0
435330401,1,14,14101,Valdivia,1.0,0.0
435330501,1,14,14101,Valdivia,0.0,0.0
435330801,1,14,14101,Valdivia,0.0,0.0
435570201,1,14,14201,La Unión,0.0,0.0
435570301,1,14,14201,La Unión,0.0,0.0
435570401,1,14,14201,La Unión,0.0,0.0
435570501,1,14,14201,La Unión,0.0,0.0
435570601,1,14,14201,La Unión,0.0,0.0
435570701,1,14,14201,La Unión,0.0,0.0
436170101,1,14,14106,Mariquina,0.0,0.0
436170201,1,14,14106,Mariquina,0.0,0.0
436170301,1,14,14106,Mariquina,0.0,0.0
436170401,1,14,14106,Mariquina,0.0,0.0
436170501,1,14,14106,Mariquina,0.0,0.0
436170601,1,14,14106,Mariquina,0.0,0.0
436170701,1,14,14106,Mariquina,0.0,0.0
436170801,1,14,14106,Mariquina,0.0,0.0
436450101,1,14,14101,Valdivia,0.0,1.0
436450201,1,14,14101,Valdivia,0.0,0.0
436450401,1,14,14101,Valdivia,0.0,0.0
436450501,1,14,14101,Valdivia,0.0,0.0
436450601,1,14,14101,Valdivia,0.0,0.0
436450701,1,14,14101,Valdivia,0.0,0.0
436450801,1,14,14101,Valdivia,,0.0
436890101,1,14,14201,La Unión,0.0,0.0
436890201,1,14,14201,La Unión,0.0,0.0
436890301,1,14,14201,La Unión,0.0,0.0
436890401,1,14,14201,La Unión,0.0,0.0
436890601,1,14,14201,La Unión,1.0,0.0
436890701,1,14,14201,La Unión,0.0,0.0
436890801,1,14,14201,La Unión,0.0,0.0
436950101,1,14,14102,Corral,0.0,0.0
436950201,1,14,14102,Corral,0.0,0.0
436950301,1,14,14102,Corral,0.0,0.0
436950401,1,14,14102,Corral,0.0,0.0
436950501,1,14,14102,Corral,1.0,0.0
436950601,1,14,14102,Corral,0.0,0.0
436950701,1,14,14102,Corral,0.0,0.0
437090101,1,14,14201,La Unión,0.0,0.0
437090201,1,14,14201,La Unión,0.0,0.0
437090301,1,14,14201,La Unión,0.0,0.0
437090501,1,14,14201,La Unión,0.0,0.0
437090601,1,14,14201,La Unión,0.0,0.0
437090701,1,14,14201,La Unión,0.0,0.0
437090801,1,14,14201,La Unión,1.0,0.0
437780201,1,14,14204,Río Bueno,0.0,0.0
437780301,1,14,14204,Río Bueno,0.0,0.0
437780501,1,14,14204,Río Bueno,0.0,0.0
437780801,1,14,14204,Río Bueno,0.0,0.0
437780901,1,14,14204,Río Bueno,0.0,0.0
438730301,1,14,14101,Valdivia,0.0,0.0
438730401,1,14,14101,Valdivia,0.0,0.0
438730501,1,14,14101,Valdivia,0.0,0.0
438730601,1,14,14101,Valdivia,0.0,0.0
438730701,1,14,14101,Valdivia,0.0,0.0
438730801,1,14,14101,Valdivia,0.0,0.0
438730901,1,14,14101,Valdivia,1.0,0.0
438731001,1,14,14101,Valdivia,,0.0
438880101,1,14,14101,Valdivia,0.0,0.0
438880201,1,14,14101,Valdivia,1.0,0.0
438880401,1,14,14101,Valdivia,0.0,0.0
438880501,1,14,14101,Valdivia,0.0,0.0
438880601,1,14,14101,Valdivia,0.0,0.0
438880801,1,14,14101,Valdivia,1.0,0.0
439730201,1,14,14101,Valdivia,0.0,0.0
439730301,2,14,14101,Valdivia,0.0,0.0
439730401,1,14,14101,Valdivia,0.0,0.0
439730601,1,14,14101,Valdivia,0.0,0.0
439730701,1,14,14101,Valdivia,0.0,0.0
439730801,1,14,14101,Valdivia,0.0,0.0
442430101,1,14,14101,Valdivia,0.0,0.0
442430701,1,14,14101,Valdivia,0.0,0.0
442430801,1,14,14101,Valdivia,0.0,0.0
443590101,1,14,14203,Lago Ranco,1.0,0.0
443590201,1,14,14203,Lago Ranco,0.0,0.0
443590401,1,14,14203,Lago Ranco,1.0,0.0
443590501,1,14,14203,Lago Ranco,,0.0
443590601,1,14,14203,Lago Ranco,1.0,0.0
443590701,1,14,14203,Lago Ranco,0.0,0.0
443590901,1,14,14203,Lago Ranco,0.0,0.0
443591001,1,14,14203,Lago Ranco,0.0,0.0
445010101,1,14,14201,La Unión,0.0,0.0
445010201,1,14,14201,La Unión,0.0,0.0
445010301,1,14,14201,La Unión,0.0,0.0
445010401,1,14,14201,La Unión,0.0,0.0
445010501,1,14,14201,La Unión,0.0,0.0
445010601,1,14,14201,La Unión,0.0,0.0
445010701,1,14,14201,La Unión,0.0,0.0
445010801,1,14,14201,La Unión,1.0,0.0
445050101,1,14,14203,Lago Ranco,1.0,0.0
445050201,1,14,14203,Lago Ranco,0.0,0.0
445051001,1,14,14203,Lago Ranco,0.0,0.0
445110101,1,14,14202,Futrono,0.0,0.0
445110201,1,14,14202,Futrono,0.0,0.0
445110301,1,14,14202,Futrono,0.0,0.0
445110401,1,14,14202,Futrono,0.0,0.0
445110501,1,14,14202,Futrono,0.0,0.0
445110601,1,14,14202,Futrono,0.0,0.0
445110701,1,14,14202,Futrono,0.0,0.0
445110801,1,14,14202,Futrono,0.0,0.0
445830101,1,14,14204,Río Bueno,0.0,0.0
445830201,1,14,14204,Río Bueno,0.0,1.0
445830301,1,14,14204,Río Bueno,0.0,0.0
445830401,1,14,14204,Río Bueno,0.0,0.0
445830501,1,14,14204,Río Bueno,0.0,0.0
445830601,1,14,14204,Río Bueno,0.0,0.0
447080301,1,14,14103,Lanco,0.0,0.0
447080401,1,14,14103,Lanco,0.0,0.0
447080501,1,14,14103,Lanco,0.0,0.0
447080601,1,14,14103,Lanco,0.0,0.0
447080701,1,14,14103,Lanco,0.0,0.0
447080801,1,14,14103,Lanco,0.0,0.0
447080901,1,14,14103,Lanco,0.0,0.0
447110101,1,14,14103,Lanco,0.0,0.0
447110201,1,14,14103,Lanco,0.0,0.0
447110301,1,14,14103,Lanco,0.0,0.0
447110501,1,14,14103,Lanco,0.0,0.0
447110601,1,14,14103,Lanco,0.0,0.0
447110701,1,14,14103,Lanco,0.0,0.0
447230101,1,14,14108,Panguipulli,0.0,0.0
447230301,1,14,14108,Panguipulli,0.0,1.0
447230401,1,14,14108,Panguipulli,0.0,0.0
447230501,1,14,14108,Panguipulli,1.0,0.0
447230601,1,14,14108,Panguipulli,0.0,0.0
447230701,1,14,14108,Panguipulli,0.0,0.0
447230801,1,14,14108,Panguipulli,0.0,0.0
447740101,1,14,14201,La Unión,0.0,0.0
447740201,1,14,14201,La Unión,0.0,0.0
447740301,1,14,14201,La Unión,0.0,0.0
447740401,1,14,14201,La Unión,0.0,0.0
447740601,1,14,14201,La Unión,0.0,0.0
447740701,1,14,14201,La Unión,0.0,0.0
447740801,1,14,14201,La Unión,0.0,0.0
447740901,1,14,14201,La Unión,0.0,0.0
447741001,1,14,14201,La Unión,0.0,0.0
448700201,1,14,14201,La Unión,0.0,0.0
448700301,1,14,14201,La Unión,0.0,0.0
448700401,1,14,14201,La Unión,0.0,0.0
448700501,1,14,14201,La Unión,0.0,0.0
448700601,1,14,14201,La Unión,0.0,0.0
448700701,1,14,14201,La Unión,0.0,0.0
448700801,1,14,14201,La Unión,0.0,0.0
449240201,1,14,14107,Paillaco,0.0,0.0
449240301,1,14,14107,Paillaco,0.0,0.0
449240401,1,14,14107,Paillaco,0.0,0.0
449240501,1,14,14107,Paillaco,0.0,0.0
449240701,1,14,14107,Paillaco,0.0,0.0
449240801,1,14,14107,Paillaco,0.0,0.0
450020101,1,14,14101,Valdivia,0.0,0.0
450020201,1,14,14101,Valdivia,0.0,0.0
450020401,1,14,14101,Valdivia,0.0,1.0
450020501,1,14,14101,Valdivia,0.0,0.0
450020601,1,14,14101,Valdivia,0.0,0.0
450020701,1,14,14101,Valdivia,0.0,0.0
450020801,1,14,14101,Valdivia,0.0,0.0
450250101,1,14,14101,Valdivia,0.0,0.0
450250201,1,14,14101,Valdivia,0.0,0.0
450250301,1,14,14101,Valdivia,0.0,0.0
450250401,1,14,14101,Valdivia,0.0,0.0
450250601,1,14,14101,Valdivia,0.0,0.0
450250701,1,14,14101,Valdivia,0.0,0.0
450250801,1,14,14101,Valdivia,0.0,0.0
450440101,1,14,14101,Valdivia,0.0,0.0
450440201,1,14,14101,Valdivia,0.0,0.0
450440301,1,14,14101,Valdivia,0.0,0.0
450440401,1,14,14101,Valdivia,0.0,0.0
450440701,1,14,14101,Valdivia,0.0,0.0
450440801,1,14,14101,Valdivia,0.0,0.0
450810101,1,14,14204,Río Bueno,0.0,0.0
450810201,1,14,14204,Río Bueno,0.0,0.0
450810301,1,14,14204,Río Bueno,0.0,0.0
450810401,1,14,14204,Río Bueno,0.0,1.0
450810501,1,14,14204,Río Bueno,0.0,0.0
450810601,1,14,14204,Río Bueno,0.0,0.0
450810801,1,14,14204,Río Bueno,0.0,0.0
451570201,1,14,14101,Valdivia,1.0,0.0
451570301,1,14,14101,Valdivia,0.0,0.0
451570401,1,14,14101,Valdivia,0.0,0.0
451570501,1,14,14101,Valdivia,0.0,0.0
451570601,1,14,14101,Valdivia,0.0,0.0
451570801,1,14,14101,Valdivia,0.0,0.0
451840101,1,14,14101,Valdivia,0.0,0.0
451840201,1,14,14101,Valdivia,1.0,0.0
451840401,1,14,14101,Valdivia,0.0,0.0
451840501,1,14,14101,Valdivia,0.0,0.0
451840601,1,14,14101,Valdivia,0.0,0.0
451840701,1,14,14101,Valdivia,0.0,0.0
451840801,1,14,14101,Valdivia,0.0,0.0
452400101,1,14,14101,Valdivia,0.0,0.0
452400501,1,14,14101,Valdivia,0.0,0.0
452400601,1,14,14101,Valdivia,0.0,0.0
452400801,1,14,14101,Valdivia,0.0,0.0
453110301,1,14,14101,Valdivia,0.0,0.0
453170601,1,14,14101,Valdivia,0.0,0.0
453170701,1,14,14101,Valdivia,0.0,0.0
453290101,1,14,14101,Valdivia,0.0,0.0
453290201,1,14,14101,Valdivia,0.0,0.0
453290301,1,14,14101,Valdivia,0.0,0.0
453290401,1,14,14101,Valdivia,0.0,0.0
453290601,1,14,14101,Valdivia,1.0,1.0
453290701,1,14,14101,Valdivia,0.0,0.0
454040101,1,14,14101,Valdivia,,
454040201,1,14,14101,Valdivia,,0.0
454040701,2,14,14101,Valdivia,0.0,0.0
454040801,1,14,14101,Valdivia,0.0,0.0
454410101,1,14,14101,Valdivia,0.0,0.0
454410201,1,14,14101,Valdivia,0.0,0.0
454410301,1,14,14101,Valdivia,0.0,0.0
454410401,1,14,14101,Valdivia,0.0,0.0
454410501,1,14,14101,Valdivia,0.0,0.0
454410601,1,14,14101,Valdivia,0.0,0.0
454410701,1,14,14101,Valdivia,1.0,1.0
454410801,1,14,14101,Valdivia,1.0,0.0
455010101,1,14,14101,Valdivia,0.0,0.0
455010201,1,14,14101,Valdivia,1.0,0.0
455010301,1,14,14101,Valdivia,0.0,0.0
455010601,1,14,14101,Valdivia,0.0,0.0
455010701,1,14,14101,Valdivia,0.0,0.0
455010801,1,14,14101,Valdivia,0.0,0.0
455070101,1,14,14101,Valdivia,0.0,0.0
455070301,1,14,14101,Valdivia,0.0,0.0
455070601,1,14,14101,Valdivia,0.0,0.0
455070701,1,14,14101,Valdivia,0.0,0.0
455250101,1,14,14101,Valdivia,0.0,0.0
455250201,1,14,14101,Valdivia,0.0,0.0
455250301,1,14,14101,Valdivia,0.0,0.0
455250501,1,14,14101,Valdivia,0.0,0.0
455250601,1,14,14101,Valdivia,1.0,0.0
455250801,1,14,14101,Valdivia,0.0,0.0
455250901,1,14,14101,Valdivia,1.0,0.0
455251001,1,14,14101,Valdivia,0.0,1.0
456440101,1,14,14101,Valdivia,0.0,0.0
456440102,1,14,14101,Valdivia,0.0,0.0
456440301,1,14,14101,Valdivia,0.0,0.0
456440501,1,14,14101,Valdivia,0.0,0.0
456440801,1,14,14101,Valdivia,0.0,0.0
456910201,1,14,14101,Valdivia,0.0,0.0
456910601,1,14,14101,Valdivia,0.0,0.0
456910701,1,14,14101,Valdivia,0.0,0.0
456910801,1,14,14101,Valdivia,0.0,0.0
457160101,1,14,14101,Valdivia,0.0,0.0
457160201,1,14,14101,Valdivia,0.0,0.0
457160301,1,14,14101,Valdivia,0.0,0.0
457160601,1,14,14101,Valdivia,0.0,0.0
457160701,1,14,14101,Valdivia,0.0,0.0
457160801,1,14,14101,Valdivia,0.0,0.0
457760101,1,14,14101,Valdivia,0.0,0.0
457760201,1,14,14101,Valdivia,0.0,0.0
457760301,1,14,14101,Valdivia,0.0,0.0
457760501,1,14,14101,Valdivia,0.0,0.0
457760601,1,14,14101,Valdivia,0.0,0.0
457760701,1,14,14101,Valdivia,0.0,0.0
457760801,1,14,14101,Valdivia,0.0,0.0
457780101,1,14,14101,Valdivia,0.0,1.0
457780301,1,14,14101,Valdivia,0.0,0.0
457780601,1,14,14101,Valdivia,,0.0
457780701,1,14,14101,Valdivia,0.0,0.0
457780801,1,14,14101,Valdivia,1.0,0.0
458440101,1,14,14101,Valdivia,0.0,0.0
458440201,1,14,14101,Valdivia,0.0,0.0
458440301,1,14,14101,Valdivia,0.0,0.0
458440501,1,14,14101,Valdivia,0.0,0.0
458530101,1,14,14105,Máfil,0.0,0.0
458530201,1,14,14105,Máfil,0.0,0.0
458530301,1,14,14105,Máfil,0.0,0.0
458530501,1,14,14105,Máfil,1.0,0.0
458530601,1,14,14105,Máfil,0.0,0.0
458530801,1,14,14105,Máfil,0.0,0.0
473090101,1,14,14101,Valdivia,0.0,1.0
473090301,1,14,14101,Valdivia,0.0,0.0
473090501,1,14,14101,Valdivia,0.0,0.0
473090601,1,14,14101,Valdivia,0.0,0.0
473090801,1,14,14101,Valdivia,0.0,0.0
473100101,1,14,14101,Valdivia,0.0,0.0
473100201,1,14,14101,Valdivia,0.0,0.0
473100401,1,14,14101,Valdivia,0.0,0.0
473100501,1,14,14101,Valdivia,0.0,0.0
473100601,1,14,14101,Valdivia,0.0,0.0
473100701,1,14,14101,Valdivia,0.0,0.0
473110101,1,14,14101,Valdivia,0.0,0.0
473110501,1,14,14101,Valdivia,0.0,0.0
473110701,1,14,14101,Valdivia,0.0,0.0
473110801,1,14,14101,Valdivia,0.0,0.0
473120101,1,14,14101,Valdivia,1.0,0.0
473120201,1,14,14101,Valdivia,1.0,1.0
473120301,1,14,14101,Valdivia,0.0,0.0
473120501,1,14,14101,Valdivia,0.0,0.0
473120701,1,14,14101,Valdivia,0.0,0.0
473140101,1,14,14101,Valdivia,0.0,0.0
473140301,1,14,14101,Valdivia,0.0,0.0
473140401,1,14,14101,Valdivia,0.0,0.0
473140501,1,14,14101,Valdivia,0.0,0.0
473140601,1,14,14101,Valdivia,1.0,0.0
473140701,1,14,14101,Valdivia,0.0,0.0
473140801,1,14,14101,Valdivia,0.0,0.0
473160101,1,14,14101,Valdivia,0.0,0.0
473160201,1,14,14101,Valdivia,0.0,0.0
473160301,1,14,14101,Valdivia,,0.0
473160501,1,14,14101,Valdivia,0.0,0.0
473160601,1,14,14101,Valdivia,0.0,1.0
473160701,1,14,14101,Valdivia,0.0,0.0
473160801,1,14,14101,Valdivia,0.0,0.0
473170201,1,14,14101,Valdivia,0.0,0.0
473170401,1,14,14101,Valdivia,0.0,0.0
473170701,1,14,14101,Valdivia,1.0,0.0
473170801,1,14,14101,Valdivia,0.0,0.0
473180101,1,14,14101,Valdivia,0.0,0.0
473180201,1,14,14101,Valdivia,1.0,0.0
473180601,1,14,14101,Valdivia,0.0,0.0
473180701,1,14,14101,Valdivia,0.0,0.0
473190101,1,14,14101,Valdivia,0.0,0.0
473190201,1,14,14101,Valdivia,0.0,0.0
473190301,1,14,14101,Valdivia,0.0,0.0
473190401,1,14,14101,Valdivia,0.0,0.0
473190601,1,14,14101,Valdivia,0.0,0.0
473190801,1,14,14101,Valdivia,0.0,0.0
473200401,1,14,14101,Valdivia,0.0,0.0
473200501,1,14,14101,Valdivia,0.0,0.0
473200701,1,14,14101,Valdivia,0.0,0.0
473200801,1,14,14101,Valdivia,0.0,0.0
473210301,1,14,14101,Valdivia,0.0,0.0
473210401,1,14,14101,Valdivia,0.0,0.0
473210501,1,14,14101,Valdivia,0.0,0.0
473210601,1,14,14101,Valdivia,0.0,0.0
473210701,1,14,14101,Valdivia,0.0,0.0
473210801,1,14,14101,Valdivia,0.0,0.0
473250301,1,14,14103,Lanco,1.0,0.0
473250501,1,14,14103,Lanco,0.0,0.0
473250701,1,14,14103,Lanco,0.0,0.0
473250801,1,14,14103,Lanco,0.0,0.0
473280101,1,14,14105,Máfil,0.0,0.0
473280201,1,14,14105,Máfil,0.0,0.0
473280301,1,14,14105,Máfil,0.0,0.0
473280401,1,14,14105,Máfil,0.0,0.0
473280501,1,14,14105,Máfil,0.0,0.0
473280601,1,14,14105,Máfil,0.0,0.0
473280701,1,14,14105,Máfil,0.0,0.0
473280801,1,14,14105,Máfil,0.0,0.0
473290301,1,14,14106,Mariquina,1.0,1.0
473290401,1,14,14106,Mariquina,0.0,1.0
473290501,1,14,14106,Mariquina,0.0,0.0
473290601,1,14,14106,Mariquina,0.0,0.0
473290701,1,14,14106,Mariquina,1.0,0.0
473290801,1,14,14106,Mariquina,0.0,0.0
473310101,1,14,14106,Mariquina,0.0,0.0
473310201,1,14,14106,Mariquina,0.0,0.0
473310301,1,14,14106,Mariquina,0.0,0.0
473310401,1,14,14106,Mariquina,0.0,0.0
473310601,1,14,14106,Mariquina,1.0,0.0
473310701,1,14,14106,Mariquina,0.0,0.0
473310801,1,14,14106,Mariquina,1.0,0.0
473320201,1,14,14106,Mariquina,0.0,0.0
473320401,1,14,14106,Mariquina,0.0,0.0
473320701,1,14,14106,Mariquina,0.0,0.0
473330101,1,14,14106,Mariquina,0.0,0.0
473330201,1,14,14106,Mariquina,0.0,0.0
473330301,1,14,14106,Mariquina,0.0,0.0
473330401,1,14,14106,Mariquina,1.0,0.0
473330501,1,14,14106,Mariquina,0.0,0.0
473330601,1,14,14106,Mariquina,0.0,0.0
473330701,1,14,14106,Mariquina,1.0,0.0
473330801,1,14,14106,Mariquina,0.0,0.0
473350101,1,14,14107,Paillaco,0.0,0.0
473350201,1,14,14107,Paillaco,0.0,0.0
473350501,1,14,14107,Paillaco,1.0,0.0
473350601,1,14,14107,Paillaco,0.0,0.0
473350701,1,14,14107,Paillaco,0.0,0.0
473360101,1,14,14107,Paillaco,0.0,0.0
473360301,1,14,14107,Paillaco,0.0,0.0
473360401,1,14,14107,Paillaco,0.0,0.0
473360501,1,14,14107,Paillaco,0.0,0.0
473360801,1,14,14107,Paillaco,0.0,0.0
473370101,1,14,14107,Paillaco,0.0,0.0
473370201,1,14,14107,Paillaco,0.0,0.0
473370401,1,14,14107,Paillaco,0.0,0.0
473370501,1,14,14107,Paillaco,0.0,0.0
473370601,1,14,14107,Paillaco,0.0,0.0
473370701,1,14,14107,Paillaco,0.0,0.0
473370801,1,14,14107,Paillaco,0.0,0.0
473380101,1,14,14107,Paillaco,0.0,0.0
473380201,1,14,14107,Paillaco,0.0,0.0
473380301,1,14,14107,Paillaco,0.0,0.0
473380401,1,14,14107,Paillaco,0.0,0.0
473380501,1,14,14107,Paillaco,0.0,0.0
473380601,1,14,14107,Paillaco,0.0,0.0
473380701,1,14,14107,Paillaco,0.0,0.0
473380801,1,14,14107,Paillaco,0.0,0.0
473390101,1,14,14107,Paillaco,0.0,0.0
473390201,1,14,14107,Paillaco,0.0,0.0
473390301,1,14,14107,Paillaco,0.0,0.0
473390401,1,14,14107,Paillaco,0.0,0.0
473390501,1,14,14107,Paillaco,0.0,0.0
473390601,1,14,14107,Paillaco,1.0,0.0
473390701,1,14,14107,Paillaco,0.0,0.0
473390801,1,14,14107,Paillaco,0.0,0.0
473400101,1,14,14107,Paillaco,0.0,0.0
473400201,1,14,14107,Paillaco,0.0,0.0
473400301,1,14,14107,Paillaco,0.0,0.0
473400401,1,14,14107,Paillaco,0.0,0.0
473400501,1,14,14107,Paillaco,0.0,0.0
473400601,1,14,14107,Paillaco,1.0,0.0
473400701,1,14,14107,Paillaco,0.0,1.0
473400801,1,14,14107,Paillaco,0.0,1.0
473430101,1,14,14108,Panguipulli,0.0,0.0
473430201,1,14,14108,Panguipulli,0.0,0.0
473430301,1,14,14108,Panguipulli,0.0,0.0
473430401,1,14,14108,Panguipulli,0.0,0.0
473430501,1,14,14108,Panguipulli,0.0,0.0
473430601,1,14,14108,Panguipulli,0.0,0.0
473430801,1,14,14108,Panguipulli,0.0,0.0
473450201,1,14,14201,La Unión,0.0,0.0
473450401,1,14,14201,La Unión,0.0,0.0
473450501,1,14,14201,La Unión,0.0,0.0
473450601,1,14,14201,La Unión,0.0,0.0
473450701,1,14,14201,La Unión,0.0,0.0
473450801,1,14,14201,La Unión,0.0,0.0
473470101,1,14,14202,Futrono,0.0,0.0
473470201,1,14,14202,Futrono,0.0,0.0
473470601,1,14,14202,Futrono,0.0,0.0
473470701,1,14,14202,Futrono,1.0,0.0
473470801,1,14,14202,Futrono,0.0,0.0
473480101,1,14,14202,Futrono,1.0,0.0
473480301,1,14,14202,Futrono,0.0,0.0
473480501,1,14,14202,Futrono,1.0,0.0
473480601,1,14,14202,Futrono,1.0,0.0
473480901,1,14,14202,Futrono,1.0,0.0
473490101,1,14,14204,Río Bueno,0.0,0.0
473490301,1,14,14204,Río Bueno,0.0,0.0
473490501,1,14,14204,Río Bueno,0.0,0.0
473490601,1,14,14204,Río Bueno,0.0,0.0
473500101,1,14,14204,Río Bueno,0.0,0.0
473500201,1,14,14204,Río Bueno,0.0,0.0
473500301,1,14,14204,Río Bueno,0.0,0.0
473500401,1,14,14204,Río Bueno,0.0,0.0
473500501,1,14,14204,Río Bueno,0.0,0.0
473500601,1,14,14204,Río Bueno,1.0,0.0
473500701,1,14,14204,Río Bueno,0.0,0.0
473500801,1,14,14204,Río Bueno,0.0,0.0
